participant_id,age,trial_order,stimulus,response
1,39.0,1,desire,lust-longing
1,39.0,2,pregnancy,human-belly
1,39.0,3,sympathy,sorrow-understanding
1,39.0,4,destiny,future-goal
1,39.0,5,genius,clever-person
1,39.0,6,size,physical-dimensions
1,39.0,7,mix,combination-differences
1,39.0,8,operation,body-fix
1,39.0,9,promotion,job-progression
1,39.0,10,sword,mythical-tool
1,39.0,11,basis,foundation-start
1,39.0,12,breast,female-lumps
1,39.0,13,maintenance,ongoing-care
1,39.0,14,accent,distinct-dialect
1,39.0,15,label,identifying-note
1,39.0,16,inventor,ideasman
1,39.0,17,storm,weatherstark
1,39.0,18,acid,fireygel
1,39.0,19,transcript,worddings
1,39.0,20,storm,crazyair
1,39.0,21,cancer,bodylumps
1,39.0,22,colony,peopleings
1,39.0,23,pain,nastfeel
1,39.0,24,policeman,mainman
1,39.0,25,assignment,givetask
1,39.0,26,assassination,gonebang
1,39.0,27,pie,pastryum
1,39.0,28,politics,governing
1,39.0,29,opponent,foe
1,39.0,30,limb,arm
1,39.0,31,victim,abused
1,39.0,32,hunger,starving
1,39.0,33,abuse,hurt
1,39.0,34,economics,financials
1,39.0,35,shame,horrified
1,39.0,36,electronics,technology
1,39.0,37,democracy,fairness
1,39.0,38,passion,longing
1,39.0,39,hurricane,storm
1,39.0,40,decision,choice
1,39.0,41,hunting,get
1,39.0,42,conservative,moderate
1,39.0,43,charm,swarve
2,32.0,1,mining,digging
2,32.0,2,trench,ditch
2,32.0,3,payment,spend
2,32.0,4,welfare,health
2,32.0,5,romance,charming
2,32.0,6,expertise,experienced
2,32.0,7,philosopher,theorist
2,32.0,8,chaos,disorder
2,32.0,9,drain,pipe
2,32.0,10,treasure,gold
2,32.0,11,recipe,cooking
2,32.0,12,force,vigour
2,32.0,13,error,mistake
2,32.0,14,darkness,nighttime
2,32.0,15,database,table
2,32.0,16,assurance,confirmation
2,32.0,17,suicide,selfdeath
2,32.0,18,assessment,examtest
2,32.0,19,merit,earnedpraise
2,32.0,20,county,localarea
2,32.0,21,sea,bigwater
2,32.0,22,pause,briefstop
2,32.0,23,sense,sightsmell
2,32.0,24,laughter,chuckleloudly
2,32.0,25,crisis,bigproblem
2,32.0,26,victory,matchwon
2,32.0,27,effect,knockon
2,32.0,28,scent,perfumesmell
2,32.0,29,notion,selfbelief
2,32.0,30,defense,protectcountry
2,32.0,31,orientation,politicalalignment
2,32.0,32,definition,explainmeaning
2,32.0,33,innocence,guiltyno
2,32.0,34,spectrum,autismon
2,32.0,35,lecture,studeech
2,32.0,36,charity,goodonation
2,32.0,37,input,put-in
2,32.0,38,fortune,moneyfall
2,32.0,39,cartoon,kidtv
2,32.0,40,trick,untreat
2,32.0,41,intention,aimthing
2,32.0,42,battalion,fightsquad
2,32.0,43,region,fyfe
2,32.0,44,assistant,helpy
2,32.0,45,cake,fluffytaste
2,32.0,46,honesty,truthy
2,32.0,47,pension,ageoney
3,33.0,1,fear,spookees
3,33.0,2,village,littletown
3,33.0,3,criminal,lawfoe
3,33.0,4,reference,mentionback
3,33.0,5,curse,antiblessed
3,33.0,6,draft,prepairapaper
3,33.0,7,warning,bewary
3,33.0,8,illusion,mirageable
3,33.0,9,decline,antiaccept
3,33.0,10,liability,notasset
3,33.0,11,assumption,preguess
3,33.0,12,obstacle,pathblocker
3,33.0,13,regime,establishment
3,33.0,14,reach,extent
3,33.0,15,rumor,gossip
3,33.0,16,survival,abidance
3,33.0,17,sunshine,sunbeams
3,33.0,18,fuel,kindling
3,33.0,19,union,fusion
3,33.0,20,accountant,figurer
3,33.0,21,reunion,homecoming
3,33.0,22,dark,unlit
3,33.0,23,evolution,advancement
3,33.0,24,deposition,testimony
3,33.0,25,pride,ego
3,33.0,26,glow,gleam
3,33.0,27,cloth,fabric
3,33.0,28,correspondence,letter
3,33.0,29,precedent,pre-established
3,33.0,30,violence,aggressive-mode
3,33.0,31,heaven,greater-vault
3,33.0,32,flight,air-traversal
3,33.0,33,platinum,above-gold
3,33.0,34,mineral,single-ore
3,33.0,35,script,screenplay
3,33.0,36,loan,floater
3,33.0,37,community,association
3,33.0,38,understanding,grasp
3,33.0,39,experiment,test-trial
3,33.0,40,globe,layout
3,33.0,41,association,group-gang
3,33.0,42,competition,will-test
3,33.0,43,middle,betwixt
3,33.0,44,ability,apt-skill
4,44.0,1,arrangement,plan
4,44.0,2,winter,cold
4,44.0,3,process,method
4,44.0,4,conversation,chat
4,44.0,5,opposition,enemy
4,44.0,6,dragon,draco
4,44.0,7,nature,outdoors
4,44.0,8,skull,head
4,44.0,9,mistake,error
4,44.0,10,communication,connection
4,44.0,11,scenario,situation
4,44.0,12,syndrome,condition
4,44.0,13,log,branch
4,44.0,14,travel,journey
4,44.0,15,purpose,meaning
4,44.0,16,gaming,playing
4,44.0,17,performance,stageshow
4,44.0,18,purity,antisexual
4,44.0,19,cruise,boatholiday
4,44.0,20,jungle,wild-trees
4,44.0,21,danger,antisafe
4,44.0,22,price,cost-money
4,44.0,23,detail,small-embellishment
4,44.0,24,injury,ouch-hurt
4,44.0,25,practice,rehearse-again
4,44.0,26,enthusiasm,yay-keen
4,44.0,27,warrior,history-fighter
4,44.0,28,code,computerlanguage
4,44.0,29,burst,bang-pop
4,44.0,30,gravity,earth-pull
4,44.0,31,military,army-navy
4,44.0,32,analyst,serious-investigator
4,44.0,33,graduation,gotadegree
4,44.0,34,south,northyopposite
4,44.0,35,clause,santa-who-who-who
4,44.0,36,length,looooooooooooong
4,44.0,37,trade,swappityswaps
5,22.0,1,interview,mincerpew
5,22.0,2,commitment,kermantmant
5,22.0,3,explosion,kablamey
5,22.0,4,dream,sleepyzone
5,22.0,5,disaster,ohgod
5,22.0,6,conception,creatingpeople
5,22.0,7,sadness,happyopposite
5,22.0,8,access,allowedin
5,22.0,9,voyage,bonx
5,22.0,10,festival,celebrationconcert
5,22.0,11,earth,theworld
5,22.0,12,warrant,policeneeda
5,22.0,13,laboratory,dexters
5,22.0,14,regard,kind
5,22.0,15,music,earsongs
5,22.0,16,fraud,mydad
5,22.0,17,cry,tears
5,22.0,18,compassion,gentlelove
5,22.0,19,depot,removeplant
5,22.0,20,stroke,brushmoving
5,22.0,21,prisoner,jailedperson
5,22.0,22,poem,writingwords
5,22.0,23,evaluation,personjudged
5,22.0,24,oxygen,breathingair
5,22.0,25,battle,warfight
5,22.0,26,layout,restdown
5,22.0,27,example,sample
5,22.0,28,horror,scarymovie
5,22.0,29,rain,skywater
6,50.0,1,celebration,party
6,50.0,2,billion,hundred-million
6,50.0,3,steam,vapour
6,50.0,4,loss,missing
6,50.0,5,weekend,break
6,50.0,6,penny,coin
6,50.0,7,discretion,judgement
6,50.0,8,determination,dedicated
6,50.0,9,shot,drink
6,50.0,10,series,sequence
6,50.0,11,message,txt
6,50.0,12,war,conflict
6,50.0,13,department,area
6,50.0,14,win,beat
6,50.0,15,advertising,promoting
6,50.0,16,riot,fight
6,50.0,17,repair,quick-fix
6,50.0,18,homeland,mother-country
6,50.0,19,republican,right-winger
6,50.0,20,conspiracy,dubious-story
6,50.0,21,plantation,crop-growth
6,50.0,22,atmosphere,sky-space
6,50.0,23,item,general-thing
6,50.0,24,color,light-perception
6,50.0,25,toilet,feases-collector
6,50.0,26,photograph,static-image
6,50.0,27,diabetes,insulin-illness
6,50.0,28,curiosity,inquisitiveness-tendency
6,50.0,29,click,mouse-action
6,50.0,30,supply,demand-meeter
6,50.0,31,score,result-number
6,50.0,32,norm,standbehave
6,50.0,33,cruelty,crully
6,50.0,34,dance,musimove
6,50.0,35,tissue,snottycapturer
6,50.0,36,attorney,lawyery
6,50.0,37,air,breathy
6,50.0,38,beast,baddier
6,50.0,39,compliment,niceywords
6,50.0,40,revenge,gettyback
6,50.0,41,ruler,measurey
6,50.0,42,fix,mendyit
6,50.0,43,spell,wizardmagic
6,50.0,44,sentiment,feelly
6,50.0,45,impulse,spurymomentary
6,50.0,46,tobacco,smokeyplanty
7,27.0,1,hunger,foodless
7,27.0,2,guilt,blameness
7,27.0,3,storm,galeful
7,27.0,4,sword,thrustknife
7,27.0,5,assignment,workment
7,27.0,6,policeman,lawman
7,27.0,7,colony,miniland
7,27.0,8,pregnancy,foetusing
7,27.0,9,hunting,prepreying
7,27.0,10,label,tagment
7,27.0,11,abuse,hurtment
7,27.0,12,inventor,createe
7,27.0,13,genius,brainman
7,27.0,14,politics,governacy
7,27.0,15,passion,intenseful
7,27.0,16,hurricane,storm
7,27.0,17,conservative,reserved
7,27.0,18,democracy,equality
7,27.0,19,decision,agreement
7,27.0,20,storm,typhoon
7,27.0,21,promotion,advancement
7,27.0,22,opponent,rival
7,27.0,23,limb,extremity
7,27.0,24,pie,pastry
7,27.0,25,counsel,advice
7,27.0,26,assassination,elimination
7,27.0,27,destiny,fate
7,27.0,28,victim,prey
7,27.0,29,desire,want
7,27.0,30,electronics,technology
7,27.0,31,mix,jumbleblend
7,27.0,32,operation,bodycut
7,27.0,33,sympathy,indirectsad
7,27.0,34,size,big-measure
7,27.0,35,maintenance,preserve-work
7,27.0,36,transcript,speak-written
7,27.0,37,method,step-guide
7,27.0,38,acid,red-chemical
7,27.0,39,accent,voicedrawl
7,27.0,40,basis,beginplace
7,27.0,41,stretch,pullfully
7,27.0,42,breast,chestbun
7,27.0,43,charm,luck-spell
7,27.0,44,economics,wealthscience
7,27.0,45,pain,hurtfeel
8,,1,language,origin
8,,2,photographer,camera
8,,3,gold,silver
8,,4,audience,crowd
8,,5,plot,conspire
8,,6,program,instruct
8,,7,smell,odour
8,,8,snack,niblet
8,,9,minimum,least
8,,10,reaction,experiment
8,,11,email,text
8,,12,management,executive
8,,13,epic,monumental
8,,14,concentration,study
8,,15,id,recognition
8,,16,appreciation,thanks
8,,17,category,definedorder
8,,18,seizure,bodyfit
8,,19,scout,badenpowell
8,,20,obsession,badinfatuation
8,,21,gram,metricounce
8,,22,closure,endfinale
8,,23,skill,personalachievement
8,,24,intent,solepurpose
8,,25,rally,carrace
8,,26,encounter,chancemeeting
8,,27,insert,putinto
8,,28,discipline,personalcontrol
8,,29,quote,actualreference
8,,30,pattern,identifysteps
8,,31,river,flowingwater
8,,32,leap,standingjump
8,,33,strength,personalpower
8,,34,philosophy,thoughttheory
8,,35,land,planerunway
8,,36,application,phonewidget
8,,37,outlook,windowsemail
8,,38,vacation,holidayrest
8,,39,debt,owemonies
8,,40,principle,personalbelief
8,,41,creation,makesomething
8,,42,article,newspaperstory
8,,43,type,presskeyboard
9,33.0,1,mystery,unknown
9,33.0,2,reunion,found
9,33.0,3,criminal,undesirable
9,33.0,4,rumor,gossip
9,33.0,5,survival,living
9,33.0,6,platinum,shiny
9,33.0,7,curse,bad
9,33.0,8,dark,black
9,33.0,9,middle,between
9,33.0,10,cloth,rag
9,33.0,11,accountant,numbers
9,33.0,12,illusion,magician
9,33.0,13,regime,government
9,33.0,14,criticism,review
9,33.0,15,violence,hurt
9,33.0,16,fear,scared
9,33.0,17,fuel,gojuice
9,33.0,18,script,moviestory
9,33.0,19,competition,hurdgurd
9,33.0,20,liability,takeresponsibility
9,33.0,21,ability,talent
9,33.0,22,union,joinedtogether
9,33.0,23,decline,downward
9,33.0,24,correspondence,socialtapping
9,33.0,25,draft,unfinished
9,33.0,26,loan,borrow
9,33.0,27,reach,grab
9,33.0,28,sunshine,brightday
9,33.0,29,reference,watchover
9,33.0,30,village,peopleplace
9,33.0,31,globe,gobe
9,33.0,32,serial,longcode
9,33.0,33,assumption,makeup
9,33.0,34,glow,bright
9,33.0,35,experiment,testing
9,33.0,36,pride,jumpingjack
9,33.0,37,mineral,rocks
9,33.0,38,obstacle,hurdle
9,33.0,39,thief,undesirable
9,33.0,40,community,place
9,33.0,41,precedent,sethetone
9,33.0,42,warning,dangerite
9,33.0,43,understanding,reading
9,33.0,44,flight,airsurfing
9,33.0,45,evolution,changing
9,33.0,46,heaven,god
10,49.0,1,abuse,torturefun
10,49.0,2,assassination,deathbringer
10,49.0,3,pregnancy,fetusgrowth
10,49.0,4,storm,noisylightening
10,49.0,5,hunting,gunfun
10,49.0,6,size,volumeestimate
10,49.0,7,counsel,wisewords
10,49.0,8,cancer,evildisease
10,49.0,9,pie,pastryyum
10,49.0,10,genius,bigbrained
10,49.0,11,breast,boobles
10,49.0,12,miracle,minigasm
10,49.0,13,conservative,boringbod
10,49.0,14,pain,owchie
10,49.0,15,maintenance,ugbee
10,49.0,16,operation,slicslickstick
10,49.0,17,stretch,oooofmapoof
10,49.0,18,label,sticn
10,49.0,19,sympathy,awwww
10,49.0,20,assignment,gimmish
10,49.0,21,policeman,offish
10,49.0,22,shame,meesh
10,49.0,23,promotion,raise
10,49.0,24,inventor,scientist
10,49.0,25,colony,group
10,49.0,26,storm,weather
10,49.0,27,transcript,text
10,49.0,28,method,instructions
10,49.0,29,victim,abused
10,49.0,30,basis,context
10,49.0,31,opponent,contender
10,49.0,32,passion,desire
10,49.0,33,mix,collective
10,49.0,34,electronics,machine
10,49.0,35,accent,highlight
10,49.0,36,hurricane,storm
10,49.0,37,decision,conclusion
11,26.0,1,venture,persuit
11,26.0,2,prosecutor,not-defender
11,26.0,3,explosion,loud-outburst
11,26.0,4,corps,branch-army
11,26.0,5,joke,funny-story
11,26.0,6,layout,furniture-plan
11,26.0,7,fantasy,made-up-story
11,26.0,8,music,pleasant-noise
11,26.0,9,compassion,sympathetic-pity
11,26.0,10,cry,unhappy-laughing
11,26.0,11,poem,spoken-song
11,26.0,12,actress,female-actor
11,26.0,13,regard,carefulness
11,26.0,14,midnight,night-afternoon
11,26.0,15,cut,ouchie
11,26.0,16,earth,green-globe
11,26.0,17,commitment,forevers
11,26.0,18,festival,musicalfield
11,26.0,19,plastic,cancertastic
11,26.0,20,rain,skywater
11,26.0,21,conception,miraculous-life
11,26.0,22,secret,silent-gossip
11,26.0,23,reputation,invisible-record
11,26.0,24,stroke,malevolent-petting
11,26.0,25,gambling,dangerous-gaming
11,26.0,26,battle,dangerous-cuddle
11,26.0,27,example,obvious-answer
11,26.0,28,era,period
11,26.0,29,sadness,unhappiness
11,26.0,30,prisoner,captive
11,26.0,31,evaluation,judgement
11,26.0,32,laboratory,science-room
11,26.0,33,access,open
11,26.0,34,answer,response
11,26.0,35,angle,steer
11,26.0,36,warrant,justification
11,26.0,37,inconvenience,problematic
11,26.0,38,terrorist,guerrilla
11,26.0,39,oxygen,gas
11,26.0,40,depot,warehouse
11,26.0,41,dream,imaginary
11,26.0,42,voyage,journey
12,36.0,1,loan,mobray
12,36.0,2,fuel,nonks
12,36.0,3,violence,bragh
12,36.0,4,draft,flisrt
12,36.0,5,mineral,trok
12,36.0,6,evolution,glowaying
12,36.0,7,script,plorbs
12,36.0,8,platinum,claple
12,36.0,9,heaven,bup
12,36.0,10,middle,glimble
12,36.0,11,deposition,bworbs
12,36.0,12,globe,glound
12,36.0,13,understanding,buhguh
12,36.0,14,criminal,blarb
12,36.0,15,regime,grimble
12,36.0,16,precedent,plirst
12,36.0,17,warning,beware
12,36.0,18,criticism,comments
12,36.0,19,rumor,hearsay
12,36.0,20,reach,grasp
12,36.0,21,thief,burglar
12,36.0,22,reference,credentials
12,36.0,23,dark,anti-light
12,36.0,24,flight,glide
12,36.0,25,survival,live
12,36.0,26,illusion,magic
12,36.0,27,union,joining
12,36.0,28,serial,episodic
12,36.0,29,assumption,presume
12,36.0,30,experiment,test
12,36.0,31,decline,refuse
12,36.0,32,fear,terror
12,36.0,33,obstacle,singleblockage
12,36.0,34,community,socialgroup
12,36.0,35,competition,friendly-fight
12,36.0,36,reunion,join-again
12,36.0,37,correspondence,letter-writing
12,36.0,38,village,small-town
12,36.0,39,accountant,numberadder
12,36.0,40,ability,cando
12,36.0,41,glow,softlight
12,36.0,42,association,housinggroup
12,36.0,43,liability,insurancehinderance
12,36.0,44,curse,evilspell
12,36.0,45,mystery,donehow
12,36.0,46,sunshine,skylight
12,36.0,47,cloth,shirtfabric
12,36.0,48,pride,antihumility
13,23.0,1,message,text
13,23.0,2,ruler,length
13,23.0,3,color,palette
13,23.0,4,value,cost
13,23.0,5,atmosphere,stratosphere
13,23.0,6,republican,conservative
13,23.0,7,supply,source
13,23.0,8,fix,replace
13,23.0,9,diabetes,obesity
13,23.0,10,penny,pence
13,23.0,11,curiosity,inquisitiveness
13,23.0,12,compliment,praise
13,23.0,13,impulse,desire
13,23.0,14,score,point
13,23.0,15,department,section
13,23.0,16,series,tv-chapter
13,23.0,17,tobacco,tar-smoke
13,23.0,18,steam,water-droplets
13,23.0,19,win,first-victory
13,23.0,20,click,press-select
13,23.0,21,weekend,saturday-sunday
13,23.0,22,attorney,legal-representative
13,23.0,23,repair,fixer-upper
13,23.0,24,item,particular-thing
13,23.0,25,friendship,close-acquaintance
13,23.0,26,loss,remove-possession
13,23.0,27,discretion,own-autonomy
13,23.0,28,determination,willingness-action
13,23.0,29,tissue,group-cells
13,23.0,30,plantation,land-grow
13,23.0,31,norm,realies
13,23.0,32,shot,targee
13,23.0,33,photograph,pic
13,23.0,34,toilet,boggy
13,23.0,35,war,fighty
13,23.0,36,cruelty,meanee
13,23.0,37,homeland,origee
13,23.0,38,air,oxybreathe
13,23.0,39,beast,growla
13,23.0,40,conspiracy,theoree
13,23.0,41,advertising,spamedia
14,39.0,1,ability,candoey
14,39.0,2,flight,travelair
14,39.0,3,reunion,gatherback
14,39.0,4,deposition,truthdown
14,39.0,5,assumption,iamright
14,39.0,6,experiment,testit
14,39.0,7,understanding,gettit
14,39.0,8,warning,bewary
14,39.0,9,script,wordipage
14,39.0,10,globe,worldiball
14,39.0,11,liability,riskity
14,39.0,12,criticism,negwords
14,39.0,13,rumor,spokelie
14,39.0,14,evolution,development
14,39.0,15,survival,thriving
14,39.0,16,glow,perspire
14,39.0,17,fuel,energy
14,39.0,18,violence,attack
14,39.0,19,competition,rivalry
14,39.0,20,draft,attempt
14,39.0,21,middle,inbetween
14,39.0,22,association,link
14,39.0,23,dark,dingy
14,39.0,24,reach,stretch
14,39.0,25,accountant,auditor
14,39.0,26,thief,stealer
14,39.0,27,correspondence,writing
14,39.0,28,heaven,nirvana
14,39.0,29,loan,lending
14,39.0,30,union,join-together
14,39.0,31,obstacle,meet-block
14,39.0,32,platinum,ring-metal
14,39.0,33,serial,repeat-doer
14,39.0,34,community,people-hub
14,39.0,35,precedent,gonebefore
14,39.0,36,criminal,do-wrong
14,39.0,37,sunshine,orblight
14,39.0,38,reference,bringpoint
14,39.0,39,curse,speakevil
14,39.0,40,regime,plando
14,39.0,41,decline,downbad
14,39.0,42,mineral,valuerock
14,39.0,43,cloth,flexgarment
14,39.0,44,village,housefamily
14,39.0,45,mystery,notknown
15,46.0,1,victory,champwin
15,46.0,2,notion,ideought
15,46.0,3,cake,spongeat
15,46.0,4,intention,meantoit
15,46.0,5,charity,freelp
15,46.0,6,cartoon,drashow
15,46.0,7,force,pushower
15,46.0,8,welfare,helpare
15,46.0,9,suicide,selfcide
15,46.0,10,assistant,helpee
15,46.0,11,county,largarea
15,46.0,12,battalion,warmy
15,46.0,13,region,arean
15,46.0,14,payment,money
15,46.0,15,sea,ocean
15,46.0,16,laughter,chortle
15,46.0,17,sense,feeling
15,46.0,18,lecture,class
15,46.0,19,philosopher,thinker
15,46.0,20,orientation,location
15,46.0,21,defense,protection
15,46.0,22,chaos,mess
15,46.0,23,crisis,danger
15,46.0,24,definition,explanation
15,46.0,25,innocence,purity
15,46.0,26,input,enter
15,46.0,27,expertise,knowledgeable
15,46.0,28,assessment,test
15,46.0,29,effect,power
15,46.0,30,mining,digcoal
15,46.0,31,spectrum,rangeacross
15,46.0,32,terror,totalfear
15,46.0,33,pension,earnedmoney
15,46.0,34,pause,slightstop
15,46.0,35,assurance,certainpromise
15,46.0,36,fortune,muchmoney
15,46.0,37,error,innocentmistake
15,46.0,38,drain,wastetunnel
15,46.0,39,database,informationrecord
15,46.0,40,trick,misleadfun
15,46.0,41,honesty,truthreal
15,46.0,42,scent,perfumesmell
15,46.0,43,trench,dugditch
15,46.0,44,merit,ownachievement
16,56.0,1,access,entry
16,56.0,2,prisoner,convict
16,56.0,3,voyage,journey
16,56.0,4,disaster,catastrophe
16,56.0,5,compassion,sympathy
16,56.0,6,oxygen,air
16,56.0,7,prosecutor,judge
16,56.0,8,example,illustration
16,56.0,9,interview,question
16,56.0,10,rain,precipitate
16,56.0,11,stroke,pet
16,56.0,12,evaluation,consider
16,56.0,13,depot,warehouse
16,56.0,14,cut,slice
16,56.0,15,layout,plan
16,56.0,16,inconvenience,difficult
16,56.0,17,secret,notell
16,56.0,18,answer,sayreply
16,56.0,19,conception,preidea
16,56.0,20,joke,funstory
16,56.0,21,dream,sleepypicture
16,56.0,22,angle,linepoint
16,56.0,23,era,timegone
16,56.0,24,commitment,stayforever
16,56.0,25,warrant,lawpaper
16,56.0,26,poem,storyrhyme
16,56.0,27,talent,cleverway
16,56.0,28,terrorist,scareman
16,56.0,29,gambling,betgame
16,56.0,30,earth,flowerdirt
16,56.0,31,festival,partyfield
16,56.0,32,fantasy,fairydream
16,56.0,33,laboratory,chemroom
16,56.0,34,plastic,hardshine
16,56.0,35,venture,gotravel
16,56.0,36,cry,eyewater
16,56.0,37,horror,scarytime
16,56.0,38,reputation,knowways
16,56.0,39,explosion,bangup
16,56.0,40,actress,ladyperform
16,56.0,41,battle,angryfight
16,56.0,42,midnight,moonshow
16,56.0,43,regard,kindknow
16,56.0,44,music,rhythmnoise
16,56.0,45,corps,armyclub
16,56.0,46,countryside,outdoorgreen
16,56.0,47,fraud,badpretend
16,56.0,48,sadness,glumbe
17,51.0,1,example,gimply
17,51.0,2,layout,foredyke
17,51.0,3,angle,swishment
17,51.0,4,prosecutor,naugny
17,51.0,5,midnight,darklip
17,51.0,6,music,swisty
17,51.0,7,oxygen,buki
17,51.0,8,stroke,sadmi
17,51.0,9,poem,werty
17,51.0,10,reputation,juple
17,51.0,11,festival,nudty
17,51.0,12,depot,miklp
17,51.0,13,warrant,desrt
17,51.0,14,earth,ikp
17,51.0,15,compassion,fetild
17,51.0,16,commitment,midfy
17,51.0,17,battle,war
17,51.0,18,voyage,trip
17,51.0,19,disaster,terrible
17,51.0,20,horror,awful
17,51.0,21,plastic,silicone
17,51.0,22,joke,jape
17,51.0,23,dream,swish
17,51.0,24,explosion,bang
17,51.0,25,actress,dame
17,51.0,26,inconvenience,obsticle
17,51.0,27,rain,wet
17,51.0,28,interview,chat
17,51.0,29,talent,skill
17,51.0,30,regard,look
17,51.0,31,gambling,betting
17,51.0,32,corps,die
17,51.0,33,countryside,greenway
17,51.0,34,conception,boygirl
17,51.0,35,fraud,naughtyness
17,51.0,36,answer,correctversion
17,51.0,37,venture,newhope
17,51.0,38,era,newalbum
17,51.0,39,prisoner,behindbars
17,51.0,40,laboratory,sciencepod
17,51.0,41,fantasy,farout
17,51.0,42,sadness,unhappyperson
17,51.0,43,access,getin
17,51.0,44,evaluation,getinformation
17,51.0,45,terrorist,naughtyperson
17,51.0,46,cry,weteyes
17,51.0,47,cut,makemark
18,24.0,1,pain,oweee
18,24.0,2,democracy,fairs
18,24.0,3,hunting,nabbing
18,24.0,4,desire,wishness
18,24.0,5,assassination,deadnow
18,24.0,6,decision,quizzly
18,24.0,7,guilt,mybad
18,24.0,8,method,rulefollower
18,24.0,9,assignment,taskin
18,24.0,10,storm,skywar
18,24.0,11,stretch,musclemove
18,24.0,12,acid,badliquid
18,24.0,13,pie,pastrypudding
18,24.0,14,destiny,meantobe
18,24.0,15,economics,mathnumbers
18,24.0,16,miracle,unexpected
18,24.0,17,counsel,support
18,24.0,18,maintenance,handyman
18,24.0,19,policeman,bobby
18,24.0,20,passion,hobby
18,24.0,21,breast,boob
18,24.0,22,accent,speech
18,24.0,23,operation,procedure
18,24.0,24,cancer,bigc
18,24.0,25,victim,vulnerable
18,24.0,26,label,sticky
18,24.0,27,basis,base
18,24.0,28,limb,joint
18,24.0,29,conservative,leaders
18,24.0,30,promotion,progression
18,24.0,31,hurricane,storm
18,24.0,32,sympathy,emphasise-pity
18,24.0,33,abuse,domestic-crime
18,24.0,34,storm,thunder-lightning
18,24.0,35,inventor,creative-scientist
18,24.0,36,hunger,starving-food
18,24.0,37,politics,government-parties
18,24.0,38,size,big-small
18,24.0,39,charm,complimentary-sweet
18,24.0,40,opponent,opposition-challenge
18,24.0,41,colony,unsure-unsure
18,24.0,42,shame,bad-guilty
18,24.0,43,transcript,writing-speech
18,24.0,44,genius,smart-clever
18,24.0,45,mix,bundle-jumble
18,24.0,46,pregnancy,baby-mother
18,24.0,47,sword,fight-armour
19,27.0,1,script,actorbook
19,27.0,2,dark,daint
19,27.0,3,heaven,skyness
19,27.0,4,platinum,creduled
19,27.0,5,flight,wingulf
19,27.0,6,middle,umpto
19,27.0,7,union,loctor
19,27.0,8,glow,orbulate
19,27.0,9,loan,grabbees
19,27.0,10,thief,poppler
19,27.0,11,serial,multiple
19,27.0,12,warning,alert
19,27.0,13,cloth,fabric
19,27.0,14,reunion,re-meeting
19,27.0,15,correspondence,communications
19,27.0,16,assumption,presumption
19,27.0,17,survival,living
19,27.0,18,association,related
19,27.0,19,deposition,statement
19,27.0,20,competition,game
19,27.0,21,accountant,financier
19,27.0,22,obstacle,challenge
19,27.0,23,decline,fall
19,27.0,24,curse,tainted
19,27.0,25,experiment,test
19,27.0,26,reference,relationship
19,27.0,27,criticism,mean-compliment
19,27.0,28,draft,test-final
19,27.0,29,precedent,ultimate-best
19,27.0,30,reach,get-highest
19,27.0,31,liability,unreliable-property
19,27.0,32,fuel,car-power
19,27.0,33,village,little-city
19,27.0,34,criminal,unlawful-folk
19,27.0,35,pride,non-ashamed
19,27.0,36,illusion,false-transparency
19,27.0,37,globe,world-orb
19,27.0,38,evolution,organism-growth
19,27.0,39,rumor,whisper-chats
19,27.0,40,violence,weapon-dances
20,24.0,1,romance,love
20,24.0,2,treasure,gold
20,24.0,3,recipe,baking
20,24.0,4,assessment,exam
20,24.0,5,crisis,disaster
20,24.0,6,scent,smell
20,24.0,7,pause,wait
20,24.0,8,victory,wins
20,24.0,9,payment,cheque
20,24.0,10,fortune,riches
20,24.0,11,sense,clear
20,24.0,12,spectrum,neurodiverse
20,24.0,13,darkness,night
20,24.0,14,definition,meaning
20,24.0,15,defense,protect
20,24.0,16,assistant,secretary
20,24.0,17,trick,magic-act
20,24.0,18,welfare,government-help
20,24.0,19,terror,bigscare
20,24.0,20,effect,afterstuff
20,24.0,21,input,gowire
20,24.0,22,assurance,protecting-things
20,24.0,23,mining,golddigging
20,24.0,24,cake,baked-batter
20,24.0,25,lecture,unitalks
20,24.0,26,suicide,self-death
20,24.0,27,merit,goldstar
20,24.0,28,sea,small-ocean
20,24.0,29,force,violentpush
20,24.0,30,honesty,truthtelling
20,24.0,31,battalion,armygroups
20,24.0,32,error,whoopsing
20,24.0,33,philosopher,lifer
20,24.0,34,orientation,intropack
20,24.0,35,region,mination
20,24.0,36,pension,potsave
20,24.0,37,database,formusheet
20,24.0,38,drain,pipegusher
20,24.0,39,county,ukarea
20,24.0,40,laughter,giggchuck
20,24.0,41,intention,dofor
20,24.0,42,notion,beliefing
20,24.0,43,trench,wardiggo
20,24.0,44,innocence,babbrain
20,24.0,45,chaos,crazing
21,34.0,1,fortune,moneyness
21,34.0,2,lecture,talkteach
21,34.0,3,charity,moneyhelp
21,34.0,4,welfare,moneybridge
21,34.0,5,merit,owngoods
21,34.0,6,chaos,anti-ordered
21,34.0,7,innocence,freshmind
21,34.0,8,assistant,helpingperson
21,34.0,9,county,biggerhome
21,34.0,10,intention,plannedaim
21,34.0,11,battalion,fightinggroup
21,34.0,12,trick,anti-treat
21,34.0,13,expertise,advancedskill
21,34.0,14,recipe,foodinstructions
21,34.0,15,romance,lovestory
21,34.0,16,suicide,choosedeath
21,34.0,17,mining,coaldigging
21,34.0,18,trench,muddhole
21,34.0,19,pause,middlestop
21,34.0,20,defense,protectoring
21,34.0,21,error,wrongcident
21,34.0,22,laughter,gigglespout
21,34.0,23,spectrum,rangecolour
21,34.0,24,assessment,remembertest
21,34.0,25,orientation,mapway
21,34.0,26,crisis,blowup
21,34.0,27,drain,energiless
21,34.0,28,pension,agewage
21,34.0,29,notion,ideaicle
21,34.0,30,honesty,truthiness
21,34.0,31,region,area
21,34.0,32,effect,outcome
21,34.0,33,darkness,blackness
21,34.0,34,terror,fear
21,34.0,35,cake,gateau
21,34.0,36,sea,ocean
21,34.0,37,payment,deposit
21,34.0,38,force,strength
21,34.0,39,treasure,cherish
21,34.0,40,philosopher,thinker
21,34.0,41,definition,meaning
21,34.0,42,cartoon,illustration
21,34.0,43,assurance,resolve
21,34.0,44,sense,feeling
21,34.0,45,input,plugin
21,34.0,46,victory,win
22,40.0,1,operation,injurysurgery
22,40.0,2,policeman,unicopmale
22,40.0,3,cancer,celldeath
22,40.0,4,hurricane,windastrophe
22,40.0,5,basis,startthing
22,40.0,6,passion,crimsove
22,40.0,7,pie,fruitytry
22,40.0,8,stretch,muscleove
22,40.0,9,decision,mindmakeup
22,40.0,10,sword,metadeat
22,40.0,11,mix,combix
22,40.0,12,hunting,shooting
22,40.0,13,charm,allure
22,40.0,14,colony,settlement
22,40.0,15,destiny,future
22,40.0,16,opponent,competitor
22,40.0,17,democracy,politics
22,40.0,18,maintenance,upkeep
22,40.0,19,storm,lightening
22,40.0,20,conservative,careful
22,40.0,21,miracle,impossible
22,40.0,22,victim,abused
22,40.0,23,genius,einstien
22,40.0,24,acid,ph
22,40.0,25,sympathy,caring
22,40.0,26,desire,want
22,40.0,27,economics,monetary
22,40.0,28,storm,badweather
22,40.0,29,size,howbig
22,40.0,30,counsel,helpthoughts
22,40.0,31,inventor,makesthings
22,40.0,32,assassination,killedshot
22,40.0,33,electronics,technologyitems
22,40.0,34,promotion,jobprogression
22,40.0,35,pregnancy,carrybaby
22,40.0,36,assignment,todo
22,40.0,37,label,onpackaging
22,40.0,38,abuse,treatedillegally
22,40.0,39,hunger,needfood
22,40.0,40,transcript,degreelist
22,40.0,41,guilt,feelsorry
22,40.0,42,pain,hurtsbody
23,21.0,1,grief,sadness
23,21.0,2,role,position
23,21.0,3,employment,working
23,21.0,4,slavery,abuse
23,21.0,5,lottery,jackpot
23,21.0,6,truth,honest
23,21.0,7,insurance,safety
23,21.0,8,journey,travel
23,21.0,9,holiday,holibobs
23,21.0,10,attraction,allure
23,21.0,11,dialogue,speech
23,21.0,12,leadership,control
23,21.0,13,meantime,meanwhile
23,21.0,14,feeling,emotion
23,21.0,15,stone,rock
23,21.0,16,state,position
23,21.0,17,violation,breaking-rule
23,21.0,18,temptation,urge-taking
23,21.0,19,excitement,giddy-happy
23,21.0,20,noon,mid-day
23,21.0,21,instruction,rule-recipe
23,21.0,22,nose,face-bump
23,21.0,23,hatred,non-love
23,21.0,24,slave,forced-labor
23,21.0,25,argument,unhappy-conversation
23,21.0,26,cargo,ship-luggage
23,21.0,27,puppet,hand-body
23,21.0,28,total,full-amount
23,21.0,29,investigation,searching-information
23,21.0,30,murder,person-kill
23,21.0,31,quarter,half-half
23,21.0,32,author,book-writer
23,21.0,33,cheer,whoopwhoopsies
23,21.0,34,frustration,angryemotions
23,21.0,35,perfection,perfperf
23,21.0,36,submarine,underwatercar
23,21.0,37,entertainment,entertaininess
23,21.0,38,receipt,listibought
23,21.0,39,freezing,supacold
23,21.0,40,printing,printprint
23,21.0,41,mention,tosay
23,21.0,42,aggression,supaangry
24,38.0,1,sentiment,feeling
24,38.0,2,homeland,nation
24,38.0,3,toilet,loo
24,38.0,4,republican,trump
24,38.0,5,color,red
24,38.0,6,supply,provide
24,38.0,7,beast,beauty
24,38.0,8,message,information
24,38.0,9,plantation,land
24,38.0,10,impulse,immediate
24,38.0,11,photograph,picture
24,38.0,12,curiosity,interest
24,38.0,13,click,tap
24,38.0,14,steam,boil
24,38.0,15,loss,misplace
24,38.0,16,score,goal
24,38.0,17,series,grouptogether
24,38.0,18,war,fightland
24,38.0,19,norm,usualstuff
24,38.0,20,atmosphere,abovesky
24,38.0,21,fix,medit
24,38.0,22,tobacco,smokerstool
24,38.0,23,weekend,partydays
24,38.0,24,air,breathingox
24,38.0,25,celebration,partytime
24,38.0,26,conspiracy,covidiot
24,38.0,27,cruelty,againstthings
24,38.0,28,item,atomproduct
24,38.0,29,revenge,ownback
24,38.0,30,determination,readysucceed
24,38.0,31,repair,mendit
24,38.0,32,shot,bangz
24,38.0,33,penny,litcoin
24,38.0,34,tissue,snotrag
24,38.0,35,discretion,uptoyous
24,38.0,36,spell,witchwoo
24,38.0,37,diabetes,sugahi
24,38.0,38,ruler,countpole
24,38.0,39,attorney,lawgod
24,38.0,40,dance,momusic
24,38.0,41,riot,crowdrun
24,38.0,42,department,bussect
24,38.0,43,value,amoite
24,38.0,44,billion,manymanymoney
24,38.0,45,win,wohoo
24,38.0,46,friendship,bezzie
24,38.0,47,advertising,pursel
25,57.0,1,penny,teensycoin
25,57.0,2,attorney,lawman
25,57.0,3,supply,meetdemand
25,57.0,4,steam,watergas
25,57.0,5,dance,joyjig
25,57.0,6,sentiment,feelthought
25,57.0,7,repair,newymake
25,57.0,8,score,goalsyget
25,57.0,9,fix,datesettle
25,57.0,10,air,breathygas
25,57.0,11,riot,rampage
25,57.0,12,color,hue
25,57.0,13,ruler,monarch
25,57.0,14,tobacco,nicotine
25,57.0,15,celebration,festivity
25,57.0,16,win,triumph
25,57.0,17,beast,monster
25,57.0,18,weekend,days-off
25,57.0,19,department,section
25,57.0,20,curiosity,inquisitiveness
25,57.0,21,republican,conservative
25,57.0,22,norm,usual
25,57.0,23,photograph,snapshot
25,57.0,24,message,note
25,57.0,25,conspiracy,plot
25,57.0,26,atmosphere,ambience
25,57.0,27,war,countries-fight
25,57.0,28,toilet,poo-bin
25,57.0,29,loss,gone-thing
25,57.0,30,compliment,flatterysaying
25,57.0,31,cruelty,consciousmeanness
25,57.0,32,value,costworth
25,57.0,33,click,snapnoise
25,57.0,34,advertising,sellingpublicity
25,57.0,35,homeland,mothercountry
25,57.0,36,impulse,spontaneousfeeling
25,57.0,37,friendship,comfortableconnection
25,57.0,38,series,manyinstallments
25,57.0,39,item,onething
25,57.0,40,diabetes,sugardisease
26,39.0,1,breast,chestballs
26,39.0,2,size,howbig
26,39.0,3,shame,embarrass-feeling
26,39.0,4,politics,electing-governing
26,39.0,5,passion,greatestlove
26,39.0,6,desire,want-now
26,39.0,7,genius,big-brain
26,39.0,8,hurricane,destroying-wind
26,39.0,9,hunger,empty-tummy
26,39.0,10,pregnancy,baby-cooking
26,39.0,11,inventor,crazy-creator
26,39.0,12,transcript,writtendialogue
26,39.0,13,pie,pastrytub
26,39.0,14,storm,roof-ripper
26,39.0,15,sword,metalver
26,39.0,16,acid,ouchyfluid
26,39.0,17,promotion,jobupper
26,39.0,18,guilt,dunitwrong
26,39.0,19,limb,torsodanglen
26,39.0,20,cancer,rangletumour
26,39.0,21,opponent,antigainst
26,39.0,22,destiny,happifate
26,39.0,23,electronics,computers
26,39.0,24,counsel,advice
26,39.0,25,mix,stir
26,39.0,26,colony,group
26,39.0,27,operation,surgery
26,39.0,28,abuse,violence
26,39.0,29,method,process
26,39.0,30,pain,agony
26,39.0,31,maintenance,care
26,39.0,32,basis,foundation
26,39.0,33,decision,choice
26,39.0,34,assignment,essay
26,39.0,35,assassination,murder
26,39.0,36,conservative,traditional
26,39.0,37,victim,sufferer
26,39.0,38,economics,finance
27,43.0,1,stone,rock
27,43.0,2,murder,homicide
27,43.0,3,frustration,tiresome
27,43.0,4,wit,humour
27,43.0,5,dialogue,text
27,43.0,6,argument,quarel
27,43.0,7,aggression,anger
27,43.0,8,freezing,cold
27,43.0,9,shortage,low
27,43.0,10,noon,midday
27,43.0,11,investigation,query
27,43.0,12,feeling,emotion
27,43.0,13,grief,sadness
27,43.0,14,slave,prisoner
27,43.0,15,journey,travelling
27,43.0,16,attraction,towards
27,43.0,17,slavery,prison-work
27,43.0,18,puppet,string-person
27,43.0,19,quarter,half-half
27,43.0,20,truth,non-lie
27,43.0,21,printing,paper-words
27,43.0,22,boyfriend,gay-lover
27,43.0,23,entertainment,film-fun
27,43.0,24,hatred,anti-love
27,43.0,25,instruction,how-to
27,43.0,26,meantime,sideways-event
27,43.0,27,collapse,fall-flat
27,43.0,28,total,sum-of
27,43.0,29,cargo,ship-stuff
27,43.0,30,violation,used-abused
27,43.0,31,expression,feeling-talk
27,43.0,32,gateway,car-through
27,43.0,33,holiday,awayday
27,43.0,34,role,paypart
27,43.0,35,state,map-place
27,43.0,36,insurance,moneytalk
27,43.0,37,mention,talkabout
27,43.0,38,receipt,paper-til
27,43.0,39,submarine,underwaterboat
27,43.0,40,nose,snot-vessel
27,43.0,41,employment,pay-slave
27,43.0,42,temptation,devil-talking
27,43.0,43,excitement,happy-face
27,43.0,44,cheer,yippies
27,43.0,45,author,writerer
28,28.0,1,military,army
28,28.0,2,scenario,synopsis
28,28.0,3,album,cd
28,28.0,4,gaming,geek
28,28.0,5,forum,meeting
28,28.0,6,mistake,incorrect
28,28.0,7,syndrome,condition
28,28.0,8,territory,ownership
28,28.0,9,cruise,holiday
28,28.0,10,graduation,ceremony
28,28.0,11,arrangement,agreement
28,28.0,12,parliament,head
28,28.0,13,injury,pain
28,28.0,14,length,long
28,28.0,15,purity,zen
28,28.0,16,clause,meaning
28,28.0,17,trade,shopkeeper
28,28.0,18,communication,talkingalot
28,28.0,19,dragon,scaleyanimal
28,28.0,20,process,visionboard
28,28.0,21,code,numericconversation
28,28.0,22,opposition,nonsimilar
28,28.0,23,coal,blackrocks
28,28.0,24,trip,dayout
28,28.0,25,seminar,meetinglecture
28,28.0,26,log,digitalfootprint
28,28.0,27,jungle,treesaround
28,28.0,28,danger,alertred
28,28.0,29,winter,nonsummer
28,28.0,30,conversation,communicationverbally
28,28.0,31,loyalty,sameteam
28,28.0,32,nature,narsirt
28,28.0,33,symbol,pourts
28,28.0,34,practice,gourther
28,28.0,35,refuge,moulert
28,28.0,36,south,frowwner
28,28.0,37,burst,wotert
28,28.0,38,gravity,chloers
28,28.0,39,warrior,shourts
28,28.0,40,skull,oxygerts
28,28.0,41,analyst,aworkts
28,28.0,42,travel,vourer
28,28.0,43,performance,lirtsrt
28,28.0,44,purpose,ofurth
28,28.0,45,branch,clourhts
29,44.0,1,dance,boogie
29,44.0,2,diabetes,insulin-dependent
29,44.0,3,war,conflict
29,44.0,4,compliment,praise
29,44.0,5,advertising,marketing
29,44.0,6,fix,mend
29,44.0,7,item,object
29,44.0,8,beast,animal
29,44.0,9,plantation,farm
29,44.0,10,revenge,retribution
29,44.0,11,spell,recipe
29,44.0,12,win,triumph
29,44.0,13,tobacco,cigarette
29,44.0,14,billion,multi-million
29,44.0,15,color,hue
29,44.0,16,penny,onecoin
29,44.0,17,sentiment,feelemotion
29,44.0,18,celebration,achievementparty
29,44.0,19,republican,statesupporter
29,44.0,20,shot,bullethit
29,44.0,21,air,breathegas
29,44.0,22,supply,giveprocess
29,44.0,23,riot,conflictparty
29,44.0,24,curiosity,nosyparker
29,44.0,25,atmosphere,highair
29,44.0,26,message,wordshare
29,44.0,27,loss,notwin
29,44.0,28,value,objectworth
29,44.0,29,impulse,urrgee
29,44.0,30,steam,watebubs
29,44.0,31,click,cleeclack
29,44.0,32,norm,meaveran
29,44.0,33,score,pointingain
29,44.0,34,photograph,picamage
29,44.0,35,attorney,lawser
29,44.0,36,cruelty,meanee
29,44.0,37,department,secteam
29,44.0,38,weekend,sdays
29,44.0,39,homeland,birthtry
29,44.0,40,ruler,plastimeasure
29,44.0,41,discretion,offencavoid
29,44.0,42,repair,fixee
30,42.0,1,email,webletter
30,42.0,2,audience,shiewers
30,42.0,3,tomb,corpsville
30,42.0,4,pattern,repeshape
30,42.0,5,encounter,meetime
30,42.0,6,minimum,lowmit
30,42.0,7,commission,besporate
30,42.0,8,management,operage
30,42.0,9,philosophy,braindom
30,42.0,10,application,formage
30,42.0,11,id,indispec
30,42.0,12,discipline,missiglyn
30,42.0,13,gram,babweig
30,42.0,14,epic,momenwow
30,42.0,15,rally,martchi
30,42.0,16,skill,attrige
30,42.0,17,category,option
30,42.0,18,program,code
30,42.0,19,principle,moral
30,42.0,20,extreme,catastrophic
30,42.0,21,leap,jump
30,42.0,22,plot,scheme
30,42.0,23,closure,cessation
30,42.0,24,programming,coding
30,42.0,25,article,journal
30,42.0,26,concentration,focus
30,42.0,27,intent,motivation
30,42.0,28,debt,loan
30,42.0,29,smell,sniff
30,42.0,30,insert,install
30,42.0,31,river,waterway
30,42.0,32,language,diction
30,42.0,33,seizure,shakebody
30,42.0,34,gold,midasvalue
30,42.0,35,obsession,fanatichobby
30,42.0,36,creation,madeoriginal
30,42.0,37,type,keyswrite
30,42.0,38,snack,nibblefood
30,42.0,39,quote,priceestimate
30,42.0,40,strength,musclemeasure
30,42.0,41,outlook,forecastview
30,42.0,42,smoke,burncloud
30,42.0,43,scout,campfireboy
30,42.0,44,photographer,cameraholder
30,42.0,45,vacation,holidaytrip
30,42.0,46,land,notsea
30,42.0,47,appreciation,gratefullove
31,46.0,1,warrant,debt-arrest
31,46.0,2,battle,war-armour
31,46.0,3,voyage,journeys
31,46.0,4,midnight,starmoon
31,46.0,5,secret,discreat
31,46.0,6,reputation,upstanding
31,46.0,7,layout,scenery
31,46.0,8,countryside,priorey
31,46.0,9,disaster,damming
31,46.0,10,poem,rhymes
31,46.0,11,plastic,hardened
31,46.0,12,gambling,wagers
31,46.0,13,talent,scout
31,46.0,14,earth,wordly
31,46.0,15,laboratory,labtech
31,46.0,16,interview,meetviews
31,46.0,17,sadness,cryells
31,46.0,18,example,hinters
31,46.0,19,prisoner,inmateboy
31,46.0,20,era,yeearr
31,46.0,21,access,opeabling
31,46.0,22,conception,ideables
31,46.0,23,stroke,feelingables
31,46.0,24,terrorist,disgustaman
31,46.0,25,venture,trip
31,46.0,26,compassion,thoughful
31,46.0,27,rain,pouring
31,46.0,28,fraud,illegal
31,46.0,29,dream,thoughts
31,46.0,30,answer,response
31,46.0,31,explosion,eruption
31,46.0,32,depot,place
31,46.0,33,fantasy,exotic
31,46.0,34,prosecutor,lawyer
31,46.0,35,cut,wound
31,46.0,36,regard,for
31,46.0,37,cry,sob
31,46.0,38,oxygen,air
31,46.0,39,evaluation,test
31,46.0,40,corps,body
32,36.0,1,warning,dangerlarm
32,36.0,2,union,politicollective
32,36.0,3,illusion,seemirage
32,36.0,4,loan,lendsum
32,36.0,5,draft,prewrite
32,36.0,6,accountant,moneychecker
32,36.0,7,heaven,angelhome
32,36.0,8,reunion,apartend
32,36.0,9,evolution,progressgrowth
32,36.0,10,mineral,rockvaluable
32,36.0,11,violence,angerlash
32,36.0,12,decline,acceptnot
32,36.0,13,experiment,theorytest
32,36.0,14,dark,nolight
32,36.0,15,competition,prizeevent
32,36.0,16,fuel,heatwer
32,36.0,17,ability,skillent
32,36.0,18,cloth,woveric
32,36.0,19,thief,stealee
32,36.0,20,association,linktion
32,36.0,21,obstacle,forblock
32,36.0,22,glow,lightidark
32,36.0,23,curse,voodoo
32,36.0,24,middle,between
32,36.0,25,globe,atlas
32,36.0,26,script,screenplay
32,36.0,27,regime,rulers
32,36.0,28,criticism,disapproval
32,36.0,29,village,rural
32,36.0,30,community,group
32,36.0,31,correspondence,letters
32,36.0,32,criminal,convict
32,36.0,33,serial,series
32,36.0,34,flight,soar
32,36.0,35,fear,scared
32,36.0,36,reach,grasp
32,36.0,37,assumption,arrogance
32,36.0,38,understanding,knowing
33,49.0,1,discipline,taskcontrol
33,49.0,2,rally,groupmeet
33,49.0,3,tomb,cavegrave
33,49.0,4,quote,wassaid
33,49.0,5,closure,shut-off
33,49.0,6,gram,deciweight
33,49.0,7,appreciation,gratefulness
33,49.0,8,management,leadergroup
33,49.0,9,epic,megagood
33,49.0,10,audience,show-watchers
33,49.0,11,debt,owedamount
33,49.0,12,gold,topmedal
33,49.0,13,obsession,overinto
33,49.0,14,reaction,takeitin
33,49.0,15,photographer,picturetaker
33,49.0,16,smoke,firecloud
33,49.0,17,encounter,happenation
33,49.0,18,category,classifer
33,49.0,19,id,manifaction
33,49.0,20,skill,transpick
33,49.0,21,minimum,lowerest
33,49.0,22,creation,inventication
33,49.0,23,principle,toppest
33,49.0,24,program,compulingo
33,49.0,25,application,usion
33,49.0,26,land,grounsoil
33,49.0,27,type,keywrit
33,49.0,28,scout,searchion
33,49.0,29,plot,schemation
33,49.0,30,outlook,vistion
33,49.0,31,language,speech
33,49.0,32,email,message
33,49.0,33,snack,bite
33,49.0,34,intent,objective
33,49.0,35,leap,jump
33,49.0,36,vacation,holiday
33,49.0,37,river,stream
33,49.0,38,programming,inputting
33,49.0,39,philosophy,outlook
33,49.0,40,pattern,grouping
33,49.0,41,insert,interject
33,49.0,42,seizure,fit
33,49.0,43,strength,power
33,49.0,44,concentration,density
33,49.0,45,article,object
33,49.0,46,commission,payment
34,72.0,1,romance,chocofleur
34,72.0,2,drain,liquiddump
34,72.0,3,battalion,swataleo
34,72.0,4,assistant,aider
34,72.0,5,notion,whimmer
34,72.0,6,error,oopsie
34,72.0,7,suicide,offself
34,72.0,8,county,numbersy
34,72.0,9,assurance,supportance
34,72.0,10,lecture,proftalk
34,72.0,11,cartoon,autofix
34,72.0,12,darkness,nolight
34,72.0,13,force,compellage
34,72.0,14,definition,leximean
34,72.0,15,philosopher,guru
34,72.0,16,effect,result
34,72.0,17,defense,protection
34,72.0,18,trick,bamboozle
34,72.0,19,sea,ocean
34,72.0,20,treasure,trove
34,72.0,21,trench,ditch
34,72.0,22,chaos,maelstrom
34,72.0,23,crisis,emergency
34,72.0,24,terror,fear
34,72.0,25,expertise,skill
34,72.0,26,mining,extracting
34,72.0,27,spectrum,panoply
34,72.0,28,fortune,windfall
34,72.0,29,payment,settlement
34,72.0,30,charity,benevolence
34,72.0,31,region,areasite
34,72.0,32,orientation,placeadjustment
34,72.0,33,database,filepile
34,72.0,34,honesty,franktruth
34,72.0,35,scent,smellie
34,72.0,36,input,addit
34,72.0,37,victory,triumphory
34,72.0,38,innocence,blamelessness
34,72.0,39,laughter,chuckleter
34,72.0,40,cake,dolcedough
34,72.0,41,welfare,freebiegov
34,72.0,42,pause,sshstop
35,33.0,1,expertise,knowlegise
35,33.0,2,lecture,edutalk
35,33.0,3,payment,moneytrans
35,33.0,4,orientation,relaposition
35,33.0,5,suicide,murderself
35,33.0,6,philosopher,prothinker
35,33.0,7,treasure,secretfind
35,33.0,8,notion,myidea
35,33.0,9,error,nowright
35,33.0,10,county,countryregion
35,33.0,11,fortune,uberwealth
35,33.0,12,terror,realscared
35,33.0,13,scent,fancysmell
35,33.0,14,input,insert
35,33.0,15,pause,break
35,33.0,16,assistant,helper
35,33.0,17,trench,ditch
35,33.0,18,region,area
35,33.0,19,laughter,giggling
35,33.0,20,romance,love
35,33.0,21,intention,objective
35,33.0,22,assurance,guarantee
35,33.0,23,sea,ocean
35,33.0,24,chaos,crazy
35,33.0,25,cartoon,animation
35,33.0,26,effect,outcome
35,33.0,27,mining,digging
35,33.0,28,spectrum,whole
35,33.0,29,merit,award
35,33.0,30,trick,magicperformance
35,33.0,31,crisis,crazybreakdown
35,33.0,32,drain,sewagehole
35,33.0,33,defense,antiattack
35,33.0,34,definition,themeaning
35,33.0,35,victory,antidefeat
35,33.0,36,darkness,sunlightgoes
35,33.0,37,database,centralprogram
35,33.0,38,honesty,truthfulhonor
35,33.0,39,assessment,examtest
35,33.0,40,cake,sweetpiece
35,33.0,41,innocence,youngchildish
35,33.0,42,sense,innerfeeling
35,33.0,43,battalion,armysquad
35,33.0,44,charity,generousgiving
35,33.0,45,welfare,wellbeingsecurity
36,48.0,1,dialogue,speakword
36,48.0,2,boyfriend,malelover
36,48.0,3,argument,fighttalk
36,48.0,4,insurance,cashcover
36,48.0,5,expression,showfeel
36,48.0,6,puppet,handfluff
36,48.0,7,meantime,innerwatch
36,48.0,8,mention,saidword
36,48.0,9,truth,reallyreal
36,48.0,10,state,currentposition
36,48.0,11,holiday,relaxtime
36,48.0,12,cheer,happyshout
36,48.0,13,violation,dowrong
36,48.0,14,receipt,goodspaper
36,48.0,15,hatred,nastyfeel
36,48.0,16,grief,sadthink
36,48.0,17,instruction,wortell
36,48.0,18,lottery,randluck
36,48.0,19,employment,joball
36,48.0,20,total,fulmount
36,48.0,21,murder,kilem
36,48.0,22,collapse,fallown
36,48.0,23,wit,funboy
36,48.0,24,author,bookpen
36,48.0,25,nose,honkface
36,48.0,26,shortage,lackof
36,48.0,27,journey,tripbroad
36,48.0,28,gateway,passage
36,48.0,29,printing,proof
36,48.0,30,submarine,uboat
36,48.0,31,noon,lunch
36,48.0,32,excitement,excited
36,48.0,33,stone,obelisk
36,48.0,34,feeling,emotions
36,48.0,35,role,job
36,48.0,36,entertainment,amusement
36,48.0,37,cargo,freight
36,48.0,38,aggression,anger
36,48.0,39,investigation,inquiry
36,48.0,40,temptation,desire
36,48.0,41,perfection,excelence
36,48.0,42,freezing,frosty
37,36.0,1,travel,explorerer
37,36.0,2,practice,tryingard
37,36.0,3,injury,hurtee
37,36.0,4,burst,explodee
37,36.0,5,detail,fine-notice
37,36.0,6,arrangement,planee
37,36.0,7,analyst,figurerouterer
37,36.0,8,territory,spaceguidelines
37,36.0,9,gaming,onlineplayerer
37,36.0,10,warrior,battleman
37,36.0,11,parliament,importantsnoots
37,36.0,12,trade,exhangerer
37,36.0,13,graduation,happygradee
37,36.0,14,jungle,forest
37,36.0,15,code,message
37,36.0,16,clause,santa
37,36.0,17,purity,perfect
37,36.0,18,purpose,meaning
37,36.0,19,process,movement
37,36.0,20,loyalty,rewarding
37,36.0,21,winter,season
37,36.0,22,log,trunk
37,36.0,23,south,downwards
37,36.0,24,skull,headbone
37,36.0,25,price,value
37,36.0,26,military,soldier
37,36.0,27,conversation,discussion
37,36.0,28,seminar,lecture
37,36.0,29,album,scrapbook
37,36.0,30,scenario,sceneplay
37,36.0,31,refuge,homelesshouse
37,36.0,32,mistake,wrongcorrect
37,36.0,33,opposition,otherposition
37,36.0,34,gravity,antiheavy
37,36.0,35,syndrome,disordermoment
37,36.0,36,performance,stagedact
37,36.0,37,coal,fireystones
37,36.0,38,forum,chattyonline
37,36.0,39,trip,anti-up
37,36.0,40,nature,outsidepretty
37,36.0,41,cruise,seavoyage
37,36.0,42,danger,scarymoment
37,36.0,43,symbol,picturecommunication
37,36.0,44,length,longmeasure
38,25.0,1,journey,gooop
38,25.0,2,freezing,iclkel
38,25.0,3,boyfriend,frbw
38,25.0,4,gateway,brrrm
38,25.0,5,lottery,dimdim
38,25.0,6,violation,narg
38,25.0,7,temptation,grib
38,25.0,8,expression,woup
38,25.0,9,leadership,lopy
38,25.0,10,murder,pwew
38,25.0,11,printing,brrrrp
38,25.0,12,investigation,newnor
38,25.0,13,quarter,nar
38,25.0,14,total,rool
38,25.0,15,puppet,lonw
38,25.0,16,stone,pweb
38,25.0,17,excitement,woop
38,25.0,18,noon,miday
38,25.0,19,wit,clever
38,25.0,20,aggression,mad
38,25.0,21,cargo,luggage
38,25.0,22,state,county
38,25.0,23,argument,conversation
38,25.0,24,slavery,notcool
38,25.0,25,attraction,likeness
38,25.0,26,employment,job
38,25.0,27,entertainment,joy
38,25.0,28,frustration,angry
38,25.0,29,feeling,emotion
38,25.0,30,slave,notcool
38,25.0,31,grief,sad
38,25.0,32,nose,breathe
38,25.0,33,meantime,timeframe
38,25.0,34,holiday,jollyabroad
38,25.0,35,submarine,belowwater
38,25.0,36,perfection,greatthing
38,25.0,37,dialogue,conversationown
38,25.0,38,hatred,angryupset
38,25.0,39,instruction,dothat
38,25.0,40,insurance,protectionmoney
38,25.0,41,author,bookwriter
38,25.0,42,receipt,moneypaper
38,25.0,43,cheer,happyjoy
38,25.0,44,truth,correctthing
38,25.0,45,role,jobdescription
38,25.0,46,mention,tellthem
38,25.0,47,shortage,lackitem
38,25.0,48,collapse,falldown
39,55.0,1,item,piecet
39,55.0,2,advertising,viewsee
39,55.0,3,homeland,earthin
39,55.0,4,celebration,cheerup
39,55.0,5,beast,roarat
39,55.0,6,weekend,endofweek
39,55.0,7,toilet,holecapture
39,55.0,8,click,beatup
39,55.0,9,cruelty,terrorsite
39,55.0,10,plantation,vegfruit
39,55.0,11,attorney,controlman
39,55.0,12,repair,fixit
39,55.0,13,riot,gangwar
39,55.0,14,penny,cointype
39,55.0,15,shot,capow
39,55.0,16,impulse,quick
39,55.0,17,supply,give
39,55.0,18,friendship,camaraderie
39,55.0,19,value,price
39,55.0,20,atmosphere,feeling
39,55.0,21,sentiment,feelings
39,55.0,22,determination,sure
39,55.0,23,republican,monarchist
39,55.0,24,win,achieve
39,55.0,25,dance,movement
39,55.0,26,conspiracy,secrecy
39,55.0,27,tissue,napkin
39,55.0,28,war,battle
39,55.0,29,message,writing
39,55.0,30,color,brightness
39,55.0,31,loss,lose
39,55.0,32,ruler,kingchief
39,55.0,33,series,manyepisodes
39,55.0,34,discretion,hiddensecret
39,55.0,35,fix,repairwork
39,55.0,36,department,shopstore
39,55.0,37,diabetes,bloodillness
39,55.0,38,photograph,colourpicture
39,55.0,39,spell,witchmagic
39,55.0,40,norm,everyday
39,55.0,41,curiosity,knowledgeseeker
39,55.0,42,score,endresult
39,55.0,43,steam,waterpuff
39,55.0,44,tobacco,insidecigarette
39,55.0,45,compliment,nicewords
39,55.0,46,revenge,attackresult
39,55.0,47,air,oxygensky
40,36.0,1,revenge,getbackery
40,36.0,2,cruelty,violentmeanery
40,36.0,3,plantation,cropfarm
40,36.0,4,norm,sameold
40,36.0,5,series,boxset
40,36.0,6,impulse,bigurge
40,36.0,7,dance,footslap
40,36.0,8,color,rainbowjuice
40,36.0,9,shot,smalldrink
40,36.0,10,weekend,freedomdays
40,36.0,11,billion,bignumber
40,36.0,12,discretion,shhquiet
40,36.0,13,attorney,lawman
40,36.0,14,tissue,nosewiper
40,36.0,15,homeland,flagplace
40,36.0,16,atmosphere,breathyair
40,36.0,17,beast,rawrman
40,36.0,18,supply,givey
40,36.0,19,ruler,liney
40,36.0,20,penny,shrapnelick
40,36.0,21,diabetes,sweetblood
40,36.0,22,compliment,esteemer
40,36.0,23,repair,unbork
40,36.0,24,toilet,fecechute
40,36.0,25,spell,wizardy
40,36.0,26,determination,pigheadery
40,36.0,27,fix,gluey
40,36.0,28,war,battle
40,36.0,29,win,achieve
40,36.0,30,score,point
40,36.0,31,curiosity,explorer
40,36.0,32,sentiment,meaning
40,36.0,33,value,worth
40,36.0,34,loss,defeat
40,36.0,35,photograph,picture
40,36.0,36,air,atmosphere
40,36.0,37,republican,racist
40,36.0,38,riot,unrest
40,36.0,39,department,area
40,36.0,40,tobacco,smoke
40,36.0,41,steam,vapour
40,36.0,42,friendship,love
40,36.0,43,click,tap
41,37.0,1,conversation,chatting
41,37.0,2,clause,promise
41,37.0,3,burst,explode
41,37.0,4,arrangement,plan
41,37.0,5,loyalty,staying
41,37.0,6,branch,arm
41,37.0,7,practice,doing
41,37.0,8,communication,talking
41,37.0,9,parliament,lords
41,37.0,10,gravity,weighty
41,37.0,11,cruise,speed
41,37.0,12,detail,pinprick
41,37.0,13,syndrome,illness
41,37.0,14,danger,bad
41,37.0,15,nature,outdoors
41,37.0,16,coal,fuel
41,37.0,17,purity,whiteinnocent
41,37.0,18,winter,coldtime
41,37.0,19,log,treebody
41,37.0,20,south,waydown
41,37.0,21,scenario,happenthing
41,37.0,22,forum,opiniongroup
41,37.0,23,injury,hurtpart
41,37.0,24,skull,headbone
41,37.0,25,seminar,teachingtime
41,37.0,26,code,characterstring
41,37.0,27,symbol,signcommunication
41,37.0,28,territory,ownersplace
41,37.0,29,enthusiasm,excitingmood
41,37.0,30,performance,stageact
41,37.0,31,warrior,fightingperson
41,37.0,32,refuge,safeuge
41,37.0,33,process,waydo
41,37.0,34,opposition,againster
41,37.0,35,military,warteams
41,37.0,36,album,grouper
41,37.0,37,length,longness
41,37.0,38,price,monies
41,37.0,39,dragon,firebird
41,37.0,40,jungle,leafvine
41,37.0,41,purpose,reasonest
41,37.0,42,travel,movee
41,37.0,43,analyst,seer
41,37.0,44,trip,gravityworker
41,37.0,45,graduation,donesies
42,57.0,1,oxygen,airy
42,57.0,2,stroke,palmy
42,57.0,3,earth,soilet
42,57.0,4,access,availing
42,57.0,5,fraud,moneying
42,57.0,6,cry,eyeing
42,57.0,7,answer,resulty
42,57.0,8,reputation,aboutability
42,57.0,9,rain,skying
42,57.0,10,laboratory,sciening
42,57.0,11,music,noising
42,57.0,12,terrorist,blasty
42,57.0,13,conception,evoleght
42,57.0,14,warrant,alowflu
42,57.0,15,angle,protractoring
42,57.0,16,festival,singalong
42,57.0,17,horror,scaringly
42,57.0,18,actress,player
42,57.0,19,fantasy,headful
42,57.0,20,gambling,betting
42,57.0,21,inconvenience,putout
42,57.0,22,cut,scissors
42,57.0,23,countryside,greenfield
42,57.0,24,evaluation,sumup
42,57.0,25,midnight,nightime
42,57.0,26,joke,madeup
42,57.0,27,voyage,trip
42,57.0,28,poem,verse
42,57.0,29,compassion,kind
42,57.0,30,corps,army
42,57.0,31,secret,hush
42,57.0,32,depot,bushome
42,57.0,33,interview,jobtalk
42,57.0,34,dream,sleepthoughts
42,57.0,35,era,endof
42,57.0,36,battle,bigfight
42,57.0,37,prisoner,behindbars
42,57.0,38,layout,setarranged
42,57.0,39,plastic,carrierbag
42,57.0,40,commitment,togethermarriage
42,57.0,41,venture,startupcompany
42,57.0,42,disaster,trainwreck
42,57.0,43,explosion,bigbang
42,57.0,44,regard,thinkspecifically
42,57.0,45,sadness,wholecry
42,57.0,46,example,showway
43,42.0,1,lecture,teaching
43,42.0,2,mining,digging
43,42.0,3,cake,sponge
43,42.0,4,pause,hesitate
43,42.0,5,orientation,direction
43,42.0,6,input,process
43,42.0,7,pension,benefit
43,42.0,8,chaos,disorder
43,42.0,9,terror,fright
43,42.0,10,crisis,disaster
43,42.0,11,error,mistake
43,42.0,12,notion,thought
43,42.0,13,welfare,help
43,42.0,14,sense,feel
43,42.0,15,trench,gutter
43,42.0,16,fortune,wealth
43,42.0,17,treasure,goldbox
43,42.0,18,victory,winwar
43,42.0,19,sea,wetmassive
43,42.0,20,scent,smellbox
43,42.0,21,charity,giftevent
43,42.0,22,innocence,guiltfree
43,42.0,23,merit,goodgrade
43,42.0,24,database,knowledgefont
43,42.0,25,laughter,gigglechops
43,42.0,26,defense,aliplea
43,42.0,27,romance,lustbox
43,42.0,28,spectrum,rangebow
43,42.0,29,force,pushmax
43,42.0,30,cartoon,aniflick
43,42.0,31,county,terrizone
43,42.0,32,recipe,methula
43,42.0,33,trick,floogle
43,42.0,34,battalion,chimper
43,42.0,35,drain,lobble
43,42.0,36,darkness,oogly
43,42.0,37,suicide,morbs
43,42.0,38,definition,whomble
43,42.0,39,assurance,chiddly
43,42.0,40,honesty,posslu
43,42.0,41,region,gandli
43,42.0,42,effect,offlys
43,42.0,43,expertise,hamble
43,42.0,44,intention,dosi
43,42.0,45,assessment,rado
43,42.0,46,payment,spendsys
44,42.0,1,warning,caution
44,42.0,2,deposition,statement
44,42.0,3,draft,sample
44,42.0,4,curse,swear
44,42.0,5,reach,stretch
44,42.0,6,obstacle,blockage
44,42.0,7,thief,robber
44,42.0,8,globe,ball
44,42.0,9,script,writing
44,42.0,10,village,hamlet
44,42.0,11,middle,median
44,42.0,12,community,town
44,42.0,13,survival,lives
44,42.0,14,reference,allusion
44,42.0,15,dark,black
44,42.0,16,cloth,fabric
44,42.0,17,understanding,nonconfused
44,42.0,18,loan,cashlend
44,42.0,19,decline,nowant
44,42.0,20,accountant,moneywizard
44,42.0,21,fear,terrorfeel
44,42.0,22,competition,winnermaker
44,42.0,23,assumption,thinkknows
44,42.0,24,ability,cando
44,42.0,25,association,gostogether
44,42.0,26,evolution,darwinanimals
44,42.0,27,pride,rainbowparty
44,42.0,28,experiment,chemicaltests
44,42.0,29,sunshine,solarrays
44,42.0,30,correspondence,letterwords
44,42.0,31,illusion,eyetricks
44,42.0,32,serial,seriesish
44,42.0,33,mineral,glitterock
44,42.0,34,union,togetherees
44,42.0,35,flight,flapperies
44,42.0,36,rumor,gossipish
44,42.0,37,mystery,strangeerie
44,42.0,38,criminal,stealykilly
45,36.0,1,burst,wowzer
45,36.0,2,length,longness
45,36.0,3,gravity,droplow
45,36.0,4,trip,facecrete
45,36.0,5,log,longthing
45,36.0,6,conversation,revising
45,36.0,7,code,writing
45,36.0,8,arrangement,letsgather
45,36.0,9,analyst,looksee
45,36.0,10,detail,rightness
45,36.0,11,syndrome,worry
45,36.0,12,military,strongarm
45,36.0,13,price,foldout
45,36.0,14,trade,sellsell
45,36.0,15,purpose,freefall
45,36.0,16,forum,assemble
45,36.0,17,jungle,raarrrarrr
45,36.0,18,album,longlost
45,36.0,19,loyalty,fire
45,36.0,20,south,downlow
45,36.0,21,enthusiasm,wreckit
45,36.0,22,dragon,heavy
45,36.0,23,coal,raww
45,36.0,24,cruise,outout
45,36.0,25,purity,whiteness
45,36.0,26,injury,wawawah
45,36.0,27,seminar,boost
45,36.0,28,scenario,hope
45,36.0,29,graduation,groomve
45,36.0,30,warrior,wailer
45,36.0,31,refuge,hider
45,36.0,32,practice,learn
45,36.0,33,skull,head
45,36.0,34,performance,activity
45,36.0,35,danger,wild
45,36.0,36,process,system
45,36.0,37,branch,chapter
45,36.0,38,parliament,house
45,36.0,39,opposition,wall
45,36.0,40,gaming,fun
45,36.0,41,mistake,error
45,36.0,42,territory,lane
45,36.0,43,symbol,figure
45,36.0,44,clause,chapter
45,36.0,45,communication,talk
45,36.0,46,winter,cold
45,36.0,47,nature,outdoor
46,55.0,1,submarine,uboat
46,55.0,2,puppet,doll
46,55.0,3,investigation,exploration
46,55.0,4,argument,squabble
46,55.0,5,employment,job
46,55.0,6,attraction,fancying
46,55.0,7,violation,crime
46,55.0,8,author,writer
46,55.0,9,quarter,split
46,55.0,10,journey,travels
46,55.0,11,perfection,unblemished
46,55.0,12,temptation,attraction
46,55.0,13,lottery,lotto
46,55.0,14,wit,humour
46,55.0,15,state,say
46,55.0,16,meantime,now
46,55.0,17,stone,tinyrock
46,55.0,18,role,filmpart
46,55.0,19,mention,speakof
46,55.0,20,excitement,giddystate
46,55.0,21,insurance,moneycover
46,55.0,22,receipt,shopticket
46,55.0,23,entertainment,happywatch
46,55.0,24,shortage,nearlygone
46,55.0,25,cheer,happyshouting
46,55.0,26,leadership,frontperson
46,55.0,27,feeling,touchsensation
46,55.0,28,expression,faceposition
46,55.0,29,truth,factwords
46,55.0,30,instruction,whattodo
46,55.0,31,noon,traditionallunchtime
46,55.0,32,murder,killdead
46,55.0,33,grief,tearlysad
46,55.0,34,slave,workeree
46,55.0,35,holiday,holibobby
46,55.0,36,gateway,archhole
46,55.0,37,hatred,angerpang
46,55.0,38,collapse,shuffledown
46,55.0,39,freezing,icestick
46,55.0,40,aggression,nastyhurt
46,55.0,41,dialogue,chattychat
46,55.0,42,boyfriend,lovebunny
46,55.0,43,nose,sniffytube
46,55.0,44,total,wholesum
47,27.0,1,arrangement,planmeeting
47,27.0,2,purity,clearchaste
47,27.0,3,warrior,ninjasoldier
47,27.0,4,dragon,winglizard
47,27.0,5,practice,repeatimprove
47,27.0,6,cruise,boatholiday
47,27.0,7,territory,areaownership
47,27.0,8,burst,popexplode
47,27.0,9,gaming,playxbox
47,27.0,10,military,armycollective
47,27.0,11,jungle,hotforest
47,27.0,12,detail,specificinformation
47,27.0,13,coal,bbqfuel
47,27.0,14,travel,holidaymovement
47,27.0,15,skull,headbone
47,27.0,16,nature,outdoorsenvironment
47,27.0,17,refuge,seesafe
47,27.0,18,album,musicd
47,27.0,19,purpose,intendoal
47,27.0,20,gravity,downfor
47,27.0,21,forum,meetat
47,27.0,22,analyst,dataman
47,27.0,23,parliament,politicace
47,27.0,24,branch,treeimb
47,27.0,25,trade,swappers
47,27.0,26,enthusiasm,excitemundo
47,27.0,27,mistake,falserr
47,27.0,28,loyalty,trusteed
47,27.0,29,danger,badard
47,27.0,30,performance,stageed
47,27.0,31,opposition,foenemy
47,27.0,32,seminar,lecture
47,27.0,33,price,cost
47,27.0,34,length,diameter
47,27.0,35,south,down
47,27.0,36,communication,express
47,27.0,37,log,stump
47,27.0,38,code,password
47,27.0,39,graduation,commencement
47,27.0,40,injury,hurt
47,27.0,41,trip,holiday
47,27.0,42,winter,snowy
47,27.0,43,conversation,discussion
47,27.0,44,scenario,situation
47,27.0,45,syndrome,disorder
47,27.0,46,symbol,icon
47,27.0,47,clause,paragraph
48,32.0,1,type,sorteen
48,32.0,2,language,wordel
48,32.0,3,obsession,fashul
48,32.0,4,photographer,flishmac
48,32.0,5,id,meep
48,32.0,6,extreme,wovcher
48,32.0,7,insert,entrid
48,32.0,8,pattern,swiggle
48,32.0,9,seizure,fiest
48,32.0,10,commission,mordering
48,32.0,11,email,meagle
48,32.0,12,snack,fod
48,32.0,13,outlook,vesch
48,32.0,14,gram,grep
48,32.0,15,audience,worple
48,32.0,16,concentration,focus
48,32.0,17,leap,jump
48,32.0,18,tomb,coffin
48,32.0,19,scout,scour
48,32.0,20,smoke,puff
48,32.0,21,closure,ending
48,32.0,22,discipline,obedience
48,32.0,23,smell,stink
48,32.0,24,intent,aim
48,32.0,25,vacation,holiday
48,32.0,26,river,lake
48,32.0,27,debt,bill
48,32.0,28,land,ground
48,32.0,29,principle,motive
48,32.0,30,article,account
48,32.0,31,appreciation,thankful
48,32.0,32,plot,storyplan
48,32.0,33,epic,funspectacular
48,32.0,34,skill,abilitylearnt
48,32.0,35,philosophy,wisethinking
48,32.0,36,strength,musclepowerful
48,32.0,37,gold,shinymetal
48,32.0,38,management,topboss
48,32.0,39,encounter,meetperson
48,32.0,40,reaction,feelingafter
48,32.0,41,quote,wordsspoken
48,32.0,42,minimum,leastamount
48,32.0,43,program,tvchannel
48,32.0,44,programming,entercodes
48,32.0,45,category,groupfit
48,32.0,46,rally,gatheraround
48,32.0,47,creation,makenew
49,49.0,1,conversation,talk
49,49.0,2,practice,repeat
49,49.0,3,price,cost
49,49.0,4,syndrome,cause
49,49.0,5,forum,meeting
49,49.0,6,danger,caution
49,49.0,7,dragon,fitrecreature
49,49.0,8,communication,talk
49,49.0,9,parliament,corrupt
49,49.0,10,clause,condition
49,49.0,11,injury,wound
49,49.0,12,process,task
49,49.0,13,loyalty,subservant
49,49.0,14,military,army
49,49.0,15,cruise,sail
49,49.0,16,length,span
49,49.0,17,album,longrecord
49,49.0,18,code,passkey
49,49.0,19,coal,blackstone
49,49.0,20,log,woodenobject
49,49.0,21,warrior,soldierman
49,49.0,22,gravity,comingdown
49,49.0,23,performance,theshow
49,49.0,24,winter,coldseason
49,49.0,25,seminar,meetingtype
49,49.0,26,branch,treeoffshoot
49,49.0,27,trip,newdestination
49,49.0,28,gaming,playerof
49,49.0,29,travel,todepart
49,49.0,30,south,opponorth
49,49.0,31,trade,workerbee
49,49.0,32,scenario,detaily
49,49.0,33,mistake,wrongun
49,49.0,34,territory,melande
49,49.0,35,opposition,enemyplyr
49,49.0,36,jungle,dentree
49,49.0,37,purity,whiey
49,49.0,38,symbol,taglikey
49,49.0,39,nature,theorig
49,49.0,40,burst,expo
49,49.0,41,analyst,reade
49,49.0,42,refuge,jholeup
49,49.0,43,arrangement,dealio
49,49.0,44,graduation,boffs
49,49.0,45,purpose,meanty
50,64.0,1,principle,headdept
50,64.0,2,article,peacewrit
50,64.0,3,reaction,respto
50,64.0,4,plot,storeyout
50,64.0,5,program,tvshw
50,64.0,6,concentration,mindfx
50,64.0,7,land,earthplt
50,64.0,8,smoke,cigarhze
50,64.0,9,obsession,negjeal
50,64.0,10,smell,nosesml
50,64.0,11,id,proofpsn
50,64.0,12,gram,tinywgt
50,64.0,13,application,jobf
50,64.0,14,audience,peoplewtch
50,64.0,15,outlook,prospect
50,64.0,16,vacation,holiday
50,64.0,17,skill,training
50,64.0,18,scout,lookout
50,64.0,19,photographer,camerman
50,64.0,20,gold,ignot
50,64.0,21,river,flowing
50,64.0,22,philosophy,belief
50,64.0,23,leap,jump
50,64.0,24,encounter,meeting
50,64.0,25,closure,finality
50,64.0,26,type,kind
50,64.0,27,rally,race
50,64.0,28,intent,want
50,64.0,29,minimum,smallest
50,64.0,30,language,dialect
50,64.0,31,extreme,extramuch
50,64.0,32,seizure,takenstuff
50,64.0,33,commission,salesxtra
50,64.0,34,programming,codingcomp
50,64.0,35,pattern,sewingdiagram
50,64.0,36,tomb,stonegrave
50,64.0,37,email,computerletter
50,64.0,38,snack,foodbit
50,64.0,39,strength,bodypower
50,64.0,40,creation,uniquedesign
50,64.0,41,discipline,rulesticking
50,64.0,42,quote,priceestimate
50,64.0,43,epic,hugetask
50,64.0,44,category,goodstype
50,64.0,45,insert,wordaddition
50,64.0,46,appreciation,gratefulshow
51,48.0,1,loan,top-up
51,48.0,2,ability,able-to
51,48.0,3,mystery,head-puzzle
51,48.0,4,script,word-up
51,48.0,5,criticism,fault
51,48.0,6,obstacle,aim
51,48.0,7,reference,look-up
51,48.0,8,assumption,made-up
51,48.0,9,criminal,thief
51,48.0,10,evolution,new
51,48.0,11,globe,world
51,48.0,12,rumor,gossip
51,48.0,13,union,group
51,48.0,14,fuel,energy
51,48.0,15,decline,refuse
51,48.0,16,heaven,paradise
51,48.0,17,cloth,material
51,48.0,18,dark,blackish
51,48.0,19,correspondence,wordish
51,48.0,20,warning,dangerly
51,48.0,21,middle,centrally
51,48.0,22,village,peoples
51,48.0,23,flight,wingish
51,48.0,24,accountant,number-puncher
51,48.0,25,deposition,poetic
51,48.0,26,thief,criminal
51,48.0,27,competition,winnerly
51,48.0,28,understanding,knowledgy
51,48.0,29,reunion,gatherly
51,48.0,30,regime,rota
51,48.0,31,violence,bruisy
51,48.0,32,experiment,projecty
51,48.0,33,fear,scared
51,48.0,34,community,union
51,48.0,35,pride,satisfaction
51,48.0,36,glow,bright
51,48.0,37,liability,responsible
51,48.0,38,draft,mock
51,48.0,39,mineral,substance
51,48.0,40,curse,harm
51,48.0,41,association,know
51,48.0,42,illusion,magic
51,48.0,43,survival,life
51,48.0,44,sunshine,sunny
51,48.0,45,reach,get
51,48.0,46,precedent,example
51,48.0,47,platinum,premium
51,48.0,48,serial,part
52,50.0,1,talent,tumpy
52,50.0,2,rain,splishy
52,50.0,3,warrant,woozle
52,50.0,4,laboratory,labbie
52,50.0,5,plastic,plistcy
52,50.0,6,cut,cosh
52,50.0,7,joke,jookey
52,50.0,8,terrorist,torrie
52,50.0,9,commitment,mittimen
52,50.0,10,horror,hozboz
52,50.0,11,cry,weenie
52,50.0,12,poem,peemie
52,50.0,13,sadness,paddy
52,50.0,14,prosecutor,prossirossi
52,50.0,15,example,pampley
52,50.0,16,access,cessy
52,50.0,17,conception,idea
52,50.0,18,evaluation,checking
52,50.0,19,depot,base
52,50.0,20,reputation,honour
52,50.0,21,oxygen,air
52,50.0,22,gambling,betting
52,50.0,23,earth,world
52,50.0,24,fantasy,dream
52,50.0,25,midnight,twelve
52,50.0,26,layout,design
52,50.0,27,festival,fete
52,50.0,28,actress,actor
52,50.0,29,venture,journey
52,50.0,30,era,time
52,50.0,31,regard,sees
52,50.0,32,countryside,meadows
52,50.0,33,inconvenience,timey-wasty
52,50.0,34,battle,war-fight
52,50.0,35,compassion,kindy-hearty
52,50.0,36,angle,corny-warney
52,50.0,37,secret,shush-pies
52,50.0,38,voyage,holi-wobbles
52,50.0,39,explosion,bangie-boom
52,50.0,40,stroke,patter-poo
52,50.0,41,dream,sleepy-boos
52,50.0,42,prisoner,jail-birdy
52,50.0,43,music,tunie-toney
53,23.0,1,sense,touch-smell
53,23.0,2,honesty,truthteller
53,23.0,3,treasure,gold-prize
53,23.0,4,innocence,non-guilty
53,23.0,5,payment,fulfill-order
53,23.0,6,assessment,test-paper
53,23.0,7,recipe,ingredient-list
53,23.0,8,defense,anti-attack
53,23.0,9,fortune,anti-poor
53,23.0,10,orientation,face-direction
53,23.0,11,error,non-correct
53,23.0,12,definition,meaning-word
53,23.0,13,spectrum,rainbow-spread
53,23.0,14,cartoon,moving-picture
53,23.0,15,suicide,non-alived
53,23.0,16,victory,winee
53,23.0,17,battalion,wartropee
53,23.0,18,terror,scardee
53,23.0,19,trick,pullouter
53,23.0,20,input,puteriner
53,23.0,21,welfare,careforer
53,23.0,22,assurance,backupplaner
53,23.0,23,charity,dogooder
53,23.0,24,pause,ministopper
53,23.0,25,romance,loveedovey
53,23.0,26,lecture,sleepture
53,23.0,27,cake,spongy
53,23.0,28,region,placebit
53,23.0,29,scent,smeller
53,23.0,30,drain,sinkhole
53,23.0,31,effect,affect
53,23.0,32,mining,gathering
53,23.0,33,darkness,void
53,23.0,34,laughter,happinedd
53,23.0,35,pension,retirement-fund
53,23.0,36,intention,decision
53,23.0,37,county,region
53,23.0,38,force,push
53,23.0,39,sea,shore
53,23.0,40,crisis,emergency
53,23.0,41,philosopher,thinker
53,23.0,42,trench,dugout
53,23.0,43,assistant,helper
53,23.0,44,chaos,mess
54,24.0,1,limb,bodyleg
54,24.0,2,miracle,godact
54,24.0,3,maintenance,makego
54,24.0,4,storm,rainfluster
54,24.0,5,charm,flusterer
54,24.0,6,sympathy,sorryfeel
54,24.0,7,conservative,toryish
54,24.0,8,opponent,badeney
54,24.0,9,destiny,futurefate
54,24.0,10,operation,openbody
54,24.0,11,electronics,unaturalaids
54,24.0,12,shame,sadfeeling
54,24.0,13,guilt,faultness
54,24.0,14,sword,sharpstick
54,24.0,15,policeman,lawperson
54,24.0,16,hunger,rumblybumbly
54,24.0,17,mix,combine
54,24.0,18,pain,hurt
54,24.0,19,decision,choice
54,24.0,20,transcript,text
54,24.0,21,label,sticker
54,24.0,22,counsel,government
54,24.0,23,economics,finance
54,24.0,24,basis,foundation
54,24.0,25,assignment,coursework
54,24.0,26,accent,dialect
54,24.0,27,passion,motivation
54,24.0,28,pregnancy,withchild
54,24.0,29,politics,government
54,24.0,30,democracy,freedom
54,24.0,31,genius,intelligent
54,24.0,32,stretch,extend
54,24.0,33,hunting,animal-search
54,24.0,34,victim,hurt-person
54,24.0,35,promotion,job-improvement
54,24.0,36,assassination,murder-celebrity
54,24.0,37,pie,pastry-round
54,24.0,38,size,volume-variety
54,24.0,39,method,try-types
54,24.0,40,hurricane,wind-storm
54,24.0,41,storm,wild-blow
54,24.0,42,abuse,person-pain
54,24.0,43,breast,boob-tissue
54,24.0,44,inventor,person-maker
54,24.0,45,acid,burn-liquid
54,24.0,46,cancer,abnormal-cells
54,24.0,47,desire,want-things
54,24.0,48,colony,community-people
55,36.0,1,leadership,bossship
55,36.0,2,gateway,pathopening
55,36.0,3,quarter,halfhalf
55,36.0,4,investigation,answersearch
55,36.0,5,total,allcombined
55,36.0,6,expression,faceshown
55,36.0,7,murder,deathkill
55,36.0,8,submarine,underboat
55,36.0,9,cargo,luggagecrate
55,36.0,10,printing,inkpaper
55,36.0,11,shortage,lowstock
55,36.0,12,slave,ownedlabour
55,36.0,13,lottery,chanceraffle
55,36.0,14,temptation,enticingchoice
55,36.0,15,journey,longtravels
55,36.0,16,frustration,irritatedanger
55,36.0,17,argument,debatement
55,36.0,18,entertainment,funshow
55,36.0,19,hatred,plorr
55,36.0,20,dialogue,conflab
55,36.0,21,slavery,shwave
55,36.0,22,truth,stutt
55,36.0,23,freezing,brup
55,36.0,24,puppet,flippon
55,36.0,25,attraction,howtie
55,36.0,26,feeling,freel
55,36.0,27,wit,kwot
55,36.0,28,noon,flidge
55,36.0,29,author,scrib
55,36.0,30,grief,jow
55,36.0,31,boyfriend,lub
55,36.0,32,state,place
55,36.0,33,violation,broken
55,36.0,34,instruction,directions
55,36.0,35,insurance,protection
55,36.0,36,aggression,anger
55,36.0,37,perfection,exactness
55,36.0,38,role,position
55,36.0,39,meantime,interim
55,36.0,40,employment,work
55,36.0,41,receipt,received
55,36.0,42,excitement,wonder
55,36.0,43,stone,rock
55,36.0,44,cheer,applaud
55,36.0,45,collapse,fall
55,36.0,46,holiday,vacation
55,36.0,47,mention,discuss
56,33.0,1,dark,nolight
56,33.0,2,deposition,lawyertestimony
56,33.0,3,survival,stayingalive
56,33.0,4,ability,youcan
56,33.0,5,evolution,darwinsapes
56,33.0,6,fuel,carjuice
56,33.0,7,curse,swearword
56,33.0,8,flight,airedplane
56,33.0,9,liability,legallyresponsible
56,33.0,10,reach,stretchgrab
56,33.0,11,obstacle,inway
56,33.0,12,heaven,nothell
56,33.0,13,correspondence,contactothers
56,33.0,14,union,cometogether
56,33.0,15,pride,loveyourself
56,33.0,16,serial,killsalot
56,33.0,17,criticism,negativemeaness
56,33.0,18,middle,cdentrally
56,33.0,19,sunshine,sunnyrays
56,33.0,20,village,smalltowny
56,33.0,21,rumor,spreadylies
56,33.0,22,decline,goesdowny
56,33.0,23,assumption,youthinkyoukonw
56,33.0,24,loan,borrow
56,33.0,25,competition,goalywoo
56,33.0,26,criminal,badmens
56,33.0,27,draft,prewrite
56,33.0,28,globe,earthball
56,33.0,29,thief,snatchyman
56,33.0,30,reference,inferinod
56,33.0,31,mystery,unknown
56,33.0,32,precedent,example
56,33.0,33,cloth,fabric
56,33.0,34,reunion,together
56,33.0,35,platinum,silver
56,33.0,36,fear,terror
56,33.0,37,glow,emmit
56,33.0,38,experiment,research
56,33.0,39,accountant,banker
56,33.0,40,community,inhabitants
56,33.0,41,warning,cautionary
56,33.0,42,script,play
56,33.0,43,mineral,compound
56,33.0,44,understanding,listening
56,33.0,45,association,similarities
57,33.0,1,treasure,suretrea
57,33.0,2,defense,destop
57,33.0,3,romance,lorance
57,33.0,4,battalion,artlion
57,33.0,5,spectrum,rainscrum
57,33.0,6,honesty,hontrust
57,33.0,7,sea,flouse
57,33.0,8,victory,hurory
57,33.0,9,trick,litrie
57,33.0,10,assistant,hessisant
57,33.0,11,county,troury
57,33.0,12,sense,plems
57,33.0,13,innocence,wunge
57,33.0,14,cartoon,cort
57,33.0,15,assessment,review
57,33.0,16,input,involvement
57,33.0,17,database,information
57,33.0,18,philosopher,thinker
57,33.0,19,pension,retirement
57,33.0,20,crisis,drama
57,33.0,21,orientation,awareness
57,33.0,22,scent,smell
57,33.0,23,suicide,annihilation
57,33.0,24,terror,fear
57,33.0,25,intention,plan
57,33.0,26,welfare,wellbeing
57,33.0,27,expertise,skill
57,33.0,28,charity,generosity
57,33.0,29,payment,fund
57,33.0,30,lecture,monologue
57,33.0,31,fortune,lots-money
57,33.0,32,assurance,comfort-trust
57,33.0,33,merit,skill-talent
57,33.0,34,force,hard-strength
57,33.0,35,error,mistake-made
57,33.0,36,laughter,giggle-smile
57,33.0,37,mining,hit-axe
57,33.0,38,trench,long-hole
57,33.0,39,effect,change-appearance
57,33.0,40,definition,describe-meaning
57,33.0,41,cake,eggs-flour
57,33.0,42,darkness,no-light
57,33.0,43,region,place-area
57,33.0,44,chaos,crazy-mess
57,33.0,45,drain,get-rid
57,33.0,46,notion,idea-of
58,63.0,1,quote,saying
58,63.0,2,program,progtem
58,63.0,3,rally,gatherup
58,63.0,4,leap,jumperoo
58,63.0,5,philosophy,mindway
58,63.0,6,snack,yumster
58,63.0,7,strength,energenth
58,63.0,8,principle,pointeroo
58,63.0,9,type,letteroo
58,63.0,10,smell,pongo
58,63.0,11,gold,yellomet
58,63.0,12,land,underfootery
58,63.0,13,discipline,holderupper
58,63.0,14,epic,mammothelle
58,63.0,15,skill,talent
58,63.0,16,closure,ending
58,63.0,17,creation,makerup
58,63.0,18,plot,story
58,63.0,19,outlook,view
58,63.0,20,article,thing
58,63.0,21,vacation,holiday
58,63.0,22,id,me
58,63.0,23,scout,searcher
58,63.0,24,application,submission
58,63.0,25,programming,organiser
58,63.0,26,pattern,map
58,63.0,27,audience,watchers
58,63.0,28,concentration,application
58,63.0,29,river,waterway
58,63.0,30,minimum,least
58,63.0,31,obsession,mustdo
58,63.0,32,category,organisedset
58,63.0,33,commission,rewardpaid
58,63.0,34,intent,willdo
58,63.0,35,gram,littlemeasure
58,63.0,36,extreme,mostthing
58,63.0,37,insert,addin
58,63.0,38,management,organisingones
58,63.0,39,appreciation,positivevibe
58,63.0,40,language,wordsexplanation
58,63.0,41,email,electromessagee
58,63.0,42,tomb,restingbed
58,63.0,43,reaction,resultingfeeling
58,63.0,44,smoke,greysmog
58,63.0,45,seizure,grabbinghold
58,63.0,46,debt,owingcommitment
59,31.0,1,snack,breakmunch
59,31.0,2,intent,purpaction
59,31.0,3,principle,morial
59,31.0,4,email,compuletter
59,31.0,5,closure,hingeshut
59,31.0,6,article,newsitem
59,31.0,7,pattern,repeatyshape
59,31.0,8,river,waterflow
59,31.0,9,programming,computercode
59,31.0,10,management,bossessbosses
59,31.0,11,encounter,meetingmoment
59,31.0,12,strength,musclemass
59,31.0,13,land,antiocean
59,31.0,14,philosophy,thinkingscience
59,31.0,15,epic,grandcool
59,31.0,16,reaction,chemicalsmixed
59,31.0,17,extreme,megadare
59,31.0,18,creation,numak
59,31.0,19,insert,putin
59,31.0,20,photographer,clickyman
59,31.0,21,gold,blingellow
59,31.0,22,id,showyourself
59,31.0,23,application,gameapp
59,31.0,24,leap,jumpalong
59,31.0,25,outlook,visionny
59,31.0,26,discipline,meanytroll
59,31.0,27,obsession,adictobad
59,31.0,28,program,compyap
59,31.0,29,concentration,foccybrain
59,31.0,30,tomb,homead
59,31.0,31,type,tapingers
59,31.0,32,category,boxy
59,31.0,33,language,dialect
59,31.0,34,quote,reference
59,31.0,35,plot,scheme
59,31.0,36,gram,pinch
59,31.0,37,rally,race
59,31.0,38,scout,search
59,31.0,39,seizure,fit
59,31.0,40,smell,odour
59,31.0,41,vacation,holiday
59,31.0,42,minimum,smallest
59,31.0,43,smoke,fume
59,31.0,44,skill,talent
59,31.0,45,debt,owed
59,31.0,46,audience,spectators
59,31.0,47,commission,bonus
59,31.0,48,appreciation,thanks
60,55.0,1,region,borderedplace
60,55.0,2,assessment,markedcheck
60,55.0,3,trench,mudtrough
60,55.0,4,pension,retirementpayout
60,55.0,5,suicide,takelife
60,55.0,6,chaos,crazyfrenzy
60,55.0,7,notion,thepoint
60,55.0,8,darkness,nolight
60,55.0,9,treasure,goldpieces
60,55.0,10,mining,extractcoal
60,55.0,11,drain,funnelwater
60,55.0,12,assistant,myhelper
60,55.0,13,payment,receivemoney
60,55.0,14,romance,loveblossom
60,55.0,15,honesty,truetruth
60,55.0,16,recipe,foodmethod
60,55.0,17,expertise,mrmaster
60,55.0,18,intention,domean
60,55.0,19,cartoon,funnydraw
60,55.0,20,input,feedthrough
60,55.0,21,battalion,biggyarmy
60,55.0,22,lecture,proftalker
60,55.0,23,crisis,dramarama
60,55.0,24,pause,freezemee
60,55.0,25,spectrum,sinclairzx
60,55.0,26,sea,saltyblue
60,55.0,27,merit,awardstamp
60,55.0,28,cake,sugarslice
60,55.0,29,sense,touchsmell
60,55.0,30,defense,protect
60,55.0,31,welfare,caring
60,55.0,32,assurance,guarantee
60,55.0,33,county,region
60,55.0,34,charity,help
60,55.0,35,database,information
60,55.0,36,scent,smell
60,55.0,37,orientation,direction
60,55.0,38,definition,meaning
60,55.0,39,fortune,wealth
60,55.0,40,trick,magic
60,55.0,41,effect,visual
60,55.0,42,force,strength
60,55.0,43,terror,evil
60,55.0,44,error,wrong
60,55.0,45,victory,win
61,28.0,1,angle,edge
61,28.0,2,example,imagine
61,28.0,3,actress,performer
61,28.0,4,joke,laughing
61,28.0,5,venture,explore
61,28.0,6,prisoner,jailed
61,28.0,7,festival,gala
61,28.0,8,cry,unhappy
61,28.0,9,answer,reply
61,28.0,10,poem,lyrics
61,28.0,11,depot,warehouse
61,28.0,12,regard,kind
61,28.0,13,corps,dead
61,28.0,14,reputation,think
61,28.0,15,interview,analysed
61,28.0,16,gambling,money
61,28.0,17,fantasy,fancy
61,28.0,18,warrant,offci
61,28.0,19,midnight,nightime
61,28.0,20,era,pasttimes
61,28.0,21,earth,mothernature
61,28.0,22,conception,headspin
61,28.0,23,fraud,taxdodger
61,28.0,24,compassion,lovedearly
61,28.0,25,sadness,unhappy
61,28.0,26,oxygen,breatheeasy
61,28.0,27,evaluation,lookover
61,28.0,28,talent,greatness
61,28.0,29,countryside,greenfields
61,28.0,30,secret,chinesewhispers
61,28.0,31,voyage,seaadventure
61,28.0,32,rain,unhappyclouds
61,28.0,33,horror,shakin
61,28.0,34,laboratory,scienceroom
61,28.0,35,inconvenience,notforme
61,28.0,36,disaster,puremess
61,28.0,37,dream,sleepthoughts
61,28.0,38,prosecutor,decisoner
61,28.0,39,explosion,boom
61,28.0,40,access,opensesame
61,28.0,41,music,choons
61,28.0,42,commitment,merried
61,28.0,43,cut,splaj
61,28.0,44,plastic,turtledeath
61,28.0,45,layout,blox
61,28.0,46,battle,smashers
61,28.0,47,terrorist,wawzers
62,58.0,1,answer,outcome
62,58.0,2,interview,chatjob
62,58.0,3,prisoner,behindbars
62,58.0,4,depot,lastbuild
62,58.0,5,access,openentrance
62,58.0,6,gambling,pokerface
62,58.0,7,corps,deadbody
62,58.0,8,regard,endletter
62,58.0,9,layout,planit
62,58.0,10,prosecutor,blameyou
62,58.0,11,laboratory,scienceroom
62,58.0,12,actress,businesslady
62,58.0,13,talent,greatone
62,58.0,14,dream,nightvision
62,58.0,15,sadness,feellow
62,58.0,16,countryside,wonderfulscene
62,58.0,17,inconvenience,putout
62,58.0,18,rain,waterdown
62,58.0,19,horror,scaretime
62,58.0,20,music,rhythmsound
62,58.0,21,fraud,gonemoney
62,58.0,22,secret,donttell
62,58.0,23,era,longyears
62,58.0,24,explosion,bigbang
62,58.0,25,voyage,tripafar
62,58.0,26,terrorist,scareperson
62,58.0,27,oxygen,breatheair
62,58.0,28,reputation,goodfeel
62,58.0,29,conception,understandone
62,58.0,30,commitment,loyalty
62,58.0,31,cut,slice
62,58.0,32,poem,writing
62,58.0,33,battle,fight
62,58.0,34,warrant,summons
62,58.0,35,evaluation,exam
62,58.0,36,angle,edge
62,58.0,37,example,particular
62,58.0,38,disaster,ending
62,58.0,39,earth,planet
62,58.0,40,festival,party
62,58.0,41,midnight,twelve
62,58.0,42,joke,gag
62,58.0,43,compassion,loving
62,58.0,44,stroke,pat
62,58.0,45,fantasy,story
63,36.0,1,win,successful
63,36.0,2,photograph,picture
63,36.0,3,curiosity,inquisitive
63,36.0,4,score,win
63,36.0,5,weekend,break
63,36.0,6,shot,fire
63,36.0,7,norm,usual
63,36.0,8,cruelty,hurt
63,36.0,9,supply,provide
63,36.0,10,fix,repair
63,36.0,11,diabetes,insulin
63,36.0,12,friendship,relationship
63,36.0,13,billion,money
63,36.0,14,repair,fix
63,36.0,15,message,contact
63,36.0,16,penny,coin
63,36.0,17,spell,word
63,36.0,18,discretion,discrete
63,36.0,19,series,seaon
63,36.0,20,tissue,toilet
63,36.0,21,dance,movement
63,36.0,22,impulse,spontaneous
63,36.0,23,color,paint
63,36.0,24,toilet,urinate
63,36.0,25,advertising,marketing
63,36.0,26,tobacco,smoking
63,36.0,27,ruler,measure
63,36.0,28,click,press
63,36.0,29,atmosphere,environment
63,36.0,30,steam,smoke
63,36.0,31,department,office
63,36.0,32,sentiment,thoughtfuk
63,36.0,33,value,worth
63,36.0,34,item,object
63,36.0,35,plantation,slavery
63,36.0,36,loss,unsuccessful
63,36.0,37,war,battle
63,36.0,38,determination,focused
63,36.0,39,attorney,lawyer
63,36.0,40,compliment,thoughtful
63,36.0,41,homeland,house
63,36.0,42,air,breathe
63,36.0,43,revenge,vegence
63,36.0,44,riot,fight
63,36.0,45,beast,animal
63,36.0,46,conspiracy,paranoia
63,36.0,47,republican,democrat
63,36.0,48,celebration,party
64,20.0,1,dance,musicmovement
64,20.0,2,discretion,choicefreedom
64,20.0,3,atmosphere,earthgases
64,20.0,4,penny,singlecoin
64,20.0,5,revenge,meanretaliation
64,20.0,6,diabetes,insulinillness
64,20.0,7,riot,violentprotest
64,20.0,8,sentiment,sincerefeeling
64,20.0,9,loss,misssomething
64,20.0,10,supply,thingsamount
64,20.0,11,win,comefirst
64,20.0,12,air,skybreathe
64,20.0,13,toilet,sitpee
64,20.0,14,determination,strongtrooper
64,20.0,15,tobacco,smokethis
64,20.0,16,cruelty,meanaction
64,20.0,17,republican,trumpee
64,20.0,18,homeland,settleplace
64,20.0,19,tissue,blowery
64,20.0,20,plantation,workery
64,20.0,21,ruler,measuree
64,20.0,22,click,fingusic
64,20.0,23,war,batfight
64,20.0,24,fix,undestroy
64,20.0,25,billion,tenzeros
64,20.0,26,conspiracy,gobbledygoop
64,20.0,27,repair,rix
64,20.0,28,score,losnumber
64,20.0,29,beast,dragoll
64,20.0,30,department,area
64,20.0,31,steam,vapour
64,20.0,32,advertising,billboard
64,20.0,33,weekend,saturday
64,20.0,34,value,worth
64,20.0,35,friendship,companionship
64,20.0,36,attorney,lawyer
64,20.0,37,spell,magic
64,20.0,38,color,rainbow
64,20.0,39,shot,gun
64,20.0,40,item,thing
64,20.0,41,message,bulletin
64,20.0,42,impulse,spontaneous
64,20.0,43,norm,usual
64,20.0,44,series,season
65,33.0,1,middle,inbetween
65,33.0,2,heaven,afterlife
65,33.0,3,platinum,jubilee
65,33.0,4,illusion,trick
65,33.0,5,fear,scared
65,33.0,6,deposition,pretrial
65,33.0,7,violence,attack
65,33.0,8,experiment,science
65,33.0,9,criticism,reviews
65,33.0,10,correspondence,letters
65,33.0,11,script,font
65,33.0,12,rumor,hearsay
65,33.0,13,obstacle,speedbump
65,33.0,14,reunion,get-together
65,33.0,15,ability,able
65,33.0,16,fuel,petrol
65,33.0,17,curse,bad-spell
65,33.0,18,competition,prize-pot
65,33.0,19,mystery,strange-story
65,33.0,20,glow,beaming-light
65,33.0,21,survival,death-avoidance
65,33.0,22,accountant,money-keeper
65,33.0,23,loan,money-giver
65,33.0,24,reference,book-look
65,33.0,25,mineral,water-goodness
65,33.0,26,flight,air-travel
65,33.0,27,understanding,competent-person
65,33.0,28,serial,seasonal-tv
65,33.0,29,community,human-group
65,33.0,30,liability,wrongdoing-expense
65,33.0,31,sunshine,glowing-ball
65,33.0,32,draft,first-take
65,33.0,33,criminal,badman
65,33.0,34,globe,roundground
65,33.0,35,thief,bad-magician
65,33.0,36,pride,beaming
65,33.0,37,cloth,raggedy
65,33.0,38,warning,firstshot
65,33.0,39,regime,warstarter
65,33.0,40,evolution,getbetterer
65,33.0,41,decline,nopeness
65,33.0,42,association,soundalike
65,33.0,43,reach,stretchup
65,33.0,44,dark,nothingness
65,33.0,45,precedent,firstime
66,62.0,1,lottery,moneygame
66,62.0,2,entertainment,funtimes
66,62.0,3,quarter,forth
66,62.0,4,total,complete
66,62.0,5,hatred,revulsion
66,62.0,6,stone,hardrock
66,62.0,7,printing,inkrecording
66,62.0,8,collapse,breakdown
66,62.0,9,wit,wordcleaver
66,62.0,10,shortage,lackplenty
66,62.0,11,attraction,fancyme
66,62.0,12,gateway,openfence
66,62.0,13,excitement,veryjoyful
66,62.0,14,freezing,icycold
66,62.0,15,submarine,uboat
66,62.0,16,leadership,flagman
66,62.0,17,argument,gurrwords
66,62.0,18,cheer,heeheeon
66,62.0,19,insurance,safeprep
66,62.0,20,temptation,yummymore
66,62.0,21,journey,jauntywalk
66,62.0,22,receipt,gettystuffy
66,62.0,23,expression,respondyface
66,62.0,24,grief,tearpain
66,62.0,25,holiday,noworkyworky
66,62.0,26,slave,workybad
66,62.0,27,instruction,toldyrules
66,62.0,28,frustration,angyvent
66,62.0,29,state,beinglevey
66,62.0,30,murder,expirebad
66,62.0,31,cargo,boatload
66,62.0,32,role,placement
66,62.0,33,employment,work
66,62.0,34,boyfriend,manlove
66,62.0,35,puppet,ponokio
66,62.0,36,truth,correct
66,62.0,37,feeling,emotion
66,62.0,38,meantime,now
66,62.0,39,mention,say
66,62.0,40,slavery,opression
66,62.0,41,perfection,accurate
66,62.0,42,violation,breach
66,62.0,43,nose,conk
66,62.0,44,dialogue,chat
66,62.0,45,noon,midday
67,35.0,1,series,showgroup
67,35.0,2,color,shadration
67,35.0,3,homeland,countrybirth
67,35.0,4,steam,watersmoke
67,35.0,5,revenge,getbacker
67,35.0,6,tissue,snotwiper
67,35.0,7,repair,fixer
67,35.0,8,spell,letterordered
67,35.0,9,atmosphere,airsurroundings
67,35.0,10,curiosity,catkiller
67,35.0,11,friendship,platonicpartners
67,35.0,12,ruler,straightmeasurer
67,35.0,13,message,wordsender
67,35.0,14,conspiracy,plot
67,35.0,15,supply,give
67,35.0,16,tobacco,cigarette
67,35.0,17,photograph,picture
67,35.0,18,weekend,saturday
67,35.0,19,celebration,party
67,35.0,20,air,oxygen
67,35.0,21,cruelty,malicious
67,35.0,22,determination,commitment
67,35.0,23,beast,monster
67,35.0,24,norm,current
67,35.0,25,republican,conservative
67,35.0,26,plantation,cotton
67,35.0,27,riot,disorder
67,35.0,28,sentiment,feeling
67,35.0,29,compliment,praise
67,35.0,30,advertising,stuffselling
67,35.0,31,click,buttonpressing
67,35.0,32,shot,tinydrink
67,35.0,33,war,constantfighting
67,35.0,34,billion,millionmillion
67,35.0,35,score,totalpoints
67,35.0,36,win,betterthanothers
67,35.0,37,attorney,lawyer
67,35.0,38,penny,smallestmoney
67,35.0,39,value,worthamount
67,35.0,40,dance,moverhythmically
67,35.0,41,loss,unfound
67,35.0,42,item,smallthing
67,35.0,43,department,sectionplace
68,34.0,1,photographer,paparazzi
68,34.0,2,reaction,reception
68,34.0,3,programming,computing
68,34.0,4,intent,purpose
68,34.0,5,seizure,convulsion
68,34.0,6,snack,treat
68,34.0,7,gram,weight
68,34.0,8,debt,payment
68,34.0,9,closure,shutdown
68,34.0,10,principle,moral
68,34.0,11,audience,viewers
68,34.0,12,pattern,design
68,34.0,13,creation,conception
68,34.0,14,email,hotmail
68,34.0,15,leap,jump
68,34.0,16,type,sort
68,34.0,17,management,personorganiser
68,34.0,18,smell,badwhiff
68,34.0,19,smoke,fireycloud
68,34.0,20,land,ownedearth
68,34.0,21,encounter,pathcross
68,34.0,22,application,mascaracoating
68,34.0,23,rally,carmeets
68,34.0,24,commission,salesmanbonus
68,34.0,25,extreme,intenseexcessive
68,34.0,26,language,foreignspeak
68,34.0,27,outlook,forecastweather
68,34.0,28,program,computingsetup
68,34.0,29,strength,musclepower
68,34.0,30,vacation,holidayabroad
68,34.0,31,quote,repeatwords
68,34.0,32,minimum,tincytiny
68,34.0,33,id,ageometer
68,34.0,34,river,rushywater
68,34.0,35,appreciation,happyclappy
68,34.0,36,scout,boyguider
68,34.0,37,obsession,stalkerazy
68,34.0,38,tomb,deadroom
68,34.0,39,article,wordipiece
68,34.0,40,plot,schemies
68,34.0,41,category,dogebloody
68,34.0,42,skill,talearnt
68,34.0,43,discipline,goodiboy
68,34.0,44,philosophy,missionology
68,34.0,45,concentration,focusology
68,34.0,46,insert,puttyin
68,34.0,47,epic,megamazing
69,34.0,1,definition,explainingref
69,34.0,2,trick,magicaction
69,34.0,3,input,first-machine
69,34.0,4,darkness,night-colour
69,34.0,5,region,local-area
69,34.0,6,lecture,educatespeech
69,34.0,7,sea,deepblue
69,34.0,8,recipe,foodinstructions
69,34.0,9,charity,voluntary-org
69,34.0,10,intention,knowing-action
69,34.0,11,county,home-place
69,34.0,12,drain,groundhole
69,34.0,13,treasure,sparklyfindings
69,34.0,14,honesty,truthtelling
69,34.0,15,force,hardimpact
69,34.0,16,assistant,helpme
69,34.0,17,database,storamount
69,34.0,18,expertise,skilwill
69,34.0,19,welfare,salcosy
69,34.0,20,terror,fleeawa
69,34.0,21,trench,deeping
69,34.0,22,cake,yumalot
69,34.0,23,notion,thoughtywink
69,34.0,24,pause,shaclap
69,34.0,25,cartoon,bugwow
69,34.0,26,laughter,haar
69,34.0,27,chaos,wowclap
69,34.0,28,suicide,dowder
69,34.0,29,pension,earnup
69,34.0,30,philosopher,thoughtful
69,34.0,31,error,fault
69,34.0,32,mining,digging
69,34.0,33,romance,love
69,34.0,34,spectrum,umbrella
69,34.0,35,scent,smell
69,34.0,36,effect,reverberation
69,34.0,37,assessment,exam
69,34.0,38,sense,feeling
69,34.0,39,defense,obstruction
69,34.0,40,fortune,wealth
69,34.0,41,battalion,guards
69,34.0,42,victory,win
69,34.0,43,orientation,guide
69,34.0,44,payment,transaction
69,34.0,45,assurance,trust
70,63.0,1,assassination,targeted-dead
70,63.0,2,accent,local-intonations
70,63.0,3,destiny,predetermined-future
70,63.0,4,size,bigsmall
70,63.0,5,politics,westminstercronies
70,63.0,6,label,logo-tag
70,63.0,7,guilt,feels-wrong
70,63.0,8,sword,sharp-stick
70,63.0,9,genius,high-iq
70,63.0,10,abuse,pain-infliction
70,63.0,11,democracy,equality-voice
70,63.0,12,passion,loved-up
70,63.0,13,charm,charisma-full
70,63.0,14,colony,settle-away
70,63.0,15,basis,needness
70,63.0,16,opponent,enemous
70,63.0,17,cancer,tubeblob
70,63.0,18,shame,hidiness
70,63.0,19,miracle,wowsey
70,63.0,20,storm,blowsy
70,63.0,21,hunting,gofinding
70,63.0,22,desire,wantsylotsy
70,63.0,23,assignment,godosey
70,63.0,24,stretch,longypulley
70,63.0,25,pie,pastryroundy
70,63.0,26,method,doey
70,63.0,27,decision,outcomey
70,63.0,28,transcript,print
70,63.0,29,acid,sulphuric
70,63.0,30,counsel,mediate
70,63.0,31,sympathy,compassion
70,63.0,32,economics,business
70,63.0,33,conservative,right-wing
70,63.0,34,hurricane,storm
70,63.0,35,pain,injury
70,63.0,36,storm,cyclone
70,63.0,37,mix,combine
70,63.0,38,electronics,computers
70,63.0,39,maintenance,upkeep
70,63.0,40,operation,procedure
70,63.0,41,limb,arm
70,63.0,42,promotion,advancement
70,63.0,43,victim,casualty
71,28.0,1,determination,veryfocused
71,28.0,2,spell,bewitched
71,28.0,3,air,breeze
71,28.0,4,diabetes,megasugar
71,28.0,5,republican,antidemocrat
71,28.0,6,impulse,fastaction
71,28.0,7,click,button
71,28.0,8,fix,unbrake
71,28.0,9,tissue,sneezecatcher
71,28.0,10,advertising,cleverselling
71,28.0,11,loss,notfound
71,28.0,12,ruler,straitline
71,28.0,13,revenge,badaction
71,28.0,14,beast,beautyand
71,28.0,15,war,figh
71,28.0,16,photograph,snappy
71,28.0,17,celebration,woohoo
71,28.0,18,value,moneeey
71,28.0,19,steam,choochoo
71,28.0,20,sentiment,mems
71,28.0,21,norm,nooneis
71,28.0,22,attorney,lawbreaker
71,28.0,23,friendship,besties
71,28.0,24,plantation,bigfield
71,28.0,25,series,showe
71,28.0,26,penny,spenda
71,28.0,27,compliment,thanku
71,28.0,28,item,mines
71,28.0,29,cruelty,baddy
71,28.0,30,riot,fighty
71,28.0,31,message,answer
71,28.0,32,color,visual
71,28.0,33,atmosphere,feeling
71,28.0,34,score,record
71,28.0,35,dance,movement
71,28.0,36,supply,giving
71,28.0,37,win,best
71,28.0,38,toilet,facilities
71,28.0,39,tobacco,smoke
71,28.0,40,homeland,safety
71,28.0,41,repair,mend
71,28.0,42,shot,shoot
71,28.0,43,billion,money
71,28.0,44,department,area
71,28.0,45,weekend,freedom
71,28.0,46,curiosity,inquisitive
72,66.0,1,smoke,steam-mist
72,66.0,2,audience,crowd-watchers
72,66.0,3,minimum,leastpossible
72,66.0,4,reaction,surpriseresult
72,66.0,5,river,widesteam
72,66.0,6,leap,jumpover
72,66.0,7,article,writtenword
72,66.0,8,appreciation,showgratitude
72,66.0,9,creation,makesomething
72,66.0,10,epic,worlddefying
72,66.0,11,quote,statedword
72,66.0,12,category,subjectarea
72,66.0,13,vacation,holidayouting
72,66.0,14,discipline,appropriatepunishment
72,66.0,15,programming,codingnumbers
72,66.0,16,land,notsea
72,66.0,17,plot,calamite
72,66.0,18,obsession,ubert
72,66.0,19,rally,reamm
72,66.0,20,commission,makeit
72,66.0,21,outlook,briem
72,66.0,22,id,spatio
72,66.0,23,intent,creamite
72,66.0,24,closure,donge
72,66.0,25,scout,skeer
72,66.0,26,debt,wod
72,66.0,27,snack,kile
72,66.0,28,concentration,skerd
72,66.0,29,encounter,alipe
72,66.0,30,tomb,doqn
72,66.0,31,language,lerg
72,66.0,32,principle,prap
72,66.0,33,email,write
72,66.0,34,seizure,spasm
72,66.0,35,gram,weight
72,66.0,36,extreme,intense
72,66.0,37,program,code
72,66.0,38,pattern,repetition
72,66.0,39,type,style
72,66.0,40,photographer,cameraman
72,66.0,41,skill,trade
72,66.0,42,strength,bold
72,66.0,43,smell,stench
72,66.0,44,management,boss
72,66.0,45,insert,enter
72,66.0,46,philosophy,religion
72,66.0,47,gold,metal
72,66.0,48,application,software
73,67.0,1,pattern,repeatpicture
73,67.0,2,principle,basiconcept
73,67.0,3,debt,moneyowing
73,67.0,4,river,natuwaterway
73,67.0,5,concentration,focusthought
73,67.0,6,creation,newmaking
73,67.0,7,appreciation,gratipraise
73,67.0,8,smell,nosenotice
73,67.0,9,leap,longjump
73,67.0,10,outlook,panavita
73,67.0,11,audience,entertainees
73,67.0,12,reaction,reflexagon
73,67.0,13,skill,deepknow
73,67.0,14,extreme,overnorm
73,67.0,15,seizure,epifit
73,67.0,16,strength,muscledom
73,67.0,17,article,objecticon
73,67.0,18,minimum,leastyment
73,67.0,19,discipline,punishation
73,67.0,20,commission,percentigain
73,67.0,21,scout,bobberjobber
73,67.0,22,closure,lockishut
73,67.0,23,program,datator
73,67.0,24,intent,certoact
73,67.0,25,obsession,ovofo
73,67.0,26,insert,popperinner
73,67.0,27,tomb,stiffbox
73,67.0,28,programming,teching
73,67.0,29,plot,storyline
73,67.0,30,id,preposition
73,67.0,31,philosophy,evaluation
73,67.0,32,application,request
73,67.0,33,photographer,snapper
73,67.0,34,type,sort
73,67.0,35,vacation,holiday
73,67.0,36,management,bosses
73,67.0,37,smoke,haze
73,67.0,38,rally,race
73,67.0,39,snack,nibbles
73,67.0,40,quote,say
73,67.0,41,email,message
73,67.0,42,gold,gilt
73,67.0,43,encounter,meet
74,30.0,1,insert,put-in
74,30.0,2,intent,plan-do
74,30.0,3,smell,sensenose
74,30.0,4,type,clickclack
74,30.0,5,encounter,meeties
74,30.0,6,plot,storythrough
74,30.0,7,photographer,clicker-takee
74,30.0,8,id,selfdocument
74,30.0,9,language,wordies
74,30.0,10,quote,said-already
74,30.0,11,principle,beliefal
74,30.0,12,smoke,sorewind
74,30.0,13,closure,comfinal
74,30.0,14,programming,systmaking
74,30.0,15,email,electter
74,30.0,16,epic,saga
74,30.0,17,philosophy,moralism
74,30.0,18,minimum,least
74,30.0,19,debt,owed
74,30.0,20,discipline,resolve
74,30.0,21,scout,lookout
74,30.0,22,skill,ability
74,30.0,23,seizure,shaking
74,30.0,24,appreciation,respect
74,30.0,25,outlook,view
74,30.0,26,snack,edible
74,30.0,27,article,piece
74,30.0,28,concentration,focus
74,30.0,29,river,water
74,30.0,30,application,implementation
74,30.0,31,category,subject
74,30.0,32,creation,designmade
74,30.0,33,obsession,needbad
74,30.0,34,strength,heavylift
74,30.0,35,land,groundearth
74,30.0,36,gram,smallkilo
74,30.0,37,extreme,maximumintense
74,30.0,38,gold,yellowshine
74,30.0,39,leap,overhop
74,30.0,40,commission,askrequest
74,30.0,41,pattern,layoutdesign
74,30.0,42,rally,hopebring
74,30.0,43,tomb,coffinhouse
74,30.0,44,vacation,awaystay
74,30.0,45,audience,watchingstrangers
74,30.0,46,reaction,emoteresponse
74,30.0,47,management,overleaders
75,61.0,1,lecture,teachusall
75,61.0,2,pause,holdem
75,61.0,3,region,mapplace
75,61.0,4,welfare,lifestylecare
75,61.0,5,mining,undergrounddigging
75,61.0,6,trick,thatsmagic
75,61.0,7,force,pressure
75,61.0,8,charity,kindness
75,61.0,9,definition,description
75,61.0,10,assurance,support
75,61.0,11,victory,win
75,61.0,12,expertise,knowhow
75,61.0,13,intention,plan
75,61.0,14,assessment,test
75,61.0,15,spectrum,variety
75,61.0,16,treasure,gold
75,61.0,17,philosopher,wiseman
75,61.0,18,cake,sponge
75,61.0,19,laughter,giggle
75,61.0,20,darkness,blackness
75,61.0,21,recipe,method
75,61.0,22,pension,retireemoney
75,61.0,23,cartoon,funnyanimation
75,61.0,24,suicide,killmyself
75,61.0,25,terror,threatenedsituation
75,61.0,26,notion,thoughtidea
75,61.0,27,sea,waterswim
75,61.0,28,honesty,truthtalk
75,61.0,29,romance,kissydate
75,61.0,30,assistant,helpersecond
75,61.0,31,error,mistakeoops
76,40.0,1,inconvenience,bothertrouble
76,40.0,2,regard,careview
76,40.0,3,prosecutor,courtaccuse
76,40.0,4,oxygen,airbreathe
76,40.0,5,evaluation,testfind
76,40.0,6,corps,armygroup
76,40.0,7,sadness,upsetface
76,40.0,8,venture,projectplan
76,40.0,9,dream,ideasleep
76,40.0,10,disaster,eventhorror
76,40.0,11,midnight,endclock
76,40.0,12,access,openway
76,40.0,13,layout,plandesign
76,40.0,14,music,dancesound
76,40.0,15,rain,noisywater
76,40.0,16,fraud,anti-fair
76,40.0,17,secret,confihush
76,40.0,18,cry,wawawa
76,40.0,19,talent,speciill
76,40.0,20,horror,scareor
76,40.0,21,angle,bentiway
76,40.0,22,countryside,grassield
76,40.0,23,battle,bawar
76,40.0,24,era,lontime
76,40.0,25,festival,eventival
76,40.0,26,stroke,pattisooth
76,40.0,27,laboratory,labace
76,40.0,28,explosion,banwoosh
76,40.0,29,earth,homelanet
76,40.0,30,answer,reply
76,40.0,31,example,template
76,40.0,32,conception,conceiving
76,40.0,33,cut,chop
76,40.0,34,joke,jest
76,40.0,35,actress,performer
76,40.0,36,interview,discussion
76,40.0,37,compassion,empathy
76,40.0,38,plastic,flexible
76,40.0,39,terrorist,bomber
76,40.0,40,warrant,deserve
76,40.0,41,fantasy,fiction
76,40.0,42,voyage,trip
76,40.0,43,depot,warehouse
76,40.0,44,poem,rhyme
76,40.0,45,gambling,betting
77,29.0,1,hatred,angerness
77,29.0,2,cheer,happiful
77,29.0,3,stone,rock
77,29.0,4,violation,intruded
77,29.0,5,leadership,charger
77,29.0,6,gateway,blocker
77,29.0,7,cargo,load
77,29.0,8,aggression,growly
77,29.0,9,argument,headbanging
77,29.0,10,investigation,lookies
77,29.0,11,total,allofit
77,29.0,12,slave,mine
77,29.0,13,wit,superbrain
77,29.0,14,attraction,likingyou
77,29.0,15,slavery,miney
77,29.0,16,role,job
77,29.0,17,receipt,invoice
77,29.0,18,dialogue,chat
77,29.0,19,expression,emotion
77,29.0,20,meantime,next
77,29.0,21,collapse,fall
77,29.0,22,mention,refer
77,29.0,23,entertainment,distracted
77,29.0,24,employment,job
77,29.0,25,insurance,cover
77,29.0,26,lottery,gambling
77,29.0,27,nose,nostrils
77,29.0,28,boyfriend,man
77,29.0,29,murder,death
77,29.0,30,grief,despair
77,29.0,31,submarine,underwater
77,29.0,32,journey,travel
77,29.0,33,excitement,superfun
77,29.0,34,printing,paperpusher
77,29.0,35,noon,midday
77,29.0,36,freezing,supercold
77,29.0,37,state,area
77,29.0,38,shortage,runout
77,29.0,39,perfection,immaculate
77,29.0,40,quarter,halfhalf
77,29.0,41,feeling,emotion
77,29.0,42,instruction,whattodo
77,29.0,43,temptation,resister
77,29.0,44,author,booksigner
77,29.0,45,puppet,dancingdoll
77,29.0,46,frustration,angerment
77,29.0,47,truth,alwaystell
77,29.0,48,holiday,timeaway
78,20.0,1,type,write
78,20.0,2,appreciation,appreciate
78,20.0,3,encounter,meet
78,20.0,4,leap,jump
78,20.0,5,creation,make
78,20.0,6,application,useage
78,20.0,7,category,subject
78,20.0,8,rally,group
78,20.0,9,tomb,grave
78,20.0,10,debt,credit
78,20.0,11,epic,amazing
78,20.0,12,philosophy,ideology
78,20.0,13,concentration,focus
78,20.0,14,reaction,remake
78,20.0,15,pattern,design
78,20.0,16,photographer,photography
78,20.0,17,skill,workability
78,20.0,18,strength,powerthreshold
78,20.0,19,seizure,bodyconvulsion
78,20.0,20,smell,badaroma
78,20.0,21,management,grouporganisation
78,20.0,22,principle,basicrules
78,20.0,23,land,dirtmass
78,20.0,24,discipline,responsibilityskill
78,20.0,25,closure,situationend
78,20.0,26,gram,kilothousandth
78,20.0,27,commission,workorder
78,20.0,28,id,personcard
78,20.0,29,obsession,overlyaddicted
78,20.0,30,program,timeschedule
78,20.0,31,email,digitalletter
78,20.0,32,insert,placeinside
78,20.0,33,plot,thinkingbig
78,20.0,34,scout,watcher
78,20.0,35,smoke,greycloud
78,20.0,36,article,wordcollection
78,20.0,37,programming,techcreating
78,20.0,38,minimum,leastest
78,20.0,39,intent,meaningest
78,20.0,40,quote,wordpaste
78,20.0,41,vacation,workpause
78,20.0,42,river,waterpath
78,20.0,43,snack,tinymeal
78,20.0,44,extreme,verytreme
78,20.0,45,language,wordscape
78,20.0,46,audience,peoplewatchers
78,20.0,47,gold,yellowmetal
79,32.0,1,middle,center
79,32.0,2,evolution,darwinism
79,32.0,3,dark,black
79,32.0,4,mystery,unsolved
79,32.0,5,criminal,offender
79,32.0,6,ability,talent
79,32.0,7,village,surburb
79,32.0,8,illusion,magic
79,32.0,9,platinum,bleach
79,32.0,10,survival,living
79,32.0,11,mineral,ore
79,32.0,12,deposition,downfall
79,32.0,13,union,merge
79,32.0,14,heaven,nirvana
79,32.0,15,regime,routine
79,32.0,16,community,group
79,32.0,17,obstacle,blockmove
79,32.0,18,flight,skymovement
79,32.0,19,cloth,fabricrag
79,32.0,20,decline,morebad
79,32.0,21,draft,firstversion
79,32.0,22,thief,takeraway
79,32.0,23,criticism,notpraise
79,32.0,24,pride,simbahome
79,32.0,25,warning,scarewords
79,32.0,26,correspondence,wordsending
79,32.0,27,liability,faultblame
79,32.0,28,experiment,sciencesession
79,32.0,29,sunshine,lightrays
79,32.0,30,competition,winlose
79,32.0,31,script,dialogueinstruction
79,32.0,32,precedent,beforey
79,32.0,33,association,relaton
79,32.0,34,fuel,gogoswoosh
79,32.0,35,curse,kedavra
79,32.0,36,loan,givee
79,32.0,37,violence,shukshuk
79,32.0,38,serial,numnum
79,32.0,39,reunion,boobae
79,32.0,40,accountant,countery
79,32.0,41,glow,yinny
79,32.0,42,assumption,hubdum
79,32.0,43,fear,rawraw
79,32.0,44,rumor,gossep
79,32.0,45,reference,flibber
79,32.0,46,reach,cantcant
80,51.0,1,travel,placehopping
80,51.0,2,parliament,politicasa
80,51.0,3,territory,mudspace
80,51.0,4,gaming,digiboard
80,51.0,5,scenario,falsescene
80,51.0,6,coal,blump
80,51.0,7,purity,empclean
80,51.0,8,jungle,wildway
80,51.0,9,price,devilfood
80,51.0,10,mistake,cheror
80,51.0,11,log,deadbark
80,51.0,12,performance,actup
80,51.0,13,syndrome,hellpain
80,51.0,14,dragon,firewing
80,51.0,15,military,army
80,51.0,16,purpose,aim
80,51.0,17,conversation,discussion
80,51.0,18,arrangement,agreement
80,51.0,19,loyalty,allegiance
80,51.0,20,injury,wound
80,51.0,21,communication,talking
80,51.0,22,seminar,lecture
80,51.0,23,refuge,home
80,51.0,24,detail,content
80,51.0,25,danger,harm
80,51.0,26,process,digest
80,51.0,27,skull,head
80,51.0,28,code,language
80,51.0,29,symbol,sign
80,51.0,30,south,oppositenorth
80,51.0,31,gravity,fallingapple
80,51.0,32,forum,meetingplace
80,51.0,33,branch,treearm
80,51.0,34,opposition,enemyresistance
80,51.0,35,album,vinyldisc
80,51.0,36,burst,popopen
80,51.0,37,winter,beforespring
80,51.0,38,trade,sellandbuy
80,51.0,39,enthusiasm,excitedpassion
80,51.0,40,length,measurealong
80,51.0,41,trip,excursionaway
80,51.0,42,nature,outdoorlife
80,51.0,43,practice,tryout
80,51.0,44,cruise,sailingaround
80,51.0,45,analyst,researchingdetail
81,53.0,1,collapse,break
81,53.0,2,journey,travels
81,53.0,3,slave,gofa
81,53.0,4,mention,reming
81,53.0,5,truth,honest
81,53.0,6,murder,kill
81,53.0,7,freezing,icy
81,53.0,8,noon,midday
81,53.0,9,gateway,escape
81,53.0,10,attraction,fancy
81,53.0,11,holiday,break
81,53.0,12,argument,dissagreement
81,53.0,13,puppet,toy
81,53.0,14,lottery,gamble
81,53.0,15,employment,job
81,53.0,16,hatred,notlike
81,53.0,17,instruction,ordered
81,53.0,18,slavery,kidnapped
81,53.0,19,feeling,feellike
81,53.0,20,perfection,beperfect
81,53.0,21,expression,show
81,53.0,22,insurance,car
81,53.0,23,excitement,be-happy
81,53.0,24,dialogue,set-rules
81,53.0,25,submarine,underwater-boat
81,53.0,26,grief,un-happy
81,53.0,27,meantime,for-now
81,53.0,28,cargo,lorries
81,53.0,29,nose,smell-with
81,53.0,30,shortage,lack-off
81,53.0,31,entertainment,enjoyment
81,53.0,32,quarter,oneforth
81,53.0,33,frustration,annoying
81,53.0,34,boyfriend,otherhalf
81,53.0,35,investigation,lookfor
81,53.0,36,state,intizzy
81,53.0,37,violation,attacked
81,53.0,38,author,bookwriter
81,53.0,39,aggression,angrysole
81,53.0,40,cheer,behappy
81,53.0,41,leadership,takelead
81,53.0,42,temptation,betempted
81,53.0,43,printing,copytext
81,53.0,44,receipt,shopbill
81,53.0,45,wit,humour
81,53.0,46,stone,gardenpebble
82,73.0,1,darkness,bat-time
82,73.0,2,cake,teatime-sharer
82,73.0,3,error,bumble
82,73.0,4,fortune,cashpile
82,73.0,5,crisis,deep-pit
82,73.0,6,treasure,keep-close
82,73.0,7,terror,poo-event
82,73.0,8,effect,happen-out
82,73.0,9,pause,breathstop
82,73.0,10,laughter,gigglestorm
82,73.0,11,innocence,cleardom
82,73.0,12,mining,digdown
82,73.0,13,intention,mean-to
82,73.0,14,assurance,backedup
82,73.0,15,definition,word-history
82,73.0,16,defense,protection
82,73.0,17,spectrum,range
82,73.0,18,orientation,direction
82,73.0,19,cartoon,drawing
82,73.0,20,county,region
82,73.0,21,battalion,company
82,73.0,22,region,area
82,73.0,23,drain,empty
82,73.0,24,expertise,skill
82,73.0,25,assistant,helper
82,73.0,26,sea,mare
82,73.0,27,notion,idea
82,73.0,28,honesty,truth
82,73.0,29,recipe,components
82,73.0,30,charity,trust
82,73.0,31,assessment,judgement
82,73.0,32,trench,dug-hole
82,73.0,33,suicide,my-die
82,73.0,34,merit,my-worth
82,73.0,35,welfare,how-good
82,73.0,36,payment,moneycost
82,73.0,37,romance,love-event
82,73.0,38,database,info-storer
82,73.0,39,scent,nosesmell
82,73.0,40,sense,know-feel
82,73.0,41,lecture,learning-talk
82,73.0,42,pension,oldies-money
82,73.0,43,trick,fool-game
82,73.0,44,input,idea-event
82,73.0,45,force,make-push
82,73.0,46,victory,winstory
82,73.0,47,chaos,muddle-extravaganza
83,22.0,1,message,texting
83,22.0,2,impulse,sudden
83,22.0,3,item,object
83,22.0,4,advertising,teleshow
83,22.0,5,photograph,stillvideo
83,22.0,6,celebration,party
83,22.0,7,color,vibrant
83,22.0,8,repair,fixing
83,22.0,9,attorney,heresay
83,22.0,10,loss,despairs
83,22.0,11,conspiracy,controversial
83,22.0,12,determination,focusing
83,22.0,13,plantation,slavery
83,22.0,14,spell,wizards
83,22.0,15,fix,mended
83,22.0,16,discretion,careful
83,22.0,17,shot,gun
83,22.0,18,toilet,bathroom
83,22.0,19,compliment,commending
83,22.0,20,curiosity,wondering
83,22.0,21,steam,kettle
83,22.0,22,riot,protest
83,22.0,23,value,economy
83,22.0,24,supply,demand
83,22.0,25,penny,pence
83,22.0,26,diabetes,sugar
83,22.0,27,republican,conservative
83,22.0,28,department,field
83,22.0,29,ruler,measuring
83,22.0,30,tissue,sneeze
83,22.0,31,dance,party
83,22.0,32,beast,monster
83,22.0,33,friendship,nicecompanion
83,22.0,34,war,nationalconflict
83,22.0,35,score,pointsystem
83,22.0,36,homeland,grewup
83,22.0,37,series,multiplesomething
83,22.0,38,click,mousepress
83,22.0,39,weekend,saturdaysunday
83,22.0,40,win,firstcompetition
83,22.0,41,tobacco,rollingcigarette
83,22.0,42,billion,thousandmillion
83,22.0,43,atmosphere,locationsenergy
83,22.0,44,norm,notweird
83,22.0,45,sentiment,associatedvalue
83,22.0,46,cruelty,animalmean
83,22.0,47,air,oxygenspace
83,22.0,48,revenge,unforgivingpayback
84,53.0,1,glow,glightee
84,53.0,2,experiment,try-al
84,53.0,3,globe,whirl-dee
84,53.0,4,evolution,bettachange
84,53.0,5,criminal,lorbreaks
84,53.0,6,serial,c-rees
84,53.0,7,illusion,sickusion
84,53.0,8,pride,rainflag
84,53.0,9,ability,potentility
84,53.0,10,reference,quote
84,53.0,11,script,direction
84,53.0,12,dark,moonless
84,53.0,13,regime,rules
84,53.0,14,village,hamlet
84,53.0,15,reach,strive
84,53.0,16,fuel,gasoline
84,53.0,17,violence,viciousness
84,53.0,18,rumor,gossip
84,53.0,19,decline,refuse
84,53.0,20,sunshine,solar
84,53.0,21,union,joining
84,53.0,22,fear,terror
84,53.0,23,correspondence,letter
84,53.0,24,precedent,first
84,53.0,25,deposition,silting
84,53.0,26,obstacle,wayblock
84,53.0,27,heaven,not-hell
84,53.0,28,warning,cautiongiver
84,53.0,29,accountant,moneychecker
84,53.0,30,liability,riskperson
84,53.0,31,middle,centreplace
84,53.0,32,loan,cash-lend
84,53.0,33,mineral,water-hardener
84,53.0,34,competition,against-others
84,53.0,35,curse,darkthreat
84,53.0,36,flight,airwings
84,53.0,37,draft,armyforce
84,53.0,38,cloth,materialworn
84,53.0,39,reunion,againmeet
84,53.0,40,thief,item-taker
84,53.0,41,mystery,unknown-thing
85,25.0,1,abuse,badhit
85,25.0,2,storm,loudsky
85,25.0,3,method,typeway
85,25.0,4,size,shapetype
85,25.0,5,cancer,popularillness
85,25.0,6,stretch,pullelastic
85,25.0,7,inventor,newmakee
85,25.0,8,economics,unsure
85,25.0,9,hunting,shootygun
85,25.0,10,genius,bigbrain
85,25.0,11,assassination,hiredmurder
85,25.0,12,acid,burningliquid
85,25.0,13,victim,stabsurvivor
85,25.0,14,policeman,lawprovider
85,25.0,15,assignment,givenquest
85,25.0,16,transcript,readpaper
85,25.0,17,label,scratchist
85,25.0,18,shame,blushies
85,25.0,19,democracy,peopleing
85,25.0,20,pregnancy,babbies
85,25.0,21,basis,startish
85,25.0,22,breast,bungaloos
85,25.0,23,passion,lushties
85,25.0,24,promotion,uppies
85,25.0,25,decision,choosed
85,25.0,26,destiny,fateshed
85,25.0,27,electronics,beedies
85,25.0,28,storm,whoosher
85,25.0,29,desire,cofed
85,25.0,30,counsel,noots
85,25.0,31,miracle,balooey
85,25.0,32,conservative,prudish
85,25.0,33,limb,phalangies
85,25.0,34,operation,surgery
85,25.0,35,accent,voice
85,25.0,36,pie,crumble
85,25.0,37,hunger,starving
85,25.0,38,hurricane,tornado
85,25.0,39,opponent,challenger
85,25.0,40,guilt,shame
85,25.0,41,charm,affection
85,25.0,42,politics,elections
85,25.0,43,sympathy,empathy
85,25.0,44,colony,grouping
85,25.0,45,maintenance,fix
85,25.0,46,sword,rapier
86,50.0,1,inventor,orginator
86,50.0,2,policeman,copperperson
86,50.0,3,accent,countrylingo
86,50.0,4,abuse,hurtfulact
86,50.0,5,desire,deslong
86,50.0,6,pregnancy,babesoon
86,50.0,7,victim,hurter
86,50.0,8,cancer,bigc
86,50.0,9,label,tagger
86,50.0,10,charm,lovechar
86,50.0,11,stretch,longer
86,50.0,12,storm,tempeststor
86,50.0,13,operation,op
86,50.0,14,miracle,marvel
86,50.0,15,storm,hurricane
86,50.0,16,hunting,after
86,50.0,17,opponent,competition
86,50.0,18,assignment,job
86,50.0,19,conservative,quiet
86,50.0,20,hunger,starving
86,50.0,21,method,way
86,50.0,22,pain,hurt
86,50.0,23,guilt,worry
86,50.0,24,maintenance,upkeep
86,50.0,25,breast,boob
86,50.0,26,basis,footing
86,50.0,27,promotion,upskill
86,50.0,28,sympathy,care
86,50.0,29,sword,knifesharpe
86,50.0,30,passion,lovecare
86,50.0,31,shame,guiltridden
86,50.0,32,democracy,peopledriven
86,50.0,33,counsel,peopleadvice
86,50.0,34,mix,mashup
86,50.0,35,genius,egghead
86,50.0,36,transcript,writtenword
86,50.0,37,decision,decidedon
86,50.0,38,colony,countrygroup
86,50.0,39,politics,government
86,50.0,40,hurricane,windblast
86,50.0,41,size,bigorsmall
87,24.0,1,penny,coin
87,24.0,2,photograph,picture
87,24.0,3,series,season
87,24.0,4,beast,monster
87,24.0,5,determination,willpower
87,24.0,6,loss,reduction
87,24.0,7,riot,chaos
87,24.0,8,revenge,blackmail
87,24.0,9,repair,fix
87,24.0,10,air,oxygen
87,24.0,11,steam,vapour
87,24.0,12,spell,magic
87,24.0,13,attorney,lawyer
87,24.0,14,discretion,hidden
87,24.0,15,cruelty,suffering
87,24.0,16,department,section
87,24.0,17,war,smallbattle
87,24.0,18,toilet,peepot
87,24.0,19,plantation,growingspace
87,24.0,20,supply,givesomething
87,24.0,21,celebration,partyevent
87,24.0,22,norm,usualactivity
87,24.0,23,score,numberedoutcome
87,24.0,24,atmosphere,roomfeel
87,24.0,25,weekend,saturdaysunday
87,24.0,26,sentiment,personalfeeling
87,24.0,27,curiosity,interestdesire
87,24.0,28,republican,notdemocrat
87,24.0,29,item,individualobject
87,24.0,30,conspiracy,realtruth
87,24.0,31,advertising,marketingsomething
87,24.0,32,friendship,groupeelove
87,24.0,33,dance,dadada
87,24.0,34,shot,pwop
87,24.0,35,message,bing
87,24.0,36,color,rainbowy
87,24.0,37,diabetes,sugarbloo
87,24.0,38,fix,kerching
87,24.0,39,tissue,cryee
87,24.0,40,impulse,ah
87,24.0,41,compliment,awww
87,24.0,42,ruler,measuree
87,24.0,43,homeland,livee
87,24.0,44,win,yay
87,24.0,45,click,mouser
87,24.0,46,value,bestest
87,24.0,47,billion,megamostest
88,61.0,1,item,athing
88,61.0,2,discretion,keepsecret
88,61.0,3,department,unitplace
88,61.0,4,norm,theusual
88,61.0,5,conspiracy,paranoidia
88,61.0,6,cruelty,badlyhurt
88,61.0,7,homeland,wherilive
88,61.0,8,revenge,servedcold
88,61.0,9,war,manybattle
88,61.0,10,compliment,ilikee
88,61.0,11,photograph,machinelikeness
88,61.0,12,attorney,cheatingperson
88,61.0,13,billion,lossamoney
88,61.0,14,repair,brokenbetter
88,61.0,15,plantation,farm
88,61.0,16,impulse,jumped
88,61.0,17,weekend,unemployed
88,61.0,18,fix,repair
88,61.0,19,air,breathe
88,61.0,20,dance,tango
88,61.0,21,tobacco,smoking
88,61.0,22,beast,terrible
88,61.0,23,score,outcome
88,61.0,24,ruler,straightedge
88,61.0,25,supply,give
88,61.0,26,loss,missed
88,61.0,27,color,rainbow
88,61.0,28,curiosity,interest
88,61.0,29,celebration,party
88,61.0,30,win,purveil
88,61.0,31,spell,lettrword
88,61.0,32,value,thecost
88,61.0,33,riot,meleelots
88,61.0,34,shot,brokenbust
88,61.0,35,tissue,skinpaper
88,61.0,36,click,tickonce
88,61.0,37,message,amissive
88,61.0,38,advertising,sellingstuff
88,61.0,39,penny,singlecoin
88,61.0,40,republican,gunenthusiast
88,61.0,41,diabetes,sugarsickness
88,61.0,42,friendship,nextbest
88,61.0,43,determination,mustdo
88,61.0,44,atmosphere,theair
88,61.0,45,toilet,watercloset
89,25.0,1,storm,weather
89,25.0,2,pain,ouch
89,25.0,3,pregnancy,baby
89,25.0,4,abuse,hitting
89,25.0,5,assassination,murder
89,25.0,6,counsel,helper
89,25.0,7,democracy,gvernment
89,25.0,8,opponent,enemy
89,25.0,9,victim,help
89,25.0,10,conservative,rightwing
89,25.0,11,desire,love
89,25.0,12,electronics,tv
89,25.0,13,destiny,future
89,25.0,14,sword,knife
89,25.0,15,accent,language
89,25.0,16,decision,thought-do
89,25.0,17,breast,boob
89,25.0,18,basis,starter
89,25.0,19,method,procedure-do
89,25.0,20,hunting,gunbang
89,25.0,21,cancer,medicaldeath
89,25.0,22,hunger,ouch-stomach
89,25.0,23,mix,stir-up
89,25.0,24,transcript,write-paper
89,25.0,25,inventor,person-thinker
89,25.0,26,miracle,wow-moment
89,25.0,27,sympathy,sad-help
89,25.0,28,genius,smart-person
89,25.0,29,pie,yum-circle
89,25.0,30,economics,think-money
89,25.0,31,politics,think-power
89,25.0,32,colony,bacteriagroup
89,25.0,33,limb,myarm
89,25.0,34,passion,ooohh
89,25.0,35,shame,grub
89,25.0,36,acid,burch
89,25.0,37,promotion,yespay
89,25.0,38,stretch,hmmmm
89,25.0,39,operation,sawer
89,25.0,40,label,stic
89,25.0,41,hurricane,whoosg
89,25.0,42,guilt,flubber
89,25.0,43,maintenance,grout
89,25.0,44,assignment,drust
89,25.0,45,charm,oohm
89,25.0,46,size,flatt
89,25.0,47,policeman,bop
90,22.0,1,symbol,picture-letter
90,22.0,2,gravity,downforce
90,22.0,3,dragon,dinosaur-lizard
90,22.0,4,trade,buy-sell
90,22.0,5,communication,trade-talk
90,22.0,6,cruise,ship-holiday
90,22.0,7,gaming,consoleplay
90,22.0,8,code,secrethide
90,22.0,9,branch,treearm
90,22.0,10,scenario,storyidea
90,22.0,11,purpose,motivationfiller
90,22.0,12,enthusiasm,happyenergy
90,22.0,13,territory,bordered-land
90,22.0,14,seminar,contributing-tutorial
90,22.0,15,process,plool
90,22.0,16,length,brioth
90,22.0,17,conversation,splalk
90,22.0,18,nature,croana
90,22.0,19,price,lorthe
90,22.0,20,album,micyl
90,22.0,21,syndrome,grasition
90,22.0,22,injury,trorth
90,22.0,23,coal,kark
90,22.0,24,refuge,wrothe
90,22.0,25,log,triulp
90,22.0,26,burst,pluip
90,22.0,27,performance,porm
90,22.0,28,clause,suleget
90,22.0,29,travel,journey
90,22.0,30,analyst,examiner
90,22.0,31,opposition,enemy
90,22.0,32,forum,thread
90,22.0,33,mistake,error
90,22.0,34,warrior,fighter
90,22.0,35,skull,head
90,22.0,36,danger,threat
90,22.0,37,purity,chastity
90,22.0,38,graduation,finishing
90,22.0,39,south,down
90,22.0,40,jungle,forest
90,22.0,41,trip,fall
90,22.0,42,parliament,council
90,22.0,43,practice,trial
90,22.0,44,arrangement,fixing
91,46.0,1,cartoon,drawing
91,46.0,2,input,enter
91,46.0,3,spectrum,range
91,46.0,4,orientation,bearings
91,46.0,5,sense,grasp
91,46.0,6,philosopher,thinker
91,46.0,7,chaos,unruly
91,46.0,8,notion,idea
91,46.0,9,terror,scared
91,46.0,10,expertise,skills
91,46.0,11,cake,sponge
91,46.0,12,effect,outcome
91,46.0,13,merit,award
91,46.0,14,trench,dugout
91,46.0,15,honesty,truthful
91,46.0,16,sea,ocean
91,46.0,17,lecture,infonews
91,46.0,18,county,area
91,46.0,19,error,mistook
91,46.0,20,laughter,hahass
91,46.0,21,crisis,uhoh
91,46.0,22,fortune,glitterbags
91,46.0,23,defense,argybargy
91,46.0,24,assessment,lookyloo
91,46.0,25,mining,diggydirt
91,46.0,26,battalion,fighty
91,46.0,27,scent,whiffywiff
91,46.0,28,assistant,helpyhand
91,46.0,29,innocence,cleansoul
91,46.0,30,romance,loveflutter
91,46.0,31,trick,sneaksy
91,46.0,32,pension,cashio
91,46.0,33,payment,remittance
91,46.0,34,region,area
91,46.0,35,treasure,precious
91,46.0,36,database,information
91,46.0,37,welfare,health
91,46.0,38,darkness,nightime
91,46.0,39,definition,explanation
91,46.0,40,suicide,death
91,46.0,41,recipe,method
91,46.0,42,victory,win
91,46.0,43,drain,suction
91,46.0,44,force,power
91,46.0,45,assurance,guarantee
91,46.0,46,charity,giving
91,46.0,47,pause,stop
91,46.0,48,intention,declaration
92,49.0,1,celebration,happarty
92,49.0,2,war,killeach
92,49.0,3,tobacco,fagkill
92,49.0,4,compliment,praisegob
92,49.0,5,cruelty,sickact
92,49.0,6,toilet,poopot
92,49.0,7,ruler,kinghead
92,49.0,8,item,itbit
92,49.0,9,plantation,growfarm
92,49.0,10,penny,mincoin
92,49.0,11,friendship,bestfri
92,49.0,12,discretion,lipkeep
92,49.0,13,fix,doright
92,49.0,14,revenge,hitback
92,49.0,15,department,shopsect
92,49.0,16,sentiment,tenderness
92,49.0,17,spell,magic
92,49.0,18,steam,vapour
92,49.0,19,photograph,pic
92,49.0,20,air,atmosphere
92,49.0,21,tissue,skin
92,49.0,22,click,tick
92,49.0,23,advertising,promoting
92,49.0,24,attorney,lawyer
92,49.0,25,conspiracy,plot
92,49.0,26,series,episodes
92,49.0,27,win,success
92,49.0,28,billion,millions
92,49.0,29,repair,fix
92,49.0,30,value,price
92,49.0,31,atmosphere,air
92,49.0,32,supply,giveamount
92,49.0,33,impulse,quickresponse
92,49.0,34,shot,hitout
92,49.0,35,weekend,satsunday
92,49.0,36,homeland,birthplace
92,49.0,37,riot,streetfight
92,49.0,38,norm,allavrage
92,49.0,39,score,matchresult
92,49.0,40,message,wordtext
92,49.0,41,loss,minusdown
92,49.0,42,color,rainbowchoice
92,49.0,43,diabetes,sugarintolerant
92,49.0,44,beast,biganimal
92,49.0,45,republican,partyus
92,49.0,46,dance,boogiejig
92,49.0,47,determination,mindstrength
93,33.0,1,attraction,love
93,33.0,2,nose,face
93,33.0,3,shortage,fewer
93,33.0,4,meantime,currently
93,33.0,5,author,book
93,33.0,6,role,model
93,33.0,7,mention,specify
93,33.0,8,frustration,annoyance
93,33.0,9,dialogue,talking
93,33.0,10,total,all
93,33.0,11,collapse,fall
93,33.0,12,wit,smart
93,33.0,13,submarine,boat
93,33.0,14,boyfriend,lover
93,33.0,15,feeling,emotion
93,33.0,16,gateway,portal
93,33.0,17,quarter,smallcoin
93,33.0,18,excitement,extrahappy
93,33.0,19,instruction,tudorguide
93,33.0,20,entertainment,funtime
93,33.0,21,cheer,expressglee
93,33.0,22,puppet,stringman
93,33.0,23,freezing,hardwater
93,33.0,24,hatred,badmood
93,33.0,25,state,governmentborder
93,33.0,26,slave,zeropay
93,33.0,27,slavery,horribleact
93,33.0,28,holiday,warmexpedition
93,33.0,29,receipt,purchasehistory
93,33.0,30,murder,bloodbody
93,33.0,31,truth,honestry
93,33.0,32,cargo,boproducts
93,33.0,33,noon,colnight
93,33.0,34,journey,distwalk
93,33.0,35,employment,monallet
93,33.0,36,perfection,pretface
93,33.0,37,temptation,chocosin
93,33.0,38,violation,nonouch
93,33.0,39,printing,papeletter
93,33.0,40,aggression,angeface
93,33.0,41,stone,grehard
93,33.0,42,insurance,protecmoney
93,33.0,43,argument,shoutime
93,33.0,44,grief,sadeath
93,33.0,45,leadership,heaperson
94,34.0,1,philosophy,lopsy
94,34.0,2,debt,ebt
94,34.0,3,smoke,snoke
94,34.0,4,skill,wing
94,34.0,5,article,icle
94,34.0,6,obsession,finks
94,34.0,7,insert,inle
94,34.0,8,land,gond
94,34.0,9,leap,charf
94,34.0,10,discipline,liplise
94,34.0,11,programming,ramby
94,34.0,12,id,zing
94,34.0,13,photographer,picza
94,34.0,14,tomb,deze
94,34.0,15,email,snailz
94,34.0,16,application,lication
94,34.0,17,rally,charge
94,34.0,18,concentration,thinking
94,34.0,19,plot,twist
94,34.0,20,scout,lookout
94,34.0,21,extreme,hightened
94,34.0,22,gram,ounce
94,34.0,23,vacation,holiday
94,34.0,24,gold,metal
94,34.0,25,river,lake
94,34.0,26,snack,crisps
94,34.0,27,epic,amazing
94,34.0,28,pattern,symbolism
94,34.0,29,encounter,discuss
94,34.0,30,quote,speak
94,34.0,31,closure,closed
94,34.0,32,reaction,shock
94,34.0,33,seizure,head-butt
94,34.0,34,principle,school-head
94,34.0,35,type,partner-pick
94,34.0,36,minimum,small-amount
94,34.0,37,strength,stay-strong
94,34.0,38,category,pick-type
94,34.0,39,language,english-french
94,34.0,40,program,for-amount
94,34.0,41,smell,stink-ing
94,34.0,42,commission,money-money
94,34.0,43,management,top-dog
94,34.0,44,creation,new-work
94,34.0,45,appreciation,thank-you
94,34.0,46,outlook,positive-thinking
94,34.0,47,audience,watching-debating
94,34.0,48,intent,for-doing
95,60.0,1,operation,procedure
95,60.0,2,policeman,officer
95,60.0,3,opponent,opposition
95,60.0,4,promotion,offer
95,60.0,5,hurricane,tornado
95,60.0,6,hunting,poaching
95,60.0,7,basis,understanding
95,60.0,8,method,mode
95,60.0,9,assassination,murder
95,60.0,10,sword,epie
95,60.0,11,breast,chest
95,60.0,12,storm,tempest
95,60.0,13,passion,eagerness
95,60.0,14,colony,settlement
95,60.0,15,democracy,majority
95,60.0,16,maintenance,upkeep
95,60.0,17,counsel,advice-giver
95,60.0,18,stretch,elasticpull
95,60.0,19,guilt,negative-wrong
95,60.0,20,economics,societal-resources
95,60.0,21,pie,baked-tart
95,60.0,22,cancer,diseased-cells
95,60.0,23,mix,variety-jumble
95,60.0,24,size,overall-dimensions
95,60.0,25,abuse,mistreat
95,60.0,26,decision,resolved-selection
95,60.0,27,pain,negative-ache
95,60.0,28,genius,exceptionally-intelligent
95,60.0,29,hunger,foodpang
95,60.0,30,conservative,shyperson
95,60.0,31,storm,windsy
95,60.0,32,pregnancy,fullwomb
95,60.0,33,desire,yearwant
95,60.0,34,accent,speakway
95,60.0,35,sympathy,comfeeling
95,60.0,36,assignment,tasker
95,60.0,37,label,taginfo
95,60.0,38,transcript,writword
95,60.0,39,destiny,futurvent
95,60.0,40,politics,govwork
95,60.0,41,acid,burnit
95,60.0,42,electronics,wiredups
96,27.0,1,promotion,upgrade
96,27.0,2,politics,governance
96,27.0,3,assassination,elimination
96,27.0,4,abuse,misuse
96,27.0,5,operation,surgery
96,27.0,6,guilt,regret
96,27.0,7,limb,segments
96,27.0,8,victim,prey
96,27.0,9,passion,enthusiasm
96,27.0,10,label,tag
96,27.0,11,electronics,computers
96,27.0,12,storm,whirlwind
96,27.0,13,miracle,magic
96,27.0,14,accent,dialect
96,27.0,15,breast,boob
96,27.0,16,opponent,adversary
96,27.0,17,inventor,idea-creator
96,27.0,18,assignment,taskwork
96,27.0,19,basis,foundationform
96,27.0,20,stretch,longmore
96,27.0,21,size,areameasure
96,27.0,22,method,waydo
96,27.0,23,policeman,lawenforcer
96,27.0,24,acid,antalkali
96,27.0,25,transcript,scribeform
96,27.0,26,pain,discomfortsense
96,27.0,27,maintenance,keepwell
96,27.0,28,hunting,preystalk
96,27.0,29,destiny,seerspeak
96,27.0,30,storm,wildwind
96,27.0,31,desire,mindlust
96,27.0,32,cancer,cellism
96,27.0,33,pregnancy,uterostate
96,27.0,34,sympathy,carely
96,27.0,35,economics,moneflow
96,27.0,36,hurricane,atmobomb
96,27.0,37,counsel,advoman
96,27.0,38,shame,suithought
96,27.0,39,pie,foodett
96,27.0,40,decision,firmind
96,27.0,41,mix,thwip
96,27.0,42,colony,exculture
96,27.0,43,sword,shing
97,48.0,1,wit,smartfunny
97,48.0,2,grief,deathpain
97,48.0,3,author,bookwriter
97,48.0,4,feeling,sensationisms
97,48.0,5,attraction,megappeal
97,48.0,6,meantime,waitywaity
97,48.0,7,nose,smeller
97,48.0,8,perfection,bestest
97,48.0,9,truth,nonfib
97,48.0,10,noon,sunup
97,48.0,11,temptation,enticebait
97,48.0,12,instruction,direction
97,48.0,13,boyfriend,companion
97,48.0,14,quarter,fourth
97,48.0,15,employment,job
97,48.0,16,submarine,submersible
97,48.0,17,puppet,marionette
97,48.0,18,receipt,check
97,48.0,19,hatred,loathing
97,48.0,20,slavery,serf
97,48.0,21,cargo,consignment
97,48.0,22,violation,infringement
97,48.0,23,investigation,examination
97,48.0,24,aggression,threatening
97,48.0,25,lottery,prize
97,48.0,26,frustration,annoyance
97,48.0,27,argument,disagreement
97,48.0,28,insurance,accidentpay
97,48.0,29,printing,inkstamp
97,48.0,30,state,currentsituation
97,48.0,31,journey,traveltrip
97,48.0,32,gateway,accesspoint
97,48.0,33,freezing,subzero
97,48.0,34,total,addingup
97,48.0,35,holiday,nowork
97,48.0,36,shortage,notenough
97,48.0,37,dialogue,writtentalking
97,48.0,38,excitement,enthusiasticbuzz
97,48.0,39,murder,killcrime
97,48.0,40,stone,hardrock
97,48.0,41,cheer,happycry
97,48.0,42,slave,unwillingworker
97,48.0,43,collapse,crashdown
98,37.0,1,pension,oldey
98,37.0,2,victory,victorwin
98,37.0,3,chaos,mados
98,37.0,4,defense,dewall
98,37.0,5,charity,charitme
98,37.0,6,trick,mick
98,37.0,7,darkness,blackness
98,37.0,8,scent,smelt
98,37.0,9,crisis,risist
98,37.0,10,region,megion
98,37.0,11,battalion,battalcat
98,37.0,12,fortune,monietune
98,37.0,13,assessment,meassement
98,37.0,14,sea,wee
98,37.0,15,database,dataspace
98,37.0,16,treasure,gold
98,37.0,17,assurance,certainty
98,37.0,18,terror,war
98,37.0,19,sense,feeling
98,37.0,20,spectrum,rainbow
98,37.0,21,definition,meaning
98,37.0,22,romance,infatuation
98,37.0,23,drain,sewer
98,37.0,24,effect,outcome
98,37.0,25,trench,ditch
98,37.0,26,philosopher,views
98,37.0,27,suicide,death
98,37.0,28,lecture,lesson
98,37.0,29,innocence,naive
98,37.0,30,merit,praise
98,37.0,31,recipe,cooking
98,37.0,32,force,powerorce
98,37.0,33,assistant,helperperson
98,37.0,34,cartoon,colourtoon
98,37.0,35,orientation,directation
98,37.0,36,welfare,healthfare
98,37.0,37,pause,stayause
98,37.0,38,input,usput
98,37.0,39,cake,tastyake
98,37.0,40,expertise,technicalexpert
98,37.0,41,county,placety
98,37.0,42,payment,payme
98,37.0,43,mining,digning
98,37.0,44,error,uhoh
98,37.0,45,honesty,honesise
98,37.0,46,notion,movetion
99,50.0,1,pain,badsore
99,50.0,2,size,bigsmall
99,50.0,3,hunger,underfed
99,50.0,4,maintenance,keeporder
99,50.0,5,method,wayhow
99,50.0,6,breast,humantit
99,50.0,7,shame,sorryremorse
99,50.0,8,storm,brewingweather
99,50.0,9,basis,bottomline
99,50.0,10,mix,stirhard
99,50.0,11,victim,underdog
99,50.0,12,operation,surgicaltask
99,50.0,13,economics,worldmoney
99,50.0,14,policeman,lawmister
99,50.0,15,passion,snogability
99,50.0,16,hunting,cavemanning
99,50.0,17,desire,wantism
99,50.0,18,label,nameplate
99,50.0,19,promotion,workup
99,50.0,20,limb,appendibody
99,50.0,21,pie,pubnosh
99,50.0,22,colony,rockflock
99,50.0,23,accent,voiceslang
99,50.0,24,destiny,dreamlife
99,50.0,25,charm,flatterate
99,50.0,26,pregnancy,babylump
99,50.0,27,genius,greathead
99,50.0,28,politics,leaderclass
99,50.0,29,electronics,gadgets
99,50.0,30,abuse,neglect
99,50.0,31,democracy,fairness
99,50.0,32,counsel,advise
99,50.0,33,cancer,tumour
99,50.0,34,assignment,task
99,50.0,35,sympathy,compassion
99,50.0,36,guilt,remorse
99,50.0,37,opponent,enemy
99,50.0,38,decision,choice
99,50.0,39,sword,sabre
99,50.0,40,inventor,founder
99,50.0,41,acid,corrosive
99,50.0,42,hurricane,whirlwind
99,50.0,43,stretch,elongate
99,50.0,44,transcript,outline
100,21.0,1,frustration,frownation
100,21.0,2,freezing,bumpshiv
100,21.0,3,instruction,folltell
100,21.0,4,violation,disation
100,21.0,5,state,mess
100,21.0,6,leadership,chargino
100,21.0,7,gateway,moldust
100,21.0,8,slavery,chaery
100,21.0,9,employment,prisoy
100,21.0,10,printing,paperitty
100,21.0,11,argument,throwery
100,21.0,12,quarter,oncetrippy
100,21.0,13,puppet,kermgreenery
100,21.0,14,aggression,annoyance
100,21.0,15,cheer,happy
100,21.0,16,mention,name
100,21.0,17,murder,kill
100,21.0,18,receipt,paper
100,21.0,19,entertainment,happiness
100,21.0,20,truth,lie
100,21.0,21,expression,extention
100,21.0,22,collapse,fall
100,21.0,23,attraction,drawn
100,21.0,24,dialogue,voice
100,21.0,25,nose,airways
100,21.0,26,grief,sadness
100,21.0,27,holiday,freedom
100,21.0,28,perfection,flawless
100,21.0,29,investigation,intrigued
100,21.0,30,excitement,happyjoy
100,21.0,31,noon,daynight
100,21.0,32,role,stagestand
100,21.0,33,temptation,intrirestraint
100,21.0,34,boyfriend,loverday
100,21.0,35,journey,upwave
100,21.0,36,insurance,backplan
100,21.0,37,cargo,straightfabric
100,21.0,38,meantime,nowtime
100,21.0,39,submarine,watership
100,21.0,40,author,writerwords
100,21.0,41,shortage,lowstorage
100,21.0,42,slave,forcelabour
100,21.0,43,stone,roundshine
100,21.0,44,feeling,emotioninside
100,21.0,45,hatred,angerred
101,26.0,1,countryside,meadow
101,26.0,2,angle,acute
101,26.0,3,actress,actor
101,26.0,4,reputation,renown
101,26.0,5,festival,rave
101,26.0,6,talent,skill
101,26.0,7,example,demonstration
101,26.0,8,fantasy,make-believe
101,26.0,9,compassion,caring
101,26.0,10,era,age
101,26.0,11,fraud,conman
101,26.0,12,depot,warehouse
101,26.0,13,commitment,devotion
101,26.0,14,access,entry
101,26.0,15,layout,floorplan
101,26.0,16,horror,terror
101,26.0,17,oxygen,airtwo
101,26.0,18,terrorist,criminalworldwide
101,26.0,19,prosecutor,attacklawyer
101,26.0,20,earth,humanshome
101,26.0,21,plastic,turtlekiller
101,26.0,22,corps,marinesomething
101,26.0,23,interview,jobconversation
101,26.0,24,midnight,notmidday
101,26.0,25,dream,sleepstory
101,26.0,26,poem,rhymingstory
101,26.0,27,sadness,insteadhappy
101,26.0,28,laboratory,scienceplayground
101,26.0,29,music,earstories
101,26.0,30,stroke,smelltoast
101,26.0,31,regard,kindsomethings
101,26.0,32,joke,haahaa
101,26.0,33,battle,warsytime
101,26.0,34,cut,hmslave
101,26.0,35,venture,extendoholiday
101,26.0,36,rain,skystears
101,26.0,37,cry,eyesad
101,26.0,38,disaster,awfulvent
101,26.0,39,secret,whisptory
101,26.0,40,answer,mouthsponse
101,26.0,41,conception,babyes
101,26.0,42,explosion,boomoment
101,26.0,43,evaluation,testeytime
102,37.0,1,breast,boob
102,37.0,2,desire,want
102,37.0,3,acid,burn
102,37.0,4,hunger,famine
102,37.0,5,economics,money
102,37.0,6,destiny,meaning
102,37.0,7,pain,ouch
102,37.0,8,shame,ridicule
102,37.0,9,sympathy,feel
102,37.0,10,mix,combine
102,37.0,11,hurricane,tornado
102,37.0,12,limb,arm
102,37.0,13,label,sticker
102,37.0,14,assignment,project
102,37.0,15,method,protocol
102,37.0,16,policeman,policeofficer
102,37.0,17,basis,startthing
102,37.0,18,accent,locationvoice
102,37.0,19,electronics,eleconics
102,37.0,20,maintenance,maintain-ence
102,37.0,21,size,lenghtyheighty
102,37.0,22,pie,applepork
102,37.0,23,conservative,postthatcher
102,37.0,24,guilt,shamefulsin
102,37.0,25,decision,decidedome
102,37.0,26,abuse,oucyou
102,37.0,27,cancer,cabad
102,37.0,28,colony,anty
102,37.0,29,genius,brainbig
102,37.0,30,victim,poorsoul
102,37.0,31,transcript,words
102,37.0,32,counsel,dury
102,37.0,33,operation,cutup
102,37.0,34,politics,evil
102,37.0,35,inventor,scientis
102,37.0,36,stretch,muscltight
102,37.0,37,sword,sharpypoint
102,37.0,38,assassination,bangdeed
102,37.0,39,passion,lovvvve
102,37.0,40,opponent,otherdudes
102,37.0,41,charm,luckcereal
103,43.0,1,weekend,saturdaysunday
103,43.0,2,repair,unbreak
103,43.0,3,plantation,crop-estate
103,43.0,4,norm,asstandard
103,43.0,5,item,onething
103,43.0,6,fix,makegood
103,43.0,7,billion,thousandmillion
103,43.0,8,republican,nondemocrat
103,43.0,9,ruler,measurestick
103,43.0,10,revenge,wrongretribution
103,43.0,11,click,andclack
103,43.0,12,win,notlose
103,43.0,13,supply,giveof
103,43.0,14,friendship,palboat
103,43.0,15,tobacco,pipegrass
103,43.0,16,diabetes,insulinless
103,43.0,17,conspiracy,withooar
103,43.0,18,tissue,nosewipe
103,43.0,19,steam,dampour
103,43.0,20,loss,missiness
103,43.0,21,shot,firebang
103,43.0,22,beast,growler
103,43.0,23,impulse,quickee
103,43.0,24,value,sumworth
103,43.0,25,attorney,lawer
103,43.0,26,riot,bangerawl
103,43.0,27,penny,miney
103,43.0,28,dance,moveabout
103,43.0,29,photograph,picture
103,43.0,30,determination,tenacity
103,43.0,31,atmosphere,aura
103,43.0,32,advertising,commercials
103,43.0,33,compliment,praise
103,43.0,34,color,pigmentation
103,43.0,35,discretion,diplomacy
103,43.0,36,spell,magic
103,43.0,37,air,oxygen
103,43.0,38,message,note
103,43.0,39,cruelty,inhumanity
103,43.0,40,curiosity,inquisitiveness
103,43.0,41,homeland,birthplace
103,43.0,42,department,section
103,43.0,43,war,conflict
103,43.0,44,score,result
104,50.0,1,limb,branch
104,50.0,2,assassination,killed
104,50.0,3,hurricane,gale
104,50.0,4,hunger,starving
104,50.0,5,acid,chemical
104,50.0,6,passion,desire
104,50.0,7,accent,highllight
104,50.0,8,maintenance,repair
104,50.0,9,transcript,document
104,50.0,10,policeman,copper
104,50.0,11,victim,abused
104,50.0,12,pregnancy,duff
104,50.0,13,guilt,sadness
104,50.0,14,decision,answer
104,50.0,15,cancer,disease
104,50.0,16,sword,saber
104,50.0,17,operation,bodyrepair
104,50.0,18,genius,brainbox
104,50.0,19,label,stickynote
104,50.0,20,promotion,rankedup
104,50.0,21,politics,lyingleaders
104,50.0,22,sympathy,tearsdry
104,50.0,23,conservative,plaineasy
104,50.0,24,abuse,shoutscream
104,50.0,25,stretch,pullpull
104,50.0,26,shame,sadguilt
104,50.0,27,opponent,gameenemy
104,50.0,28,pie,meatpastry
104,50.0,29,counsel,helpguide
104,50.0,30,electronics,moderntech
104,50.0,31,desire,wantedlust
104,50.0,32,democracy,fairlyran
104,50.0,33,mix,blendedly
104,50.0,34,pain,ouchy
104,50.0,35,assignment,tasktask
104,50.0,36,basis,starty
104,50.0,37,method,planscheme
104,50.0,38,destiny,futurewritten
104,50.0,39,size,bigbig
104,50.0,40,inventor,makeruper
104,50.0,41,economics,moneytalks
104,50.0,42,colony,settleplace
104,50.0,43,charm,giftgab
104,50.0,44,storm,blowystrong
104,50.0,45,hunting,seekkill
105,34.0,1,application,jobform
105,34.0,2,language,spokenword
105,34.0,3,intent,meantto
105,34.0,4,leap,jumpup
105,34.0,5,encounter,comeacross
105,34.0,6,river,longlake
105,34.0,7,skill,goodtalent
105,34.0,8,extreme,overcrazy
105,34.0,9,article,newswriting
105,34.0,10,outlook,furthersee
105,34.0,11,land,not-sea
105,34.0,12,appreciation,happy-help
105,34.0,13,smoke,darkcloud
105,34.0,14,closure,notopened
105,34.0,15,program,computer-function
105,34.0,16,philosophy,highermeaning
105,34.0,17,obsession,wantingness
105,34.0,18,rally,harroo
105,34.0,19,type,flim
105,34.0,20,programming,computeringy
105,34.0,21,management,chargymen
105,34.0,22,gram,smit
105,34.0,23,insert,putterer
105,34.0,24,principle,amainly
105,34.0,25,reaction,atterch
105,34.0,26,tomb,womble
105,34.0,27,seizure,clitch
105,34.0,28,pattern,dooberie
105,34.0,29,concentration,imindingfull
105,34.0,30,debt,owedear
105,34.0,31,minimum,smidge
105,34.0,32,strength,toughness
105,34.0,33,vacation,holiday
105,34.0,34,commission,bonus
105,34.0,35,email,message
105,34.0,36,creation,made
105,34.0,37,smell,scent
105,34.0,38,id,documentation
105,34.0,39,category,group
105,34.0,40,discipline,control
105,34.0,41,audience,crowd
105,34.0,42,plot,plan
105,34.0,43,photographer,cameraman
105,34.0,44,gold,yellow
105,34.0,45,snack,chocolate
105,34.0,46,scout,watch
105,34.0,47,quote,recall
106,59.0,1,practice,tryout
106,59.0,2,loyalty,faithful
106,59.0,3,trip,tour
106,59.0,4,forum,group
106,59.0,5,process,procure
106,59.0,6,branch,tree
106,59.0,7,analyst,studied
106,59.0,8,dragon,firebreathing
106,59.0,9,purity,chaste
106,59.0,10,code,secret
106,59.0,11,scenario,event
106,59.0,12,opposition,against
106,59.0,13,parliament,minister
106,59.0,14,detail,indepth
106,59.0,15,symbol,icon
106,59.0,16,gravity,speed
106,59.0,17,skull,cranium
106,59.0,18,injury,injuring
106,59.0,19,communication,speaching
106,59.0,20,military,armylike
106,59.0,21,conversation,talking
106,59.0,22,clause,conditional
106,59.0,23,warrior,samuri
106,59.0,24,trade,embargo
106,59.0,25,price,lowcost
106,59.0,26,purpose,aim
106,59.0,27,danger,red
106,59.0,28,burst,erupt
106,59.0,29,enthusiasm,keen
106,59.0,30,graduation,school
106,59.0,31,jungle,bear
106,59.0,32,south,pacific
106,59.0,33,gaming,plan
106,59.0,34,performance,exercise
106,59.0,35,coal,face
106,59.0,36,nature,reserve
106,59.0,37,winter,magic
106,59.0,38,mistake,error
106,59.0,39,length,width
106,59.0,40,travel,agent
106,59.0,41,log,fire
106,59.0,42,arrangement,flower
106,59.0,43,seminar,lecture
106,59.0,44,syndrome,group
106,59.0,45,territory,area
106,59.0,46,cruise,ship
106,59.0,47,refuge,waste
106,59.0,48,album,photo
107,25.0,1,association,group-socialisation
107,25.0,2,middle,in-between
107,25.0,3,deposition,rid-something
107,25.0,4,reach,out-grasping
107,25.0,5,globe,world-stage
107,25.0,6,ability,thing-capable
107,25.0,7,illusion,fake-image
107,25.0,8,loan,money-lending
107,25.0,9,curse,bad-spell
107,25.0,10,rumor,running-gossip
107,25.0,11,community,palace-group
107,25.0,12,village,small-settlement
107,25.0,13,experiment,test-idea
107,25.0,14,dark,nightness
107,25.0,15,heaven,pleaseplace
107,25.0,16,serial,sequencent
107,25.0,17,obstacle,brickwalling
107,25.0,18,flight,skyrun
107,25.0,19,reunion,friendbacking
107,25.0,20,fear,boneless
107,25.0,21,correspondence,farwriting
107,25.0,22,pride,egouping
107,25.0,23,competition,playwin
107,25.0,24,fuel,powerliquid
107,25.0,25,draft,firstwording
107,25.0,26,evolution,longchange
107,25.0,27,regime,systime
107,25.0,28,script,moviepages
107,25.0,29,sunshine,daylight
107,25.0,30,mineral,rock
107,25.0,31,platinum,precious
107,25.0,32,reference,citation
107,25.0,33,thief,toerag
107,25.0,34,violence,fighting
107,25.0,35,mystery,question
107,25.0,36,understanding,knowledge
107,25.0,37,decline,downfall
107,25.0,38,warning,alarm
107,25.0,39,accountant,budgeter
107,25.0,40,criticism,dissaproval
107,25.0,41,cloth,material
107,25.0,42,glow,shining
107,25.0,43,union,cooperative
108,20.0,1,strength,strong
108,20.0,2,management,leader
108,20.0,3,vacation,holiday
108,20.0,4,smell,stink
108,20.0,5,language,latin
108,20.0,6,gold,metal
108,20.0,7,audience,people
108,20.0,8,article,magazine
108,20.0,9,application,form
108,20.0,10,scout,group
108,20.0,11,discipline,behave
108,20.0,12,reaction,react
108,20.0,13,encounter,have
108,20.0,14,appreciation,accept
108,20.0,15,tomb,grave
108,20.0,16,programming,delivering
108,20.0,17,email,electricmail
108,20.0,18,creation,createstation
108,20.0,19,snack,alternatives
108,20.0,20,id,proof
108,20.0,21,intent,intended
108,20.0,22,epic,amazing
108,20.0,23,closure,closed
108,20.0,24,pattern,routine
108,20.0,25,minimum,minimal
108,20.0,26,plot,space
108,20.0,27,type,written
108,20.0,28,leap,bound
108,20.0,29,quote,reference
108,20.0,30,extreme,major
108,20.0,31,river,brook
108,20.0,32,concentration,concenrating
108,20.0,33,skill,gettingclever
108,20.0,34,smoke,smellythings
108,20.0,35,outlook,lookingout
108,20.0,36,program,mags
108,20.0,37,commission,extrapennies
108,20.0,38,land,spaces
108,20.0,39,category,differentideas
108,20.0,40,rally,bigrace
108,20.0,41,gram,sameasocial
108,20.0,42,seizure,fitting
108,20.0,43,photographer,takingpics
108,20.0,44,philosophy,bigwords
109,24.0,1,politics,governdebate
109,24.0,2,hunting,animalhurt
109,24.0,3,charm,enticement
109,24.0,4,opponent,altplayer
109,24.0,5,transcript,filmbook
109,24.0,6,pain,bodyhurt
109,24.0,7,mix,movelot
109,24.0,8,cancer,bodydestroy
109,24.0,9,operation,bodyfix
109,24.0,10,victim,attackprey
109,24.0,11,pie,meatcake
109,24.0,12,storm,weatherangry
109,24.0,13,conservative,primpolicy
109,24.0,14,maintenance,upkeep
109,24.0,15,breast,bodyudder
109,24.0,16,assassination,murder
109,24.0,17,policeman,copper
109,24.0,18,pregnancy,gestation
109,24.0,19,sympathy,empathy
109,24.0,20,hurricane,whirlwhind
109,24.0,21,economics,inflation
109,24.0,22,storm,rain
109,24.0,23,electronics,technology
109,24.0,24,passion,love
109,24.0,25,desire,want
109,24.0,26,shame,upset
109,24.0,27,stretch,lengthen
109,24.0,28,decision,choice
109,24.0,29,sword,knife
109,24.0,30,promotion,manager
109,24.0,31,destiny,fate
109,24.0,32,basis,typeupon
109,24.0,33,hunger,starvepain
109,24.0,34,size,bigsmall
109,24.0,35,counsel,committeegroup
109,24.0,36,label,nametype
109,24.0,37,limb,bodyoffshoot
109,24.0,38,democracy,freesociety
109,24.0,39,accent,voiceslant
109,24.0,40,method,typeway
109,24.0,41,inventor,creatorman
109,24.0,42,assignment,deadlinetask
109,24.0,43,miracle,surprisevent
109,24.0,44,guilt,upset
109,24.0,45,acid,corrosiveliquid
109,24.0,46,colony,peoplegroup
109,24.0,47,genius,cleverite
110,30.0,1,trade,itemswap
110,30.0,2,scenario,situationhypothetical
110,30.0,3,skull,headbone
110,30.0,4,parliament,countryorganisers
110,30.0,5,process,methodsteps
110,30.0,6,seminar,conferencelesson
110,30.0,7,syndrome,geneissue
110,30.0,8,injury,hurtmark
110,30.0,9,performance,personshow
110,30.0,10,warrior,fighterfolk
110,30.0,11,jungle,humidforest
110,30.0,12,trip,placegoing
110,30.0,13,log,treechunk
110,30.0,14,price,moneycost
110,30.0,15,communication,infopassing
110,30.0,16,gaming,virtuplay
110,30.0,17,purity,puristatus
110,30.0,18,winter,coldytime
110,30.0,19,album,songazine
110,30.0,20,danger,injurisk
110,30.0,21,refuge,escaplace
110,30.0,22,mistake,woopseroo
110,30.0,23,south,northnt
110,30.0,24,practice,repimprove
110,30.0,25,enthusiasm,enerjoy
110,30.0,26,cruise,boatcation
110,30.0,27,length,measlong
110,30.0,28,purpose,useroo
110,30.0,29,nature,sprawlagreen
110,30.0,30,symbol,icon
110,30.0,31,travel,journeying
110,30.0,32,analyst,analyser
110,30.0,33,code,cypher
110,30.0,34,graduation,passing
110,30.0,35,loyalty,devotion
110,30.0,36,arrangement,agreement
110,30.0,37,forum,meeting
110,30.0,38,branch,stick
110,30.0,39,opposition,antagonist
110,30.0,40,military,army
110,30.0,41,dragon,drake
110,30.0,42,territory,lands
110,30.0,43,detail,specifics
110,30.0,44,conversation,chat
110,30.0,45,coal,anthracite
111,31.0,1,toilet,loo
111,31.0,2,series,season
111,31.0,3,attorney,lawyer
111,31.0,4,tissue,paper
111,31.0,5,plantation,farm
111,31.0,6,advertising,promotion
111,31.0,7,shot,hit
111,31.0,8,friendship,acquaintance
111,31.0,9,repair,fix
111,31.0,10,photograph,picture
111,31.0,11,fix,repair
111,31.0,12,discretion,initiative
111,31.0,13,homeland,birthplace
111,31.0,14,air,oxygen
111,31.0,15,tobacco,cigarette
111,31.0,16,compliment,praise
111,31.0,17,penny,small-money
111,31.0,18,weekend,satday
111,31.0,19,color,pired
111,31.0,20,atmosphere,oxycarbon
111,31.0,21,supply,amountable
111,31.0,22,diabetes,lowsugar
111,31.0,23,steam,waterheat
111,31.0,24,republican,trumpapprentice
111,31.0,25,impulse,musthave
111,31.0,26,spell,witchwords
111,31.0,27,riot,madchaos
111,31.0,28,celebration,happytime
111,31.0,29,message,writtenword
111,31.0,30,determination,neverstopping
111,31.0,31,department,womenssection
111,31.0,32,norm,thestandard
111,31.0,33,war,dangey
111,31.0,34,revenge,vendetti
111,31.0,35,cruelty,nastnies
111,31.0,36,beast,monti
111,31.0,37,sentiment,kindivy
111,31.0,38,billion,chingachinga
111,31.0,39,loss,missywissy
111,31.0,40,item,majiggy
111,31.0,41,value,muchiness
111,31.0,42,dance,twirlywhirly
111,31.0,43,win,firsner
111,31.0,44,conspiracy,ooohstry
112,36.0,1,rain,showers
112,36.0,2,inconvenience,difficulty
112,36.0,3,prosecutor,barrister
112,36.0,4,joke,prank
112,36.0,5,midnight,twelve
112,36.0,6,interview,questioning
112,36.0,7,terrorist,outlaw
112,36.0,8,fraud,deciept
112,36.0,9,angle,gradient
112,36.0,10,answer,response
112,36.0,11,explosion,boom
112,36.0,12,prisoner,detainee
112,36.0,13,earth,world
112,36.0,14,compassion,comfort
112,36.0,15,sadness,depression
112,36.0,16,laboratory,scientificarea
112,36.0,17,voyage,boattravel
112,36.0,18,reputation,streetcred
112,36.0,19,plastic,shinypolymer
112,36.0,20,poem,rhymingwords
112,36.0,21,stroke,brainattack
112,36.0,22,countryside,grassyfields
112,36.0,23,gambling,moneyguess
112,36.0,24,evaluation,guesstest
112,36.0,25,conception,sexytime
112,36.0,26,secret,wonttell
112,36.0,27,actress,ladydrama
112,36.0,28,era,lontime
112,36.0,29,horror,scarovie
112,36.0,30,battle,bigight
112,36.0,31,regard,relativato
112,36.0,32,talent,goskill
112,36.0,33,example,likthis
112,36.0,34,layout,placeverywhere
112,36.0,35,warrant,comcourt
112,36.0,36,cut,sliceyboo
112,36.0,37,festival,danceyfield
112,36.0,38,access,ingy
112,36.0,39,dream,slethoughts
113,32.0,1,coal,fuel
113,32.0,2,practice,improve
113,32.0,3,symbol,sign
113,32.0,4,south,down
113,32.0,5,album,discography
113,32.0,6,price,cost
113,32.0,7,performance,result
113,32.0,8,cruise,boattrip
113,32.0,9,code,sequence
113,32.0,10,burst,pop
113,32.0,11,log,branch
113,32.0,12,forum,audience
113,32.0,13,process,procedure
113,32.0,14,nature,natural
113,32.0,15,trip,visit
113,32.0,16,territory,area
113,32.0,17,jungle,wildforest
113,32.0,18,scenario,scenesituation
113,32.0,19,clause,santacase
113,32.0,20,refuge,safeplace
113,32.0,21,gaming,playtime
113,32.0,22,opposition,againstus
113,32.0,23,branch,fallenlog
113,32.0,24,purity,simpleclean
113,32.0,25,purpose,pointview
113,32.0,26,seminar,lessonsession
113,32.0,27,analyst,dataobserver
113,32.0,28,communication,listentalk
113,32.0,29,trade,swapsomething
113,32.0,30,conversation,talkme
113,32.0,31,syndrome,downsdisease
113,32.0,32,gravity,falldown
113,32.0,33,skull,heady
113,32.0,34,graduation,gradleave
113,32.0,35,danger,feer
113,32.0,36,military,attenz
113,32.0,37,dragon,roarful
113,32.0,38,length,whee
113,32.0,39,mistake,oopsy
113,32.0,40,loyalty,lovally
113,32.0,41,warrior,rar
113,32.0,42,winter,brrr
113,32.0,43,enthusiasm,yessee
113,32.0,44,injury,ouchee
113,32.0,45,travel,upupaway
113,32.0,46,arrangement,fixit
114,50.0,1,conversation,chatting
114,50.0,2,performance,performing
114,50.0,3,injury,wound
114,50.0,4,gravity,pulldown
114,50.0,5,trade,businessdealings
114,50.0,6,skull,headskeleton
114,50.0,7,scenario,playscene
114,50.0,8,clause,contract-segment
114,50.0,9,military,armedforces
114,50.0,10,branch,tree-arm
114,50.0,11,symbol,picture-sign
114,50.0,12,jungle,tropical-forest
114,50.0,13,communication,word-expression
114,50.0,14,nature,gods-garden
114,50.0,15,loyalty,very-trustworthy
114,50.0,16,analyst,very-detailed
114,50.0,17,winter,coldee
114,50.0,18,danger,scaryified
114,50.0,19,opposition,turnybacky
114,50.0,20,purity,cleansey
114,50.0,21,travel,buzzingaround
114,50.0,22,cruise,boatingaround
114,50.0,23,process,probing
114,50.0,24,mistake,oopsydaisy
114,50.0,25,forum,wholeyfum
114,50.0,26,log,brownting
114,50.0,27,burst,poppaling
114,50.0,28,south,bottomtang
114,50.0,29,detail,precise
114,50.0,30,refuge,safehouse
114,50.0,31,seminar,lesson
114,50.0,32,code,cipher
114,50.0,33,practice,repeating
114,50.0,34,album,photobook
114,50.0,35,syndrome,affliction
114,50.0,36,graduation,honours
114,50.0,37,parliament,goverment
114,50.0,38,territory,nation
114,50.0,39,arrangement,agreement
114,50.0,40,price,costing
114,50.0,41,purpose,intent
114,50.0,42,dragon,fire-breathing
114,50.0,43,warrior,soldier
114,50.0,44,enthusiasm,keeness
115,36.0,1,inconvenience,hassle
115,36.0,2,layout,floorplan
115,36.0,3,regard,sincerely
115,36.0,4,earth,globe
115,36.0,5,poem,rhyme
115,36.0,6,secret,classified
115,36.0,7,warrant,arrest
115,36.0,8,reputation,persona
115,36.0,9,conception,sex
115,36.0,10,music,sounds
115,36.0,11,countryside,fields
115,36.0,12,fraud,fake
115,36.0,13,interview,presentation
115,36.0,14,access,entrance
115,36.0,15,horror,scary
115,36.0,16,sadness,upset
115,36.0,17,plastic,solidoil
115,36.0,18,gambling,moneybet
115,36.0,19,disaster,notgood
115,36.0,20,cut,knifeseperate
115,36.0,21,midnight,middayopposite
115,36.0,22,stroke,petfur
115,36.0,23,terrorist,antipeace
115,36.0,24,prisoner,jailinmate
115,36.0,25,rain,naturalshower
115,36.0,26,voyage,boattrip
115,36.0,27,battle,warfight
115,36.0,28,laboratory,scienceroom
115,36.0,29,example,shownhow
115,36.0,30,fantasy,makebelief
115,36.0,31,talent,naturallygood
115,36.0,32,compassion,showkindness
115,36.0,33,angle,meetygle
115,36.0,34,era,bittytimey
115,36.0,35,joke,hardyha
115,36.0,36,oxygen,bretheey
115,36.0,37,venture,goouty
115,36.0,38,commitment,forevs
115,36.0,39,dream,thinkyzzzzzz
115,36.0,40,evaluation,testy
115,36.0,41,prosecutor,crimeyprovey
115,36.0,42,answer,speakyques
115,36.0,43,corps,deadybods
116,31.0,1,terror,scaryness
116,31.0,2,honesty,tellstruth
116,31.0,3,laughter,happynoise
116,31.0,4,notion,anidea
116,31.0,5,darkness,blacksky
116,31.0,6,error,smallmistake
116,31.0,7,county,countrysection
116,31.0,8,sense,spidey
116,31.0,9,victory,winningattitude
116,31.0,10,assessment,quiztest
116,31.0,11,drain,gratewhole
116,31.0,12,suicide,killself
116,31.0,13,philosopher,magicalman
116,31.0,14,intention,purposefulstep
116,31.0,15,charity,givetime
116,31.0,16,assurance,doublecheck
116,31.0,17,fortune,luckyduck
116,31.0,18,region,party
116,31.0,19,trick,slippo
116,31.0,20,payment,cashered
116,31.0,21,assistant,helperbee
116,31.0,22,recipe,foodlingo
116,31.0,23,force,makeme
116,31.0,24,mining,diggery
116,31.0,25,romance,loveydovey
116,31.0,26,database,infobank
116,31.0,27,treasure,goldens
116,31.0,28,cake,flourpie
116,31.0,29,welfare,howyou
116,31.0,30,battalion,blan
116,31.0,31,crisis,badthings
116,31.0,32,merit,skilleroos
116,31.0,33,input,observation
116,31.0,34,pause,halt
116,31.0,35,lecture,present
116,31.0,36,pension,savings
116,31.0,37,orientation,induction
116,31.0,38,definition,explain
116,31.0,39,innocence,naivety
116,31.0,40,cartoon,animation
116,31.0,41,expertise,genius
116,31.0,42,sea,ocean
116,31.0,43,trench,hole
116,31.0,44,scent,smell
116,31.0,45,effect,affect
116,31.0,46,defense,protect
116,31.0,47,chaos,calamity
116,31.0,48,spectrum,range
117,21.0,1,script,filmplan
117,21.0,2,glow,shinyness
117,21.0,3,understanding,brainget
117,21.0,4,accountant,moneywatcher
117,21.0,5,precedent,earlyjudgement
117,21.0,6,association,linkedobject
117,21.0,7,pride,selfhappy
117,21.0,8,violence,threatenhit
117,21.0,9,middle,beforeend
117,21.0,10,decline,offerrefuse
117,21.0,11,correspondence,newstogether
117,21.0,12,mystery,unknowntopic
117,21.0,13,flight,airtravel
117,21.0,14,community,jointpeople
117,21.0,15,heaven,skypalace
117,21.0,16,union,tieup
117,21.0,17,dark,unlight
117,21.0,18,serial,lottagoes
117,21.0,19,obstacle,movestopper
117,21.0,20,platinum,recordyshine
117,21.0,21,regime,daylist
117,21.0,22,survival,avoidead
117,21.0,23,evolution,manbirth
117,21.0,24,illusion,anticlear
117,21.0,25,criminal,badlaw
117,21.0,26,fear,scaryness
117,21.0,27,fuel,carjuice
117,21.0,28,experiment,teststuff
117,21.0,29,liability,firstriddance
117,21.0,30,assumption,prejudice
117,21.0,31,draft,plan
117,21.0,32,mineral,ore
117,21.0,33,village,community
117,21.0,34,reach,grab
117,21.0,35,reunion,reintroduce
117,21.0,36,ability,possibility
117,21.0,37,sunshine,rays
117,21.0,38,loan,repayment
117,21.0,39,cloth,linen
117,21.0,40,competition,rivalry
117,21.0,41,deposition,campaign
117,21.0,42,thief,steal
117,21.0,43,warning,threat
117,21.0,44,globe,earth
117,21.0,45,rumor,lie
118,38.0,1,jungle,tropical-forest
118,38.0,2,gaming,playing-computer
118,38.0,3,danger,not-safe
118,38.0,4,military,army-people
118,38.0,5,branch,tree-arms
118,38.0,6,communication,message-sharing
118,38.0,7,skull,head-bone
118,38.0,8,graduation,passing-school
118,38.0,9,territory,boundary-specific
118,38.0,10,purity,chaste-level
118,38.0,11,scenario,situation-happening
118,38.0,12,opposition,against-you
118,38.0,13,conversation,talk-happening
118,38.0,14,enthusiasm,keen-attitude
118,38.0,15,trip,travel-out
118,38.0,16,process,method-path
118,38.0,17,travel,tripgoing
118,38.0,18,syndrome,effectness
118,38.0,19,dragon,firelizard
118,38.0,20,burst,popsquash
118,38.0,21,price,moneyask
118,38.0,22,mistake,errordone
118,38.0,23,arrangement,happenplan
118,38.0,24,album,songcollect
118,38.0,25,code,passwordtell
118,38.0,26,purpose,thingjob
118,38.0,27,trade,stuffswap
118,38.0,28,warrior,fighterman
118,38.0,29,performance,showdo
118,38.0,30,gravity,antifloat
118,38.0,31,winter,coldisnow
118,38.0,32,nature,life
118,38.0,33,clause,condition
118,38.0,34,refuge,haven
118,38.0,35,analyst,assessor
118,38.0,36,injury,defect
118,38.0,37,practice,perfecting
118,38.0,38,seminar,lesson
118,38.0,39,loyalty,dedication
118,38.0,40,length,longest
118,38.0,41,parliament,government
118,38.0,42,symbol,sign
118,38.0,43,cruise,sailing
118,38.0,44,forum,place
118,38.0,45,south,lowest
118,38.0,46,log,wood
118,38.0,47,coal,fuel
119,39.0,1,series,season
119,39.0,2,weekend,saturday
119,39.0,3,cruelty,mean
119,39.0,4,dance,jive
119,39.0,5,click,clack
119,39.0,6,conspiracy,plot
119,39.0,7,friendship,chums
119,39.0,8,item,thing
119,39.0,9,riot,disturbance
119,39.0,10,air,oxygen
119,39.0,11,value,cost
119,39.0,12,loss,removed
119,39.0,13,determination,grit
119,39.0,14,homeland,from
119,39.0,15,norm,usual
119,39.0,16,attorney,lawyer
119,39.0,17,billion,hundmillion
119,39.0,18,photograph,instasnap
119,39.0,19,message,textapp
119,39.0,20,discretion,nonfence
119,39.0,21,shot,gunoff
119,39.0,22,tissue,paperwipe
119,39.0,23,diabetes,insulinitis
119,39.0,24,impulse,disurge
119,39.0,25,revenge,returngence
119,39.0,26,atmosphere,earthgas
119,39.0,27,beast,uglything
119,39.0,28,sentiment,feelywords
119,39.0,29,celebration,partygate
119,39.0,30,color,oneshade
119,39.0,31,war,battlezone
119,39.0,32,department,dflat
119,39.0,33,advertising,marketising
119,39.0,34,plantation,cropation
119,39.0,35,repair,fixeroo
119,39.0,36,fix,repairoo
119,39.0,37,ruler,measurer
119,39.0,38,spell,witchyrhyme
119,39.0,39,compliment,saysnice
119,39.0,40,score,twonil
119,39.0,41,tobacco,feggyfluff
119,39.0,42,steam,vapemist
119,39.0,43,toilet,bogalog
119,39.0,44,curiosity,nosineb
120,49.0,1,heaven,amazing
120,49.0,2,mystery,unknown
120,49.0,3,mineral,geology
120,49.0,4,decline,reject
120,49.0,5,curse,swear
120,49.0,6,illusion,deceptive
120,49.0,7,glow,shine
120,49.0,8,warning,danger
120,49.0,9,serial,order
120,49.0,10,thief,criminal
120,49.0,11,rumor,hearsay
120,49.0,12,experiment,task
120,49.0,13,platinum,seventy
120,49.0,14,deposition,statement
120,49.0,15,reach,stretch
120,49.0,16,survival,existence
120,49.0,17,pride,satisfactioncomplete
120,49.0,18,correspondence,tellall
120,49.0,19,village,localtogether
120,49.0,20,cloth,fabricsheet
120,49.0,21,criticism,negativevibes
120,49.0,22,draft,blowychill
120,49.0,23,community,aroundtogether
120,49.0,24,obstacle,blockthing
120,49.0,25,ability,cando
120,49.0,26,regime,ordercontrol
120,49.0,27,evolution,naturaladvance
120,49.0,28,fuel,burngo
120,49.0,29,liability,absolutedisaster
120,49.0,30,competition,everyonechallenge
120,49.0,31,sunshine,glowyhot
120,49.0,32,dark,nosee
120,49.0,33,association,bumble
120,49.0,34,union,splasie
120,49.0,35,assumption,phissfloss
120,49.0,36,criminal,badieboo
120,49.0,37,accountant,coinfree
120,49.0,38,middle,centerflop
120,49.0,39,fear,sweatyscare
120,49.0,40,precedent,firstfact
120,49.0,41,script,writty
121,48.0,1,article,item
121,48.0,2,quote,bill
121,48.0,3,creation,product
121,48.0,4,principle,belief
121,48.0,5,type,class
121,48.0,6,gram,weight
121,48.0,7,smoke,fog
121,48.0,8,discipline,rule
121,48.0,9,strength,toughness
121,48.0,10,snack,food
121,48.0,11,scout,find
121,48.0,12,plot,plan
121,48.0,13,smell,odour
121,48.0,14,outlook,belief
121,48.0,15,pattern,design
121,48.0,16,closure,shutdown
121,48.0,17,audience,people-watching
121,48.0,18,programming,inputguide
121,48.0,19,skill,goodat
121,48.0,20,leap,jump-across
121,48.0,21,extreme,really-bad
121,48.0,22,commission,add-on
121,48.0,23,vacation,time-away
121,48.0,24,reaction,body-sign
121,48.0,25,tomb,death-bed
121,48.0,26,intent,meant-to
121,48.0,27,language,spoken-word
121,48.0,28,category,subject-type
121,48.0,29,epic,brilliant-stiff
121,48.0,30,concentration,deepthough
121,48.0,31,land,comedown
121,48.0,32,river,waterway
121,48.0,33,gold,preciousmetal
121,48.0,34,encounter,comeby
121,48.0,35,rally,jeerup
121,48.0,36,minimum,smallspot
121,48.0,37,seizure,bodyspasm
121,48.0,38,insert,putin
121,48.0,39,email,digitalmail
121,48.0,40,id,proofofyou
121,48.0,41,philosophy,brainscience
121,48.0,42,debt,moneyowed
122,59.0,1,win,firstcommer
122,59.0,2,toilet,morningthrone
122,59.0,3,department,formalplace
122,59.0,4,penny,onecoin
122,59.0,5,steam,hotair
122,59.0,6,shot,bulleted
122,59.0,7,score,ballgoal
122,59.0,8,beast,notbeauty
122,59.0,9,riot,angrymob
122,59.0,10,color,pigmenting
122,59.0,11,war,lotsfight
122,59.0,12,series,segmental
122,59.0,13,supply,givestuff
122,59.0,14,compliment,nicewords
122,59.0,15,determination,keepingon
122,59.0,16,conspiracy,plottering
122,59.0,17,tissue,snotrag
122,59.0,18,advertising,advert
122,59.0,19,revenge,punishment
122,59.0,20,photograph,picture
122,59.0,21,discretion,circumspect
122,59.0,22,value,price
122,59.0,23,diabetes,insulin
122,59.0,24,republican,conservative
122,59.0,25,loss,gone
122,59.0,26,atmosphere,air
122,59.0,27,impulse,unthinking
122,59.0,28,click,snap
122,59.0,29,billion,richest
122,59.0,30,tobacco,baccy
122,59.0,31,ruler,queen
122,59.0,32,spell,magic
122,59.0,33,sentiment,kindthought
122,59.0,34,plantation,tobaccofarm
122,59.0,35,dance,jiggymovement
122,59.0,36,air,breathingas
122,59.0,37,homeland,countrylive
122,59.0,38,cruelty,badaction
122,59.0,39,attorney,lawrepresenter
122,59.0,40,friendship,niceperson
122,59.0,41,repair,fixall
122,59.0,42,norm,usualthing
122,59.0,43,item,onething
122,59.0,44,message,writeletter
122,59.0,45,curiosity,killedcat
122,59.0,46,celebration,partyon
122,59.0,47,fix,mendstuff
122,59.0,48,weekend,restdays
123,32.0,1,pause,playstop
123,32.0,2,treasure,specialchest
123,32.0,3,cartoon,drawnvisual
123,32.0,4,suicide,personaldeath
123,32.0,5,sea,oceanwater
123,32.0,6,lecture,listeningclassroom
123,32.0,7,laughter,joyfulcackle
123,32.0,8,chaos,paniceverywhere
123,32.0,9,fortune,amassedrichess
123,32.0,10,merit,rewardbehaviour
123,32.0,11,notion,paperproposal
123,32.0,12,orientation,objectrotation
123,32.0,13,expertise,specialistarea
123,32.0,14,recipe,foodinstructions
123,32.0,15,philosopher,fancyscientist
123,32.0,16,effect,changeon
123,32.0,17,trench,mudole
123,32.0,18,battalion,troupeon
123,32.0,19,assessment,judgeon
123,32.0,20,spectrum,azomp
123,32.0,21,error,xed
123,32.0,22,victory,zatzoom
123,32.0,23,region,mapot
123,32.0,24,assurance,shakeit
123,32.0,25,trick,clip
123,32.0,26,database,clist
123,32.0,27,mining,chippe
123,32.0,28,romance,woola
123,32.0,29,defense,bapbosh
123,32.0,30,cake,yume
123,32.0,31,innocence,spontish
123,32.0,32,intention,desire
123,32.0,33,definition,explain
123,32.0,34,sense,instinct
123,32.0,35,drain,reduce
123,32.0,36,county,area
123,32.0,37,crisis,disaster
123,32.0,38,assistant,helper
123,32.0,39,honesty,trustworthiness
123,32.0,40,force,barge
123,32.0,41,terror,horror
123,32.0,42,scent,smell
123,32.0,43,input,opinion
123,32.0,44,darkness,black
123,32.0,45,charity,kindness
123,32.0,46,pension,benefit
123,32.0,47,payment,purchase
124,26.0,1,philosopher,great-thinker
124,26.0,2,input,add-in
124,26.0,3,merit,housepoint
124,26.0,4,suicide,euthanasia
124,26.0,5,pension,retirement-fund
124,26.0,6,victory,winner
124,26.0,7,force,pressure
124,26.0,8,intention,wanting
124,26.0,9,charity,non-profit
124,26.0,10,assistant,aide
124,26.0,11,battalion,regiment
124,26.0,12,error,wrong
124,26.0,13,payment,check
124,26.0,14,expertise,knowledgeable
124,26.0,15,sense,feeling
124,26.0,16,pause,stop
124,26.0,17,region,allfaiths
124,26.0,18,orientation,map-guiding
124,26.0,19,assessment,watched-test
124,26.0,20,effect,make-happen
124,26.0,21,definition,meaningary
124,26.0,22,defense,protectfare
124,26.0,23,fortune,lucky-pot
124,26.0,24,crisis,extrahelp
124,26.0,25,sea,bluwave
124,26.0,26,drain,waterhole
124,26.0,27,lecture,infodelivery
124,26.0,28,assurance,confiprovision
124,26.0,29,database,numbersquares
124,26.0,30,welfare,supme
124,26.0,31,treasure,twinkold
124,26.0,32,trick,nastif
124,26.0,33,cake,yumsponge
124,26.0,34,recipe,fodlist
124,26.0,35,trench,smavall
124,26.0,36,laughter,creasy
124,26.0,37,honesty,trusuth
124,26.0,38,mining,hofinding
124,26.0,39,darkness,aheep
124,26.0,40,scent,snift
124,26.0,41,spectrum,wholwave
124,26.0,42,county,oursland
124,26.0,43,notion,thinkbix
124,26.0,44,romance,clotingle
124,26.0,45,cartoon,holpic
125,30.0,1,middle,centre
125,30.0,2,decline,reject
125,30.0,3,ability,power
125,30.0,4,understanding,comprehend
125,30.0,5,warning,beware
125,30.0,6,globe,world
125,30.0,7,loan,borrow
125,30.0,8,reunion,reunite
125,30.0,9,regime,dictatorship
125,30.0,10,reference,footnote
125,30.0,11,fuel,gas
125,30.0,12,precedent,example
125,30.0,13,thief,robber
125,30.0,14,assumption,hunch
125,30.0,15,rumor,gossip
125,30.0,16,serial,numerous
125,30.0,17,violence,hurtful-attack
125,30.0,18,illusion,magician-hides
125,30.0,19,association,cooperative-link
125,30.0,20,union,strike-action
125,30.0,21,experiment,scientists-play
125,30.0,22,village,smaller-town
125,30.0,23,criticism,bad-review
125,30.0,24,heaven,gods-home
125,30.0,25,glow,light-worms
125,30.0,26,flight,aeroplane-wings
125,30.0,27,fear,batman-bats
125,30.0,28,reach,arm-stretch
125,30.0,29,community,happypeeps
125,30.0,30,mystery,questunknown
125,30.0,31,sunshine,warmskylight
125,30.0,32,cloth,tabletidy
125,30.0,33,mineral,treasuredig
125,30.0,34,accountant,moneyman
125,30.0,35,evolution,monkeyman
125,30.0,36,draft,windydoor
125,30.0,37,criminal,naughtysausage
125,30.0,38,script,actwrite
125,30.0,39,deposition,lawnolies
126,55.0,1,scenario,outline
126,55.0,2,territory,area
126,55.0,3,performance,drama
126,55.0,4,warrior,soilder
126,55.0,5,process,proceedure
126,55.0,6,trade,swap
126,55.0,7,coal,fuel
126,55.0,8,opposition,protest
126,55.0,9,detail,intricate
126,55.0,10,dragon,mythicalbeast
126,55.0,11,album,record
126,55.0,12,practice,attempt
126,55.0,13,nature,conservation
126,55.0,14,price,cost
126,55.0,15,syndrome,illness
126,55.0,16,skull,bones
126,55.0,17,purpose,goalattempt
126,55.0,18,gaming,digitalworld
126,55.0,19,cruise,boatholiday
126,55.0,20,analyst,detailworker
126,55.0,21,forum,expressionhub
126,55.0,22,clause,detailedlaw
126,55.0,23,danger,crisisevent
126,55.0,24,travel,moveplaces
126,55.0,25,conversation,dialoguepeople
126,55.0,26,refuge,safespace
126,55.0,27,mistake,errormade
126,55.0,28,gravity,naturalpull
126,55.0,29,injury,sorebody
126,55.0,30,purity,uncontaminatedholy
126,55.0,31,communication,expressiononeself
126,55.0,32,trip,awayyy
126,55.0,33,length,weth
126,55.0,34,symbol,hasimum
126,55.0,35,south,poube
126,55.0,36,burst,qualny
126,55.0,37,loyalty,warkle
126,55.0,38,log,poivet
126,55.0,39,enthusiasm,exesint
126,55.0,40,arrangement,olirts
126,55.0,41,graduation,deatuny
126,55.0,42,branch,klumf
126,55.0,43,military,scatrin
126,55.0,44,seminar,flevet
126,55.0,45,winter,lactibe
126,55.0,46,jungle,bucersal
126,55.0,47,code,mescarl
127,62.0,1,shot,banger
127,62.0,2,weekend,satsun
127,62.0,3,score,goal
127,62.0,4,series,gripping
127,62.0,5,friendship,love
127,62.0,6,message,note
127,62.0,7,item,product
127,62.0,8,loss,gone
127,62.0,9,advertising,television
127,62.0,10,discretion,mind
127,62.0,11,cruelty,evil
127,62.0,12,fix,repair
127,62.0,13,billion,lottery
127,62.0,14,win,money
127,62.0,15,revenge,retaliation
127,62.0,16,photograph,picture
127,62.0,17,celebration,yippee
127,62.0,18,spell,wording
127,62.0,19,riot,basher
127,62.0,20,attorney,gereral
127,62.0,21,determination,willpower
127,62.0,22,steam,engineblow
127,62.0,23,conspiracy,secrecy
127,62.0,24,toilet,looloo
127,62.0,25,tobacco,smokingjoe
127,62.0,26,dance,nightfever
127,62.0,27,sentiment,emotional
127,62.0,28,compliment,beautiful
127,62.0,29,color,vivid
127,62.0,30,atmosphere,calming
127,62.0,31,penny,pinching
127,62.0,32,ruler,measure
127,62.0,33,tissue,hankiechief
127,62.0,34,war,fighting
127,62.0,35,supply,give
127,62.0,36,republican,conservative
127,62.0,37,curiosity,aware
127,62.0,38,homeland,england
127,62.0,39,diabetes,sugar
127,62.0,40,air,breath
127,62.0,41,repair,fix
127,62.0,42,plantation,allotment
127,62.0,43,norm,right
127,62.0,44,value,worth
127,62.0,45,beast,animal
127,62.0,46,click,push
127,62.0,47,impulse,instinct
127,62.0,48,department,store
128,27.0,1,holiday,vacation
128,27.0,2,noon,midday
128,27.0,3,attraction,appeal
128,27.0,4,meantime,while
128,27.0,5,cargo,freight
128,27.0,6,submarine,uboat
128,27.0,7,feeling,touching
128,27.0,8,lottery,raffle
128,27.0,9,collapse,fall
128,27.0,10,author,writer
128,27.0,11,insurance,indemnity
128,27.0,12,boyfriend,suitor
128,27.0,13,role,character
128,27.0,14,mention,reference
128,27.0,15,gateway,portal
128,27.0,16,total,complete
128,27.0,17,employment,paidjob
128,27.0,18,murder,deliberatekill
128,27.0,19,perfection,totalideal
128,27.0,20,printing,computerpaper
128,27.0,21,entertainment,performanceshow
128,27.0,22,hatred,bigdislike
128,27.0,23,instruction,informationrules
128,27.0,24,truth,notlies
128,27.0,25,slavery,unpaidlabour
128,27.0,26,freezing,supercold
128,27.0,27,leadership,governmentboss
128,27.0,28,frustration,nosatisfaction
128,27.0,29,receipt,spendrecord
128,27.0,30,temptation,naughtyidea
128,27.0,31,cheer,goalsong
128,27.0,32,excitement,cannotwait
128,27.0,33,nose,faceole
128,27.0,34,slave,forceestaff
128,27.0,35,puppet,manipuman
128,27.0,36,grief,deathistated
128,27.0,37,journey,ventureway
128,27.0,38,aggression,crosfury
128,27.0,39,dialogue,chanter
128,27.0,40,argument,crosschanter
128,27.0,41,expression,shofeel
128,27.0,42,violation,intrufair
128,27.0,43,shortage,ghonitem
128,27.0,44,stone,polt
128,27.0,45,state,borog
128,27.0,46,wit,loughlot
128,27.0,47,quarter,fortim
129,37.0,1,hurricane,windtower
129,37.0,2,abuse,harmfulwords
129,37.0,3,passion,personlove
129,37.0,4,method,logicalpath
129,37.0,5,sympathy,understandingfeeling
129,37.0,6,maintenance,workingorder
129,37.0,7,pain,hurt
129,37.0,8,assassination,takenout
129,37.0,9,opponent,rivel
129,37.0,10,electronics,viewinggoods
129,37.0,11,accent,voicenote
129,37.0,12,guilt,badfeeling
129,37.0,13,policeman,thefuzz
129,37.0,14,sword,sharpmetal
129,37.0,15,storm,windrain
129,37.0,16,counsel,talklisten
129,37.0,17,storm,winrain
129,37.0,18,decision,minpath
129,37.0,19,victim,personurt
129,37.0,20,charm,feelingood
129,37.0,21,transcript,paperords
129,37.0,22,hunger,bellympty
129,37.0,23,stretch,longerull
129,37.0,24,promotion,furtherdvance
129,37.0,25,limb,bodyarts
129,37.0,26,cancer,morcell
129,37.0,27,genius,bigrain
129,37.0,28,destiny,oneirection
129,37.0,29,politics,govlaws
129,37.0,30,pregnancy,lifearry
129,37.0,31,label,smallign
129,37.0,32,basis,first
129,37.0,33,inventor,creater
129,37.0,34,mix,combine
129,37.0,35,shame,bad
129,37.0,36,size,distance
129,37.0,37,conservative,mellow
129,37.0,38,pie,tart
129,37.0,39,operation,effective
129,37.0,40,desire,wanting
129,37.0,41,breast,chest
129,37.0,42,colony,settelment
129,37.0,43,acid,danger
129,37.0,44,assignment,task
129,37.0,45,democracy,control
129,37.0,46,hunting,killing
130,38.0,1,limb,part
130,38.0,2,stretch,strain
130,38.0,3,hunting,sniper
130,38.0,4,conservative,political
130,38.0,5,accent,language
130,38.0,6,destiny,end
130,38.0,7,guilt,sorrow
130,38.0,8,hurricane,disaster
130,38.0,9,sympathy,caring
130,38.0,10,storm,thunder
130,38.0,11,genius,clever
130,38.0,12,pie,pastry
130,38.0,13,promotion,job
130,38.0,14,passion,excited
130,38.0,15,politics,labour
130,38.0,16,assignment,course
130,38.0,17,economics,worlmoney
130,38.0,18,desire,passionfor
130,38.0,19,pain,hurtingsad
130,38.0,20,opponent,archrival
130,38.0,21,maintenance,gettingfixed
130,38.0,22,acid,corecomponent
130,38.0,23,transcript,rewording
130,38.0,24,abuse,batteredthug
130,38.0,25,electronics,voltagecomponent
130,38.0,26,victim,theone
130,38.0,27,operation,medprocedure
130,38.0,28,pregnancy,newlife
130,38.0,29,colony,newplace
130,38.0,30,shame,sadtime
130,38.0,31,charm,fizzpop
130,38.0,32,counsel,careashare
130,38.0,33,hunger,hankining
130,38.0,34,label,stucker
130,38.0,35,policeman,rozzaman
130,38.0,36,miracle,wishthing
130,38.0,37,method,away
130,38.0,38,mix,swoosh
130,38.0,39,storm,cloudedier
130,38.0,40,basis,freat
130,38.0,41,decision,thinked
130,38.0,42,assassination,sniperrrzzzz
130,38.0,43,inventor,dreaming
130,38.0,44,sword,deadlymetal
130,38.0,45,breast,walloper
131,37.0,1,payment,transaction
131,37.0,2,spectrum,array
131,37.0,3,merit,benefit
131,37.0,4,assessment,test
131,37.0,5,fortune,wealth
131,37.0,6,notion,sense
131,37.0,7,sense,feel
131,37.0,8,mining,extracting
131,37.0,9,chaos,mayhem
131,37.0,10,charity,not-for-profit
131,37.0,11,force,persuade
131,37.0,12,input,contribution
131,37.0,13,scent,smell
131,37.0,14,pension,income
131,37.0,15,trick,deceit
131,37.0,16,honesty,truth
131,37.0,17,darkness,sunoff
131,37.0,18,error,notcorrect
131,37.0,19,pause,temporarystop
131,37.0,20,drain,wastepipe
131,37.0,21,lecture,longexplanation
131,37.0,22,assurance,promisemake
131,37.0,23,laughter,happynoise
131,37.0,24,intention,plannedaction
131,37.0,25,philosopher,deepthinker
131,37.0,26,treasure,hiddenshiny
131,37.0,27,suicide,killself
131,37.0,28,victory,warwin
131,37.0,29,effect,actionoutcome
131,37.0,30,database,informationstore
131,37.0,31,romance,lovematch
131,37.0,32,region,geographicalarea
131,37.0,33,innocence,inochante
131,37.0,34,sea,schwee
131,37.0,35,definition,specificision
131,37.0,36,expertise,knowledgette
131,37.0,37,battalion,troopshire
131,37.0,38,county,landship
131,37.0,39,assistant,helpess
131,37.0,40,trench,groush
131,37.0,41,defense,proshee
131,37.0,42,welfare,carette
131,37.0,43,cake,yummish
131,37.0,44,crisis,arahah
131,37.0,45,terror,scaradesh
131,37.0,46,recipe,fooplan
132,20.0,1,category,thingtype
132,20.0,2,intent,reasondoing
132,20.0,3,principle,mainreason
132,20.0,4,article,informativewriting
132,20.0,5,obsession,reallylove
132,20.0,6,reaction,personalresponse
132,20.0,7,appreciation,reallylove
132,20.0,8,snack,smallmeal
132,20.0,9,quote,somethingsaid
132,20.0,10,creation,somethingmade
132,20.0,11,photographer,picturetaker
132,20.0,12,discipline,strictrules
132,20.0,13,river,longwater
132,20.0,14,seizure,shakeattack
132,20.0,15,smoke,fireair
132,20.0,16,scout,lookaround
132,20.0,17,tomb,deather
132,20.0,18,id,impulser
132,20.0,19,application,helpuse
132,20.0,20,encounter,surprisinger
132,20.0,21,philosophy,cleverology
132,20.0,22,insert,enterage
132,20.0,23,rally,noisen
132,20.0,24,programming,cryptowriter
132,20.0,25,outlook,gazeover
132,20.0,26,closure,shutter
132,20.0,27,gold,shinellow
132,20.0,28,minimum,leastest
132,20.0,29,language,tonguese
132,20.0,30,concentration,eyeshard
132,20.0,31,extreme,farbig
132,20.0,32,audience,peowatch
132,20.0,33,leap,jump
132,20.0,34,gram,small
132,20.0,35,program,operate
132,20.0,36,pattern,design
132,20.0,37,smell,odour
132,20.0,38,strength,muscles
132,20.0,39,commission,wage
132,20.0,40,debt,broke
132,20.0,41,management,boss
132,20.0,42,vacation,holiday
132,20.0,43,epic,amazing
132,20.0,44,skill,talent
132,20.0,45,plot,story
132,20.0,46,email,contact
132,20.0,47,land,floor
132,20.0,48,type,kind
133,36.0,1,answer,questiontrue
133,36.0,2,rain,watersplats
133,36.0,3,poem,wordrhyme
133,36.0,4,interview,questionjob
133,36.0,5,corps,deadflesh
133,36.0,6,earth,liveworld
133,36.0,7,regard,thinkingquestion
133,36.0,8,dream,imaginationsleep
133,36.0,9,venture,newtask
133,36.0,10,reputation,goodknown
133,36.0,11,conception,newmade
133,36.0,12,warrant,searchlegal
133,36.0,13,oxygen,breathingair
133,36.0,14,era,yearspan
133,36.0,15,fantasy,unrealreality
133,36.0,16,fraud,legallie
133,36.0,17,joke,humour
133,36.0,18,angle,acute
133,36.0,19,festival,celebration
133,36.0,20,talent,skill
133,36.0,21,plastic,acrylic
133,36.0,22,battle,fight
133,36.0,23,music,melody
133,36.0,24,example,sample
133,36.0,25,commitment,promise
133,36.0,26,secret,hidden
133,36.0,27,countryside,woodlands
133,36.0,28,explosion,bang
133,36.0,29,access,entrance
133,36.0,30,depot,store
133,36.0,31,compassion,empathy
133,36.0,32,prisoner,hostage
133,36.0,33,disaster,wrongact
133,36.0,34,prosecutor,legalperson
133,36.0,35,inconvenience,problemcause
133,36.0,36,stroke,brushswish
133,36.0,37,cry,wateringeyes
133,36.0,38,cut,halfsnip
133,36.0,39,gambling,hopemoney
133,36.0,40,laboratory,scienceroom
133,36.0,41,terrorist,angrykiller
133,36.0,42,midnight,daysstart
133,36.0,43,layout,pictureplacement
133,36.0,44,voyage,traveljourney
133,36.0,45,evaluation,testtheory
133,36.0,46,sadness,badfeeling
133,36.0,47,horror,scarytheme
134,35.0,1,principle,methodstand
134,35.0,2,discipline,chastsmack
134,35.0,3,gold,yellowglow
134,35.0,4,skill,talentart
134,35.0,5,extreme,farout
134,35.0,6,land,browndirt
134,35.0,7,type,sortkind
134,35.0,8,creation,beginoutset
134,35.0,9,smell,aromastinky
134,35.0,10,outlook,sightfront
134,35.0,11,application,useobject
134,35.0,12,vacation,sunbeach
134,35.0,13,photographer,snappysnap
134,35.0,14,river,flowywater
134,35.0,15,strength,strongpower
134,35.0,16,commission,dutytask
134,35.0,17,insert,putinny
134,35.0,18,pattern,swirlywhirly
134,35.0,19,program,learnstuff
134,35.0,20,closure,shutdoor
134,35.0,21,reaction,shockhorror
134,35.0,22,encounter,meetabop
134,35.0,23,concentration,brafreeze
134,35.0,24,id,snapose
134,35.0,25,gram,litrick
134,35.0,26,email,message
134,35.0,27,audience,spectator
134,35.0,28,language,dialect
134,35.0,29,intent,inclined
134,35.0,30,tomb,grave
134,35.0,31,smoke,fog
134,35.0,32,scout,search
134,35.0,33,seizure,impound
134,35.0,34,snack,munch
134,35.0,35,leap,jump
134,35.0,36,appreciation,thanks
134,35.0,37,quote,cite
134,35.0,38,plot,treason
134,35.0,39,minimum,least
134,35.0,40,programming,designing
134,35.0,41,management,bosses
135,33.0,1,angle,corner
135,33.0,2,evaluation,test
135,33.0,3,laboratory,test-centre
135,33.0,4,warrant,demand
135,33.0,5,midnight,night
135,33.0,6,actress,actor
135,33.0,7,conception,beginning
135,33.0,8,music,melody
135,33.0,9,dream,think
135,33.0,10,fraud,fake
135,33.0,11,rain,precipitation
135,33.0,12,depot,warehouse
135,33.0,13,example,instance
135,33.0,14,secret,hidden
135,33.0,15,plastic,malleable
135,33.0,16,layout,placemap
135,33.0,17,era,timespot
135,33.0,18,fantasy,dreamthink
135,33.0,19,voyage,searomp
135,33.0,20,corps,armybod
135,33.0,21,cry,tearseep
135,33.0,22,sadness,bluecloud
135,33.0,23,gambling,moneyrisk
135,33.0,24,interview,jobinterrogation
135,33.0,25,inconvenience,miniobstacle
135,33.0,26,explosion,bigbang
135,33.0,27,prosecutor,accusationlawyer
135,33.0,28,commitment,voluntarybond
135,33.0,29,regard,respectovision
135,33.0,30,stroke,fingerbrush
135,33.0,31,talent,skillation
135,33.0,32,poem,lyricling
135,33.0,33,battle,apocalash
135,33.0,34,cut,slish
135,33.0,35,prisoner,shackleman
135,33.0,36,countryside,pastoria
135,33.0,37,earth,terrum
135,33.0,38,answer,querisatis
135,33.0,39,reputation,professistory
135,33.0,40,terrorist,fearataka
135,33.0,41,access,yupass
135,33.0,42,joke,hahabit
135,33.0,43,venture,riskago
135,33.0,44,oxygen,oxybreathe
136,37.0,1,trick,act
136,37.0,2,input,addition
136,37.0,3,sense,feeling
136,37.0,4,philosopher,teacher
136,37.0,5,laughter,smile
136,37.0,6,spectrum,option
136,37.0,7,effect,result
136,37.0,8,assistant,helper
136,37.0,9,assurance,security
136,37.0,10,trench,channel
136,37.0,11,pension,payment
136,37.0,12,orientation,angle
136,37.0,13,county,place
136,37.0,14,region,area
136,37.0,15,cake,pudding
136,37.0,16,drain,hole
136,37.0,17,chaos,badtime
136,37.0,18,suicide,kill-self
136,37.0,19,scent,nice-smell
136,37.0,20,battalion,group-soldiers
136,37.0,21,innocence,pureperson
136,37.0,22,definition,wordmeaning
136,37.0,23,welfare,makesafe
136,37.0,24,romance,happylove
136,37.0,25,darkness,nolight
136,37.0,26,charity,givemoney
136,37.0,27,recipe,howcook
136,37.0,28,fortune,havemoney
136,37.0,29,expertise,haveskill
136,37.0,30,pause,stopdoing
136,37.0,31,error,wrongsign
136,37.0,32,mining,actout
136,37.0,33,crisis,scaredy
136,37.0,34,lecture,talkety
136,37.0,35,treasure,specials
136,37.0,36,intention,meanme
136,37.0,37,notion,movefeel
136,37.0,38,sea,bluey
136,37.0,39,payment,casher
136,37.0,40,merit,welling
136,37.0,41,force,pushit
136,37.0,42,database,infos
136,37.0,43,cartoon,playee
136,37.0,44,assessment,tryed
136,37.0,45,honesty,trued
136,37.0,46,victory,winned
136,37.0,47,defense,stopper
136,37.0,48,terror,fearedy
137,29.0,1,air,whuff
137,29.0,2,war,yug
137,29.0,3,discretion,shhhing
137,29.0,4,determination,yassination
137,29.0,5,ruler,tupper
137,29.0,6,value,huw
137,29.0,7,riot,rigot
137,29.0,8,plantation,fielrow
137,29.0,9,cruelty,sadtings
137,29.0,10,norm,hunkydory
137,29.0,11,dance,wiggves
137,29.0,12,revenge,stabbide
137,29.0,13,score,goaunt
137,29.0,14,series,season
137,29.0,15,color,hue
137,29.0,16,loss,minus
137,29.0,17,tobacco,cigarettes
137,29.0,18,beast,animal
137,29.0,19,atmosphere,sky
137,29.0,20,shot,drink
137,29.0,21,compliment,appeasement
137,29.0,22,impulse,reaction
137,29.0,23,curiosity,misunderstood
137,29.0,24,diabetes,illness
137,29.0,25,fix,repair
137,29.0,26,sentiment,meaning
137,29.0,27,item,product
137,29.0,28,photograph,picture
137,29.0,29,toilet,lavatory
137,29.0,30,repair,fixer-upper
137,29.0,31,attorney,lawyer-minion
137,29.0,32,republican,americanwhiner
137,29.0,33,win,not-lose
137,29.0,34,tissue,sneezecatcher
137,29.0,35,penny,shinycoin
137,29.0,36,conspiracy,secretsneak
137,29.0,37,billion,millionmillion
137,29.0,38,steam,hotclouds
137,29.0,39,homeland,hearthome
137,29.0,40,friendship,peopleconnection
137,29.0,41,advertising,pushpushmarketing
137,29.0,42,message,sentmeaning
138,31.0,1,warrant,declare
138,31.0,2,regard,consider
138,31.0,3,music,tones
138,31.0,4,venture,explore
138,31.0,5,conception,baby
138,31.0,6,voyage,journey
138,31.0,7,battle,war
138,31.0,8,corps,dead
138,31.0,9,fraud,fake
138,31.0,10,reputation,recognition
138,31.0,11,actress,performer
138,31.0,12,stroke,slap
138,31.0,13,angle,slant
138,31.0,14,secret,confidential
138,31.0,15,explosion,bang
138,31.0,16,poem,note
138,31.0,17,laboratory,lablit
138,31.0,18,horror,scary-movie
138,31.0,19,terrorist,bad-man
138,31.0,20,joke,funny-story
138,31.0,21,cut,hair-trim
138,31.0,22,festival,dance-music
138,31.0,23,evaluation,core-chat
138,31.0,24,compassion,love-life
138,31.0,25,oxygen,air-breath
138,31.0,26,talent,tv-show
138,31.0,27,gambling,money-machine
138,31.0,28,answer,phone-call
138,31.0,29,access,denied
138,31.0,30,disaster,hurricane-weather
138,31.0,31,sadness,crying-emotion
138,31.0,32,era,way-back
138,31.0,33,countryside,greengrass
138,31.0,34,fantasy,head-thoughts
138,31.0,35,cry,water-tears
138,31.0,36,prosecutor,argue-person
138,31.0,37,interview,talk-match
138,31.0,38,midnight,black-twelve
138,31.0,39,rain,waterdrops
138,31.0,40,example,write-text
138,31.0,41,plastic,soft-feel
138,31.0,42,commitment,mine-forever
138,31.0,43,earth,we-stand
138,31.0,44,depot,de-pop
138,31.0,45,prisoner,locked-in
138,31.0,46,layout,spread-out
139,25.0,1,loyalty,trust
139,25.0,2,length,long
139,25.0,3,parliament,election
139,25.0,4,performance,tasks
139,25.0,5,burst,pop
139,25.0,6,symbol,clue
139,25.0,7,nature,plain
139,25.0,8,process,continue
139,25.0,9,gaming,nerds
139,25.0,10,branch,tree
139,25.0,11,gravity,space
139,25.0,12,log,twig
139,25.0,13,graduation,uni
139,25.0,14,winter,snow
139,25.0,15,clause,case
139,25.0,16,seminar,nothing
139,25.0,17,enthusiasm,aloud
139,25.0,18,opposition,otherside
139,25.0,19,territory,land
139,25.0,20,jungle,rainforest
139,25.0,21,trip,worldwide
139,25.0,22,scenario,aplan
139,25.0,23,detail,creative
139,25.0,24,practice,continue
139,25.0,25,album,cd
139,25.0,26,danger,redzone
139,25.0,27,mistake,correction
139,25.0,28,cruise,boating
139,25.0,29,forum,roma
139,25.0,30,price,money
139,25.0,31,purity,simple
139,25.0,32,code,breaker
139,25.0,33,arrangement,plannd
139,25.0,34,dragon,firecreature
139,25.0,35,skull,headbone
139,25.0,36,communication,talkings
139,25.0,37,analyst,crystal
139,25.0,38,syndrome,stockholm
139,25.0,39,coal,blackhot
139,25.0,40,south,northy
139,25.0,41,trade,buyingstuff
139,25.0,42,military,armyjobs
139,25.0,43,warrior,bigstrong
139,25.0,44,refuge,lovable
139,25.0,45,injury,hurted
140,50.0,1,intent,wantdo
140,50.0,2,outlook,whathappen
140,50.0,3,seizure,bodystuck
140,50.0,4,article,writtenpage
140,50.0,5,commission,paidwork
140,50.0,6,application,mobileprogramme
140,50.0,7,discipline,telloff
140,50.0,8,programming,writecomputer
140,50.0,9,closure,shutdown
140,50.0,10,vacation,holidaytime
140,50.0,11,quote,wordsother
140,50.0,12,creation,makestuff
140,50.0,13,skill,makingtalent
140,50.0,14,scout,lookahead
140,50.0,15,tomb,burialplace
140,50.0,16,principle,howact
140,50.0,17,river,wateree
140,50.0,18,obsession,prowlered
140,50.0,19,philosophy,thinkee
140,50.0,20,reaction,actee
140,50.0,21,snack,foodicle
140,50.0,22,plot,eviling
140,50.0,23,extreme,veryee
140,50.0,24,rally,rallee
140,50.0,25,id,youist
140,50.0,26,pattern,recogniser
140,50.0,27,smoke,fireness
140,50.0,28,encounter,meeter
140,50.0,29,minimum,littler
140,50.0,30,type,keyboarding
140,50.0,31,photographer,picturer
140,50.0,32,concentration,thinking
140,50.0,33,debt,owed
140,50.0,34,program,application
140,50.0,35,gram,weight
140,50.0,36,strength,power
140,50.0,37,management,overseer
140,50.0,38,audience,watchers
140,50.0,39,category,typ
140,50.0,40,land,earth
140,50.0,41,insert,install
140,50.0,42,smell,stench
140,50.0,43,language,words
140,50.0,44,email,note
140,50.0,45,leap,jump
140,50.0,46,gold,midas
140,50.0,47,appreciation,thanks
141,49.0,1,passion,kissylove
141,49.0,2,opponent,otherplayer
141,49.0,3,counsel,advicegiver
141,49.0,4,desire,lustywant
141,49.0,5,mix,jumbleup
141,49.0,6,storm,weatheranger
141,49.0,7,inventor,makerman
141,49.0,8,sword,stabbystick
141,49.0,9,acid,stingywater
141,49.0,10,cancer,killcell
141,49.0,11,guilt,selfblame
141,49.0,12,policeman,copperliar
141,49.0,13,transcript,speakywrite
141,49.0,14,assignment,coursework
141,49.0,15,sympathy,condolence
141,49.0,16,abuse,mistreat
141,49.0,17,charm,charisma
141,49.0,18,pie,dunno
141,49.0,19,hunting,seeking
141,49.0,20,pain,hurt
141,49.0,21,assassination,killing
141,49.0,22,method,technique
141,49.0,23,operation,procedure
141,49.0,24,genius,smartypants
141,49.0,25,size,bigness
141,49.0,26,hurricane,whirlwind
141,49.0,27,stretch,elongate
141,49.0,28,conservative,cautious
141,49.0,29,breast,mumboob
141,49.0,30,electronics,powercircuit
141,49.0,31,basis,startfoundation
141,49.0,32,promotion,stepup
141,49.0,33,maintenance,keepgood
141,49.0,34,destiny,deemedpath
141,49.0,35,storm,angryweather
141,49.0,36,miracle,impossiblehappen
141,49.0,37,pregnancy,babygrow
141,49.0,38,limb,armyleg
141,49.0,39,colony,multidwell
141,49.0,40,label,namesticker
141,49.0,41,decision,madechoice
141,49.0,42,democracy,everyonevote
141,49.0,43,victim,targetone
142,33.0,1,shortage,notalot
142,33.0,2,violation,notrust
142,33.0,3,state,largearea
142,33.0,4,truth,nosies
142,33.0,5,meantime,rightnow
142,33.0,6,hatred,strongdislike
142,33.0,7,boyfriend,malepartner
142,33.0,8,role,jobdescription
142,33.0,9,insurance,damagepayout
142,33.0,10,expression,facemovements
142,33.0,11,puppet,stringdoll
142,33.0,12,aggression,negativeattitude
142,33.0,13,frustration,emotionblock
142,33.0,14,attraction,positivefeelings
142,33.0,15,argument,shoutymatch
142,33.0,16,gateway,patrolborder
142,33.0,17,cargo,overseasstuff
142,33.0,18,dialogue,talkytalk
142,33.0,19,feeling,feels
142,33.0,20,slave,nopeypays
142,33.0,21,submarine,shiyploosh
142,33.0,22,author,wordyness
142,33.0,23,freezing,crystalchill
142,33.0,24,mention,talkyness
142,33.0,25,perfection,superamaze
142,33.0,26,slavery,nopespays
142,33.0,27,nose,smellnsnort
142,33.0,28,wit,smrtyowl
142,33.0,29,receipt,bill
142,33.0,30,stone,pebble
142,33.0,31,instruction,protocol
142,33.0,32,temptation,tempt
142,33.0,33,entertainment,amusement
142,33.0,34,collapse,subside
142,33.0,35,excitement,elation
142,33.0,36,holiday,vacation
142,33.0,37,total,sum
142,33.0,38,lottery,sweepstake
142,33.0,39,leadership,guidance
142,33.0,40,grief,sadness
142,33.0,41,printing,proof
142,33.0,42,employment,job
142,33.0,43,journey,travel
142,33.0,44,murder,killing
143,49.0,1,purpose,withintent
143,49.0,2,warrior,fighterperson
143,49.0,3,length,measureup
143,49.0,4,communication,talktalk
143,49.0,5,dragon,firebreathing
143,49.0,6,injury,hurtpart
143,49.0,7,jungle,tarzanlived
143,49.0,8,arrangement,tablescape
143,49.0,9,process,operationsystem
143,49.0,10,nature,greenlife
143,49.0,11,gravity,airfree
143,49.0,12,practice,makesperfect
143,49.0,13,coal,heatrock
143,49.0,14,opposition,otherside
143,49.0,15,loyalty,showfavour
143,49.0,16,performance,actorstage
143,49.0,17,forum,rofmu
143,49.0,18,trade,edart
143,49.0,19,album,mubla
143,49.0,20,seminar,ranimes
143,49.0,21,analyst,stylana
143,49.0,22,symbol,lobmys
143,49.0,23,branch,hcnarb
143,49.0,24,danger,regnad
143,49.0,25,price,ecirp
143,49.0,26,territory,yrotirret
143,49.0,27,refuge,egufer
143,49.0,28,burst,tsrub
143,49.0,29,cruise,esiurc
143,49.0,30,gaming,gnimag
143,49.0,31,scenario,oiranecs
143,49.0,32,purity,ytirup
143,49.0,33,travel,voyage
143,49.0,34,graduation,passout
143,49.0,35,syndrome,disease
143,49.0,36,log,branch
143,49.0,37,detail,intricate
143,49.0,38,clause,rule
143,49.0,39,skull,bone
143,49.0,40,mistake,error
143,49.0,41,enthusiasm,keeness
143,49.0,42,military,soilder
143,49.0,43,south,direction
143,49.0,44,code,cryptic
143,49.0,45,trip,journey
143,49.0,46,winter,cold
143,49.0,47,conversation,talking
143,49.0,48,parliament,government
144,45.0,1,journey,expedition
144,45.0,2,argument,quarrel
144,45.0,3,leadership,authority
144,45.0,4,perfection,brilliant
144,45.0,5,attraction,desirable
144,45.0,6,mention,say
144,45.0,7,hatred,loathing
144,45.0,8,employment,job
144,45.0,9,dialogue,conversation
144,45.0,10,collapse,disintegrate
144,45.0,11,lottery,raffle
144,45.0,12,wit,cleverness
144,45.0,13,gateway,portal
144,45.0,14,excitement,thrilling
144,45.0,15,violation,breach
144,45.0,16,feeling,emotion
144,45.0,17,instruction,commandjob
144,45.0,18,truth,correctfact
144,45.0,19,frustration,annoyedfeeling
144,45.0,20,cargo,goodshold
144,45.0,21,entertainment,showhappy
144,45.0,22,investigation,mysterysearch
144,45.0,23,grief,deathsad
144,45.0,24,role,playpart
144,45.0,25,nose,sniffertube
144,45.0,26,freezing,icycold
144,45.0,27,printing,writecopy
144,45.0,28,slave,forcedlabour
144,45.0,29,stone,hardrock
144,45.0,30,murder,killperson
144,45.0,31,cheer,excitedroar
144,45.0,32,author,bookwriter
144,45.0,33,expression,happook
144,45.0,34,total,summee
144,45.0,35,slavery,forzabour
144,45.0,36,noon,damidy
144,45.0,37,boyfriend,smanike
144,45.0,38,aggression,angstion
144,45.0,39,insurance,monsavy
144,45.0,40,temptation,wantee
144,45.0,41,quarter,halfalf
144,45.0,42,receipt,tillist
144,45.0,43,state,countrol
145,56.0,1,dragon,firebreat
145,56.0,2,log,woodie
145,56.0,3,travel,moveon
145,56.0,4,cruise,tankee
145,56.0,5,warrior,comber
145,56.0,6,trip,toting
145,56.0,7,burst,expoing
145,56.0,8,danger,pering
145,56.0,9,practice,dobee
145,56.0,10,album,bobes
145,56.0,11,gaming,playzer
145,56.0,12,coal,cinee
145,56.0,13,nature,eartie
145,56.0,14,symbol,sinet
145,56.0,15,syndrome,sickill
145,56.0,16,jungle,treish
145,56.0,17,detail,feature
145,56.0,18,gravity,pull
145,56.0,19,military,soldier
145,56.0,20,parliament,council
145,56.0,21,loyalty,true
145,56.0,22,injury,hurt
145,56.0,23,mistake,fault
145,56.0,24,refuge,hideaway
145,56.0,25,territory,land
145,56.0,26,analyst,examinar
145,56.0,27,performance,show
145,56.0,28,enthusiasm,zeal
145,56.0,29,clause,section
145,56.0,30,arrangement,order
145,56.0,31,trade,exchange
145,56.0,32,graduation,ladder
145,56.0,33,forum,talk-shit
145,56.0,34,seminar,forumwaffle
145,56.0,35,skull,headnut
145,56.0,36,opposition,clashwaste
145,56.0,37,purpose,push-up
145,56.0,38,winter,freezearse
145,56.0,39,process,takingin
145,56.0,40,purity,virgin-one
145,56.0,41,south,realdown
145,56.0,42,length,big-more
145,56.0,43,scenario,tell-all
145,56.0,44,code,secret-way
145,56.0,45,conversation,never-stop
145,56.0,46,price,how-much
145,56.0,47,communication,noise-board
146,25.0,1,trade,tooa
146,25.0,2,gravity,graceta
146,25.0,3,analyst,anlo
146,25.0,4,winter,wooont
146,25.0,5,arrangement,arrong
146,25.0,6,conversation,coqer
146,25.0,7,seminar,samo
146,25.0,8,mistake,moozw
146,25.0,9,opposition,oppar
146,25.0,10,album,baluse
146,25.0,11,graduation,gabert
146,25.0,12,forum,furwwas
146,25.0,13,south,suwart
146,25.0,14,syndrome,xrerw
146,25.0,15,military,barracks
146,25.0,16,gaming,playstation
146,25.0,17,warrior,wazar
146,25.0,18,performance,prasdes
146,25.0,19,practice,hardwork
146,25.0,20,danger,alert
146,25.0,21,log,tree
146,25.0,22,nature,earth
146,25.0,23,loyalty,bond
146,25.0,24,communication,talking
146,25.0,25,injury,hurt
146,25.0,26,travel,passage
146,25.0,27,dragon,reptile
146,25.0,28,coal,mine
146,25.0,29,territory,home
146,25.0,30,branch,tree
146,25.0,31,process,strategy-das
146,25.0,32,detail,attention-aer
146,25.0,33,purity,pure-laor
146,25.0,34,code,numbers-casd
146,25.0,35,enthusiasm,happy-aswe
146,25.0,36,refuge,home-paxw
146,25.0,37,purpose,mission-zawe
147,40.0,1,countryside,outdoorsyland
147,40.0,2,gambling,profigaming
147,40.0,3,prisoner,jailee
147,40.0,4,poem,verserhyme
147,40.0,5,talent,showbizzy
147,40.0,6,evaluation,scoringquiz
147,40.0,7,cut,slicey
147,40.0,8,cry,wailnoise
147,40.0,9,commitment,stuckto
147,40.0,10,festival,joyfun
147,40.0,11,venture,wowgo
147,40.0,12,midnight,antinoon
147,40.0,13,laboratory,sciencehouse
147,40.0,14,stroke,flopsyface
147,40.0,15,oxygen,lungfood
147,40.0,16,horror,fright
147,40.0,17,sadness,unhappiness
147,40.0,18,era,period
147,40.0,19,fraud,trickery
147,40.0,20,earth,terrain
147,40.0,21,example,demonstration
147,40.0,22,depot,station
147,40.0,23,joke,jest
147,40.0,24,battle,fight
147,40.0,25,explosion,bang
147,40.0,26,terrorist,evil
147,40.0,27,rain,shower
147,40.0,28,fantasy,imagination
147,40.0,29,layout,area
147,40.0,30,access,entry
147,40.0,31,corps,troupe
147,40.0,32,voyage,travel-journey
147,40.0,33,reputation,worthiness-rating
147,40.0,34,interview,jobchat
147,40.0,35,answer,question-solve
147,40.0,36,conception,begin-creation
147,40.0,37,actress,drama-lady
147,40.0,38,compassion,caringfriend
147,40.0,39,angle,cornerlines
147,40.0,40,disaster,gone-wrong
147,40.0,41,plastic,unnatural-packing
147,40.0,42,prosecutor,accusethem
147,40.0,43,inconvenience,oopsywhoops
147,40.0,44,regard,aboutthis
147,40.0,45,secret,hushywords
147,40.0,46,dream,sleep-movie
148,21.0,1,slave,freework
148,21.0,2,gateway,placein
148,21.0,3,shortage,slowply
148,21.0,4,mention,sayin
148,21.0,5,freezing,icedout
148,21.0,6,attraction,beautyplace
148,21.0,7,lottery,oneinamillion
148,21.0,8,holiday,timeawau
148,21.0,9,state,bigcity
148,21.0,10,investigation,detailedlook
148,21.0,11,expression,makingfaces
148,21.0,12,noon,sunsout
148,21.0,13,nose,headbreather
148,21.0,14,total,allofthem
148,21.0,15,instruction,steps
148,21.0,16,meantime,later
148,21.0,17,feeling,doing
148,21.0,18,printing,producing
148,21.0,19,frustration,angered
148,21.0,20,argument,disagreement
148,21.0,21,receipt,letter
148,21.0,22,insurance,hedging
148,21.0,23,perfection,fulfilled
148,21.0,24,stone,brick
148,21.0,25,entertainment,fun
148,21.0,26,wit,knowledge
148,21.0,27,boyfriend,girlfriend
148,21.0,28,collapse,squish
148,21.0,29,role,job
148,21.0,30,truth,lie
148,21.0,31,aggression,angry-man
148,21.0,32,murder,killing-people
148,21.0,33,temptation,lustful-energy
148,21.0,34,submarine,underwater-bus
148,21.0,35,excitement,cannot-wait
148,21.0,36,employment,havejob
148,21.0,37,journey,trip-away
148,21.0,38,puppet,hand-toy
148,21.0,39,slavery,punished-individuals
148,21.0,40,violation,get-owned
148,21.0,41,hatred,not-liking
148,21.0,42,leadership,give-instructions
148,21.0,43,grief,sad-about
148,21.0,44,dialogue,story-speech
148,21.0,45,cheer,make-sound
148,21.0,46,author,bookwriter
149,27.0,1,grief,death-sad
149,27.0,2,instruction,howto
149,27.0,3,lottery,random-money
149,27.0,4,noon,high-sun
149,27.0,5,receipt,spending-proof
149,27.0,6,employment,jobhaving
149,27.0,7,stone,hardland
149,27.0,8,boyfriend,malecompanion
149,27.0,9,freezing,ultracold
149,27.0,10,truth,un-lie
149,27.0,11,journey,travel-far
149,27.0,12,quarter,half-half
149,27.0,13,mention,toldyou
149,27.0,14,shortage,tooless
149,27.0,15,frustration,urghh
149,27.0,16,aggression,grrr
149,27.0,17,printing,paperwording
149,27.0,18,entertainment,funs
149,27.0,19,slave,entraptee
149,27.0,20,attraction,wantit
149,27.0,21,state,uner
149,27.0,22,author,wordmaker
149,27.0,23,role,scriptee
149,27.0,24,excitement,aaahhhh
149,27.0,25,murder,unalive
149,27.0,26,total,put-together
149,27.0,27,hatred,fire-eyes
149,27.0,28,insurance,assurance
149,27.0,29,submarine,aqua-vehicle
149,27.0,30,collapse,fall
149,27.0,31,perfection,sublime
149,27.0,32,wit,quick
149,27.0,33,feeling,emotion
149,27.0,34,meantime,while
149,27.0,35,temptation,wanting
149,27.0,36,cargo,packages
149,27.0,37,argument,disagreement
149,27.0,38,violation,haram
149,27.0,39,dialogue,discourse
149,27.0,40,expression,saying
149,27.0,41,slavery,serfdom
149,27.0,42,holiday,vacation
149,27.0,43,gateway,portal
150,30.0,1,storm,winrain
150,30.0,2,inventor,creaker
150,30.0,3,electronics,amprectification
150,30.0,4,policeman,lawman
150,30.0,5,cancer,growcer
150,30.0,6,transcript,tapecop
150,30.0,7,pregnancy,babyhome
150,30.0,8,accent,counvoice
150,30.0,9,guilt,sorrup
150,30.0,10,promotion,buildetter
150,30.0,11,basis,suppfound
150,30.0,12,hunger,starcrave
150,30.0,13,destiny,lifan
150,30.0,14,conservative,innotrad
150,30.0,15,size,smig
150,30.0,16,label,tagle
150,30.0,17,operation,functioning
150,30.0,18,counsel,guidance
150,30.0,19,decision,choice
150,30.0,20,acid,bitter
150,30.0,21,pie,patty
150,30.0,22,assignment,task
150,30.0,23,method,routine
150,30.0,24,breast,boob
150,30.0,25,charm,appeal
150,30.0,26,opponent,rival
150,30.0,27,maintenance,support
150,30.0,28,hunting,finding
150,30.0,29,passion,like
150,30.0,30,storm,tornado
150,30.0,31,sympathy,sorrow
150,30.0,32,desire,want
150,30.0,33,sword,longknife
150,30.0,34,democracy,electivegovernment
150,30.0,35,abuse,hurtharm
150,30.0,36,victim,injuredsufferer
150,30.0,37,politics,partygovernment
150,30.0,38,mix,shakeup
150,30.0,39,hurricane,windystorm
150,30.0,40,economics,moneymaking
150,30.0,41,pain,achehurt
150,30.0,42,colony,territorypossession
150,30.0,43,assassination,murderkilling
150,30.0,44,limb,armleg
150,30.0,45,shame,humiliationmisfortune
150,30.0,46,genius,clevernerd
150,30.0,47,stretch,pullout
151,27.0,1,ability,skill
151,27.0,2,warning,chance
151,27.0,3,fear,scared
151,27.0,4,thief,convict
151,27.0,5,reference,book
151,27.0,6,competition,winner
151,27.0,7,criticism,feedback
151,27.0,8,flight,plane
151,27.0,9,fuel,burn
151,27.0,10,regime,plan
151,27.0,11,criminal,prison
151,27.0,12,mineral,vitamin
151,27.0,13,community,school
151,27.0,14,globe,world
151,27.0,15,heaven,god
151,27.0,16,survival,fight
151,27.0,17,liability,ownership
151,27.0,18,experiment,science
151,27.0,19,village,dwelling
151,27.0,20,platinum,steel
151,27.0,21,illusion,magic
151,27.0,22,deposition,trial
151,27.0,23,assumption,perception
151,27.0,24,association,linked
151,27.0,25,union,family
151,27.0,26,pride,courage
151,27.0,27,reach,strive
151,27.0,28,dark,light
151,27.0,29,correspondence,report
151,27.0,30,understanding,knowledge
151,27.0,31,glow,worm
151,27.0,32,accountant,money
151,27.0,33,violence,criminal
151,27.0,34,serial,killer
151,27.0,35,curse,witch
151,27.0,36,decline,our
151,27.0,37,loan,out
151,27.0,38,middle,child
151,27.0,39,rumor,the
151,27.0,40,cloth,bag
151,27.0,41,script,the
151,27.0,42,sunshine,lollipops
151,27.0,43,reunion,marriage
151,27.0,44,obstacle,course
151,27.0,45,mystery,murder
151,27.0,46,evolution,soccer
151,27.0,47,draft,token
151,27.0,48,precedent,set
152,43.0,1,shortage,lowquantity
152,43.0,2,role,positionjob
152,43.0,3,insurance,betagainst
152,43.0,4,perfection,rightonly
152,43.0,5,instruction,detailplan
152,43.0,6,entertainment,keepbusy
152,43.0,7,nose,facesniffer
152,43.0,8,collapse,falldown
152,43.0,9,aggression,angrylevel
152,43.0,10,frustration,angstcaused
152,43.0,11,printing,markmaking
152,43.0,12,murder,killedanother
152,43.0,13,cargo,carriedload
152,43.0,14,noon,middaytime
152,43.0,15,mention,spokened
152,43.0,16,quarter,splitfourth
152,43.0,17,grief,sadeath
152,43.0,18,meantime,duringation
152,43.0,19,dialogue,speakings
152,43.0,20,total,addedings
152,43.0,21,cheer,yaying
152,43.0,22,feeling,inemotion
152,43.0,23,attraction,fancyaction
152,43.0,24,lottery,winnyall
152,43.0,25,submarine,sinkyoat
152,43.0,26,expression,looky
152,43.0,27,violation,breaky
152,43.0,28,gateway,fencole
152,43.0,29,freezing,solidifying
152,43.0,30,leadership,motivating
152,43.0,31,temptation,luring
152,43.0,32,slave,forced
152,43.0,33,stone,rock
152,43.0,34,author,writer
152,43.0,35,boyfriend,partner
152,43.0,36,receipt,chit
152,43.0,37,argument,quarrel
152,43.0,38,slavery,forced
152,43.0,39,truth,fact
152,43.0,40,state,country
152,43.0,41,wit,humojur
152,43.0,42,hatred,vitriole
152,43.0,43,journey,trip
153,44.0,1,territory,landem
153,44.0,2,jungle,canopyist
153,44.0,3,purpose,reasonabing
153,44.0,4,symbol,wibble
153,44.0,5,winter,coldster
153,44.0,6,arrangement,dealable
153,44.0,7,graduation,schoolbilly
153,44.0,8,practice,perfectoble
153,44.0,9,detail,dobble
153,44.0,10,loyalty,friendicus
153,44.0,11,forum,meeting
153,44.0,12,syndrome,disease
153,44.0,13,branch,twig
153,44.0,14,cruise,ship
153,44.0,15,performance,outcome
153,44.0,16,injury,illness
153,44.0,17,log,trunk
153,44.0,18,travel,visiting
153,44.0,19,refuge,shelter
153,44.0,20,scenario,setting
153,44.0,21,price,cost
153,44.0,22,trade,swap
153,44.0,23,code,pin
153,44.0,24,gaming,playing
153,44.0,25,danger,caution
153,44.0,26,warrior,brave
153,44.0,27,length,measuretape
153,44.0,28,burst,goespop
153,44.0,29,enthusiasm,verykeen
153,44.0,30,seminar,workmeeting
153,44.0,31,clause,partcontract
153,44.0,32,nature,florafauna
153,44.0,33,opposition,playingagainst
153,44.0,34,gravity,pushdown
153,44.0,35,skull,craniumbones
153,44.0,36,album,songgroups
153,44.0,37,conversation,peopletalking
153,44.0,38,mistake,baderror
153,44.0,39,coal,blackstuff
153,44.0,40,process,rulefollowing
153,44.0,41,trip,dayout
154,20.0,1,poem,rhyming-story
154,20.0,2,gambling,betting
154,20.0,3,dream,sleepmovie
154,20.0,4,voyage,boat-adventure
154,20.0,5,countryside,rural
154,20.0,6,reputation,notoriety
154,20.0,7,midnight,twelve
154,20.0,8,explosion,detonation
154,20.0,9,example,sampl
154,20.0,10,cry,tears
154,20.0,11,talent,skill
154,20.0,12,joke,pun
154,20.0,13,terrorist,extremist
154,20.0,14,angle,incline
154,20.0,15,evaluation,judgement
154,20.0,16,disaster,serious-failure
154,20.0,17,fantasy,makebelieve
154,20.0,18,access,open-retrieval
154,20.0,19,oxygen,breathgas
154,20.0,20,compassion,caringother
154,20.0,21,warrant,justifiedaction
154,20.0,22,corps,armygroup
154,20.0,23,horror,scarythrills
154,20.0,24,era,historychange
154,20.0,25,venture,businessdeal
154,20.0,26,festival,danceday
154,20.0,27,interview,questiontime
154,20.0,28,conception,starttime
154,20.0,29,sadness,teartime
154,20.0,30,layout,itemlocation
154,20.0,31,answer,quesponse
154,20.0,32,music,nisowaves
154,20.0,33,prisoner,crimey
154,20.0,34,plastic,dinostauk
154,20.0,35,stroke,mindles
154,20.0,36,battle,stabbeys
154,20.0,37,rain,godmens
154,20.0,38,regard,lookies
154,20.0,39,secret,hiddles
154,20.0,40,inconvenience,sokill
154,20.0,41,commitment,priorigage
154,20.0,42,cut,leavidle
154,20.0,43,laboratory,mistolayer
154,20.0,44,earth,dirtle
154,20.0,45,depot,storcle
155,52.0,1,angle,bent
155,52.0,2,countryside,rural
155,52.0,3,joke,quip
155,52.0,4,answer,respond
155,52.0,5,era,period
155,52.0,6,music,tune
155,52.0,7,actress,player
155,52.0,8,poem,sonnet
155,52.0,9,access,allow
155,52.0,10,gambling,betting
155,52.0,11,terrorist,radical
155,52.0,12,corps,company
155,52.0,13,battle,fight
155,52.0,14,secret,hide
155,52.0,15,regard,look
155,52.0,16,festival,fete
155,52.0,17,midnight,darksky
155,52.0,18,venture,goforth
155,52.0,19,reputation,wellknown
155,52.0,20,warrant,legalarrest
155,52.0,21,cry,wetdrops
155,52.0,22,prosecutor,defendingvictim
155,52.0,23,cut,sharpincision
155,52.0,24,horror,scaryness
155,52.0,25,plastic,chemicalmaterial
155,52.0,26,explosion,bigbang
155,52.0,27,rain,wetweather
155,52.0,28,prisoner,cellperson
155,52.0,29,commitment,stayingwith
155,52.0,30,layout,areacovering
155,52.0,31,fraud,notreal
155,52.0,32,compassion,feelkindness
155,52.0,33,earth,soiliness
155,52.0,34,fantasy,dreamaway
155,52.0,35,talent,skilltopper
155,52.0,36,depot,dumpyplace
155,52.0,37,sadness,blueness
155,52.0,38,laboratory,experimentplace
155,52.0,39,inconvenience,noteasy
155,52.0,40,voyage,tripaway
155,52.0,41,stroke,glidehand
155,52.0,42,oxygen,airbreathe
155,52.0,43,conception,makelife
155,52.0,44,dream,picturessleep
155,52.0,45,interview,questioningjob
155,52.0,46,evaluation,measureprospects
156,20.0,1,analyst,thinkyguy
156,20.0,2,winter,coldy
156,20.0,3,forum,talkybox
156,20.0,4,south,bottomy
156,20.0,5,clause,santy
156,20.0,6,branch,sticky
156,20.0,7,loyalty,lovekinda
156,20.0,8,opposition,neggy
156,20.0,9,album,sook
156,20.0,10,coal,blad
156,20.0,11,purity,chainy
156,20.0,12,arrangement,floer
156,20.0,13,nature,ootsyd
156,20.0,14,jungle,viney
156,20.0,15,gaming,gamy
156,20.0,16,trade,swap
156,20.0,17,danger,tresspass
156,20.0,18,cruise,boattravel
156,20.0,19,graduation,celebration
156,20.0,20,syndrome,condition
156,20.0,21,conversation,talk
156,20.0,22,travel,explore
156,20.0,23,practice,gp
156,20.0,24,injury,wound
156,20.0,25,territory,space
156,20.0,26,symbol,icon
156,20.0,27,dragon,drake
156,20.0,28,length,long
156,20.0,29,gravity,apple
156,20.0,30,price,cost
156,20.0,31,burst,explode
156,20.0,32,code,wordpuzzle
156,20.0,33,communication,mouthtalk
156,20.0,34,refuge,safeplace
156,20.0,35,military,gunpeople
156,20.0,36,scenario,ideastory
156,20.0,37,process,thingshappen
156,20.0,38,skull,headbone
156,20.0,39,enthusiasm,happyexcited
156,20.0,40,log,woodpice
156,20.0,41,warrior,bravepeople
156,20.0,42,purpose,meaningfulthing
156,20.0,43,mistake,wrongthing
156,20.0,44,trip,fallover
156,20.0,45,seminar,lecturertalk
156,20.0,46,detail,intricatething
156,20.0,47,performance,showingskill
157,35.0,1,gateway,outsidedoor
157,35.0,2,boyfriend,manpal
157,35.0,3,dialogue,conversation
157,35.0,4,attraction,sexyinterest
157,35.0,5,frustration,annoyance
157,35.0,6,investigation,cluesearch
157,35.0,7,role,personoccupation
157,35.0,8,author,bookwriter
157,35.0,9,perfection,hundredpercent
157,35.0,10,slave,nonstopservant
157,35.0,11,shortage,lackof
157,35.0,12,hatred,strongdislike
157,35.0,13,submarine,underseaboat
157,35.0,14,wit,funnyterm
157,35.0,15,collapse,splatooned
157,35.0,16,temptation,swooned
157,35.0,17,violation,tression
157,35.0,18,meantime,waitytime
157,35.0,19,argument,shoutymatch
157,35.0,20,leadership,inspiship
157,35.0,21,holiday,chillcation
157,35.0,22,printing,inkyfun
157,35.0,23,freezing,icyblast
157,35.0,24,lottery,winnery
157,35.0,25,receipt,papery
157,35.0,26,aggression,testozone
157,35.0,27,nose,snotvilla
157,35.0,28,employment,workeroo
157,35.0,29,entertainment,sparkywoo
157,35.0,30,mention,highlight
157,35.0,31,quarter,fourth
157,35.0,32,truth,honesty
157,35.0,33,puppet,sycophant
157,35.0,34,expression,show
157,35.0,35,grief,sadness
157,35.0,36,cargo,luggage
157,35.0,37,insurance,safety
157,35.0,38,total,complete
157,35.0,39,state,outline
157,35.0,40,feeling,experiencing
157,35.0,41,excitement,thrilling
157,35.0,42,journey,travel
157,35.0,43,stone,rock
157,35.0,44,slavery,worker
157,35.0,45,noon,twelve
158,37.0,1,price,costy
158,37.0,2,log,branchette
158,37.0,3,purpose,whys
158,37.0,4,gaming,playz
158,37.0,5,injury,booboo
158,37.0,6,album,lookie
158,37.0,7,parliament,talkie
158,37.0,8,trip,gogo
158,37.0,9,refuge,hidein
158,37.0,10,military,fightum
158,37.0,11,burst,pooof
158,37.0,12,jungle,palmy
158,37.0,13,south,downuth
158,37.0,14,enthusiasm,zuzz
158,37.0,15,opposition,agin
158,37.0,16,dragon,firer
158,37.0,17,territory,turf
158,37.0,18,warrior,fighter
158,37.0,19,gravity,force
158,37.0,20,clause,rule
158,37.0,21,danger,risk
158,37.0,22,cruise,sail
158,37.0,23,travel,trip
158,37.0,24,detail,info
158,37.0,25,arrangement,agreement
158,37.0,26,trade,barter
158,37.0,27,practice,custom
158,37.0,28,winter,january
158,37.0,29,syndrome,condition
158,37.0,30,symbol,icon
158,37.0,31,communication,talking
158,37.0,32,coal,carbon
158,37.0,33,purity,alwaysclean
158,37.0,34,branch,tree-arm
158,37.0,35,nature,plants-animals
158,37.0,36,analyst,infochecker
158,37.0,37,code,hidden-meaning
158,37.0,38,skull,headbone
158,37.0,39,length,how-short
158,37.0,40,seminar,classtalk
158,37.0,41,performance,liveshow
158,37.0,42,forum,grouptalk
158,37.0,43,conversation,talkchat
158,37.0,44,graduation,schooldone
158,37.0,45,mistake,oopswrong
158,37.0,46,process,waydo
158,37.0,47,loyalty,friendtrue
159,43.0,1,orientation,direction
159,43.0,2,cartoon,animation
159,43.0,3,assurance,comfort
159,43.0,4,spectrum,autism
159,43.0,5,treasure,gold
159,43.0,6,darkness,blackhole
159,43.0,7,romance,loving
159,43.0,8,county,renfrewshire
159,43.0,9,chaos,manic
159,43.0,10,notion,idea
159,43.0,11,scent,aroma
159,43.0,12,sense,smell
159,43.0,13,sea,ocean
159,43.0,14,drain,sewer
159,43.0,15,honesty,truthfullness
159,43.0,16,intention,purpose
159,43.0,17,mining,diggerall
159,43.0,18,payment,spondalos
159,43.0,19,trick,deceivess
159,43.0,20,region,areall
159,43.0,21,charity,donatill
159,43.0,22,merit,awargg
159,43.0,23,input,gakfj
159,43.0,24,database,jniteer
159,43.0,25,assistant,helpering
159,43.0,26,assessment,testas
159,43.0,27,error,mistank
159,43.0,28,recipe,cookera
159,43.0,29,lecture,teachid
159,43.0,30,cake,treadde
159,43.0,31,innocence,prist
159,43.0,32,victory,winner
159,43.0,33,laughter,fun
159,43.0,34,welfare,care
159,43.0,35,effect,outcome
159,43.0,36,suicide,death
159,43.0,37,definition,description
159,43.0,38,defense,protect
159,43.0,39,force,urge
159,43.0,40,fortune,lucky
159,43.0,41,terror,scared
159,43.0,42,crisis,threat
159,43.0,43,pause,stop
159,43.0,44,philosopher,smart
159,43.0,45,battalion,war
159,43.0,46,trench,soldiers
159,43.0,47,pension,senior
160,38.0,1,example,ideashower
160,38.0,2,terrorist,fearscarer
160,38.0,3,evaluation,endresult
160,38.0,4,inconvenience,breakintention
160,38.0,5,battle,warfight
160,38.0,6,access,gainentry
160,38.0,7,compassion,kindfriend
160,38.0,8,music,soundnotes
160,38.0,9,countryside,greenvillage
160,38.0,10,oxygen,breathingair
160,38.0,11,angle,cornerpoint
160,38.0,12,secret,ideatreasures
160,38.0,13,fraud,fakeliar
160,38.0,14,gambling,riskloser
160,38.0,15,disaster,terribleoutcome
160,38.0,16,stroke,smush
160,38.0,17,depot,goodsstore
160,38.0,18,corps,deadbod
160,38.0,19,fantasy,ponderland
160,38.0,20,layout,desiorder
160,38.0,21,cry,tearflow
160,38.0,22,era,historea
160,38.0,23,venture,goer
160,38.0,24,sadness,frownblue
160,38.0,25,answer,resply
160,38.0,26,joke,laugher
160,38.0,27,plastic,shineysheet
160,38.0,28,dream,cloudsleep
160,38.0,29,earth,planets
160,38.0,30,rain,dropz
160,38.0,31,prisoner,baddy
160,38.0,32,midnight,twelve
160,38.0,33,warrant,justify
160,38.0,34,conception,start
160,38.0,35,festival,carnical
160,38.0,36,actress,actor
160,38.0,37,horror,fear
160,38.0,38,laboratory,experiment
160,38.0,39,prosecutor,lawyer
160,38.0,40,reputation,respect
160,38.0,41,commitment,determination
160,38.0,42,explosion,bang
160,38.0,43,poem,verse
160,38.0,44,voyage,journey
160,38.0,45,interview,chat
160,38.0,46,cut,slice
161,37.0,1,curse,swear
161,37.0,2,reach,grab
161,37.0,3,survival,living
161,37.0,4,deposition,court
161,37.0,5,correspondence,letter
161,37.0,6,illusion,magic
161,37.0,7,accountant,financial
161,37.0,8,reference,comment
161,37.0,9,middle,inbetween
161,37.0,10,serial,barcode
161,37.0,11,competition,prize
161,37.0,12,association,knowing
161,37.0,13,criminal,prisoner
161,37.0,14,cloth,wipe
161,37.0,15,draft,plan
161,37.0,16,liability,fault
161,37.0,17,fuel,petrol-diesel
161,37.0,18,platinum,ring-expensive
161,37.0,19,flight,aeroplane-holiday
161,37.0,20,union,british-flag
161,37.0,21,globe,earth-round
161,37.0,22,assumption,not-knowing
161,37.0,23,dark,not-light
161,37.0,24,criticism,not-nice
161,37.0,25,evolution,world-created
161,37.0,26,thief,stealing-prison
161,37.0,27,community,neighbourhood-friends
161,37.0,28,reunion,get-together
161,37.0,29,mineral,coal-mining
161,37.0,30,sunshine,not-raining
161,37.0,31,violence,fighting-punching
161,37.0,32,understanding,helping-knowing
161,37.0,33,loan,bankhelp
161,37.0,34,script,paperworking
161,37.0,35,fear,scareddark
161,37.0,36,mystery,murderquestion
161,37.0,37,experiment,tryingsomething
161,37.0,38,warning,signpostsred
161,37.0,39,decline,notaccept
161,37.0,40,precedent,beforeit
161,37.0,41,regime,workoutroutinge
161,37.0,42,rumor,heardsomething
161,37.0,43,heaven,nothell
162,28.0,1,hurricane,storm
162,28.0,2,economics,finances
162,28.0,3,storm,heavy
162,28.0,4,storm,cyclone
162,28.0,5,pie,pastry
162,28.0,6,conservative,reserved
162,28.0,7,colony,conglomerate
162,28.0,8,transcript,excerpt
162,28.0,9,genius,clever
162,28.0,10,destiny,fortune
162,28.0,11,breast,chicken
162,28.0,12,basis,founding
162,28.0,13,acid,toxic
162,28.0,14,assignment,task
162,28.0,15,maintenance,upkeep
162,28.0,16,cancer,tumour
162,28.0,17,policeman,serviceman
162,28.0,18,passion,over-zealous
162,28.0,19,method,procedure
162,28.0,20,assassination,hunt-kill
162,28.0,21,electronics,telecommunications
162,28.0,22,hunting,bloodsports
162,28.0,23,sword,axehandle
162,28.0,24,shame,self-loathing
162,28.0,25,desire,overly-affectionate
162,28.0,26,operation,modus-operandi
162,28.0,27,miracle,godlike
162,28.0,28,pregnancy,overly-carrying
162,28.0,29,decision,pre-determined
162,28.0,30,democracy,authoritarian
162,28.0,31,inventor,co-founder
162,28.0,32,counsel,lawyer
162,28.0,33,victim,sufferer
162,28.0,34,limb,bodypart
162,28.0,35,promotion,hired
162,28.0,36,hunger,starving
162,28.0,37,abuse,assault
162,28.0,38,stretch,tangling
162,28.0,39,mix,stirr
162,28.0,40,pain,agonizing
162,28.0,41,politics,argumentative
162,28.0,42,guilt,ashameddl
162,28.0,43,size,massive
162,28.0,44,label,sticker
162,28.0,45,accent,tone
162,28.0,46,opponent,adversary
163,62.0,1,programming,scheduling
163,62.0,2,tomb,coffin
163,62.0,3,minimum,least
163,62.0,4,debt,owed
163,62.0,5,creation,making
163,62.0,6,seizure,fit
163,62.0,7,vacation,holiday
163,62.0,8,commission,bonus
163,62.0,9,smell,whiff
163,62.0,10,philosophy,beliefs
163,62.0,11,insert,enter
163,62.0,12,audience,watching
163,62.0,13,skill,qualifications
163,62.0,14,land,earth
163,62.0,15,closure,fastening
163,62.0,16,obsession,madness
163,62.0,17,snack,quickfood
163,62.0,18,scout,lookfor
163,62.0,19,discipline,telloff
163,62.0,20,plot,storyidea
163,62.0,21,quote,repeatwords
163,62.0,22,type,likethis
163,62.0,23,application,jobcv
163,62.0,24,id,passportverification
163,62.0,25,photographer,picturemaker
163,62.0,26,concentration,thinkhard
163,62.0,27,email,electroniccommunication
163,62.0,28,river,runningwater
163,62.0,29,language,countryspeech
163,62.0,30,leap,jumphigh
163,62.0,31,program,computerwords
163,62.0,32,gram,weighy
163,62.0,33,extreme,fawayou
163,62.0,34,article,thinown
163,62.0,35,category,boxxed
163,62.0,36,pattern,seethinky
163,62.0,37,outlook,windsee
163,62.0,38,reaction,shocee
163,62.0,39,epic,bigga
163,62.0,40,management,highuppers
163,62.0,41,gold,shinyyellow
163,62.0,42,principle,moralideals
163,62.0,43,intent,meanto
163,62.0,44,appreciation,thankit
163,62.0,45,strength,strongily
163,62.0,46,smoke,flameup
164,41.0,1,plastic,holdsthingy
164,41.0,2,answer,say
164,41.0,3,warrant,arrested
164,41.0,4,festival,dancey
164,41.0,5,battle,warfight
164,41.0,6,oxygen,speakgas
164,41.0,7,cry,bodywater
164,41.0,8,prosecutor,offteller
164,41.0,9,rain,skywater
164,41.0,10,depot,placestore
164,41.0,11,example,mightbe
164,41.0,12,explosion,loudnoisy
164,41.0,13,secret,nontell
164,41.0,14,commitment,staysclose
164,41.0,15,horror,ghostscared
164,41.0,16,fraud,nottruth
164,41.0,17,terrorist,badman
164,41.0,18,poem,words
164,41.0,19,stroke,pet
164,41.0,20,corps,fight
164,41.0,21,voyage,travel
164,41.0,22,music,listen
164,41.0,23,conception,knockedup
164,41.0,24,angle,degree
164,41.0,25,regard,salute
164,41.0,26,disaster,gonewrong
164,41.0,27,era,endof
164,41.0,28,prisoner,badperson
164,41.0,29,countryside,freshair
164,41.0,30,compassion,care
164,41.0,31,talent,clever
164,41.0,32,fantasy,madeup
164,41.0,33,gambling,beton
164,41.0,34,reputation,peoplesay
164,41.0,35,evaluation,roundup
164,41.0,36,dream,headstory
164,41.0,37,cut,inhalf
164,41.0,38,access,letin
164,41.0,39,actress,womantv
164,41.0,40,interview,questionsasked
164,41.0,41,sadness,eyetears
164,41.0,42,venture,businessstart
164,41.0,43,earth,youlive
164,41.0,44,layout,lookslike
164,41.0,45,inconvenience,timeno
164,41.0,46,midnight,nightlate
164,41.0,47,joke,funnystory
165,63.0,1,expertise,aceful
165,63.0,2,suicide,lifetake
165,63.0,3,spectrum,colourbow
165,63.0,4,trick,hidecard
165,63.0,5,battalion,squaddites
165,63.0,6,laughter,chuffling
165,63.0,7,force,pressful
165,63.0,8,effect,causeiful
165,63.0,9,assessment,checkment
165,63.0,10,merit,awardment
165,63.0,11,trench,dughole
165,63.0,12,drain,soakout
165,63.0,13,cartoon,animatic
165,63.0,14,definition,descripto
165,63.0,15,error,mistake
165,63.0,16,pause,stop
165,63.0,17,romance,love
165,63.0,18,region,area
165,63.0,19,assistant,helper
165,63.0,20,database,record
165,63.0,21,payment,debit
165,63.0,22,county,region
165,63.0,23,intention,result
165,63.0,24,assurance,cover
165,63.0,25,welfare,care
165,63.0,26,input,upload
165,63.0,27,orientation,training
165,63.0,28,defense,protect
165,63.0,29,mining,digging
165,63.0,30,notion,idea
165,63.0,31,honesty,goodperson
165,63.0,32,darkness,blacksky
165,63.0,33,lecture,speakaloud
165,63.0,34,cake,sweetbun
165,63.0,35,sea,waterlake
165,63.0,36,innocence,badfree
165,63.0,37,philosopher,thinkingperson
165,63.0,38,recipe,foodcombination
165,63.0,39,chaos,muddledup
165,63.0,40,victory,wintime
165,63.0,41,charity,moneyshare
165,63.0,42,terror,scareabout
165,63.0,43,sense,feelall
165,63.0,44,pension,latemoney
165,63.0,45,treasure,trovechest
165,63.0,46,crisis,badtime
166,42.0,1,talent,famous
166,42.0,2,commitment,relationship
166,42.0,3,battle,war
166,42.0,4,disaster,tornado
166,42.0,5,joke,comedy
166,42.0,6,festival,carnival
166,42.0,7,music,tune
166,42.0,8,access,entry
166,42.0,9,poem,rhyme
166,42.0,10,stroke,swimming
166,42.0,11,fantasy,imaginary
166,42.0,12,reputation,famous
166,42.0,13,evaluation,graded
166,42.0,14,warrant,arrest
166,42.0,15,explosion,bang
166,42.0,16,angle,corner
166,42.0,17,cut,knife
166,42.0,18,midnight,fullmoon
166,42.0,19,prisoner,jailbird
166,42.0,20,compassion,heartwarming
166,42.0,21,rain,sky-tears
166,42.0,22,plastic,barbie
166,42.0,23,laboratory,experiment-room
166,42.0,24,interview,job
166,42.0,25,horror,murderer
166,42.0,26,regard,known
166,42.0,27,conception,sex
166,42.0,28,depot,drop-off
166,42.0,29,corps,dead-body
166,42.0,30,fraud,knicked
166,42.0,31,era,age
166,42.0,32,voyage,ship
166,42.0,33,countryside,grass
166,42.0,34,layout,map
166,42.0,35,inconvenience,inway
166,42.0,36,secret,shh
166,42.0,37,actress,film
166,42.0,38,venture,trip
166,42.0,39,oxygen,air
166,42.0,40,gambling,bet
166,42.0,41,sadness,tears
166,42.0,42,cry,weep
166,42.0,43,earth,mud
166,42.0,44,dream,sleep
166,42.0,45,example,show
166,42.0,46,prosecutor,police
166,42.0,47,answer,question
166,42.0,48,terrorist,bomb
167,30.0,1,pie,tart
167,30.0,2,transcript,copy
167,30.0,3,abuse,harm
167,30.0,4,democracy,government
167,30.0,5,decision,decide
167,30.0,6,sword,dagger
167,30.0,7,opponent,competitor
167,30.0,8,limb,arm
167,30.0,9,policeman,law
167,30.0,10,label,tag
167,30.0,11,storm,typhoon
167,30.0,12,assassination,killing
167,30.0,13,shame,disgrace
167,30.0,14,destiny,fate
167,30.0,15,conservative,tory
167,30.0,16,passion,hearty
167,30.0,17,assignment,caseload
167,30.0,18,storm,weather
167,30.0,19,hurricane,typhoon
167,30.0,20,maintenance,work
167,30.0,21,method,workstream
167,30.0,22,miracle,surprise
167,30.0,23,genius,clever
167,30.0,24,charm,winover
167,30.0,25,economics,numbers
167,30.0,26,size,girth
167,30.0,27,pain,hurt
167,30.0,28,victim,suffraget
167,30.0,29,desire,want
167,30.0,30,hunting,forraging
167,30.0,31,basis,points
167,30.0,32,accent,lingo
167,30.0,33,mix,chuckin
167,30.0,34,stretch,largigy
167,30.0,35,colony,romanesque
167,30.0,36,sympathy,hearty
167,30.0,37,pregnancy,duffler
167,30.0,38,breast,titty
167,30.0,39,politics,baffoons
167,30.0,40,electronics,lappy
167,30.0,41,inventor,entreps
167,30.0,42,hunger,starvin
167,30.0,43,operation,ops
167,30.0,44,guilt,guilly
167,30.0,45,promotion,promo
168,36.0,1,precedent,example
168,36.0,2,village,smalltown
168,36.0,3,dark,dimmer
168,36.0,4,middle,centre
168,36.0,5,cloth,rag
168,36.0,6,union,party
168,36.0,7,community,local
168,36.0,8,reunion,reunited
168,36.0,9,platinum,prestige
168,36.0,10,reference,refer
168,36.0,11,understanding,agreeable
168,36.0,12,obstacle,hurdle
168,36.0,13,decline,no
168,36.0,14,thief,robber
168,36.0,15,violence,hurtful
168,36.0,16,accountant,penpusher
168,36.0,17,fuel,motorjuice
168,36.0,18,curse,badenglish
168,36.0,19,loan,moneybegone
168,36.0,20,liability,dangerousbrian
168,36.0,21,script,todolist
168,36.0,22,heaven,skyholiday
168,36.0,23,correspondence,boringletters
168,36.0,24,survival,fightermode
168,36.0,25,reach,beyondstretch
168,36.0,26,experiment,testingtesting
168,36.0,27,association,peoplelink
168,36.0,28,flight,silverbird
168,36.0,29,draft,practisemode
168,36.0,30,sunshine,goldenball
168,36.0,31,rumor,rubbishfodder
168,36.0,32,warning,badtimes
168,36.0,33,evolution,monkeyman
168,36.0,34,competition,fightclub
168,36.0,35,serial,numbermixture
168,36.0,36,glow,facehalo
168,36.0,37,globe,earthball
168,36.0,38,pride,smilish
168,36.0,39,assumption,gestimate
168,36.0,40,regime,borefest
168,36.0,41,ability,canido
168,36.0,42,mineral,saltuser
168,36.0,43,criminal,slashman
168,36.0,44,fear,heebies
168,36.0,45,illusion,dreampiece
169,62.0,1,atmosphere,airglobe
169,62.0,2,beast,monsteranimal
169,62.0,3,compliment,beautifulhandsome
169,62.0,4,attorney,courtlawyer
169,62.0,5,value,treasurething
169,62.0,6,series,againagain
169,62.0,7,republican,antiroyal
169,62.0,8,diabetes,insulindeficiency
169,62.0,9,weekend,afterfriday
169,62.0,10,department,managedgroup
169,62.0,11,tissue,nosewiper
169,62.0,12,riot,masseruption
169,62.0,13,win,firstgold
169,62.0,14,fix,mendcorrupt
169,62.0,15,penny,hundredthcent
169,62.0,16,air,breathly
169,62.0,17,steam,mistly
169,62.0,18,advertising,fakeoobery
169,62.0,19,celebration,mashuppery
169,62.0,20,sentiment,feelibobs
169,62.0,21,curiosity,queeriness
169,62.0,22,war,bangbangery
169,62.0,23,repair,mendimend
169,62.0,24,cruelty,hurtihurty
169,62.0,25,click,mousymousy
169,62.0,26,tobacco,nicotine
169,62.0,27,friendship,comradeship
169,62.0,28,plantation,garden
169,62.0,29,norm,average
169,62.0,30,impulse,shock
169,62.0,31,homeland,country
169,62.0,32,item,thing
169,62.0,33,discretion,trustworthy
169,62.0,34,score,twenty
169,62.0,35,ruler,king
169,62.0,36,determination,firm
169,62.0,37,conspiracy,cabal
169,62.0,38,revenge,hatred
169,62.0,39,message,letter
169,62.0,40,toilet,lavatory
169,62.0,41,spell,count
170,61.0,1,drain,plughole
170,61.0,2,merit,award
170,61.0,3,definition,meaning
170,61.0,4,trick,magic
170,61.0,5,honesty,truthful
170,61.0,6,charity,donation
170,61.0,7,suicide,die
170,61.0,8,scent,fragrance
170,61.0,9,county,region
170,61.0,10,crisis,need
170,61.0,11,darkness,evil
170,61.0,12,assurance,comforting
170,61.0,13,romance,loving
170,61.0,14,pension,retirement
170,61.0,15,defense,repel
170,61.0,16,welfare,care
170,61.0,17,pause,waitmoment
170,61.0,18,expertise,areaknowledge
170,61.0,19,assistant,personhelper
170,61.0,20,trench,pipedig
170,61.0,21,force,overpowerwith
170,61.0,22,laughter,showenjoyment
170,61.0,23,victory,totalwin
170,61.0,24,database,computerrecords
170,61.0,25,error,genuinemistake
170,61.0,26,notion,thoughtidea
170,61.0,27,philosopher,deepthinker
170,61.0,28,region,areacounty
170,61.0,29,input,enterinformation
170,61.0,30,treasure,hiddenreward
170,61.0,31,orientation,positionself
170,61.0,32,intention,defidea
170,61.0,33,mining,coaldig
170,61.0,34,payment,kerching
170,61.0,35,cartoon,drawfilm
170,61.0,36,battalion,soldygrp
170,61.0,37,assessment,xams
170,61.0,38,effect,whappens
170,61.0,39,recipe,mealist
170,61.0,40,spectrum,frange
170,61.0,41,cake,flowermixed
170,61.0,42,fortune,welffind
170,61.0,43,terror,absfear
171,50.0,1,argument,antiagreement
171,50.0,2,slavery,owned-human
171,50.0,3,collapse,falldown
171,50.0,4,gateway,portalhole
171,50.0,5,state,government-management
171,50.0,6,investigation,factfinding
171,50.0,7,instruction,howto
171,50.0,8,frustration,inability-annoyance
171,50.0,9,quarter,half-half
171,50.0,10,cheer,crowdyay
171,50.0,11,holiday,relaxtime
171,50.0,12,wit,cleverhumour
171,50.0,13,printing,inkwords
171,50.0,14,hatred,angry-dislike
171,50.0,15,lottery,luckygame
171,50.0,16,feeling,emotivoo
171,50.0,17,mention,mensayee
171,50.0,18,violation,baddoing
171,50.0,19,boyfriend,snugglehunk
171,50.0,20,puppet,glovet
171,50.0,21,temptation,hmmmable
171,50.0,22,stone,bridock
171,50.0,23,role,jobicle
171,50.0,24,employment,useness
171,50.0,25,slave,slabody
171,50.0,26,nose,snifficle
171,50.0,27,author,scribblee
171,50.0,28,submarine,submersible
171,50.0,29,excitement,thrill
171,50.0,30,journey,travels
171,50.0,31,cargo,freight
171,50.0,32,attraction,lust
171,50.0,33,perfection,idealism
171,50.0,34,total,all
171,50.0,35,insurance,cover
171,50.0,36,meantime,interim
171,50.0,37,entertainment,amusing
171,50.0,38,truth,honesty
171,50.0,39,noon,midday
171,50.0,40,expression,statement
171,50.0,41,leadership,management
171,50.0,42,murder,killing
171,50.0,43,dialogue,conversation
172,51.0,1,prosecutor,bad-lawyer
172,51.0,2,reputation,pastrecord
172,51.0,3,festival,fieldparty
172,51.0,4,depot,hublivery
172,51.0,5,cut,painslice
172,51.0,6,actress,pretenoman
172,51.0,7,secret,notell
172,51.0,8,plastic,oldoil
172,51.0,9,talent,skilltastic
172,51.0,10,voyage,lourney
172,51.0,11,conception,ideatime
172,51.0,12,explosion,boomblast
172,51.0,13,disaster,accidenteribble
172,51.0,14,dream,ideaeep
172,51.0,15,angle,cornedge
172,51.0,16,corps,multisiness
172,51.0,17,sadness,meloncry
172,51.0,18,countryside,outplace
172,51.0,19,fantasy,thinkwant
172,51.0,20,answer,correply
172,51.0,21,era,longage
172,51.0,22,joke,funstory
172,51.0,23,interview,jobxam
172,51.0,24,layout,bitsplain
172,51.0,25,inconvenience,delatimed
172,51.0,26,cry,waterye
172,51.0,27,access,letin
172,51.0,28,earth,globe
172,51.0,29,fraud,wronged
172,51.0,30,laboratory,experimental
172,51.0,31,venture,try
172,51.0,32,prisoner,detainee
172,51.0,33,oxygen,air
172,51.0,34,poem,rhyme
172,51.0,35,horror,scare
172,51.0,36,battle,war
172,51.0,37,rain,precipitation
172,51.0,38,compassion,understanding
172,51.0,39,gambling,betting
172,51.0,40,commitment,marriage
172,51.0,41,stroke,sweep
172,51.0,42,terrorist,bomber
172,51.0,43,example,layout
173,56.0,1,venture,newstart
173,56.0,2,answer,givenreply
173,56.0,3,laboratory,experimentroom
173,56.0,4,access,inway
173,56.0,5,evaluation,ofman
173,56.0,6,talent,personaltrait
173,56.0,7,terrorist,antifreedom
173,56.0,8,era,timeof
173,56.0,9,prisoner,bangedup
173,56.0,10,regard,mywishes
173,56.0,11,rain,fallingwater
173,56.0,12,midnight,whitchinghour
173,56.0,13,dream,sweetsleeps
173,56.0,14,stroke,facedroop
173,56.0,15,depot,mainyard
173,56.0,16,fraud,moneycheat
173,56.0,17,actress,plawom
173,56.0,18,commitment,luvduv
173,56.0,19,earth,homieglob
173,56.0,20,layout,arranrom
173,56.0,21,music,notynois
173,56.0,22,compassion,hughug
173,56.0,23,plastic,bottop
173,56.0,24,fantasy,larlar
173,56.0,25,countryside,hilock
173,56.0,26,battle,fighwar
173,56.0,27,gambling,wagey
173,56.0,28,voyage,tric
173,56.0,29,warrant,papord
173,56.0,30,horror,scaock
173,56.0,31,festival,partim
173,56.0,32,conception,immaculate
173,56.0,33,interview,grilling
173,56.0,34,corps,shroud
173,56.0,35,secret,confidential
173,56.0,36,cry,weep
173,56.0,37,prosecutor,solicitor
173,56.0,38,sadness,upset
173,56.0,39,reputation,standing
173,56.0,40,cut,insize
173,56.0,41,poem,stancer
173,56.0,42,angle,obtuse
173,56.0,43,inconvenience,waylaid
173,56.0,44,oxygen,breath
173,56.0,45,disaster,situation
173,56.0,46,joke,pun
174,47.0,1,decision,mindchoice
174,47.0,2,desire,heartwants
174,47.0,3,assignment,markedreport
174,47.0,4,charm,smoothcharacter
174,47.0,5,hunger,bodystarve
174,47.0,6,passion,bodywants
174,47.0,7,mix,stirreditems
174,47.0,8,cancer,killerdisease
174,47.0,9,sympathy,compassionsad
174,47.0,10,acid,noalkali
174,47.0,11,promotion,workprogression
174,47.0,12,guilt,regretfeeling
174,47.0,13,victim,hurtparty
174,47.0,14,democracy,overallrules
174,47.0,15,opponent,othercompetitor
174,47.0,16,operation,cutee
174,47.0,17,stretch,pullee
174,47.0,18,miracle,godly
174,47.0,19,transcript,textee
174,47.0,20,counsel,badies
174,47.0,21,assassination,wipeout
174,47.0,22,shame,sorrowly
174,47.0,23,hurricane,windywindy
174,47.0,24,method,wayhey
174,47.0,25,pregnancy,babygrow
174,47.0,26,storm,rainman
174,47.0,27,maintenance,workwork
174,47.0,28,storm,windwindy
174,47.0,29,basis,thoughthink
174,47.0,30,destiny,forgedpath
174,47.0,31,colony,flock
174,47.0,32,politics,beliefs
174,47.0,33,sword,weapon
174,47.0,34,electronics,toys
174,47.0,35,breast,boobies
174,47.0,36,policeman,feds
174,47.0,37,economics,money
174,47.0,38,inventor,creator
174,47.0,39,label,tag
174,47.0,40,hunting,seeker
174,47.0,41,abuse,fight
174,47.0,42,pain,suffering
174,47.0,43,pie,tart
174,47.0,44,genius,clever
174,47.0,45,accent,local
174,47.0,46,conservative,prude
175,60.0,1,seizure,shakyfit
175,60.0,2,reaction,thinky
175,60.0,3,smoke,fumy
175,60.0,4,creation,allthings
175,60.0,5,skill,clevermake
175,60.0,6,intent,seriwill
175,60.0,7,id,crocobrain
175,60.0,8,commission,payworky
175,60.0,9,strength,muscliness
175,60.0,10,quote,resay
175,60.0,11,rally,unquit
175,60.0,12,appreciation,likiness
175,60.0,13,closure,shuttage
175,60.0,14,language,tongue
175,60.0,15,encounter,meeting
175,60.0,16,email,draft
175,60.0,17,extreme,utmost
175,60.0,18,scout,guide
175,60.0,19,minimum,least
175,60.0,20,type,sort
175,60.0,21,river,stream
175,60.0,22,snack,nibble
175,60.0,23,debt,due
175,60.0,24,management,bosses
175,60.0,25,article,essay
175,60.0,26,outlook,view
175,60.0,27,plot,story
175,60.0,28,category,type
175,60.0,29,application,job-attempt
175,60.0,30,program,computerspeak
175,60.0,31,gram,smallweight
175,60.0,32,gold,yellowshine
175,60.0,33,insert,inplace
175,60.0,34,principle,scruplekeep
175,60.0,35,leap,bigjump
175,60.0,36,pattern,picturepeat
175,60.0,37,land,myground
175,60.0,38,concentration,hardthink
175,60.0,39,audience,listenwatchers
175,60.0,40,epic,bigpic
175,60.0,41,tomb,deadbed
175,60.0,42,smell,pongsniff
175,60.0,43,obsession,madwant
176,60.0,1,programming,digitation
176,60.0,2,minimum,lessest
176,60.0,3,strength,oomphiness
176,60.0,4,intent,purposeness
176,60.0,5,skill,ableness
176,60.0,6,appreciation,thankness
176,60.0,7,smell,pongyness
176,60.0,8,commission,jobby
176,60.0,9,debt,owiness
176,60.0,10,type,sorty
176,60.0,11,reaction,doiback
176,60.0,12,gram,itsyheavy
176,60.0,13,program,digitell
176,60.0,14,tomb,mausoleum
176,60.0,15,pattern,template
176,60.0,16,vacation,holiday
176,60.0,17,smoke,fumes
176,60.0,18,seizure,fit
176,60.0,19,concentration,intensity
176,60.0,20,scout,ranger
176,60.0,21,obsession,fixation
176,60.0,22,language,tongue
176,60.0,23,article,item
176,60.0,24,management,supervision
176,60.0,25,closure,resolution
176,60.0,26,philosophy,ethics
176,60.0,27,encounter,meeting
176,60.0,28,gold,gilded
176,60.0,29,rally,gathering
176,60.0,30,land,eartharea
176,60.0,31,outlook,extravision
176,60.0,32,category,grouptype
176,60.0,33,email,digimessage
176,60.0,34,audience,viewergroup
176,60.0,35,leap,bigjump
176,60.0,36,photographer,picturetaker
176,60.0,37,application,digitaluse
176,60.0,38,river,waterflow
176,60.0,39,insert,intoput
176,60.0,40,snack,minimeal
176,60.0,41,id,selfsoul
176,60.0,42,extreme,farlimit
176,60.0,43,principle,ethicguide
176,60.0,44,creation,newmaking
176,60.0,45,epic,supersaga
177,22.0,1,survival,lasthope
177,22.0,2,mineral,spicywater
177,22.0,3,script,vocalbook
177,22.0,4,dark,nolight
177,22.0,5,middle,thecentre
177,22.0,6,precedent,before
177,22.0,7,evolution,monkeyhuman
177,22.0,8,fuel,vroomvroomliquid
177,22.0,9,correspondence,wespoke
177,22.0,10,regime,itsroutine
177,22.0,11,association,closeby
177,22.0,12,decline,nothankyou
177,22.0,13,mystery,puzzle
177,22.0,14,reference,kindalike
177,22.0,15,pride,happy
177,22.0,16,fear,cardunkle
177,22.0,17,glow,ligalunk
177,22.0,18,ability,storapunk
177,22.0,19,union,clustaver
177,22.0,20,sunshine,starflinker
177,22.0,21,curse,gorlune
177,22.0,22,obstacle,bokle
177,22.0,23,criticism,bajure
177,22.0,24,globe,urfa
177,22.0,25,community,lokstink
177,22.0,26,rumor,psipsipsi
177,22.0,27,thief,robber
177,22.0,28,criminal,convict
177,22.0,29,deposition,statement
177,22.0,30,accountant,book-keeper
177,22.0,31,flight,soar
177,22.0,32,liability,untrustworthy
177,22.0,33,serial,multiple
177,22.0,34,warning,caution
177,22.0,35,draft,breeze
177,22.0,36,cloth,fabric
177,22.0,37,platinum,expensive
177,22.0,38,reunion,gathering
177,22.0,39,competition,challenge
177,22.0,40,assumption,predetermined
177,22.0,41,violence,danger
177,22.0,42,experiment,test
178,50.0,1,extreme,ultimate
178,50.0,2,snack,biscuits
178,50.0,3,concentration,focusing
178,50.0,4,scout,searcher
178,50.0,5,principle,main
178,50.0,6,epic,amzing
178,50.0,7,insert,input
178,50.0,8,closure,ending
178,50.0,9,programming,instructing
178,50.0,10,pattern,design
178,50.0,11,type,category
178,50.0,12,encounter,meet
178,50.0,13,reaction,response
178,50.0,14,id,passport
178,50.0,15,skill,talent
178,50.0,16,smell,odour
178,50.0,17,gram,smallkilo
178,50.0,18,category,non-individual
178,50.0,19,river,thinsea
178,50.0,20,discipline,hardteach
178,50.0,21,commission,ask-assign
178,50.0,22,tomb,deadhouse
178,50.0,23,plot,plansecret
178,50.0,24,language,wordspeak
178,50.0,25,intent,mydetermination
178,50.0,26,land,notwater
178,50.0,27,appreciation,many-gratefuls
178,50.0,28,seizure,fitsudden
178,50.0,29,debt,minusmoney
178,50.0,30,creation,makeition
178,50.0,31,management,bigbosses
178,50.0,32,quote,proofspeak
178,50.0,33,program,teachyous
178,50.0,34,vacation,holifun
178,50.0,35,leap,flyump
178,50.0,36,philosophy,ponderation
178,50.0,37,photographer,lenseer
178,50.0,38,smoke,toxicoke
178,50.0,39,email,techssage
178,50.0,40,strength,powerus
178,50.0,41,gold,yellowtal
178,50.0,42,article,piececle
178,50.0,43,rally,comteger
178,50.0,44,audience,crowdatch
178,50.0,45,minimum,lewest
178,50.0,46,outlook,viewsicle
179,25.0,1,boyfriend,malener
179,25.0,2,puppet,woodette
179,25.0,3,collapse,floosh
179,25.0,4,noon,dayish
179,25.0,5,nose,smeller
179,25.0,6,argument,unagree
179,25.0,7,cargo,carryings
179,25.0,8,submarine,floatess
179,25.0,9,freezing,coldy
179,25.0,10,violation,breakette
179,25.0,11,slavery,perbuy
179,25.0,12,cheer,clapness
179,25.0,13,quarter,wholeling
179,25.0,14,leadership,domination
179,25.0,15,state,nation
179,25.0,16,mention,reference
179,25.0,17,instruction,order
179,25.0,18,expression,saying
179,25.0,19,wit,humour
179,25.0,20,temptation,desire
179,25.0,21,receipt,getting
179,25.0,22,frustration,anger
179,25.0,23,grief,sadness
179,25.0,24,entertainment,fun
179,25.0,25,total,whole
179,25.0,26,holiday,vacation
179,25.0,27,investigation,inquiry
179,25.0,28,employment,job
179,25.0,29,insurance,guarantee
179,25.0,30,excitement,funtime
179,25.0,31,journey,longtrip
179,25.0,32,feeling,heart-thought
179,25.0,33,hatred,enemyfuel
179,25.0,34,gateway,entryspace
179,25.0,35,meantime,currenthappen
179,25.0,36,role,character-space
179,25.0,37,attraction,eye-magnet
179,25.0,38,truth,realword
179,25.0,39,perfection,faultkiller
179,25.0,40,stone,hardthing
179,25.0,41,shortage,away-stuff
179,25.0,42,slave,freeworker
179,25.0,43,aggression,angry-act
179,25.0,44,printing,copying-thing
179,25.0,45,author,bookmaker
180,53.0,1,violation,rulebreaker
180,53.0,2,hatred,despiseyou
180,53.0,3,noon,middleday
180,53.0,4,attraction,likeyyou
180,53.0,5,holiday,sunnytrip
180,53.0,6,printing,wordpaper
180,53.0,7,wit,humourfun
180,53.0,8,author,bookwriter
180,53.0,9,cargo,planeluggage
180,53.0,10,expression,frownyface
180,53.0,11,receipt,paperbill
180,53.0,12,feeling,sensesury
180,53.0,13,boyfriend,otherharf
180,53.0,14,stone,hardstuff
180,53.0,15,investigation,lookintoit
180,53.0,16,entertainment,funforme
180,53.0,17,employment,jobs
180,53.0,18,shortage,lesser
180,53.0,19,excitement,enthralled
180,53.0,20,leadership,bosses
180,53.0,21,puppet,toy
180,53.0,22,mention,say
180,53.0,23,grief,sadness
180,53.0,24,truth,honesty
180,53.0,25,cheer,happiness
180,53.0,26,journey,trip
180,53.0,27,state,say
180,53.0,28,total,sum
180,53.0,29,aggression,anger
180,53.0,30,meantime,while
180,53.0,31,dialogue,speech
180,53.0,32,frustration,annoyed
180,53.0,33,quarter,halfahalf
180,53.0,34,insurance,carcover
180,53.0,35,perfection,hundredpercent
180,53.0,36,gateway,leadson
180,53.0,37,slave,unpaidwaiter
180,53.0,38,freezing,iciclefeeling
180,53.0,39,submarine,underwatertincan
180,53.0,40,role,actorpart
180,53.0,41,murder,deathsurprise
180,53.0,42,argument,heatedwords
180,53.0,43,temptation,enticingcake
180,53.0,44,lottery,sixnumbers
180,53.0,45,collapse,slumpdown
180,53.0,46,slavery,unpaidlabour
181,47.0,1,community,areaneighbours
181,47.0,2,middle,inmidst
181,47.0,3,decline,turndown
181,47.0,4,evolution,specieschanging
181,47.0,5,illusion,pretendimage
181,47.0,6,draft,practicenovel
181,47.0,7,competition,friendlyrivalry
181,47.0,8,globe,earthball
181,47.0,9,fear,scaredfeeling
181,47.0,10,violence,fightingdomestic
181,47.0,11,mystery,unknownidea
181,47.0,12,liability,whosfault
181,47.0,13,glow,shinehappy
181,47.0,14,ability,talentskills
181,47.0,15,reach,stretchup
181,47.0,16,fuel,foid
181,47.0,17,experiment,testry
181,47.0,18,deposition,tellee
181,47.0,19,assumption,butttion
181,47.0,20,reference,diasjdk
181,47.0,21,pride,toiletcar
181,47.0,22,rumor,sadmon
181,47.0,23,obstacle,thingy
181,47.0,24,regime,hksjd
181,47.0,25,serial,lookrel
181,47.0,26,reunion,partt
181,47.0,27,curse,jdias
181,47.0,28,mineral,notural
181,47.0,29,dark,blick
181,47.0,30,flight,planey
181,47.0,31,precedent,preceding
181,47.0,32,warning,cautionary
181,47.0,33,criticism,critique
181,47.0,34,script,story
181,47.0,35,thief,stealer
181,47.0,36,village,hamlet
181,47.0,37,accountant,taxman
181,47.0,38,heaven,bliss
181,47.0,39,loan,lend
181,47.0,40,criminal,thief
181,47.0,41,cloth,material
181,47.0,42,survival,life
181,47.0,43,union,join
181,47.0,44,platinum,blond
181,47.0,45,correspondence,letter
181,47.0,46,understanding,knowledge
182,33.0,1,noon,coon
182,33.0,2,instruction,structee
182,33.0,3,dialogue,chatterbox
182,33.0,4,nose,nosii
182,33.0,5,gateway,getway
182,33.0,6,state,tate
182,33.0,7,shortage,martage
182,33.0,8,freezing,frzeee
182,33.0,9,frustration,fusyeee
182,33.0,10,investigation,vestingee
182,33.0,11,violation,iolate
182,33.0,12,attraction,ractation
182,33.0,13,receipt,cieptee
182,33.0,14,quarter,qrter
182,33.0,15,slavery,lvery
182,33.0,16,excitement,happy
182,33.0,17,expression,speaking
182,33.0,18,lottery,prize
182,33.0,19,perfection,prestige
182,33.0,20,printing,copy
182,33.0,21,wit,intelligence
182,33.0,22,temptation,struggled
182,33.0,23,role,play
182,33.0,24,mention,allude
182,33.0,25,collapse,small
182,33.0,26,holiday,vacation
182,33.0,27,meantime,meanwhile
182,33.0,28,murder,death
182,33.0,29,truth,fact
182,33.0,30,leadership,teamleader
182,33.0,31,submarine,underwater
182,33.0,32,employment,fullploy
182,33.0,33,slave,lockup
182,33.0,34,cheer,chefully
182,33.0,35,grief,riefty
182,33.0,36,stone,toney
182,33.0,37,feeling,emotioneee
182,33.0,38,cargo,loadyee
182,33.0,39,hatred,outlawee
182,33.0,40,total,summee
182,33.0,41,aggression,sesserion
182,33.0,42,journey,rouneye
182,33.0,43,puppet,tepup
183,37.0,1,example,boop
183,37.0,2,prisoner,arge
183,37.0,3,prosecutor,meen
183,37.0,4,gambling,pith
183,37.0,5,terrorist,gool
183,37.0,6,interview,boon
183,37.0,7,horror,eek
183,37.0,8,actress,strem
183,37.0,9,compassion,gee
183,37.0,10,disaster,taf
183,37.0,11,explosion,gal
183,37.0,12,joke,gee
183,37.0,13,cry,waa
183,37.0,14,music,simp
183,37.0,15,warrant,arst
183,37.0,16,angle,sim
183,37.0,17,countryside,fields
183,37.0,18,cut,gash
183,37.0,19,commitment,promise
183,37.0,20,oxygen,air
183,37.0,21,dream,hope
183,37.0,22,plastic,manmade
183,37.0,23,regard,consider
183,37.0,24,answer,reason
183,37.0,25,midnight,night
183,37.0,26,inconvenience,annoyance
183,37.0,27,rain,drops
183,37.0,28,layout,area
183,37.0,29,venture,experience
183,37.0,30,laboratory,lab
183,37.0,31,sadness,down
183,37.0,32,festival,entertainment
183,37.0,33,earth,blueplanet
183,37.0,34,evaluation,understandit
183,37.0,35,talent,skillexpertise
183,37.0,36,reputation,opinionbias
183,37.0,37,depot,dropoff
183,37.0,38,fraud,cheatscam
183,37.0,39,fantasy,madeup
183,37.0,40,voyage,adventuretrip
183,37.0,41,poem,songwords
183,37.0,42,era,timeperiod
183,37.0,43,battle,fightevent
183,37.0,44,conception,ideaborn
183,37.0,45,secret,hushwords
183,37.0,46,access,availablearea
183,37.0,47,stroke,softpat
183,37.0,48,corps,armyadmin
184,39.0,1,philosophy,thinkology
184,39.0,2,pattern,repeatogram
184,39.0,3,commission,demandeed
184,39.0,4,discipline,downdressing
184,39.0,5,encounter,deavoid
184,39.0,6,email,digifax
184,39.0,7,minimum,antimax
184,39.0,8,rally,reboost
184,39.0,9,appreciation,likeage
184,39.0,10,smell,nostrilate
184,39.0,11,type,keybash
184,39.0,12,seizure,fit
184,39.0,13,id,self
184,39.0,14,program,executable
184,39.0,15,leap,jump
184,39.0,16,smoke,fumes
184,39.0,17,application,programme
184,39.0,18,photographer,snapper
184,39.0,19,outlook,worldview
184,39.0,20,strength,fortitude
184,39.0,21,epic,vast
184,39.0,22,quote,recite
184,39.0,23,intent,aim
184,39.0,24,tomb,sepulchre
184,39.0,25,skill,ability
184,39.0,26,gram,grain
184,39.0,27,extreme,ultra
184,39.0,28,river,waterway
184,39.0,29,insert,putin
184,39.0,30,audience,peopleblock
184,39.0,31,programming,appwriting
184,39.0,32,gold,yellowmetal
184,39.0,33,language,speechset
184,39.0,34,category,typebox
184,39.0,35,plot,evilplan
184,39.0,36,debt,moneyowage
184,39.0,37,principle,firsttruth
184,39.0,38,closure,deopening
184,39.0,39,scout,lookseer
184,39.0,40,reaction,actback
184,39.0,41,land,seaedge
184,39.0,42,creation,protomaking
184,39.0,43,snack,intermeal
185,30.0,1,riot,fight
185,30.0,2,curiosity,interested
185,30.0,3,win,won
185,30.0,4,item,product
185,30.0,5,toilet,loo
185,30.0,6,revenge,enemy
185,30.0,7,value,worth
185,30.0,8,dance,move
185,30.0,9,department,store
185,30.0,10,advertising,adverts
185,30.0,11,spell,wizard
185,30.0,12,photograph,photo
185,30.0,13,score,goal
185,30.0,14,repair,broken
185,30.0,15,tissue,napkin
185,30.0,16,impulse,quick-thinking
185,30.0,17,supply,stock
185,30.0,18,ruler,measuring-stick
185,30.0,19,discretion,hidden
185,30.0,20,tobacco,leaf
185,30.0,21,color,colour
185,30.0,22,cruelty,evil
185,30.0,23,conspiracy,suspicious
185,30.0,24,war,battle
185,30.0,25,republican,nationalist
185,30.0,26,norm,expected
185,30.0,27,click,register
185,30.0,28,determination,will-power
185,30.0,29,weekend,holiday
185,30.0,30,message,note
185,30.0,31,attorney,lawyer
185,30.0,32,diabetes,sugar
185,30.0,33,steam,hot
185,30.0,34,fix,repair
185,30.0,35,loss,found
185,30.0,36,sentiment,value
185,30.0,37,compliment,nice
185,30.0,38,plantation,plants
185,30.0,39,shot,shooting
185,30.0,40,homeland,town
185,30.0,41,friendship,friends
185,30.0,42,billion,money
185,30.0,43,series,episodes
185,30.0,44,air,sky
185,30.0,45,beast,monster
185,30.0,46,penny,pence
185,30.0,47,atmosphere,sky
186,42.0,1,leap,jump
186,42.0,2,concentration,focus
186,42.0,3,vacation,holiday
186,42.0,4,audience,spectators
186,42.0,5,reaction,response
186,42.0,6,insert,put
186,42.0,7,photographer,cameraperson
186,42.0,8,plot,plan
186,42.0,9,gold,treasure
186,42.0,10,type,variety
186,42.0,11,skill,talent
186,42.0,12,epic,astounding
186,42.0,13,email,message
186,42.0,14,encounter,meet
186,42.0,15,rally,gathering
186,42.0,16,philosophy,ethos
186,42.0,17,application,me-submission
186,42.0,18,commission,percentage-pay
186,42.0,19,intent,strongwill
186,42.0,20,language,speak-collection
186,42.0,21,snack,tummy-filler
186,42.0,22,land,reverse-takeoff
186,42.0,23,outlook,general-view
186,42.0,24,management,people-wrangling
186,42.0,25,minimum,least-amount
186,42.0,26,program,computer-instruct
186,42.0,27,category,specificselection
186,42.0,28,closure,anti-opening
186,42.0,29,id,primitive-mind
186,42.0,30,creation,making-new
186,42.0,31,smoke,burningsteam
186,42.0,32,article,subjectiton
186,42.0,33,debt,owey
186,42.0,34,principle,mentarule
186,42.0,35,seizure,eeeekstop
186,42.0,36,river,aquawary
186,42.0,37,discipline,legitrol
186,42.0,38,smell,parf
186,42.0,39,pattern,codatron
186,42.0,40,obsession,fixtransy
186,42.0,41,quote,worble
186,42.0,42,extreme,sevrage
187,39.0,1,author,writer
187,39.0,2,receipt,bill
187,39.0,3,investigation,examination
187,39.0,4,truth,honest
187,39.0,5,leadership,guidance
187,39.0,6,nose,snout
187,39.0,7,frustration,exasperation
187,39.0,8,grief,sadness
187,39.0,9,slave,servant
187,39.0,10,hatred,dislike
187,39.0,11,cargo,haul
187,39.0,12,mention,say
187,39.0,13,expression,articulate
187,39.0,14,insurance,protection
187,39.0,15,wit,funny
187,39.0,16,lottery,bingo
187,39.0,17,instruction,telltodo
187,39.0,18,meantime,duringbit
187,39.0,19,attraction,likealot
187,39.0,20,puppet,woodencreep
187,39.0,21,cheer,claploud
187,39.0,22,noon,aftermorning
187,39.0,23,excitement,happybutterflies
187,39.0,24,entertainment,thingstodo
187,39.0,25,slavery,badservant
187,39.0,26,journey,excitingtrip
187,39.0,27,total,addup
187,39.0,28,printing,copypaper
187,39.0,29,argument,badtalking
187,39.0,30,perfection,loveeye
187,39.0,31,stone,smalock
187,39.0,32,violation,badibe
187,39.0,33,shortage,smaltime
187,39.0,34,employment,jobay
187,39.0,35,boyfriend,mankissy
187,39.0,36,feeling,touchee
187,39.0,37,collapse,faldown
187,39.0,38,quarter,piecircle
187,39.0,39,role,acty
187,39.0,40,aggression,badmad
187,39.0,41,dialogue,talky
187,39.0,42,freezing,tooocold
187,39.0,43,gateway,outdooor
188,24.0,1,purpose,cause
188,24.0,2,nature,wildlife
188,24.0,3,symbol,mark
188,24.0,4,danger,warning
188,24.0,5,process,system
188,24.0,6,clause,terms
188,24.0,7,trade,swap
188,24.0,8,log,branch
188,24.0,9,purity,freshness
188,24.0,10,trip,vacation
188,24.0,11,warrior,fighter
188,24.0,12,injury,wound
188,24.0,13,analyst,thinker
188,24.0,14,coal,char
188,24.0,15,skull,head
188,24.0,16,territory,ground
188,24.0,17,gravity,forcepull
188,24.0,18,military,fightermen
188,24.0,19,refuge,safeseeker
188,24.0,20,forum,onlineblog
188,24.0,21,loyalty,forevermine
188,24.0,22,seminar,groupteaching
188,24.0,23,mistake,wrongthing
188,24.0,24,jungle,treeplace
188,24.0,25,conversation,speaktime
188,24.0,26,parliament,government
188,24.0,27,communication,talktogether
188,24.0,28,length,verylong
188,24.0,29,arrangement,flowerbunch
188,24.0,30,price,shoppingtag
188,24.0,31,code,secretsystem
188,24.0,32,graduation,finishschool
188,24.0,33,burst,exploe
188,24.0,34,south,downwar
188,24.0,35,album,musicboo
188,24.0,36,branch,treearm
188,24.0,37,winter,coldseas
188,24.0,38,travel,wonderist
188,24.0,39,performance,actoring
188,24.0,40,syndrome,machiney
188,24.0,41,cruise,floataboat
188,24.0,42,dragon,firedog
188,24.0,43,practice,firstaround
188,24.0,44,scenario,actathing
188,24.0,45,detail,littlebit
188,24.0,46,gaming,funning
189,22.0,1,error,wrong
189,22.0,2,laughter,funny
189,22.0,3,intention,meant
189,22.0,4,pause,stop
189,22.0,5,darkness,black
189,22.0,6,victory,win
189,22.0,7,charity,old
189,22.0,8,region,place
189,22.0,9,merit,good
189,22.0,10,innocence,behaved
189,22.0,11,welfare,benefit
189,22.0,12,lecture,instruction
189,22.0,13,county,place
189,22.0,14,database,information
189,22.0,15,suicide,die
189,22.0,16,philosopher,love
189,22.0,17,trench,mudhole
189,22.0,18,definition,wordmean
189,22.0,19,force,pushhard
189,22.0,20,mining,orespace
189,22.0,21,expertise,goodhelp
189,22.0,22,chaos,crazytime
189,22.0,23,defense,stayaway
189,22.0,24,scent,candlesmell
189,22.0,25,sense,knoweverything
189,22.0,26,cartoon,kidshow
189,22.0,27,recipe,fordisaster
189,22.0,28,assessment,testtime
189,22.0,29,trick,funnyprank
189,22.0,30,treasure,piratesgold
189,22.0,31,notion,idk
189,22.0,32,payment,moneywork
189,22.0,33,battalion,armdier
189,22.0,34,assurance,prokeep
189,22.0,35,assistant,helyou
189,22.0,36,terror,scarffied
189,22.0,37,pension,elderey
189,22.0,38,cake,icatter
189,22.0,39,fortune,biney
189,22.0,40,romance,lovute
189,22.0,41,effect,chafferent
189,22.0,42,orientation,moay
189,22.0,43,input,inone
189,22.0,44,crisis,mesbad
189,22.0,45,spectrum,lovends
189,22.0,46,sea,watrbig
189,22.0,47,honesty,nolyes
190,28.0,1,shame,disgrace
190,28.0,2,abuse,violence
190,28.0,3,assignment,task
190,28.0,4,electronics,electricals
190,28.0,5,economics,monetary
190,28.0,6,inventor,creator
190,28.0,7,hunger,starve
190,28.0,8,colony,growth
190,28.0,9,victim,target
190,28.0,10,size,mass
190,28.0,11,opponent,challenger
190,28.0,12,limb,leg
190,28.0,13,acid,alkali
190,28.0,14,mix,combine
190,28.0,15,assassination,murder
190,28.0,16,breast,bossum
190,28.0,17,storm,crazywind
190,28.0,18,conservative,oldfashioned
190,28.0,19,sympathy,sharedsadness
190,28.0,20,counsel,leadergroup
190,28.0,21,operation,cutopen
190,28.0,22,accent,wordsayings
190,28.0,23,promotion,careerclimb
190,28.0,24,stretch,pullbody
190,28.0,25,politics,worldtalks
190,28.0,26,pain,sorethings
190,28.0,27,decision,mindmaking
190,28.0,28,destiny,futuredecide
190,28.0,29,genius,supersmart
190,28.0,30,method,instructionfollowing
190,28.0,31,basis,startplace
190,28.0,32,transcript,booksee
190,28.0,33,cancer,deather
190,28.0,34,hurricane,windier
190,28.0,35,guilt,uninnocent
190,28.0,36,storm,windier
190,28.0,37,label,signagetac
190,28.0,38,desire,dreamie
190,28.0,39,democracy,voiced
190,28.0,40,maintenance,keepuppy
190,28.0,41,passion,emotivey
190,28.0,42,charm,convincing
190,28.0,43,pie,cakish
190,28.0,44,pregnancy,brewbaby
190,28.0,45,hunting,killied
190,28.0,46,sword,biknife
191,41.0,1,tissue,serviette
191,41.0,2,determination,resolve
191,41.0,3,impulse,compulsion
191,41.0,4,celebration,festivity
191,41.0,5,color,hue
191,41.0,6,supply,provide
191,41.0,7,spell,write
191,41.0,8,advertising,marketing
191,41.0,9,item,thing
191,41.0,10,attorney,lawyer
191,41.0,11,repair,fix
191,41.0,12,value,worth
191,41.0,13,score,credit
191,41.0,14,click,button-press
191,41.0,15,beast,monster-mammal
191,41.0,16,compliment,supportive-praise
191,41.0,17,message,short-communication
191,41.0,18,series,consecutive-events
191,41.0,19,weekend,rest-days
191,41.0,20,sentiment,intended-meaning
191,41.0,21,shot,gun-hit
191,41.0,22,homeland,birth-country
191,41.0,23,fix,repair-damage
191,41.0,24,revenge,getting-even
191,41.0,25,air,breath-gas
191,41.0,26,department,business-section
191,41.0,27,discretion,information-care
191,41.0,28,norm,standard-behaviour
191,41.0,29,war,death-battle
191,41.0,30,riot,angerung
191,41.0,31,ruler,straightee
191,41.0,32,republican,fucktard
191,41.0,33,atmosphere,airozone
191,41.0,34,photograph,stillpic
191,41.0,35,win,successiest
191,41.0,36,friendship,mateydom
191,41.0,37,loss,missling
191,41.0,38,conspiracy,dumbytale
191,41.0,39,curiosity,oddliness
191,41.0,40,toilet,lavapoo
191,41.0,41,plantation,cropplains
192,31.0,1,survival,staying-alive
192,31.0,2,platinum,silver-shiny
192,31.0,3,reunion,friend-meeting
192,31.0,4,globe,spinningearth
192,31.0,5,flight,air-car
192,31.0,6,obstacle,overcome-shape
192,31.0,7,illusion,mind-trick
192,31.0,8,precedent,example-event
192,31.0,9,heaven,good-death
192,31.0,10,fear,big-scare
192,31.0,11,criticism,feedback-time
192,31.0,12,experiment,testingsomething
192,31.0,13,liability,legally-responsibility
192,31.0,14,community,home-group
192,31.0,15,mineral,science-rock
192,31.0,16,cloth,body-fabric
192,31.0,17,accountant,clevermone
192,31.0,18,assumption,judgers
192,31.0,19,mystery,confuser
192,31.0,20,competition,winwin
192,31.0,21,village,stowngroup
192,31.0,22,draft,rougher
192,31.0,23,reference,checkee
192,31.0,24,glow,brighty
192,31.0,25,union,uniter
192,31.0,26,loan,poundser
192,31.0,27,script,dialoguer
192,31.0,28,thief,stealers
192,31.0,29,criminal,badster
192,31.0,30,dark,noirer
192,31.0,31,decline,refusee
192,31.0,32,fuel,petrol
192,31.0,33,understanding,agree
192,31.0,34,ability,able
192,31.0,35,middle,equilibrium
192,31.0,36,warning,alert
192,31.0,37,association,group
192,31.0,38,violence,harmful
192,31.0,39,deposition,evidence
192,31.0,40,regime,authority
192,31.0,41,rumor,gossip
192,31.0,42,reach,extend
192,31.0,43,evolution,development
192,31.0,44,curse,witch
192,31.0,45,serial,series
192,31.0,46,sunshine,sunny
192,31.0,47,pride,proud
193,30.0,1,evolution,growpression
193,30.0,2,reach,graspee
193,30.0,3,thief,stealer
193,30.0,4,liability,blameability
193,30.0,5,glow,shinylighty
193,30.0,6,flight,aeroplanesky
193,30.0,7,survival,aliving
193,30.0,8,serial,nodisorder
193,30.0,9,heaven,godshomey
193,30.0,10,understanding,accepty
193,30.0,11,experiment,research
193,30.0,12,union,conciliation
193,30.0,13,warning,cautioning
193,30.0,14,community,neighbourhood
193,30.0,15,accountant,bookkeeper
193,30.0,16,dark,night
193,30.0,17,cloth,textile
193,30.0,18,deposition,impeachment
193,30.0,19,script,writing
193,30.0,20,criticism,denunciation
193,30.0,21,obstacle,hurdle
193,30.0,22,reunion,reconciliation
193,30.0,23,fear,horror
193,30.0,24,sunshine,sunlight
193,30.0,25,association,correlation
193,30.0,26,decline,deterioration
193,30.0,27,mystery,conundrumenigma
193,30.0,28,middle,halfwayaverage
193,30.0,29,correspondence,writingletters
193,30.0,30,globe,earthround
193,30.0,31,draft,blueprintoutline
193,30.0,32,loan,creditallowance
193,30.0,33,competition,championshipfight
193,30.0,34,ability,talentskill
193,30.0,35,village,suburbhamlet
193,30.0,36,regime,dictatorgovernment
193,30.0,37,illusion,miragemagic
193,30.0,38,criminal,thiefjail
193,30.0,39,violence,attackclash
193,30.0,40,mineral,nativerock
193,30.0,41,rumor,hearsaygossip
194,35.0,1,mystery,solveapuzzle
194,35.0,2,precedent,bestexpected
194,35.0,3,fuel,journeyjuice
194,35.0,4,union,togetherparty
194,35.0,5,village,tinytown
194,35.0,6,warning,payattention
194,35.0,7,thief,stealyfolk
194,35.0,8,reunion,seeagain
194,35.0,9,violence,fistynasty
194,35.0,10,illusion,eyetricks
194,35.0,11,understanding,minddigest
194,35.0,12,experiment,test
194,35.0,13,fear,terror
194,35.0,14,middle,medium
194,35.0,15,deposition,evidence
194,35.0,16,assumption,guess
194,35.0,17,heaven,idyll
194,35.0,18,survival,struggle
194,35.0,19,serial,often
194,35.0,20,flight,winged
194,35.0,21,correspondence,conversation
194,35.0,22,reference,direction
194,35.0,23,decline,descent
194,35.0,24,draft,version
194,35.0,25,liability,troublesome
194,35.0,26,criticism,nastyword
194,35.0,27,globe,sphereworld
194,35.0,28,cloth,bodycover
194,35.0,29,mineral,goodmaterial
194,35.0,30,evolution,changeovertime
194,35.0,31,rumor,halftruth
194,35.0,32,reach,gratch
194,35.0,33,sunshine,brisps
194,35.0,34,dark,lesslight
194,35.0,35,script,wractions
194,35.0,36,platinum,prelement
194,35.0,37,loan,giback
194,35.0,38,accountant,persmoney
194,35.0,39,curse,troul
194,35.0,40,pride,felood
