participant_id,item_id,trial_order,phase_id,stimulus,condition,response,accuracy,rt
1,19302,24701,50,schoden,nonword,nonword,1,756
1,24496,24702,50,verboor,nonword,nonword,1,603
1,20676,24703,50,snerven,nonword,nonword,1,553
1,2004,24825,50,prokje,nonword,nonword,1,447
1,17636,24705,50,penk,nonword,nonword,1,524
1,7280,24706,50,gestard,nonword,nonword,1,700
1,4220,24707,50,moeen,nonword,nonword,1,502
1,17682,25072,50,quank,nonword,nonword,1,472
1,7812,24709,50,noetig,nonword,nonword,1,730
1,23284,24952,50,teelbank,nonword,word,0,NA
1,11516,24751,50,koeddier,nonword,nonword,1,464
1,2548,24833,50,boezier,nonword,nonword,1,485
1,20570,24713,50,zwee,nonword,nonword,1,694
1,4092,24714,50,rua's,nonword,nonword,1,465
1,5496,24836,50,erleer,nonword,nonword,1,491
1,18966,25080,50,carans,nonword,nonword,1,638
1,1936,24717,50,blooi,nonword,nonword,1,607
1,23688,24718,50,bratten,nonword,nonword,1,573
1,7814,24719,50,googje,nonword,nonword,1,620
1,6474,24720,50,gazat,nonword,nonword,1,474
1,25688,24721,50,meertuin,nonword,nonword,1,523
1,7736,25086,50,flowe,nonword,nonword,1,515
1,13398,24844,50,nopaal,nonword,nonword,1,432
1,10644,25006,50,kegslom,nonword,nonword,1,753
1,17056,25089,50,vozing,nonword,nonword,1,514
1,5806,25090,50,fonheid,nonword,nonword,1,515
1,3972,25091,50,zen,nonword,nonword,1,485
1,14692,24728,50,mondoor,nonword,nonword,1,539
1,15218,25093,50,niert,nonword,nonword,1,568
1,17726,24730,50,roofwerk,nonword,word,0,NA
1,26982,24973,50,kilken,nonword,nonword,1,490
1,25430,24974,50,muitje,nonword,word,0,NA
1,8102,24975,50,krienel,nonword,nonword,1,435
1,11966,24855,50,kleeg,nonword,nonword,1,516
1,7054,24856,50,gegijns,nonword,nonword,1,501
1,22310,24736,50,strohaak,nonword,word,0,NA
1,7090,24737,50,gesmaafd,nonword,nonword,1,505
1,21216,24738,50,spleken,nonword,nonword,1,523
1,20062,24860,50,sfeeltjes,nonword,nonword,1,480
1,12646,24780,50,bonge,nonword,nonword,1,365
1,1978,24983,50,blaamschap,nonword,nonword,1,596
1,15572,24742,50,arweg,nonword,nonword,1,481
1,21816,24743,50,stijt,nonword,nonword,1,595
1,19910,25108,50,sorves,nonword,nonword,1,640
1,18332,24745,50,moepe,nonword,nonword,1,533
1,15362,24746,50,nom,nonword,nonword,1,486
1,19032,24747,50,scheem,nonword,nonword,1,504
1,10372,24748,50,kint,nonword,nonword,1,538
1,17678,24749,50,pyvlans,nonword,nonword,1,666
1,8340,25113,50,gitpen,nonword,nonword,1,703
1,24324,25155,50,verkleef,nonword,nonword,1,614
1,21408,24752,50,stogje,nonword,nonword,1,NA
1,17558,25116,50,tjalm,nonword,nonword,1,667
1,8482,24754,50,tagen,nonword,nonword,1,517
1,22880,24755,50,zerten,nonword,nonword,1,469
1,1452,24756,50,bopjes,nonword,nonword,1,521
1,5144,25121,50,muben,nonword,nonword,1,536
1,98,25122,50,aanrus,nonword,nonword,1,488
1,22850,25123,50,zimpel,nonword,nonword,1,475
1,6994,24760,50,gezijd,nonword,nonword,1,577
1,21826,24882,50,stoogjes,nonword,word,0,NA
1,21254,25126,50,struitjes,nonword,nonword,1,681
1,2452,25005,50,barkje,nonword,word,0,NA
1,14590,24804,50,dijkes,nonword,nonword,1,561
1,22542,24765,50,fossen,nonword,nonword,1,700
1,21882,24766,50,starken,nonword,nonword,1,613
1,9234,25130,50,hoel,nonword,nonword,1,581
1,16186,24889,50,partgers,nonword,nonword,1,626
1,16638,24769,50,digant,nonword,nonword,1,471
1,17506,24770,50,proei,nonword,nonword,1,698
1,19466,24892,50,scherte,nonword,nonword,1,439
1,12116,25136,50,kreep,nonword,nonword,1,NA
1,13874,24894,50,walge,nonword,nonword,1,NA
1,10400,24774,50,katsen,nonword,nonword,1,675
1,21220,25139,50,sprestjes,nonword,nonword,1,657
1,25422,24776,50,veentuig,nonword,nonword,1,482
1,17858,24777,50,radgort,nonword,nonword,1,534
1,23062,24778,50,tim,nonword,nonword,1,469
1,344,24779,50,akhums,nonword,nonword,1,441
1,19728,24820,50,schraam,nonword,nonword,1,663
1,22594,24781,50,sapel,nonword,nonword,1,709
1,8914,24903,50,helf,nonword,word,0,NA
1,7752,24783,50,fraaiend,nonword,word,0,NA
1,13380,25148,50,begen,nonword,nonword,1,NA
1,23634,25149,50,troccoirs,nonword,nonword,1,569
1,14766,24786,50,kessen,nonword,nonword,1,533
1,5294,24787,50,aarst,nonword,nonword,1,453
1,4174,24909,50,keiper,nonword,nonword,1,750
1,5426,24789,50,opke,nonword,nonword,1,437
1,3840,25154,50,retje,nonword,nonword,1,600
1,962,25032,50,beglank,nonword,nonword,1,519
1,25114,24872,50,visats,nonword,nonword,1,434
1,3838,24793,50,daleeft,nonword,nonword,1,467
1,19896,24955,50,seriet,nonword,nonword,1,539
1,18580,25159,50,rostchomp,nonword,nonword,1,465
1,15178,24917,50,nijkje,nonword,nonword,1,801
1,20422,24797,50,brube,nonword,nonword,1,473
1,2560,25161,50,houber,nonword,nonword,1,470
1,22206,24799,50,struisjes,nonword,word,0,NA
1,21512,25042,50,stempen,nonword,nonword,1,749
1,23356,25165,50,zeewen,nonword,nonword,1,632
1,19362,24802,50,scheun,nonword,nonword,1,745
1,11344,24803,50,vrokken,nonword,nonword,1,529
1,13334,24924,50,limben,nonword,nonword,1,469
1,23986,25169,50,veekheid,nonword,nonword,1,452
1,2180,24806,50,boggy's,nonword,nonword,1,515
1,14682,25171,50,denster,nonword,nonword,1,428
1,10758,25172,50,riest,nonword,nonword,1,496
1,19670,25051,50,schronen,nonword,nonword,1,525
1,21640,24931,50,stankers,nonword,nonword,1,642
1,842,25175,50,bankhaaf,nonword,nonword,1,502
1,18758,24812,50,moelden,nonword,nonword,1,589
1,8934,24813,50,lezel,nonword,nonword,1,619
1,12816,24814,50,leergrecht,nonword,nonword,1,553
1,7414,25179,50,gevolkt,nonword,nonword,1,661
1,15736,24816,50,ontnaak,nonword,nonword,1,521
1,23280,24817,50,zaampjes,nonword,nonword,1,410
1,17042,24818,50,poetvas,nonword,nonword,1,496
1,23972,24819,50,uurbert,nonword,nonword,1,401
1,8498,24981,50,harmstoer,nonword,nonword,1,519
1,7666,24821,50,fredde,nonword,nonword,1,451
1,32,24822,50,oondijl,nonword,nonword,1,439
1,13406,24823,50,lerken,nonword,nonword,1,427
1,2216,24945,50,boof,nonword,word,0,NA
1,4986,24946,50,treppel,nonword,nonword,1,638
1,18270,25190,50,reedling,nonword,nonword,1,602
1,976,25191,50,bevank,nonword,nonword,1,504
1,3622,24828,50,cetven,nonword,nonword,1,456
1,17992,24829,50,rijds,nonword,nonword,1,524
1,16778,25194,50,vronken,nonword,nonword,1,725
1,4118,24951,50,deu,nonword,nonword,1,429
1,24408,24912,50,veroond,nonword,nonword,1,427
1,26056,24873,50,meerdig,nonword,nonword,1,582
1,220,25115,50,adim,nonword,nonword,1,505
1,26972,24835,50,wurken,nonword,nonword,1,522
1,26112,24876,50,kechtte,nonword,nonword,1,491
1,13208,24958,50,looswacht,nonword,nonword,1,462
1,17020,24838,50,poem,nonword,nonword,1,800
1,2266,25081,50,bijven,nonword,nonword,1,538
1,884,24840,50,larst,nonword,nonword,1,535
1,16766,24841,50,plakzaan,nonword,nonword,1,504
1,21954,24842,50,stasjes,nonword,nonword,1,410
1,21852,25085,50,starker,nonword,nonword,1,613
1,15278,24897,50,norf,nonword,nonword,1,510
1,23772,25167,50,tump,nonword,nonword,1,577
1,11224,24967,50,truis,nonword,nonword,1,465
1,4596,25007,50,diekje,nonword,nonword,1,617
1,24586,24848,50,vervoed,nonword,nonword,1,594
1,13202,25010,50,dijf,nonword,nonword,1,647
1,13014,24971,50,beiker,nonword,nonword,1,466
1,34,25133,50,uindien,nonword,nonword,1,482
1,7106,25013,50,geteid,nonword,nonword,1,530
1,16028,24893,50,omeel,nonword,nonword,1,475
1,7436,25015,50,gedoept,nonword,nonword,1,772
1,14954,24895,50,saatte,nonword,nonword,1,443
1,4616,24977,50,kompen,nonword,nonword,1,NA
1,2128,24870,50,proot,nonword,nonword,1,512
1,2854,24858,50,blosde,nonword,nonword,1,711
1,17646,24980,50,pitsje,nonword,nonword,1,651
1,9386,25061,50,hoofdstaart,nonword,nonword,1,686
1,12148,25022,50,griemel,nonword,nonword,1,705
1,846,24902,50,lennen,nonword,nonword,1,556
1,23148,25024,50,zoedien,nonword,nonword,1,501
1,25256,24985,50,vloetkolf,nonword,nonword,1,422
1,8832,24986,50,heuwel,nonword,nonword,1,489
1,7836,24987,50,govefs,nonword,nonword,1,508
1,24024,24988,50,voot,nonword,nonword,1,653
1,18834,24908,50,dindje,nonword,nonword,1,508
1,14980,24869,50,nechts,nonword,nonword,1,511
1,8328,24923,50,neitig,nonword,nonword,1,600
1,25214,25192,50,zwieg,nonword,nonword,1,634
1,3056,25153,50,hindel,nonword,nonword,1,535
1,440,24886,50,ewen,nonword,nonword,1,796
1,24508,25181,50,verzwaald,nonword,nonword,1,NA
1,11144,24875,50,troek,nonword,nonword,1,488
1,19314,25077,50,schour,nonword,nonword,1,462
1,11474,24998,50,ruilte,nonword,word,0,NA
1,15242,24878,50,noorntje,nonword,nonword,1,431
1,28016,24879,50,vlakuw,nonword,nonword,1,483
1,17910,25001,50,deses,nonword,nonword,1,727
1,1856,25163,50,rannen,nonword,nonword,1,555
1,5040,24922,50,doekt,nonword,nonword,1,569
1,7220,24896,50,gepraard,nonword,nonword,1,559
1,7398,25031,50,genucht,nonword,nonword,1,518
1,22250,24898,50,strietche,nonword,nonword,1,623
1,10716,25020,50,melers,nonword,nonword,1,458
1,17260,25060,50,peler,nonword,nonword,1,642
1,23184,24928,50,toesleen,nonword,nonword,1,512
1,1196,24929,50,beson,nonword,nonword,1,544
1,23042,25170,50,tookperk,nonword,nonword,1,440
1,16260,25092,50,parkzer,nonword,nonword,1,518
1,25852,25066,50,snoedag,nonword,nonword,1,520
1,9242,24933,50,leurtjes,nonword,word,0,NA
1,7988,24934,50,brakjes,nonword,nonword,1,598
1,23896,24935,50,uislang,nonword,nonword,1,564
1,4912,25151,50,traagde,nonword,nonword,1,785
1,2012,25084,50,blaksert,nonword,nonword,1,616
1,8332,24950,50,nalden,nonword,nonword,1,508
1,20316,24938,50,troewer,nonword,nonword,1,442
1,22426,25018,50,stieler,nonword,nonword,1,587
1,2594,24941,50,bowrot,nonword,nonword,1,449
1,6492,24942,50,gepard,nonword,nonword,1,501
1,10630,25185,50,kerkworp,nonword,nonword,1,826
1,27128,24904,50,twijlen,nonword,nonword,1,784
1,18064,25119,50,keenste,nonword,nonword,1,545
1,22930,24906,50,tendt,nonword,nonword,1,490
1,23372,25028,50,vlaartjes,nonword,nonword,1,675
1,2366,25069,50,hont,nonword,nonword,1,614
1,23670,25082,50,driffels,nonword,nonword,1,491
1,6016,25056,50,vroot,nonword,nonword,1,459
1,10038,25043,50,joestvriend,nonword,nonword,1,532
1,17092,24990,50,kols,nonword,nonword,1,422
1,14008,25150,50,mortiek,nonword,nonword,1,536
1,7456,25140,50,gedukt,nonword,nonword,1,NA
1,10494,25197,50,mauben,nonword,nonword,1,524
1,7438,24996,50,geziel,nonword,nonword,1,569
1,370,25038,50,anda,nonword,nonword,1,554
1,1382,24944,50,belocht,nonword,nonword,1,551
1,5924,24959,50,jit,nonword,nonword,1,625
1,14204,24920,50,mins,nonword,nonword,1,551
1,13074,24961,50,bachten,nonword,nonword,1,431
1,22558,25109,50,symsey,nonword,nonword,1,619
1,23934,24949,50,uisbal,nonword,nonword,1,439
1,13900,25029,50,hardje,nonword,nonword,1,734
1,23836,25049,50,wrijfelf,nonword,nonword,1,608
1,17820,25023,50,rarmsloed,nonword,nonword,1,682
1,4748,24979,50,snapa,nonword,nonword,1,455
1,24266,25180,50,meve,nonword,nonword,1,432
1,20796,25187,50,cound,nonword,nonword,1,560
1,3090,25014,50,listes,nonword,word,0,NA
1,5362,24997,50,aalde,nonword,nonword,1,519
1,14738,25106,50,volen,nonword,nonword,1,625
1,1956,25019,50,sloke,nonword,nonword,1,554
1,27018,25062,50,weinhoos,nonword,nonword,1,439
1,16810,25041,50,snapje,nonword,nonword,1,874
1,4510,25189,50,doopriek,nonword,nonword,1,505
1,238,25027,50,adooi,nonword,nonword,1,531
1,3314,25120,50,ribier,nonword,nonword,1,752
1,20170,24947,50,klang,nonword,nonword,1,522
1,17906,25063,50,degent,nonword,nonword,1,572
1,2946,25059,50,fluraal,nonword,nonword,1,546
1,12220,25054,50,kums,nonword,nonword,1,NA
1,2922,25186,50,braaldschat,nonword,nonword,1,510
1,8733,24712,50,hebbend,word,word,1,651
1,6535,24794,50,gebrom,word,word,1,486
1,27285,24845,50,zalmpjes,word,word,1,581
1,13801,24792,50,machtsstrijd,word,word,1,514
1,15139,24753,50,net,word,word,1,515
1,3667,24932,50,daarmee,word,word,1,461
1,15025,24711,50,nasleep,word,nonword,0,NA
1,14391,24847,50,mijters,word,word,1,562
1,9475,24913,50,hoorntjes,word,word,1,495
1,13749,24723,50,maandag,word,word,1,427
1,985,24767,50,bedierf,word,word,1,563
1,14643,24890,50,mollig,word,word,1,479
1,5771,24715,50,feeks,word,word,1,548
1,1161,24887,50,behoor,word,word,1,626
1,24739,24918,50,verstomd,word,word,1,503
1,15741,24764,50,ontzag,word,word,1,540
1,12369,24839,50,kwader,word,word,1,501
1,28031,24731,50,zwarter,word,word,1,NA
1,6033,24857,50,fluitje,word,word,1,519
1,21061,24763,50,spijze,word,nonword,0,NA
1,21513,24710,50,stapt,word,word,1,450
1,2567,24926,50,bouwplan,word,word,1,476
1,22587,24953,50,taartje,word,nonword,0,NA
1,22493,24861,50,succes,word,word,1,482
1,2693,24915,50,breedte,word,nonword,0,NA
1,14025,24849,50,matje,word,word,1,464
1,17721,24851,50,raampje,word,word,1,434
1,10731,24810,50,kieltjes,word,word,1,NA
1,14357,24732,50,mij,word,word,1,399
1,5969,24852,50,flauwe,word,word,1,439
1,10387,24724,50,kaper,word,word,1,464
1,17735,24761,50,raasden,word,word,1,497
1,19527,24937,50,schooltje,word,word,1,421
1,5151,24843,50,duwtjes,word,word,1,494
1,5827,24832,50,fictief,word,word,1,499
1,6803,24966,50,gekleed,word,word,1,362
1,15757,24914,50,onwil,word,word,1,497
1,2549,24968,50,bouviers,word,nonword,0,NA
1,2037,24741,50,bloedbad,word,word,1,494
1,27179,24809,50,yes,word,word,1,457
1,1721,24984,50,bezweet,word,word,1,450
1,22739,24972,50,taxi,word,word,1,421
1,11791,24704,50,kostte,word,word,1,489
1,9467,24734,50,hoorn,word,word,1,475
1,11003,24854,50,kleine,word,word,1,465
1,26073,24936,50,waarna,word,word,1,498
1,1741,24735,50,bied,word,word,1,461
1,13117,24965,50,liefde,word,word,1,437
1,4843,24831,50,dringen,word,word,1,496
1,15649,24927,50,ontgaat,word,word,1,510
1,9405,24739,50,hoog,word,word,1,476
1,23375,24874,50,trachten,word,nonword,0,NA
1,25401,24916,50,voerde,word,word,1,729
1,22497,24957,50,sufferd,word,word,1,458
1,27389,24837,50,zege,word,word,1,493
1,2103,24798,50,blokkers,word,word,1,476
1,19135,25000,50,schatten,word,word,1,481
1,8277,24881,50,grootma's,word,word,1,524
1,4431,24962,50,domme,word,word,1,452
1,10135,24883,50,juf,word,word,1,462
1,23155,24750,50,toegift,word,nonword,0,NA
1,22311,24884,50,stroken,word,word,1,498
1,25165,24993,50,vlas,word,word,1,527
1,12571,24954,50,lak,word,word,1,655
1,24441,25008,50,vergif,word,word,1,518
1,19603,24969,50,schouwen,word,word,1,728
1,855,24970,50,barbaars,word,word,1,480
1,20029,25011,50,silo,word,word,1,595
1,3259,24891,50,charmes,word,word,1,434
1,15231,24771,50,nieuwjaar,word,word,1,500
1,5015,24733,50,duidt,word,word,1,404
1,26345,24773,50,weerkaatst,word,word,1,715
1,7169,24976,50,geschil,word,nonword,0,NA
1,20387,25004,50,sluik,word,word,1,591
1,11659,24978,50,koopje,word,word,1,467
1,26235,24885,50,wartaal,word,word,1,724
1,11261,24846,50,knaapjes,word,word,1,564
1,15761,25021,50,onze,word,word,1,444
1,7033,24982,50,genre,word,word,1,631
1,11149,24863,50,klokje,word,word,1,378
1,18847,24782,50,rus,word,nonword,0,NA
1,7449,24905,50,gevraagd,word,word,1,455
1,11367,24865,50,knipsels,word,word,1,629
1,14329,24866,50,micro,word,word,1,449
1,1919,24868,50,blafte,word,word,1,409
1,21013,24989,50,speurend,word,word,1,601
1,8249,25017,50,grondlaag,word,word,1,555
1,14679,24991,50,monsieur,word,word,1,508
1,16821,24871,50,plastics,word,word,1,529
1,185,24740,50,achting,word,word,1,526
1,6783,25034,50,gekeurd,word,word,1,570
1,28171,25035,50,zwol,word,nonword,0,NA
1,7837,25036,50,golf,word,word,1,453
1,6983,25037,50,gemeld,word,nonword,0,NA
1,24803,24796,50,vervaagd,word,word,1,471
1,12341,25039,50,kut,word,word,1,505
1,21391,24919,50,staatshoofd,word,word,1,617
1,1207,24880,50,bekijk,word,word,1,422
1,5823,25002,50,fiches,word,word,1,560
1,26547,25003,50,wereld,word,word,1,526
1,23477,25044,50,treffen,word,word,1,501
1,9839,25045,50,inhoud,word,word,1,455
1,17699,25033,50,raadsels,word,word,1,504
1,7465,25047,50,gewag,word,nonword,0,NA
1,9213,25048,50,hoekje,word,word,1,497
1,23759,24888,50,tunnel,word,word,1,430
1,3381,24768,50,club,word,word,1,418
1,17481,24930,50,profeet,word,word,1,512
1,9781,25052,50,imams,word,nonword,0,NA
1,25483,25053,50,volgt,word,word,1,478
1,4381,24853,50,doffe,word,word,1,412
1,27289,25055,50,zamen,word,nonword,0,NA
1,5797,25016,50,feiten,word,word,1,540
1,22839,25057,50,tellers,word,word,1,527
1,22941,25058,50,teugjes,word,word,1,479
1,1297,24925,50,bemoei,word,word,1,440
1,9965,24900,50,jaloers,word,word,1,477
1,26353,24940,50,weerloos,word,word,1,428
1,1817,24901,50,bijtend,word,word,1,507
1,24611,24862,50,vermoord,word,word,1,404
1,1087,24943,50,beesten,word,word,1,535
1,7233,25025,50,gespeld,word,nonword,0,NA
1,16707,25026,50,pitje,word,word,1,647
1,9399,25067,50,hoofdzaak,word,word,1,617
1,10797,24907,50,kil,word,word,1,540
1,23601,24948,50,troon,word,word,1,634
1,21415,24788,50,stadsdeel,word,word,1,633
1,22025,24910,50,stoopje,word,nonword,0,NA
1,13609,24708,50,luie,word,word,1,504
1,19945,25073,50,sfeer,word,word,1,475
1,10565,25074,50,kelkje,word,word,1,525
1,197,25075,50,acnes,word,word,1,574
1,15349,24834,50,noordpool,word,word,1,472
1,5089,24956,50,dunner,word,word,1,571
1,26339,25078,50,weerde,word,nonword,0,NA
1,18201,25079,50,reveil,word,word,1,626
1,5925,24716,50,fitten,word,nonword,0,NA
1,22413,24960,50,stuipen,word,word,1,493
1,22155,24800,50,strakke,word,word,1,470
1,2975,25083,50,buffet,word,word,1,653
1,14653,24963,50,monarch,word,word,1,695
1,17763,24964,50,radars,word,word,1,449
1,25147,24722,50,vlakke,word,word,1,556
1,8485,25087,50,hakmes,word,word,1,708
1,8757,25088,50,heeft,word,word,1,413
1,22903,24725,50,termen,word,word,1,515
1,18999,25050,50,scanner,word,word,1,508
1,23807,24727,50,tweede,word,word,1,422
1,24395,24850,50,verdwaald,word,word,1,546
1,27217,24729,50,zachte,word,word,1,491
1,20709,25094,50,soep,word,word,1,551
1,3159,25095,50,canons,word,word,1,600
1,7097,25096,50,gerant,word,word,1,516
1,25075,25097,50,vinkje,word,word,1,534
1,21117,25098,50,spoed,word,word,1,423
1,17471,25099,50,proestend,word,word,1,NA
1,24115,24859,50,vandaar,word,word,1,577
1,9267,25101,50,hoezen,word,word,1,NA
1,5185,25102,50,dweiltje,word,word,1,609
1,497,25103,50,arbeid,word,word,1,526
1,5415,25104,50,elfde,word,word,1,527
1,19629,25105,50,schrapen,word,word,1,480
1,6851,24864,50,gekreun,word,word,1,465
1,555,25107,50,asiel,word,word,1,510
1,26305,24744,50,weefsels,word,word,1,448
1,28005,24867,50,zwakke,word,word,1,437
1,9581,25070,50,huilde,word,word,1,452
1,25485,25111,50,volgzaam,word,word,1,491
1,15901,25112,50,opnieuw,word,word,1,477
1,14863,24992,50,mus,word,word,1,477
1,23485,25114,50,trein,word,word,1,553
1,16785,24994,50,plannen,word,word,1,448
1,17765,24995,50,rade,word,word,1,436
1,24971,25117,50,vier,word,word,1,678
1,22585,25118,50,taarten,word,word,1,544
1,19267,24877,50,scherf,word,word,1,477
1,18141,24999,50,repen,word,nonword,0,NA
1,22989,24757,50,ticket,word,word,1,490
1,7205,24758,50,gesleept,word,word,1,555
1,27783,24759,50,zong,word,word,1,411
1,7699,25124,50,gleuf,word,word,1,509
1,14897,25125,50,muzen,word,nonword,0,NA
1,9811,24762,50,incluis,word,word,1,499
1,24145,25127,50,varen,word,word,1,531
1,13085,25128,50,lichtje,word,word,1,483
1,815,25129,50,banen,word,word,1,566
1,2801,24726,50,broches,word,word,1,516
1,4617,25131,50,dor,word,word,1,580
1,22601,25132,50,taboes,word,word,1,546
1,23089,25012,50,timbre,word,word,1,529
1,17601,25134,50,puisten,word,word,1,597
1,7787,25135,50,goden,word,word,1,481
1,14661,24772,50,mondhoek,word,word,1,438
1,8947,25137,50,hengel,word,word,1,500
1,10423,25138,50,karmijn,word,word,1,630
1,25993,24775,50,vuurwerk,word,word,1,430
1,20729,24899,50,software,word,word,1,508
1,22141,25141,50,straffe,word,word,1,NA
1,9295,25142,50,holden,word,nonword,0,NA
1,2209,25143,50,boeddha's,word,word,1,659
1,7477,25144,50,gewei,word,word,1,750
1,13719,25145,50,maagzuur,word,word,1,NA
1,699,25146,50,badpak,word,word,1,485
1,2735,25147,50,bres,word,word,1,551
1,20641,24784,50,snoek,word,word,1,550
1,13693,24785,50,lychee,word,word,1,565
1,20451,25110,50,smalle,word,word,1,488
1,20369,25030,50,slordig,word,word,1,566
1,5833,25152,50,fier,word,word,1,535
1,14255,24911,50,mes,word,word,1,454
1,16775,24790,50,plank,word,word,1,426
1,19931,24791,50,set,word,word,1,463
1,24631,25156,50,verplicht,word,word,1,547
1,27871,25157,50,zowat,word,word,1,592
1,4831,25158,50,drijfveer,word,word,1,529
1,12155,24795,50,kruintje,word,word,1,617
1,8639,25160,50,happy,word,word,1,499
1,1749,25040,50,biedt,word,word,1,587
1,18125,25162,50,rennend,word,word,1,505
1,12131,24921,50,kruiden,word,word,1,486
1,10805,25164,50,kilt,word,word,1,602
1,24193,24801,50,veel,word,word,1,520
1,27921,25166,50,zuipen,word,word,1,645
1,18353,25046,50,rijwiel,word,word,1,507
1,7925,25168,50,graafschap,word,word,1,431
1,11957,24805,50,krediet,word,word,1,481
1,11545,25009,50,koket,word,word,1,552
1,27239,24807,50,zagers,word,word,1,485
1,9961,24808,50,jaja,word,word,1,503
1,14683,25173,50,monsters,word,word,1,530
1,27999,25174,50,zwak,word,word,1,467
1,12265,24811,50,kuisen,word,word,1,525
1,18015,25176,50,reform,word,word,1,648
1,26013,25177,50,waaien,word,word,1,532
1,11421,25178,50,knuffels,word,word,1,517
1,1355,24815,50,berden,word,nonword,0,NA
1,5265,25100,50,eenling,word,word,1,542
1,17537,24939,50,proza,word,word,1,574
1,25659,25182,50,voorspelt,word,nonword,0,NA
1,1603,25183,50,beval,word,word,1,493
1,20771,25184,50,sonde,word,word,1,671
1,13857,25064,50,makreel,word,word,1,619
1,23791,25065,50,tussen,word,nonword,0,NA
1,27609,24824,50,zijwand,word,word,1,543
1,7983,25188,50,grapefruits,word,word,1,703
1,19525,25068,50,schooltijd,word,word,1,534
1,22231,24826,50,strengen,word,word,1,452
1,23677,24827,50,truitjes,word,word,1,519
1,10511,25071,50,keeltje,word,word,1,552
1,20361,25193,50,slootjes,word,word,1,583
1,19315,24830,50,scheurde,word,word,1,429
1,9599,25195,50,huisden,word,nonword,0,NA
1,191,25196,50,achtten,word,word,1,558
1,379,25076,50,alleen,word,word,1,493
1,27099,25198,50,wrat,word,word,1,541
1,11191,25199,50,klootzak,word,word,1,509
1,19759,25200,50,schuine,word,word,1,527
100,14018,24894,50,pade,nonword,nonword,1,704
100,28018,24747,50,knazen,nonword,nonword,1,506
100,22742,24854,50,taxons,nonword,nonword,1,686
100,27286,24734,50,tolmpjes,nonword,nonword,1,565
100,4870,24771,50,blege,nonword,nonword,1,534
100,19922,24786,50,termet,nonword,nonword,1,591
100,2094,24731,50,blokgraat,nonword,nonword,1,741
100,25872,24745,50,vrijeen,nonword,word,0,NA
100,11400,24869,50,snop,nonword,nonword,1,775
100,22526,24853,50,fiper,nonword,nonword,1,526
100,3706,24855,50,baters,nonword,nonword,1,696
100,24310,24827,50,vergond,nonword,nonword,1,737
100,24078,24874,50,vatijs,nonword,nonword,1,574
100,27064,24728,50,warst,nonword,nonword,1,587
100,26792,24960,50,weenhoos,nonword,nonword,1,544
100,3070,24754,50,buroods,nonword,nonword,1,565
100,20928,24836,50,spoostheid,nonword,nonword,1,587
100,12958,24784,50,herzen,nonword,nonword,1,645
100,25136,24866,50,vleg,nonword,nonword,1,535
100,24778,24852,50,verdiel,nonword,nonword,1,591
100,8560,24934,50,lapster,nonword,nonword,1,595
100,25782,24962,50,vrachtsprop,nonword,nonword,1,682
100,15426,24911,50,odkult,nonword,nonword,1,529
100,21114,24709,50,scrotsen,nonword,nonword,1,563
100,7334,24804,50,gelaatst,nonword,nonword,1,600
100,5540,24725,50,erdij,nonword,nonword,1,513
100,3150,24793,50,jompers,nonword,nonword,1,697
100,26604,24889,50,werkmaad,nonword,nonword,1,822
100,13964,24903,50,kartten,nonword,nonword,1,662
100,25046,24850,50,multen,nonword,nonword,1,727
100,722,24971,50,bakmuits,nonword,nonword,1,754
100,26056,24839,50,meerdig,nonword,nonword,1,650
100,10980,24744,50,krijdje,nonword,nonword,1,593
100,3302,24705,50,scrozisch,nonword,nonword,1,508
100,24452,24975,50,verpleep,nonword,nonword,1,589
100,27138,24868,50,wrinkt,nonword,nonword,1,568
100,9186,24897,50,voe,nonword,nonword,1,550
100,4692,24870,50,spaai,nonword,nonword,1,765
100,17788,24871,50,ralls,nonword,word,0,NA
100,3926,24766,50,weindde,nonword,nonword,1,771
100,21678,24888,50,stepsels,nonword,nonword,1,667
100,12666,24876,50,honsen,nonword,nonword,1,621
100,11144,24862,50,troek,nonword,nonword,1,633
100,23890,24984,50,eiden,nonword,nonword,1,577
100,7464,24972,50,gemicht,nonword,nonword,1,569
100,6788,24919,50,nikke,nonword,nonword,1,619
100,24616,24879,50,verdierd,nonword,nonword,1,659
100,6752,24746,50,neuser,nonword,nonword,1,521
100,8850,24881,50,leils,nonword,nonword,1,539
100,12438,24910,50,kwalkbaar,nonword,nonword,1,612
100,26362,24723,50,weerdreen,nonword,nonword,1,545
100,20270,24844,50,proeper,nonword,nonword,1,608
100,10538,24805,50,hogels,nonword,nonword,1,677
100,18954,24994,50,fap,nonword,nonword,1,612
100,18662,24727,50,misse,nonword,nonword,1,738
100,17950,24996,50,kechtoot,nonword,nonword,1,533
100,27542,24997,50,tijkbed,nonword,nonword,1,597
100,16710,24945,50,pekjes,nonword,nonword,1,750
100,16702,24770,50,tittes,nonword,nonword,1,533
100,19280,24892,50,schilmpjes,nonword,nonword,1,663
100,1496,24974,50,bedriet,nonword,nonword,1,858
100,12292,25015,50,durnen,nonword,nonword,1,764
100,5414,24976,50,eld,nonword,nonword,1,619
100,26080,24735,50,waarag,nonword,nonword,1,501
100,13624,24857,50,hiekjes,nonword,nonword,1,708
100,11606,24898,50,cozijn,nonword,nonword,1,NA
100,1638,24846,50,bekreend,nonword,nonword,1,623
100,3782,24875,50,dangt,nonword,nonword,1,541
100,7280,25009,50,gestard,nonword,nonword,1,696
100,15214,24970,50,nout,nonword,nonword,1,662
100,9292,25011,50,loga,nonword,word,0,NA
100,380,24743,50,anveen,nonword,nonword,1,578
100,15772,24905,50,eeg,nonword,nonword,1,620
100,20800,24987,50,soubor,nonword,nonword,1,658
100,2358,24907,50,bartten,nonword,nonword,1,635
100,2972,25029,50,loffer,nonword,nonword,1,630
100,25968,24990,50,vukt,nonword,nonword,1,607
100,10128,25031,50,nouw,nonword,nonword,1,685
100,28004,25032,50,prasjes,nonword,nonword,1,664
100,7680,24873,50,wras,nonword,nonword,1,492
100,17252,24968,50,pukten,nonword,nonword,1,754
100,5146,24782,50,riwend,nonword,nonword,1,550
100,23818,24781,50,wreeluip,nonword,nonword,1,600
100,27910,25024,50,zeigt,nonword,nonword,1,557
100,24396,24757,50,verbreeld,nonword,nonword,1,690
100,746,24999,50,hakie,nonword,nonword,1,595
100,3054,25040,50,limpers,nonword,nonword,1,623
100,708,25041,50,lah,nonword,nonword,1,587
100,10444,24921,50,kartoe,nonword,nonword,1,538
100,10438,24722,50,konton,nonword,nonword,1,628
100,21968,24964,50,stongen,nonword,nonword,1,561
100,26204,25045,50,donten,nonword,nonword,1,595
100,13572,24885,50,hochtig,nonword,nonword,1,546
100,8092,25034,50,druiten,nonword,nonword,1,594
100,27816,24995,50,goon,nonword,nonword,1,482
100,20890,24915,50,spefdrum,nonword,nonword,1,574
100,25180,24916,50,proosmes,nonword,nonword,1,492
100,12162,25051,50,spiepen,nonword,nonword,1,596
100,28088,25052,50,primmers,nonword,nonword,1,593
100,1484,24932,50,hassen,nonword,nonword,1,597
100,19764,24772,50,schieden,nonword,nonword,1,NA
100,17882,25055,50,rief,nonword,nonword,1,620
100,10986,24935,50,grijfde,nonword,nonword,1,544
100,9324,25017,50,hentes,nonword,nonword,1,549
100,24824,25018,50,verteur,nonword,nonword,1,564
100,426,25059,50,alvier,nonword,nonword,1,531
100,5580,24926,50,ilmten,nonword,nonword,1,559
100,4700,25008,50,broeideur,nonword,nonword,1,602
100,23476,24928,50,bloutjes,nonword,nonword,1,604
100,2288,25010,50,hoelen,nonword,nonword,1,770
100,6900,25064,50,nere,nonword,nonword,1,525
100,18350,24904,50,mijtaag,nonword,nonword,1,658
100,3304,25066,50,chroof,nonword,nonword,1,636
100,1426,24825,50,beschurfd,nonword,nonword,1,NA
100,13150,24704,50,liel,nonword,nonword,1,590
100,6450,25069,50,gampteer,nonword,nonword,1,591
100,12334,25070,50,bust,nonword,nonword,1,540
100,23260,24708,50,teng,nonword,nonword,1,563
100,9114,25072,50,hoerzan,nonword,nonword,1,568
100,15968,24872,50,ormaat,nonword,nonword,1,591
100,936,24953,50,baims,nonword,nonword,1,539
100,10748,24942,50,doertje,nonword,nonword,1,600
100,25368,25063,50,voesgel,nonword,nonword,1,524
100,25288,25077,50,bloeven,nonword,nonword,1,838
100,21152,24957,50,spielhuis,nonword,nonword,1,620
100,20604,24716,50,snekst,nonword,nonword,1,600
100,20662,25080,50,vloet,nonword,nonword,1,556
100,2370,24717,50,lanten,nonword,nonword,1,709
100,13664,25082,50,wus,nonword,nonword,1,587
100,13788,24719,50,waagschap,nonword,nonword,1,800
100,21552,24842,50,stoden,nonword,nonword,1,583
100,27160,25085,50,wumps,nonword,nonword,1,606
100,6070,25046,50,sorie,nonword,nonword,1,657
100,22842,25087,50,zalling,nonword,nonword,1,613
100,12066,24914,50,kroog,nonword,nonword,1,709
100,25924,24713,50,snechten,nonword,word,0,NA
100,4398,25090,50,hoksen,nonword,nonword,1,674
100,17482,25091,50,profien,nonword,nonword,1,669
100,28008,25092,50,grokken,nonword,nonword,1,647
100,20832,25093,50,sneken,nonword,nonword,1,579
100,21242,24730,50,spleedde,nonword,nonword,1,633
100,5756,25095,50,satut,nonword,nonword,1,606
100,16764,24732,50,blekjes,nonword,nonword,1,589
100,7754,25097,50,gloeitaps,nonword,nonword,1,845
100,15450,25098,50,uurvens,nonword,nonword,1,576
100,22874,25099,50,henar,nonword,nonword,1,510
100,13304,25100,50,lin,nonword,nonword,1,559
100,942,24927,50,bazeegd,nonword,nonword,1,589
100,18918,25089,50,fildo,nonword,nonword,1,529
100,17274,24740,50,vloetjes,nonword,nonword,1,669
100,44,25104,50,aarjang,nonword,nonword,1,575
100,22560,24741,50,symseys,nonword,nonword,1,536
100,12518,24742,50,lachmoe,nonword,word,0,NA
100,16146,25107,50,papplet,nonword,nonword,1,700
100,11110,25108,50,spokken,nonword,nonword,1,631
100,5254,25109,50,uistje,nonword,nonword,1,595
100,4666,25110,50,dowls,nonword,nonword,1,560
100,26586,25111,50,werksast,nonword,nonword,1,576
100,17070,24748,50,tekken,nonword,nonword,1,620
100,5400,24749,50,eibim,nonword,nonword,1,490
100,23466,25114,50,troedt,nonword,nonword,1,650
100,8824,24901,50,laggen,nonword,nonword,1,737
100,2064,25116,50,plaaiend,nonword,nonword,1,725
100,23112,24753,50,zeppen,nonword,nonword,1,NA
100,21886,25118,50,stelker,nonword,nonword,1,575
100,14066,24755,50,kee,nonword,nonword,1,548
100,13046,25120,50,belers,nonword,nonword,1,620
100,8550,25121,50,larzen,nonword,word,0,NA
100,25420,25001,50,vieltjes,nonword,nonword,1,509
100,16644,25123,50,tekten,nonword,nonword,1,654
100,22574,24882,50,zooie,nonword,nonword,1,668
100,10678,25004,50,motter,nonword,nonword,1,715
100,2486,25086,50,hesbes,nonword,nonword,1,716
100,13622,25006,50,lijsje,nonword,word,0,NA
100,19296,25115,50,schends,nonword,nonword,1,599
100,12702,25129,50,panten,nonword,nonword,1,727
100,17250,25130,50,potmaad,nonword,nonword,1,576
100,13652,25131,50,lunnen,nonword,nonword,1,670
100,6022,25132,50,krolijn,nonword,nonword,1,553
100,12822,24769,50,hoorstof,nonword,nonword,1,649
100,25528,25134,50,volstrand,nonword,nonword,1,634
100,18190,25135,50,deitje,nonword,nonword,1,534
100,1608,25136,50,benot,nonword,word,0,NA
100,2112,25137,50,prond,nonword,nonword,1,629
100,23550,25138,50,trin,nonword,nonword,1,546
100,7648,24775,50,gugo's,nonword,nonword,1,593
100,14902,25019,50,mentiek,nonword,nonword,1,580
100,10536,25088,50,mogel,nonword,nonword,1,562
100,4964,25021,50,blekkers,nonword,nonword,1,561
100,920,25022,50,balla,nonword,nonword,1,559
100,3204,24780,50,cal,nonword,nonword,1,651
100,15524,25145,50,okmaan,nonword,nonword,1,560
100,9360,25146,50,homplal,nonword,nonword,1,607
100,5104,25026,50,kiren,nonword,nonword,1,584
100,15628,25148,50,ontzoet,nonword,word,0,NA
100,1052,24785,50,beeldpoos,nonword,nonword,1,593
100,26754,25150,50,roeding,nonword,nonword,1,655
100,1990,25151,50,bleesbaar,nonword,nonword,1,683
100,15862,24788,50,ozo's,nonword,nonword,1,520
100,11178,25153,50,kroof,nonword,nonword,1,662
100,14026,25154,50,hache,nonword,nonword,1,NA
100,20770,25155,50,sozir,nonword,nonword,1,764
100,5138,25156,50,buw,nonword,nonword,1,707
100,20100,25157,50,psylax,nonword,nonword,1,604
100,15828,24794,50,oorscheng,nonword,nonword,1,626
100,6392,25038,50,nampa,nonword,nonword,1,577
100,21260,25039,50,scroker,nonword,nonword,1,560
100,14132,25161,50,meidienst,nonword,word,0,NA
100,9046,25162,50,roter,nonword,nonword,1,860
100,14974,25163,50,nachtwocht,nonword,nonword,1,656
100,13962,24801,50,mangs,nonword,nonword,1,656
100,12918,25165,50,bokkers,nonword,nonword,1,748
100,7818,24802,50,goedschefs,nonword,nonword,1,556
100,21786,25167,50,sterkters,nonword,nonword,1,597
100,20886,25168,50,specakes,nonword,nonword,1,531
100,23746,25169,50,tispen,nonword,nonword,1,532
100,10458,25049,50,hessiers,nonword,nonword,1,619
100,4756,25050,50,vlonken,nonword,nonword,1,665
100,6478,25172,50,gi,nonword,nonword,1,637
100,4532,24809,50,koomsels,nonword,nonword,1,558
100,28136,25174,50,zwoermen,nonword,nonword,1,637
100,16286,24811,50,potsend,nonword,nonword,1,589
100,25670,24812,50,meerstaan,nonword,nonword,1,603
100,16052,25056,50,taam,nonword,nonword,1,681
100,14472,25178,50,minein,nonword,nonword,1,580
100,18420,24937,50,tobeen,nonword,nonword,1,654
100,16054,25180,50,raard,nonword,nonword,1,645
100,14,25020,50,eertje,nonword,nonword,1,595
100,27396,24940,50,pagen,nonword,nonword,1,604
100,2294,24819,50,rof,nonword,word,0,NA
100,14530,24820,50,mitsviet,nonword,nonword,1,841
100,17572,25185,50,piwer,nonword,nonword,1,579
100,13478,24823,50,laadbaan,nonword,nonword,1,660
100,14676,25187,50,winnik,nonword,nonword,1,555
100,27990,25067,50,zweerst,nonword,nonword,1,808
100,26370,25189,50,roortjes,nonword,nonword,1,665
100,22062,24826,50,stukten,nonword,nonword,1,NA
100,26720,25191,50,ruiren,nonword,nonword,1,594
100,25378,24829,50,veefden,nonword,nonword,1,601
100,134,25193,50,aakst,nonword,nonword,1,731
100,12114,25073,50,kleentjes,nonword,nonword,1,615
100,14420,24710,50,milts,nonword,nonword,1,561
100,6880,24711,50,gelelt,nonword,nonword,1,577
100,24964,24955,50,mua,nonword,nonword,1,654
100,25408,24834,50,moeging,nonword,nonword,1,555
100,19200,25078,50,schoudt,nonword,nonword,1,523
100,23876,25200,50,ool,nonword,nonword,1,644
100,15437,24701,50,ode,word,word,1,513
100,11881,24702,50,kracht,word,word,1,563
100,14109,24703,50,meetbaar,word,word,1,625
100,25125,25068,50,vlaag,word,word,1,510
100,2815,25190,50,broedsels,word,word,1,613
100,5623,24706,50,etmaal,word,word,1,621
100,20593,24707,50,snelden,word,word,1,714
100,16737,24950,50,plaatsjes,word,word,1,571
100,911,24830,50,bassen,word,word,1,679
100,7455,25074,50,gevuld,word,word,1,564
100,27257,25075,50,zaklamp,word,word,1,531
100,21929,24712,50,stoffen,word,word,1,511
100,8483,25198,50,hakken,word,word,1,541
100,26843,24714,50,wilgje,word,word,1,603
100,17011,24715,50,poeltje,word,word,1,602
100,9329,24837,50,hommel,word,word,1,569
100,1335,25081,50,bepaalt,word,word,1,555
100,11113,24718,50,klikte,word,word,1,494
100,1805,25083,50,bijsmaak,word,word,1,746
100,22643,24720,50,tallen,word,nonword,0,NA
100,22431,24721,50,stukje,word,word,1,481
100,19013,24843,50,scène,word,word,1,645
100,3219,24965,50,census,word,word,1,529
100,5799,24724,50,feitje,word,word,1,529
100,1671,24967,50,bewijst,word,nonword,0,NA
100,19335,24726,50,scheutjes,word,word,1,563
100,19371,24848,50,schijnt,word,word,1,551
100,13091,24849,50,lichtstraal,word,word,1,568
100,6087,24729,50,fooitjes,word,word,1,553
100,25059,25094,50,vinding,word,word,1,642
100,24539,24973,50,verlang,word,word,1,504
100,14539,25096,50,mochten,word,word,1,506
100,24361,24733,50,verderfs,word,word,1,699
100,12987,24774,50,lets,word,word,1,NA
100,15817,24856,50,oordeelt,word,word,1,498
100,18561,24736,50,romans,word,word,1,806
100,12147,24737,50,kruimel,word,word,1,524
100,25103,24738,50,vissen,word,word,1,508
100,10487,24739,50,katvis,word,word,1,542
100,27961,24861,50,zwaai,word,word,1,470
100,10837,25105,50,kiosk,word,nonword,0,NA
100,15671,25106,50,onthutst,word,word,1,590
100,10203,24864,50,jute,word,word,1,552
100,1929,24865,50,blanken,word,word,1,568
100,22665,25149,50,tandvlees,word,word,1,628
100,7009,24867,50,geneest,word,word,1,552
100,6871,24989,50,gel,word,word,1,560
100,20707,25112,50,soelaas,word,word,1,559
100,27675,25113,50,zoal,word,word,1,605
100,23763,24750,50,turbo,word,word,1,588
100,3691,24751,50,daas,word,word,1,649
100,9767,24752,50,ijzig,word,word,1,550
100,13663,25117,50,lus,word,word,1,476
100,10567,25158,50,kelkjes,word,word,1,602
100,17669,25119,50,puzzel,word,word,1,606
100,781,24756,50,balpen,word,word,1,596
100,13257,24878,50,likten,word,word,1,564
100,18645,24758,50,roos,word,word,1,492
100,21981,24759,50,stommen,word,word,1,750
100,1927,24760,50,blanke,word,word,1,502
100,3143,24761,50,cakes,word,word,1,743
100,19729,24762,50,schuchter,word,word,1,591
100,7311,24763,50,gestuwd,word,word,1,557
100,11567,24764,50,komaan,word,word,1,717
100,23399,24765,50,trailers,word,word,1,613
100,1569,24887,50,betrekt,word,word,1,622
100,19039,24767,50,schaamte,word,word,1,602
100,26485,24768,50,welpen,word,word,1,504
100,8399,25133,50,haaks,word,word,1,537
100,11087,24891,50,kliekje,word,word,1,634
100,11519,25013,50,koetsje,word,word,1,728
100,9049,24893,50,hetwelk,word,nonword,0,NA
100,16885,24773,50,pleiten,word,word,1,561
100,3719,24814,50,dagjes,word,word,1,619
100,4089,25139,50,dia,word,word,1,609
100,14961,24776,50,nachtclub,word,word,1,558
100,4561,24777,50,doorn,word,word,1,494
100,2223,24778,50,boei,word,word,1,560
100,9011,24779,50,hersteld,word,word,1,639
100,27667,25144,50,zitvlak,word,word,1,561
100,23841,24902,50,twijgje,word,word,1,650
100,16453,24822,50,pennen,word,word,1,NA
100,24659,24783,50,verscheen,word,word,1,549
100,11843,25147,50,kraakt,word,word,1,733
100,7005,24946,50,genas,word,word,1,501
100,15109,25028,50,nekken,word,word,1,566
100,4097,24787,50,dichte,word,word,1,668
100,22277,25152,50,strijkt,word,word,1,534
100,3103,24789,50,buurman,word,word,1,569
100,10463,24790,50,kaste,word,word,1,520
100,27507,24791,50,zetje,word,word,1,569
100,28149,24792,50,zwijgzaam,word,word,1,553
100,8973,25035,50,herder,word,word,1,560
100,23969,25076,50,uurtjes,word,word,1,484
100,27847,24795,50,zotte,word,word,1,495
100,22533,24796,50,surfen,word,word,1,545
100,6423,24797,50,gard,word,word,1,753
100,5375,24798,50,eindjes,word,word,1,712
100,25031,24799,50,vijver,word,word,1,514
100,6305,24800,50,fust,word,nonword,0,NA
100,20539,24922,50,snackbar,word,word,1,555
100,13995,25166,50,massa,word,word,1,500
100,20879,24803,50,spechten,word,word,1,635
100,4891,24925,50,drommel,word,word,1,526
100,8405,25047,50,haalbaar,word,word,1,556
100,14137,24806,50,meisje,word,word,1,528
100,20591,24807,50,snelde,word,word,1,529
100,14473,24808,50,minzaam,word,word,1,592
100,10151,25173,50,juist,word,word,1,474
100,16627,24810,50,pijpje,word,word,1,558
100,25295,25175,50,vlogen,word,word,1,697
100,16981,25176,50,plukker,word,word,1,NA
100,24063,24813,50,vakjes,word,word,1,489
100,8119,25054,50,grijnzen,word,word,1,574
100,27991,24815,50,zwaarste,word,word,1,553
100,20631,24816,50,snippers,word,word,1,648
100,11059,24817,50,kleurde,word,word,1,468
100,1223,24818,50,bekleed,word,word,1,600
100,11465,25183,50,koelers,word,word,1,562
100,26187,25184,50,wanden,word,word,1,530
100,3047,24821,50,bult,word,word,1,717
100,5975,24983,50,fles,word,word,1,578
100,21069,24944,50,spin,word,word,1,509
100,7723,24824,50,glimpen,word,nonword,0,NA
100,17055,24986,50,poging,word,word,1,479
100,17731,24947,50,raar,word,word,1,423
100,4559,24948,50,doorleefd,word,word,1,604
100,9399,24828,50,hoofdzaak,word,word,1,538
100,5589,25071,50,esp,word,word,1,669
100,3111,24951,50,buurtjes,word,word,1,522
100,23787,24831,50,turners,word,word,1,562
100,14599,24832,50,moertjes,word,word,1,658
100,19505,24833,50,schoolbord,word,word,1,588
100,883,24954,50,barst,word,word,1,476
100,11883,24835,50,krachten,word,word,1,555
100,10761,25199,50,kiezel,word,word,1,766
100,16043,24958,50,paadjes,word,word,1,NA
100,7011,24838,50,geneigd,word,word,1,521
100,24185,25000,50,veeg,word,word,1,673
100,4435,24840,50,domoor,word,word,1,518
100,24257,24841,50,velds,word,nonword,0,NA
100,19889,24963,50,sensors,word,word,1,613
100,7563,24883,50,gêne,word,word,1,679
100,23057,24884,50,tijgers,word,word,1,529
100,22063,24845,50,storen,word,word,1,493
100,9369,24886,50,hoofde,word,word,1,642
100,5949,24847,50,flaps,word,nonword,0,NA
100,4349,24969,50,doelens,word,nonword,0,NA
100,13147,24929,50,lieren,word,word,1,538
100,11191,24890,50,klootzak,word,word,1,572
100,24363,24851,50,verdien,word,word,1,527
100,3005,25053,50,buiken,word,word,1,575
100,5183,25014,50,dweilen,word,word,1,625
100,8797,24988,50,heester,word,word,1,477
100,15193,24895,50,newton,word,word,1,649
100,3697,24977,50,dadel,word,word,1,520
100,4285,24978,50,discreet,word,word,1,586
100,25161,24858,50,vlaming,word,word,1,654
100,10343,24859,50,kanaal,word,word,1,521
100,7697,24860,50,gletsjers,word,word,1,650
100,21991,24982,50,stompjes,word,word,1,626
100,13055,25023,50,lezers,word,word,1,591
100,26261,24863,50,waters,word,word,1,502
100,14345,24985,50,mier,word,word,1,511
100,20129,25186,50,slaappil,word,word,1,688
100,527,24906,50,armoe,word,word,1,522
100,15937,24880,50,optisch,word,word,1,590
100,23687,24908,50,trutten,word,word,1,536
100,15137,24909,50,nestjes,word,word,1,648
100,537,24991,50,armstoel,word,word,1,540
100,18665,24992,50,rossig,word,word,1,557
100,12497,24993,50,laas,word,word,1,716
100,19119,24913,50,scharen,word,word,1,815
100,11289,25048,50,knarste,word,word,1,555
100,1247,25036,50,belde,word,word,1,511
100,5543,25037,50,ernaar,word,word,1,512
100,16081,24877,50,pacten,word,word,1,698
100,23155,24918,50,toegift,word,word,1,688
100,15699,24959,50,ontslaan,word,word,1,494
100,15275,24933,50,nobel,word,word,1,547
100,5979,25002,50,flesjes,word,word,1,735
100,18829,25003,50,run,word,word,1,456
100,23667,24923,50,truffel,word,word,1,538
100,14065,24924,50,mee,word,word,1,475
100,18871,25127,50,ruw,word,word,1,467
100,10639,24966,50,kermis,word,word,1,562
100,17665,24900,50,putten,word,word,1,514
100,8291,25170,50,grootst,word,word,1,581
100,2091,25103,50,blok,word,word,1,476
100,20863,24930,50,spatels,word,word,1,571
100,20821,25012,50,spaarpot,word,word,1,618
100,4011,25079,50,des,word,word,1,540
100,17063,25188,50,points,word,word,1,587
100,2081,25027,50,bloempot,word,word,1,567
100,16971,25177,50,pluimpjes,word,word,1,598
100,6553,24896,50,gedacht,word,word,1,533
100,5671,25058,50,extra,word,word,1,531
100,23427,25140,50,trances,word,word,1,590
100,18041,24899,50,regime,word,word,1,563
100,359,25195,50,alfa's,word,word,1,596
100,12523,25143,50,lachjes,word,word,1,562
100,7119,25197,50,gering,word,word,1,591
100,16289,24943,50,passers,word,word,1,774
100,20985,25025,50,spencer,word,nonword,0,NA
100,161,24931,50,absent,word,word,1,665
100,5639,25160,50,eunuch,word,word,1,739
100,10969,24920,50,kledij,word,word,1,487
100,10689,25042,50,keukens,word,word,1,586
100,10673,24949,50,keten,word,word,1,506
100,13989,25192,50,marxist,word,word,1,640
100,6221,25125,50,frezen,word,nonword,0,NA
100,27845,24912,50,zotjes,word,word,1,593
100,27723,25126,50,zoeter,word,word,1,597
100,1359,25007,50,bereidt,word,word,1,605
100,18555,25128,50,rolt,word,word,1,518
100,2323,24956,50,bom,word,word,1,491
100,27909,24917,50,zuigt,word,word,1,494
100,24871,25065,50,verwierf,word,word,1,574
100,15947,24998,50,opzet,word,word,1,546
100,417,25159,50,alten,word,word,1,648
100,14249,25005,50,merkten,word,word,1,564
100,11953,25043,50,kratjes,word,word,1,617
100,10067,25084,50,joeg,word,word,1,610
100,7153,25057,50,geschat,word,word,1,564
100,17209,25062,50,portret,word,word,1,524
100,3923,24939,50,deining,word,word,1,506
100,19107,25061,50,schap,word,word,1,707
100,17845,24941,50,ranken,word,word,1,586
100,5819,25181,50,fiats,word,word,1,529
100,21799,25171,50,stiefbroers,word,word,1,675
100,27469,25182,50,zendt,word,word,1,513
100,5365,25101,50,einder,word,word,1,716
100,1491,25030,50,bestaand,word,word,1,658
100,13917,24938,50,mank,word,word,1,537
100,1873,24961,50,bisschops,word,word,1,671
100,19595,24936,50,schout,word,word,1,592
100,21223,24980,50,spreekbuis,word,word,1,NA
100,24657,25196,50,verschaft,word,word,1,577
100,11975,24952,50,kregen,word,word,1,540
100,8271,25033,50,grootje,word,word,1,562
100,27901,25122,50,zuidwaarts,word,word,1,742
100,2043,25124,50,bloeden,word,word,1,505
100,13953,25102,50,marken,word,nonword,0,NA
100,21549,25179,50,state,word,word,1,NA
100,8465,24979,50,haatten,word,word,1,808
100,18255,25194,50,rieken,word,word,1,564
100,10483,25044,50,katoen,word,word,1,597
100,7941,25142,50,graat,word,word,1,463
100,6703,25060,50,gehad,word,word,1,580
100,16663,24981,50,pinda,word,word,1,780
100,799,25164,50,banaan,word,word,1,539
100,16017,25016,50,oudste,word,word,1,500
100,16907,25141,50,ploeg,word,word,1,476
11,11454,24701,50,doesjes,nonword,nonword,1,716
11,5866,24702,50,fak,nonword,nonword,1,534
11,13606,24703,50,lijkop,nonword,nonword,1,471
11,9476,24704,50,heeuwtjes,nonword,nonword,1,489
11,5748,24705,50,sato,nonword,nonword,1,507
11,4470,25070,50,doed,nonword,nonword,1,564
11,750,24828,50,bakmuw,nonword,nonword,1,586
11,24328,24950,50,verbrund,nonword,nonword,1,550
11,27578,24709,50,zaantjes,nonword,nonword,1,618
11,14806,24831,50,rauwtje,nonword,word,0,NA
11,25830,24832,50,snenen,nonword,nonword,1,586
11,18000,25197,50,rouchje,nonword,nonword,1,610
11,11980,24955,50,blokels,nonword,nonword,1,577
11,622,24714,50,laal,nonword,nonword,1,556
11,9240,24715,50,leurtje,nonword,nonword,1,556
11,14670,25080,50,mondstad,nonword,nonword,1,795
11,5082,25081,50,mun,nonword,nonword,1,512
11,12426,24960,50,prokers,nonword,nonword,1,626
11,1748,24719,50,huiders,nonword,nonword,1,868
11,20172,24720,50,tringen,nonword,nonword,1,535
11,5824,24721,50,sigles,nonword,nonword,1,743
11,27388,25086,50,togden,nonword,nonword,1,668
11,15970,24723,50,algel,nonword,word,0,NA
11,16762,24724,50,plalkand,nonword,nonword,1,734
11,15072,24967,50,noogje,nonword,nonword,1,492
11,21216,25090,50,spleken,nonword,nonword,1,591
11,2074,24727,50,bloemond,nonword,nonword,1,643
11,18296,24728,50,woeders,nonword,nonword,1,718
11,14364,25093,50,dijven,nonword,nonword,1,584
11,6900,24730,50,nere,nonword,nonword,1,456
11,12518,24852,50,lachmoe,nonword,word,0,NA
11,22312,24974,50,stregen,nonword,nonword,1,704
11,2330,24733,50,gog,nonword,nonword,1,543
11,20518,24734,50,gloving,nonword,nonword,1,639
11,27390,24735,50,poge,nonword,nonword,1,715
11,9750,24736,50,eekjes,nonword,nonword,1,756
11,27334,24777,50,zeedaad,nonword,nonword,1,607
11,14000,24738,50,mancaal,nonword,nonword,1,694
11,23850,24860,50,wresten,nonword,nonword,1,600
11,10866,25104,50,kloonmuur,nonword,nonword,1,612
11,15890,24741,50,algang,nonword,nonword,1,745
11,11800,24742,50,wot,nonword,nonword,1,544
11,1738,24743,50,heechten,nonword,nonword,1,576
11,9050,25108,50,helwesk,nonword,nonword,1,485
11,12366,25109,50,trate,nonword,nonword,1,408
11,706,25110,50,badsen,nonword,nonword,1,526
11,27572,24747,50,tiezers,nonword,nonword,1,535
11,22518,25112,50,saftan,nonword,nonword,1,477
11,9596,25113,50,haalbaas,nonword,nonword,1,656
11,22742,25114,50,taxons,nonword,nonword,1,508
11,11004,24751,50,kreune,nonword,nonword,1,743
11,14402,24752,50,muld,nonword,nonword,1,559
11,6790,25116,50,zikken,nonword,word,0,NA
11,28118,25118,50,vlermers,nonword,nonword,1,527
11,14592,25119,50,moem,nonword,nonword,1,463
11,24854,24756,50,verdoor,nonword,nonword,1,659
11,22204,25121,50,stroofje,nonword,nonword,1,505
11,146,24879,50,oornen,nonword,nonword,1,623
11,11102,25123,50,drif,nonword,nonword,1,659
11,8634,25163,50,hesje,nonword,nonword,1,525
11,20898,24761,50,grieches,nonword,nonword,1,493
11,11494,25126,50,koeft,nonword,nonword,1,532
11,8402,24763,50,hootte,nonword,nonword,1,495
11,7914,25128,50,gookvis,nonword,nonword,1,513
11,5092,24805,50,rio,nonword,nonword,1,589
11,6512,24766,50,gebaamd,nonword,nonword,1,609
11,24614,24767,50,vervom,nonword,nonword,1,814
11,24716,25132,50,verts,nonword,nonword,1,551
11,18590,24769,50,mondtang,nonword,nonword,1,1009
11,22288,25134,50,strink,nonword,nonword,1,594
11,5338,24771,50,ed,nonword,nonword,1,547
11,21304,24772,50,spletten,nonword,nonword,1,691
11,1200,24773,50,vevendst,nonword,nonword,1,845
11,26424,25016,50,reuger,nonword,nonword,1,601
11,3880,25179,50,keed,nonword,nonword,1,578
11,320,24776,50,aeik,nonword,nonword,1,726
11,25208,24817,50,prenen,nonword,nonword,1,569
11,11314,24778,50,zwelel,nonword,nonword,1,508
11,16820,24900,50,blastir,nonword,nonword,1,604
11,11440,25144,50,kicht,nonword,nonword,1,636
11,19256,25023,50,schessing,nonword,nonword,1,450
11,12286,25146,50,hurde,nonword,nonword,1,567
11,12300,25147,50,kitstig,nonword,nonword,1,630
11,3160,24784,50,cazans,nonword,nonword,1,589
11,19404,24785,50,schildstoor,nonword,nonword,1,763
11,25302,25150,50,prekjes,nonword,nonword,1,650
11,13452,24787,50,laakste,nonword,nonword,1,484
11,19074,25030,50,spreden,nonword,nonword,1,651
11,6722,24789,50,geheegd,nonword,nonword,1,634
11,1560,25154,50,beleegt,nonword,word,0,NA
11,19728,24791,50,schraam,nonword,word,0,NA
11,15158,24792,50,nesvries,nonword,nonword,1,460
11,23380,24914,50,blichtten,nonword,nonword,1,511
11,4842,24794,50,troevers,nonword,nonword,1,419
11,18948,24795,50,tondaal,nonword,nonword,1,440
11,18078,24796,50,kijstas,nonword,nonword,1,493
11,17932,24797,50,rachts,nonword,nonword,1,590
11,22078,24798,50,stengloop,nonword,nonword,1,412
11,1804,24799,50,bijnoot,nonword,nonword,1,466
11,4038,24961,50,meegde,nonword,nonword,1,798
11,8834,24801,50,leubels,nonword,nonword,1,615
11,26300,25044,50,deeë,nonword,nonword,1,551
11,18072,24803,50,reisbool,nonword,nonword,1,828
11,11804,24804,50,detje,nonword,nonword,1,640
11,19878,24845,50,sorder,nonword,nonword,1,560
11,25498,24806,50,vorms,nonword,nonword,1,842
11,17318,24807,50,prefoy,nonword,nonword,1,559
11,880,24808,50,bors,nonword,nonword,1,574
11,25278,24809,50,drijken,nonword,nonword,1,540
11,24210,24810,50,veep,nonword,nonword,1,508
11,24076,24811,50,kape,nonword,nonword,1,478
11,260,24812,50,atkang,nonword,nonword,1,464
11,1350,25055,50,herwers,nonword,nonword,1,594
11,25876,25178,50,snaadvrouw,nonword,nonword,1,629
11,23370,24976,50,vlaartje,nonword,nonword,1,678
11,18958,24816,50,foppig,nonword,nonword,1,670
11,6264,25018,50,flinste,nonword,nonword,1,570
11,10498,25182,50,kijkgom,nonword,nonword,1,599
11,2340,25183,50,landig,nonword,word,0,NA
11,11652,24820,50,dieltjes,nonword,nonword,1,1006
11,12486,25185,50,laam,nonword,nonword,1,604
11,1704,24943,50,henig,nonword,nonword,1,624
11,186,24823,50,engting,nonword,nonword,1,645
11,19780,24945,50,schulskraag,nonword,nonword,1,565
11,7732,25189,50,snepte,nonword,nonword,1,594
11,19656,24826,50,schraatsend,nonword,nonword,1,632
11,23692,25069,50,psaven,nonword,nonword,1,464
11,25734,24868,50,morving,nonword,nonword,1,728
11,7780,24990,50,gools,nonword,nonword,1,625
11,23288,24951,50,zeende,nonword,nonword,1,581
11,26434,24992,50,vietjes,nonword,nonword,1,NA
11,23578,24953,50,bliggen,nonword,nonword,1,642
11,12512,24954,50,lawier,nonword,nonword,1,NA
11,7404,25035,50,gedend,nonword,nonword,1,542
11,22712,25199,50,tarels,nonword,nonword,1,669
11,15782,24836,50,eeklid,nonword,nonword,1,604
11,28112,25079,50,vlermen,nonword,nonword,1,621
11,13454,24838,50,loogvlaar,nonword,nonword,1,565
11,18182,25000,50,meiken,nonword,nonword,1,694
11,14796,24880,50,ketto,nonword,nonword,1,668
11,10400,25001,50,katsen,nonword,nonword,1,617
11,14832,24963,50,dijltjes,nonword,nonword,1,897
11,21210,24843,50,sproogzaam,nonword,nonword,1,714
11,19298,24844,50,schorpste,nonword,nonword,1,994
11,12674,24885,50,hafje,nonword,nonword,1,508
11,13766,24966,50,waarlicht,nonword,nonword,1,706
11,18564,24847,50,moze,nonword,nonword,1,765
11,17532,25130,50,vrotin,nonword,nonword,1,499
11,12922,24970,50,hegie,nonword,nonword,1,869
11,22942,24890,50,teidjes,nonword,nonword,1,890
11,17212,24972,50,zope,nonword,nonword,1,541
11,27460,24973,50,telme,nonword,nonword,1,493
11,26900,24933,50,vappen,nonword,nonword,1,490
11,5312,24894,50,eeslunt,nonword,nonword,1,543
11,14862,25137,50,kurw,nonword,nonword,1,763
11,27532,24856,50,nechzelf,nonword,nonword,1,620
11,8342,25058,50,guskig,nonword,nonword,1,646
11,22948,24898,50,zelens,nonword,nonword,1,539
11,26710,24859,50,wool,nonword,nonword,1,618
11,4018,25102,50,desnoeps,nonword,nonword,1,738
11,18314,24901,50,rijnszienst,nonword,nonword,1,625
11,5112,24862,50,dunch,nonword,nonword,1,504
11,6118,24863,50,forats,nonword,nonword,1,522
11,32,24864,50,oondijl,nonword,nonword,1,459
11,11722,24865,50,corat,nonword,nonword,1,510
11,17414,24866,50,bluma,nonword,nonword,1,448
11,11936,24867,50,kral,nonword,nonword,1,451
11,3704,24908,50,bater,nonword,nonword,1,545
11,15048,25151,50,samel,nonword,nonword,1,534
11,24280,24883,50,denzen,nonword,nonword,1,528
11,27654,25153,50,zitvaak,nonword,word,0,NA
11,352,25046,50,eneer,nonword,nonword,1,454
11,8508,25115,50,hampbol,nonword,nonword,1,540
11,15498,25155,50,opaas,nonword,nonword,1,648
11,5216,25036,50,ekwa's,nonword,nonword,1,478
11,7292,24997,50,gestrilt,nonword,word,0,NA
11,26500,24877,50,wer,nonword,nonword,1,502
11,24948,24878,50,deta's,nonword,nonword,1,743
11,22414,24919,50,stoesen,nonword,nonword,1,490
11,27162,25162,50,wundge,nonword,nonword,1,557
11,27112,25161,50,wraamheid,nonword,nonword,1,575
11,5292,24922,50,eergoef,nonword,nonword,1,566
11,22404,25057,50,stugs,nonword,nonword,1,550
11,27074,24884,50,rartels,nonword,nonword,1,657
11,1852,25098,50,hending,nonword,nonword,1,691
11,19926,25006,50,serlees,nonword,nonword,1,500
11,6436,25008,50,nazen,nonword,nonword,1,455
11,8848,24928,50,beulig,nonword,nonword,1,807
11,14710,24889,50,moogt,nonword,nonword,1,853
11,25796,25091,50,prode,nonword,nonword,1,621
11,17856,24891,50,lasen,nonword,nonword,1,812
11,12866,24892,50,doger,nonword,nonword,1,608
11,1844,25094,50,bippen,nonword,nonword,1,487
11,4474,25054,50,maadden,nonword,nonword,1,529
11,12,25175,50,aalgees,nonword,nonword,1,653
11,16706,25149,50,lit,nonword,nonword,1,621
11,3730,24977,50,dakmuit,nonword,nonword,1,513
11,24858,25125,50,verties,nonword,nonword,1,682
11,15226,25020,50,nierp,nonword,nonword,1,531
11,2940,25142,50,krilden,nonword,nonword,1,523
11,20064,24927,50,sjax,nonword,nonword,1,699
11,19334,25184,50,schuikje,nonword,nonword,1,639
11,24178,25024,50,ruchten,nonword,nonword,1,694
11,26800,24904,50,weis,nonword,nonword,1,540
11,10322,25026,50,mafde,nonword,nonword,1,467
11,136,24906,50,aandge,nonword,nonword,1,581
11,27336,25028,50,teeën,nonword,nonword,1,441
11,25286,25190,50,vloor,nonword,nonword,1,624
11,25086,24987,50,viaar,nonword,nonword,1,510
11,14884,25097,50,durkje,nonword,nonword,1,597
11,19318,25156,50,schielden,nonword,nonword,1,756
11,3850,25005,50,mamen,nonword,nonword,1,515
11,26782,25034,50,doonbouw,nonword,nonword,1,576
11,23446,24940,50,blipte,nonword,nonword,1,749
11,25946,25120,50,voest,nonword,nonword,1,403
11,27236,24916,50,tamen,nonword,word,0,NA
11,15358,24917,50,nijt,nonword,nonword,1,602
11,24194,24918,50,veet,nonword,nonword,1,504
11,19880,25148,50,colders,nonword,nonword,1,674
11,1036,25040,50,becling,nonword,nonword,1,544
11,21280,24947,50,sprenghaan,nonword,nonword,1,578
11,6650,25106,50,gaasten,nonword,nonword,1,646
11,16754,25019,50,plaferns,nonword,nonword,1,698
11,7584,24968,50,goolden,nonword,nonword,1,653
11,13748,25169,50,maans,nonword,nonword,1,728
11,22876,24939,50,tevers,nonword,nonword,1,608
11,15190,25052,50,senen,nonword,nonword,1,531
11,12414,25173,50,vreek,nonword,nonword,1,664
11,24894,25067,50,vervacht,nonword,nonword,1,765
11,27402,25010,50,toggend,nonword,nonword,1,572
11,19706,25065,50,schrolbeeld,nonword,nonword,1,643
11,18270,25027,50,reedling,nonword,nonword,1,469
11,18210,25087,50,denue,nonword,nonword,1,631
11,8932,25107,50,hosden,nonword,nonword,1,449
11,3142,25064,50,cerpjes,nonword,nonword,1,763
11,26756,24944,50,wijpt,nonword,nonword,1,716
11,4126,25187,50,dookstal,nonword,nonword,1,694
11,16516,25048,50,pelvik,nonword,nonword,1,485
11,19438,25025,50,schotma's,nonword,nonword,1,480
11,16004,24956,50,oesheid,nonword,nonword,1,559
11,5636,25105,50,eloe,nonword,nonword,1,450
11,15522,25039,50,enes,nonword,nonword,1,594
11,13082,25141,50,hochting,nonword,nonword,1,555
11,2634,25159,50,brancokt,nonword,nonword,1,768
11,3754,25078,50,kemmen,nonword,nonword,1,758
11,14276,24980,50,mestmeelt,nonword,nonword,1,NA
11,6886,24985,50,nolden,nonword,nonword,1,497
11,27766,25060,50,tende,nonword,nonword,1,834
11,866,24998,50,bolkruk,nonword,nonword,1,NA
11,12638,24984,50,landgeugd,nonword,nonword,1,929
11,25704,24983,50,voorram,nonword,nonword,1,862
11,20480,25140,50,ploken,nonword,nonword,1,556
11,13625,24710,50,luipaard,word,word,1,679
11,12077,24861,50,kroezen,word,nonword,0,NA
11,8569,24912,50,handdoek,word,word,1,437
11,6721,24870,50,gehoopt,word,word,1,611
11,7585,24737,50,gieren,word,word,1,700
11,15995,24858,50,oude,word,word,1,556
11,6173,24872,50,frankrijk,word,word,1,606
11,6735,24952,50,gehurkt,word,nonword,0,NA
11,11703,24713,50,kopie,word,word,1,758
11,20667,24829,50,snoetjes,word,word,1,1001
11,16617,24725,50,pijnloos,word,word,1,838
11,20781,24841,50,sop,word,nonword,0,NA
11,17531,24708,50,proton,word,word,1,570
11,25887,24910,50,vroegste,word,word,1,482
11,12727,24830,50,latjes,word,word,1,678
11,21443,24924,50,stalen,word,word,1,557
11,4483,24765,50,doods,word,word,1,778
11,3095,24711,50,button,word,nonword,0,NA
11,2163,24842,50,blut,word,word,1,637
11,22577,24781,50,taal,word,word,1,412
11,7125,24854,50,gerold,word,word,1,803
11,3369,24882,50,clip,word,nonword,0,NA
11,9815,24941,50,indien,word,word,1,597
11,17219,24896,50,postaal,word,word,1,993
11,14825,24857,50,muil,word,word,1,473
11,2773,24938,50,brij,word,nonword,0,NA
11,27143,24802,50,wrong,word,nonword,0,NA
11,6949,24753,50,gelost,word,word,1,606
11,9037,24875,50,hessen,word,nonword,0,NA
11,10041,24929,50,jeuk,word,word,1,635
11,15983,24886,50,orkest,word,word,1,653
11,8943,24971,50,hendels,word,word,1,791
11,12277,24732,50,kuiven,word,nonword,0,NA
11,14821,24760,50,muggen,word,word,1,541
11,19175,24775,50,scheepvaart,word,word,1,684
11,25233,24949,50,vlies,word,word,1,967
11,4415,24989,50,dolken,word,word,1,679
11,20065,24869,50,sjahs,word,nonword,0,NA
11,4921,24991,50,droombeeld,word,word,1,734
11,24665,24871,50,verschijnt,word,word,1,608
11,15031,24993,50,natie,word,word,1,646
11,601,24739,50,avond,word,word,1,575
11,7295,24982,50,gestreefd,word,word,1,625
11,22253,24850,50,strijd,word,word,1,524
11,13715,24876,50,maagpijn,word,word,1,633
11,16679,24932,50,pint,word,word,1,489
11,26261,24893,50,waters,word,nonword,0,NA
11,7307,24881,50,gestuit,word,word,1,854
11,4825,24962,50,driftig,word,word,1,612
11,915,25002,50,bassins,word,nonword,0,NA
11,15923,25003,50,opspraak,word,nonword,0,NA
11,20971,24964,50,spelen,word,word,1,546
11,6389,24965,50,games,word,nonword,0,NA
11,18857,24926,50,rustdag,word,word,1,522
11,15093,24712,50,neger,word,word,1,NA
11,19653,24834,50,schreeuwen,word,word,1,609
11,12495,24996,50,laarzen,word,word,1,637
11,5797,24930,50,feiten,word,word,1,536
11,3813,25011,50,darm,word,word,1,587
11,18621,24718,50,rooie,word,nonword,0,NA
11,20009,24813,50,sick,word,nonword,0,NA
11,2521,24935,50,botte,word,nonword,0,NA
11,1547,24975,50,betaamt,word,word,1,NA
11,23319,24774,50,topjes,word,word,1,640
11,18011,25017,50,reëel,word,word,1,871
11,23697,24978,50,tuba,word,word,1,595
11,19899,24979,50,sergeants,word,word,1,800
11,3437,24846,50,colberts,word,word,1,976
11,2279,24848,50,boeten,word,word,1,581
11,8833,24969,50,heibels,word,nonword,0,NA
11,16447,24902,50,pendel,word,word,1,573
11,12683,24903,50,larve,word,word,1,539
11,7537,24851,50,gezeur,word,word,1,508
11,19161,24839,50,scheelt,word,word,1,597
11,3803,24800,50,danste,word,word,1,NA
11,27657,24707,50,zitjes,word,word,1,504
11,16655,25029,50,pilsje,word,word,1,621
11,22063,24788,50,storen,word,word,1,455
11,1333,25031,50,bepaald,word,word,1,534
11,26703,24911,50,wiegjes,word,word,1,515
11,4265,25033,50,ding,word,word,1,561
11,3723,24779,50,dagtaak,word,word,1,685
11,7667,25022,50,glans,word,word,1,630
11,11063,24915,50,kleurig,word,word,1,720
11,24663,25037,50,verschiet,word,word,1,513
11,12989,24837,50,letsel,word,word,1,649
11,21695,25013,50,steppe,word,nonword,0,NA
11,8075,24853,50,grieken,word,word,1,847
11,12593,24840,50,lampjes,word,nonword,0,NA
11,8703,24921,50,hartstreek,word,word,1,701
11,6073,25043,50,fond,word,nonword,0,NA
11,8827,24923,50,hegjes,word,word,1,NA
11,14395,25045,50,mikken,word,word,1,567
11,3051,24925,50,bumper,word,word,1,605
11,19593,24873,50,schouders,word,word,1,428
11,6535,24874,50,gebrom,word,word,1,576
11,15065,24888,50,neder,word,word,1,683
11,7829,25050,50,gold,word,word,1,583
11,16779,25051,50,plankier,word,nonword,0,NA
11,7679,24959,50,glas,word,word,1,496
11,2685,24758,50,bravoure,word,nonword,0,NA
11,12005,25014,50,kribben,word,nonword,0,NA
11,13335,25015,50,lobby,word,nonword,0,NA
11,4613,25056,50,dopje,word,word,1,768
11,6357,24936,50,gaf,word,word,1,768
11,22333,24897,50,strook,word,word,1,607
11,2687,25059,50,brede,word,word,1,947
11,5821,25007,50,fiche,word,word,1,534
11,22753,24887,50,technisch,word,word,1,489
11,14983,25062,50,nadeel,word,word,1,592
11,26975,24942,50,wolf,word,word,1,611
11,9051,24822,50,hetzij,word,word,1,766
11,2229,25012,50,boeiend,word,word,1,666
11,14193,25053,50,menging,word,word,1,978
11,7875,24946,50,gooit,word,word,1,596
11,13,24988,50,aaltje,word,word,1,751
11,16097,24827,50,page,word,word,1,787
11,18931,24706,50,salvo,word,word,1,653
11,19169,25071,50,scheepje,word,word,1,674
11,2423,25072,50,boothuis,word,word,1,829
11,27249,25073,50,zakgeld,word,word,1,578
11,4981,25061,50,drumstel,word,word,1,711
11,11789,25075,50,kostschool,word,nonword,0,NA
11,2147,25076,50,blozen,word,word,1,655
11,10413,25077,50,karaf,word,nonword,0,NA
11,17255,24957,50,potters,word,nonword,0,NA
11,23443,24905,50,trapt,word,word,1,716
11,2655,24716,50,brandhout,word,word,1,716
11,11031,24920,50,klemden,word,word,1,524
11,14649,25082,50,mommen,word,nonword,0,NA
11,647,25083,50,baardjes,word,word,1,640
11,13925,25084,50,manlijk,word,nonword,0,NA
11,25745,25085,50,vorsten,word,word,1,522
11,22883,24722,50,tenzij,word,word,1,463
11,1767,25074,50,bieslook,word,word,1,576
11,6219,25088,50,freules,word,nonword,0,NA
11,23417,25049,50,tralies,word,word,1,568
11,25889,24726,50,vroegte,word,word,1,NA
11,15241,24849,50,nieuwtje,word,word,1,724
11,6543,24958,50,gebruind,word,word,1,643
11,9607,24729,50,huisjes,word,word,1,552
11,4755,24731,50,dranken,word,word,1,620
11,8721,24934,50,havo,word,nonword,0,NA
11,7065,25096,50,geplakt,word,word,1,582
11,26709,24855,50,wiel,word,word,1,456
11,27767,24937,50,zonden,word,word,1,582
11,11683,25099,50,koortjes,word,word,1,620
11,9171,25047,50,hitten,word,nonword,0,NA
11,28099,25101,50,zwerftocht,word,word,1,796
11,24201,24981,50,veeltje,word,nonword,0,NA
11,12641,25103,50,lanen,word,word,1,682
11,24091,24740,50,valreep,word,word,1,670
11,9073,25092,50,hielden,word,word,1,585
11,7183,24824,50,geschreeuw,word,word,1,609
11,25979,24986,50,vuurde,word,word,1,675
11,14003,25068,50,mast,word,word,1,661
11,26707,24745,50,wieken,word,word,1,905
11,8231,24746,50,gromde,word,word,1,618
11,27901,25111,50,zuidwaarts,word,word,1,574
11,20925,24748,50,speelse,word,word,1,568
11,22051,24749,50,stoppels,word,word,1,584
11,8469,24750,50,hadden,word,word,1,518
11,3553,24994,50,cowboys,word,word,1,595
11,16745,24995,50,placht,word,nonword,0,NA
11,22399,25117,50,studie,word,word,1,827
11,14741,24754,50,morgen,word,word,1,508
11,7019,24755,50,geniep,word,word,1,797
11,22947,24999,50,tevens,word,word,1,566
11,7999,24717,50,grassen,word,word,1,502
11,22953,25122,50,thans,word,word,1,731
11,10581,24759,50,kenbaar,word,word,1,842
11,21961,25124,50,stokvis,word,nonword,0,NA
11,24033,25004,50,vacht,word,word,1,614
11,27529,24762,50,zichten,word,word,1,560
11,26563,25127,50,werkend,word,word,1,629
11,2215,24764,50,boef,word,word,1,720
11,23213,25089,50,toevoer,word,word,1,693
11,10573,25009,50,kelt,word,nonword,0,NA
11,27109,25131,50,wreed,word,word,1,517
11,25467,24768,50,voldoen,word,word,1,578
11,4803,25133,50,drie,word,word,1,663
11,16319,24770,50,pastors,word,word,1,831
11,26697,25095,50,wiegden,word,word,1,618
11,17235,25136,50,postuur,word,word,1,539
11,5675,24895,50,extract,word,word,1,878
11,6879,25138,50,gelang,word,word,1,594
11,9001,25139,50,hernam,word,word,1,672
11,11975,25100,50,kregen,word,nonword,0,NA
11,16243,24899,50,parket,word,word,1,540
11,2937,25021,50,brulde,word,word,1,900
11,15651,25143,50,ontging,word,word,1,908
11,7943,24780,50,gracht,word,word,1,456
11,8869,25145,50,heks,word,word,1,617
11,3593,24782,50,cruciaal,word,word,1,480
11,15763,24783,50,onzen,word,word,1,691
11,2093,24744,50,blokfluit,word,word,1,719
11,27691,24907,50,zoeken,word,word,1,611
11,1983,24786,50,blijft,word,word,1,498
11,23993,24909,50,vaandel,word,word,1,529
11,24725,25152,50,verstard,word,word,1,886
11,6317,25032,50,fysisch,word,word,1,695
11,14639,24790,50,molens,word,nonword,0,NA
11,24235,24913,50,veilig,word,word,1,410
11,15083,24793,50,neergang,word,nonword,0,NA
11,17171,25157,50,popje,word,nonword,0,NA
11,1899,25158,50,blaartjes,word,nonword,0,NA
11,15137,25038,50,nestjes,word,word,1,547
11,23439,25160,50,trapje,word,word,1,743
11,1913,24757,50,bladzij,word,word,1,590
11,25797,25041,50,vredes,word,word,1,592
11,11695,25042,50,kopen,word,word,1,525
11,17917,25164,50,rechte,word,word,1,526
11,7733,25165,50,globaal,word,word,1,638
11,11463,25166,50,koeler,word,nonword,0,NA
11,9075,25167,50,hielen,word,nonword,0,NA
11,5385,25168,50,eiser,word,word,1,603
11,4873,25129,50,droger,word,word,1,515
11,10841,25170,50,kippen,word,word,1,577
11,3625,25171,50,cuts,word,nonword,0,NA
11,20929,25172,50,speelt,word,word,1,586
11,13873,24931,50,malse,word,word,1,553
11,22525,25174,50,super,word,word,1,707
11,15239,25135,50,nieuwste,word,word,1,688
11,16557,25176,50,pieken,word,word,1,584
11,7933,25177,50,graal,word,word,1,583
11,28133,24814,50,zwierig,word,nonword,0,NA
11,9139,24815,50,hinden,word,nonword,0,NA
11,24293,25180,50,ventjes,word,word,1,672
11,5891,25181,50,filmpje,word,word,1,668
11,4751,24818,50,drang,word,word,1,664
11,20899,24819,50,speed,word,nonword,0,NA
11,15993,25063,50,oud,word,nonword,0,NA
11,12623,24821,50,landjes,word,word,1,875
11,9933,25186,50,jaartjes,word,word,1,634
11,25669,25066,50,voorstaan,word,word,1,559
11,20021,25188,50,sigaar,word,word,1,496
11,981,24825,50,bediend,word,word,1,718
11,9389,24948,50,hoofds,word,word,1,800
11,1395,25191,50,beroemd,word,word,1,540
11,22481,25192,50,stuwkracht,word,word,1,732
11,23977,25193,50,uwer,word,word,1,597
11,5497,25194,50,ere,word,word,1,546
11,5771,25195,50,feeks,word,nonword,0,NA
11,495,25196,50,april,word,word,1,563
11,8069,24833,50,grief,word,nonword,0,NA
11,25315,25198,50,vlotje,word,word,1,591
11,23905,24835,50,uitkijk,word,word,1,622
11,22361,25200,50,stropers,word,word,1,633
12,11632,24763,50,moeitjes,nonword,word,0,NA
12,18956,24854,50,coppen,nonword,nonword,1,540
12,17046,24724,50,poonsen,nonword,nonword,1,587
12,21880,24742,50,stinkwoor,nonword,nonword,1,673
12,3740,24702,50,bai,nonword,nonword,1,529
12,27346,24773,50,teefond,nonword,nonword,1,961
12,20818,24721,50,kleerde,nonword,nonword,1,NA
12,3322,24935,50,circaadt,nonword,nonword,1,489
12,11612,24883,50,dont,nonword,nonword,1,1254
12,15238,24733,50,sienstjes,nonword,nonword,1,622
12,12694,24786,50,lakjo,nonword,nonword,1,639
12,12076,24853,50,troes,nonword,word,0,NA
12,22552,24860,50,twing,nonword,nonword,1,525
12,10516,24924,50,mouper,nonword,nonword,1,588
12,8566,24839,50,handpol,nonword,nonword,1,629
12,2882,24845,50,brooistank,nonword,nonword,1,618
12,6084,24813,50,noomen,nonword,nonword,1,493
12,22812,24822,50,zekerd,nonword,nonword,1,1104
12,17016,24802,50,pieka,nonword,nonword,1,487
12,3332,24863,50,direer,nonword,nonword,1,496
12,2276,24864,50,hiertjes,nonword,nonword,1,1106
12,15470,24720,50,uf,nonword,nonword,1,546
12,18536,24740,50,rarde,nonword,nonword,1,630
12,16586,24852,50,peintjes,nonword,word,0,NA
12,28088,24704,50,primmers,nonword,nonword,1,772
12,21376,24966,50,steedden,nonword,nonword,1,864
12,17392,24975,50,preest,nonword,word,0,NA
12,19898,24815,50,serbeent,nonword,nonword,1,482
12,13710,24964,50,meeg,nonword,nonword,1,890
12,26816,24947,50,voeven,nonword,nonword,1,469
12,17138,24952,50,kools,nonword,word,0,NA
12,22292,24900,50,strep,nonword,nonword,1,586
12,3454,24862,50,comfept,nonword,nonword,1,477
12,4078,24943,50,dientjes,nonword,nonword,1,467
12,248,24944,50,afdrook,nonword,nonword,1,517
12,27394,24918,50,dagels,nonword,nonword,1,544
12,15210,24837,50,naaltje,nonword,word,0,NA
12,20308,24757,50,blapper,nonword,nonword,1,575
12,5984,24960,50,knets,nonword,nonword,1,734
12,27442,24867,50,tergzaam,nonword,word,0,NA
12,27744,24760,50,zarbies,nonword,nonword,1,544
12,4914,24842,50,troodjes,nonword,nonword,1,554
12,18796,24926,50,rout,nonword,nonword,1,685
12,22422,24884,50,steekte,nonword,word,0,NA
12,12666,25006,50,honsen,nonword,nonword,1,513
12,17280,24981,50,blacht,nonword,nonword,1,980
12,2356,24902,50,bartte,nonword,nonword,1,623
12,26496,24983,50,welmeen,nonword,nonword,1,405
12,14054,24731,50,hawen,nonword,nonword,1,524
12,17244,24971,50,potprind,nonword,nonword,1,428
12,24042,24891,50,keder,nonword,nonword,1,812
12,10948,24973,50,frissiek,nonword,nonword,1,533
12,27670,24974,50,tithak,nonword,nonword,1,422
12,13518,25015,50,hosgert,nonword,nonword,1,523
12,27766,25016,50,tende,nonword,nonword,1,636
12,1740,24804,50,bienstgroel,nonword,nonword,1,651
12,25428,24736,50,dieten,nonword,nonword,1,850
12,1034,24738,50,beveisd,nonword,nonword,1,533
12,8244,24914,50,spindig,nonword,nonword,1,604
12,118,25021,50,aardgoo,nonword,nonword,1,481
12,13200,24861,50,lietzaam,nonword,nonword,1,541
12,20706,24984,50,ceda,nonword,nonword,1,411
12,11932,24903,50,kran,nonword,nonword,1,588
12,24618,24985,50,verweeuwd,nonword,nonword,1,544
12,18710,24986,50,koler,nonword,nonword,1,464
12,3992,24785,50,dinkbrant,nonword,nonword,1,793
12,9686,24907,50,bierders,nonword,nonword,1,892
12,27910,24868,50,zeigt,nonword,nonword,1,562
12,14738,25004,50,volen,nonword,nonword,1,828
12,23254,24910,50,tef,nonword,nonword,1,445
12,25618,24871,50,voorot,nonword,nonword,1,641
12,24628,24940,50,verknoetst,nonword,nonword,1,747
12,23674,24873,50,prieen,nonword,word,0,NA
12,4984,24915,50,drep,nonword,nonword,1,505
12,22036,25023,50,stuikje,nonword,nonword,1,696
12,10934,24836,50,klorten,nonword,nonword,1,1082
12,12072,24796,50,kleegjes,nonword,word,0,NA
12,21028,25039,50,kluigels,nonword,nonword,1,630
12,14610,25000,50,woet,nonword,nonword,1,445
12,15924,24799,50,opschijk,nonword,nonword,1,574
12,9676,24921,50,bukjes,nonword,nonword,1,639
12,1186,25043,50,besaald,nonword,nonword,1,547
12,23698,24923,50,tisa,nonword,nonword,1,574
12,13600,25045,50,keiden,nonword,nonword,1,NA
12,25934,25046,50,viesbak,nonword,nonword,1,1198
12,18120,25047,50,monde,nonword,word,0,NA
12,21748,24726,50,stelmend,nonword,nonword,1,551
12,13598,24956,50,biede,nonword,nonword,1,717
12,11430,24970,50,frillen,nonword,nonword,1,791
12,19518,24890,50,schoord,nonword,nonword,1,590
12,10190,24931,50,jark,nonword,nonword,1,601
12,21118,24811,50,spuid,nonword,nonword,1,547
12,17164,25054,50,popkorg,nonword,nonword,1,519
12,19114,25055,50,scheners,nonword,nonword,1,1144
12,21986,25056,50,stemle,nonword,nonword,1,543
12,21784,25057,50,stelmter,nonword,nonword,1,687
12,17304,24776,50,praxon,nonword,nonword,1,763
12,3648,24737,50,meelder,nonword,nonword,1,582
12,19412,24980,50,schippen,nonword,word,0,NA
12,6562,25061,50,genakt,nonword,nonword,1,1005
12,10624,24941,50,kalker,nonword,nonword,1,676
12,23268,25063,50,hodijn,nonword,nonword,1,465
12,2370,25064,50,lanten,nonword,nonword,1,532
12,20930,25065,50,spaalt,nonword,nonword,1,661
12,22448,25026,50,stiven,nonword,nonword,1,520
12,26534,24946,50,herpjes,nonword,nonword,1,616
12,2762,25068,50,braas,nonword,nonword,1,576
12,6020,25069,50,wroro's,nonword,nonword,1,559
12,24226,24909,50,maartig,nonword,nonword,1,690
12,9160,24829,50,bitsjes,nonword,nonword,1,507
12,8224,25072,50,kloeren,nonword,nonword,1,512
12,4650,24793,50,dusten,nonword,nonword,1,617
12,8202,24953,50,kraapje,nonword,nonword,1,1025
12,2090,25035,50,sloesets,nonword,nonword,1,571
12,6066,24996,50,farder,nonword,nonword,1,504
12,20452,25037,50,frolle,nonword,nonword,1,486
12,7684,24714,50,fralwerk,nonword,nonword,1,581
12,6614,25079,50,gedilmd,nonword,nonword,1,534
12,10904,25080,50,grantte,nonword,nonword,1,663
12,19688,24717,50,schroemen,nonword,nonword,1,851
12,6136,25082,50,focht,nonword,nonword,1,516
12,7710,25083,50,smoeden,nonword,nonword,1,773
12,13404,25084,50,hotjes,nonword,nonword,1,684
12,28046,25085,50,zweegt,nonword,nonword,1,742
12,20516,24844,50,snoemen,nonword,nonword,1,520
12,25748,24723,50,vortran,nonword,nonword,1,523
12,15900,25048,50,asmars,nonword,nonword,1,543
12,26788,24847,50,doongaard,nonword,nonword,1,827
12,17042,24808,50,poetvas,nonword,nonword,1,620
12,27046,25051,50,wolfbrop,nonword,nonword,1,577
12,322,24728,50,asuun,nonword,nonword,1,472
12,90,24851,50,aanbol,nonword,nonword,1,799
12,22074,24730,50,stengden,nonword,nonword,1,875
12,11782,25095,50,desten,nonword,nonword,1,572
12,10638,24732,50,rervend,nonword,nonword,1,509
12,21726,25097,50,stantte,nonword,nonword,1,838
12,508,24734,50,averst,nonword,nonword,1,635
12,24516,24978,50,vergrooid,nonword,nonword,1,NA
12,11800,25100,50,wot,nonword,nonword,1,535
12,1032,25101,50,benocht,nonword,nonword,1,876
12,7096,25102,50,geleis,nonword,nonword,1,815
12,27920,24982,50,tienig,nonword,nonword,1,482
12,21616,25104,50,steevort,nonword,nonword,1,612
12,17722,25105,50,kuimpje,nonword,nonword,1,738
12,9030,25106,50,dosen,nonword,nonword,1,1019
12,13236,24743,50,heisten,nonword,nonword,1,1116
12,4526,24745,50,doodnof,nonword,nonword,1,701
12,15438,25109,50,eke,nonword,nonword,1,848
12,4516,25110,50,diemden,nonword,nonword,1,707
12,2330,24747,50,gog,nonword,nonword,1,476
12,21858,25112,50,stotte,nonword,nonword,1,718
12,13482,24709,50,haapje,nonword,nonword,1,891
12,18934,24750,50,sasbo's,nonword,nonword,1,572
12,15960,24994,50,ender,nonword,nonword,1,487
12,2918,25036,50,trieden,nonword,nonword,1,634
12,16960,24713,50,zwichen,nonword,nonword,1,684
12,5136,25118,50,mierzaam,nonword,nonword,1,839
12,23104,24998,50,tant,nonword,nonword,1,445
12,10218,24999,50,kaamhaart,nonword,nonword,1,625
12,10136,25121,50,jum,nonword,nonword,1,631
12,21228,25001,50,sprooluur,nonword,nonword,1,720
12,26726,25123,50,moerpen,nonword,nonword,1,583
12,3958,25124,50,derilt,nonword,nonword,1,630
12,27666,24761,50,totting,nonword,nonword,1,592
12,3870,24762,50,pecaat,nonword,nonword,1,494
12,12772,25127,50,hooftijd,nonword,nonword,1,NA
12,934,25088,50,bair,nonword,nonword,1,696
12,1996,25008,50,bloekt,nonword,nonword,1,635
12,22828,25090,50,zevex,nonword,nonword,1,882
12,23952,24727,50,ilies,nonword,nonword,1,519
12,17760,25132,50,kad,nonword,word,0,NA
12,14956,24769,50,soesten,nonword,nonword,1,NA
12,11602,24770,50,mon,nonword,nonword,1,602
12,15744,24893,50,ontlert,nonword,nonword,1,547
12,8786,25136,50,loorste,nonword,nonword,1,NA
12,4832,25137,50,sleefveer,nonword,nonword,1,841
12,2836,24896,50,broekpuk,nonword,nonword,1,682
12,8782,25139,50,laarsers,nonword,nonword,1,1170
12,14558,25140,50,kodas,nonword,nonword,1,649
12,21886,25141,50,stelker,nonword,nonword,1,773
12,2492,24778,50,bapjes,nonword,nonword,1,561
12,21898,24901,50,stolf,nonword,nonword,1,727
12,13932,25144,50,kontels,nonword,nonword,1,639
12,6682,25024,50,gebans,nonword,nonword,1,610
12,15788,24782,50,aagst,nonword,nonword,1,805
12,2366,24783,50,hont,nonword,nonword,1,650
12,16492,25148,50,panken,nonword,nonword,1,692
12,1276,25149,50,beleeg,nonword,nonword,1,718
12,5778,25150,50,fieuwdag,nonword,nonword,1,1143
12,23402,24787,50,trake,nonword,nonword,1,683
12,446,25152,50,atter,nonword,nonword,1,734
12,16618,24749,50,paatloos,nonword,nonword,1,589
12,17620,25033,50,puw,nonword,nonword,1,542
12,608,24791,50,amoen,nonword,nonword,1,620
12,16260,25156,50,parkzer,nonword,nonword,1,NA
12,1570,24753,50,beplukt,nonword,nonword,1,526
12,26166,25158,50,karmpjes,nonword,nonword,1,601
12,3080,24795,50,butsnell,nonword,nonword,1,566
12,11512,25160,50,moersen,nonword,nonword,1,722
12,27340,24797,50,tijfje,nonword,nonword,1,753
12,1690,25162,50,hezet,nonword,nonword,1,632
12,10614,25163,50,deben,nonword,nonword,1,917
12,3410,24800,50,costwits,nonword,nonword,1,573
12,19620,24801,50,schreme,nonword,nonword,1,685
12,25316,25166,50,bletje,nonword,nonword,1,606
12,25784,25167,50,zwamen,nonword,nonword,1,538
12,11290,25168,50,snapste,nonword,nonword,1,1132
12,11110,24805,50,spokken,nonword,nonword,1,520
12,19112,25170,50,scheser,nonword,nonword,1,717
12,22738,25050,50,tampvin,nonword,nonword,1,578
12,954,25172,50,bem,nonword,nonword,1,672
12,23260,24809,50,teng,nonword,nonword,1,761
12,23198,24810,50,tuits,nonword,nonword,1,464
12,44,25175,50,aarjang,nonword,nonword,1,635
12,11010,24812,50,grijngeld,nonword,nonword,1,707
12,5360,25177,50,eensdoel,nonword,nonword,1,1039
12,23314,24814,50,gop,nonword,nonword,1,446
12,15038,25179,50,naleer,nonword,nonword,1,916
12,14272,24938,50,mert,nonword,nonword,1,693
12,6078,25181,50,ferksen,nonword,nonword,1,562
12,5564,25182,50,eroon,nonword,nonword,1,514
12,14776,25183,50,molets,nonword,nonword,1,579
12,25650,25184,50,voorschim,nonword,nonword,1,673
12,4634,25185,50,dolme,nonword,nonword,1,508
12,16580,25186,50,pierran,nonword,nonword,1,957
12,24944,25066,50,rotes,nonword,nonword,1,528
12,2940,25188,50,krilden,nonword,nonword,1,683
12,6988,25189,50,gevetst,nonword,nonword,1,645
12,9966,25190,50,jaleurt,nonword,nonword,1,626
12,12120,24706,50,trop,nonword,nonword,1,876
12,674,24950,50,hafel,nonword,nonword,1,1137
12,18802,25193,50,kieters,nonword,nonword,1,963
12,15494,25194,50,arsels,nonword,nonword,1,641
12,21912,25074,50,stuintjes,nonword,nonword,1,836
12,2196,25196,50,hodens,nonword,nonword,1,507
12,11760,25157,50,kakting,nonword,nonword,1,586
12,23910,24834,50,uitmoot,nonword,nonword,1,584
12,16572,24835,50,piepkruin,nonword,nonword,1,855
12,27504,25200,50,dedel,nonword,nonword,1,610
12,8617,24701,50,hanger,word,word,1,1062
12,17769,24823,50,radens,word,nonword,0,NA
12,11927,24703,50,krantje,word,word,1,497
12,16201,24825,50,papier,word,word,1,399
12,4301,24705,50,diva,word,word,1,507
12,6463,25070,50,gauw,word,word,1,542
12,11519,24707,50,koetsje,word,word,1,622
12,17145,24708,50,poorten,word,word,1,556
12,26769,25073,50,wijk,word,word,1,578
12,22227,24710,50,streng,word,word,1,444
12,18623,24711,50,rooien,word,word,1,704
12,20569,24712,50,snee,word,word,1,523
12,25781,25077,50,vrachtschip,word,word,1,713
12,22137,25078,50,straf,word,word,1,483
12,21499,24715,50,stank,word,nonword,0,NA
12,22197,24716,50,streelden,word,word,1,597
12,11925,25081,50,kranten,word,word,1,481
12,3015,24718,50,buikwand,word,word,1,678
12,7335,24719,50,getooid,word,word,1,913
12,15787,24841,50,oogst,word,word,1,470
12,23825,24963,50,tweetje,word,word,1,756
12,18819,24722,50,rukten,word,word,1,1023
12,8963,25087,50,henzelf,word,word,1,703
12,1359,24764,50,bereidt,word,word,1,915
12,8327,24725,50,guitig,word,nonword,0,NA
12,18335,24968,50,rijper,word,word,1,503
12,24429,25091,50,vergeef,word,word,1,885
12,4337,25092,50,doeken,word,word,1,807
12,3559,24729,50,credo's,word,word,1,571
12,21845,25094,50,stijlvol,word,word,1,490
12,6333,24771,50,gaand,word,nonword,0,NA
12,18503,25096,50,roezen,word,word,1,NA
12,25337,24894,50,vlug,word,word,1,530
12,20401,25098,50,sluiting,word,word,1,554
12,21591,24735,50,steels,word,word,1,679
12,725,24857,50,bakjes,word,word,1,636
12,3593,24858,50,cruciaal,word,word,1,647
12,21383,24859,50,staatjes,word,word,1,707
12,6419,24739,50,gapend,word,word,1,533
12,4173,25103,50,dieper,word,word,1,532
12,11389,24741,50,knoop,word,word,1,547
12,13855,25146,50,makkers,word,word,1,700
12,14869,25107,50,musket,word,nonword,0,NA
12,22417,24744,50,stuit,word,word,1,725
12,24873,24866,50,verwierp,word,word,1,477
12,10817,24746,50,kind,word,word,1,439
12,10525,25111,50,keerpunt,word,nonword,0,NA
12,4971,24748,50,drukte,word,word,1,575
12,7363,25113,50,geultje,word,word,1,776
12,11007,25114,50,kleiner,word,word,1,670
12,21245,24751,50,spreiden,word,word,1,715
12,11087,24752,50,kliekje,word,word,1,676
12,12165,25117,50,kruipt,word,word,1,535
12,1317,24754,50,benieuwd,word,word,1,415
12,10231,24755,50,kaarsrecht,word,word,1,1061
12,20873,24756,50,spatte,word,word,1,544
12,19119,24878,50,scharen,word,nonword,0,NA
12,11183,24758,50,klooster,word,word,1,558
12,2737,24759,50,bressen,word,nonword,0,NA
12,5855,24881,50,fijn,word,word,1,433
12,10847,25125,50,kisten,word,word,1,658
12,2455,25126,50,boren,word,word,1,637
12,24043,25005,50,vaders,word,word,1,528
12,11317,24925,50,knie,word,word,1,490
12,21431,24765,50,stak,word,word,1,469
12,14407,24766,50,milieu,word,word,1,536
12,553,24767,50,asgrauw,word,word,1,808
12,21307,24768,50,spruiten,word,word,1,429
12,25457,25133,50,vol,word,word,1,434
12,19025,25134,50,schaal,word,word,1,551
12,7903,24932,50,goudbruin,word,word,1,535
12,2891,24772,50,brouwer,word,word,1,595
12,7987,24934,50,grapjes,word,word,1,420
12,861,24774,50,baren,word,word,1,624
12,7947,24775,50,grachtjes,word,word,1,573
12,1601,24897,50,beurzen,word,word,1,482
12,17015,24777,50,poema,word,word,1,578
12,2765,25142,50,briesje,word,word,1,811
12,23327,24779,50,tor,word,nonword,0,NA
12,1637,24780,50,bevriend,word,word,1,436
12,2993,24781,50,buig,word,word,1,648
12,17799,24942,50,rally's,word,nonword,0,NA
12,23177,25147,50,toertjes,word,word,1,966
12,10851,24784,50,kistjes,word,word,1,471
12,7971,24906,50,grandes,word,nonword,0,NA
12,9109,25028,50,hiertoe,word,word,1,602
12,3607,25151,50,cultuur,word,word,1,558
12,1917,24788,50,blaffend,word,word,1,469
12,18207,24789,50,reviews,word,word,1,489
12,8795,24790,50,hees,word,word,1,540
12,7549,25155,50,gezoem,word,word,1,838
12,16403,24792,50,peetooms,word,nonword,0,NA
12,14539,24833,50,mochten,word,word,1,452
12,20937,24794,50,speenkruid,word,nonword,0,NA
12,20489,25159,50,smeris,word,word,1,663
12,22975,24917,50,theses,word,word,1,NA
12,14245,25161,50,merkt,word,word,1,619
12,25911,24798,50,vrouwmens,word,word,1,810
12,5123,24920,50,duur,word,word,1,610
12,10135,25164,50,juf,word,word,1,NA
12,4915,25165,50,droogt,word,word,1,809
12,1031,25044,50,beducht,word,word,1,579
12,53,24803,50,aanleg,word,word,1,489
12,23101,24965,50,tinnen,word,nonword,0,NA
12,13305,25169,50,lippen,word,word,1,692
12,3457,24806,50,compleet,word,word,1,552
12,15623,24807,50,onsen,word,nonword,0,NA
12,7511,24929,50,gewoond,word,word,1,457
12,23871,25173,50,ui,word,word,1,732
12,9279,25174,50,hoi,word,word,1,771
12,27517,24972,50,zeurde,word,word,1,432
12,25465,25176,50,voldeed,word,word,1,744
12,7133,25014,50,gerst,word,word,1,555
12,28153,25178,50,zwijnen,word,word,1,731
12,22041,24936,50,stootten,word,word,1,619
12,22295,24816,50,strips,word,word,1,469
12,22441,24817,50,stumpers,word,nonword,0,NA
12,15019,24818,50,napels,word,word,1,695
12,25729,24819,50,vormen,word,word,1,417
12,14959,24820,50,nacht,word,word,1,390
12,24995,24821,50,vieze,word,word,1,444
12,6597,25143,50,gedroeg,word,word,1,577
12,689,25145,50,badjas,word,word,1,540
12,2945,24824,50,brutaal,word,word,1,460
12,2723,25067,50,breker,word,word,1,944
12,3291,24826,50,chique,word,word,1,581
12,6933,24827,50,gellen,word,nonword,0,NA
12,16419,24828,50,peinzen,word,word,1,507
12,753,25071,50,balk,word,nonword,0,NA
12,12495,24830,50,laarzen,word,word,1,493
12,11949,24831,50,kraters,word,word,1,447
12,10773,24832,50,kijk,word,nonword,0,NA
12,25623,25115,50,voorkeur,word,word,1,585
12,11257,25198,50,knaap,word,word,1,636
12,16451,25199,50,penis,word,word,1,729
12,28079,24957,50,zwembad,word,word,1,869
12,20277,24958,50,slikken,word,word,1,776
12,19929,24838,50,sessies,word,word,1,649
12,233,24879,50,ader,word,word,1,552
12,11511,24840,50,koetsen,word,word,1,417
12,10755,24962,50,kiesrecht,word,word,1,598
12,10797,24882,50,kil,word,word,1,484
12,6847,24843,50,gekras,word,word,1,569
12,6365,25099,50,gala,word,word,1,618
12,3227,24885,50,centje,word,word,1,750
12,25099,24846,50,visje,word,word,1,439
12,27827,25089,50,zorgde,word,word,1,546
12,10857,24848,50,kiwi's,word,word,1,544
12,7455,24849,50,gevuld,word,word,1,448
12,9025,24850,50,hes,word,nonword,0,NA
12,6481,25012,50,gearmd,word,word,1,721
12,8579,24892,50,handen,word,word,1,513
12,6231,24933,50,frieten,word,word,1,631
12,25069,25135,50,vingers,word,word,1,662
12,2813,24855,50,broedsel,word,word,1,1034
12,13061,24856,50,libre,word,nonword,0,NA
12,5445,24870,50,emplooi,word,nonword,0,NA
12,10731,24979,50,kieltjes,word,word,1,544
12,18953,24899,50,sap,word,word,1,470
12,9605,25020,50,huisje,word,word,1,512
12,14707,25022,50,moor,word,word,1,435
12,7555,24875,50,gezorgd,word,word,1,928
12,1821,24876,50,bijtje,word,word,1,544
12,5623,24904,50,etmaal,word,word,1,650
12,24539,24865,50,verlang,word,word,1,491
12,4763,24987,50,draven,word,word,1,691
12,6387,24988,50,game,word,word,1,669
12,20039,24989,50,singel,word,word,1,473
12,27745,24869,50,zomen,word,nonword,0,NA
12,26499,25003,50,wen,word,nonword,0,NA
12,14977,24992,50,nachtrust,word,word,1,447
12,5119,24872,50,dutje,word,word,1,461
12,10599,24913,50,kenners,word,word,1,473
12,27417,24874,50,zeilboot,word,word,1,494
12,27329,24888,50,zedig,word,word,1,504
12,14255,24889,50,mes,word,word,1,443
12,20837,24877,50,spanden,word,nonword,0,NA
12,23047,25120,50,tijdsduur,word,word,1,568
12,6469,24919,50,gazen,word,word,1,896
12,2269,24880,50,boers,word,word,1,777
12,23705,25002,50,tubes,word,nonword,0,NA
12,1689,24922,50,bezem,word,word,1,491
12,9553,25017,50,houtskool,word,word,1,537
12,7415,25018,50,gevergd,word,word,1,696
12,11509,25086,50,koets,word,word,1,526
12,6999,24886,50,gen,word,word,1,597
12,20491,24887,50,smet,word,word,1,436
12,19489,25062,50,schonen,word,nonword,0,NA
12,8191,24955,50,groentes,word,word,1,774
12,657,25011,50,baarzen,word,word,1,1062
12,983,25052,50,bedient,word,word,1,767
12,671,25053,50,baba's,word,nonword,0,NA
12,13697,25013,50,lynx,word,nonword,0,NA
12,21019,25108,50,spider,word,nonword,0,NA
12,7163,24895,50,geschied,word,word,1,819
12,20273,25030,50,slijpschijf,word,word,1,1025
12,25391,25031,50,voelden,word,word,1,509
12,9447,24898,50,hoopt,word,word,1,517
12,20359,24939,50,slootje,word,word,1,607
12,5299,25060,50,eerstes,word,word,1,841
12,2745,24954,50,bretons,word,word,1,733
12,11347,24928,50,knikker,word,word,1,471
12,25179,24916,50,vleesmes,word,word,1,652
12,7105,25038,50,gereed,word,nonword,0,NA
12,25339,24905,50,vlugge,word,word,1,454
12,19619,25027,50,schrale,word,nonword,0,NA
12,28019,25041,50,zwang,word,word,1,515
12,19065,24908,50,schaatsen,word,word,1,446
12,719,24948,50,bakers,word,nonword,0,NA
12,4489,24976,50,doodsbleek,word,word,1,624
12,27785,24911,50,zongen,word,word,1,432
12,27451,24912,50,zelfmoord,word,word,1,436
12,16009,25195,50,oudoom,word,nonword,0,NA
12,19117,24927,50,schare,word,nonword,0,NA
12,12343,25034,50,kutje,word,word,1,638
12,14547,25171,50,modem,word,word,1,711
12,10589,24930,50,kenmerkt,word,word,1,653
12,6315,25119,50,fysiek,word,word,1,635
12,22531,24959,50,surf,word,word,1,575
12,16983,25187,50,plukkers,word,word,1,588
12,22373,25042,50,strotjes,word,word,1,564
12,5515,24961,50,erger,word,word,1,550
12,6249,24949,50,frisse,word,word,1,695
12,14085,24937,50,meermaals,word,word,1,632
12,10243,25059,50,kaasje,word,word,1,720
12,10311,25019,50,kalmer,word,word,1,626
12,24421,24993,50,vergaard,word,word,1,435
12,26223,24967,50,warmen,word,word,1,451
12,4531,24995,50,doopsels,word,word,1,586
12,5737,25076,50,fascist,word,word,1,588
12,28031,25131,50,zwarter,word,nonword,0,NA
12,5989,25093,50,flikkers,word,word,1,604
12,6817,25025,50,geknakt,word,word,1,702
12,12367,25040,50,kwaden,word,word,1,913
12,8493,25032,50,halen,word,word,1,542
12,8931,25122,50,hemden,word,word,1,868
12,17109,25192,50,pond,word,word,1,714
12,22061,24951,50,stopten,word,word,1,537
12,13159,24969,50,lieve,word,word,1,601
12,22983,25180,50,thuiskomst,word,word,1,613
12,27571,25154,50,zieners,word,nonword,0,NA
12,5453,25129,50,ene,word,word,1,919
12,20403,24977,50,sluitings,word,word,1,NA
12,675,24997,50,baby,word,word,1,424
12,7289,24945,50,gestort,word,word,1,519
12,9513,25029,50,horzel,word,nonword,0,NA
12,2087,25007,50,bloesem,word,word,1,722
12,20855,25058,50,sparen,word,word,1,794
12,10059,25010,50,joch,word,word,1,551
12,11381,25197,50,knokkels,word,nonword,0,NA
12,26205,25130,50,wapen,word,word,1,616
12,26933,25075,50,witten,word,nonword,0,NA
12,27487,24991,50,zesde,word,word,1,526
12,16715,25116,50,pittig,word,word,1,568
12,15527,25009,50,omgang,word,word,1,584
12,15647,24990,50,ontgaan,word,word,1,459
12,20849,25128,50,spanning,word,word,1,651
12,9187,25138,50,hoed,word,word,1,796
12,8591,25191,50,handpalm,word,word,1,621
12,20219,25153,50,sleept,word,word,1,726
12,1331,25049,50,beoogt,word,word,1,862
13,21676,24863,50,stepsel,nonword,nonword,1,635
13,3438,24755,50,colnerst,nonword,nonword,1,531
13,25722,24845,50,vensjes,nonword,nonword,1,649
13,12556,24844,50,lafeest,nonword,nonword,1,537
13,1238,24885,50,kel,nonword,nonword,1,474
13,20452,24728,50,frolle,nonword,nonword,1,496
13,4896,24725,50,klammen,nonword,word,0,NA
13,18066,24764,50,meis,nonword,nonword,1,526
13,12336,24762,50,diste,nonword,nonword,1,707
13,24080,24884,50,velk,nonword,nonword,1,588
13,25300,24782,50,prekje,nonword,nonword,1,584
13,17278,24795,50,zwoetten,nonword,nonword,1,606
13,1526,24860,50,bestrijg,nonword,nonword,1,541
13,18132,24702,50,rant,nonword,nonword,1,469
13,6690,24942,50,gekroot,nonword,nonword,1,555
13,1168,24841,50,bebied,nonword,nonword,1,890
13,6748,24763,50,gooltje,nonword,nonword,1,509
13,8298,24856,50,kraatten,nonword,nonword,1,639
13,4670,24897,50,domeen,nonword,nonword,1,577
13,4574,24925,50,doorgees,nonword,nonword,1,545
13,7086,24846,50,geproerd,nonword,nonword,1,468
13,18350,24966,50,mijtaag,nonword,nonword,1,618
13,3690,24766,50,doorveer,nonword,nonword,1,526
13,14760,24834,50,doslits,nonword,nonword,1,471
13,13326,24848,50,luging,nonword,nonword,1,452
13,476,24944,50,anpo,nonword,nonword,1,508
13,26870,24905,50,mindhuis,nonword,nonword,1,657
13,19156,24761,50,scheeg,nonword,nonword,1,465
13,24050,24759,50,vap,nonword,nonword,1,486
13,3284,24776,50,spidees,nonword,nonword,1,512
13,11372,24882,50,vrabbel,nonword,nonword,1,608
13,2078,24802,50,plaampje,nonword,nonword,1,663
13,14632,24843,50,holken,nonword,nonword,1,619
13,10658,24965,50,kolksdag,nonword,nonword,1,837
13,3452,24979,50,coni's,nonword,nonword,1,548
13,27726,24900,50,zuilheid,nonword,nonword,1,592
13,8272,24767,50,klaatje,nonword,nonword,1,575
13,27714,24861,50,tijnen,nonword,nonword,1,589
13,20178,24862,50,slan,nonword,nonword,1,588
13,16470,24958,50,pollion,nonword,nonword,1,569
13,16274,24985,50,vesjes,nonword,nonword,1,689
13,23624,24825,50,drusjes,nonword,nonword,1,539
13,13554,24840,50,hounges,nonword,nonword,1,505
13,22804,24895,50,tijntjes,nonword,nonword,1,767
13,27466,24855,50,tinders,nonword,nonword,1,560
13,9418,24977,50,haadste,nonword,nonword,1,541
13,4512,24736,50,deef,nonword,nonword,1,506
13,10670,24952,50,rotel,nonword,nonword,1,560
13,18776,24913,50,roegste,nonword,nonword,1,812
13,13984,24712,50,wargen,nonword,nonword,1,634
13,12662,24874,50,larmbaam,nonword,nonword,1,662
13,19638,24996,50,schroken,nonword,nonword,1,700
13,27002,24984,50,mozen,nonword,nonword,1,479
13,18216,24998,50,rekst,nonword,nonword,1,884
13,17514,24798,50,praast,nonword,nonword,1,523
13,9328,24947,50,hokes,nonword,nonword,1,597
13,3310,25001,50,joefer,nonword,nonword,1,512
13,782,24962,50,borpen,nonword,nonword,1,587
13,17498,24842,50,proleem,nonword,word,0,NA
13,22986,24883,50,theenland,nonword,nonword,1,556
13,21612,25005,50,broetje,nonword,nonword,1,645
13,28086,25006,50,vrammer,nonword,nonword,1,641
13,3242,24967,50,glaret,nonword,nonword,1,568
13,486,24726,50,abert,nonword,nonword,1,668
13,15460,24888,50,ootters,nonword,nonword,1,667
13,10272,24837,50,kuf,nonword,nonword,1,555
13,16980,24891,50,prekken,nonword,nonword,1,617
13,11628,24851,50,keesman,nonword,nonword,1,488
13,19140,24879,50,schokting,nonword,nonword,1,592
13,21872,24853,50,stiskrand,nonword,nonword,1,734
13,2462,24814,50,hozing,nonword,nonword,1,568
13,9556,25016,50,hiekwerk,nonword,nonword,1,583
13,20526,24896,50,flilten,nonword,nonword,1,645
13,2366,25018,50,hont,nonword,nonword,1,576
13,17846,25019,50,konken,nonword,nonword,1,NA
13,19258,24738,50,schemgel,nonword,nonword,1,546
13,13494,24981,50,lool,nonword,nonword,1,598
13,20374,24780,50,kleten,nonword,nonword,1,585
13,21080,25023,50,klurit,nonword,nonword,1,505
13,26498,24903,50,wezent,nonword,nonword,1,863
13,20848,24904,50,grinnend,nonword,nonword,1,NA
13,8326,24865,50,klubel,nonword,nonword,1,488
13,8184,24785,50,broeze,nonword,nonword,1,557
13,19006,24907,50,thedsis,nonword,nonword,1,527
13,5684,24989,50,foerde,nonword,nonword,1,603
13,11068,24709,50,kleurgoek,nonword,nonword,1,655
13,7890,24830,50,noze,nonword,nonword,1,630
13,21556,24911,50,statom,nonword,nonword,1,612
13,16424,24711,50,fek,nonword,nonword,1,NA
13,20934,25034,50,graalzaal,nonword,nonword,1,529
13,972,25035,50,bevakt,nonword,nonword,1,576
13,2406,24794,50,heentje,nonword,nonword,1,509
13,5588,24876,50,espoordt,nonword,nonword,1,524
13,16662,24917,50,pescet,nonword,nonword,1,770
13,1998,24918,50,zwijlen,nonword,nonword,1,713
13,23368,24919,50,traankis,nonword,nonword,1,NA
13,11392,24920,50,sneepje,nonword,nonword,1,657
13,25794,25042,50,fladen,nonword,nonword,1,589
13,26276,25003,50,wo,nonword,nonword,1,588
13,5406,24923,50,il,nonword,nonword,1,569
13,21230,24924,50,sprootwoord,nonword,nonword,1,712
13,14348,25046,50,muiven,nonword,nonword,1,650
13,16412,24886,50,peignangs,nonword,nonword,1,556
13,13256,25008,50,lorte,nonword,nonword,1,857
13,17564,25049,50,clarmpjes,nonword,nonword,1,811
13,8070,24849,50,griem,nonword,nonword,1,487
13,23228,24769,50,sopen,nonword,nonword,1,507
13,21764,25012,50,stoortje,nonword,nonword,1,836
13,17568,24732,50,skyprisch,nonword,nonword,1,NA
13,17336,25014,50,preveurs,nonword,nonword,1,602
13,25446,24975,50,voedbolk,nonword,nonword,1,779
13,20980,24935,50,grering,nonword,nonword,1,593
13,13696,25057,50,lycluis,nonword,nonword,1,513
13,18820,25058,50,mutten,nonword,nonword,1,627
13,2294,24938,50,rof,nonword,nonword,1,643
13,17186,25020,50,perven,nonword,nonword,1,693
13,23622,25021,50,slos,nonword,nonword,1,622
13,15640,24941,50,ontleid,nonword,nonword,1,805
13,6668,25063,50,gefeeuwd,nonword,nonword,1,713
13,8284,24822,50,groont,nonword,nonword,1,534
13,920,25065,50,balla,nonword,nonword,1,464
13,26118,25026,50,dachtboord,nonword,word,0,NA
13,25478,24946,50,valsen,nonword,word,0,NA
13,7804,25068,50,gied,nonword,nonword,1,480
13,5510,25029,50,elg,nonword,nonword,1,646
13,17610,24708,50,zietjes,nonword,nonword,1,793
13,15816,24950,50,eerdool,nonword,nonword,1,652
13,3124,24951,50,tavans,nonword,nonword,1,760
13,4716,24912,50,druik,nonword,nonword,1,672
13,3050,24710,50,luften,nonword,nonword,1,827
13,11678,25075,50,daarden,nonword,nonword,1,622
13,2800,25076,50,troche,nonword,nonword,1,523
13,6224,24916,50,vroole,nonword,nonword,1,463
13,20554,24714,50,snark,nonword,nonword,1,516
13,15348,25079,50,noortvant,nonword,nonword,1,792
13,904,24716,50,hapes,nonword,nonword,1,435
13,20288,24839,50,bremme,nonword,nonword,1,519
13,3790,24718,50,monsen,nonword,nonword,1,508
13,17160,25083,50,paakjes,nonword,nonword,1,518
13,8668,24963,50,baver,nonword,nonword,1,538
13,6782,25085,50,gebesk,nonword,nonword,1,527
13,14396,24722,50,wukken,nonword,nonword,1,441
13,27196,25087,50,zoodjes,nonword,nonword,1,NA
13,25554,24724,50,valmsten,nonword,nonword,1,491
13,5044,25089,50,diezen,nonword,nonword,1,538
13,27648,25090,50,tinpol,nonword,nonword,1,539
13,5920,24970,50,lescaal,nonword,nonword,1,572
13,9192,25092,50,bijden,nonword,nonword,1,566
13,24928,25093,50,rasten,nonword,nonword,1,790
13,7208,24933,50,gesleekt,nonword,nonword,1,546
13,10940,24731,50,kles,nonword,nonword,1,483
13,13430,25096,50,doben,nonword,nonword,1,489
13,11396,24976,50,kniendgat,nonword,nonword,1,658
13,9870,25098,50,incuft,nonword,nonword,1,516
13,11036,24735,50,klerm,nonword,nonword,1,539
13,17700,25100,50,roolsels,nonword,nonword,1,572
13,18316,24737,50,kookste,nonword,nonword,1,780
13,27418,25102,50,tielboot,nonword,nonword,1,469
13,17146,24982,50,peinten,nonword,nonword,1,627
13,4218,24740,50,dijwoon,nonword,nonword,1,663
13,18394,24741,50,dute,nonword,nonword,1,578
13,9776,24742,50,igdelf,nonword,nonword,1,609
13,750,24743,50,bakmuw,nonword,nonword,1,654
13,16190,25108,50,pango's,nonword,nonword,1,638
13,11516,25109,50,koeddier,nonword,nonword,1,539
13,25944,24746,50,vijntjes,nonword,nonword,1,549
13,25258,25111,50,vlieslijn,nonword,nonword,1,891
13,23510,24991,50,bloktang,nonword,nonword,1,747
13,17898,25073,50,damend,nonword,nonword,1,628
13,8922,24872,50,herpt,nonword,nonword,1,646
13,26268,24751,50,wais,nonword,nonword,1,565
13,8308,25116,50,grok,nonword,nonword,1,639
13,21586,24753,50,steikt,nonword,nonword,1,677
13,23282,24997,50,toor,nonword,nonword,1,614
13,7472,25119,50,geboor,nonword,word,0,NA
13,13764,24999,50,waands,nonword,nonword,1,534
13,18438,25121,50,mote,nonword,nonword,1,637
13,6792,24758,50,nakker,nonword,nonword,1,517
13,17798,25123,50,rakky,nonword,nonword,1,580
13,12356,25124,50,kweefheid,nonword,nonword,1,771
13,5804,25125,50,fil,nonword,nonword,1,698
13,23714,25126,50,poegen,nonword,nonword,1,820
13,19566,25127,50,schols,nonword,nonword,1,729
13,6078,25128,50,ferksen,nonword,nonword,1,673
13,23776,24765,50,tork,nonword,nonword,1,542
13,2180,25130,50,boggy's,nonword,nonword,1,586
13,26028,25131,50,saal,nonword,nonword,1,793
13,18812,24768,50,mekjes,nonword,nonword,1,590
13,25292,25133,50,kniermat,nonword,nonword,1,720
13,3466,24892,50,conzermt,nonword,nonword,1,615
13,5036,24771,50,kiekers,nonword,nonword,1,881
13,14336,25015,50,daddel,nonword,nonword,1,584
13,22040,25137,50,stoekte,nonword,nonword,1,516
13,25816,25138,50,snoesde,nonword,nonword,1,597
13,13112,24775,50,luifje,nonword,nonword,1,562
13,4712,25140,50,sloeitje,nonword,nonword,1,557
13,11782,25141,50,desten,nonword,nonword,1,605
13,16984,25142,50,vrekkers,nonword,nonword,1,522
13,19188,24901,50,schou,nonword,word,0,NA
13,2250,25144,50,beedwerk,nonword,nonword,1,632
13,25824,25024,50,vroogd,nonword,nonword,1,NA
13,19514,25146,50,schoolgond,nonword,nonword,1,917
13,5646,24783,50,oza,nonword,nonword,1,535
13,8976,25027,50,belders,nonword,nonword,1,615
13,19228,25149,50,schekking,nonword,nonword,1,595
13,15018,24786,50,samert,nonword,nonword,1,477
13,25878,24909,50,vroog,nonword,nonword,1,784
13,20098,25152,50,skusts,nonword,nonword,1,606
13,10572,24789,50,merners,nonword,nonword,1,686
13,23118,24790,50,ziton,nonword,nonword,1,601
13,25112,25155,50,visat,nonword,nonword,1,734
13,13716,24792,50,maagween,nonword,nonword,1,661
13,28056,25036,50,knaampjes,nonword,nonword,1,655
13,26440,25158,50,benken,nonword,nonword,1,588
13,18602,25159,50,mondim,nonword,nonword,1,602
13,26220,25160,50,dormde,nonword,nonword,1,696
13,15070,25040,50,noef,nonword,nonword,1,494
13,14656,25162,50,mong,nonword,nonword,1,617
13,10794,24799,50,dakker,nonword,nonword,1,588
13,12040,25164,50,prijt,nonword,nonword,1,612
13,94,25165,50,aanweer,nonword,nonword,1,754
13,3390,25166,50,cu,nonword,nonword,1,746
13,5936,25167,50,kwank,nonword,nonword,1,545
13,17906,24804,50,degent,nonword,nonword,1,718
13,19678,25048,50,schreesster,nonword,nonword,1,607
13,8508,25170,50,hampbol,nonword,nonword,1,571
13,13528,24929,50,hesser,nonword,nonword,1,538
13,19884,25051,50,sediet,nonword,nonword,1,575
13,1100,24809,50,befijpt,nonword,nonword,1,608
13,1304,24811,50,len,nonword,nonword,1,669
13,678,25175,50,habi's,nonword,nonword,1,567
13,13646,25055,50,lunk,nonword,nonword,1,646
13,20912,25177,50,groolde,nonword,nonword,1,565
13,1802,25178,50,loena,nonword,nonword,1,690
13,5136,24815,50,mierzaam,nonword,nonword,1,840
13,12268,25059,50,keurheid,nonword,word,0,NA
13,3204,25060,50,cal,nonword,nonword,1,638
13,5656,25061,50,ax,nonword,nonword,1,539
13,18878,24819,50,ridheid,nonword,nonword,1,634
13,25076,24820,50,varsje,nonword,nonword,1,NA
13,1838,25064,50,bimhart,nonword,nonword,1,563
13,20606,25186,50,snorste,nonword,nonword,1,852
13,20012,25066,50,sieruik,nonword,nonword,1,580
13,10460,24824,50,kest,nonword,nonword,1,438
13,25512,25189,50,daller,nonword,nonword,1,661
13,28006,25069,50,knikke,nonword,word,0,NA
13,23792,24827,50,zossen,nonword,nonword,1,500
13,20122,24828,50,kraagt,nonword,nonword,1,934
13,5924,25072,50,jit,nonword,nonword,1,498
13,12120,25194,50,trop,nonword,nonword,1,880
13,20346,25195,50,blekje,nonword,nonword,1,627
13,10510,24832,50,keurpijn,nonword,nonword,1,836
13,21966,25197,50,stezen,nonword,nonword,1,589
13,24536,25198,50,vervaan,nonword,nonword,1,700
13,1610,25199,50,bedeefd,nonword,nonword,1,773
13,24834,25200,50,vervengd,nonword,nonword,1,636
13,1423,24701,50,beschermd,word,word,1,583
13,13729,24823,50,maakt,word,word,1,550
13,5703,24703,50,factors,word,word,1,488
13,18345,24704,50,rijtje,word,word,1,587
13,13455,24705,50,loof,word,word,1,522
13,13881,24706,50,mamma,word,nonword,0,NA
13,23835,24707,50,twijfelt,word,word,1,570
13,11369,24829,50,knipte,word,word,1,551
13,21749,25193,50,steun,word,word,1,477
13,20855,25074,50,sparen,word,word,1,609
13,2307,25196,50,boksen,word,nonword,0,NA
13,9931,24833,50,jaartje,word,word,1,568
13,27507,24713,50,zetje,word,word,1,615
13,18403,25078,50,ritmisch,word,word,1,618
13,16243,24715,50,parket,word,word,1,597
13,15121,25080,50,neon,word,word,1,638
13,10755,24717,50,kiesrecht,word,word,1,807
13,7401,25082,50,gevel,word,word,1,NA
13,23309,24719,50,toost,word,nonword,0,NA
13,3867,24720,50,debuut,word,word,1,808
13,2721,24721,50,brekend,word,word,1,636
13,7023,25086,50,genoeg,word,word,1,512
13,21131,24723,50,spoeltjes,word,word,1,621
13,941,25088,50,bazaars,word,word,1,688
13,6005,25129,50,flitsen,word,word,1,587
13,6699,24847,50,gehaast,word,word,1,648
13,16591,24727,50,pigment,word,word,1,727
13,25793,25091,50,vraten,word,nonword,0,NA
13,23583,24729,50,trol,word,word,1,529
13,9985,24730,50,jantje,word,nonword,0,NA
13,27635,25095,50,zinloos,word,word,1,554
13,14947,24974,50,naar,word,word,1,557
13,13131,24733,50,liefste,word,word,1,592
13,15549,24734,50,omschreef,word,word,1,654
13,10109,25099,50,jonker,word,word,1,757
13,1705,24857,50,bezit,word,word,1,523
13,6677,25101,50,gegaan,word,word,1,548
13,14479,24859,50,misbaar,word,word,1,508
13,17713,24739,50,raakt,word,word,1,818
13,25893,25104,50,vrome,word,word,1,731
13,13985,25105,50,marter,word,nonword,0,NA
13,15965,25106,50,oren,word,word,1,490
13,15091,25107,50,negen,word,word,1,475
13,14397,24744,50,mikpunt,word,word,1,602
13,13549,24745,50,louche,word,nonword,0,NA
13,5493,25110,50,erbij,word,word,1,523
13,9033,24747,50,hesp,word,word,1,613
13,22823,24748,50,telde,word,word,1,546
13,11281,24749,50,knapper,word,word,1,499
13,27501,24750,50,zet,word,word,1,516
13,27267,25115,50,zal,word,word,1,460
13,2285,24752,50,boetieks,word,nonword,0,NA
13,18225,25117,50,richel,word,word,1,731
13,9615,24754,50,huisvrouw,word,word,1,463
13,1179,25118,50,beige,word,word,1,547
13,1369,24756,50,bergen,word,word,1,483
13,21833,24757,50,stijging,word,word,1,566
13,5301,25122,50,eertijds,word,nonword,0,NA
13,5289,24880,50,eerlijk,word,word,1,510
13,25719,24760,50,vorken,word,nonword,0,NA
13,13519,24801,50,losjes,word,word,1,652
13,22779,25004,50,teentjes,word,word,1,682
13,11501,24803,50,koest,word,nonword,0,NA
13,26381,25168,50,weerzin,word,word,1,529
13,8345,24805,50,gunde,word,word,1,550
13,26579,24887,50,werkkring,word,nonword,0,NA
13,2301,25009,50,bokaal,word,word,1,604
13,25297,25132,50,vlok,word,word,1,NA
13,20139,24890,50,slaat,word,word,1,753
13,16255,24770,50,parten,word,word,1,828
13,20749,25135,50,solist,word,word,1,695
13,22273,24772,50,strijkplank,word,word,1,547
13,16537,24773,50,peuken,word,word,1,611
13,12543,24774,50,lading,word,word,1,496
13,20577,25139,50,sneetjes,word,word,1,658
13,9697,24816,50,icoon,word,word,1,NA
13,15723,24777,50,ontucht,word,word,1,722
13,2441,24778,50,bordeel,word,word,1,539
13,28089,24779,50,zwempak,word,word,1,604
13,15201,25022,50,nichtjes,word,word,1,603
13,21327,24781,50,spurt,word,word,1,552
13,975,25145,50,bedenk,word,word,1,533
13,22013,25147,50,stooltje,word,nonword,0,NA
13,21135,24784,50,spoetniks,word,word,1,774
13,14543,24906,50,mode,word,word,1,461
13,15141,25150,50,netel,word,word,1,593
13,11727,24787,50,kordons,word,nonword,0,NA
13,6923,24788,50,gelid,word,nonword,0,NA
13,10607,25153,50,kepers,word,nonword,0,NA
13,23063,25154,50,tikje,word,word,1,592
13,27051,24791,50,wormen,word,word,1,566
13,8917,25156,50,helper,word,word,1,710
13,28111,24793,50,zwerven,word,word,1,609
13,18157,24915,50,rest,word,word,1,543
13,19599,25037,50,schouw,word,word,1,683
13,25451,24796,50,vogels,word,word,1,524
13,5175,24797,50,dwarsfluit,word,word,1,572
13,20845,25161,50,spannen,word,word,1,770
13,20585,25163,50,sneeuwman,word,word,1,581
13,9593,24800,50,huisarts,word,word,1,539
13,1151,24881,50,beheerst,word,word,1,528
13,6007,25044,50,flitsend,word,word,1,573
13,6551,24964,50,gedaan,word,word,1,666
13,15805,25045,50,oompjes,word,word,1,540
13,9015,24818,50,hert,word,word,1,638
13,1919,24806,50,blafte,word,word,1,487
13,5005,24807,50,duidde,word,word,1,521
13,11835,24808,50,kraaitjes,word,word,1,779
13,27715,25173,50,zoentje,word,word,1,745
13,11735,24810,50,korfjes,word,word,1,558
13,14729,24932,50,mora,word,word,1,696
13,26921,24812,50,wisten,word,word,1,649
13,9341,24813,50,hond,word,word,1,452
13,22117,25056,50,straalt,word,word,1,545
13,22259,25179,50,strijder,word,word,1,588
13,5009,25017,50,duider,word,word,1,661
13,4011,24817,50,des,word,nonword,0,NA
13,7755,24831,50,glom,word,word,1,514
13,18517,25183,50,rogjes,word,word,1,NA
13,12023,25184,50,krijgers,word,word,1,533
13,213,24821,50,acuut,word,word,1,566
13,17173,24943,50,popjes,word,word,1,506
13,2839,25185,50,broers,word,word,1,565
13,24093,25188,50,vals,word,word,1,500
13,26487,25067,50,welstand,word,word,1,595
13,5453,24826,50,ene,word,word,1,715
13,2073,25191,50,bloemist,word,word,1,826
13,4723,25192,50,dracht,word,word,1,558
13,20081,25071,50,skeeler,word,word,1,746
13,3253,24870,50,charges,word,nonword,0,NA
13,20095,24978,50,skunk,word,nonword,0,NA
13,23265,24953,50,tonics,word,word,1,750
13,13047,24954,50,levert,word,word,1,614
13,13735,24955,50,maal,word,word,1,499
13,3663,24835,50,daarheen,word,word,1,555
13,15939,24836,50,optocht,word,word,1,554
13,2471,24877,50,borstel,word,word,1,765
13,8065,24838,50,greppels,word,word,1,618
13,13217,24960,50,lijkt,word,word,1,520
13,27981,24961,50,zwaard,word,word,1,489
13,25413,24921,50,voert,word,nonword,0,NA
13,2193,25084,50,bodem,word,word,1,711
13,27387,25043,50,zegden,word,word,1,924
13,27417,24910,50,zeilboot,word,word,1,597
13,3899,24858,50,deemoed,word,nonword,0,NA
13,14571,25007,50,moeheid,word,word,1,636
13,17621,24968,50,pull,word,word,1,710
13,7141,24969,50,geruis,word,word,1,624
13,12001,24889,50,kreupel,word,word,1,662
13,907,24850,50,basket,word,word,1,602
13,25631,24972,50,voornaam,word,word,1,697
13,25367,24852,50,voedsel,word,word,1,443
13,18561,24893,50,romans,word,word,1,611
13,8131,24854,50,grijsaard,word,word,1,711
13,19425,25097,50,schimmig,word,word,1,748
13,15037,24936,50,natuur,word,word,1,463
13,1005,25030,50,bedreigd,word,word,1,530
13,23849,24871,50,twisten,word,word,1,550
13,9629,24980,50,hulp,word,word,1,517
13,22999,24940,50,tienden,word,nonword,0,NA
13,27145,25103,50,wrongel,word,nonword,0,NA
13,9417,24983,50,hoogste,word,word,1,576
13,18165,24956,50,restjes,word,word,1,517
13,27839,24864,50,zorgzaam,word,word,1,518
13,24349,24986,50,verdacht,word,word,1,747
13,25883,24866,50,vroeger,word,word,1,443
13,5519,24867,50,ergo,word,word,1,511
13,22203,24868,50,streepje,word,word,1,575
13,2711,24869,50,breien,word,word,1,606
13,2027,25002,50,blinken,word,word,1,657
13,6909,24937,50,gelegd,word,word,1,514
13,7795,24993,50,godsdienst,word,word,1,570
13,129,24873,50,aardje,word,word,1,850
13,18599,24995,50,rondo's,word,word,1,858
13,9887,24875,50,intro,word,word,1,673
13,10933,25050,50,klapten,word,word,1,576
13,18071,25038,50,reisdoel,word,word,1,566
13,16307,24878,50,paste,word,word,1,611
13,11157,25000,50,klom,word,word,1,582
13,6201,25041,50,frees,word,nonword,0,NA
13,3565,24894,50,crème,word,word,1,592
13,14563,24922,50,moede,word,nonword,0,NA
13,21261,25176,50,sprekers,word,word,1,598
13,1297,24990,50,bemoei,word,word,1,521
13,5279,24898,50,eenzaam,word,word,1,544
13,5327,24926,50,effen,word,word,1,497
13,19025,24927,50,schaal,word,word,1,595
13,16599,24928,50,pijlen,word,word,1,721
13,12649,24902,50,langer,word,word,1,561
13,13959,25011,50,markies,word,word,1,598
13,27865,24931,50,zoveel,word,word,1,453
13,1617,25013,50,bever,word,word,1,488
13,5431,25054,50,elven,word,word,1,NA
13,20779,25028,50,soorten,word,word,1,483
13,20121,25136,50,slaagt,word,word,1,465
13,225,24948,50,adel,word,word,1,515
13,11287,24949,50,knarsend,word,word,1,741
13,24239,25032,50,vel,word,word,1,549
13,13655,24899,50,lunch,word,word,1,512
13,18603,25181,50,ronduit,word,word,1,632
13,14497,25143,50,mislukt,word,word,1,635
13,6151,25157,50,fragment,word,word,1,639
13,27311,25182,50,zanger,word,word,1,485
13,18917,25025,50,saldo,word,word,1,601
13,21111,24945,50,splinters,word,word,1,510
13,12997,25148,50,letter,word,word,1,548
13,7839,25081,50,golfde,word,word,1,603
13,515,24908,50,arm,word,word,1,543
13,279,25094,50,afslag,word,word,1,588
13,19329,24988,50,scheut,word,word,1,774
13,27061,25151,50,worpen,word,nonword,0,NA
13,8135,25033,50,grijze,word,word,1,661
13,9857,25114,50,input,word,word,1,489
13,24473,24914,50,verhief,word,word,1,576
13,20175,25169,50,slanke,word,word,1,705
13,2469,24973,50,borstbeen,word,word,1,691
13,377,24957,50,allee,word,nonword,0,NA
13,2363,25039,50,bonsde,word,word,1,709
13,18981,24959,50,sausjes,word,word,1,552
13,26659,25190,50,wetend,word,word,1,672
13,23009,24934,50,tientje,word,nonword,0,NA
13,1159,25174,50,behoeft,word,word,1,784
13,8897,25047,50,heling,word,nonword,0,NA
13,13279,25062,50,linksaf,word,word,1,619
13,23325,25180,50,topsport,word,nonword,0,NA
13,21775,24939,50,steven,word,nonword,0,NA
13,1885,24971,50,bizon,word,word,1,603
13,26207,25053,50,wapens,word,word,1,667
13,11777,25187,50,kostbaar,word,word,1,664
13,23351,24930,50,tours,word,nonword,0,NA
13,3533,24992,50,coupé,word,word,1,739
13,15615,25113,50,onrein,word,word,1,604
13,1317,24994,50,benieuwd,word,word,1,554
13,14139,24987,50,meisjes,word,word,1,483
13,5255,25134,50,eendjes,word,word,1,601
13,25603,25077,50,voorgaan,word,word,1,539
13,28027,25172,50,zwarte,word,word,1,536
13,26499,25112,50,wen,word,nonword,0,NA
13,13341,25070,50,loden,word,word,1,NA
13,5217,25031,50,echt,word,word,1,466
13,12719,25010,50,latex,word,word,1,649
13,14859,25120,50,muren,word,word,1,525
13,20565,25052,50,snede,word,word,1,574
13,23729,25171,50,tuinstoel,word,word,1,586
14,6834,24701,50,gevrooid,nonword,nonword,1,857
14,19006,24823,50,thedsis,nonword,nonword,1,817
14,4488,24703,50,dieuwbang,nonword,nonword,1,1010
14,8946,25068,50,helgrik,nonword,nonword,1,726
14,16412,24705,50,peignangs,nonword,nonword,1,990
14,23970,24827,50,eintjes,nonword,nonword,1,754
14,9854,25071,50,entig,nonword,nonword,1,822
14,11708,25193,50,rapje,nonword,word,0,NA
14,23060,24709,50,tuim,nonword,nonword,1,717
14,1872,25074,50,bilstrop,nonword,nonword,1,807
14,2664,24832,50,brandpant,nonword,nonword,1,NA
14,7724,24712,50,smempen,nonword,nonword,1,753
14,17630,24955,50,pudt,nonword,nonword,1,935
14,24546,24714,50,vermoend,nonword,nonword,1,941
14,9188,25079,50,hoeg,nonword,nonword,1,712
14,14512,24837,50,dessies,nonword,nonword,1,747
14,8012,25081,50,klaube,nonword,nonword,1,603
14,14752,25082,50,mentel,nonword,nonword,1,1161
14,7928,24719,50,groeg,nonword,nonword,1,858
14,10472,24720,50,margjes,nonword,nonword,1,861
14,1278,24721,50,beleemd,nonword,nonword,1,1151
14,24520,25086,50,verhuild,nonword,nonword,1,867
14,14692,24723,50,mondoor,nonword,nonword,1,967
14,22796,25088,50,tepaas,nonword,nonword,1,576
14,21014,25089,50,kleirend,nonword,nonword,1,831
14,2046,24726,50,vlijdend,nonword,word,0,NA
14,15002,24727,50,zamels,nonword,nonword,1,717
14,13976,24728,50,marfuets,nonword,nonword,1,757
14,12892,24729,50,heigraad,nonword,nonword,1,1005
14,18436,25094,50,maddels,nonword,nonword,1,849
14,5640,24852,50,eudues,nonword,nonword,1,651
14,9204,24732,50,hiegjes,nonword,nonword,1,929
14,6252,24854,50,chinool,nonword,nonword,1,613
14,27458,25098,50,zestlucht,nonword,nonword,1,982
14,5504,25099,50,ergweel,nonword,nonword,1,645
14,20942,25100,50,spooltjes,nonword,nonword,1,641
14,23486,24737,50,troen,nonword,nonword,1,773
14,6080,25102,50,lontuin,nonword,nonword,1,692
14,3700,24860,50,hadens,nonword,nonword,1,803
14,25880,24740,50,vlijge,nonword,nonword,1,663
14,11912,25105,50,slamp,nonword,nonword,1,629
14,25192,24742,50,prerk,nonword,nonword,1,663
14,1588,24783,50,heiken,nonword,nonword,1,703
14,2002,25108,50,drik,nonword,nonword,1,591
14,5688,24745,50,jaam,nonword,nonword,1,620
14,4728,24746,50,slaten,nonword,nonword,1,698
14,21004,24989,50,broten,nonword,nonword,1,711
14,206,24828,50,adzie,nonword,nonword,1,698
14,20636,25113,50,vretten,nonword,nonword,1,876
14,20794,24750,50,cou,nonword,nonword,1,625
14,24306,25115,50,verhaals,nonword,nonword,1,764
14,17516,24752,50,prap,nonword,nonword,1,604
14,5388,24995,50,iepers,nonword,nonword,1,833
14,24022,25118,50,vijkjes,nonword,nonword,1,667
14,19024,24755,50,schaatgrel,nonword,nonword,1,915
14,5318,24998,50,outsen,nonword,nonword,1,807
14,13938,25121,50,mer,nonword,nonword,1,582
14,26646,24879,50,mosters,nonword,word,0,NA
14,27742,24759,50,zarbie,nonword,nonword,1,644
14,25070,24760,50,dongers,nonword,nonword,1,672
14,598,24761,50,ouro,nonword,nonword,1,636
14,822,25126,50,hanco,nonword,nonword,1,816
14,26684,24763,50,wocht,nonword,nonword,1,981
14,20548,24764,50,frikte,nonword,nonword,1,828
14,25436,24765,50,voedvad,nonword,nonword,1,864
14,20658,25130,50,gleurtje,nonword,nonword,1,830
14,27378,25009,50,zeeboer,nonword,nonword,1,725
14,2520,25132,50,hatsten,nonword,nonword,1,685
14,14912,24769,50,nied,nonword,nonword,1,838
14,14432,24891,50,piniek,nonword,nonword,1,1066
14,1582,24892,50,heigel,nonword,nonword,1,1077
14,11922,25136,50,bronsen,nonword,word,0,NA
14,6790,25015,50,zikken,nonword,nonword,1,707
14,11068,25178,50,kleurgoek,nonword,nonword,1,927
14,26358,24775,50,koorschijn,nonword,nonword,1,810
14,298,25018,50,amret,nonword,nonword,1,603
14,27484,25141,50,terfjes,nonword,nonword,1,759
14,3048,24899,50,buft,nonword,nonword,1,920
14,11862,25143,50,griempjes,nonword,nonword,1,996
14,1620,25022,50,lelers,nonword,nonword,1,696
14,24124,24781,50,vengst,nonword,nonword,1,815
14,9488,25146,50,hekpen,nonword,nonword,1,866
14,22818,24944,50,tapsten,nonword,nonword,1,874
14,22322,24905,50,strarken,nonword,nonword,1,793
14,20706,24785,50,ceda,nonword,nonword,1,623
14,7526,25150,50,gedent,nonword,nonword,1,575
14,7680,25151,50,wras,nonword,nonword,1,540
14,13258,24908,50,lenten,nonword,nonword,1,842
14,25474,25031,50,vermde,nonword,nonword,1,841
14,11670,24790,50,koodt,nonword,nonword,1,691
14,174,25033,50,aghu,nonword,nonword,1,839
14,7458,24792,50,gezoed,nonword,nonword,1,771
14,14602,24793,50,moos,nonword,nonword,1,794
14,9784,24915,50,iccens,nonword,nonword,1,661
14,20988,24795,50,spelhers,nonword,nonword,1,708
14,16048,24796,50,poontje,nonword,nonword,1,686
14,6168,24797,50,snonjes,nonword,nonword,1,553
14,15966,25162,50,elen,nonword,nonword,1,796
14,6528,24799,50,gepricht,nonword,nonword,1,597
14,18844,24921,50,ruks,nonword,nonword,1,806
14,23352,24801,50,teurs,nonword,nonword,1,684
14,3754,24802,50,kemmen,nonword,nonword,1,871
14,18452,25045,50,roeimaat,nonword,word,0,NA
14,14,24804,50,eertje,nonword,nonword,1,647
14,392,24926,50,ashaar,nonword,nonword,1,767
14,4214,25170,50,dirfeus,nonword,nonword,1,755
14,27446,24928,50,telkbeeld,nonword,nonword,1,951
14,25898,24929,50,floom,nonword,nonword,1,551
14,5956,24809,50,flolden,nonword,nonword,1,595
14,15874,25052,50,oprien,nonword,nonword,1,695
14,9242,24811,50,leurtjes,nonword,nonword,1,798
14,24878,24812,50,verroet,nonword,nonword,1,NA
14,518,24934,50,ampland,nonword,nonword,1,872
14,4754,24975,50,drans,nonword,nonword,1,662
14,21560,25179,50,chaloons,nonword,nonword,1,560
14,4852,24856,50,tranken,nonword,nonword,1,939
14,26400,24817,50,rogen,nonword,word,0,NA
14,26496,24818,50,welmeen,nonword,nonword,1,662
14,17242,24819,50,dolent,nonword,nonword,1,817
14,17660,25062,50,pigper,nonword,nonword,1,602
14,20804,24821,50,cous,nonword,nonword,1,595
14,4566,24822,50,weernen,nonword,nonword,1,962
14,24966,25024,50,muce,nonword,nonword,1,634
14,6210,25188,50,fretno's,nonword,nonword,1,711
14,9986,25189,50,contje,nonword,nonword,1,624
14,968,24947,50,bote,nonword,nonword,1,776
14,4988,24867,50,treppels,nonword,nonword,1,788
14,958,24841,50,benucht,nonword,nonword,1,914
14,11832,24950,50,kloeien,nonword,nonword,1,950
14,8562,25194,50,lapsters,nonword,nonword,1,1017
14,13458,25195,50,laapboom,nonword,nonword,1,870
14,72,25073,50,aardraan,nonword,nonword,1,685
14,22662,24954,50,pantje,nonword,word,0,NA
14,8260,25076,50,grastslag,nonword,nonword,1,1181
14,17546,24956,50,pruif,nonword,nonword,1,888
14,11318,24916,50,vrie,nonword,nonword,1,NA
14,4038,24917,50,meegde,nonword,nonword,1,623
14,16660,24838,50,pif,nonword,nonword,1,723
14,18498,24839,50,kaastig,nonword,nonword,1,924
14,10492,24961,50,keisde,nonword,nonword,1,1023
14,14856,25176,50,kurten,nonword,nonword,1,693
14,18074,25003,50,kijsjes,nonword,nonword,1,826
14,25744,25085,50,varst,nonword,nonword,1,864
14,1726,24844,50,ri,nonword,nonword,1,NA
14,23164,24845,50,toelijf,nonword,nonword,1,741
14,4664,24846,50,dowl,nonword,nonword,1,700
14,27512,24887,50,totten,nonword,nonword,1,844
14,21996,24848,50,stons,nonword,nonword,1,739
14,20866,24849,50,blarie,nonword,nonword,1,1035
14,738,24850,50,bap,nonword,nonword,1,615
14,8878,24851,50,teleis,nonword,nonword,1,773
14,8338,24932,50,gulk,nonword,nonword,1,722
14,5978,24853,50,smisje,nonword,nonword,1,999
14,10616,25028,50,kark,nonword,nonword,1,691
14,27618,24855,50,zarver,nonword,nonword,1,706
14,3544,24896,50,coudt,nonword,nonword,1,688
14,11384,24857,50,knilploeg,nonword,nonword,1,875
14,19770,24858,50,schieren,nonword,nonword,1,1054
14,19982,24980,50,sholp,nonword,nonword,1,572
14,25714,24900,50,sonen,nonword,nonword,1,553
14,23264,24982,50,zonir,nonword,nonword,1,825
14,20940,24862,50,spooltje,nonword,nonword,1,776
14,5010,24943,50,mieder,nonword,nonword,1,887
14,10374,25065,50,ronten,nonword,nonword,1,769
14,20538,24865,50,vlack,nonword,nonword,1,652
14,242,24987,50,adhees,nonword,nonword,1,861
14,3374,25040,50,clows,nonword,word,0,NA
14,11534,24881,50,megels,nonword,nonword,1,637
14,7824,25191,50,goegaas,nonword,nonword,1,1129
14,9464,24870,50,laarder,nonword,nonword,1,644
14,18820,24871,50,mutten,nonword,word,0,NA
14,13346,24992,50,bijders,nonword,nonword,1,1014
14,19082,24873,50,schilten,nonword,nonword,1,904
14,13924,24914,50,manplicht,nonword,nonword,1,NA
14,338,25036,50,ol,nonword,nonword,1,649
14,20932,25157,50,graaltuin,nonword,nonword,1,773
14,26944,24890,50,duide,nonword,nonword,1,1071
14,6946,24878,50,geliegt,nonword,nonword,1,826
14,12330,24919,50,kungen,nonword,nonword,1,652
14,17410,24893,50,prel,nonword,nonword,1,655
14,21626,25175,50,stieve,nonword,nonword,1,683
14,3308,24922,50,fuder,nonword,nonword,1,620
14,12844,24883,50,hoeszaal,nonword,nonword,1,1124
14,6854,25166,50,gevraas,nonword,nonword,1,686
14,19744,25127,50,schijft,nonword,nonword,1,1126
14,8572,24886,50,handblak,nonword,nonword,1,941
14,10468,24967,50,mosten,nonword,nonword,1,760
14,26162,25049,50,kolmen,nonword,nonword,1,655
14,23120,24889,50,zitons,nonword,nonword,1,778
14,12730,25104,50,hetten,nonword,nonword,1,633
14,18250,25173,50,dedders,nonword,nonword,1,683
14,17114,25093,50,petsjes,nonword,nonword,1,1029
14,4254,24906,50,kulle,nonword,nonword,1,703
14,27934,24986,50,zummen,nonword,nonword,1,1226
14,19940,24935,50,fotting,nonword,nonword,1,635
14,6506,24936,50,gegut,nonword,nonword,1,824
14,15908,24977,50,appis,nonword,nonword,1,906
14,11914,24898,50,klempen,nonword,nonword,1,1019
14,10304,25020,50,molle,nonword,nonword,1,980
14,1800,25061,50,buintjes,nonword,nonword,1,853
14,6710,25021,50,gebool,nonword,nonword,1,803
14,19248,24942,50,schompen,nonword,nonword,1,801
14,1602,25090,50,builzen,nonword,nonword,1,804
14,3874,25145,50,decart,nonword,word,0,NA
14,17354,25026,50,plissies,nonword,nonword,1,678
14,21282,24959,50,spront,nonword,nonword,1,856
14,20396,24999,50,bruit,nonword,word,0,NA
14,27332,25163,50,zoe,nonword,nonword,1,867
14,23702,25029,50,vebe,nonword,nonword,1,NA
14,7954,24923,50,klaf,nonword,nonword,1,713
14,18704,24951,50,meetes,nonword,nonword,1,838
14,25242,24965,50,zwijt,nonword,nonword,1,909
14,27058,24913,50,wopes,nonword,nonword,1,643
14,6614,24994,50,gedilmd,nonword,nonword,1,728
14,27814,25156,50,taampjes,nonword,nonword,1,733
14,14832,25186,50,dijltjes,nonword,nonword,1,758
14,13176,24930,50,lif,nonword,nonword,1,711
14,13056,25039,50,hemers,nonword,nonword,1,695
14,27136,25187,50,sjongen,nonword,nonword,1,702
14,14464,25125,50,donste,nonword,nonword,1,1111
14,15150,25053,50,nokjes,nonword,nonword,1,689
14,10514,24962,50,raaltjes,nonword,nonword,1,764
14,17374,25056,50,ploemde,nonword,nonword,1,601
14,19756,25008,50,schijm,nonword,nonword,1,766
14,20554,25059,50,snark,nonword,nonword,1,642
14,27236,25168,50,tamen,nonword,nonword,1,988
14,7476,25128,50,gemaast,nonword,nonword,1,781
14,19614,25159,50,schraas,nonword,nonword,1,669
14,3730,25017,50,dakmuit,nonword,nonword,1,955
14,5922,25160,50,fisfis,nonword,nonword,1,793
14,19216,24971,50,schemt,nonword,nonword,1,631
14,17148,25101,50,paastjes,nonword,nonword,1,882
14,14184,25182,50,kezens,nonword,nonword,1,640
14,3132,24991,50,caebor,nonword,nonword,1,650
14,3670,25060,50,doorma,nonword,nonword,1,750
14,12874,25064,50,lels,nonword,nonword,1,562
14,6802,25011,50,geslopt,nonword,nonword,1,1124
14,5028,25124,50,tuik,nonword,nonword,1,618
14,14942,25044,50,fuimpje,nonword,nonword,1,722
14,702,25165,50,badstaard,nonword,nonword,1,1025
14,9714,25019,50,eilen,nonword,nonword,1,665
14,16974,25010,50,ploes,nonword,nonword,1,781
14,26900,25057,50,vappen,nonword,nonword,1,567
14,21464,24970,50,stenpen,nonword,nonword,1,769
14,20147,24895,50,slag,word,word,1,661
14,14909,24756,50,na,word,word,1,469
14,18717,24743,50,rozen,word,word,1,626
14,24123,24716,50,vangst,word,word,1,854
14,13015,24836,50,leukste,word,word,1,940
14,18617,24902,50,roofdier,word,word,1,675
14,6539,24747,50,gebruiks,word,nonword,0,NA
14,18621,24789,50,rooie,word,word,1,681
14,19277,24788,50,schermpje,word,word,1,652
14,18195,24774,50,reuzel,word,nonword,0,NA
14,20117,24875,50,slaagden,word,word,1,633
14,27743,24948,50,zombies,word,word,1,653
14,15973,24869,50,orgie,word,word,1,615
14,12185,24753,50,kruispunt,word,word,1,634
14,9357,24706,50,honing,word,word,1,508
14,18593,24876,50,rondje,word,word,1,710
14,20525,24840,50,smolten,word,word,1,779
14,6137,24842,50,foyer,word,word,1,724
14,8437,24708,50,haarfijn,word,word,1,841
14,16401,24773,50,peetoom,word,nonword,0,NA
14,2411,24872,50,boord,word,word,1,520
14,2647,24953,50,branden,word,word,1,711
14,21235,24847,50,spreeuwtje,word,word,1,1030
14,9613,24767,50,huisraad,word,word,1,733
14,241,24808,50,advies,word,word,1,514
14,17675,24957,50,python,word,word,1,586
14,11453,24748,50,koekjes,word,word,1,624
14,11429,24880,50,knullen,word,word,1,941
14,26423,24826,50,weiger,word,word,1,714
14,21055,24974,50,spijs,word,word,1,957
14,22159,24733,50,straks,word,word,1,818
14,14609,24816,50,moet,word,word,1,657
14,3789,24711,50,dansen,word,word,1,495
14,14067,24978,50,meed,word,word,1,NA
14,24289,24966,50,venten,word,word,1,735
14,6797,24739,50,geklaagd,word,word,1,601
14,22979,24780,50,thuis,word,word,1,561
14,7183,24861,50,geschreeuw,word,word,1,553
14,3657,24863,50,daarbij,word,word,1,511
14,11909,24731,50,krammen,word,nonword,0,NA
14,27849,24771,50,zotten,word,word,1,771
14,25155,24920,50,vlaktes,word,word,1,584
14,22677,24866,50,tanken,word,word,1,632
14,18049,24988,50,reiken,word,word,1,801
14,3565,24909,50,crème,word,word,1,589
14,28165,24990,50,zwoel,word,word,1,688
14,22859,24911,50,ten,word,nonword,0,NA
14,4243,24791,50,dikste,word,word,1,781
14,11097,24993,50,kliertje,word,word,1,819
14,26185,24833,50,wandelt,word,word,1,843
14,8273,24713,50,grootjes,word,nonword,0,NA
14,18909,24835,50,sages,word,word,1,1056
14,17587,24864,50,puffend,word,word,1,640
14,1633,24958,50,bevreemd,word,word,1,968
14,9549,24946,50,houtje,word,word,1,885
14,21093,24960,50,spitste,word,word,1,844
14,4149,25001,50,diensters,word,word,1,741
14,17541,25002,50,pruiken,word,word,1,621
14,22243,24963,50,streven,word,word,1,916
14,26371,24884,50,weerwil,word,nonword,0,NA
14,1713,24925,50,bezorgd,word,word,1,944
14,4231,24885,50,dik,word,word,1,542
14,4357,24927,50,doelwit,word,word,1,535
14,9101,24968,50,hiernaar,word,word,1,1134
14,18781,24888,50,ruimtes,word,word,1,720
14,11179,24997,50,kloofje,word,word,1,751
14,17087,24770,50,polls,word,nonword,0,NA
14,26291,25012,50,weder,word,word,1,636
14,5815,24973,50,ferme,word,word,1,776
14,17109,25014,50,pond,word,word,1,548
14,12557,24894,50,lafaards,word,word,1,699
14,3483,24976,50,conga,word,nonword,0,NA
14,9331,24776,50,hommels,word,word,1,640
14,1047,24897,50,beekjes,word,word,1,939
14,22431,24979,50,stukje,word,word,1,608
14,17965,24778,50,redder,word,word,1,741
14,16843,24820,50,platten,word,nonword,0,NA
14,2373,24901,50,bonus,word,word,1,598
14,22465,25023,50,stuurloos,word,word,1,706
14,12183,24904,50,kruisjes,word,word,1,654
14,24745,24985,50,verstoort,word,word,1,653
14,28145,24784,50,zwijgers,word,word,1,777
14,2059,25027,50,bloeiden,word,word,1,863
14,17649,24907,50,pup,word,word,1,553
14,14469,24868,50,minus,word,word,1,651
14,7287,25030,50,gestopt,word,word,1,687
14,16897,24910,50,plekken,word,word,1,665
14,5793,25032,50,feit,word,word,1,1085
14,8669,24912,50,harig,word,word,1,613
14,18583,25034,50,ronde,word,word,1,972
14,23261,24874,50,tongen,word,word,1,603
14,25145,24996,50,vlak,word,word,1,677
14,6179,25037,50,franse,word,word,1,783
14,21017,24877,50,speurwerk,word,word,1,654
14,26959,24758,50,woest,word,word,1,498
14,23635,25000,50,trouw,word,word,1,628
14,14533,25041,50,mixers,word,word,1,609
14,20923,24800,50,speels,word,word,1,675
14,20449,25043,50,smalend,word,word,1,447
14,10597,24843,50,kenner,word,word,1,635
14,4865,25005,50,droeve,word,nonword,0,NA
14,1103,25046,50,begaan,word,word,1,518
14,13921,24805,50,mankeert,word,word,1,691
14,6599,25048,50,gedroogd,word,nonword,0,NA
14,10667,24807,50,kervel,word,word,1,646
14,6205,25050,50,frequent,word,word,1,538
14,20843,25051,50,spanjaards,word,word,1,650
14,1461,24810,50,besloeg,word,word,1,609
14,26293,25013,50,wedloop,word,word,1,648
14,5307,24933,50,eet,word,word,1,636
14,19955,24813,50,shag,word,nonword,0,NA
14,5137,25016,50,duw,word,word,1,440
14,14157,24937,50,meldt,word,word,1,844
14,17701,25058,50,raadsman,word,word,1,629
14,15317,24938,50,nollen,word,nonword,0,NA
14,9155,24939,50,hinkte,word,word,1,872
14,13229,24981,50,lijntje,word,word,1,620
14,9809,24941,50,incest,word,word,1,762
14,12451,25063,50,kwik,word,word,1,680
14,21069,24984,50,spin,word,word,1,525
14,15527,25025,50,omgang,word,word,1,599
14,16649,24945,50,pillen,word,word,1,715
14,1723,25067,50,bezwoer,word,nonword,0,NA
14,26579,24704,50,werkkring,word,word,1,943
14,12801,25069,50,leerboek,word,word,1,1086
14,23545,24949,50,trio's,word,word,1,633
14,7447,24707,50,gevormd,word,word,1,654
14,25529,25072,50,volt,word,word,1,524
14,19723,24952,50,schrok,word,word,1,634
14,26785,24710,50,wijnfles,word,word,1,710
14,27857,25075,50,zout,word,word,1,524
14,13961,24834,50,markt,word,word,1,527
14,12095,25077,50,kronen,word,word,1,467
14,27821,25078,50,zoontjes,word,word,1,502
14,4351,24715,50,doelgroep,word,word,1,700
14,8687,25080,50,harsen,word,word,1,689
14,24117,24717,50,vandoor,word,word,1,698
14,24779,24718,50,vertoefd,word,word,1,787
14,8315,25083,50,grotesk,word,word,1,964
14,28063,25084,50,zweer,word,word,1,511
14,7359,24803,50,geul,word,nonword,0,NA
14,25975,24722,50,vurig,word,word,1,567
14,13315,25087,50,list,word,word,1,679
14,3865,24724,50,debet,word,nonword,0,NA
14,11647,24725,50,koolstof,word,word,1,679
14,18039,24969,50,regies,word,word,1,695
14,8063,25091,50,greppel,word,word,1,1081
14,7779,25092,50,goals,word,word,1,532
14,21233,24972,50,spreeuwen,word,word,1,868
14,9375,24730,50,hoofdje,word,word,1,587
14,10863,25095,50,klaaglijk,word,word,1,NA
14,7539,25096,50,gezicht,word,word,1,514
14,15729,25097,50,ontving,word,word,1,867
14,5205,24734,50,eau,word,word,1,1030
14,26675,24735,50,wezels,word,word,1,643
14,8939,24736,50,hen,word,word,1,767
14,24665,24859,50,verschijnt,word,word,1,713
14,14201,24738,50,mening,word,word,1,636
14,11831,25103,50,kraaien,word,word,1,703
14,10851,24983,50,kistjes,word,word,1,558
14,25903,24741,50,vrouw,word,word,1,651
14,11221,25106,50,kluchten,word,word,1,897
14,12135,25107,50,kruidje,word,word,1,643
14,7621,24744,50,gillen,word,word,1,573
14,27261,25109,50,zakt,word,word,1,925
14,10089,25110,50,jokers,word,word,1,670
14,2587,25111,50,box,word,word,1,489
14,23077,25112,50,tikte,word,word,1,539
14,1689,24749,50,bezem,word,word,1,845
14,9601,25114,50,huisdeur,word,word,1,591
14,1117,24751,50,begint,word,word,1,573
14,10387,25116,50,kaper,word,word,1,979
14,14095,25117,50,meesjes,word,nonword,0,NA
14,12427,24754,50,kwelde,word,word,1,615
14,6981,25119,50,gemeerd,word,nonword,0,NA
14,18233,25120,50,richter,word,word,1,850
14,21947,24757,50,stoker,word,word,1,680
14,18439,25122,50,roden,word,nonword,0,NA
14,25813,25123,50,vrees,word,word,1,621
14,22861,24882,50,tendens,word,word,1,666
14,24255,24964,50,veldjes,word,word,1,709
14,9871,24762,50,intact,word,word,1,616
14,19897,25006,50,sergeant,word,word,1,580
14,27135,25007,50,wringen,word,word,1,641
14,11351,25129,50,knikt,word,word,1,692
14,21727,24766,50,sterkten,word,word,1,708
14,435,25131,50,ambt,word,word,1,658
14,20913,24768,50,speelden,word,word,1,518
14,24935,25133,50,vete,word,word,1,712
14,2163,25134,50,blut,word,word,1,738
14,11253,25135,50,knaagde,word,word,1,698
14,17679,24772,50,qua,word,word,1,650
14,24833,25137,50,vervormd,word,word,1,691
14,18609,25138,50,roodbaars,word,word,1,940
14,1121,25139,50,begreep,word,word,1,652
14,18247,25140,50,ridder,word,word,1,568
14,21575,24777,50,steeën,word,nonword,0,NA
14,19523,25142,50,schooltas,word,word,1,798
14,28173,24779,50,zwollen,word,word,1,845
14,13593,25144,50,luidde,word,word,1,721
14,5459,24903,50,eng,word,word,1,542
14,28149,24782,50,zwijgzaam,word,word,1,693
14,1717,25147,50,bezwaar,word,word,1,630
14,15085,25148,50,neerslag,word,word,1,610
14,12237,25149,50,kuikens,word,word,1,559
14,5239,24786,50,eekhoorn,word,word,1,826
14,10631,24787,50,kerkje,word,word,1,574
14,8367,25152,50,gutste,word,word,1,989
14,18839,25153,50,rundvlees,word,word,1,891
14,20349,25154,50,slokken,word,word,1,605
14,6837,25155,50,gekocht,word,word,1,490
14,8713,25035,50,haven,word,word,1,603
14,21061,24794,50,spijze,word,nonword,0,NA
14,16167,25158,50,panisch,word,word,1,779
14,23283,25038,50,toonbank,word,word,1,485
14,15583,24918,50,ondeugd,word,nonword,0,NA
14,8765,25161,50,heen,word,nonword,0,NA
14,20685,24798,50,snuit,word,word,1,633
14,7901,25042,50,goud,word,word,1,526
14,19397,25164,50,schilder,word,word,1,646
14,17367,25004,50,prezen,word,word,1,591
14,6041,24924,50,fluweel,word,word,1,595
14,1843,25167,50,billen,word,word,1,825
14,10625,25047,50,kerkers,word,word,1,503
14,21689,25169,50,stengel,word,word,1,747
14,20167,24806,50,slaloms,word,word,1,1117
14,6231,25171,50,frieten,word,word,1,746
14,18099,25172,50,rekte,word,word,1,739
14,27641,24931,50,zins,word,word,1,883
14,8885,25174,50,helder,word,word,1,821
14,10829,25054,50,kink,word,nonword,0,NA
14,5163,25055,50,dwalen,word,word,1,619
14,24293,25177,50,ventjes,word,word,1,528
14,9875,24814,50,intens,word,word,1,547
14,27781,24815,50,zonet,word,word,1,595
14,12301,25180,50,kunstje,word,word,1,815
14,25871,25181,50,vrijuit,word,word,1,660
14,4445,24940,50,donder,word,word,1,571
14,25309,25183,50,vloot,word,word,1,444
14,27189,25184,50,zaadje,word,word,1,560
14,27205,25185,50,zaakjes,word,word,1,750
14,23735,24702,50,tuitte,word,word,1,NA
14,23867,25066,50,typisch,word,word,1,504
14,19239,24824,50,schep,word,word,1,1029
14,13749,24825,50,maandag,word,word,1,674
14,12805,25190,50,leerden,word,word,1,669
14,26795,25070,50,wijntje,word,word,1,601
14,24647,25192,50,verried,word,nonword,0,NA
14,18343,24829,50,rijst,word,word,1,NA
14,23009,24830,50,tientje,word,nonword,0,NA
14,8399,24831,50,haaks,word,word,1,578
14,13303,25196,50,lip,word,word,1,649
14,5267,25197,50,eenmaal,word,word,1,565
14,9091,25198,50,hierdoor,word,word,1,660
14,26761,25199,50,wijdtes,word,word,1,NA
14,3841,25200,50,datjes,word,nonword,0,NA
15,18046,24701,50,keuger,nonword,nonword,1,741
15,18352,24702,50,mijbeg,nonword,nonword,1,541
15,9754,25188,50,ijspant,nonword,nonword,1,778
15,3108,25068,50,loerten,nonword,nonword,1,1049
15,2232,25069,50,biek,nonword,nonword,1,501
15,1424,24827,50,beschinkt,nonword,nonword,1,1127
15,27760,24949,50,tondiers,nonword,nonword,1,680
15,21606,24708,50,steiltjes,nonword,nonword,1,692
15,20092,25073,50,clutje,nonword,nonword,1,557
15,4918,24710,50,slaagte,nonword,nonword,1,1198
15,13730,24711,50,meekt,nonword,word,0,NA
15,12608,24712,50,halfde,nonword,word,0,NA
15,21372,24955,50,graar,nonword,nonword,1,603
15,23122,24714,50,putel,nonword,nonword,1,623
15,11316,24715,50,vlerels,nonword,nonword,1,572
15,12744,24837,50,liftor,nonword,nonword,1,556
15,15402,25081,50,sammer,nonword,nonword,1,540
15,4286,25082,50,distroot,nonword,nonword,1,556
15,5914,25083,50,sanse,nonword,nonword,1,1068
15,3736,24962,50,wakgan,nonword,nonword,1,596
15,386,24721,50,appes,nonword,nonword,1,1126
15,26722,25086,50,mieruik,nonword,nonword,1,606
15,24952,24844,50,ditten,nonword,nonword,1,614
15,23740,24724,50,zekken,nonword,nonword,1,1082
15,23664,25089,50,trocks,nonword,nonword,1,827
15,5086,25090,50,duche,nonword,nonword,1,576
15,27790,24848,50,porken,nonword,nonword,1,533
15,10864,24849,50,graaklijk,nonword,nonword,1,709
15,19636,25093,50,schrote,nonword,nonword,1,611
15,28012,24851,50,knalste,nonword,nonword,1,1166
15,1006,24731,50,bedroept,nonword,nonword,1,NA
15,12336,25096,50,diste,nonword,nonword,1,1012
15,25224,25097,50,proegjes,nonword,nonword,1,625
15,5714,24855,50,nukkels,nonword,nonword,1,731
15,530,24735,50,elmpje,nonword,nonword,1,530
15,17916,24736,50,dechtdaar,nonword,nonword,1,722
15,22428,24737,50,stielers,nonword,nonword,1,714
15,5050,25102,50,kuims,nonword,nonword,1,630
15,21646,25103,50,starden,nonword,nonword,1,1171
15,660,25104,50,bijs,nonword,nonword,1,970
15,20056,25105,50,tsaal,nonword,nonword,1,1049
15,26708,25106,50,keiken,nonword,nonword,1,773
15,1122,24743,50,beplaap,nonword,nonword,1,702
15,1338,24865,50,bebenkt,nonword,nonword,1,814
15,9796,24866,50,impuld,nonword,nonword,1,594
15,19714,24988,50,schrimme,nonword,nonword,1,562
15,10934,24747,50,klorten,nonword,nonword,1,652
15,460,24869,50,angstzwaam,nonword,nonword,0,NA
15,24036,24749,50,hartten,nonword,nonword,1,889
15,7476,24871,50,gemaast,nonword,nonword,1,767
15,206,24872,50,adzie,nonword,nonword,1,582
15,7550,24752,50,gemeem,nonword,nonword,1,637
15,2374,25117,50,bopis,nonword,nonword,1,566
15,19106,24875,50,schorde,nonword,word,0,NA
15,13420,24876,50,hollo's,nonword,nonword,1,650
15,4002,25120,50,rer,nonword,nonword,1,557
15,14464,24757,50,donste,nonword,word,0,NA
15,874,25122,50,balin,nonword,nonword,1,649
15,9316,25123,50,lopsters,nonword,nonword,1,NA
15,21000,24800,50,spenber,nonword,nonword,1,716
15,18776,25003,50,roegste,nonword,nonword,1,650
15,14712,25126,50,laarden,nonword,nonword,1,944
15,6610,24763,50,gevijd,nonword,nonword,1,732
15,22918,25128,50,tersloops,nonword,word,0,NA
15,848,24765,50,hanting,nonword,nonword,1,1071
15,9776,25130,50,igdelf,nonword,nonword,1,777
15,25820,25131,50,kweest,nonword,word,0,NA
15,8398,25132,50,leekjes,nonword,word,0,NA
15,5424,25011,50,elbier,nonword,nonword,1,548
15,10740,24770,50,ruimpje,nonword,nonword,1,918
15,19946,24771,50,sfeen,nonword,nonword,1,710
15,16242,24772,50,penken,nonword,nonword,1,623
15,10380,25137,50,kontuur,nonword,nonword,1,769
15,13090,25138,50,bechtste,nonword,nonword,1,712
15,384,25139,50,ammer,nonword,nonword,1,850
15,2914,24776,50,slui,nonword,nonword,1,726
15,28094,24777,50,kninkte,nonword,nonword,1,639
15,12956,25142,50,hertes,nonword,nonword,1,945
15,4128,25183,50,rien,nonword,nonword,1,1254
15,21406,24780,50,stamruis,nonword,nonword,1,758
15,27176,24781,50,isk,nonword,nonword,1,540
15,2556,25146,50,beesden,nonword,nonword,1,1025
15,20854,25025,50,spor,nonword,nonword,1,592
15,7442,24784,50,gevield,nonword,nonword,1,638
15,22614,25149,50,zawel,nonword,nonword,1,714
15,24478,24786,50,verroegd,nonword,nonword,1,732
15,10260,24787,50,maspel,nonword,nonword,1,597
15,4516,25152,50,diemden,nonword,nonword,1,557
15,19682,24789,50,schrijgt,nonword,nonword,1,643
15,2576,24911,50,baadwerk,nonword,nonword,1,584
15,6324,25155,50,vaai,nonword,nonword,1,708
15,23002,24792,50,zuinen,nonword,nonword,1,701
15,9038,24793,50,heppen,nonword,nonword,1,615
15,1886,24915,50,hinon,nonword,nonword,1,567
15,1776,24795,50,bif,nonword,nonword,1,558
15,11088,24796,50,krookje,nonword,nonword,1,814
15,19152,24797,50,schaten,nonword,word,0,NA
15,2292,24798,50,hoezelt,nonword,nonword,1,NA
15,27608,24960,50,tijwaards,nonword,nonword,1,995
15,14798,25001,50,ketto's,nonword,nonword,1,554
15,26416,25165,50,reude,nonword,nonword,1,683
15,5810,25166,50,noller,nonword,nonword,1,900
15,2918,24803,50,trieden,nonword,nonword,1,688
15,4200,24804,50,diergooms,nonword,nonword,1,570
15,23976,24805,50,iben,nonword,nonword,1,441
15,22352,25170,50,struinte,nonword,nonword,1,617
15,5182,25171,50,sjeil,nonword,nonword,1,679
15,20120,24929,50,kraags,nonword,nonword,1,616
15,7642,25051,50,gulsen,nonword,nonword,1,889
15,20898,25174,50,grieches,nonword,nonword,1,502
15,7426,24811,50,gesmeld,nonword,nonword,0,NA
15,19702,24933,50,schroelers,nonword,nonword,1,714
15,18370,24813,50,rimdee,nonword,nonword,1,1118
15,8716,24814,50,lalens,nonword,nonword,1,1047
15,12664,25179,50,bans,nonword,nonword,1,652
15,14506,24937,50,wussen,nonword,nonword,1,501
15,16750,24938,50,plavoos,nonword,nonword,1,502
15,15614,24818,50,anzecht,nonword,nonword,1,710
15,6230,25101,50,kwiet,nonword,nonword,1,750
15,22446,24941,50,stulls,nonword,nonword,1,545
15,2614,24821,50,sleekte,nonword,nonword,1,867
15,27858,25186,50,zeut,nonword,nonword,1,660
15,17752,25064,50,cacieus,nonword,nonword,1,548
15,7790,25185,50,gifheid,nonword,word,0,NA
15,11588,24946,50,damma's,nonword,nonword,1,925
15,3254,24826,50,sharses,nonword,nonword,1,734
15,408,24948,50,antrog,nonword,nonword,1,586
15,11610,25191,50,moninst,nonword,nonword,1,647
15,13954,24829,50,korken,nonword,nonword,1,1194
15,5972,25072,50,fluidste,nonword,nonword,1,874
15,23982,24992,50,vi,nonword,nonword,1,509
15,24360,24993,50,verwern,nonword,nonword,1,558
15,24980,25197,50,vuiling,nonword,nonword,1,809
15,7840,24995,50,gilmde,nonword,word,0,NA
15,7692,25199,50,ploden,nonword,nonword,1,738
15,9724,24836,50,oestje,nonword,nonword,1,1156
15,2688,25079,50,grode,nonword,nonword,1,509
15,20612,24959,50,snarste,nonword,nonword,1,714
15,4310,24879,50,ko,nonword,nonword,1,447
15,6118,25121,50,forats,nonword,nonword,1,621
15,7296,24921,50,gestraamd,nonword,nonword,1,778
15,8196,24842,50,spientjes,nonword,nonword,1,758
15,1130,24843,50,beplop,nonword,nonword,1,750
15,3282,25005,50,shiri,nonword,nonword,1,568
15,9046,24885,50,roter,nonword,nonword,1,852
15,4018,24846,50,desnoeps,nonword,nonword,1,642
15,16414,24847,50,weil,nonword,nonword,1,782
15,26016,24969,50,moeier,nonword,nonword,1,782
15,19030,24970,50,schoertjes,nonword,nonword,1,692
15,2626,24971,50,tragmaan,nonword,nonword,1,654
15,3996,25012,50,dentand,nonword,nonword,1,516
15,3272,24852,50,fremoe,nonword,nonword,1,532
15,4736,24853,50,tralend,nonword,nonword,1,773
15,5458,24854,50,esnin,nonword,nonword,1,556
15,27758,24975,50,tandaar,nonword,nonword,1,893
15,9230,24856,50,lijpel,nonword,nonword,1,819
15,9376,24857,50,haalfje,nonword,nonword,1,680
15,8286,24858,50,kraatse,nonword,nonword,1,627
15,13378,24899,50,rege,nonword,nonword,1,776
15,20694,24940,50,prieven,nonword,nonword,1,695
15,22328,24861,50,strelten,nonword,nonword,1,857
15,10478,24983,50,leters,nonword,nonword,1,879
15,23754,25023,50,tuff,nonword,nonword,1,629
15,21432,25144,50,stas,nonword,nonword,1,650
15,15388,25107,50,nie,nonword,nonword,1,444
15,1602,24987,50,builzen,nonword,nonword,1,NA
15,14996,24907,50,naklak,nonword,nonword,1,747
15,21210,24868,50,sproogzaam,nonword,nonword,1,678
15,15758,24990,50,onbol,nonword,nonword,1,666
15,15950,24991,50,opvocht,nonword,nonword,1,741
15,12524,25031,50,hochjes,nonword,nonword,1,1077
15,1998,25033,50,zwijlen,nonword,nonword,1,668
15,486,24873,50,abert,nonword,nonword,1,676
15,13560,25034,50,dever,nonword,nonword,1,598
15,12532,25036,50,bodder,nonword,nonword,1,749
15,25272,24997,50,zwaaistof,nonword,nonword,1,NA
15,3124,24877,50,tavans,nonword,nonword,1,614
15,19854,24999,50,fijnde,nonword,word,0,NA
15,18556,24919,50,ralt,nonword,nonword,1,563
15,6806,25040,50,geplegd,nonword,nonword,1,1117
15,23464,25161,50,spee,nonword,nonword,1,717
15,9180,24922,50,hohu,nonword,nonword,1,449
15,19038,25044,50,schaald,nonword,nonword,1,734
15,25194,24964,50,blorken,nonword,nonword,1,1062
15,17846,25167,50,konken,nonword,nonword,1,838
15,9500,25007,50,tornoon,nonword,nonword,1,567
15,19486,24887,50,schermels,nonword,nonword,1,625
15,1420,24888,50,bescheept,nonword,word,0,NA
15,7616,24889,50,zil,nonword,nonword,1,660
15,23822,25063,50,wreestrijk,nonword,nonword,1,649
15,6706,24931,50,gebard,nonword,nonword,1,1010
15,11186,24892,50,kroesters,nonword,nonword,1,944
15,23432,24893,50,chanspart,nonword,nonword,1,783
15,18456,24894,50,doeren,nonword,nonword,1,694
15,23054,25136,50,zuien,nonword,nonword,1,746
15,7076,24896,50,gesnat,nonword,nonword,1,658
15,14930,25058,50,neeld,nonword,nonword,1,539
15,27420,25059,50,tielde,nonword,nonword,1,524
15,23232,25100,50,tog,nonword,nonword,1,655
15,23088,25141,50,ting,nonword,nonword,1,829
15,10738,24901,50,muimen,nonword,nonword,1,656
15,21532,24902,50,stalmen,nonword,nonword,1,748
15,24320,24956,50,verkilmd,nonword,nonword,1,697
15,26704,24917,50,doegjes,nonword,nonword,1,678
15,10024,24905,50,feep,nonword,nonword,1,502
15,1636,24906,50,bekruisd,nonword,nonword,1,1255
15,14284,25148,50,voten,nonword,nonword,1,603
15,1372,24908,50,benzing,nonword,nonword,1,643
15,25678,25030,50,voont,nonword,nonword,1,666
15,20020,24910,50,fuourra's,nonword,nonword,1,585
15,5490,24928,50,eroot,nonword,nonword,1,536
15,14552,25085,50,modail,nonword,nonword,1,675
15,19710,24913,50,schrind,nonword,nonword,1,581
15,10502,24927,50,ranen,nonword,nonword,1,652
15,19458,25039,50,schipten,nonword,nonword,1,1025
15,26170,25050,50,waklus,nonword,nonword,1,553
15,14610,25157,50,woet,nonword,nonword,1,634
15,7994,24918,50,bropte,nonword,nonword,1,497
15,2508,25043,50,reter,nonword,nonword,1,875
15,12002,25175,50,greipel,nonword,nonword,1,842
15,25132,25055,50,vloems,nonword,nonword,1,625
15,12860,25042,50,limde,nonword,nonword,1,807
15,16858,24957,50,proegden,nonword,nonword,1,771
15,19226,24967,50,schover,nonword,nonword,1,1179
15,18892,24942,50,fafel,nonword,nonword,1,591
15,27146,25006,50,clingel,nonword,nonword,1,535
15,9730,25095,50,iña's,nonword,nonword,1,515
15,16140,24998,50,pankhoom,nonword,nonword,1,886
15,12300,25026,50,kitstig,nonword,nonword,1,718
15,15096,25169,50,gogers,nonword,nonword,1,536
15,21092,24982,50,kretsen,nonword,nonword,1,1076
15,13798,24936,50,kichten,nonword,nonword,1,699
15,12864,25134,50,roge,nonword,nonword,0,NA
15,2760,25013,50,broudjes,nonword,nonword,1,549
15,14912,25078,50,nied,nonword,nonword,1,474
15,784,25088,50,lals,nonword,nonword,1,539
15,11012,25008,50,grijnheid,nonword,nonword,1,743
15,5704,25127,50,figtors,nonword,nonword,1,529
15,8126,24974,50,spoepen,nonword,nonword,1,757
15,21294,25038,50,spronk,nonword,nonword,1,NA
15,19078,25048,50,scharwen,nonword,nonword,1,636
15,9433,24832,50,hooiberg,word,word,1,532
15,485,24897,50,apart,word,word,1,717
15,7915,24831,50,graad,word,word,1,449
15,7453,24754,50,gevrijd,word,word,1,635
15,15129,24898,50,nerveus,word,word,1,519
15,24413,24713,50,verfijnd,word,word,1,843
15,9745,24723,50,ijsberg,word,word,1,1322
15,4841,24932,50,drijvers,word,word,1,1088
15,23967,24950,50,uurtje,word,nonword,0,NA
15,19873,24779,50,sekten,word,word,1,700
15,9245,24860,50,hoest,word,word,1,486
15,27677,24953,50,zocht,word,word,1,520
15,2653,24820,50,branders,word,word,1,997
15,27437,24790,50,zeker,word,word,1,559
15,21527,24952,50,starheid,word,nonword,0,NA
15,1469,24730,50,besmeurd,word,word,1,968
15,27397,24945,50,zeges,word,word,1,774
15,15159,24760,50,netwerk,word,word,1,561
15,23241,24720,50,tollen,word,word,1,734
15,161,24706,50,absent,word,word,1,675
15,20069,24707,50,sjamaan,word,word,1,781
15,12045,24883,50,krikken,word,word,1,763
15,26771,24924,50,wijken,word,word,1,528
15,17929,24845,50,rechtop,word,word,1,546
15,18733,24926,50,rugby,word,word,1,624
15,16093,24914,50,paf,word,nonword,0,NA
15,6741,24769,50,geil,word,word,1,717
15,8331,24703,50,gulden,word,word,1,781
15,11483,24864,50,koepels,word,word,1,525
15,16813,24850,50,plasma,word,word,1,542
15,11647,24799,50,koolstof,word,word,1,NA
15,7443,24746,50,gevolg,word,word,1,539
15,25493,24881,50,volken,word,word,1,531
15,23007,24761,50,tiental,word,word,1,527
15,9705,24976,50,idool,word,nonword,0,NA
15,6051,24977,50,foefjes,word,nonword,0,NA
15,27065,24978,50,worsten,word,word,1,584
15,22287,24939,50,strikt,word,word,1,584
15,10447,24900,50,kasboek,word,nonword,0,NA
15,1379,24834,50,bergwand,word,word,1,1175
15,22565,24809,50,synchroon,word,word,1,871
15,24433,24728,50,vergeeld,word,nonword,0,NA
15,9721,24783,50,iets,word,word,1,475
15,22127,24972,50,straathoek,word,word,1,1034
15,1665,24840,50,bewees,word,word,1,708
15,19643,24947,50,schreetje,word,nonword,0,NA
15,18097,24734,50,rekstok,word,word,1,812
15,10959,24989,50,klaver,word,word,1,721
15,21553,24748,50,statief,word,word,1,520
15,25781,24830,50,vrachtschip,word,word,1,511
15,3915,24750,50,deftig,word,word,1,475
15,22501,24751,50,suiker,word,word,1,574
15,2537,24981,50,bourbon,word,nonword,0,NA
15,18923,24823,50,salon,word,word,1,1162
15,26377,24863,50,weerzien,word,word,1,508
15,7377,24755,50,geurig,word,word,1,936
15,17289,24985,50,praktijk,word,word,1,687
15,4605,24825,50,doper,word,word,1,726
15,639,24920,50,baard,word,word,1,738
15,22241,24867,50,stress,word,word,1,800
15,7549,24841,50,gezoem,word,word,1,701
15,14073,24963,50,meel,word,word,1,834
15,27399,25004,50,zeggen,word,word,1,502
15,16601,24965,50,pijler,word,word,1,513
15,24027,24966,50,vaatje,word,word,1,739
15,2477,24954,50,borstje,word,word,1,874
15,16691,24874,50,pis,word,word,1,NA
15,1697,24916,50,bezielt,word,word,1,534
15,7051,25010,50,gepeild,word,word,1,698
15,26543,24890,50,werd,word,word,1,528
15,7321,24838,50,getergd,word,nonword,0,NA
15,21733,24973,50,stern,word,nonword,0,NA
15,23327,24961,50,tor,word,word,1,848
15,15339,24895,50,nooit,word,word,1,480
15,22705,25016,50,tappers,word,nonword,0,NA
15,2691,25017,50,breed,word,word,1,619
15,3855,25018,50,dealen,word,word,1,776
15,16213,25019,50,pappie,word,nonword,0,NA
15,20209,24859,50,slede,word,word,1,767
15,12317,25021,50,kurk,word,word,1,622
15,3511,24727,50,contrast,word,word,1,548
15,17919,24903,50,rechten,word,word,1,515
15,10361,24944,50,kansel,word,nonword,0,NA
15,9959,24891,50,jagers,word,word,1,561
15,4965,24744,50,drukpers,word,word,1,1049
15,10311,24745,50,kalmer,word,nonword,0,NA
15,7639,25028,50,gips,word,word,1,570
15,12195,25029,50,kruitdamp,word,nonword,0,NA
15,1557,24909,50,betoogd,word,word,1,1071
15,5089,24870,50,dunner,word,word,1,693
15,6701,25032,50,gehaat,word,word,1,624
15,8291,24912,50,grootst,word,word,1,567
15,3895,24994,50,deeltje,word,word,1,653
15,17781,25022,50,rage,word,word,1,699
15,24417,24996,50,vergaan,word,word,1,1084
15,16297,25037,50,passief,word,word,1,532
15,18775,24904,50,ruimste,word,word,1,517
15,13025,24878,50,leuning,word,word,1,644
15,313,24839,50,airs,word,nonword,0,NA
15,1861,24880,50,bipsjes,word,word,1,1347
15,12617,25002,50,landhuis,word,nonword,0,NA
15,27725,24882,50,zoetheid,word,word,1,755
15,3349,24923,50,clans,word,word,1,645
15,12649,24884,50,langer,word,word,1,498
15,3685,24925,50,daaruit,word,word,1,577
15,27603,24886,50,zijspoor,word,word,1,711
15,18635,25035,50,rookwolk,word,word,1,741
15,2047,25009,50,bloedig,word,word,1,622
15,3495,24808,50,consuls,word,word,1,1184
15,2671,24930,50,brandt,word,word,1,NA
15,24655,25052,50,vers,word,word,1,539
15,16729,25053,50,plaatjes,word,word,1,812
15,22779,25014,50,teentjes,word,word,1,757
15,19021,24935,50,schaakbord,word,word,1,571
15,4539,25056,50,doorbraak,word,word,1,590
15,2203,25057,50,body's,word,nonword,0,NA
15,10833,24816,50,kinkhoest,word,word,1,716
15,2957,24817,50,bruut,word,word,1,534
15,2015,25060,50,blikveld,word,word,1,781
15,2685,25061,50,bravoure,word,nonword,0,NA
15,17865,25062,50,raspen,word,word,1,936
15,28061,24862,50,zweepslag,word,word,1,540
15,13647,24984,50,lukte,word,word,1,576
15,20585,25065,50,sneeuwman,word,nonword,0,NA
15,9829,25066,50,ingaan,word,word,1,902
15,28133,25067,50,zwierig,word,word,1,503
15,12587,24704,50,lamp,word,word,1,563
15,15047,24705,50,navel,word,word,1,531
15,977,24828,50,bedenkt,word,word,1,687
15,15657,25071,50,onthaald,word,word,1,537
15,8313,24951,50,groter,word,word,1,975
15,1353,24709,50,berde,word,nonword,0,NA
15,793,25074,50,bamboes,word,nonword,0,NA
15,23385,25075,50,trad,word,nonword,0,NA
15,2249,25076,50,boekwerk,word,nonword,0,NA
15,20253,25077,50,sliep,word,word,1,587
15,13385,24716,50,logies,word,word,1,1082
15,2045,24958,50,bloedend,word,word,1,954
15,27327,25080,50,zeden,word,word,1,574
15,15149,25041,50,netjes,word,word,1,534
15,26719,24718,50,wieren,word,nonword,0,NA
15,10567,24719,50,kelkjes,word,word,1,792
15,18493,25084,50,roest,word,word,1,614
15,2971,25045,50,buffer,word,word,1,726
15,27057,24722,50,worms,word,nonword,0,NA
15,21971,25047,50,stolpen,word,word,1,1007
15,4903,24968,50,dronkaard,word,word,1,625
15,4983,25049,50,drup,word,nonword,0,NA
15,5569,24726,50,ervan,word,word,1,531
15,20219,25091,50,sleept,word,word,1,814
15,14159,25092,50,melk,word,word,1,547
15,16815,24729,50,plasma's,word,word,1,585
15,24617,24812,50,vernieuwd,word,word,1,760
15,2845,24934,50,brok,word,word,1,722
15,22073,24732,50,stormden,word,word,1,1087
15,8317,24733,50,grotten,word,word,1,1258
15,19713,25098,50,schrille,word,word,1,861
15,23637,25099,50,trouwdag,word,word,1,576
15,1703,24979,50,bezig,word,word,1,487
15,13267,24980,50,linden,word,nonword,0,NA
15,5805,24738,50,felheid,word,word,1,1107
15,5069,24739,50,duivel,word,word,1,909
15,5801,25024,50,feitjes,word,word,1,577
15,5423,24741,50,elkaar,word,word,1,843
15,27353,24742,50,zeemeeuw,word,word,1,1343
15,17641,24986,50,punten,word,word,1,506
15,11921,25108,50,kransen,word,word,1,911
15,4875,25109,50,droging,word,word,1,1264
15,11343,25110,50,knikken,word,word,1,835
15,19763,25111,50,schuiten,word,nonword,0,NA
15,3815,25112,50,darmen,word,word,1,520
15,9453,25113,50,hoopvol,word,word,1,601
15,8501,25114,50,halfjaar,word,word,1,535
15,9265,25115,50,hoezeer,word,word,1,951
15,4125,25116,50,diefstal,word,word,1,534
15,4141,24753,50,dienst,word,word,1,489
15,7601,25118,50,gif,word,word,1,469
15,16061,25119,50,paars,word,word,1,424
15,26833,24756,50,wilden,word,word,1,504
15,23189,24717,50,toeter,word,word,1,741
15,5103,24758,50,duren,word,word,1,473
15,12043,24759,50,krik,word,word,1,812
15,13533,25124,50,losten,word,nonword,0,NA
15,11183,25125,50,klooster,word,word,1,611
15,195,24762,50,acne,word,word,1,640
15,19125,25087,50,schatje,word,word,1,540
15,12285,24764,50,kunde,word,word,1,1044
15,11989,24725,50,kreten,word,word,1,981
15,1629,24766,50,bevolkt,word,word,1,683
15,15343,24767,50,noord,word,word,1,805
15,22305,24768,50,strofen,word,word,1,874
15,11393,25133,50,knoopjes,word,word,1,739
15,12623,25094,50,landjes,word,word,1,481
15,1559,25135,50,betoogt,word,word,1,787
15,4713,25015,50,draaitjes,word,word,1,588
15,10595,24773,50,kennen,word,word,1,572
15,2257,24774,50,boem,word,word,1,650
15,16279,24775,50,passant,word,nonword,0,NA
15,3393,25140,50,coach,word,word,1,1141
15,18553,25020,50,rolstoel,word,word,1,642
15,12141,24778,50,kruik,word,word,1,907
15,15545,25143,50,omringd,word,word,1,705
15,11659,24740,50,koopje,word,word,1,989
15,5175,25145,50,dwarsfluit,word,word,1,694
15,6027,24782,50,fluit,word,word,1,588
15,2237,25147,50,boekjaar,word,nonword,0,NA
15,12137,25027,50,kruier,word,word,1,870
15,9855,24785,50,inning,word,word,1,906
15,19631,25150,50,schrappen,word,nonword,0,NA
15,27819,25151,50,zoontje,word,word,1,540
15,22463,24788,50,stuurhut,word,nonword,0,NA
15,11983,25153,50,kremlin,word,nonword,0,NA
15,21327,25154,50,spurt,word,word,1,698
15,14265,24791,50,messen,word,word,1,559
15,24311,25156,50,verbeeld,word,word,1,1005
15,12027,24794,50,krijgsman,word,word,1,676
15,18327,25158,50,rijndal,word,nonword,0,NA
15,105,25159,50,aanziens,word,word,1,804
15,4741,25160,50,dragon,word,nonword,0,NA
15,3627,25000,50,cycloon,word,word,1,549
15,7531,25162,50,gezeik,word,word,1,742
15,23129,25163,50,tobbe,word,nonword,0,NA
15,2201,25164,50,body,word,nonword,0,NA
15,27859,24801,50,zoute,word,word,1,974
15,13237,24802,50,lijster,word,word,1,861
15,26381,25046,50,weerzin,word,word,1,527
15,19645,25168,50,schreetjes,word,nonword,0,NA
15,2345,25129,50,bongo's,word,nonword,0,NA
15,2659,24806,50,brandje,word,word,1,525
15,21365,24807,50,staan,word,word,1,462
15,213,25172,50,acuut,word,word,1,721
15,12715,25173,50,latent,word,word,1,1034
15,1105,24810,50,begaf,word,word,1,NA
15,24841,25054,50,vervult,word,word,1,1312
15,271,25176,50,afloop,word,word,1,507
15,9907,25177,50,is,word,word,1,525
15,2337,25178,50,bonden,word,word,1,606
15,6261,24815,50,fronsjes,word,word,1,1091
15,21927,25180,50,stof,word,word,1,599
15,5949,25181,50,flaps,word,word,1,NA
15,20557,25182,50,snaren,word,word,1,1068
15,3599,24819,50,cue,word,word,1,799
15,8579,25184,50,handen,word,word,1,778
15,19209,24943,50,schele,word,word,1,1293
15,3027,24822,50,buitens,word,nonword,0,NA
15,13315,25187,50,list,word,word,1,1104
15,14449,24824,50,miniem,word,word,1,801
15,4503,25189,50,doodstil,word,word,1,511
15,16141,25190,50,palmpje,word,word,1,1184
15,8075,25070,50,grieken,word,word,1,1271
15,21257,25192,50,sprekend,word,word,1,1106
15,7747,25193,50,gloeiden,word,word,1,540
15,11119,25194,50,klimmen,word,word,1,524
15,14519,25195,50,misten,word,word,1,701
15,23951,25196,50,unies,word,word,1,886
15,6031,24833,50,fluitend,word,word,1,501
15,15469,25198,50,of,word,word,1,814
15,16169,24835,50,panne,word,word,1,748
15,5833,25200,50,fier,word,word,1,699
16,20486,24710,50,kweven,nonword,nonword,1,430
16,7150,24888,50,gestreed,nonword,nonword,1,429
16,780,24755,50,bordpoints,nonword,nonword,1,442
16,14508,24751,50,wistes,nonword,nonword,1,454
16,6456,24955,50,geldvrouw,nonword,word,0,NA
16,16094,24756,50,pef,nonword,nonword,1,334
16,18284,24915,50,koebaan,nonword,nonword,1,NA
16,1224,24874,50,bepleid,nonword,nonword,1,414
16,7802,24910,50,golfroek,nonword,nonword,1,468
16,4606,24968,50,heper,nonword,nonword,1,504
16,5194,24740,50,wrerfjes,nonword,nonword,1,NA
16,6442,24918,50,zas,nonword,nonword,1,NA
16,25334,24901,50,prichtte,nonword,nonword,1,446
16,26896,24706,50,donter,nonword,nonword,1,408
16,15504,24796,50,ock,nonword,nonword,1,399
16,19652,24948,50,schraaldden,nonword,nonword,1,825
16,21704,24721,50,sterm,nonword,nonword,1,491
16,18594,24843,50,mendje,nonword,nonword,1,463
16,24844,24951,50,verviend,nonword,nonword,1,492
16,24630,24767,50,vergreept,nonword,nonword,1,564
16,5962,24806,50,smetje,nonword,nonword,1,661
16,26446,24914,50,wakt,nonword,nonword,1,567
16,19520,24860,50,schaakse,nonword,nonword,1,455
16,64,24861,50,uitrecht,nonword,word,0,NA
16,26240,24917,50,dalbak,nonword,nonword,1,544
16,21760,24716,50,stijkpunt,nonword,nonword,1,NA
16,20082,24799,50,sfeener,nonword,nonword,1,504
16,22206,24705,50,struisjes,nonword,nonword,1,385
16,3028,24854,50,lietens,nonword,nonword,1,698
16,16246,24988,50,parhuit,nonword,word,0,NA
16,16660,24815,50,pif,nonword,word,0,NA
16,19908,24977,50,selve,nonword,nonword,1,551
16,2096,24793,50,slikje,nonword,word,0,NA
16,15400,24712,50,nulpost,nonword,word,0,NA
16,22944,24846,50,heneel,nonword,nonword,1,439
16,17224,24833,50,pastchells,nonword,nonword,1,468
16,1748,24995,50,huiders,nonword,nonword,1,502
16,10132,24876,50,cozern,nonword,nonword,1,386
16,24470,24931,50,verbaft,nonword,nonword,1,492
16,5692,24866,50,safels,nonword,nonword,1,NA
16,2046,24718,50,vlijdend,nonword,nonword,1,569
16,13404,24987,50,hotjes,nonword,nonword,1,494
16,20966,24800,50,klerden,nonword,nonword,1,442
16,19008,24707,50,sfipter,nonword,nonword,1,381
16,13372,24950,50,hofwang,nonword,nonword,1,639
16,15722,24870,50,ontgrak,nonword,nonword,1,497
16,3380,24872,50,clairtje,nonword,nonword,1,836
16,27734,24873,50,talder,nonword,nonword,1,408
16,11720,25007,50,cotaal,nonword,nonword,1,461
16,2814,24887,50,droodsel,nonword,nonword,1,491
16,11088,24848,50,krookje,nonword,nonword,1,510
16,26048,24997,50,maard,nonword,nonword,1,717
16,6852,24959,50,gespuin,nonword,nonword,1,405
16,3034,24785,50,huimen,nonword,nonword,1,529
16,9344,25000,50,kinden,nonword,nonword,1,471
16,13568,24732,50,luchtbrak,nonword,nonword,1,NA
16,17796,24881,50,sacet,nonword,nonword,1,456
16,11404,24963,50,plapje,nonword,nonword,1,508
16,22736,24896,50,zestten,nonword,nonword,1,431
16,258,24858,50,amnaan,nonword,nonword,1,432
16,20862,24819,50,bladel,nonword,nonword,1,759
16,12244,24940,50,kiever,nonword,nonword,1,487
16,25316,24900,50,bletje,nonword,nonword,1,505
16,23586,25022,50,drallen,nonword,nonword,1,542
16,6234,24810,50,smeetje,nonword,nonword,1,571
16,7258,24877,50,gedraakt,nonword,nonword,1,585
16,26470,24999,50,dolke,nonword,nonword,1,502
16,15744,24973,50,ontlert,nonword,nonword,1,443
16,24058,25027,50,hekes,nonword,nonword,1,439
16,17398,24907,50,zwakkel,nonword,word,0,NA
16,19702,24855,50,schroelers,nonword,nonword,1,676
16,12946,24748,50,herptes,nonword,nonword,1,381
16,14848,25031,50,kum,nonword,nonword,1,800
16,23674,24831,50,prieen,nonword,nonword,1,529
16,15268,24993,50,nas,nonword,nonword,1,647
16,17910,24994,50,deses,nonword,nonword,1,483
16,15792,25035,50,iechtjaar,nonword,nonword,1,495
16,27390,25036,50,poge,nonword,nonword,1,464
16,25286,24971,50,vloor,nonword,nonword,1,606
16,7194,24770,50,geschan,nonword,nonword,1,592
16,22646,24704,50,takraak,nonword,nonword,1,412
16,12404,25040,50,kwestjes,nonword,nonword,1,543
16,22074,24920,50,stengden,nonword,nonword,1,734
16,22978,24989,50,snopas,nonword,nonword,1,500
16,1282,24882,50,beleeld,nonword,nonword,1,492
16,17458,24964,50,prosos,nonword,nonword,1,477
16,15762,24884,50,anre,nonword,nonword,1,577
16,24848,24764,50,vergent,nonword,nonword,1,464
16,5498,24805,50,ove,nonword,nonword,1,415
16,20190,25048,50,pletje,nonword,nonword,1,344
16,14518,25009,50,keste,nonword,nonword,1,460
16,20226,24795,50,droeptouw,nonword,nonword,1,526
16,3760,25038,50,kompend,nonword,nonword,1,437
16,25124,25039,50,vizoemd,nonword,nonword,1,410
16,7046,24892,50,gekoord,nonword,nonword,1,496
16,27520,24933,50,teeren,nonword,nonword,1,494
16,8758,24921,50,heept,nonword,nonword,1,470
16,23632,24774,50,troccoir,nonword,nonword,1,431
16,15592,24936,50,onbaal,nonword,nonword,1,NA
16,5080,24857,50,kurden,nonword,nonword,1,427
16,13940,24899,50,dave,nonword,nonword,1,469
16,4284,24738,50,dispoers,nonword,nonword,1,488
16,7954,25061,50,klaf,nonword,nonword,1,421
16,21156,25062,50,spoer,nonword,nonword,1,682
16,10690,24768,50,deikens,nonword,nonword,1,403
16,15518,24769,50,omvan,nonword,nonword,1,377
16,4636,25052,50,porst,nonword,nonword,1,481
16,2612,24784,50,broopsel,nonword,nonword,1,496
16,22276,25067,50,stroofstok,nonword,nonword,1,413
16,19712,25068,50,schrel,nonword,nonword,1,450
16,7014,25069,50,goren,nonword,nonword,1,422
16,17534,25070,50,plolo,nonword,nonword,1,476
16,3786,25071,50,dalmbij,nonword,nonword,1,495
16,16078,24708,50,vichters,nonword,nonword,1,356
16,1354,24912,50,rorde,nonword,nonword,1,515
16,23216,25074,50,toenacht,nonword,nonword,1,597
16,25166,24954,50,zwas,nonword,nonword,1,460
16,25822,25076,50,troten,nonword,nonword,1,468
16,20086,24714,50,cheret,nonword,nonword,1,509
16,22176,25078,50,strilden,nonword,nonword,1,502
16,27096,24958,50,shang,nonword,nonword,1,449
16,8268,25080,50,troot,nonword,nonword,1,546
16,1112,24717,50,bepoen,nonword,nonword,1,636
16,22124,25082,50,striet,nonword,nonword,1,560
16,27490,24841,50,tosje,nonword,nonword,1,489
16,4066,24720,50,woerbel,nonword,nonword,1,405
16,20248,25085,50,dreitel,nonword,nonword,1,507
16,27240,24804,50,pamers,nonword,nonword,1,476
16,13548,24966,50,dotas,nonword,nonword,1,447
16,3194,24724,50,coufaal,nonword,nonword,1,465
16,27174,25089,50,ympvees,nonword,nonword,1,483
16,19910,24726,50,sorves,nonword,nonword,1,462
16,14334,24930,50,koddag,nonword,nonword,1,540
16,14190,24728,50,morgden,nonword,nonword,1,483
16,20994,24972,50,klenen,nonword,nonword,1,555
16,24290,24730,50,melten,nonword,word,0,NA
16,23312,24975,50,zoesten,nonword,nonword,1,578
16,13088,24814,50,bachtjes,nonword,nonword,1,480
16,21406,25097,50,stamruis,nonword,nonword,1,418
16,10240,24734,50,kuistjes,nonword,nonword,1,619
16,6478,24979,50,gi,nonword,nonword,1,476
16,640,25020,50,baagt,nonword,nonword,1,494
16,23778,24980,50,zulken,nonword,nonword,1,414
16,22748,25102,50,tiem,nonword,nonword,1,412
16,4140,24739,50,weinen,nonword,nonword,1,634
16,23880,25104,50,oontje,nonword,nonword,1,658
16,16512,24703,50,perwars,nonword,nonword,1,424
16,3480,24824,50,congrilt,nonword,nonword,1,488
16,14554,24744,50,vedes,nonword,nonword,1,425
16,724,25108,50,lasje,nonword,nonword,1,512
16,26706,24745,50,wook,nonword,nonword,1,494
16,3630,24746,50,cygris,nonword,nonword,1,656
16,17274,24747,50,vloetjes,nonword,nonword,1,475
16,22952,25112,50,hexteer,nonword,nonword,1,492
16,2794,24952,50,sletse,nonword,nonword,1,462
16,7752,24750,50,fraaiend,nonword,nonword,1,584
16,13510,25115,50,lols,nonword,nonword,1,519
16,19692,24752,50,schroeltjes,nonword,nonword,1,474
16,13928,25117,50,konnen,nonword,nonword,1,510
16,416,24754,50,arvaar,nonword,nonword,1,338
16,20812,25119,50,graak,nonword,nonword,1,688
16,20710,25120,50,soop,nonword,nonword,1,651
16,15936,25121,50,orlies,nonword,nonword,1,471
16,13648,24759,50,lirte,nonword,nonword,1,494
16,13596,25123,50,heidden,nonword,nonword,1,638
16,16768,24760,50,knekken,nonword,nonword,1,528
16,11564,24761,50,karven,nonword,nonword,1,385
16,10296,25126,50,martjes,nonword,nonword,1,477
16,23184,24763,50,toesleen,nonword,nonword,1,494
16,15384,25128,50,setie,nonword,nonword,1,469
16,11480,25008,50,koeg,nonword,nonword,1,673
16,28134,24766,50,blievig,nonword,nonword,1,449
16,17108,25091,50,parste,nonword,nonword,1,518
16,19332,25132,50,schouden,nonword,word,0,NA
16,11780,25133,50,reste,nonword,nonword,1,827
16,15152,25134,50,naste,nonword,nonword,1,NA
16,26598,25095,50,welst,nonword,nonword,1,662
16,6730,25096,50,gebijl,nonword,word,0,NA
16,14790,25016,50,rotars,nonword,nonword,1,594
16,21628,25138,50,stet,nonword,nonword,1,845
16,15156,24978,50,nokto,nonword,nonword,1,407
16,28042,25060,50,kniefde,nonword,nonword,1,565
16,10558,24777,50,korders,nonword,nonword,1,483
16,24914,25021,50,verboemd,nonword,nonword,1,559
16,5326,25143,50,egnect,nonword,nonword,1,454
16,22584,25144,50,toort,nonword,nonword,1,506
16,5998,25065,50,glappers,nonword,nonword,1,468
16,5722,25106,50,landast,nonword,nonword,1,457
16,18884,24905,50,munies,nonword,nonword,1,437
16,26408,25148,50,hogje,nonword,nonword,1,470
16,24680,25149,50,verschrald,nonword,nonword,1,NA
16,24702,24786,50,verklend,nonword,nonword,1,641
16,22274,24787,50,streepplank,nonword,nonword,1,718
16,12900,25152,50,loudt,nonword,nonword,1,473
16,9976,24749,50,conken,nonword,nonword,1,468
16,15276,25154,50,fofel,nonword,nonword,1,496
16,394,25155,50,albecht,nonword,nonword,1,434
16,476,25156,50,anpo,nonword,nonword,1,421
16,6136,25157,50,focht,nonword,nonword,1,619
16,20440,25158,50,zweken,nonword,nonword,1,488
16,23924,25159,50,eenstek,nonword,nonword,1,427
16,16864,25160,50,treutje,nonword,nonword,1,479
16,15678,25161,50,ontdorm,nonword,nonword,1,434
16,1050,24798,50,beeds,nonword,nonword,1,486
16,5738,25163,50,liscist,nonword,nonword,1,394
16,23710,25164,50,teft,nonword,nonword,1,447
16,11552,25044,50,poks,nonword,nonword,1,429
16,18592,24924,50,manding,nonword,nonword,1,545
16,22216,25167,50,strotte,nonword,nonword,1,413
16,16564,25168,50,poepter,nonword,nonword,1,577
16,16450,25169,50,vindels,nonword,nonword,1,560
16,38,25170,50,aargrift,nonword,nonword,1,592
16,15648,25131,50,ontdaat,nonword,nonword,1,578
16,9954,25172,50,fede,nonword,nonword,1,466
16,18726,24809,50,debber,nonword,nonword,1,472
16,25236,25174,50,zweesjes,nonword,nonword,1,506
16,24202,24811,50,mieltje,nonword,nonword,1,489
16,15616,25055,50,onjuin,nonword,nonword,1,558
16,15846,25056,50,uitters,nonword,nonword,1,444
16,26086,25178,50,woert,nonword,nonword,1,515
16,6096,25179,50,loral,nonword,nonword,1,532
16,11662,24736,50,weepjes,nonword,nonword,1,601
16,13282,25181,50,honkse,nonword,nonword,1,630
16,19784,24818,50,schotpen,nonword,nonword,1,636
16,14098,25183,50,reest,nonword,nonword,1,578
16,13824,24942,50,kakisch,nonword,nonword,1,525
16,26630,25064,50,welmen,nonword,nonword,1,515
16,15344,25186,50,naard,nonword,nonword,1,566
16,19506,25066,50,schoodbont,nonword,nonword,1,408
16,24222,25188,50,veerpits,nonword,nonword,1,512
16,15888,24825,50,asgaan,nonword,nonword,1,475
16,12622,24826,50,hendje,nonword,nonword,1,509
16,168,25191,50,ahs,nonword,nonword,1,633
16,7700,25192,50,gleug,nonword,nonword,1,613
16,9238,25193,50,hijven,nonword,nonword,1,467
16,1688,24709,50,bezaald,nonword,nonword,1,475
16,3154,25195,50,campotes,nonword,nonword,1,617
16,7670,25075,50,glindde,nonword,nonword,1,499
16,5572,25197,50,enzen,nonword,nonword,1,490
16,1518,24834,50,butten,nonword,nonword,1,567
16,5230,24835,50,epreem,nonword,nonword,1,503
16,10818,24836,50,pind,nonword,nonword,1,473
16,26199,24701,50,wanneer,word,word,1,445
16,7607,24702,50,gift,word,word,1,401
16,8511,24945,50,hallen,word,nonword,0,NA
16,20979,25189,50,speling,word,word,1,465
16,6487,25190,50,gebaat,word,nonword,0,NA
16,5889,24827,50,filmkunst,word,word,1,670
16,25649,24828,50,voorschot,word,word,1,473
16,19197,25072,50,scheidslijn,word,nonword,0,NA
16,9125,25073,50,hijgen,word,word,1,533
16,22831,25194,50,telgen,word,word,1,NA
16,5629,24711,50,etsje,word,nonword,0,NA
16,9607,25196,50,huisjes,word,word,1,487
16,24341,24713,50,verbrak,word,nonword,0,NA
16,10535,25199,50,kegel,word,word,1,477
16,24053,24715,50,vake,word,word,1,590
16,14453,24837,50,minnaars,word,word,1,618
16,1869,25081,50,bisdom,word,word,1,611
16,8017,24839,50,gravel,word,nonword,0,NA
16,14003,24719,50,mast,word,word,1,617
16,839,25084,50,bankroet,word,word,1,521
16,25405,24842,50,voeren,word,word,1,475
16,17171,24722,50,popje,word,word,1,493
16,14807,24723,50,mouwtjes,word,word,1,495
16,7167,25088,50,geschikt,word,word,1,464
16,18495,24725,50,roesten,word,word,1,708
16,15303,25090,50,nog,word,word,1,534
16,4125,24727,50,diefstal,word,word,1,481
16,3671,25092,50,daarnaar,word,word,1,520
16,20955,24729,50,spek,word,word,1,438
16,4659,25094,50,dove,word,nonword,0,NA
16,25349,24731,50,vochtig,word,nonword,0,NA
16,4771,24853,50,dreigde,word,word,1,470
16,4571,24733,50,doorntjes,word,word,1,688
16,20801,25098,50,soupers,word,nonword,0,NA
16,27965,24735,50,zwaaiden,word,word,1,504
16,18819,25100,50,rukten,word,word,1,473
16,20729,24737,50,software,word,word,1,552
16,20033,24859,50,simpel,word,word,1,501
16,27791,25103,50,zonlicht,word,word,1,514
16,3633,24982,50,daad,word,word,1,406
16,14573,24741,50,moeilijk,word,word,1,470
16,27597,24742,50,zijnen,word,nonword,0,NA
16,20203,24743,50,slechtheid,word,word,1,553
16,6689,24865,50,gegroet,word,word,1,558
16,17297,25109,50,pratend,word,word,1,466
16,3085,25110,50,buste,word,word,1,678
16,10105,25111,50,jongs,word,word,1,623
16,8059,24869,50,grenzend,word,word,1,512
16,8363,25113,50,gust,word,nonword,0,NA
16,6413,25114,50,ganse,word,word,1,651
16,25931,24791,50,vuil,word,word,1,553
16,5855,25116,50,fijn,word,word,1,408
16,14327,24753,50,mi's,word,nonword,0,NA
16,25763,25118,50,vouwtjes,word,word,1,NA
16,7391,24916,50,geval,word,nonword,0,NA
16,28017,24998,50,zwanen,word,word,1,566
16,23827,24757,50,tweetjes,word,word,1,791
16,24947,24758,50,veto's,word,word,1,509
16,10339,24880,50,kampvuur,word,word,1,485
16,19401,25124,50,schildert,word,word,1,523
16,8135,25125,50,grijze,word,word,1,508
16,2931,24762,50,bruine,word,nonword,0,NA
16,2069,25127,50,bloem,word,word,1,415
16,23617,24885,50,tropen,word,word,1,784
16,11463,24765,50,koeler,word,word,1,628
16,19041,25130,50,schaap,word,word,1,428
16,11119,24807,50,klimmen,word,word,1,465
16,25043,24889,50,villa's,word,word,1,737
16,1841,24890,50,biljet,word,word,1,441
16,21145,24891,50,sponzen,word,word,1,477
16,477,24771,50,antiek,word,word,1,541
16,23293,24772,50,toonders,word,nonword,0,NA
16,12649,24773,50,langer,word,word,1,459
16,16363,24895,50,pauze,word,word,1,460
16,22331,24775,50,strooien,word,word,1,450
16,15631,24776,50,ontbood,word,nonword,0,NA
16,2737,25141,50,bressen,word,nonword,0,NA
16,13949,24778,50,mark,word,word,1,581
16,5513,24779,50,ergens,word,word,1,500
16,15525,24780,50,omgaf,word,word,1,502
16,20483,24781,50,smelten,word,word,1,424
16,11989,24782,50,kreten,word,word,1,476
16,2735,24783,50,bres,word,word,1,526
16,23389,25026,50,trage,word,word,1,601
16,20589,24906,50,snel,word,word,1,457
16,21387,25150,50,staatse,word,nonword,0,NA
16,1457,25151,50,beslag,word,word,1,521
16,3111,24788,50,buurtjes,word,word,1,663
16,2191,24789,50,bode,word,word,1,530
16,23155,24790,50,toegift,word,word,1,450
16,12845,24871,50,leeuw,word,word,1,531
16,27379,24792,50,zeewind,word,word,1,682
16,5795,24913,50,feite,word,word,1,501
16,16845,24794,50,platvis,word,word,1,NA
16,25685,24956,50,voorts,word,word,1,561
16,11283,25200,50,knapste,word,word,1,448
16,17251,24797,50,potten,word,word,1,516
16,3105,25162,50,buurt,word,word,1,487
16,20701,25041,50,sober,word,word,1,686
16,2671,25042,50,brandt,word,word,1,505
16,15123,24801,50,nerf,word,word,1,582
16,27701,24802,50,zoekt,word,word,1,436
16,10793,24803,50,kikker,word,word,1,441
16,12283,24925,50,kun,word,nonword,0,NA
16,13719,24926,50,maagzuur,word,word,1,496
16,8773,24927,50,heerlijk,word,word,1,418
16,12239,24847,50,kuil,word,word,1,458
16,23913,24808,50,uitroep,word,word,1,435
16,6645,25173,50,geeuw,word,word,1,NA
16,15947,24850,50,opzet,word,word,1,446
16,21155,25175,50,spoor,word,word,1,588
16,22295,24812,50,strips,word,word,1,508
16,27387,24813,50,zegden,word,word,1,477
16,9211,24935,50,hoekig,word,word,1,420
16,7361,25057,50,geulen,word,nonword,0,NA
16,5429,24816,50,els,word,nonword,0,NA
16,15799,24817,50,ook,word,word,1,556
16,12117,25182,50,kroost,word,word,1,530
16,15999,25101,50,ouder,word,word,1,440
16,25375,24820,50,voegde,word,word,1,511
16,6285,24821,50,fuiken,word,nonword,0,NA
16,23707,24822,50,tucht,word,word,1,792
16,13851,24823,50,makers,word,word,1,718
16,22101,25187,50,stoten,word,word,1,660
16,8507,24946,50,halfvol,word,word,1,428
16,17929,24947,50,rechtop,word,word,1,385
16,14521,24867,50,mister,word,nonword,0,NA
16,18735,24949,50,ruggen,word,word,1,492
16,17719,24829,50,raam,word,word,1,460
16,3029,24830,50,buitje,word,word,1,495
16,14347,24911,50,mieren,word,word,1,631
16,11233,24832,50,klus,word,word,1,482
16,23703,24953,50,tuben,word,nonword,0,NA
16,14487,25198,50,misdaan,word,word,1,491
16,4757,24875,50,drankje,word,word,1,562
16,3285,25037,50,chip,word,word,1,515
16,24459,25079,50,verguld,word,word,1,681
16,8965,24838,50,her,word,nonword,0,NA
16,2325,24960,50,bomen,word,word,1,539
16,2005,24840,50,blikjes,word,word,1,604
16,13679,24962,50,luthers,word,nonword,0,NA
16,5419,25003,50,elftal,word,word,1,628
16,25457,24883,50,vol,word,word,1,445
16,23411,24844,50,traject,word,word,1,465
16,2243,24845,50,boekte,word,word,1,467
16,1205,24967,50,bekers,word,word,1,436
16,12459,25129,50,la,word,word,1,808
16,17157,24969,50,pootje,word,word,1,489
16,22941,24849,50,teugjes,word,word,1,558
16,1913,25011,50,bladzij,word,word,1,590
16,24955,24851,50,veulen,word,word,1,482
16,6013,24852,50,flitsten,word,word,1,485
16,18035,24974,50,regent,word,word,1,479
16,17927,24894,50,rechthoek,word,word,1,473
16,4259,24976,50,dinars,word,nonword,0,NA
16,7559,24856,50,gezwel,word,word,1,607
16,27993,25099,50,zwaarte,word,word,1,620
16,13521,24898,50,losprijs,word,word,1,549
16,14647,24939,50,moment,word,word,1,418
16,10603,24981,50,kent,word,word,1,500
16,693,24941,50,badjes,word,word,1,441
16,7853,24862,50,gondel,word,word,1,691
16,12273,24863,50,kuiten,word,word,1,605
16,18055,24864,50,reikten,word,word,1,442
16,1021,24986,50,bedroog,word,word,1,425
16,20207,25107,50,slechtvalk,word,nonword,0,NA
16,14451,25028,50,minnaar,word,word,1,411
16,1963,24868,50,bliek,word,nonword,0,NA
16,28123,24990,50,zweven,word,word,1,518
16,25507,24991,50,volkstaal,word,word,1,567
16,25921,25005,50,vruchtbaar,word,word,1,436
16,26633,25033,50,wesp,word,word,1,454
16,4363,25153,50,doemden,word,nonword,0,NA
16,27661,25034,50,zitten,word,word,1,409
16,14579,24928,50,moeiten,word,word,1,472
16,24029,25077,50,vaatjes,word,word,1,584
16,18315,24957,50,rijkste,word,word,1,528
16,26601,24878,50,werkten,word,word,1,471
16,7527,24879,50,gezeefd,word,word,1,666
16,2217,25001,50,boeg,word,word,1,574
16,7121,25002,50,geroep,word,word,1,733
16,6429,24922,50,gardes,word,nonword,0,NA
16,26295,24923,50,wedstrijd,word,word,1,445
16,17667,24897,50,puur,word,word,1,484
16,12795,25006,50,leende,word,word,1,408
16,19169,24886,50,scheepje,word,word,1,439
16,19325,25142,50,scheurtje,word,word,1,600
16,9207,25140,50,hoek,word,word,1,418
16,5391,25010,50,eiste,word,word,1,558
16,19745,25051,50,schuil,word,word,1,529
16,8649,25012,50,harder,word,word,1,444
16,13211,25013,50,lijkbleek,word,word,1,NA
16,12663,24893,50,lans,word,word,1,754
16,19827,24934,50,script,word,word,1,464
16,24169,25137,50,vatte,word,word,1,607
16,21787,25017,50,stichting,word,word,1,672
16,15227,25030,50,nieuwbouw,word,word,1,460
16,20131,24938,50,slaapplaats,word,word,1,429
16,1505,25019,50,besteeg,word,nonword,0,NA
16,18201,25047,50,reveil,word,nonword,0,NA
16,23387,25087,50,traden,word,nonword,0,NA
16,367,24902,50,alhier,word,nonword,0,NA
16,27219,24903,50,zachter,word,word,1,518
16,4631,24904,50,dorpsstraat,word,word,1,632
16,4113,25147,50,dichtte,word,word,1,417
16,25753,25146,50,vossen,word,word,1,495
16,21391,25054,50,staatshoofd,word,word,1,542
16,16599,24908,50,pijlen,word,word,1,414
16,24627,24909,50,verplaatst,word,word,1,548
16,4039,25043,50,deugden,word,word,1,458
16,21355,25045,50,staakten,word,nonword,0,NA
16,23979,24992,50,uzelf,word,word,1,518
16,187,25059,50,achtste,word,word,1,583
16,20601,25139,50,sneller,word,word,1,513
16,14703,25180,50,mooiste,word,word,1,516
16,2773,24996,50,brij,word,nonword,0,NA
16,27179,24970,50,yes,word,word,1,476
16,12541,25171,50,laders,word,nonword,0,NA
16,22631,24919,50,takjes,word,word,1,575
16,15821,25093,50,oorlog,word,word,1,745
16,17921,24961,50,rechtens,word,nonword,0,NA
16,16437,25083,50,pelsjes,word,word,1,670
16,8699,25136,50,hartslag,word,word,1,461
16,24793,24937,50,vertrok,word,word,1,474
16,4713,25046,50,draaitjes,word,nonword,0,NA
16,3727,25032,50,daken,word,nonword,0,NA
16,22939,25166,50,teugje,word,word,1,441
16,25775,25086,50,vrachten,word,word,1,556
16,24521,24929,50,verkoop,word,word,1,506
16,13799,24943,50,machtig,word,word,1,446
16,13791,24944,50,macho,word,word,1,402
16,12821,24932,50,leerstof,word,word,1,510
16,16185,25025,50,pantsers,word,word,1,703
16,18273,25014,50,riet,word,nonword,0,NA
16,16073,25177,50,pachten,word,nonword,0,NA
16,19831,25029,50,scripties,word,word,1,640
16,2125,25176,50,bloosde,word,word,1,554
16,9497,25018,50,horens,word,nonword,0,NA
16,2013,24965,50,blikte,word,word,1,543
16,2715,25050,50,breintje,word,word,1,528
16,25223,24985,50,vliegjes,word,word,1,469
16,14285,25063,50,meter,word,word,1,581
16,22343,25049,50,stroompje,word,word,1,560
16,9987,25122,50,jantjes,word,nonword,0,NA
16,5583,25015,50,es,word,nonword,0,NA
16,21325,25024,50,spullen,word,word,1,510
16,9937,25053,50,jachten,word,nonword,0,NA
16,14455,25058,50,minnen,word,word,1,451
16,26105,24983,50,wachter,word,word,1,427
16,23403,24984,50,trainen,word,word,1,383
16,8909,25004,50,helmpje,word,word,1,481
16,18171,25105,50,return,word,word,1,670
16,8383,25145,50,haagse,word,nonword,0,NA
16,10849,25184,50,kistje,word,word,1,528
16,18411,25135,50,rivaal,word,word,1,674
16,7113,25165,50,gerept,word,nonword,0,NA
16,19701,25023,50,schrijvers,word,word,1,558
16,4879,25185,50,drom,word,nonword,0,NA
18,22510,24896,50,nijtes,nonword,nonword,1,576
18,382,24882,50,aldenkt,nonword,nonword,1,476
18,3360,24771,50,sheras,nonword,nonword,1,428
18,26464,24851,50,welhoets,nonword,nonword,1,504
18,2920,24958,50,bruistvaar,nonword,nonword,1,488
18,18714,24840,50,rimaal,nonword,nonword,1,776
18,26418,24895,50,dieden,nonword,nonword,1,527
18,25798,24809,50,prodes,nonword,nonword,1,449
18,27928,24854,50,jul,nonword,nonword,1,511
18,4648,24766,50,det,nonword,nonword,1,407
18,5594,24892,50,espren,nonword,nonword,1,469
18,4102,24733,50,ruchter,nonword,nonword,1,492
18,9806,24930,50,inslong,nonword,nonword,1,529
18,13156,24850,50,ties,nonword,nonword,1,502
18,19112,24855,50,scheser,nonword,nonword,1,449
18,11410,24968,50,vrerde,nonword,nonword,1,523
18,19924,24814,50,servoys,nonword,nonword,1,437
18,12004,24948,50,krub,nonword,nonword,1,561
18,7390,24792,50,gevoort,nonword,nonword,1,595
18,6632,24877,50,geendvins,nonword,nonword,1,518
18,14468,24781,50,konstens,nonword,nonword,1,742
18,25650,24847,50,voorschim,nonword,nonword,1,464
18,20316,24917,50,troewer,nonword,nonword,1,484
18,17308,24962,50,praak,nonword,nonword,1,549
18,5326,24880,50,egnect,nonword,nonword,1,556
18,4802,24903,50,blelen,nonword,nonword,1,563
18,26982,25001,50,kilken,nonword,nonword,1,538
18,19540,24726,50,schaakmaak,nonword,nonword,1,NA
18,20060,24846,50,skeeltje,nonword,nonword,1,511
18,1388,24961,50,helken,nonword,nonword,1,499
18,2256,24873,50,hooltjes,nonword,nonword,1,655
18,18380,24889,50,dangen,nonword,nonword,1,575
18,20158,24769,50,slabdoom,nonword,nonword,1,488
18,26872,25008,50,wonds,nonword,nonword,1,527
18,4960,24876,50,grekkend,nonword,nonword,1,450
18,12250,24772,50,roeltjes,nonword,nonword,1,593
18,20344,24773,50,slokgalk,nonword,nonword,1,495
18,6012,24852,50,smatste,nonword,nonword,1,474
18,15886,24813,50,opzief,nonword,nonword,1,434
18,12234,24752,50,wiefjes,nonword,nonword,1,741
18,4264,24939,50,divept,nonword,nonword,1,475
18,21952,24940,50,statje,nonword,nonword,1,509
18,2112,24780,50,prond,nonword,nonword,1,567
18,22254,24808,50,stroed,nonword,nonword,1,428
18,9930,24822,50,jaarmol,nonword,nonword,1,486
18,6066,25024,50,farder,nonword,nonword,1,619
18,12790,24972,50,lijdten,nonword,nonword,1,663
18,7580,24920,50,gies,nonword,nonword,1,463
18,6344,25027,50,gees,nonword,nonword,1,981
18,13636,24907,50,beiten,nonword,word,0,NA
18,3606,25016,50,culvis,nonword,nonword,1,461
18,11384,24978,50,knilploeg,nonword,nonword,1,628
18,8824,24764,50,laggen,nonword,nonword,1,479
18,15558,24912,50,omtroon,nonword,nonword,1,513
18,19872,24993,50,fakte,nonword,nonword,1,507
18,14756,24994,50,mopzee,nonword,nonword,1,428
18,6932,24982,50,geleigd,nonword,nonword,1,484
18,24060,24835,50,vakvleep,nonword,nonword,1,628
18,15388,24997,50,nie,nonword,word,0,NA
18,11230,25038,50,krieten,nonword,word,0,NA
18,16464,25013,50,pesteel,nonword,nonword,1,474
18,27814,24839,50,taampjes,nonword,nonword,1,469
18,24984,25041,50,vuurmeel,nonword,nonword,1,653
18,224,24760,50,omders,nonword,nonword,1,700
18,2032,24897,50,bloccops,nonword,nonword,1,414
18,13786,25018,50,moets,nonword,nonword,1,437
18,3550,24884,50,jolers,nonword,nonword,1,400
18,21052,24765,50,speuntje,nonword,nonword,1,786
18,27672,24886,50,zu,nonword,nonword,1,507
18,24550,24927,50,vermeeld,nonword,nonword,1,886
18,25180,24807,50,proosmes,nonword,nonword,1,456
18,1720,24929,50,beproek,nonword,nonword,1,428
18,2944,25051,50,krillend,nonword,nonword,1,603
18,14428,25012,50,wimen,nonword,nonword,1,471
18,26668,25053,50,remen,nonword,nonword,1,555
18,24274,24812,50,vomen,nonword,nonword,1,412
18,496,24934,50,akwal,nonword,nonword,1,600
18,14156,25056,50,kerding,nonword,nonword,1,481
18,19456,24870,50,scheft,nonword,nonword,1,541
18,26066,25058,50,waarat,nonword,nonword,1,518
18,12478,25019,50,laakst,nonword,nonword,1,489
18,20686,25060,50,snijt,nonword,nonword,1,700
18,10454,25061,50,korsen,nonword,nonword,1,453
18,17494,24901,50,probrums,nonword,nonword,1,NA
18,8430,24902,50,luurden,nonword,word,0,NA
18,13978,25064,50,marlin,nonword,nonword,1,447
18,9352,24905,50,hevend,nonword,nonword,1,536
18,11550,24744,50,koffin,nonword,nonword,1,464
18,4856,24825,50,dricks,nonword,nonword,1,509
18,15490,24826,50,obee,nonword,nonword,1,462
18,3380,25069,50,clairtje,nonword,nonword,1,699
18,9364,25017,50,hoogd,nonword,nonword,1,449
18,3496,25031,50,jonzuls,nonword,nonword,1,470
18,27278,24830,50,panig,nonword,nonword,1,780
18,26750,25033,50,loeden,nonword,nonword,1,557
18,4790,24913,50,frassoir,nonword,nonword,1,498
18,17090,24712,50,pori,nonword,nonword,1,463
18,2758,24834,50,broudje,nonword,nonword,1,464
18,20014,24916,50,suitlijk,nonword,nonword,1,549
18,12762,24957,50,peef,nonword,nonword,1,485
18,21570,24715,50,sladen,nonword,nonword,1,543
18,27678,25000,50,zorst,nonword,nonword,1,823
18,15670,25081,50,onthaft,nonword,nonword,1,477
18,28052,25082,50,bleem,nonword,word,0,NA
18,14826,25003,50,muif,nonword,nonword,1,560
18,592,24964,50,auleer,nonword,nonword,1,426
18,8682,25085,50,laspen,nonword,nonword,1,631
18,26888,24885,50,wingt,nonword,nonword,1,838
18,22892,24845,50,tole,nonword,nonword,1,593
18,11424,25088,50,knijst,nonword,nonword,1,586
18,422,24725,50,arrijd,nonword,nonword,1,454
18,2538,25090,50,bourtin,nonword,nonword,1,476
18,19644,24727,50,schroeche,nonword,nonword,1,472
18,13808,24971,50,mavarm,nonword,nonword,1,NA
18,26270,25093,50,dakten,nonword,nonword,1,533
18,19016,24730,50,crèzes,nonword,nonword,1,400
18,9570,24731,50,moeden,nonword,word,0,NA
18,24006,24732,50,vaakt,nonword,nonword,1,907
18,3052,25097,50,himper,nonword,nonword,1,497
18,4098,24977,50,ruchte,nonword,word,0,NA
18,12912,24735,50,bakke,nonword,word,0,NA
18,26068,24979,50,waardants,nonword,nonword,1,449
18,21458,25101,50,stamwoogd,nonword,nonword,1,575
18,11934,25102,50,kloppe,nonword,nonword,1,573
18,16224,25063,50,parbin,nonword,nonword,1,443
18,16766,24983,50,plakzaan,nonword,nonword,1,519
18,23658,24863,50,blicje,nonword,nonword,1,535
18,2294,25026,50,rof,nonword,nonword,1,634
18,4000,25107,50,depals,nonword,nonword,1,454
18,6688,25108,50,geklaaid,nonword,nonword,1,442
18,17746,24867,50,rarszaan,nonword,nonword,1,865
18,20140,24950,50,braat,nonword,nonword,1,741
18,14352,24707,50,moontjes,nonword,nonword,1,625
18,23830,24748,50,tweewaarts,nonword,nonword,1,NA
18,10104,24952,50,canger,nonword,nonword,1,548
18,20046,25114,50,sep,nonword,nonword,1,753
18,27822,25115,50,teintjes,nonword,nonword,1,602
18,27000,25116,50,rinder,nonword,nonword,1,440
18,11864,24713,50,klaan,nonword,nonword,1,545
18,20214,24754,50,bree,nonword,nonword,1,NA
18,26016,24998,50,moeier,nonword,word,0,NA
18,20762,25040,50,sarber,nonword,nonword,1,642
18,20904,25121,50,speeps,nonword,nonword,1,474
18,12878,25122,50,heid,nonword,nonword,1,557
18,12098,24719,50,crodiek,nonword,nonword,1,709
18,8842,25084,50,hijl,nonword,word,0,NA
18,18222,24762,50,debbe,nonword,nonword,1,612
18,24176,25126,50,wecht,nonword,nonword,1,640
18,6290,24763,50,ferttie,nonword,nonword,1,577
18,26876,25128,50,minsvlaag,nonword,nonword,1,495
18,1812,25129,50,haaster,nonword,nonword,1,576
18,8716,25130,50,lalens,nonword,nonword,1,479
18,15104,25010,50,noegt,nonword,nonword,1,467
18,16240,25132,50,purk,nonword,nonword,1,496
18,1248,25133,50,borde,nonword,nonword,1,673
18,8134,24770,50,kleesaards,nonword,nonword,1,506
18,9060,25135,50,leise,nonword,nonword,1,508
18,7806,25136,50,goenteels,nonword,nonword,1,NA
18,9496,25137,50,bolen,nonword,nonword,1,536
18,17922,24774,50,dochtens,nonword,nonword,1,NA
18,23002,25139,50,zuinen,nonword,nonword,1,556
18,6756,24776,50,zeit,nonword,nonword,1,813
18,18590,25141,50,mondtang,nonword,word,0,NA
18,25038,25142,50,wiging,nonword,nonword,1,574
18,12530,25103,50,hochten,nonword,nonword,1,524
18,3240,25144,50,cengt,nonword,nonword,1,474
18,25742,25145,50,vensend,nonword,nonword,1,477
18,2058,24985,50,plaaide,nonword,nonword,1,636
18,13478,25147,50,laadbaan,nonword,word,0,NA
18,13688,24784,50,humte,nonword,nonword,1,479
18,14318,25028,50,mevrooi,nonword,nonword,1,548
18,19638,24989,50,schroken,nonword,nonword,1,441
18,11024,25151,50,grijnzoon,nonword,nonword,1,602
18,3620,24788,50,cusme,nonword,nonword,1,475
18,16666,25113,50,pendy's,nonword,nonword,1,729
18,14842,24790,50,kuinen,nonword,nonword,1,510
18,27022,25155,50,moont,nonword,nonword,1,633
18,19126,25156,50,schukje,nonword,nonword,1,678
18,21142,25157,50,krinsen,nonword,nonword,1,529
18,16018,24794,50,oepste,nonword,nonword,1,774
18,23378,25159,50,druchtte,nonword,nonword,1,952
18,19736,25080,50,schagden,nonword,nonword,1,491
18,13654,24797,50,luttig,nonword,nonword,1,NA
18,25684,24798,50,voodsdang,nonword,nonword,1,569
18,1428,24881,50,beschard,nonword,nonword,1,539
18,15128,25124,50,nalven,nonword,nonword,1,462
18,23562,24801,50,kloep,nonword,nonword,1,530
18,20434,25166,50,tweekten,nonword,nonword,1,507
18,17704,24925,50,kaadt,nonword,nonword,1,511
18,16654,24805,50,rils,nonword,nonword,1,566
18,24240,25169,50,vem,nonword,nonword,1,505
18,15298,25049,50,nijner,nonword,nonword,1,612
18,16094,25171,50,pef,nonword,nonword,1,527
18,9726,25172,50,oefwat,nonword,nonword,1,464
18,3204,25173,50,cal,nonword,nonword,1,484
18,2214,24810,50,lijdels,nonword,nonword,1,468
18,5466,24811,50,ansels,nonword,nonword,1,423
18,14444,25176,50,mivoor,nonword,nonword,1,907
18,13614,25177,50,bieers,nonword,nonword,1,476
18,3432,25178,50,joka,nonword,nonword,1,446
18,19324,25179,50,schoert,nonword,nonword,1,450
18,10584,24938,50,hande,nonword,nonword,1,556
18,17330,25181,50,bloken,nonword,nonword,1,456
18,4692,24818,50,spaai,nonword,nonword,1,523
18,11860,25022,50,griempje,nonword,nonword,1,839
18,16124,24820,50,paroes,nonword,nonword,1,624
18,3722,25185,50,wadlicht,nonword,nonword,1,883
18,18206,25186,50,redieu,nonword,nonword,1,NA
18,22174,25066,50,strang,nonword,nonword,1,552
18,22084,25188,50,stortgind,nonword,nonword,1,477
18,4698,25189,50,sloeiden,nonword,nonword,1,527
18,26618,25190,50,lespen,nonword,nonword,1,448
18,4334,24706,50,dea,nonword,word,0,NA
18,940,25192,50,bamier,nonword,nonword,1,560
18,21122,24951,50,grijdig,nonword,nonword,1,765
18,15228,25194,50,noodsbouw,nonword,nonword,1,653
18,278,24711,50,afschef,nonword,nonword,1,877
18,18474,25075,50,roeg,nonword,nonword,1,NA
18,862,25076,50,ralen,nonword,nonword,1,543
18,23688,25198,50,bratten,nonword,nonword,1,530
18,18576,25199,50,rolk,nonword,nonword,1,499
18,21118,25200,50,spuid,nonword,nonword,1,437
18,20491,24701,50,smet,word,word,1,509
18,4281,24702,50,disco's,word,word,1,446
18,8077,24703,50,grieks,word,word,1,466
18,9197,24704,50,hoef,word,word,1,694
18,9255,24705,50,hoeve,word,word,1,447
18,1553,25070,50,beton,word,word,1,501
18,14417,25071,50,milkshakes,word,word,1,471
18,8889,24708,50,hele,word,word,1,430
18,23577,24709,50,troggen,word,nonword,0,NA
18,43,24710,50,aanhang,word,word,1,407
18,6747,24832,50,geintje,word,word,1,556
18,10377,24833,50,kantjes,word,word,1,412
18,5891,25077,50,filmpje,word,word,1,399
18,2677,24714,50,brasem,word,nonword,0,NA
18,20097,25079,50,skunks,word,nonword,0,NA
18,5341,24716,50,eicel,word,word,1,511
18,5257,24717,50,eendracht,word,word,1,511
18,11023,24718,50,kleinzoon,word,word,1,449
18,4339,25083,50,doekje,word,word,1,430
18,18947,24720,50,sandaal,word,word,1,446
18,22737,24721,50,tastzin,word,word,1,466
18,17197,24722,50,portiek,word,word,1,437
18,2901,24723,50,brug,word,word,1,378
18,3509,24724,50,contract,word,word,1,401
18,25483,25089,50,volgt,word,word,1,473
18,12333,24887,50,kust,word,word,1,395
18,8455,25091,50,haastig,word,word,1,511
18,4261,24728,50,diner,word,word,1,427
18,23443,24729,50,trapt,word,word,1,527
18,5119,25094,50,dutje,word,word,1,597
18,14075,25095,50,meen,word,word,1,628
18,12267,25096,50,kuisheid,word,word,1,495
18,5097,24975,50,dupes,word,word,1,NA
18,22407,24734,50,stugge,word,word,1,446
18,3519,25099,50,correct,word,word,1,441
18,10017,24736,50,je,word,word,1,421
18,11935,24737,50,kras,word,word,1,410
18,4513,24738,50,doofde,word,word,1,416
18,19915,24739,50,serveer,word,word,1,565
18,17679,24740,50,qua,word,word,1,453
18,253,24741,50,afdronk,word,word,1,504
18,10459,24742,50,kast,word,word,1,474
18,26225,24743,50,warmer,word,word,1,445
18,12559,24865,50,laffe,word,word,1,494
18,7193,24745,50,geschut,word,word,1,483
18,21169,24746,50,spoortje,word,word,1,614
18,13469,24747,50,loont,word,word,1,484
18,1893,25112,50,blaam,word,word,1,554
18,25743,24749,50,vorst,word,word,1,574
18,2021,24750,50,blinde,word,word,1,428
18,27895,24751,50,zuidkant,word,word,1,433
18,4815,25034,50,drietal,word,word,1,444
18,16079,24753,50,pact,word,word,1,477
18,25141,25118,50,vlagje,word,word,1,415
18,16069,24755,50,paasbloem,word,word,1,535
18,9515,24756,50,horzels,word,word,1,567
18,10509,24757,50,keelpijn,word,word,1,455
18,16519,24758,50,peso's,word,nonword,0,NA
18,1477,24759,50,bespeurd,word,word,1,605
18,3223,25002,50,cent,word,word,1,378
18,14467,24761,50,minstens,word,word,1,582
18,9169,24883,50,hitte,word,word,1,477
18,5701,25127,50,factor,word,word,1,476
18,13245,25006,50,lik,word,word,1,436
18,9345,25007,50,honderd,word,word,1,377
18,24709,24806,50,verspild,word,word,1,485
18,3975,24767,50,denk,word,nonword,0,NA
18,9873,24768,50,inteelt,word,word,1,735
18,2765,24890,50,briesje,word,word,1,686
18,1097,25134,50,beetjes,word,word,1,524
18,2435,25175,50,bord,word,word,1,455
18,9861,24893,50,inslaan,word,nonword,0,NA
18,11321,24894,50,knielde,word,word,1,426
18,4409,25138,50,dolfijn,word,word,1,457
18,6011,24775,50,flitste,word,word,1,524
18,15679,25140,50,ontkwam,word,word,1,587
18,11333,24777,50,knijpt,word,word,1,449
18,23717,24778,50,tuinbouw,word,word,1,405
18,18807,24779,50,ruizen,word,word,1,651
18,24609,25143,50,vermomd,word,word,1,573
18,27261,25023,50,zakt,word,word,1,554
18,9351,24782,50,honend,word,word,1,670
18,26567,24783,50,werkers,word,word,1,393
18,1381,25148,50,bericht,word,word,1,448
18,17459,24785,50,produkt,word,nonword,0,NA
18,15007,24786,50,najaars,word,word,1,537
18,26543,24787,50,werd,word,word,1,NA
18,25193,25152,50,vlerken,word,nonword,0,NA
18,7757,24789,50,glommen,word,nonword,0,NA
18,8015,25154,50,grave,word,word,1,421
18,21821,24791,50,stijf,word,word,1,431
18,18603,24953,50,ronduit,word,word,1,452
18,20793,24793,50,sou,word,nonword,0,NA
18,18355,25158,50,rijzen,word,word,1,386
18,14751,24795,50,mortel,word,word,1,508
18,4757,24796,50,drankje,word,word,1,477
18,14667,25161,50,mondjes,word,word,1,492
18,23033,25162,50,tijdgeest,word,nonword,0,NA
18,17277,24799,50,praatten,word,word,1,NA
18,25111,24800,50,visum,word,word,1,605
18,27461,25165,50,zenden,word,word,1,423
18,22287,24802,50,strikt,word,word,1,625
18,24263,24803,50,veldwerk,word,word,1,414
18,4895,24804,50,drommen,word,word,1,484
18,725,24926,50,bakjes,word,word,1,NA
18,12359,24967,50,kwaal,word,word,1,439
18,16083,24928,50,pad,word,word,1,440
18,1401,25050,50,beroept,word,word,1,689
18,18065,24849,50,reis,word,word,1,383
18,22847,25174,50,temmen,word,word,1,517
18,14711,24891,50,moorden,word,word,1,NA
18,4065,24933,50,deurbel,word,word,1,418
18,7077,25055,50,geplukt,word,word,1,395
18,17635,24935,50,punk,word,nonword,0,NA
18,24985,24815,50,viert,word,nonword,0,NA
18,19541,24816,50,schoonste,word,word,1,575
18,19197,24817,50,scheidslijn,word,word,1,590
18,18497,25182,50,roestig,word,word,1,507
18,23385,24819,50,trad,word,word,1,444
18,27181,25184,50,yin,word,nonword,0,NA
18,22123,24821,50,straat,word,word,1,684
18,14551,24943,50,modern,word,word,1,722
18,13803,24823,50,madam,word,word,1,472
18,1037,24824,50,bedwong,word,nonword,0,NA
18,6553,24946,50,gedacht,word,word,1,643
18,21335,24947,50,spuugde,word,word,1,462
18,23633,24827,50,trottoirs,word,word,1,449
18,10395,24828,50,kapjes,word,word,1,486
18,22313,24829,50,stromen,word,word,1,424
18,27911,25072,50,zuil,word,nonword,0,NA
18,13403,24831,50,lokjes,word,word,1,739
18,19005,24872,50,scepsis,word,word,1,543
18,6371,24954,50,galblaas,word,word,1,504
18,23945,24955,50,uitzien,word,word,1,394
18,11119,24956,50,klimmen,word,word,1,399
18,2985,24836,50,bui,word,word,1,544
18,11467,24837,50,koelie,word,nonword,0,NA
18,15295,24838,50,noemen,word,word,1,432
18,24389,24960,50,verdronk,word,word,1,413
18,14147,25120,50,mekka,word,word,1,522
18,24151,24841,50,varkens,word,word,1,494
18,19021,24842,50,schaakbord,word,word,1,400
18,26897,24843,50,winters,word,word,1,422
18,25223,24844,50,vliegjes,word,word,1,396
18,5417,24966,50,elfen,word,word,1,401
18,23733,25047,50,tuintjes,word,word,1,395
18,7785,25048,50,goddank,word,word,1,465
18,26009,24848,50,waaide,word,word,1,644
18,22001,25131,50,stonk,word,word,1,594
18,4327,25092,50,doctors,word,word,1,415
18,2669,24931,50,brandstof,word,word,1,578
18,1561,24973,50,betoond,word,word,1,NA
18,14249,24853,50,merkten,word,word,1,460
18,10375,25015,50,kantje,word,word,1,491
18,22433,24976,50,stukjes,word,word,1,408
18,3559,24856,50,credo's,word,nonword,0,NA
18,19125,24857,50,schatje,word,word,1,425
18,9901,24858,50,inzien,word,word,1,382
18,25963,24859,50,vulling,word,word,1,468
18,24365,24860,50,verdiend,word,word,1,376
18,9959,24861,50,jagers,word,word,1,430
18,23407,24862,50,trainers,word,word,1,435
18,16927,24984,50,plompe,word,nonword,0,NA
18,13639,24864,50,luizen,word,word,1,376
18,699,24986,50,badpak,word,word,1,391
18,27245,24866,50,zake,word,nonword,0,NA
18,6337,24988,50,gaapte,word,word,1,469
18,24893,24868,50,verzocht,word,word,1,596
18,4499,24869,50,doodsnood,word,nonword,0,NA
18,5359,24991,50,einddoel,word,word,1,416
18,10313,24871,50,kalmpjes,word,word,1,477
18,27311,25073,50,zanger,word,word,1,443
18,26359,25074,50,weerslag,word,word,1,383
18,1565,24874,50,betrapt,word,word,1,667
18,12451,24875,50,kwik,word,word,1,631
18,12143,25037,50,kruiken,word,word,1,385
18,103,25119,50,aanzien,word,word,1,421
18,27429,24878,50,zeiltje,word,word,1,520
18,14273,24879,50,mesthoop,word,word,1,457
18,27383,25160,50,zeg,word,word,1,455
18,21011,25123,50,speuren,word,word,1,493
18,6183,24922,50,fransman,word,word,1,NA
18,14713,25004,50,moorse,word,word,1,544
18,7353,25005,50,getto's,word,word,1,448
18,14321,25046,50,mezelf,word,word,1,355
18,5687,25087,50,faam,word,word,1,505
18,12621,25168,50,landje,word,word,1,503
18,22763,24888,50,teef,word,word,1,610
18,22929,24969,50,tests,word,word,1,619
18,26299,25011,50,weeë,word,word,1,501
18,21757,24904,50,steunend,word,word,1,419
18,24677,24932,50,verschoot,word,word,1,480
18,7087,25014,50,geprikt,word,word,1,589
18,23275,24974,50,toom,word,word,1,404
18,1795,24908,50,bijlen,word,word,1,652
18,19785,24936,50,schuren,word,word,1,469
18,2659,24937,50,brandje,word,word,1,456
18,25579,24898,50,vooral,word,word,1,387
18,8559,24899,50,hamster,word,word,1,442
18,12639,24900,50,landweg,word,word,1,414
18,11367,24941,50,knipsels,word,nonword,0,NA
18,17289,24942,50,praktijk,word,word,1,396
18,13733,25104,50,maakten,word,word,1,493
18,1491,25078,50,bestaand,word,word,1,389
18,19459,24945,50,schok,word,word,1,496
18,15019,24906,50,napels,word,nonword,0,NA
18,25305,25149,50,vloog,word,word,1,468
18,8703,24921,50,hartstreek,word,word,1,561
18,7809,24909,50,goedheid,word,word,1,503
18,8801,24910,50,heet,word,word,1,425
18,7881,24911,50,gootsteen,word,word,1,462
18,17773,24992,50,radje,word,word,1,405
18,12121,25153,50,kropen,word,word,1,615
18,25565,24914,50,vonnis,word,word,1,468
18,24883,24915,50,verwoord,word,word,1,599
18,5599,24996,50,essen,word,nonword,0,NA
18,22771,24970,50,teelt,word,word,1,425
18,9805,24918,50,inbreng,word,word,1,455
18,667,24919,50,baatte,word,word,1,459
18,1797,25054,50,bijltje,word,word,1,555
18,18169,25068,50,reten,word,word,1,540
18,10357,25042,50,kanons,word,word,1,489
18,7715,24923,50,glimlach,word,word,1,373
18,1261,24924,50,belet,word,word,1,444
18,18219,24965,50,rib,word,word,1,495
18,26659,25167,50,wetend,word,word,1,NA
18,3027,24980,50,buitens,word,nonword,0,NA
18,19289,25170,50,scherpte,word,word,1,427
18,14033,25009,50,matroos,word,word,1,464
18,27101,25183,50,wratje,word,nonword,0,NA
18,18745,24944,50,ruig,word,word,1,394
18,18741,25052,50,rugpijn,word,word,1,489
18,4411,25067,50,dolgraag,word,word,1,456
18,1551,25187,50,beter,word,word,1,441
18,4649,25109,50,dotten,word,nonword,0,NA
18,5975,24949,50,fles,word,word,1,432
18,2265,25098,50,boeren,word,word,1,420
18,2951,25059,50,bruto,word,word,1,440
18,6407,25100,50,gangster,word,word,1,524
18,7143,25086,50,geruit,word,nonword,0,NA
18,13895,24981,50,mandaat,word,word,1,749
18,15551,25062,50,omschrijft,word,word,1,505
18,799,25036,50,banaan,word,word,1,461
18,12021,25117,50,krijger,word,nonword,0,NA
18,1883,25106,50,bizar,word,word,1,433
18,18289,24959,50,rijden,word,word,1,459
18,3493,24999,50,consul,word,word,1,501
18,4101,24987,50,dichter,word,word,1,365
18,14171,25180,50,melkzuur,word,word,1,502
18,1989,24990,50,blijkbaar,word,word,1,444
18,1515,25193,50,bestemd,word,word,1,574
18,15331,25032,50,noodkreet,word,word,1,NA
18,9869,25035,50,insult,word,nonword,0,NA
18,13861,25196,50,maleis,word,word,1,459
18,8517,25197,50,halm,word,word,1,429
18,9977,24995,50,jankend,word,word,1,561
18,20193,25146,50,slaven,word,word,1,432
18,17515,25105,50,prop,word,word,1,463
18,4215,25025,50,dij,word,nonword,0,NA
18,26159,25065,50,walm,word,word,1,418
18,26335,25045,50,weeral,word,word,1,430
18,16025,25164,50,ouwe,word,word,1,367
18,27785,24963,50,zongen,word,word,1,421
18,23585,25125,50,trollen,word,nonword,0,NA
18,279,25057,50,afslag,word,word,1,467
18,21681,25039,50,stemt,word,nonword,0,NA
18,4389,25020,50,dogma,word,word,1,587
18,7435,25021,50,gevoegd,word,word,1,618
18,17297,25195,50,pratend,word,word,1,505
18,9085,25111,50,hier,word,word,1,487
18,1759,25150,50,biertjes,word,word,1,472
18,7643,25110,50,giraf,word,word,1,434
18,23303,25163,50,toorn,word,word,1,460
18,21537,25030,50,starten,word,word,1,500
18,27589,25044,50,zijdeur,word,word,1,460
18,20679,25191,50,snotneus,word,word,1,644
18,11,25043,50,aalmoes,word,word,1,556
18,16285,25029,50,passend,word,word,1,516
19,5710,24701,50,fatt,nonword,nonword,1,1058
19,306,25187,50,ab,nonword,nonword,1,999
19,23716,24703,50,tuip,nonword,nonword,1,696
19,23994,24704,50,poondel,nonword,nonword,1,NA
19,11350,24826,50,plokkers,nonword,nonword,1,568
19,426,25070,50,alvier,nonword,nonword,1,724
19,18146,24707,50,mipte,nonword,nonword,1,692
19,20278,24829,50,brukken,nonword,nonword,1,NA
19,26052,24709,50,waardaagd,nonword,nonword,1,511
19,18948,25194,50,tondaal,nonword,nonword,1,520
19,13052,24711,50,bemend,nonword,nonword,1,499
19,17924,24712,50,wichter,nonword,nonword,1,1333
19,10372,24713,50,kint,nonword,nonword,1,822
19,168,24835,50,ahs,nonword,nonword,1,494
19,14636,24715,50,mel,nonword,nonword,1,589
19,8846,25080,50,heispot,nonword,nonword,1,451
19,5296,24717,50,ootste,nonword,nonword,1,699
19,15302,24718,50,noomt,nonword,nonword,1,468
19,26650,25083,50,wengtust,nonword,nonword,1,583
19,9990,24720,50,jahens,nonword,nonword,1,425
19,23324,24842,50,toppost,nonword,nonword,1,NA
19,25410,24964,50,veenlui,nonword,nonword,1,446
19,7538,24723,50,genoer,nonword,nonword,1,548
19,12892,24966,50,heigraad,nonword,nonword,1,689
19,14522,24725,50,vester,nonword,word,0,NA
19,1570,25090,50,beplukt,nonword,word,0,NA
19,16384,25091,50,peuoon,nonword,nonword,1,495
19,12384,24849,50,vram,nonword,nonword,1,NA
19,964,24729,50,ladden,nonword,word,0,NA
19,13162,24730,50,hieren,nonword,nonword,1,599
19,7420,24852,50,gedield,nonword,nonword,1,572
19,5790,25096,50,seitjes,nonword,nonword,1,825
19,18212,24733,50,revime,nonword,nonword,1,502
19,13600,24734,50,keiden,nonword,nonword,1,520
19,6044,25139,50,fopoe,nonword,nonword,1,457
19,7470,24736,50,gebookt,nonword,nonword,1,NA
19,3804,24737,50,monste,nonword,nonword,1,1031
19,8390,24818,50,booitje,nonword,nonword,1,807
19,8844,25103,50,beuland,nonword,nonword,1,566
19,23512,25104,50,snoma,nonword,nonword,1,502
19,5800,25105,50,sietje,nonword,nonword,1,808
19,18886,25106,50,soei,nonword,nonword,1,700
19,18694,24743,50,rotluk,nonword,nonword,1,945
19,2812,24865,50,drijders,nonword,nonword,1,467
19,14986,25109,50,taten,nonword,nonword,1,504
19,10302,24746,50,rolksteen,nonword,nonword,1,1163
19,22122,24747,50,stroontjes,nonword,nonword,1,610
19,21206,24990,50,klattend,nonword,nonword,1,563
19,5060,24749,50,mieten,nonword,word,0,NA
19,20240,25114,50,sleun,nonword,nonword,1,775
19,13856,24751,50,kekkers,nonword,nonword,1,750
19,16016,24752,50,oudshal,nonword,nonword,1,695
19,7916,24874,50,groed,nonword,nonword,1,621
19,2060,24754,50,plaaiden,nonword,nonword,1,866
19,9988,24755,50,cintjes,nonword,nonword,1,533
19,23550,24756,50,trin,nonword,nonword,1,518
19,2450,24757,50,borvas,nonword,nonword,1,470
19,15256,24879,50,sakkel,nonword,nonword,1,644
19,15462,24759,50,ounvre,nonword,nonword,1,501
19,22438,24881,50,stups,nonword,nonword,1,466
19,7604,24761,50,gibben,nonword,nonword,1,642
19,2164,24883,50,blit,nonword,nonword,1,610
19,44,25127,50,aarjang,nonword,nonword,1,NA
19,11738,24764,50,kolgt,nonword,nonword,1,NA
19,16124,24765,50,paroes,nonword,nonword,1,658
19,21764,24766,50,stoortje,nonword,nonword,1,813
19,5964,24767,50,kwetjes,nonword,nonword,1,1313
19,4780,24768,50,sleuging,nonword,word,0,NA
19,13204,24890,50,heefje,nonword,nonword,1,612
19,25246,25174,50,pronder,nonword,nonword,1,413
19,21182,24771,50,gropten,nonword,nonword,1,509
19,4972,24772,50,trutte,nonword,nonword,1,558
19,5366,24934,50,oorder,nonword,nonword,1,625
19,848,24774,50,hanting,nonword,nonword,1,539
19,15732,24815,50,ontvield,nonword,nonword,1,1159
19,25188,24776,50,zwek,nonword,nonword,1,580
19,1988,25141,50,bloek,nonword,nonword,1,669
19,12056,24858,50,krotsloop,nonword,nonword,1,435
19,2638,25143,50,slanche,nonword,nonword,1,696
19,21108,25022,50,splijkstaf,nonword,nonword,1,462
19,13494,25145,50,lool,nonword,nonword,1,785
19,4416,24782,50,wilken,nonword,nonword,1,NA
19,26604,24783,50,werkmaad,nonword,nonword,1,547
19,16364,25148,50,poone,nonword,nonword,1,936
19,486,25149,50,abert,nonword,nonword,1,504
19,26780,24786,50,woen,nonword,nonword,1,453
19,23946,24787,50,uitboon,nonword,nonword,1,490
19,7172,24868,50,geschakt,nonword,nonword,1,745
19,25634,24789,50,vooram,nonword,nonword,1,480
19,17382,24790,50,plooster,nonword,nonword,1,467
19,12832,25033,50,haarzaam,nonword,nonword,1,708
19,10600,24792,50,ronners,nonword,nonword,1,520
19,25502,24793,50,vorfge,nonword,nonword,1,490
19,10346,24794,50,kanier,nonword,nonword,1,620
19,11826,24795,50,kruig,nonword,nonword,1,473
19,4574,25160,50,doorgees,nonword,nonword,1,523
19,7996,24797,50,slas,nonword,nonword,1,591
19,4874,24798,50,sleger,nonword,nonword,1,605
19,9466,24799,50,leerders,nonword,nonword,1,890
19,6892,24800,50,golling,nonword,nonword,1,556
19,10012,25165,50,casfak,nonword,nonword,1,831
19,24870,24802,50,verdergt,nonword,nonword,1,884
19,20144,24803,50,slichtluis,nonword,nonword,1,614
19,25112,24804,50,visat,nonword,nonword,1,820
19,25408,24885,50,moeging,nonword,nonword,1,442
19,18636,25170,50,rookhorm,nonword,nonword,1,892
19,26602,24928,50,horkten,nonword,nonword,1,571
19,21714,25172,50,stelk,nonword,nonword,1,1059
19,24350,25173,50,verlocht,nonword,nonword,1,558
19,23662,25011,50,trums,nonword,nonword,1,637
19,6550,24811,50,gedoord,nonword,nonword,1,570
19,9648,24933,50,luszen,nonword,nonword,1,645
19,19834,24853,50,scrilms,nonword,nonword,1,476
19,24332,24814,50,verred,nonword,nonword,1,535
19,38,24855,50,aargrift,nonword,nonword,1,493
19,16696,25058,50,porsen,nonword,nonword,1,616
19,2088,24938,50,proeset,nonword,nonword,1,511
19,24820,24898,50,vermang,nonword,nonword,1,494
19,15464,25183,50,ounvres,nonword,nonword,1,524
19,19320,25184,50,scheeven,nonword,nonword,1,556
19,1304,24821,50,len,nonword,nonword,1,529
19,20112,25186,50,slijmse,nonword,nonword,1,717
19,7312,24944,50,gestank,nonword,nonword,1,494
19,1826,25188,50,bijkol,nonword,nonword,1,596
19,9550,24825,50,lijtje,nonword,nonword,1,636
19,17312,24947,50,proolstoel,nonword,nonword,1,782
19,2990,25190,50,liedels,nonword,nonword,1,571
19,624,24908,50,heeltje,nonword,nonword,1,434
19,25926,24950,50,snichtje,nonword,nonword,1,514
19,11148,24830,50,kluk,nonword,nonword,1,967
19,13096,24992,50,bachtten,nonword,nonword,1,747
19,8296,24993,50,klaatte,nonword,nonword,1,499
19,27366,25197,50,toutje,nonword,nonword,1,811
19,3000,24914,50,hieging,nonword,nonword,1,493
19,26336,24875,50,dooral,nonword,word,0,NA
19,18018,24836,50,refluin,nonword,nonword,1,558
19,6312,24837,50,siten,nonword,nonword,1,527
19,24742,24838,50,verstekt,nonword,nonword,1,NA
19,15572,24839,50,arweg,nonword,nonword,1,512
19,22596,25082,50,taspieu,nonword,nonword,1,1017
19,20614,25002,50,vlert,nonword,nonword,1,481
19,4580,25084,50,doordraat,nonword,nonword,1,596
19,17690,24923,50,koodde,nonword,nonword,1,453
19,19318,24965,50,schielden,nonword,nonword,1,563
19,3686,24911,50,daaroon,nonword,nonword,1,794
19,6382,24846,50,gengde,nonword,nonword,1,1219
19,25828,25089,50,snijgden,nonword,nonword,1,524
19,26772,24848,50,voeken,nonword,nonword,1,NA
19,19832,24970,50,chrifties,nonword,nonword,1,528
19,6940,25010,50,geleeldt,nonword,nonword,1,508
19,2076,24972,50,bloemweel,nonword,nonword,1,719
19,8690,24973,50,lart,nonword,nonword,1,632
19,21534,25135,50,stant,nonword,nonword,1,687
19,3192,24854,50,cacts,nonword,nonword,1,558
19,8506,24895,50,hankoor,nonword,nonword,1,545
19,1110,25017,50,bekaard,nonword,nonword,1,437
19,14602,24978,50,moos,nonword,nonword,1,596
19,8768,24884,50,lijngaan,nonword,nonword,1,640
19,14212,24939,50,donsheid,nonword,nonword,1,1104
19,9082,24860,50,leiltje,nonword,nonword,1,490
19,2184,24861,50,hobrels,nonword,nonword,1,412
19,27658,24942,50,zekjes,nonword,nonword,1,528
19,5208,24916,50,ieuws,nonword,nonword,1,572
19,23366,24985,50,blaan,nonword,nonword,1,524
19,15842,24878,50,eestblik,nonword,nonword,1,515
19,27024,24866,50,woonpoek,nonword,nonword,1,519
19,456,24867,50,orgsten,nonword,nonword,1,519
19,3196,25189,50,foder,nonword,nonword,1,722
19,19512,24882,50,schoomwaar,nonword,nonword,1,629
19,21328,24870,50,slurt,nonword,nonword,1,561
19,25900,25018,50,vreesheid,nonword,word,0,NA
19,9896,25154,50,inmeer,nonword,nonword,1,497
19,6448,24873,50,nisten,nonword,nonword,1,942
19,24994,24954,50,voes,nonword,nonword,1,449
19,17044,24915,50,poots,nonword,nonword,1,607
19,23308,24889,50,tiendsen,nonword,nonword,1,548
19,8534,24998,50,hamsvloer,nonword,nonword,1,682
19,16184,24931,50,partger,nonword,nonword,1,632
19,10468,25000,50,mosten,nonword,nonword,1,582
19,15626,24880,50,olfzerg,nonword,nonword,1,480
19,1628,25042,50,bedoept,nonword,nonword,1,428
19,2468,24975,50,lorst,nonword,nonword,1,484
19,23906,25003,50,uitgoek,nonword,nonword,1,564
19,22050,25164,50,stampel,nonword,word,0,NA
19,22020,24951,50,staakboot,nonword,nonword,1,676
19,6326,25128,50,nooien,nonword,nonword,1,784
19,28108,25129,50,zwalmpje,nonword,word,0,NA
19,17754,24888,50,cafist,nonword,nonword,1,483
19,15896,24982,50,opmorst,nonword,nonword,1,1101
19,10336,25036,50,kampils,nonword,nonword,1,555
19,20070,24904,50,glawaan,nonword,nonword,1,428
19,1890,24892,50,bloogje,nonword,nonword,1,463
19,12144,25054,50,brieken,nonword,nonword,1,606
19,14518,25055,50,keste,nonword,nonword,1,555
19,17722,25001,50,kuimpje,nonword,nonword,1,513
19,24818,24936,50,verhool,nonword,nonword,1,449
19,12546,24976,50,badu,nonword,nonword,1,519
19,17798,25045,50,rakky,nonword,nonword,1,461
19,8990,24979,50,herheefd,nonword,nonword,1,674
19,18874,24900,50,dube,nonword,nonword,1,766
19,982,24941,50,beneend,nonword,nonword,1,527
19,1150,25035,50,begaard,nonword,word,0,NA
19,7122,24929,50,geliep,nonword,word,0,NA
19,12894,24917,50,laastman,nonword,nonword,1,603
19,21012,25039,50,kleiren,nonword,nonword,1,583
19,20100,24906,50,psylax,nonword,nonword,1,1308
19,22664,25028,50,pantjes,nonword,word,0,NA
19,11076,24974,50,kroertjes,nonword,nonword,1,565
19,20454,25043,50,froller,nonword,nonword,1,800
19,14716,25123,50,vop,nonword,nonword,1,478
19,7064,25138,50,geknoetst,nonword,nonword,1,1036
19,3486,25113,50,jonka's,nonword,nonword,1,601
19,3414,24913,50,costlails,nonword,nonword,1,475
19,5482,25034,50,enfum,nonword,nonword,1,605
19,9564,25048,50,lucter,nonword,nonword,1,403
19,16682,25182,50,tanten,nonword,word,0,NA
19,758,25156,50,bolfje,nonword,nonword,1,582
19,24590,25132,50,vermankt,nonword,nonword,1,536
19,27682,24919,50,zovan,nonword,nonword,1,493
19,7838,24920,50,gock,nonword,nonword,1,448
19,10768,25068,50,miener,nonword,nonword,1,509
19,11062,25162,50,kleiven,nonword,nonword,1,473
19,1432,25161,50,beschaagt,nonword,nonword,1,572
19,22932,25163,50,tieg,nonword,nonword,1,460
19,6712,24991,50,gegaald,nonword,nonword,1,722
19,20286,25019,50,tremheid,nonword,nonword,1,651
19,13410,24927,50,horte,nonword,word,0,NA
19,12206,25061,50,spurde,nonword,word,0,NA
19,27742,25075,50,zarbie,nonword,nonword,1,535
19,3252,24969,50,psarse,nonword,nonword,1,527
19,8182,24957,50,groesgrauw,nonword,nonword,1,508
19,22914,24958,50,terneun,nonword,nonword,1,445
19,6346,25094,50,zaat,nonword,word,0,NA
19,11906,24960,50,klazer,nonword,nonword,1,437
19,10076,25121,50,cagging,nonword,nonword,1,875
19,23842,24940,50,dweigje,nonword,nonword,1,1210
19,1710,25158,50,bemijk,nonword,nonword,1,899
19,4152,25044,50,roenstig,nonword,nonword,1,758
19,12036,25032,50,groesend,nonword,nonword,1,432
19,23402,25130,50,trake,nonword,nonword,1,568
19,19202,25153,50,struien,nonword,nonword,1,695
19,1252,25067,50,belooid,nonword,nonword,1,608
19,4422,25013,50,ralle,nonword,nonword,1,444
19,916,25097,50,bandins,nonword,nonword,1,654
19,13942,25193,50,zaven,nonword,nonword,1,602
19,15670,25178,50,onthaft,nonword,nonword,1,520
19,19360,25199,50,schoedjes,nonword,nonword,1,431
19,10290,24999,50,mave,nonword,nonword,1,516
19,9232,25038,50,bijpels,nonword,nonword,1,767
19,13081,24724,50,lichting,word,word,1,516
19,27683,24863,50,zode,word,word,1,544
19,27713,24770,50,zoenen,word,word,1,508
19,17103,24738,50,pompen,word,word,1,532
19,26367,24778,50,weertje,word,word,1,NA
19,26905,24744,50,wirwar,word,word,1,705
19,12155,24805,50,kruintje,word,word,1,NA
19,9837,24905,50,inheems,word,word,1,624
19,9987,24834,50,jantjes,word,nonword,0,NA
19,2283,24903,50,boetiek,word,word,1,489
19,2989,24909,50,buidels,word,word,1,487
19,13709,24735,50,maag,word,word,1,NA
19,15595,24932,50,onjuist,word,word,1,516
19,13623,24708,50,luikjes,word,word,1,527
19,7781,24850,50,goaltje,word,word,1,633
19,5421,24926,50,elk,word,word,1,444
19,6433,24910,50,gareel,word,nonword,0,NA
19,14293,24967,50,metro,word,word,1,476
19,16261,24925,50,partners,word,word,1,506
19,22477,24943,50,stuurtjes,word,word,1,575
19,17739,24702,50,rabbi's,word,word,1,685
19,23215,24945,50,toezicht,word,word,1,544
19,20545,24807,50,snakkend,word,word,1,729
19,4131,24748,50,dienaars,word,word,1,479
19,26317,24828,50,weekeind,word,word,1,921
19,7619,24949,50,gilden,word,word,1,697
19,17389,24722,50,prijs,word,word,1,448
19,1029,24817,50,bedtijd,word,word,1,668
19,14511,24844,50,missies,word,word,1,698
19,23265,24845,50,tonics,word,word,1,964
19,17667,24980,50,puur,word,word,1,508
19,23087,24780,50,tilt,word,word,1,562
19,13681,24862,50,luur,word,nonword,0,NA
19,20819,24930,50,spaargeld,word,word,1,552
19,12143,24891,50,kruiken,word,word,1,610
19,15249,24851,50,nijd,word,word,1,757
19,9769,24788,50,ik,word,word,1,411
19,5699,24894,50,facto,word,word,1,1078
19,6913,24935,50,geleid,word,word,1,462
19,16531,24856,50,petten,word,word,1,495
19,6455,24869,50,gastvrouw,word,word,1,529
19,15447,24857,50,oei,word,word,1,497
19,16965,24859,50,pluim,word,word,1,471
19,20983,24953,50,spelling,word,word,1,446
19,10867,24753,50,klaagt,word,word,1,496
19,21743,24714,50,sterren,word,word,1,490
19,23415,24983,50,tralie,word,word,1,423
19,26651,24984,50,westwaarts,word,word,1,507
19,25943,24864,50,vuiltjes,word,word,1,481
19,17813,24986,50,rammen,word,word,1,509
19,26299,24987,50,weeë,word,nonword,0,NA
19,3857,24827,50,dealer,word,nonword,0,NA
19,2535,24989,50,bouquet,word,word,1,864
19,11999,24762,50,kreunend,word,word,1,526
19,16645,24710,50,pil,word,word,1,465
19,1013,25005,50,bedrijfs,word,word,1,502
19,21441,25006,50,stal,word,word,1,456
19,9999,24886,50,jarig,word,word,1,558
19,21357,24847,50,staal,word,word,1,NA
19,5801,24876,50,feitjes,word,word,1,680
19,6087,24728,50,fooitjes,word,word,1,933
19,21395,24971,50,staatsman,word,word,1,577
19,4129,24959,50,dienaar,word,word,1,449
19,2441,24773,50,bordeel,word,word,1,573
19,19047,24841,50,schaar,word,word,1,562
19,11299,25015,50,kneden,word,word,1,583
19,5203,25016,50,dwongen,word,word,1,549
19,12767,24843,50,leefden,word,word,1,1038
19,15629,24897,50,ontbloot,word,word,1,558
19,2811,24899,50,broeders,word,word,1,560
19,17151,25020,50,poosje,word,word,1,455
19,3949,24981,50,dekt,word,word,1,557
19,28159,24902,50,zwitser,word,word,1,720
19,5777,25023,50,feestdag,word,word,1,625
19,26223,25024,50,warmen,word,nonword,0,NA
19,26361,25012,50,weerstaan,word,word,1,474
19,22063,25026,50,storen,word,word,1,448
19,26939,24893,50,wodka,word,word,1,817
19,6407,24988,50,gangster,word,word,1,527
19,2495,25029,50,bosrand,word,word,1,560
19,24189,25030,50,veegden,word,word,1,543
19,23683,25031,50,trut,word,word,1,527
19,3159,24832,50,canons,word,word,1,550
19,1899,24872,50,blaartjes,word,word,1,658
19,15933,24994,50,optiek,word,word,1,453
19,595,24955,50,autist,word,word,1,581
19,8173,24956,50,groeien,word,word,1,740
19,3813,24997,50,darm,word,word,1,521
19,21691,25025,50,stengels,word,word,1,427
19,17707,24918,50,raadzaam,word,word,1,825
19,16905,25027,50,plichten,word,word,1,516
19,19255,24840,50,schepping,word,word,1,496
19,23151,24962,50,toegaan,word,word,1,442
19,1447,24721,50,beseft,word,word,1,478
19,14803,25004,50,mouwen,word,word,1,484
19,28077,24924,50,zwelling,word,word,1,521
19,2775,25046,50,brijen,word,nonword,0,NA
19,9705,25047,50,idool,word,word,1,547
19,15623,24887,50,onsen,word,nonword,0,NA
19,20363,25049,50,slop,word,word,1,489
19,13501,25050,50,lopend,word,word,1,492
19,6329,25051,50,gaaitjes,word,nonword,0,NA
19,7159,25052,50,geschetst,word,nonword,0,NA
19,10157,25053,50,juistheid,word,word,1,492
19,15657,24812,50,onthaald,word,word,1,488
19,15151,24813,50,nette,word,word,1,651
19,21777,25056,50,stevens,word,nonword,0,NA
19,877,24816,50,barre,word,word,1,590
19,22171,24937,50,stramme,word,word,1,677
19,7371,25059,50,geurden,word,word,1,534
19,23751,25060,50,tumult,word,word,1,NA
19,15087,25021,50,neet,word,nonword,0,NA
19,6941,24901,50,geloof,word,word,1,828
19,11371,25063,50,knobbel,word,word,1,493
19,10373,25064,50,kanten,word,word,1,591
19,8077,25065,50,grieks,word,word,1,525
19,24929,25066,50,vestigt,word,word,1,477
19,21843,24946,50,stijltjes,word,word,1,560
19,10787,24907,50,kijkt,word,word,1,429
19,15943,24948,50,opvang,word,word,1,453
19,15735,24706,50,ontweek,word,word,1,700
19,15523,25071,50,omgaan,word,word,1,429
19,20049,24831,50,siroop,word,word,1,550
19,18857,24791,50,rustdag,word,nonword,0,NA
19,10781,25074,50,kijkers,word,word,1,418
19,9033,24995,50,hesp,word,word,1,521
19,21035,24996,50,spiernaakt,word,word,1,586
19,18965,25077,50,satans,word,word,1,779
19,13991,24877,50,masker,word,word,1,530
19,5607,25079,50,eten,word,word,1,713
19,10095,24716,50,jong,word,word,1,555
19,25189,25081,50,vlekken,word,word,1,470
19,16011,24961,50,oudooms,word,nonword,0,NA
19,24711,24719,50,verspreid,word,word,1,520
19,12059,24963,50,kristal,word,word,1,542
19,15451,25085,50,oeroud,word,word,1,627
19,15131,25086,50,nest,word,word,1,447
19,27003,25087,50,woning,word,word,1,452
19,26723,25088,50,wierp,word,nonword,0,NA
19,3289,24968,50,chips,word,word,1,511
19,2597,24726,50,boys,word,word,1,581
19,11553,24727,50,kolen,word,word,1,532
19,24777,25092,50,vertier,word,nonword,0,NA
19,17847,25093,50,ransel,word,word,1,527
19,14971,24731,50,nachtjes,word,word,1,534
19,9229,25095,50,hoepel,word,word,1,554
19,7969,24732,50,grande,word,nonword,0,NA
19,13701,24977,50,lyriek,word,word,1,615
19,11767,25098,50,kortweg,word,word,1,490
19,3983,25099,50,denkend,word,word,1,971
19,9535,25100,50,houdend,word,word,1,490
19,9973,25101,50,jan,word,nonword,0,NA
19,21647,25062,50,stelen,word,word,1,441
19,8761,24739,50,heelal,word,word,1,707
19,24713,24740,50,verspreidt,word,word,1,525
19,14749,24741,50,morste,word,word,1,526
19,5875,24742,50,files,word,word,1,846
19,17999,25107,50,reeksje,word,word,1,582
19,1713,25108,50,bezorgd,word,word,1,453
19,23869,24745,50,typist,word,word,1,524
19,19249,25110,50,scheppend,word,word,1,458
19,10321,25111,50,kamde,word,word,1,717
19,13465,25112,50,loom,word,nonword,0,NA
19,25177,24952,50,vlees,word,word,1,559
19,14179,24750,50,meneers,word,word,1,492
19,8879,25115,50,held,word,word,1,509
19,26629,25076,50,werven,word,word,1,456
19,22541,25117,50,sussen,word,word,1,704
19,2223,25118,50,boei,word,word,1,521
19,2389,25119,50,boom,word,word,1,523
19,27393,25120,50,zegels,word,word,1,540
19,26145,24758,50,walgde,word,word,1,682
19,24329,25122,50,verbluft,word,word,1,NA
19,6739,24760,50,gehuwd,word,word,1,647
19,25295,25124,50,vlogen,word,word,1,640
19,5923,25125,50,fit,word,word,1,588
19,22325,25126,50,stront,word,word,1,618
19,26937,24763,50,witvis,word,word,1,687
19,20467,25007,50,smeekte,word,word,1,540
19,17949,25008,50,rechtuit,word,word,1,540
19,11541,25009,50,koker,word,word,1,524
19,5119,25131,50,dutje,word,word,1,519
19,23945,24769,50,uitzien,word,word,1,608
19,12393,25133,50,kwarten,word,word,1,473
19,7827,25134,50,gokken,word,word,1,NA
19,19521,25014,50,schoolstrijd,word,word,1,784
19,26149,25136,50,walk,word,word,1,473
19,7987,25137,50,grapjes,word,word,1,524
19,21493,24896,50,stands,word,word,1,592
19,22575,24775,50,taak,word,word,1,732
19,21655,25140,50,stelsel,word,word,1,492
19,9407,24777,50,hoogheid,word,word,1,NA
19,8527,25102,50,halo's,word,nonword,0,NA
19,24877,24779,50,verwijt,word,word,1,546
19,22999,25144,50,tienden,word,nonword,0,NA
19,24935,24781,50,vete,word,nonword,0,NA
19,181,25146,50,achten,word,word,1,520
19,26133,25147,50,waken,word,word,1,953
19,9267,24784,50,hoezen,word,word,1,834
19,15893,24785,50,ophef,word,word,1,583
19,23061,25150,50,tik,word,word,1,682
19,4057,25151,50,deunen,word,nonword,0,NA
19,19659,25152,50,schreeuwtje,word,word,1,735
19,2815,24871,50,broedsels,word,word,1,496
19,18353,24912,50,rijwiel,word,nonword,0,NA
19,14223,25155,50,mep,word,word,1,450
19,27785,25116,50,zongen,word,word,1,511
19,23465,25157,50,treedt,word,word,1,597
19,12101,25037,50,kronkel,word,word,1,843
19,15815,25159,50,oordeel,word,word,1,NA
19,25813,24796,50,vrees,word,word,1,459
19,2483,25040,50,bos,word,word,1,469
19,8245,25041,50,grondje,word,word,1,456
19,11241,24921,50,kluten,word,nonword,0,NA
19,24983,24922,50,viermaal,word,word,1,482
19,903,24801,50,bases,word,nonword,0,NA
19,1431,25166,50,beschouwd,word,word,1,483
19,995,25167,50,bedoeld,word,word,1,502
19,27545,25168,50,zieken,word,nonword,0,NA
19,23391,25169,50,trager,word,word,1,457
19,3323,24806,50,circus,word,word,1,670
19,24539,25171,50,verlang,word,word,1,414
19,16885,24808,50,pleiten,word,word,1,610
19,15719,24809,50,onttrekt,word,word,1,814
19,25025,24810,50,vijltjes,word,word,1,804
19,12013,25175,50,kriek,word,nonword,0,NA
19,147,25176,50,aas,word,word,1,567
19,22659,25177,50,tanden,word,word,1,485
19,9931,25057,50,jaartje,word,word,1,570
19,2721,25179,50,brekend,word,word,1,538
19,21981,25180,50,stommen,word,nonword,0,NA
19,21319,25181,50,spuitje,word,word,1,889
19,20127,25142,50,slaap,word,nonword,0,NA
19,21091,24819,50,spitsen,word,word,1,555
19,9153,24820,50,hinkend,word,word,1,812
19,11991,25185,50,kreukel,word,word,1,508
19,10297,24822,50,kalk,word,word,1,706
19,21059,24823,50,spijtig,word,word,1,474
19,25889,24824,50,vroegte,word,word,1,589
19,10779,24705,50,kijker,word,word,1,572
19,5361,25069,50,einde,word,word,1,382
19,18569,25191,50,romers,word,nonword,0,NA
19,979,25192,50,bederf,word,word,1,587
19,4235,25072,50,dikker,word,word,1,546
19,20361,25073,50,slootjes,word,nonword,0,NA
19,22075,25195,50,stormen,word,word,1,553
19,26047,25196,50,waard,word,word,1,488
19,24415,24833,50,verflaag,word,word,1,725
19,14963,25198,50,nachtclubs,word,word,1,561
19,25219,25078,50,vliegers,word,word,1,753
19,14277,25200,50,met,word,word,1,484
2,18380,24701,50,dangen,nonword,nonword,1,505
2,13762,25066,50,kiendjes,nonword,nonword,1,NA
2,25272,25067,50,zwaaistof,nonword,nonword,1,658
2,17802,25068,50,rom,nonword,nonword,1,557
2,22628,24826,50,tafes,nonword,nonword,1,636
2,5024,24948,50,kuig,nonword,nonword,1,512
2,27570,24707,50,tiezer,nonword,nonword,1,527
2,14844,24829,50,duvo,nonword,nonword,1,435
2,4742,24709,50,klapon,nonword,nonword,1,546
2,5162,24710,50,wreesheid,nonword,nonword,1,NA
2,14228,24711,50,merpa,nonword,nonword,1,502
2,26650,24833,50,wengtust,nonword,nonword,1,460
2,5382,25077,50,oos,nonword,nonword,1,NA
2,18056,24714,50,wookten,nonword,nonword,1,NA
2,17688,25079,50,roed,nonword,nonword,1,493
2,4668,24958,50,monen,nonword,nonword,1,466
2,1558,24717,50,beloort,nonword,nonword,1,520
2,10742,24718,50,ruimpjes,nonword,nonword,1,569
2,13692,25083,50,lurp,nonword,word,0,NA
2,25798,25084,50,prodes,nonword,nonword,1,592
2,27092,24721,50,wrakweet,nonword,nonword,1,577
2,5346,25085,50,uipen,nonword,nonword,1,558
2,15678,24844,50,ontdorm,nonword,nonword,1,471
2,17920,24845,50,herkten,nonword,nonword,1,490
2,21738,25089,50,stelds,nonword,nonword,1,491
2,12530,24726,50,hochten,nonword,nonword,1,570
2,15052,25091,50,naspoog,nonword,nonword,1,450
2,27822,25092,50,teintjes,nonword,nonword,1,502
2,23654,24769,50,troudt,nonword,nonword,1,457
2,23256,24730,50,roveel,nonword,nonword,1,NA
2,6962,25094,50,getil,nonword,word,0,NA
2,8432,25014,50,hoetsje,nonword,nonword,1,441
2,18024,24975,50,regiers,nonword,nonword,1,554
2,13918,25098,50,menk,nonword,nonword,1,552
2,27932,24735,50,gulks,nonword,nonword,1,539
2,3762,24736,50,dastpring,nonword,nonword,1,524
2,1782,24737,50,hijfel,nonword,nonword,1,492
2,10802,24738,50,riko,nonword,nonword,1,462
2,18162,25103,50,rutten,nonword,nonword,1,452
2,1304,25104,50,len,nonword,nonword,1,456
2,27226,24741,50,zichtst,nonword,nonword,1,520
2,17084,24742,50,koll,nonword,nonword,1,457
2,3244,24743,50,tralels,nonword,nonword,1,444
2,25862,24744,50,snoeers,nonword,nonword,1,450
2,20730,25109,50,sordwake,nonword,nonword,1,499
2,13744,24746,50,weeltjes,nonword,nonword,1,514
2,3720,25111,50,mogjes,nonword,nonword,1,471
2,27136,24748,50,sjongen,nonword,nonword,1,550
2,18344,24749,50,pijst,nonword,nonword,1,470
2,11384,25113,50,knilploeg,nonword,nonword,1,508
2,11608,24791,50,rozing,nonword,nonword,1,549
2,9162,24752,50,hings,nonword,nonword,1,480
2,3590,24753,50,clu,nonword,nonword,1,483
2,13548,24754,50,dotas,nonword,nonword,1,469
2,18630,25119,50,reekt,nonword,nonword,1,483
2,27026,24796,50,woogt,nonword,nonword,1,542
2,9612,24757,50,huisvrengst,nonword,nonword,1,497
2,27716,25122,50,zijltje,nonword,nonword,1,599
2,15056,25163,50,naziem,nonword,nonword,1,513
2,25462,24760,50,volsticht,nonword,nonword,1,478
2,14046,25003,50,kako's,nonword,nonword,1,518
2,3638,25004,50,moogje,nonword,nonword,1,486
2,14306,24763,50,kekten,nonword,nonword,1,490
2,25768,24764,50,knoogjes,nonword,nonword,1,492
2,16364,25007,50,poone,nonword,nonword,1,445
2,17418,24766,50,primesk,nonword,nonword,1,463
2,7914,25131,50,gookvis,nonword,nonword,1,462
2,18918,24768,50,fildo,nonword,nonword,1,470
2,5884,25010,50,folven,nonword,nonword,1,649
2,18028,24770,50,dogels,nonword,nonword,1,508
2,17346,25135,50,vlantjes,nonword,nonword,1,481
2,22966,25176,50,snepa,nonword,nonword,1,490
2,15986,24813,50,on,nonword,nonword,1,541
2,5682,25138,50,omels,nonword,nonword,1,524
2,21450,24936,50,stannen,nonword,nonword,1,529
2,4092,25140,50,rua's,nonword,nonword,1,510
2,23198,25019,50,tuits,nonword,nonword,1,459
2,2622,25020,50,klechten,nonword,nonword,1,590
2,4970,24779,50,druns,nonword,nonword,1,522
2,24120,25144,50,valeet,nonword,nonword,1,491
2,6556,24781,50,genam,nonword,nonword,1,505
2,5882,24782,50,fick,nonword,nonword,1,522
2,13534,24783,50,bisten,nonword,word,0,NA
2,12302,24824,50,dinstje,nonword,nonword,1,458
2,20710,24785,50,soop,nonword,nonword,1,508
2,27778,24987,50,zeben,nonword,nonword,1,656
2,21186,25151,50,kropters,nonword,nonword,1,521
2,8526,24909,50,lago,nonword,nonword,1,518
2,212,25153,50,afes,nonword,nonword,1,476
2,24920,24790,50,vergroog,nonword,nonword,1,515
2,16836,24831,50,greten,nonword,nonword,1,472
2,786,24953,50,balget,nonword,nonword,1,566
2,19950,24954,50,dweven,nonword,nonword,1,454
2,8398,25158,50,leekjes,nonword,word,0,NA
2,25748,25037,50,vortran,nonword,nonword,1,499
2,24798,24836,50,vertroogt,nonword,nonword,1,461
2,22374,24797,50,spretjes,nonword,nonword,1,477
2,12372,25162,50,tradraan,nonword,nonword,1,496
2,13786,24839,50,moets,nonword,nonword,1,440
2,25268,24961,50,blooien,nonword,nonword,1,540
2,20120,25165,50,kraags,nonword,nonword,1,NA
2,5644,24802,50,eerels,nonword,nonword,1,495
2,18836,24803,50,dindjes,nonword,nonword,1,465
2,20880,24804,50,grochten,nonword,nonword,1,451
2,20620,25047,50,knijprank,nonword,nonword,1,489
2,8078,24806,50,graaks,nonword,nonword,1,411
2,7330,25171,50,getunt,nonword,nonword,1,461
2,21174,25050,50,greerweg,nonword,nonword,1,477
2,25674,24969,50,maarste,nonword,nonword,1,496
2,11964,25090,50,kroopsjes,nonword,nonword,1,430
2,5204,24811,50,shingen,nonword,nonword,1,439
2,6898,24892,50,gergt,nonword,nonword,1,448
2,5032,24946,50,mieken,nonword,nonword,1,510
2,424,24814,50,annast,nonword,nonword,1,445
2,13190,24895,50,lidt,nonword,nonword,1,512
2,22228,24816,50,strenk,nonword,nonword,1,476
2,23948,24817,50,irie,nonword,nonword,1,463
2,1424,24818,50,beschinkt,nonword,nonword,1,451
2,8182,24819,50,groesgrauw,nonword,nonword,1,455
2,6564,24820,50,gedangt,nonword,nonword,1,426
2,16202,24821,50,pakaar,nonword,nonword,1,431
2,22706,24822,50,zoppers,nonword,nonword,1,420
2,9642,24944,50,histjes,nonword,nonword,1,467
2,16996,24864,50,viedels,nonword,nonword,1,458
2,12824,25189,50,leerstad,nonword,word,0,NA
2,3270,24879,50,cherp,nonword,nonword,1,590
2,24402,25190,50,verpleen,nonword,nonword,1,512
2,27864,24828,50,zoutmoer,nonword,nonword,1,680
2,21500,24950,50,stunk,nonword,nonword,1,453
2,6664,25194,50,geëldt,nonword,nonword,1,485
2,2272,24911,50,buitse,nonword,nonword,1,491
2,10996,24912,50,kriffe,nonword,nonword,1,461
2,11810,24873,50,mou,nonword,nonword,1,494
2,20598,25198,50,knalle,nonword,word,0,NA
2,9430,25199,50,hoodaat,nonword,nonword,1,503
2,23694,24876,50,tsjelk,nonword,nonword,1,656
2,2306,25200,50,bork,nonword,nonword,1,585
2,3832,24838,50,hussen,nonword,nonword,1,469
2,13132,24932,50,lijdste,nonword,nonword,1,570
2,2264,24920,50,beelde,nonword,word,0,NA
2,11102,24841,50,drif,nonword,nonword,1,432
2,13902,24963,50,hampjes,nonword,nonword,1,NA
2,2598,24856,50,bose,nonword,word,0,NA
2,18264,24884,50,kaampjes,nonword,nonword,1,642
2,21054,24885,50,speuntjes,nonword,nonword,1,479
2,22048,24846,50,staklicht,nonword,nonword,1,445
2,23592,24968,50,drammels,nonword,nonword,1,510
2,15648,24848,50,ontdaat,nonword,nonword,1,467
2,3824,24862,50,dorts,nonword,nonword,1,490
2,13314,25105,50,luves,nonword,nonword,1,443
2,3380,24851,50,clairtje,nonword,nonword,1,575
2,9120,24986,50,himf,nonword,nonword,1,711
2,80,25106,50,aanstaam,nonword,nonword,1,463
2,26806,24934,50,diesje,nonword,nonword,1,508
2,24192,24935,50,vijgt,nonword,nonword,1,NA
2,21456,24990,50,stesde,nonword,nonword,1,460
2,274,24857,50,otscheid,nonword,nonword,1,556
2,18066,25100,50,meis,nonword,nonword,1,523
2,5724,24859,50,fopce,nonword,nonword,1,448
2,23252,24860,50,zoven,nonword,nonword,1,467
2,8698,24982,50,lankjes,nonword,nonword,1,476
2,16282,24996,50,desseert,nonword,nonword,1,627
2,20164,25023,50,drokken,nonword,nonword,1,499
2,14184,24904,50,kezens,nonword,nonword,1,659
2,18194,24918,50,meune,nonword,nonword,1,655
2,20482,25040,50,prokend,nonword,nonword,1,620
2,10720,24988,50,wooboards,nonword,nonword,1,491
2,18510,24908,50,mog,nonword,nonword,1,550
2,6366,25124,50,naza,nonword,nonword,1,661
2,11020,25071,50,groontje,nonword,nonword,1,586
2,4900,24951,50,bringen,nonword,nonword,1,664
2,25394,24952,50,doeven,nonword,nonword,1,483
2,15834,25168,50,oorgieg,nonword,nonword,1,470
2,10498,24995,50,kijkgom,nonword,nonword,1,714
2,14516,24888,50,hist,nonword,nonword,1,737
2,20038,24955,50,sindsdoot,nonword,nonword,1,489
2,16090,24917,50,pogje,nonword,nonword,1,426
2,24636,24891,50,verheedt,nonword,nonword,1,460
2,6342,24972,50,geerre,nonword,nonword,1,490
2,17598,24960,50,peunboop,nonword,nonword,1,473
2,19856,24881,50,feizen,nonword,nonword,1,510
2,15366,25055,50,lordaal,nonword,nonword,1,510
2,25524,25178,50,vakste,nonword,nonword,1,NA
2,1852,25045,50,hending,nonword,nonword,1,533
2,1606,24925,50,bedaft,nonword,nonword,1,469
2,21430,24939,50,steves,nonword,nonword,1,503
2,352,25008,50,eneer,nonword,nonword,1,448
2,22272,24901,50,sproeken,nonword,nonword,1,490
2,13782,25183,50,maap,nonword,nonword,1,471
2,22988,24903,50,tuc,nonword,word,0,NA
2,13960,25065,50,marrees,nonword,nonword,1,626
2,14964,24945,50,nachtblabs,nonword,nonword,1,742
2,10444,25146,50,kartoe,nonword,nonword,1,497
2,4550,25000,50,dooruit,nonword,nonword,1,NA
2,18570,25121,50,kozers,nonword,nonword,1,501
2,9618,25030,50,haalwaarts,nonword,nonword,1,540
2,14246,24897,50,melst,nonword,nonword,1,436
2,11650,25059,50,duiltje,nonword,nonword,1,720
2,12094,25032,50,gromp,nonword,nonword,1,539
2,14248,25021,50,minkte,nonword,nonword,1,444
2,8474,25075,50,hamens,nonword,nonword,1,NA
2,9822,24994,50,inuit,nonword,nonword,1,520
2,3834,25184,50,faf,nonword,nonword,1,443
2,9742,25078,50,ous,nonword,nonword,1,507
2,13742,25038,50,weeltje,nonword,nonword,1,597
2,26398,24959,50,magdek,nonword,nonword,1,436
2,386,25025,50,appes,nonword,nonword,1,478
2,26760,25161,50,weemten,nonword,nonword,1,477
2,13542,24922,50,foloons,nonword,nonword,1,531
2,27056,25016,50,durmpjes,nonword,nonword,1,497
2,19738,25177,50,schagdend,nonword,nonword,1,476
2,12516,24978,50,larm,nonword,nonword,1,717
2,10260,25127,50,maspel,nonword,nonword,1,468
2,20140,25048,50,braat,nonword,nonword,1,539
2,15202,24967,50,nekstjes,nonword,nonword,1,642
2,18430,25116,50,macker,nonword,nonword,1,463
2,13830,24943,50,mairs,nonword,nonword,1,497
2,10618,25064,50,kerkwoonst,nonword,nonword,1,563
2,9856,25133,50,enging,nonword,nonword,1,546
2,9316,24980,50,lopsters,nonword,nonword,1,522
2,10206,25186,50,jubool,nonword,nonword,1,458
2,1042,25193,50,boosden,nonword,nonword,1,600
2,25548,25029,50,vons,nonword,nonword,1,489
2,26960,24985,50,woost,nonword,nonword,1,434
2,2434,24981,50,baastman,nonword,nonword,1,507
2,14562,25102,50,koed,nonword,nonword,1,465
2,7020,25061,50,gedaap,nonword,nonword,1,475
2,16174,24962,50,tennes,nonword,nonword,1,476
2,17670,25118,50,pigzel,nonword,nonword,1,514
2,2416,25060,50,heerden,nonword,nonword,1,521
2,26438,24997,50,vaken,nonword,nonword,1,495
2,6236,25167,50,smeetjes,nonword,nonword,1,617
2,14644,25101,50,wallig,nonword,nonword,1,594
2,5492,25181,50,erog,nonword,nonword,1,490
2,18346,25018,50,wuitje,nonword,nonword,1,455
2,1496,24983,50,bedriet,nonword,nonword,1,479
2,12034,25182,50,broesen,nonword,nonword,1,651
2,24987,24793,50,viertal,word,word,1,422
2,3705,24762,50,daders,word,word,1,421
2,9457,24733,50,hoorbaar,word,word,1,623
2,4667,24907,50,dozen,word,word,1,450
2,23137,24722,50,tocht,word,word,1,464
2,24283,24775,50,venster,word,word,1,439
2,24367,24751,50,verdient,word,word,1,427
2,26287,24723,50,wedde,word,word,1,611
2,17321,24724,50,prei,word,word,1,432
2,20467,24868,50,smeekte,word,word,1,465
2,22891,24706,50,tere,word,nonword,0,NA
2,13459,24810,50,loog,word,word,1,468
2,14163,24933,50,melken,word,word,1,473
2,15063,24750,50,nectar,word,word,1,473
2,2357,24913,50,bonkten,word,nonword,0,NA
2,24051,24870,50,vakbond,word,word,1,441
2,18337,24937,50,rijpheid,word,word,1,NA
2,11491,24850,50,koeriers,word,word,1,476
2,10637,24773,50,kermend,word,nonword,0,NA
2,19863,24729,50,seizoen,word,word,1,440
2,26207,24756,50,wapens,word,word,1,411
2,19835,24786,50,scrotum,word,nonword,0,NA
2,24723,24894,50,verstand,word,word,1,444
2,22441,24921,50,stumpers,word,nonword,0,NA
2,24475,24923,50,verhit,word,word,1,580
2,26989,24910,50,wolven,word,word,1,455
2,10547,24843,50,keitjes,word,word,1,568
2,21781,24778,50,stichten,word,word,1,437
2,6421,24832,50,garant,word,word,1,506
2,24715,24809,50,verst,word,word,1,447
2,2819,24795,50,broeikas,word,word,1,525
2,27451,24890,50,zelfmoord,word,word,1,457
2,26241,24853,50,wasbeer,word,word,1,415
2,28137,24772,50,zwijg,word,word,1,462
2,25499,24759,50,volksdeel,word,nonword,0,NA
2,27389,24947,50,zege,word,word,1,527
2,4079,24974,50,devies,word,word,1,537
2,13687,24855,50,luwte,word,word,1,470
2,5,24842,50,aak,word,nonword,0,NA
2,22143,24977,50,straffen,word,word,1,541
2,16255,24965,50,parten,word,word,1,550
2,25473,24858,50,volgde,word,word,1,460
2,22349,24928,50,stroop,word,word,1,495
2,8983,24849,50,herfst,word,word,1,406
2,25033,24956,50,vijvers,word,word,1,492
2,20063,24931,50,sjah,word,nonword,0,NA
2,23593,24971,50,trommen,word,nonword,0,NA
2,669,24732,50,baba,word,nonword,0,NA
2,6247,24852,50,frisheid,word,word,1,493
2,13225,24866,50,lijnen,word,word,1,512
2,11665,24867,50,kooplui,word,word,1,528
2,8567,24949,50,handboek,word,word,1,465
2,13675,24869,50,lustig,word,word,1,453
2,6967,24991,50,gemaakt,word,word,1,482
2,6397,24792,50,gangbaar,word,word,1,501
2,23219,24993,50,toffee,word,word,1,452
2,24803,24847,50,vervaagd,word,nonword,0,NA
2,4897,24808,50,drong,word,word,1,460
2,21301,24930,50,sprot,word,word,1,470
2,18167,24784,50,restte,word,word,1,441
2,3277,24878,50,cheques,word,word,1,543
2,15125,24705,50,nergens,word,word,1,474
2,3213,24800,50,cement,word,word,1,439
2,6173,24840,50,frankrijk,word,word,1,427
2,5941,25002,50,flap,word,word,1,483
2,19837,24761,50,sectie,word,word,1,433
2,14245,24883,50,merkt,word,word,1,480
2,1719,25005,50,bezweek,word,word,1,569
2,15167,24765,50,neuron,word,word,1,494
2,16113,24914,50,pakket,word,word,1,465
2,3009,24915,50,buikje,word,word,1,436
2,22423,24875,50,stuitten,word,word,1,544
2,8021,24877,50,gravin,word,word,1,476
2,4437,25011,50,domper,word,word,1,597
2,11431,24999,50,knuppel,word,word,1,470
2,16035,25013,50,öre,word,nonword,0,NA
2,26089,24893,50,waaruit,word,word,1,NA
2,19091,24854,50,schalde,word,nonword,0,NA
2,23037,24896,50,tijdje,word,word,1,481
2,12081,25017,50,krols,word,nonword,0,NA
2,2321,24777,50,bolwerk,word,word,1,NA
2,1023,24898,50,bedrukt,word,word,1,440
2,15413,24886,50,nylon,word,word,1,465
2,11813,24887,50,koude,word,word,1,612
2,20653,25009,50,snoer,word,word,1,436
2,8779,24970,50,heerser,word,word,1,593
2,1721,24863,50,bezweet,word,word,1,587
2,15143,24731,50,netels,word,word,1,514
2,28053,24906,50,zweempje,word,word,1,529
2,24075,25027,50,vale,word,nonword,0,NA
2,21995,25028,50,stond,word,word,1,436
2,7189,24989,50,geschrijf,word,word,1,556
2,23871,24788,50,ui,word,word,1,496
2,8447,25031,50,haarzelf,word,word,1,571
2,27887,24872,50,zuchtjes,word,word,1,558
2,5221,25033,50,echter,word,word,1,428
2,26633,25034,50,wesp,word,word,1,464
2,26487,24861,50,welstand,word,word,1,454
2,26195,24902,50,wanhoop,word,word,1,428
2,7293,24916,50,gestrand,word,word,1,505
2,18437,24716,50,rode,word,word,1,518
2,6795,25039,50,gekko's,word,word,1,NA
2,8333,24880,50,guldens,word,nonword,0,NA
2,15595,25001,50,onjuist,word,word,1,563
2,5449,25042,50,ende,word,word,1,477
2,18885,25043,50,saai,word,word,1,479
2,17925,25044,50,rechters,word,word,1,465
2,2565,24924,50,bouwland,word,word,1,465
2,20075,24966,50,sjokte,word,word,1,629
2,999,24805,50,bedraagt,word,word,1,488
2,17057,25035,50,point,word,word,1,547
2,8253,25036,50,grondplans,word,nonword,0,NA
2,11601,24889,50,kon,word,word,1,570
2,7011,25051,50,geneigd,word,word,1,687
2,14367,25052,50,mijltje,word,word,1,649
2,14935,25053,50,naaldjes,word,word,1,630
2,20051,25054,50,sissend,word,word,1,642
2,22191,25015,50,streek,word,word,1,430
2,18589,24976,50,rondgang,word,word,1,458
2,6931,24815,50,gelijmd,word,word,1,641
2,5711,25058,50,fakkel,word,word,1,494
2,26683,24938,50,wicht,word,word,1,585
2,18703,24899,50,routes,word,word,1,444
2,23615,24927,50,troostte,word,word,1,460
2,5113,25049,50,durven,word,word,1,507
2,20031,24942,50,silo's,word,word,1,NA
2,17439,25024,50,prints,word,word,1,NA
2,19303,24905,50,schets,word,word,1,462
2,23095,24865,50,timing,word,word,1,494
2,11019,24703,50,kleintje,word,word,1,462
2,19513,24704,50,schoolkind,word,word,1,NA
2,27951,24827,50,zusters,word,word,1,552
2,5605,25070,50,estheet,word,nonword,0,NA
2,25213,24708,50,vlieg,word,word,1,464
2,6547,24871,50,gebukt,word,word,1,492
2,3283,25073,50,chinees,word,word,1,505
2,9561,25074,50,hoven,word,word,1,587
2,2985,25022,50,bui,word,word,1,464
2,18097,25076,50,rekstok,word,word,1,667
2,10763,24713,50,kiezels,word,word,1,592
2,9015,24998,50,hert,word,word,1,417
2,7795,24837,50,godsdienst,word,word,1,465
2,5751,25080,50,fatsoen,word,word,1,542
2,24123,25041,50,vangst,word,word,1,457
2,15163,25082,50,neukte,word,word,1,480
2,603,24719,50,avonds,word,word,1,457
2,12695,24720,50,lasso's,word,word,1,NA
2,553,24964,50,asgrauw,word,nonword,0,NA
2,13861,25086,50,maleis,word,nonword,0,NA
2,22019,25087,50,stoomboot,word,word,1,518
2,403,24712,50,alsdan,word,word,1,NA
2,14551,24725,50,modern,word,word,1,437
2,3135,24929,50,café,word,word,1,433
2,14073,24727,50,meel,word,word,1,504
2,26029,24728,50,waals,word,word,1,618
2,7373,25093,50,geuren,word,word,1,440
2,455,24973,50,angsten,word,word,1,620
2,24411,25095,50,verf,word,word,1,427
2,15481,25096,50,ogen,word,word,1,448
2,19371,25097,50,schijnt,word,word,1,468
2,6735,24734,50,gehurkt,word,word,1,523
2,16103,25099,50,pak,word,word,1,455
2,2561,24979,50,bouwers,word,word,1,454
2,6523,25088,50,gebouw,word,word,1,439
2,21437,24941,50,stakker,word,word,1,603
2,14071,24739,50,meegaan,word,word,1,481
2,5371,24740,50,eindigt,word,word,1,452
2,21093,24984,50,spitste,word,word,1,530
2,20057,25026,50,sjaals,word,word,1,464
2,9217,25107,50,hoeksteen,word,nonword,0,NA
2,6365,25108,50,gala,word,word,1,464
2,22483,24745,50,stuwmeer,word,word,1,597
2,23299,25110,50,toontje,word,word,1,501
2,21721,24747,50,sterkst,word,word,1,483
2,20191,25112,50,slatjes,word,nonword,0,NA
2,19633,24992,50,schred,word,nonword,0,NA
2,16371,25114,50,pâtés,word,word,1,558
2,21363,25115,50,staaltjes,word,word,1,509
2,18327,24874,50,rijndal,word,nonword,0,NA
2,269,25117,50,afkoop,word,word,1,529
2,10775,24957,50,kijken,word,word,1,462
2,1681,24755,50,bezaaid,word,word,1,473
2,7521,25120,50,gezakt,word,word,1,565
2,10843,25081,50,kirde,word,nonword,0,NA
2,23013,24758,50,tierde,word,nonword,0,NA
2,16549,25123,50,père,word,nonword,0,NA
2,9693,24882,50,hymnen,word,word,1,495
2,8023,25125,50,grazen,word,word,1,560
2,16395,25126,50,pees,word,nonword,0,NA
2,3743,25006,50,dalend,word,word,1,441
2,21353,25128,50,staakte,word,word,1,471
2,14063,25129,50,medisch,word,word,1,442
2,6227,25130,50,friese,word,nonword,0,NA
2,12725,24767,50,latje,word,word,1,466
2,11173,25132,50,klontje,word,word,1,496
2,23515,25012,50,trend,word,word,1,482
2,9491,25134,50,horden,word,word,1,579
2,9971,24771,50,jams,word,nonword,0,NA
2,23877,25136,50,uilen,word,word,1,451
2,7229,25137,50,gespaard,word,word,1,456
2,3557,24774,50,credo,word,word,1,484
2,10863,25139,50,klaaglijk,word,nonword,0,NA
2,19053,24776,50,schaarse,word,word,1,556
2,22851,24900,50,tempels,word,word,1,433
2,6265,25142,50,front,word,word,1,435
2,15627,25143,50,ontbijt,word,word,1,456
2,12271,24780,50,kuit,word,word,1,604
2,8221,25145,50,groeve,word,word,1,428
2,12105,24702,50,kroon,word,word,1,459
2,16445,25147,50,pendant,word,nonword,0,NA
2,19163,25148,50,scheen,word,word,1,514
2,24175,25149,50,vecht,word,word,1,467
2,9923,25150,50,jaargang,word,word,1,503
2,15759,24787,50,onyx,word,nonword,0,NA
2,13381,25152,50,loges,word,word,1,473
2,15841,24789,50,oostblok,word,word,1,481
2,27177,25154,50,yens,word,nonword,0,NA
2,19761,25155,50,schuit,word,word,1,466
2,3763,25156,50,dan,word,word,1,501
2,16023,25157,50,output,word,nonword,0,NA
2,25857,24794,50,vrijen,word,word,1,508
2,1585,25159,50,beuk,word,word,1,453
2,3689,25160,50,daarvoor,word,word,1,458
2,4661,24919,50,doven,word,word,1,443
2,5011,24798,50,duiders,word,nonword,0,NA
2,12619,24799,50,landing,word,word,1,467
2,23353,25164,50,touw,word,word,1,467
2,9189,24801,50,hoede,word,word,1,476
2,8797,25166,50,heester,word,word,1,620
2,12831,25046,50,leerzaam,word,word,1,470
2,7923,24926,50,graaf,word,word,1,440
2,12973,25169,50,les,word,word,1,537
2,23627,25170,50,trots,word,word,1,458
2,19629,24807,50,schrapen,word,word,1,624
2,19817,25172,50,scooter,word,word,1,480
2,4491,25173,50,doodse,word,word,1,499
2,5481,25174,50,enzym,word,word,1,485
2,12785,25175,50,leem,word,word,1,471
2,7345,24812,50,getroost,word,word,1,491
2,16341,25056,50,patroons,word,word,1,607
2,20215,25057,50,sleeën,word,word,1,492
2,28105,25179,50,zwermen,word,word,1,517
2,15017,25180,50,namens,word,word,1,470
2,8853,25141,50,heilzaam,word,word,1,463
2,3411,24940,50,cocktail,word,word,1,472
2,1021,25062,50,bedroog,word,word,1,477
2,1095,25063,50,beetje,word,word,1,447
2,16109,25185,50,pakjes,word,word,1,655
2,1291,24823,50,bemand,word,word,1,521
2,12301,25187,50,kunstje,word,word,1,493
2,11817,25188,50,kous,word,word,1,448
2,23693,24825,50,tsjech,word,word,1,590
2,4973,25069,50,drukten,word,word,1,636
2,8643,25191,50,hard,word,word,1,498
2,25585,25192,50,voorbij,word,word,1,452
2,27615,25072,50,zilte,word,nonword,0,NA
2,11667,24830,50,koopman,word,word,1,535
2,28005,25195,50,zwakke,word,word,1,456
2,19449,25196,50,schoentjes,word,word,1,460
2,10485,25197,50,katten,word,word,1,415
2,9855,24834,50,inning,word,word,1,639
2,7639,24835,50,gips,word,word,1,459
2,22961,24715,50,theepot,word,word,1,468
20,1548,24817,50,betieuw,nonword,nonword,1,592
20,11480,24797,50,koeg,nonword,nonword,1,716
20,14028,24757,50,votjes,nonword,word,0,NA
20,8194,24891,50,spientje,nonword,nonword,1,628
20,1750,24775,50,beedt,nonword,word,0,NA
20,19494,24851,50,schons,nonword,nonword,1,523
20,4060,24778,50,woentje,nonword,nonword,1,627
20,10904,24931,50,grantte,nonword,nonword,1,537
20,9872,24798,50,intift,nonword,nonword,1,533
20,23194,24759,50,zietje,nonword,nonword,1,921
20,15298,24849,50,nijner,nonword,nonword,1,604
20,27346,24770,50,teefond,nonword,nonword,1,601
20,11058,24799,50,kroerboek,nonword,nonword,1,582
20,22016,24888,50,stientjes,nonword,nonword,1,664
20,23868,24919,50,typarts,nonword,nonword,1,618
20,9700,24920,50,izie,nonword,nonword,1,519
20,5300,24709,50,uitstes,nonword,nonword,1,908
20,24736,24811,50,verstaind,nonword,nonword,1,713
20,23128,24897,50,chinge,nonword,nonword,1,690
20,26476,24844,50,lillicht,nonword,nonword,1,679
20,18454,24970,50,ruisde,nonword,word,0,NA
20,16882,24841,50,proesters,nonword,nonword,1,924
20,16642,24954,50,patte,nonword,nonword,1,635
20,27954,24915,50,zaar,nonword,nonword,1,655
20,12546,24835,50,badu,nonword,nonword,1,689
20,27138,24983,50,wrinkt,nonword,nonword,1,627
20,19416,24837,50,schimmers,nonword,nonword,1,661
20,27442,24972,50,tergzaam,nonword,nonword,1,607
20,7194,24852,50,geschan,nonword,nonword,1,828
20,3520,24961,50,corbets,nonword,nonword,1,657
20,26222,24895,50,marve,nonword,nonword,1,547
20,19464,24976,50,schinkend,nonword,nonword,1,643
20,17654,24735,50,puks,nonword,nonword,1,699
20,12314,24899,50,miren,nonword,nonword,1,614
20,26880,24728,50,monkels,nonword,nonword,1,574
20,13676,24887,50,bistig,nonword,nonword,1,685
20,8322,24928,50,groos,nonword,nonword,1,641
20,14632,24727,50,holken,nonword,nonword,1,693
20,8446,24996,50,hoontjes,nonword,nonword,1,703
20,3186,24729,50,cair,nonword,nonword,1,797
20,1124,24877,50,bebrenst,nonword,nonword,1,601
20,19602,24999,50,schouwhorg,nonword,nonword,1,753
20,18852,24733,50,wossisch,nonword,nonword,1,679
20,23236,25001,50,zilden,nonword,nonword,1,561
20,2196,24949,50,hodens,nonword,nonword,1,552
20,5528,24830,50,erat,nonword,nonword,1,645
20,9020,24938,50,bentog,nonword,nonword,1,615
20,27738,24979,50,tozen,nonword,nonword,1,672
20,6446,24873,50,gest,nonword,nonword,1,828
20,25992,24994,50,voeltjes,nonword,nonword,1,939
20,25044,24834,50,molla's,nonword,nonword,1,578
20,22156,25009,50,strenke,nonword,nonword,1,719
20,20422,25010,50,brube,nonword,nonword,1,456
20,26928,25011,50,mitvalk,nonword,nonword,1,571
20,11950,25012,50,pleters,nonword,nonword,1,506
20,20158,25000,50,slabdoom,nonword,nonword,1,696
20,22720,24853,50,tekjes,nonword,nonword,1,928
20,14308,25002,50,deibel,nonword,nonword,1,737
20,27060,25016,50,morp,nonword,nonword,1,582
20,26158,24722,50,wansen,nonword,nonword,1,753
20,19886,24952,50,sins,nonword,nonword,1,807
20,23706,24777,50,zibes,nonword,nonword,1,597
20,19222,24846,50,schova,nonword,nonword,1,511
20,11890,24968,50,gregen,nonword,nonword,1,478
20,24968,24861,50,viep,nonword,nonword,1,604
20,11410,24781,50,vrerde,nonword,nonword,1,668
20,19466,25024,50,scherte,nonword,nonword,1,650
20,22940,24783,50,toudje,nonword,nonword,1,570
20,27674,25013,50,zose,nonword,nonword,1,475
20,4582,25027,50,doorsteld,nonword,nonword,1,723
20,14388,24975,50,woeten,nonword,nonword,1,598
20,24116,24747,50,vansier,nonword,nonword,1,569
20,19670,25017,50,schronen,nonword,nonword,1,565
20,11760,25018,50,kakting,nonword,nonword,1,564
20,22416,24790,50,stoosjes,nonword,nonword,1,649
20,19110,24872,50,schesen,nonword,nonword,1,705
20,19172,24913,50,schuikjes,nonword,nonword,1,675
20,2752,24793,50,brilts,nonword,nonword,1,644
20,12370,25036,50,trater,nonword,nonword,1,574
20,22930,24916,50,tendt,nonword,nonword,1,683
20,8666,24917,50,howen,nonword,nonword,1,518
20,1420,24918,50,bescheept,nonword,nonword,1,854
20,14052,25040,50,maybells,nonword,nonword,1,529
20,22180,25041,50,spraden,nonword,nonword,1,610
20,26984,24921,50,delkje,nonword,nonword,1,697
20,20546,24990,50,frikkend,nonword,nonword,1,663
20,3762,24923,50,dastpring,nonword,nonword,1,621
20,7414,24965,50,gevolkt,nonword,nonword,1,NA
20,374,24725,50,andang,nonword,nonword,1,563
20,23184,24926,50,toesleen,nonword,nonword,1,546
20,18520,25008,50,ron,nonword,nonword,1,593
20,21492,25049,50,standlums,nonword,nonword,1,494
20,10090,24808,50,sekers,nonword,nonword,1,622
20,2914,25051,50,slui,nonword,nonword,1,608
20,8004,25052,50,fleten,nonword,nonword,1,814
20,7986,25053,50,brakje,nonword,nonword,1,739
20,13294,25054,50,lortje,nonword,nonword,1,538
20,8646,24894,50,werde,nonword,nonword,1,614
20,3992,24935,50,dinkbrant,nonword,nonword,1,556
20,5746,24815,50,fet,nonword,nonword,1,610
20,19302,25058,50,schoden,nonword,nonword,1,646
20,1120,25059,50,bepin,nonword,nonword,1,562
20,5174,25020,50,dwals,nonword,nonword,1,752
20,8164,24860,50,kruifje,nonword,word,0,NA
20,8736,24941,50,tegreeuws,nonword,nonword,1,702
20,22142,24821,50,strambe,nonword,nonword,1,601
20,13614,25064,50,bieers,nonword,nonword,1,558
20,2050,25065,50,brijding,nonword,nonword,1,541
20,9602,24986,50,huisboer,nonword,nonword,1,763
20,448,24946,50,olders,nonword,nonword,1,525
20,27808,24787,50,deiltjes,nonword,nonword,1,719
20,8008,24908,50,klatos,nonword,nonword,1,547
20,6038,25070,50,smaattoon,nonword,nonword,1,588
20,16076,24951,50,vichter,nonword,nonword,1,584
20,11122,25072,50,klapop,nonword,nonword,1,792
20,10890,25073,50,trak,nonword,nonword,1,574
20,9992,24710,50,nakon,nonword,nonword,1,620
20,28122,25075,50,glotend,nonword,nonword,1,572
20,10350,25076,50,ronnen,nonword,nonword,1,570
20,9028,25077,50,mose,nonword,nonword,1,538
20,5758,24714,50,saupa,nonword,nonword,1,660
20,18040,25079,50,repaas,nonword,nonword,1,521
20,13056,24838,50,hemers,nonword,nonword,1,560
20,16028,25081,50,omeel,nonword,nonword,1,550
20,23898,24718,50,uitvaak,nonword,nonword,1,644
20,12588,24962,50,hamp,nonword,nonword,1,587
20,12352,25084,50,keintjes,nonword,nonword,1,903
20,22730,25085,50,zatten,nonword,word,0,NA
20,4328,24966,50,mogtors,nonword,nonword,1,495
20,18866,24723,50,ringplaats,nonword,nonword,1,680
20,23000,25088,50,zeunden,nonword,nonword,1,678
20,144,25089,50,aarnert,nonword,nonword,1,577
20,8012,24726,50,klaube,nonword,nonword,1,499
20,6286,25091,50,noeken,nonword,nonword,1,647
20,8884,25092,50,wolden,nonword,nonword,1,723
20,11540,25093,50,mekend,nonword,nonword,1,732
20,22778,24730,50,tooltje,nonword,nonword,1,787
20,6088,24731,50,saaitjes,nonword,word,0,NA
20,7226,24732,50,gedwaaf,nonword,nonword,1,717
20,24556,25097,50,verderpt,nonword,nonword,1,716
20,23578,24977,50,bliggen,nonword,nonword,1,511
20,14384,25099,50,woontjes,nonword,nonword,1,751
20,4330,24736,50,hede,nonword,nonword,1,917
20,14290,25021,50,hoting,nonword,nonword,1,584
20,9594,25102,50,haalarts,nonword,nonword,1,582
20,22400,24739,50,stitie,nonword,nonword,1,687
20,1452,25104,50,bopjes,nonword,nonword,1,531
20,5598,25105,50,essues,nonword,nonword,1,644
20,60,25106,50,aanbok,nonword,nonword,1,944
20,20684,24743,50,snidjes,nonword,nonword,1,NA
20,23784,25108,50,tuszen,nonword,nonword,1,542
20,23302,24706,50,zijntjes,nonword,nonword,1,NA
20,2656,24746,50,brandteet,nonword,nonword,1,719
20,17230,25111,50,vister,nonword,nonword,1,713
20,13154,24991,50,laakjes,nonword,nonword,1,NA
20,666,24871,50,paat,nonword,nonword,1,829
20,2882,24750,50,brooistank,nonword,nonword,1,640
20,1274,25115,50,holles,nonword,nonword,1,905
20,606,24874,50,eben,nonword,nonword,1,576
20,19930,24753,50,fossies,nonword,nonword,1,597
20,19570,25118,50,schiksing,nonword,nonword,1,828
20,14180,25119,50,medoors,nonword,nonword,1,513
20,3674,24756,50,doorwaast,nonword,nonword,1,640
20,16218,25121,50,paks,nonword,nonword,1,654
20,26942,24758,50,daadde,nonword,nonword,1,887
20,928,25123,50,tad,nonword,nonword,1,517
20,25062,24761,50,vinks,nonword,nonword,1,698
20,22784,25125,50,hievee,nonword,nonword,1,629
20,26428,25086,50,keigand,nonword,nonword,1,616
20,2794,25006,50,sletse,nonword,nonword,1,645
20,5808,25128,50,nille,nonword,nonword,1,625
20,25844,25129,50,vroes,nonword,nonword,1,493
20,17898,24766,50,damend,nonword,nonword,1,653
20,1604,25131,50,bemil,nonword,nonword,1,546
20,17794,24768,50,neken,nonword,nonword,1,724
20,3122,25133,50,ceftus,nonword,nonword,1,592
20,168,25134,50,ahs,nonword,nonword,1,494
20,6316,25135,50,lyciek,nonword,nonword,1,608
20,21968,25136,50,stongen,nonword,nonword,1,541
20,18954,25137,50,fap,nonword,nonword,1,541
20,10686,24774,50,deien,nonword,nonword,1,729
20,7352,25139,50,gokto,nonword,nonword,1,605
20,24642,25140,50,vergies,nonword,nonword,1,522
20,23524,25141,50,sloernis,nonword,nonword,1,523
20,17710,25142,50,kaaf,nonword,nonword,1,556
20,21382,25143,50,steet,nonword,nonword,1,667
20,13846,24780,50,zapen,nonword,nonword,1,640
20,21814,25145,50,stuurmen,nonword,nonword,1,723
20,1748,24782,50,huiders,nonword,nonword,1,855
20,1058,25147,50,buidsje,nonword,nonword,1,940
20,10316,24784,50,mampte,nonword,nonword,1,569
20,3404,24907,50,cospo's,nonword,nonword,1,563
20,1110,24786,50,bekaard,nonword,nonword,1,694
20,8962,25151,50,herpy's,nonword,nonword,1,579
20,25252,25031,50,snoed,nonword,nonword,1,597
20,1922,24911,50,blulten,nonword,nonword,1,695
20,12278,25154,50,wuilen,nonword,nonword,1,788
20,19186,25155,50,schoet,nonword,nonword,1,715
20,18162,25035,50,rutten,nonword,nonword,1,693
20,18330,25157,50,ruip,nonword,nonword,1,628
20,26522,25037,50,wengt,nonword,nonword,1,589
20,18468,24795,50,wijpend,nonword,nonword,1,606
20,14470,24796,50,mizas,nonword,nonword,1,524
20,20618,25161,50,zwijdt,nonword,nonword,1,727
20,4296,25162,50,mit,nonword,nonword,1,623
20,26938,25163,50,mitmis,nonword,nonword,1,716
20,21516,24922,50,storte,nonword,word,0,NA
20,19650,25044,50,schraaldde,nonword,nonword,1,725
20,7020,24802,50,gedaap,nonword,nonword,1,606
20,11566,25167,50,wom,nonword,nonword,1,512
20,20462,24804,50,shakten,nonword,word,0,NA
20,27432,25048,50,zientjes,nonword,nonword,1,659
20,852,24806,50,balik,nonword,nonword,1,543
20,26516,25171,50,wets,nonword,nonword,1,828
20,23552,25172,50,tritryx,nonword,nonword,1,608
20,17154,25173,50,pijkjes,nonword,nonword,1,701
20,26052,25174,50,waardaagd,nonword,nonword,1,583
20,5610,25175,50,oder,nonword,nonword,1,885
20,23710,24934,50,teft,nonword,nonword,1,673
20,3458,25056,50,corbleet,nonword,nonword,1,584
20,11622,24936,50,koei,nonword,nonword,1,571
20,8220,25179,50,spietten,nonword,nonword,1,773
20,25406,25180,50,mijren,nonword,nonword,1,731
20,1542,25181,50,bereel,nonword,nonword,1,708
20,23518,25182,50,brends,nonword,nonword,1,748
20,8546,25183,50,boltes,nonword,nonword,1,724
20,7530,24942,50,gezort,nonword,nonword,1,631
20,6874,25185,50,geriet,nonword,nonword,1,821
20,2544,25186,50,leeten,nonword,nonword,1,602
20,7744,25187,50,gloedveeuw,nonword,nonword,1,696
20,13952,24824,50,marbent,nonword,nonword,1,553
20,8146,24704,50,krollig,nonword,nonword,1,854
20,16384,25190,50,peuoon,nonword,nonword,1,566
20,7024,25191,50,gedoem,nonword,nonword,1,NA
20,5046,24950,50,maampje,nonword,nonword,1,520
20,21054,24829,50,speuntjes,nonword,nonword,1,767
20,23664,25194,50,trocks,nonword,nonword,1,636
20,19892,24831,50,segwis,nonword,nonword,1,529
20,5872,25196,50,farse,nonword,nonword,1,659
20,13092,25197,50,hechtstraal,nonword,nonword,1,766
20,338,25198,50,ol,nonword,nonword,1,533
20,16654,25199,50,rils,nonword,nonword,1,709
20,19734,25200,50,schagde,nonword,nonword,1,606
20,25559,24701,50,vonken,word,word,1,628
20,6747,24702,50,geintje,word,word,1,641
20,15841,24703,50,oostblok,word,word,1,685
20,24061,25068,50,vakje,word,word,1,459
20,25869,24705,50,vrijsters,word,nonword,0,NA
20,26897,24827,50,winters,word,word,1,561
20,6293,24707,50,funest,word,nonword,0,NA
20,6631,24708,50,geenszins,word,word,1,740
20,21505,24749,50,stapel,word,word,1,561
20,6999,25074,50,gen,word,word,1,557
20,1931,24711,50,blaren,word,word,1,601
20,27883,24712,50,zuchtend,word,word,1,584
20,11021,24713,50,kleintjes,word,word,1,599
20,21699,25078,50,steps,word,nonword,0,NA
20,11225,24715,50,kluisje,word,word,1,NA
20,5381,24716,50,eis,word,word,1,605
20,8029,24717,50,greentje,word,nonword,0,NA
20,1927,25082,50,blanke,word,word,1,502
20,11001,24719,50,klein,word,word,1,512
20,3627,24720,50,cycloon,word,word,1,561
20,4059,24721,50,deuntje,word,word,1,528
20,11521,24843,50,koetsjes,word,word,1,852
20,5099,25087,50,duplo,word,nonword,0,NA
20,3125,24724,50,cadeau,word,word,1,531
20,4297,24967,50,ditmaal,word,word,1,609
20,25911,25090,50,vrouwmens,word,word,1,735
20,5049,24848,50,duims,word,nonword,0,NA
20,1913,25132,50,bladzij,word,nonword,0,NA
20,6493,24850,50,gebed,word,word,1,507
20,12411,25094,50,kwasten,word,word,1,708
20,11881,25095,50,kracht,word,word,1,509
20,13601,25096,50,luider,word,word,1,591
20,2083,24854,50,bloems,word,nonword,0,NA
20,575,24734,50,atoom,word,word,1,673
20,25219,24856,50,vliegers,word,word,1,628
20,22187,25100,50,streefden,word,word,1,567
20,15339,24737,50,nooit,word,word,1,566
20,17997,24738,50,reeksen,word,word,1,677
20,24013,25103,50,vaarwel,word,word,1,565
20,15709,24740,50,ontstaat,word,word,1,666
20,665,24741,50,baat,word,word,1,821
20,6775,24742,50,gekapt,word,word,1,NA
20,20019,25107,50,siërra's,word,nonword,0,NA
20,10595,24744,50,kennen,word,word,1,517
20,18889,24745,50,sabbat,word,word,1,693
20,2745,25110,50,bretons,word,nonword,0,NA
20,11995,24868,50,kreunde,word,word,1,592
20,2179,24748,50,bobby's,word,nonword,0,NA
20,17581,24789,50,pucks,word,nonword,0,NA
20,20853,25114,50,spar,word,word,1,752
20,4763,24751,50,draven,word,word,1,732
20,25525,24752,50,volstond,word,word,1,532
20,14531,25117,50,mixer,word,word,1,508
20,20507,24754,50,smoelen,word,word,1,611
20,3009,24755,50,buikje,word,word,1,528
20,23415,25120,50,tralie,word,word,1,659
20,16563,24878,50,pienter,word,word,1,631
20,27711,25122,50,zoende,word,word,1,649
20,26551,24880,50,weren,word,word,1,596
20,21911,24760,50,stoeltjes,word,word,1,570
20,2379,24882,50,bood,word,word,1,539
20,199,24762,50,act,word,word,1,819
20,14389,24763,50,mijter,word,word,1,776
20,18571,24764,50,romig,word,nonword,0,NA
20,423,24765,50,alvast,word,word,1,492
20,13731,25130,50,maakte,word,word,1,463
20,10763,24767,50,kiezels,word,word,1,681
20,5389,24929,50,eist,word,word,1,572
20,12899,24769,50,leidt,word,word,1,603
20,7275,24810,50,gesteund,word,word,1,587
20,11545,24771,50,koket,word,nonword,0,NA
20,6335,24772,50,gaande,word,word,1,732
20,7303,24773,50,gestremd,word,nonword,0,NA
20,24099,25138,50,valstrik,word,word,1,557
20,3783,24896,50,dankte,word,word,1,563
20,13701,24776,50,lyriek,word,word,1,815
20,16345,24898,50,pauk,word,word,1,700
20,20099,24818,50,skylab,word,nonword,0,NA
20,27001,24779,50,wonen,word,word,1,528
20,17227,25144,50,posten,word,word,1,614
20,1707,24902,50,bezocht,word,word,1,531
20,5035,25146,50,duikers,word,word,1,524
20,1665,24904,50,bewees,word,word,1,548
20,6091,25148,50,ford,word,nonword,0,NA
20,19891,24785,50,sepsis,word,nonword,0,NA
20,18967,25150,50,satijn,word,word,1,614
20,26859,25029,50,wilt,word,word,1,884
20,1375,24788,50,bergplaats,word,word,1,696
20,2055,25193,50,bloei,word,word,1,556
20,18161,25032,50,resten,word,word,1,594
20,13809,24791,50,made,word,nonword,0,NA
20,12265,24792,50,kuisen,word,word,1,648
20,2789,24914,50,brit,word,nonword,0,NA
20,25149,24794,50,vlakken,word,word,1,559
20,6173,25159,50,frankrijk,word,word,1,543
20,27295,25160,50,zanden,word,nonword,0,NA
20,24921,25039,50,vesper,word,nonword,0,NA
20,26779,24959,50,wijn,word,word,1,431
20,1031,24839,50,beducht,word,nonword,0,NA
20,5535,24800,50,erkers,word,nonword,0,NA
20,2747,24801,50,breuk,word,word,1,659
20,9493,25166,50,hordes,word,word,1,745
20,21629,24803,50,stekel,word,word,1,732
20,26915,25168,50,wissen,word,word,1,577
20,353,24805,50,alen,word,nonword,0,NA
20,14419,25170,50,mille,word,nonword,0,NA
20,20423,24807,50,sluwheid,word,word,1,NA
20,7403,24969,50,geveld,word,word,1,576
20,18127,24809,50,renner,word,word,1,571
20,21137,24971,50,spoken,word,word,1,527
20,9725,24932,50,ietwat,word,word,1,633
20,25109,24812,50,viste,word,nonword,0,NA
20,23861,24813,50,type,word,word,1,518
20,9133,24814,50,hik,word,word,1,647
20,9033,25057,50,hesp,word,word,1,566
20,11399,24816,50,knop,word,word,1,527
20,11081,24857,50,kleven,word,word,1,801
20,14203,24858,50,mens,word,word,1,646
20,7233,24819,50,gespeld,word,word,1,586
20,21973,24820,50,stols,word,nonword,0,NA
20,14763,25063,50,mossels,word,word,1,509
20,12689,24822,50,lasser,word,word,1,534
20,2673,24823,50,brandweer,word,word,1,502
20,8441,25188,50,haarscherp,word,word,1,802
20,20457,24825,50,smart,word,nonword,0,NA
20,17069,24826,50,pokken,word,word,1,495
20,17501,24948,50,pronken,word,word,1,568
20,24025,24828,50,vaatdoek,word,word,1,593
20,24899,24869,50,verzoend,word,word,1,686
20,24057,24870,50,vakes,word,nonword,0,NA
20,26711,25195,50,wielen,word,word,1,664
20,7459,24832,50,gewaagd,word,word,1,562
20,23745,24833,50,tulpen,word,word,1,513
20,26991,24955,50,won,word,word,1,745
20,8129,24956,50,grijs,word,word,1,528
20,1013,24836,50,bedrijfs,word,nonword,0,NA
20,22983,24958,50,thuiskomst,word,word,1,593
20,27237,24864,50,zager,word,word,1,538
20,22105,24879,50,stoute,word,word,1,515
20,6913,24840,50,geleid,word,word,1,690
20,21949,25083,50,stokers,word,word,1,NA
20,13925,24842,50,manlijk,word,word,1,781
20,24063,24964,50,vakjes,word,word,1,531
20,2831,24884,50,broekrok,word,word,1,784
20,5403,24845,50,eksters,word,word,1,610
20,4683,24886,50,draaglijk,word,word,1,824
20,22435,24847,50,stukken,word,word,1,479
20,25249,25169,50,vlo,word,word,1,592
20,5143,24889,50,duwen,word,word,1,498
20,14471,24890,50,minuut,word,word,1,564
20,5249,24998,50,eenden,word,word,1,678
20,8285,24973,50,grootse,word,word,1,748
20,21649,24974,50,stellen,word,word,1,516
20,7349,25015,50,getrouwd,word,word,1,701
20,26457,24855,50,welden,word,nonword,0,NA
20,3047,25098,50,bult,word,word,1,709
20,12773,24937,50,leeg,word,word,1,634
20,3801,25019,50,danst,word,word,1,627
20,8761,24859,50,heelal,word,word,1,658
20,25295,24981,50,vlogen,word,word,1,579
20,20583,24982,50,sneeuwen,word,word,1,514
20,21567,24862,50,staven,word,word,1,857
20,19003,24863,50,scene,word,word,1,637
20,25211,24930,50,vlezig,word,word,1,636
20,311,24865,50,air,word,word,1,569
20,7577,24866,50,giechelt,word,word,1,633
20,17013,24867,50,poeltjes,word,word,1,678
20,5231,24989,50,ede,word,nonword,0,NA
20,25575,24909,50,vooraan,word,word,1,579
20,5365,24910,50,einder,word,nonword,0,NA
20,18023,24992,50,regeert,word,word,1,689
20,20161,24993,50,slak,word,word,1,523
20,299,25034,50,afzien,word,word,1,515
20,13623,24995,50,luikjes,word,word,1,860
20,20037,24875,50,sindsdien,word,word,1,670
20,4829,24876,50,drijft,word,word,1,569
20,14317,24903,50,mevrouw,word,word,1,515
20,22231,25025,50,strengen,word,nonword,0,NA
20,18681,25080,50,rotsvast,word,word,1,667
20,12491,24960,50,laars,word,word,1,612
20,3891,24881,50,deelstaat,word,word,1,707
20,12693,25003,50,lasso,word,word,1,602
20,6879,24883,50,gelang,word,nonword,0,NA
20,19833,24924,50,scripts,word,word,1,666
20,14853,24885,50,munt,word,word,1,487
20,14021,25047,50,matglas,word,nonword,0,NA
20,22453,24927,50,stuur,word,word,1,562
20,16911,24901,50,ploegen,word,word,1,546
20,3945,25050,50,deksel,word,word,1,527
20,12079,25158,50,krokus,word,word,1,559
20,26759,25038,50,wijdten,word,nonword,0,NA
20,6547,24892,50,gebukt,word,word,1,737
20,7345,24893,50,getroost,word,word,1,617
20,15677,25055,50,ontkomt,word,word,1,NA
20,3967,25177,50,demons,word,word,1,750
20,21127,25178,50,spoelen,word,word,1,549
20,24395,25071,50,verdwaald,word,word,1,602
20,23121,24978,50,titel,word,word,1,561
20,2821,24939,50,broek,word,word,1,548
20,281,24900,50,afspraak,word,word,1,514
20,11473,25156,50,koelte,word,word,1,564
20,5327,25023,50,effen,word,word,1,754
20,18627,25184,50,rookpluim,word,word,1,733
20,9739,24943,50,ijlings,word,nonword,0,NA
20,15849,24905,50,oostkant,word,word,1,516
20,22005,24906,50,stoof,word,word,1,581
20,9103,25028,50,hiernaast,word,word,1,NA
20,2011,25069,50,bliksems,word,word,1,606
20,20089,25109,50,ski's,word,word,1,622
20,7559,25165,50,gezwel,word,word,1,820
20,19801,25153,50,schutters,word,word,1,549
20,14391,24912,50,mijters,word,word,1,897
20,3137,24953,50,cafés,word,word,1,557
20,18061,25007,50,reinheid,word,nonword,0,NA
20,20597,25116,50,snelle,word,word,1,507
20,26023,25061,50,waakte,word,word,1,607
20,1349,25022,50,berbers,word,nonword,0,NA
20,10517,24944,50,keepers,word,word,1,622
20,22057,24945,50,stopt,word,word,1,491
20,8709,24933,50,hautain,word,word,1,661
20,19447,25042,50,schoentje,word,word,1,575
20,2633,25043,50,brancard,word,word,1,733
20,16013,25149,50,ouds,word,word,1,651
20,28057,25004,50,zweep,word,word,1,551
20,9911,24925,50,item,word,word,1,629
20,27587,25127,50,zijden,word,word,1,695
20,589,24940,50,aura's,word,word,1,691
20,2087,25062,50,bloesem,word,word,1,524
20,19941,25060,50,sextant,word,nonword,0,NA
20,21363,25101,50,staaltjes,word,word,1,900
20,24807,24957,50,vervalt,word,word,1,529
20,16641,24984,50,pikte,word,word,1,751
20,23493,25067,50,treintjes,word,word,1,522
20,12493,25014,50,laarsjes,word,word,1,558
20,15713,25176,50,ontsteld,word,word,1,791
20,24505,25033,50,verklaar,word,word,1,480
20,24531,25030,50,verkrijgt,word,word,1,582
20,22929,25112,50,tests,word,word,1,562
20,19085,25113,50,schakels,word,word,1,562
20,26933,24988,50,witten,word,word,1,771
20,11911,24980,50,kramp,word,word,1,714
20,13973,24985,50,marqué,word,nonword,0,NA
20,16763,24947,50,plakjes,word,word,1,669
20,12419,25005,50,kweekte,word,word,1,583
20,20825,24997,50,spaarzaam,word,word,1,600
20,823,24963,50,banjo's,word,word,1,730
20,17909,25124,50,reces,word,nonword,0,NA
20,7019,25026,50,geniep,word,word,1,664
20,22669,25046,50,tangen,word,word,1,687
20,23769,25126,50,turend,word,word,1,817
20,521,25189,50,armee,word,nonword,0,NA
20,8229,24987,50,grom,word,word,1,913
20,11063,25045,50,kleurig,word,word,1,542
20,4001,25192,50,der,word,word,1,573
20,14611,25152,50,moeten,word,word,1,482
20,5965,25066,50,flats,word,word,1,637
20,23713,25164,50,tuigen,word,nonword,0,NA
21,15128,24893,50,nalven,nonword,nonword,1,533
21,12634,24946,50,landschook,nonword,nonword,1,1141
21,14578,24928,50,raaite,nonword,nonword,1,759
21,19184,24870,50,schaarves,nonword,nonword,1,686
21,2760,24907,50,broudjes,nonword,nonword,1,NA
21,10488,24892,50,katpus,nonword,nonword,1,799
21,1556,24806,50,beloom,nonword,nonword,1,484
21,6800,24846,50,gegreerd,nonword,nonword,1,609
21,2016,24959,50,blakmeld,nonword,nonword,1,925
21,4144,24852,50,diechtjaar,nonword,nonword,1,571
21,24744,24744,50,versteeld,nonword,nonword,1,1068
21,11496,24953,50,roergen,nonword,nonword,1,576
21,2856,24883,50,bromvoots,nonword,nonword,1,796
21,22012,24716,50,krool,nonword,nonword,1,600
21,364,24704,50,akse,nonword,nonword,1,783
21,25872,24983,50,vrijeen,nonword,word,0,NA
21,20758,24940,50,sels,nonword,nonword,1,882
21,13112,24730,50,luifje,nonword,word,0,NA
21,27276,24986,50,zompjes,nonword,nonword,1,754
21,4146,24948,50,ruinsten,nonword,nonword,1,705
21,17728,24811,50,waap,nonword,nonword,1,491
21,15564,24869,50,orspent,nonword,nonword,1,1009
21,20782,24964,50,jop,nonword,nonword,1,723
21,9274,24887,50,dege,nonword,nonword,1,732
21,23256,24859,50,roveel,nonword,nonword,1,736
21,2534,24872,50,bouillist,nonword,word,0,NA
21,6296,24968,50,fuskeert,nonword,nonword,1,940
21,24898,24755,50,verreekt,nonword,nonword,1,760
21,23138,24714,50,ticht,nonword,word,0,NA
21,2542,24784,50,dout,nonword,nonword,1,696
21,204,24945,50,acteept,nonword,nonword,1,1016
21,18002,24878,50,meep,nonword,nonword,1,510
21,5122,24947,50,mitjes,nonword,nonword,1,829
21,2668,24843,50,slandtunt,nonword,nonword,1,797
21,17874,24761,50,sag,nonword,nonword,1,699
21,28154,24789,50,vlijzen,nonword,nonword,1,1020
21,5006,24991,50,meidde,nonword,word,0,NA
21,14274,24845,50,dasthoop,nonword,nonword,1,563
21,7462,24725,50,gemaard,nonword,nonword,1,648
21,21970,24886,50,stolm,nonword,nonword,1,807
21,12660,24713,50,lastoot,nonword,word,0,NA
21,15382,24848,50,seten,nonword,nonword,1,983
21,4158,24837,50,dienstboogd,nonword,nonword,1,678
21,280,24918,50,otslag,nonword,nonword,1,510
21,11498,24770,50,kaaltje,nonword,word,0,NA
21,12510,25013,50,hafels,nonword,nonword,1,513
21,7560,24988,50,gekwal,nonword,word,0,NA
21,13310,24854,50,lipstails,nonword,nonword,1,632
21,18382,24963,50,rundslang,nonword,word,0,NA
21,7558,25004,50,gesmooid,nonword,nonword,1,1007
21,16456,24978,50,perting,nonword,nonword,1,654
21,1890,24898,50,bloogje,nonword,nonword,1,675
21,6314,24980,50,fiet,nonword,nonword,1,742
21,5998,25008,50,glappers,nonword,nonword,1,751
21,17672,24862,50,pigzels,nonword,nonword,1,740
21,27030,24902,50,woetsje,nonword,nonword,1,545
21,7526,24984,50,gedent,nonword,nonword,1,NA
21,22628,24743,50,tafes,nonword,nonword,1,691
21,18322,24905,50,koemen,nonword,nonword,1,564
21,18632,24720,50,keukte,nonword,word,0,NA
21,20486,25028,50,kweven,nonword,nonword,1,635
21,13800,24787,50,rochtig,nonword,word,0,NA
21,5948,24897,50,clippen,nonword,word,0,NA
21,18450,25031,50,kuiden,nonword,nonword,1,670
21,816,24790,50,lamen,nonword,nonword,1,776
21,28016,25033,50,vlakuw,nonword,nonword,1,556
21,7496,24873,50,gewijpt,nonword,nonword,1,661
21,10256,24995,50,mawel,nonword,nonword,1,673
21,9364,24875,50,hoogd,nonword,nonword,1,689
21,3142,24876,50,cerpjes,nonword,nonword,1,460
21,24502,24958,50,verweld,nonword,word,0,NA
21,11760,25039,50,kakting,nonword,nonword,1,895
21,22294,25027,50,strompen,nonword,nonword,1,NA
21,2870,25041,50,trons,nonword,nonword,1,752
21,15424,24841,50,octreen,nonword,word,0,NA
21,25472,24990,50,vome,nonword,nonword,1,1015
21,2426,24923,50,haatje,nonword,word,0,NA
21,21314,25045,50,truit,nonword,nonword,1,631
21,8392,24926,50,booitjes,nonword,nonword,1,597
21,13920,25047,50,vonke,nonword,nonword,1,457
21,13936,25048,50,woppen,nonword,nonword,1,812
21,5806,25049,50,fonheid,nonword,nonword,1,674
21,26616,24808,50,werkmaat,nonword,word,0,NA
21,5440,24729,50,epars,nonword,nonword,1,513
21,20710,24931,50,soop,nonword,nonword,1,909
21,14122,24932,50,tei,nonword,nonword,1,494
21,5658,25014,50,oyers,nonword,nonword,1,641
21,18494,25055,50,roekt,nonword,nonword,1,1016
21,5482,25003,50,enfum,nonword,nonword,1,760
21,16126,24896,50,taren,nonword,nonword,1,815
21,4224,25018,50,woeken,nonword,nonword,1,664
21,15664,25059,50,ontduid,nonword,word,0,NA
21,15820,24818,50,ookten,nonword,nonword,1,483
21,18334,25061,50,koepen,nonword,nonword,1,545
21,16494,24941,50,pustjes,nonword,nonword,1,1076
21,12502,24821,50,lietst,nonword,nonword,1,742
21,26290,25064,50,lemden,nonword,nonword,1,779
21,3218,24702,50,cerrors,nonword,nonword,1,638
21,16236,25066,50,paluis,nonword,nonword,1,766
21,18412,25067,50,tidaal,nonword,nonword,1,484
21,25674,25068,50,maarste,nonword,nonword,1,503
21,25132,25069,50,vloems,nonword,nonword,1,713
21,24486,24909,50,verreesd,nonword,nonword,1,558
21,5304,24707,50,eerril,nonword,nonword,1,421
21,21934,24708,50,stadjas,nonword,word,0,NA
21,18778,24952,50,kiemte,nonword,nonword,1,711
21,3378,24710,50,clowls,nonword,nonword,1,573
21,12542,24914,50,weders,nonword,nonword,1,827
21,25684,25076,50,voodsdang,nonword,nonword,1,1115
21,18394,24956,50,dute,nonword,nonword,1,669
21,1464,25078,50,bevroon,nonword,nonword,1,469
21,22634,25079,50,zokken,nonword,nonword,1,521
21,1428,25080,50,beschard,nonword,nonword,1,602
21,6840,24839,50,gekeund,nonword,nonword,1,882
21,11386,25082,50,knil,nonword,nonword,1,661
21,10620,24962,50,kalke,nonword,nonword,1,657
21,5882,25084,50,fick,nonword,nonword,1,721
21,11338,24721,50,smik,nonword,word,0,NA
21,18524,24966,50,peker,nonword,nonword,1,688
21,1612,24723,50,bemal,nonword,nonword,1,500
21,6938,24724,50,gerord,nonword,nonword,1,502
21,24,25089,50,aanplok,nonword,nonword,1,1159
21,1408,25090,50,bereefd,nonword,nonword,1,750
21,7102,24930,50,gelocht,nonword,nonword,1,1108
21,14596,25092,50,vijren,nonword,nonword,1,843
21,14922,25093,50,neekt,nonword,nonword,1,559
21,10854,25094,50,witsch,nonword,nonword,1,622
21,27104,24853,50,dwitjes,nonword,nonword,1,569
21,3354,24855,50,claxi's,nonword,nonword,1,773
21,4038,25097,50,meegde,nonword,nonword,1,772
21,3710,24734,50,dogvlad,nonword,nonword,1,448
21,16864,25099,50,treutje,nonword,nonword,1,1003
21,1012,24737,50,bedraam,nonword,nonword,1,753
21,8076,25101,50,bruiken,nonword,nonword,1,988
21,6422,24981,50,galent,nonword,nonword,1,702
21,16360,24739,50,poeitje,nonword,nonword,1,510
21,9842,25104,50,ingoor,nonword,nonword,1,582
21,25166,25105,50,zwas,nonword,nonword,1,613
21,17436,25106,50,plonter,nonword,nonword,1,595
21,16050,25107,50,poontjes,nonword,nonword,1,480
21,5550,25108,50,elskrig,nonword,nonword,1,771
21,17348,24745,50,prickte,nonword,nonword,1,1160
21,23688,25070,50,bratten,nonword,nonword,1,739
21,2220,25111,50,beepbeeld,nonword,nonword,1,598
21,12398,25112,50,trartaar,nonword,nonword,1,1140
21,1924,25113,50,pranbo,nonword,nonword,1,523
21,26002,24993,50,daaide,nonword,nonword,1,805
21,27720,24994,50,zuit,nonword,nonword,1,NA
21,23660,24752,50,blicjes,nonword,word,0,NA
21,15180,24753,50,nookjes,nonword,nonword,1,621
21,14622,24997,50,hegen,nonword,nonword,1,852
21,27992,25119,50,plaanste,nonword,nonword,1,628
21,15386,24999,50,seties,nonword,nonword,1,598
21,27974,25000,50,vlaan,nonword,nonword,1,756
21,25614,25122,50,voorloorn,nonword,nonword,1,684
21,23594,25123,50,blammen,nonword,nonword,1,519
21,16468,25124,50,pollioen,nonword,nonword,1,567
21,9300,25125,50,bopen,nonword,nonword,1,487
21,6954,25005,50,geticht,nonword,word,0,NA
21,19198,25127,50,schoepslijn,nonword,nonword,1,636
21,22214,24764,50,strens,nonword,nonword,1,623
21,18340,24765,50,mijming,nonword,nonword,1,668
21,1892,24888,50,bloogjes,nonword,nonword,1,661
21,21846,24849,50,stuilvil,nonword,nonword,1,676
21,19432,24890,50,schitser,nonword,nonword,1,913
21,10748,25012,50,doertje,nonword,nonword,1,695
21,5560,25134,50,enkt,nonword,nonword,1,739
21,13368,24771,50,boevend,nonword,nonword,1,734
21,8184,25096,50,broeze,nonword,nonword,1,831
21,14610,25137,50,woet,nonword,nonword,1,869
21,1770,25138,50,hiet,nonword,nonword,1,696
21,10364,24775,50,minsels,nonword,nonword,1,NA
21,16598,24776,50,pein,nonword,nonword,1,665
21,4568,25020,50,doofds,nonword,nonword,1,501
21,11912,24778,50,slamp,nonword,nonword,1,621
21,17540,25022,50,preuk,nonword,nonword,1,706
21,9158,24780,50,hins,nonword,nonword,1,542
21,610,24782,50,huidde,nonword,word,0,NA
21,19510,25146,50,schoolboorn,nonword,nonword,1,994
21,1694,25147,50,behat,nonword,nonword,1,480
21,20556,25148,50,snorte,nonword,nonword,1,547
21,13038,24785,50,denen,nonword,word,0,NA
21,4304,24908,50,duvo's,nonword,nonword,1,560
21,18348,25151,50,woetjes,nonword,nonword,1,531
21,5218,24788,50,icht,nonword,nonword,1,657
21,27412,25153,50,zui,nonword,nonword,1,592
21,11178,25154,50,kroof,nonword,nonword,1,574
21,17754,24913,50,cafist,nonword,word,0,NA
21,20044,24792,50,sont,nonword,nonword,1,515
21,18550,24794,50,mollook,nonword,nonword,1,489
21,13720,25158,50,maagroer,nonword,nonword,1,601
21,15632,24795,50,ontmijd,nonword,word,0,NA
21,10292,25160,50,kalp,nonword,nonword,1,587
21,7278,24797,50,gedrecht,nonword,nonword,1,553
21,26908,25162,50,his,nonword,nonword,1,586
21,14330,25042,50,wigro,nonword,nonword,1,568
21,19864,24922,50,seimien,nonword,nonword,1,639
21,10990,25165,50,breeft,nonword,nonword,1,657
21,462,24802,50,aduus,nonword,nonword,1,569
21,5104,25046,50,kiren,nonword,word,0,NA
21,226,24804,50,otel,nonword,nonword,1,552
21,17946,24805,50,dachtszaal,nonword,nonword,1,632
21,18774,25170,50,roepschoots,nonword,nonword,1,682
21,19478,24807,50,schoteer,nonword,nonword,1,550
21,7714,25172,50,glijgrocht,nonword,nonword,1,550
21,20774,25173,50,fendes,nonword,nonword,1,582
21,2812,25174,50,drijders,nonword,nonword,1,629
21,26746,25175,50,diedde,nonword,nonword,1,561
21,8632,25176,50,has,nonword,nonword,1,544
21,7956,25056,50,traciek,nonword,nonword,1,1014
21,4060,25057,50,woentje,nonword,nonword,1,786
21,4730,24937,50,druf,nonword,nonword,1,820
21,20862,24816,50,bladel,nonword,nonword,1,504
21,15110,24817,50,sukken,nonword,nonword,1,714
21,14018,25182,50,pade,nonword,nonword,1,545
21,1998,25183,50,zwijlen,nonword,nonword,1,816
21,19588,25063,50,scharse,nonword,nonword,1,773
21,18568,25185,50,kozer,nonword,nonword,1,1092
21,21980,24944,50,storre,nonword,nonword,1,886
21,15168,25187,50,neigon,nonword,nonword,1,647
21,9714,25188,50,eilen,nonword,nonword,1,628
21,5256,25189,50,oordjes,nonword,word,0,NA
21,7974,24826,50,standuur,nonword,nonword,1,1091
21,1586,25191,50,geuk,nonword,nonword,1,742
21,8536,25192,50,lasster,nonword,nonword,1,766
21,18668,24829,50,ret,nonword,nonword,1,695
21,23136,25194,50,torf,nonword,nonword,1,NA
21,2526,24831,50,bamweg,nonword,nonword,1,639
21,13628,24832,50,luip,nonword,nonword,1,668
21,22620,24833,50,tergles,nonword,nonword,1,535
21,14228,25077,50,merpa,nonword,nonword,1,516
21,6650,24835,50,gaasten,nonword,nonword,1,615
21,23352,25200,50,teurs,nonword,nonword,1,691
21,24411,24701,50,verf,word,word,1,426
21,26597,24823,50,werkt,word,word,1,401
21,7955,24703,50,grafiek,word,word,1,426
21,21451,24825,50,stam,word,nonword,0,NA
21,9403,24705,50,hoofse,word,nonword,0,NA
21,5159,24706,50,dwaas,word,word,1,450
21,1937,25071,50,blauwdruk,word,word,1,938
21,25651,25072,50,voorschrift,word,word,1,NA
21,26301,24709,50,weeën,word,word,1,542
21,26155,25074,50,walkers,word,nonword,0,NA
21,8729,24711,50,heb,word,word,1,459
21,4405,24712,50,dolblij,word,word,1,414
21,9635,24834,50,hulpje,word,word,1,568
21,2713,25199,50,brein,word,word,1,431
21,17531,24715,50,proton,word,word,1,536
21,15543,24756,50,omloop,word,word,1,431
21,20425,24717,50,smaad,word,word,1,551
21,19285,24718,50,scherper,word,word,1,550
21,11285,24719,50,knapte,word,word,1,534
21,19467,25083,50,schokten,word,word,1,912
21,26281,25085,50,weber,word,word,1,842
21,16093,24722,50,paf,word,nonword,0,NA
21,10677,25087,50,ketter,word,word,1,516
21,67,25088,50,aanschijn,word,word,1,497
21,6013,24967,50,flitsten,word,word,1,505
21,15303,24726,50,nog,word,word,1,563
21,26965,24727,50,woestijn,word,word,1,499
21,4013,24728,50,design,word,word,1,629
21,7669,24850,50,glansde,word,word,1,719
21,21679,24851,50,stemrecht,word,word,1,488
21,11767,24731,50,kortweg,word,word,1,495
21,9121,24732,50,hij,word,word,1,465
21,199,24733,50,act,word,word,1,644
21,21453,25098,50,stamboom,word,word,1,522
21,20737,24735,50,sokkels,word,word,1,468
21,19639,24736,50,schreed,word,nonword,0,NA
21,27171,24858,50,yankee,word,word,1,543
21,24525,24738,50,verkoos,word,word,1,441
21,11113,25103,50,klikte,word,word,1,650
21,3745,24740,50,daling,word,word,1,479
21,3985,24741,50,denker,word,word,1,689
21,22371,24742,50,strotje,word,word,1,764
21,9673,24864,50,hutje,word,word,1,507
21,3157,24865,50,canon,word,word,1,540
21,19191,25109,50,scheidden,word,nonword,0,NA
21,27675,24746,50,zoal,word,word,1,639
21,6147,24747,50,fractie,word,word,1,571
21,4535,24748,50,door,word,word,1,442
21,25317,24749,50,vlotjes,word,word,1,494
21,15735,24750,50,ontweek,word,word,1,817
21,13733,24751,50,maakten,word,word,1,565
21,11597,25116,50,komst,word,word,1,439
21,12129,25117,50,kruid,word,word,1,475
21,2537,24754,50,bourbon,word,word,1,602
21,14615,25118,50,moetjes,word,word,1,798
21,17373,24796,50,priemde,word,word,1,786
21,18065,24757,50,reis,word,word,1,548
21,26835,24758,50,wilder,word,word,1,659
21,19135,24759,50,schatten,word,word,1,591
21,497,24760,50,arbeid,word,word,1,589
21,20383,24882,50,sluier,word,word,1,539
21,26999,24762,50,wonder,word,word,1,420
21,25691,24763,50,voorval,word,word,1,426
21,26127,25128,50,wagon,word,word,1,696
21,11543,25129,50,kokers,word,word,1,610
21,5443,24766,50,emmers,word,word,1,486
21,20515,24767,50,smoezen,word,word,1,601
21,21937,24768,50,stofjes,word,word,1,439
21,23233,24769,50,tolde,word,word,1,603
21,11449,24891,50,koeken,word,word,1,610
21,1681,25135,50,bezaaid,word,word,1,587
21,10427,24772,50,karpers,word,word,1,391
21,517,24773,50,armband,word,word,1,444
21,977,24774,50,bedenkt,word,word,1,496
21,15291,25139,50,noemde,word,word,1,NA
21,13157,25140,50,lieten,word,word,1,429
21,2929,24777,50,bruin,word,word,1,708
21,16133,25142,50,pallet,word,word,1,577
21,20799,24779,50,souper,word,word,1,827
21,9717,25144,50,ieren,word,word,1,548
21,7523,24781,50,gezang,word,word,1,495
21,23359,24903,50,touwtjes,word,word,1,530
21,9055,24783,50,heupen,word,word,1,453
21,5877,25026,50,filet,word,word,1,650
21,27307,25149,50,zang,word,word,1,547
21,3231,24786,50,centra,word,word,1,548
21,10707,25029,50,keus,word,word,1,456
21,13743,25152,50,maaltjes,word,nonword,0,NA
21,13705,24910,50,ma,word,word,1,462
21,7741,24911,50,gloed,word,word,1,433
21,8125,24791,50,grijpen,word,word,1,447
21,6419,25156,50,gapend,word,word,1,857
21,1333,24793,50,bepaald,word,word,1,437
21,3939,24915,50,dekker,word,nonword,0,NA
21,25503,25159,50,volkslied,word,word,1,455
21,18361,24836,50,rilde,word,word,1,516
21,13391,25161,50,logo's,word,word,1,537
21,21471,24798,50,stampvol,word,word,1,568
21,14363,24799,50,mijlen,word,word,1,440
21,9143,24800,50,hindert,word,word,1,444
21,23083,24801,50,tilden,word,word,1,503
21,26159,25166,50,walm,word,word,1,573
21,18841,24803,50,runs,word,nonword,0,NA
21,13775,25168,50,maar,word,word,1,389
21,9151,25169,50,hingen,word,word,1,587
21,10349,24927,50,kannen,word,nonword,0,NA
21,12091,25171,50,kromming,word,word,1,517
21,10667,24929,50,kervel,word,word,1,799
21,22213,24809,50,strekt,word,word,1,453
21,4837,24810,50,drijvend,word,word,1,521
21,18621,25053,50,rooie,word,word,1,697
21,4793,24812,50,dreun,word,word,1,413
21,8719,24813,50,havik,word,word,1,513
21,27451,24814,50,zelfmoord,word,word,1,403
21,923,24815,50,bastaards,word,word,1,569
21,12795,25180,50,leende,word,word,1,528
21,11771,25181,50,kosmisch,word,word,1,545
21,10237,24939,50,kaartje,word,word,1,NA
21,1249,24819,50,belden,word,word,1,518
21,25305,24820,50,vloog,word,word,1,551
21,22849,24942,50,tempel,word,word,1,527
21,18041,24822,50,regime,word,word,1,479
21,10009,25065,50,jassen,word,word,1,642
21,15107,24824,50,nekjes,word,nonword,0,NA
21,10423,25025,50,karmijn,word,nonword,0,NA
21,3831,25190,50,dassen,word,word,1,500
21,17411,24827,50,prille,word,word,1,493
21,10739,24828,50,kiempje,word,word,1,NA
21,7155,25193,50,gescheeld,word,nonword,0,NA
21,7575,24830,50,gidsjes,word,word,1,561
21,11757,25195,50,korter,word,word,1,802
21,14345,25196,50,mier,word,word,1,439
21,15851,25197,50,oostkust,word,word,1,556
21,10807,24955,50,kilte,word,word,1,508
21,25855,25198,50,vrije,word,word,1,527
21,22967,24916,50,thema's,word,word,1,556
21,22261,24877,50,strijders,word,word,1,543
21,22907,24838,50,termijn,word,word,1,496
21,25025,24960,50,vijltjes,word,word,1,924
21,19805,24840,50,schuur,word,word,1,532
21,6767,24881,50,gejuich,word,word,1,472
21,13605,24842,50,luidop,word,word,1,591
21,10937,25044,50,klaren,word,word,1,567
21,17767,24844,50,raden,word,word,1,563
21,13887,24885,50,mammen,word,nonword,0,NA
21,17243,25007,50,potgrond,word,word,1,710
21,973,24847,50,beden,word,nonword,0,NA
21,4109,24969,50,dichtst,word,word,1,732
21,27633,24970,50,zinkwit,word,nonword,0,NA
21,8905,24971,50,helm,word,word,1,577
21,16507,24972,50,persoons,word,word,1,559
21,2647,24973,50,branden,word,word,1,591
21,26975,24974,50,wolf,word,word,1,476
21,8775,24975,50,heerschap,word,word,1,623
21,27351,24976,50,zeeman,word,word,1,716
21,22515,24856,50,sukkels,word,word,1,492
21,5251,24857,50,eender,word,word,1,493
21,15457,24979,50,oester,word,word,1,650
21,10499,24899,50,kauwtjes,word,word,1,NA
21,13861,24860,50,maleis,word,nonword,0,NA
21,13803,24861,50,madam,word,word,1,515
21,18053,25023,50,reikte,word,word,1,556
21,9867,24863,50,instinct,word,word,1,572
21,16225,24985,50,parel,word,word,1,479
21,20997,25120,50,spertijd,word,word,1,832
21,21805,24866,50,stieren,word,word,1,652
21,1831,24867,50,bijzijn,word,word,1,425
21,10773,24868,50,kijk,word,word,1,444
21,6015,25030,50,floot,word,word,1,508
21,26713,24950,50,wieltje,word,word,1,507
21,25619,24871,50,voorjaar,word,word,1,504
21,16975,25114,50,pluk,word,word,1,604
21,4479,25115,50,doodmoe,word,word,1,634
21,20307,24874,50,slipper,word,word,1,896
21,26047,24996,50,waard,word,word,1,732
21,10889,25157,50,klak,word,word,1,603
21,2281,24917,50,boetes,word,word,1,492
21,26769,25133,50,wijk,word,word,1,380
21,22195,24879,50,streelde,word,word,1,512
21,13127,24880,50,lieflijk,word,word,1,769
21,26977,24921,50,wolfje,word,word,1,876
21,7481,25043,50,geweld,word,word,1,551
21,16977,25164,50,plukjes,word,word,1,430
21,3365,24884,50,cliënt,word,word,1,594
21,22321,24925,50,stronken,word,nonword,0,NA
21,26413,25006,50,wei,word,word,1,551
21,27415,24900,50,zeil,word,word,1,459
21,5275,25009,50,eentjes,word,word,1,504
21,12477,24889,50,laagst,word,word,1,511
21,16837,25011,50,platform,word,word,1,568
21,4655,24904,50,douchen,word,word,1,514
21,9037,24998,50,hessen,word,nonword,0,NA
21,7687,24933,50,glazig,word,word,1,527
21,17127,24894,50,poogt,word,word,1,710
21,8607,24895,50,hang,word,word,1,511
21,18123,25017,50,rennen,word,word,1,469
21,27985,25058,50,zwaarder,word,word,1,473
21,18725,25019,50,rubber,word,word,1,499
21,18023,25060,50,regeert,word,word,1,462
21,13353,25034,50,loeiend,word,word,1,587
21,16849,24901,50,playboys,word,word,1,797
21,4521,25184,50,dooi,word,nonword,0,NA
21,10473,25024,50,kat,word,word,1,492
21,8169,24957,50,groeide,word,word,1,519
21,10747,25052,50,kiertje,word,word,1,888
21,18891,24906,50,sabel,word,word,1,707
21,10505,24987,50,keel,word,word,1,458
21,14849,25150,50,mummie,word,word,1,530
21,4813,24949,50,driemaal,word,word,1,539
21,10929,25110,50,klapt,word,word,1,NA
21,9383,25032,50,hoofdpijn,word,word,1,456
21,6833,24912,50,geknoeid,word,word,1,646
21,2151,25167,50,blubber,word,word,1,684
21,15139,25035,50,net,word,word,1,426
21,7311,25036,50,gestuwd,word,word,1,NA
21,27657,25050,50,zitjes,word,word,1,635
21,9685,25051,50,huurders,word,word,1,568
21,3251,25186,50,charge,word,word,1,685
21,26487,24919,50,welstand,word,word,1,927
21,25347,24920,50,vochten,word,word,1,623
21,18975,24961,50,saus,word,word,1,445
21,14073,25002,50,meel,word,word,1,486
21,13649,24936,50,lul,word,word,1,382
21,25397,24924,50,voelt,word,word,1,435
21,23101,24965,50,tinnen,word,word,1,443
21,3539,25100,50,coupon,word,word,1,665
21,8257,25141,50,gronds,word,word,1,562
21,6231,25062,50,frieten,word,word,1,482
21,22857,24982,50,tempo's,word,word,1,584
21,449,24943,50,angel,word,word,1,783
21,21807,25037,50,stierf,word,word,1,436
21,22523,25038,50,summum,word,word,1,760
21,7193,25131,50,geschut,word,word,1,466
21,25079,24934,50,vinnen,word,word,1,512
21,1051,24935,50,beeldbuis,word,word,1,625
21,2887,24989,50,broos,word,word,1,667
21,3749,24977,50,dame,word,word,1,692
21,21611,24938,50,steetje,word,nonword,0,NA
21,22245,25073,50,striem,word,word,1,677
21,15507,25086,50,olmpje,word,word,1,798
21,25801,24954,50,vreedzaam,word,word,1,623
21,19111,25075,50,schaper,word,nonword,0,NA
21,27465,25130,50,zenders,word,word,1,482
21,5621,25091,50,ethos,word,word,1,789
21,12869,25132,50,leggen,word,word,1,372
21,22151,25016,50,straight,word,word,1,833
21,14407,25081,50,milieu,word,word,1,615
21,19683,25001,50,schrijlings,word,word,1,616
21,3337,25163,50,city,word,word,1,425
21,2065,25145,50,bloeit,word,word,1,580
21,6271,24951,50,fronzen,word,word,1,685
21,5125,25126,50,duurde,word,word,1,473
21,14751,24992,50,mortel,word,word,1,666
21,27441,25015,50,zeldzaam,word,word,1,478
21,22453,25102,50,stuur,word,word,1,538
21,12655,25143,50,langste,word,word,1,431
21,2055,25095,50,bloei,word,word,1,459
21,18705,25121,50,rouw,word,word,1,356
21,25791,25010,50,vrat,word,nonword,0,NA
21,14427,25178,50,mimen,word,nonword,0,NA
21,11899,25179,50,kralen,word,word,1,627
21,3353,25136,50,claxons,word,word,1,665
21,5471,25054,50,enkels,word,word,1,436
21,9601,25155,50,huisdeur,word,word,1,652
21,9291,25021,50,hola,word,word,1,664
21,8001,25040,50,grasveld,word,word,1,561
21,2685,25177,50,bravoure,word,nonword,0,NA
22,12624,24701,50,hendjes,nonword,nonword,1,708
22,8250,24702,50,grondbuig,nonword,nonword,1,590
22,7636,24703,50,nongen,nonword,nonword,1,523
22,20002,25189,50,shoys,nonword,nonword,1,471
22,14396,24826,50,wukken,nonword,nonword,1,602
22,1280,24706,50,beleelt,nonword,nonword,1,597
22,26360,24707,50,koorslag,nonword,nonword,1,NA
22,15670,24708,50,onthaft,nonword,nonword,1,906
22,264,24830,50,afbinst,nonword,nonword,1,529
22,12286,25074,50,hurde,nonword,nonword,1,586
22,26702,25075,50,kuigend,nonword,nonword,1,665
22,17636,24712,50,penk,nonword,nonword,1,506
22,26948,25077,50,woeg,nonword,nonword,1,877
22,2604,24714,50,holer,nonword,nonword,1,652
22,5222,24715,50,ergder,nonword,nonword,1,696
22,8490,24837,50,barten,nonword,nonword,1,700
22,23914,24717,50,uitgeep,nonword,nonword,1,635
22,4546,24718,50,daarvat,nonword,nonword,1,712
22,13430,24719,50,doben,nonword,nonword,1,481
22,24018,24720,50,taas,nonword,nonword,1,580
22,27932,24721,50,gulks,nonword,nonword,1,434
22,22942,24722,50,teidjes,nonword,nonword,1,535
22,22892,25087,50,tole,nonword,nonword,1,455
22,14920,24845,50,noopsters,nonword,nonword,1,507
22,14596,25089,50,vijren,nonword,nonword,1,532
22,20632,25130,50,plappers,nonword,nonword,1,533
22,13434,24969,50,bingen,nonword,nonword,1,844
22,10904,24728,50,grantte,nonword,nonword,1,643
22,3062,24729,50,borkers,nonword,nonword,1,543
22,19426,24851,50,schempig,nonword,nonword,1,491
22,18384,25095,50,donse,nonword,nonword,1,649
22,9138,25096,50,donde,nonword,nonword,1,645
22,20722,25097,50,soedt,nonword,nonword,1,513
22,9682,24734,50,bierde,nonword,nonword,1,NA
22,19332,24977,50,schouden,nonword,nonword,1,739
22,21642,25100,50,krel,nonword,nonword,1,486
22,1120,24858,50,bepin,nonword,nonword,1,609
22,26178,24738,50,dalmis,nonword,nonword,1,601
22,7392,24739,50,genul,nonword,nonword,1,726
22,16782,25104,50,blonkje,nonword,nonword,1,596
22,2052,24741,50,bloetdood,nonword,nonword,1,525
22,27072,24742,50,mertel,nonword,nonword,1,541
22,7514,24743,50,gedwacht,nonword,nonword,1,588
22,25596,25108,50,meerdien,nonword,nonword,1,771
22,25932,24745,50,vuis,nonword,word,0,NA
22,10108,25110,50,jardste,nonword,nonword,1,542
22,25832,24868,50,vreend,nonword,nonword,1,679
22,7842,24748,50,gilmden,nonword,nonword,1,853
22,8340,24991,50,gitpen,nonword,nonword,1,570
22,27494,24750,50,zitsen,nonword,nonword,1,643
22,168,24751,50,ahs,nonword,nonword,1,446
22,13792,25116,50,watho,nonword,nonword,1,452
22,11402,24753,50,trepen,nonword,nonword,1,520
22,20582,24754,50,snaatsde,nonword,nonword,1,569
22,896,24876,50,hape,nonword,nonword,1,501
22,19704,24756,50,schrek,nonword,nonword,1,665
22,5086,25121,50,duche,nonword,nonword,1,549
22,12478,24758,50,laakst,nonword,nonword,1,723
22,24822,25123,50,vervroerd,nonword,nonword,1,543
22,5420,24881,50,erglal,nonword,nonword,1,510
22,10796,24761,50,lakkers,nonword,nonword,1,638
22,8330,24762,50,gus,nonword,nonword,1,619
22,23746,24763,50,tispen,nonword,nonword,1,536
22,8428,24764,50,hoord,nonword,word,0,NA
22,3544,25007,50,coudt,nonword,nonword,1,472
22,682,25170,50,bafin,nonword,nonword,1,563
22,27650,24767,50,zis,nonword,nonword,1,458
22,4642,25132,50,mosus,nonword,nonword,1,488
22,28154,24809,50,vlijzen,nonword,nonword,1,595
22,13358,24770,50,bijpen,nonword,nonword,1,553
22,22124,25135,50,striet,nonword,nonword,1,465
22,25426,25054,50,voedtal,nonword,nonword,1,578
22,18032,24773,50,bagen,nonword,nonword,1,579
22,25552,24895,50,vortst,nonword,word,0,NA
22,11218,24896,50,spolen,nonword,nonword,1,549
22,26012,24776,50,kaagden,nonword,nonword,1,620
22,20300,24898,50,spip,nonword,nonword,1,474
22,9334,24778,50,lozo,nonword,nonword,1,456
22,17986,24779,50,rau,nonword,nonword,1,492
22,11962,25144,50,grijften,nonword,nonword,1,575
22,4476,24781,50,doopmaan,nonword,nonword,1,476
22,6694,25146,50,gekrand,nonword,nonword,1,589
22,19174,25147,50,schijdsbouw,nonword,nonword,1,716
22,16950,24905,50,blop,nonword,nonword,1,508
22,14422,24785,50,mult,nonword,nonword,1,551
22,17844,25150,50,monke,nonword,nonword,1,467
22,616,24787,50,looitje,nonword,nonword,1,600
22,17892,24788,50,raime,nonword,nonword,1,518
22,12902,25153,50,beuen,nonword,nonword,1,470
22,6654,24911,50,goorntje,nonword,nonword,1,567
22,11606,24791,50,cozijn,nonword,nonword,1,802
22,11630,25156,50,moeitje,nonword,nonword,1,797
22,21236,24793,50,strieuwtje,nonword,nonword,1,597
22,5464,24794,50,etsel,nonword,nonword,1,595
22,9760,24795,50,oeler,nonword,nonword,1,512
22,10206,24796,50,jubool,nonword,nonword,1,593
22,18890,25161,50,saggat,nonword,nonword,1,477
22,21412,24798,50,stams,nonword,nonword,1,732
22,11070,24799,50,kleinstof,nonword,nonword,1,885
22,19136,24921,50,schekten,nonword,nonword,1,530
22,10070,25165,50,cijgen,nonword,nonword,1,515
22,3694,24923,50,kacht,nonword,nonword,1,630
22,17246,25045,50,vitje,nonword,nonword,1,607
22,20948,24804,50,kraartjes,nonword,nonword,1,596
22,14360,25169,50,doeden,nonword,nonword,1,547
22,12120,24846,50,trop,nonword,word,0,NA
22,3248,24807,50,clinges,nonword,nonword,1,479
22,23808,24808,50,sjoude,nonword,nonword,1,497
22,26652,24849,50,welftaarts,nonword,nonword,1,587
22,8010,24931,50,grijd,nonword,nonword,1,476
22,22438,25175,50,stups,nonword,nonword,1,509
22,21968,24852,50,stongen,nonword,nonword,1,621
22,24408,24813,50,veroond,nonword,nonword,1,542
22,14634,25178,50,rakkend,nonword,nonword,1,731
22,15494,24936,50,arsels,nonword,nonword,1,716
22,22342,24816,50,straagden,nonword,nonword,1,572
22,23918,24817,50,eenslag,nonword,word,0,NA
22,9860,25182,50,infend,nonword,nonword,1,572
22,4374,25061,50,dous,nonword,nonword,1,456
22,11864,24820,50,klaan,nonword,nonword,1,616
22,7594,24821,50,goet,nonword,nonword,1,597
22,5886,25186,50,folver,nonword,nonword,1,553
22,19826,24823,50,chribble,nonword,nonword,1,482
22,14746,24824,50,korvel,nonword,nonword,1,692
22,15452,25067,50,oerook,nonword,nonword,1,618
22,19710,24866,50,schrind,nonword,nonword,1,527
22,9148,24948,50,bindees,nonword,nonword,1,571
22,16330,24828,50,papris,nonword,nonword,1,790
22,5458,25193,50,esnin,nonword,word,0,NA
22,710,24951,50,bam,nonword,nonword,1,554
22,6548,25195,50,gebend,nonword,nonword,1,439
22,4336,24993,50,deek,nonword,nonword,1,714
22,18960,25197,50,sarals,nonword,nonword,1,492
22,6828,24834,50,geslakt,nonword,nonword,1,719
22,16978,24835,50,blusjes,nonword,word,0,NA
22,2652,24836,50,kronder,nonword,nonword,1,573
22,7470,25079,50,gebookt,nonword,nonword,1,655
22,21184,24959,50,klokter,nonword,nonword,1,535
22,10166,25081,50,cillie,nonword,nonword,1,586
22,6802,24961,50,geslopt,nonword,nonword,1,886
22,19152,25002,50,schaten,nonword,word,0,NA
22,9472,25084,50,loorns,nonword,nonword,1,631
22,19922,24964,50,termet,nonword,nonword,1,543
22,4326,24844,50,mogtor,nonword,nonword,1,590
22,27420,24966,50,tielde,nonword,nonword,1,738
22,27318,25128,50,geten,nonword,nonword,1,963
22,9230,25008,50,lijpel,nonword,nonword,1,459
22,21034,24888,50,spuurklacht,nonword,nonword,1,776
22,10278,25131,50,kahuk,nonword,nonword,1,485
22,5862,24850,50,faatste,nonword,nonword,1,521
22,25198,24972,50,preigel,nonword,nonword,1,515
22,13504,24892,50,beper,nonword,nonword,1,526
22,2270,24974,50,boerd,nonword,nonword,1,525
22,2772,24854,50,trieren,nonword,nonword,1,714
22,18118,24855,50,nen,nonword,word,0,NA
22,6518,25017,50,gewans,nonword,nonword,1,512
22,9768,24857,50,oepig,nonword,nonword,1,595
22,2336,24979,50,lond,nonword,word,0,NA
22,23402,24859,50,trake,nonword,nonword,1,478
22,16484,24860,50,dersent,nonword,nonword,1,576
22,6356,24982,50,zaring,nonword,nonword,1,503
22,9918,24983,50,ca,nonword,nonword,1,521
22,14626,24863,50,veker,nonword,nonword,1,846
22,2538,24904,50,bourtin,nonword,nonword,1,524
22,11338,24865,50,smik,nonword,nonword,1,693
22,3414,24906,50,costlails,nonword,nonword,1,653
22,6118,25028,50,forats,nonword,nonword,1,534
22,16338,25149,50,detjes,nonword,nonword,1,580
22,5356,24869,50,ierand,nonword,nonword,1,562
22,272,25112,50,amliep,nonword,nonword,1,459
22,15496,25032,50,orij,nonword,nonword,1,801
22,5842,24912,50,foenser,nonword,nonword,1,518
22,13994,25155,50,kapkers,nonword,nonword,1,542
22,27360,24914,50,teeroos,nonword,nonword,1,498
22,730,25117,50,rikker,nonword,nonword,1,535
22,16874,24997,50,preizen,nonword,nonword,1,625
22,9808,24877,50,indrook,nonword,nonword,1,503
22,18828,24999,50,tumeur,nonword,nonword,1,837
22,28082,25040,50,zwemstaak,nonword,nonword,1,877
22,790,24880,50,basbaal,nonword,nonword,1,693
22,3936,25001,50,mukken,nonword,nonword,1,558
22,24068,24882,50,valhui,nonword,nonword,1,511
22,10916,24883,50,gransjes,nonword,nonword,1,737
22,9616,25005,50,luisfrouw,nonword,nonword,1,550
22,7962,25006,50,grag,nonword,nonword,1,501
22,18296,25168,50,woeders,nonword,nonword,1,480
22,1414,24967,50,belost,nonword,nonword,1,731
22,1884,25022,50,bimor,nonword,nonword,1,NA
22,6084,24929,50,noomen,nonword,word,0,NA
22,23748,24930,50,tipor,nonword,nonword,1,557
22,4426,24891,50,dem,nonword,nonword,1,710
22,1306,25012,50,benog,nonword,nonword,1,515
22,8276,25013,50,graakma,nonword,nonword,1,580
22,566,25055,50,ochma,nonword,nonword,1,545
22,13510,25056,50,lols,nonword,nonword,1,464
22,25774,25057,50,fracht,nonword,nonword,1,499
22,15526,24897,50,orpaf,nonword,nonword,1,437
22,16834,25140,50,platuich,nonword,nonword,1,565
22,24138,24899,50,voneet,nonword,nonword,1,459
22,3272,24900,50,fremoe,nonword,nonword,1,495
22,23322,25060,50,pippen,nonword,nonword,1,519
22,12818,25023,50,hoorschool,nonword,nonword,1,677
22,7820,25024,50,noeke,nonword,nonword,1,511
22,21246,24984,50,streeden,nonword,nonword,1,698
22,10760,25026,50,wiekit,nonword,nonword,1,466
22,25262,25188,50,vloerklad,nonword,nonword,1,551
22,13106,24920,50,lidmaard,nonword,nonword,1,830
22,14334,25041,50,koddag,nonword,nonword,1,495
22,12794,24909,50,deen,nonword,word,0,NA
22,15398,24910,50,sallen,nonword,nonword,1,468
22,17774,25192,50,modje,nonword,nonword,1,510
22,27180,24952,50,ues,nonword,nonword,1,506
22,13812,25114,50,koden,nonword,nonword,1,463
22,21192,25086,50,spindlui,nonword,nonword,1,517
22,12976,25035,50,litbisch,nonword,nonword,1,645
22,17922,25158,50,dochtens,nonword,nonword,1,612
22,17868,24917,50,vessen,nonword,nonword,1,778
22,8670,24918,50,balig,nonword,nonword,1,689
22,19370,25120,50,schaatsels,nonword,nonword,1,632
22,18448,25039,50,mijde,nonword,nonword,1,NA
22,12848,25134,50,laasten,nonword,nonword,1,NA
22,12650,24922,50,henger,nonword,nonword,1,851
22,25694,25003,50,voordier,nonword,nonword,1,814
22,23916,25004,50,uisschet,nonword,nonword,1,483
22,10020,24925,50,joons,nonword,nonword,1,531
22,9412,25046,50,hoopvis,nonword,nonword,1,972
22,5254,25126,50,uistje,nonword,nonword,1,663
22,6102,24981,50,lorneel,nonword,nonword,1,619
22,16938,25009,50,blinzen,nonword,nonword,1,494
22,10036,24970,50,joofdig,nonword,nonword,1,512
22,27214,25052,50,zeintjes,nonword,nonword,1,531
22,7826,25173,50,zok,nonword,nonword,1,502
22,18252,25025,50,reid,nonword,nonword,1,512
22,17800,25160,50,rakky's,nonword,nonword,1,507
22,23570,25185,50,brof,nonword,nonword,1,569
22,20942,25177,50,spooltjes,nonword,nonword,1,539
22,3656,25058,50,maanaan,nonword,nonword,1,485
22,18020,24938,50,rocter,nonword,nonword,1,582
22,3298,24939,50,splesten,nonword,nonword,1,516
22,8406,25064,50,hoeibaar,nonword,nonword,1,636
22,23448,24945,50,blipten,nonword,nonword,1,599
22,14724,24942,50,doppent,nonword,nonword,1,568
22,18368,24943,50,kolling,nonword,nonword,1,518
22,3464,24965,50,conzerp,nonword,nonword,1,479
22,12542,25122,50,weders,nonword,nonword,1,NA
22,3234,25038,50,dintraal,nonword,nonword,1,563
22,8224,25159,50,kloeren,nonword,nonword,1,673
22,20178,25103,50,slan,nonword,nonword,1,565
22,9686,25078,50,bierders,nonword,nonword,1,576
22,23934,24950,50,uisbal,nonword,nonword,1,570
22,2196,25030,50,hodens,nonword,nonword,1,499
22,27432,25105,50,zientjes,nonword,nonword,1,898
22,7864,25199,50,gelzen,nonword,nonword,1,562
22,3886,25200,50,deurde,nonword,word,0,NA
22,3306,25171,50,chryfent,nonword,nonword,1,481
22,14040,25118,50,retter,nonword,nonword,1,552
22,3950,25050,50,deng,nonword,nonword,1,572
22,8458,25092,50,loostte,nonword,nonword,1,NA
22,22030,25063,50,stoorlas,nonword,nonword,1,523
22,19475,24928,50,scholen,word,word,1,508
22,13643,24727,50,lukraak,word,word,1,615
22,2103,24874,50,blokkers,word,word,1,833
22,19061,24954,50,schaartjes,word,word,1,835
22,26773,24774,50,wijkt,word,word,1,578
22,19483,24908,50,schommel,word,word,1,618
22,1611,24949,50,bevel,word,word,1,538
22,12389,24915,50,kwart,word,word,1,452
22,1891,24871,50,blaadjes,word,word,1,551
22,7557,24832,50,gezwaaid,word,word,1,658
22,15351,24847,50,noordwaarts,word,word,1,606
22,3975,24802,50,denk,word,word,1,468
22,17113,24968,50,pondjes,word,word,1,722
22,2539,24956,50,bourbons,word,nonword,0,NA
22,8677,24841,50,harnas,word,word,1,542
22,24233,24927,50,vegen,word,word,1,608
22,18171,24867,50,return,word,word,1,751
22,24581,24803,50,vermaak,word,word,1,631
22,12799,24978,50,leer,word,word,1,475
22,11223,24975,50,kluis,word,word,1,797
22,12863,24735,50,lege,word,word,1,505
22,4723,24941,50,dracht,word,word,1,468
22,9001,24769,50,hernam,word,word,1,586
22,8031,24873,50,greentjes,word,nonword,0,NA
22,8751,24819,50,hechtte,word,word,1,569
22,11343,24893,50,knikken,word,word,1,511
22,14161,24747,50,melkboer,word,word,1,582
22,1815,24894,50,bijten,word,word,1,816
22,16691,24827,50,pis,word,word,1,583
22,8769,24989,50,heenweg,word,nonword,0,NA
22,12933,24856,50,lenden,word,word,1,730
22,18587,24709,50,rondes,word,word,1,572
22,4807,24737,50,driehoek,word,word,1,553
22,24739,24953,50,verstomd,word,nonword,0,NA
22,6861,24994,50,gekund,word,word,1,580
22,1641,24955,50,bevrijdt,word,word,1,679
22,13755,24875,50,maande,word,nonword,0,NA
22,9567,24864,50,huid,word,word,1,482
22,27095,24705,50,wrang,word,word,1,749
22,2959,24947,50,bucket,word,nonword,0,NA
22,24823,24987,50,vervoer,word,word,1,466
22,19431,24800,50,schipper,word,word,1,600
22,23239,24962,50,tolken,word,word,1,776
22,9415,24842,50,hoogst,word,word,1,669
22,20359,24843,50,slootje,word,word,1,792
22,23919,24992,50,uitspraak,word,word,1,489
22,23735,24726,50,tuitte,word,word,1,684
22,20969,24765,50,speldjes,word,word,1,518
22,19643,24887,50,schreetje,word,nonword,0,NA
22,18103,24848,50,relaas,word,word,1,940
22,993,24890,50,bedoel,word,word,1,466
22,17443,24772,50,prisma's,word,word,1,714
22,11965,24812,50,kreeg,word,word,1,459
22,25449,24839,50,vogel,word,word,1,606
22,4991,24853,50,dry,word,nonword,0,NA
22,2191,25015,50,bode,word,word,1,612
22,27243,24976,50,zakdoek,word,word,1,547
22,19357,24775,50,schijfje,word,word,1,625
22,10379,25018,50,kantoor,word,word,1,465
22,1111,24777,50,begijn,word,nonword,0,NA
22,10331,24980,50,kamp,word,word,1,671
22,13867,25021,50,malle,word,nonword,0,NA
22,977,24901,50,bedenkt,word,word,1,539
22,4865,24862,50,droeve,word,word,1,527
22,24367,24944,50,verdient,word,word,1,551
22,16349,24986,50,paus,word,word,1,479
22,18987,24973,50,sax,word,word,1,724
22,9641,25027,50,hulsjes,word,word,1,901
22,25509,24988,50,volle,word,word,1,517
22,8099,25029,50,grieven,word,nonword,0,NA
22,10611,24990,50,kerels,word,word,1,470
22,16197,24749,50,paper,word,word,1,681
22,9115,24790,50,hiervoor,word,word,1,714
22,1415,25033,50,bes,word,word,1,519
22,27749,24913,50,zomers,word,word,1,679
22,25425,24995,50,voetbal,word,word,1,499
22,25759,25036,50,vouwen,word,word,1,849
22,4883,24916,50,dromen,word,word,1,488
22,23347,24932,50,tournee,word,word,1,526
22,17943,24784,50,rechtszaak,word,word,1,618
22,4743,25000,50,dragons,word,word,1,NA
22,21455,24840,50,stamde,word,word,1,492
22,9699,24760,50,idee,word,word,1,460
22,20491,25043,50,smet,word,word,1,458
22,24049,25044,50,vak,word,word,1,477
22,24603,24924,50,vermoed,word,word,1,530
22,4157,24724,50,dienstmaagd,word,word,1,741
22,11135,24926,50,klinkers,word,word,1,644
22,17637,25048,50,punks,word,word,1,693
22,27717,25049,50,zoentjes,word,word,1,590
22,13805,24889,50,madame,word,word,1,846
22,18473,25011,50,roer,word,word,1,464
22,21969,24879,50,stolp,word,nonword,0,NA
22,8785,25053,50,heerste,word,word,1,612
22,8177,25014,50,groeit,word,word,1,514
22,13483,24934,50,loopjes,word,word,1,753
22,2367,25016,50,bonte,word,word,1,561
22,15081,24815,50,neer,word,word,1,375
22,16487,24937,50,perfect,word,word,1,533
22,3005,25059,50,buiken,word,nonword,0,NA
22,22425,25020,50,stuiver,word,word,1,718
22,27287,24940,50,zalven,word,word,1,581
22,14373,25062,50,mijnbouw,word,word,1,556
22,14155,24902,50,melding,word,word,1,570
22,12507,24903,50,label,word,word,1,506
22,929,24730,50,bate,word,nonword,0,NA
22,11085,25066,50,klieken,word,word,1,923
22,43,24704,50,aanhang,word,word,1,508
22,4887,25068,50,dromer,word,word,1,552
22,19707,25069,50,schrikken,word,word,1,680
22,8009,25070,50,grauw,word,nonword,0,NA
22,3933,25031,50,dekens,word,word,1,612
22,21035,25072,50,spiernaakt,word,nonword,0,NA
22,23753,25073,50,tune,word,word,1,938
22,5383,24710,50,eisen,word,word,1,538
22,20483,24711,50,smelten,word,word,1,554
22,10531,25076,50,keertjes,word,word,1,NA
22,25825,24713,50,vreugde,word,word,1,524
22,4615,24998,50,doppen,word,word,1,766
22,22133,24838,50,straatkant,word,word,1,725
22,15655,24919,50,onthaal,word,word,1,475
22,1377,24960,50,bergt,word,word,1,584
22,11155,25042,50,klokslag,word,word,1,721
22,2869,25083,50,brons,word,word,1,636
22,9173,24963,50,ho,word,nonword,0,NA
22,17985,25085,50,ree,word,word,1,516
22,19347,24885,50,schiepen,word,word,1,NA
22,23747,24723,50,tumor,word,word,1,615
22,20019,25088,50,siërra's,word,word,1,681
22,9151,24725,50,hingen,word,word,1,540
22,10547,25090,50,keitjes,word,nonword,0,NA
22,3661,25051,50,daarginds,word,word,1,732
22,11643,24971,50,kool,word,word,1,481
22,17987,25093,50,reebok,word,word,1,918
22,20531,24933,50,snaar,word,word,1,895
22,19717,24731,50,schroefde,word,word,1,659
22,15087,24732,50,neet,word,nonword,0,NA
22,24557,24733,50,verlicht,word,word,1,655
22,25323,25098,50,vlotter,word,word,1,594
22,21413,25099,50,stadsbeeld,word,word,1,783
22,11999,24736,50,kreunend,word,word,1,586
22,1167,25101,50,behoud,word,word,1,511
22,26105,25102,50,wachter,word,word,1,432
22,19065,24861,50,schaatsen,word,word,1,527
22,24441,24740,50,vergif,word,word,1,591
22,22261,24985,50,strijders,word,word,1,661
22,13555,25106,50,louter,word,word,1,483
22,9597,25107,50,huisde,word,word,1,NA
22,24593,24744,50,vermijd,word,word,1,651
22,1497,25109,50,bestand,word,word,1,426
22,27657,24746,50,zitjes,word,word,1,567
22,13919,25111,50,manke,word,word,1,655
22,16553,24870,50,picknicks,word,word,1,769
22,15621,25113,50,onschuld,word,word,1,493
22,9661,24872,50,hunner,word,nonword,0,NA
22,3985,25115,50,denker,word,word,1,515
22,17135,24752,50,poollicht,word,word,1,819
22,8045,24996,50,grendels,word,word,1,597
22,13589,24755,50,lui,word,word,1,520
22,2263,24716,50,boerde,word,word,1,690
22,5051,25080,50,duin,word,word,1,555
22,221,24757,50,adder,word,word,1,581
22,17539,25082,50,pruik,word,word,1,473
22,25709,24759,50,voorzorg,word,word,1,556
22,2853,25124,50,bromde,word,nonword,0,NA
22,23179,25125,50,toeslaan,word,word,1,518
22,12739,24884,50,lawaai,word,word,1,553
22,25339,25127,50,vlugge,word,word,1,514
22,21489,24886,50,standplaats,word,word,1,535
22,27543,25129,50,zieke,word,word,1,482
22,6459,24766,50,gaten,word,word,1,487
22,25765,25091,50,vraag,word,word,1,485
22,11517,24768,50,koetsiers,word,word,1,622
22,5037,25133,50,duikje,word,word,1,475
22,10589,25094,50,kenmerkt,word,word,1,503
22,693,24771,50,badjes,word,word,1,521
22,4637,25136,50,dorstig,word,word,1,597
22,7203,25137,50,geslacht,word,nonword,0,NA
22,27097,25138,50,wrange,word,nonword,0,NA
22,25945,25139,50,vuist,word,word,1,449
22,8535,25019,50,halster,word,word,1,709
22,23809,25141,50,tweeden,word,word,1,NA
22,20811,25142,50,spaak,word,word,1,556
22,5133,25143,50,duurt,word,word,1,476
22,5071,24780,50,duivels,word,word,1,557
22,24479,25065,50,verhoogt,word,word,1,505
22,3931,24782,50,deken,word,word,1,671
22,23381,24783,50,tractor,word,word,1,555
22,23655,25148,50,truc,word,word,1,565
22,3645,24907,50,daalden,word,word,1,537
22,24717,24786,50,versta,word,word,1,503
22,14103,25151,50,meester,word,word,1,486
22,9997,25152,50,jargons,word,word,1,569
22,13217,24789,50,lijkt,word,word,1,503
22,14371,25154,50,mijn,word,word,1,458
22,13403,25034,50,lokjes,word,word,1,633
22,9733,24792,50,ijl,word,word,1,632
22,12307,25157,50,kunststof,word,word,1,515
22,21339,25037,50,spuwen,word,word,1,565
22,10931,25119,50,klapte,word,word,1,520
22,15449,24878,50,oermens,word,word,1,793
22,9095,24797,50,hierin,word,word,1,591
22,19137,25162,50,schattig,word,word,1,511
22,15665,25163,50,onthoudt,word,word,1,545
22,12381,25164,50,kwallen,word,word,1,464
22,18019,24801,50,refter,word,word,1,598
22,18369,25166,50,rimboe,word,nonword,0,NA
22,8391,25167,50,haaitjes,word,word,1,677
22,23979,25047,50,uzelf,word,word,1,716
22,16561,24805,50,piemels,word,word,1,577
22,9793,24806,50,impacts,word,word,1,576
22,815,25010,50,banen,word,word,1,527
22,23935,25172,50,uitvlucht,word,word,1,500
22,26571,24810,50,werking,word,word,1,545
22,23415,25174,50,tralie,word,nonword,0,NA
22,13793,24811,50,macho's,word,word,1,689
22,2283,25176,50,boetiek,word,word,1,623
22,24357,24935,50,verder,word,word,1,456
22,25741,24814,50,vorsend,word,nonword,0,NA
22,3845,25179,50,datums,word,word,1,499
22,12467,25180,50,laadden,word,word,1,NA
22,23327,25181,50,tor,word,word,1,524
22,8233,24818,50,grommen,word,word,1,687
22,6727,25183,50,gehucht,word,word,1,555
22,4443,25184,50,don,word,word,1,587
22,20567,25145,50,sneden,word,word,1,524
22,24657,24822,50,verschaft,word,word,1,563
22,10885,25187,50,klager,word,word,1,585
22,14453,24946,50,minnaars,word,word,1,550
22,17891,24825,50,rayon,word,word,1,654
22,20333,25190,50,sloffen,word,nonword,0,NA
22,6067,25191,50,folders,word,word,1,492
22,16521,25071,50,pest,word,word,1,446
22,25145,24829,50,vlak,word,word,1,428
22,20779,25194,50,soorten,word,word,1,451
22,2047,24831,50,bloedig,word,word,1,513
22,14399,25196,50,mikte,word,word,1,507
22,25085,24833,50,viool,word,word,1,510
22,13893,25198,50,mand,word,word,1,446
22,9755,24957,50,ijskoud,word,word,1,537
22,16099,24958,50,pages,word,word,1,634
23,19854,24701,50,fijnde,nonword,nonword,1,626
23,20632,25187,50,plappers,nonword,nonword,1,550
23,25682,24703,50,voostmaan,nonword,nonword,1,501
23,5000,25068,50,duips,nonword,nonword,1,460
23,1162,25069,50,behiel,nonword,nonword,1,591
23,15930,24706,50,asstel,nonword,nonword,1,463
23,8502,24707,50,hamptaar,nonword,nonword,1,466
23,132,24708,50,aardsomst,nonword,nonword,1,NA
23,15246,25073,50,neunen,nonword,nonword,1,887
23,14170,24710,50,dalkweg,nonword,nonword,1,606
23,7530,25075,50,gezort,nonword,nonword,1,571
23,22122,24712,50,stroontjes,nonword,nonword,1,683
23,2236,24955,50,bijbet,nonword,nonword,1,620
23,1378,24714,50,belpt,nonword,nonword,1,506
23,1334,24715,50,bepoord,nonword,nonword,1,635
23,8696,24716,50,lardje,nonword,nonword,1,520
23,16010,24717,50,oenoom,nonword,nonword,1,521
23,23076,25081,50,vikt,nonword,nonword,1,NA
23,4816,25083,50,klietol,nonword,nonword,1,860
23,13118,25084,50,heefde,nonword,nonword,1,815
23,19488,24721,50,schebe,nonword,nonword,1,491
23,22768,24722,50,taadjes,nonword,nonword,1,589
23,6532,24723,50,gepleed,nonword,nonword,1,602
23,3784,25088,50,dortte,nonword,nonword,1,NA
23,12472,25089,50,loedje,nonword,nonword,1,429
23,9106,25090,50,hoeram,nonword,nonword,1,434
23,7884,24727,50,galdel,nonword,nonword,1,626
23,17616,24728,50,vikkels,nonword,nonword,1,NA
23,9976,24809,50,conken,nonword,nonword,1,462
23,7496,24730,50,gewijpt,nonword,nonword,1,NA
23,466,25095,50,eljers,nonword,nonword,1,502
23,23248,25096,50,tilben,nonword,nonword,1,519
23,212,24733,50,afes,nonword,nonword,1,693
23,10572,24855,50,merners,nonword,nonword,1,527
23,21586,24735,50,steikt,nonword,nonword,1,623
23,7054,25100,50,gegijns,nonword,nonword,1,462
23,13726,24737,50,woeiers,nonword,nonword,1,1163
23,12732,24980,50,weerier,nonword,nonword,1,558
23,24352,25021,50,verdoord,nonword,nonword,1,624
23,22188,24740,50,stroosden,nonword,word,0,NA
23,24880,24862,50,verveid,nonword,nonword,1,521
23,2846,25106,50,drok,nonword,nonword,1,1160
23,3992,24743,50,dinkbrant,nonword,nonword,1,585
23,7222,25108,50,gekreurd,nonword,nonword,1,NA
23,222,24987,50,omder,nonword,nonword,1,574
23,27652,24988,50,titvank,nonword,nonword,1,493
23,23476,24868,50,bloutjes,nonword,nonword,1,508
23,16322,24748,50,patin,nonword,nonword,1,712
23,25814,24749,50,vraas,nonword,nonword,1,610
23,2260,25114,50,lijman,nonword,nonword,1,955
23,12422,24751,50,proken,nonword,nonword,1,616
23,21984,24752,50,stoch,nonword,nonword,1,790
23,6496,24753,50,gepesk,nonword,nonword,1,604
23,2882,24875,50,brooistank,nonword,nonword,1,646
23,9178,25119,50,hoggy's,nonword,nonword,1,1088
23,9324,24756,50,hentes,nonword,nonword,1,537
23,11634,25120,50,keit,nonword,nonword,1,490
23,17946,24758,50,dachtszaal,nonword,nonword,1,605
23,7818,24759,50,goedschefs,nonword,nonword,1,652
23,14940,25002,50,niesloos,nonword,nonword,1,508
23,17104,24761,50,peppen,nonword,nonword,1,549
23,5798,24762,50,neeten,nonword,nonword,1,453
23,11790,24763,50,kortstrool,nonword,nonword,1,490
23,12084,25006,50,slom,nonword,nonword,1,572
23,7608,24886,50,gils,nonword,nonword,1,462
23,7110,24766,50,gerapt,nonword,nonword,1,966
23,15408,24767,50,netses,nonword,nonword,1,517
23,11236,24768,50,grosje,nonword,nonword,1,565
23,18220,24849,50,mib,nonword,nonword,1,447
23,3030,25012,50,hijtje,nonword,nonword,1,451
23,21496,24771,50,stong,nonword,nonword,1,552
23,23364,24893,50,blaakheid,nonword,nonword,1,577
23,5590,24773,50,ess,nonword,nonword,1,426
23,16330,24774,50,papris,nonword,nonword,1,495
23,26558,24775,50,werktamp,nonword,nonword,1,591
23,18190,25139,50,deitje,nonword,nonword,1,956
23,8686,25019,50,haps,nonword,nonword,1,653
23,27742,24778,50,zarbie,nonword,nonword,1,477
23,10692,24940,50,meilen,nonword,nonword,1,493
23,13794,25144,50,watho's,nonword,nonword,1,910
23,24188,24781,50,vuimde,nonword,nonword,1,529
23,12836,25146,50,haasbaar,nonword,nonword,1,1050
23,5856,24783,50,foen,nonword,nonword,1,499
23,16510,24784,50,papste,nonword,nonword,1,661
23,1370,24785,50,hersen,nonword,word,0,NA
23,716,24786,50,hakent,nonword,nonword,1,557
23,6054,24787,50,joei,nonword,nonword,1,460
23,12428,24788,50,smerde,nonword,nonword,1,575
23,20180,25152,50,brasen,nonword,nonword,1,586
23,240,24790,50,adrak,nonword,nonword,1,605
23,2894,24912,50,blauwers,nonword,nonword,1,590
23,1228,24792,50,beslam,nonword,nonword,1,598
23,10882,24914,50,bruchten,nonword,nonword,1,542
23,10946,24794,50,brissen,nonword,nonword,1,547
23,27192,24795,50,zoogjes,nonword,nonword,1,483
23,26196,25160,50,danwoop,nonword,nonword,1,473
23,17598,24797,50,peunboop,nonword,nonword,1,548
23,20830,24919,50,snaten,nonword,nonword,1,484
23,12106,24879,50,kreen,nonword,nonword,1,533
23,11256,25164,50,zwaagdeur,nonword,nonword,1,1081
23,2452,24801,50,barkje,nonword,nonword,1,603
23,13352,25166,50,doepen,nonword,nonword,1,890
23,19228,24803,50,schekking,nonword,nonword,1,587
23,12908,24804,50,vek,nonword,nonword,1,584
23,18722,24805,50,momig,nonword,nonword,1,551
23,2142,24806,50,klete,nonword,nonword,1,519
23,8070,24807,50,griem,nonword,nonword,1,793
23,22668,25171,50,tals,nonword,nonword,1,1190
23,27318,24889,50,geten,nonword,nonword,1,562
23,27152,24931,50,moofden,nonword,nonword,1,669
23,24762,24811,50,vertoord,nonword,nonword,1,564
23,12856,25176,50,beg,nonword,nonword,1,975
23,11224,24934,50,truis,nonword,nonword,1,923
23,1450,25056,50,bukje,nonword,nonword,1,587
23,22712,24815,50,tarels,nonword,nonword,1,608
23,3980,24816,50,dildbeeld,nonword,nonword,1,557
23,4872,24938,50,slegen,nonword,nonword,1,576
23,23794,24818,50,zierde,nonword,nonword,1,431
23,18588,25101,50,mindes,nonword,nonword,1,NA
23,1372,24820,50,benzing,nonword,nonword,1,467
23,10482,24942,50,retjes,nonword,nonword,1,576
23,26610,25186,50,werkborg,nonword,nonword,1,1034
23,19354,25065,50,scheuden,nonword,nonword,1,464
23,968,24945,50,bote,nonword,nonword,1,494
23,11176,24825,50,grentjes,nonword,nonword,1,493
23,10142,24947,50,jubs,nonword,nonword,1,466
23,27606,24827,50,tijspraat,nonword,nonword,1,555
23,2002,24828,50,drik,nonword,nonword,1,635
23,9656,24829,50,hipus,nonword,nonword,1,520
23,25920,24830,50,knucht,nonword,nonword,1,632
23,5226,25195,50,erstjaar,nonword,nonword,1,532
23,24806,24832,50,verhel,nonword,nonword,1,609
23,3926,25197,50,weindde,nonword,nonword,1,551
23,16012,24995,50,oepooms,nonword,nonword,1,611
23,15482,24835,50,anen,nonword,nonword,1,540
23,15238,25200,50,sienstjes,nonword,nonword,1,543
23,4598,24958,50,diekjes,nonword,nonword,1,689
23,19110,24838,50,schesen,nonword,nonword,1,581
23,696,25040,50,badwiep,nonword,nonword,1,495
23,4078,24961,50,dientjes,nonword,nonword,1,840
23,5194,24841,50,wrerfjes,nonword,nonword,1,571
23,16656,24963,50,purkje,nonword,nonword,1,572
23,3080,24843,50,butsnell,nonword,nonword,1,535
23,16710,24844,50,pekjes,nonword,nonword,1,679
23,6768,24845,50,gejoeps,nonword,nonword,1,481
23,28098,24846,50,sleven,nonword,nonword,1,740
23,25826,24927,50,sneegde,nonword,nonword,1,633
23,13570,24848,50,bichten,nonword,nonword,1,527
23,6000,25009,50,kwirt,nonword,nonword,1,399
23,6684,24930,50,gekoeid,nonword,nonword,1,809
23,27910,24851,50,zeigt,nonword,nonword,1,523
23,18798,24852,50,kieten,nonword,nonword,1,555
23,19816,24974,50,schife,nonword,nonword,1,489
23,8760,24854,50,neel,nonword,nonword,1,460
23,26618,24895,50,lespen,nonword,nonword,1,549
23,25106,24856,50,mosser,nonword,nonword,1,495
23,23930,25099,50,eektocht,nonword,nonword,1,1058
23,3604,24858,50,cacten,nonword,nonword,1,517
23,15428,24899,50,orm,nonword,nonword,1,525
23,4142,25142,50,kienst,nonword,nonword,1,1158
23,26470,24861,50,dolke,nonword,nonword,1,553
23,7718,25023,50,gloflacht,nonword,nonword,1,554
23,23276,24984,50,toem,nonword,nonword,1,588
23,28104,24864,50,knormden,nonword,nonword,1,592
23,5414,24865,50,eld,nonword,nonword,1,733
23,17596,25027,50,wuin,nonword,nonword,1,499
23,9438,24907,50,hein,nonword,nonword,1,531
23,17792,24908,50,leke,nonword,nonword,1,500
23,11490,24869,50,koelaar,nonword,nonword,1,670
23,19480,25112,50,schezing,nonword,nonword,1,1006
23,19066,25192,50,schijnsen,nonword,nonword,1,940
23,21336,24872,50,kleigde,nonword,nonword,1,686
23,27842,25115,50,cot,nonword,nonword,1,475
23,720,25156,50,wekers,nonword,nonword,1,861
23,13328,25036,50,lilangs,nonword,nonword,1,381
23,3516,24876,50,campkrakes,nonword,nonword,1,466
23,20726,24917,50,sojo's,nonword,nonword,1,451
23,2100,25039,50,slekken,nonword,nonword,1,843
23,15864,25159,50,oneel,nonword,nonword,1,970
23,13664,25001,50,wus,nonword,nonword,1,490
23,21598,25123,50,steintjes,nonword,nonword,1,985
23,19580,25003,50,schajel,nonword,nonword,1,445
23,356,25004,50,alars,nonword,nonword,1,577
23,22392,25005,50,strubiel,nonword,nonword,1,640
23,18900,25127,50,sairs,nonword,nonword,1,1202
23,13826,25007,50,maileet,nonword,nonword,1,506
23,658,24967,50,beernen,nonword,nonword,1,804
23,6012,24888,50,smatste,nonword,nonword,1,746
23,5528,25049,50,erat,nonword,nonword,1,463
23,13892,25010,50,naf,nonword,nonword,1,645
23,15704,25173,50,ontbleet,nonword,nonword,1,1108
23,23564,24892,50,prijpen,nonword,nonword,1,561
23,1984,25135,50,blijgt,nonword,nonword,1,995
23,11720,24894,50,cotaal,nonword,nonword,1,527
23,7044,24975,50,geeerst,nonword,nonword,1,763
23,6442,25057,50,zas,nonword,nonword,1,602
23,26468,24977,50,werm,nonword,nonword,1,531
23,12646,25085,50,bonge,nonword,nonword,1,501
23,13762,24939,50,kiendjes,nonword,nonword,1,574
23,8134,25182,50,kleesaards,nonword,nonword,1,577
23,12928,25022,50,momen,nonword,nonword,1,587
23,22776,25063,50,tein,nonword,nonword,1,1074
23,19686,24903,50,schroon,nonword,nonword,1,500
23,10042,25024,50,jijk,nonword,nonword,1,474
23,6484,24905,50,gepier,nonword,nonword,1,642
23,20150,25067,50,dradboom,nonword,nonword,1,773
23,21056,25189,50,brijs,nonword,nonword,1,1021
23,24694,24948,50,vergroefd,nonword,nonword,1,613
23,6800,25030,50,gegreerd,nonword,nonword,1,506
23,7848,25071,50,gilmend,nonword,nonword,1,812
23,20678,25151,50,snat,nonword,nonword,1,971
23,15760,25033,50,onoy,nonword,nonword,1,527
23,17492,25034,50,probrom,nonword,nonword,1,496
23,290,24954,50,atgal,nonword,nonword,1,507
23,20974,25116,50,grevend,nonword,nonword,1,541
23,19894,24956,50,fela,nonword,nonword,1,1097
23,9132,24957,50,hiezels,nonword,nonword,1,595
23,1660,25079,50,beneel,nonword,nonword,1,550
23,7778,24932,50,boal,nonword,nonword,1,776
23,4494,25000,50,doordhoorn,nonword,nonword,1,528
23,19508,25055,50,scheurdag,nonword,word,0,NA
23,22756,24962,50,zackel,nonword,nonword,1,556
23,7322,24923,50,gelermd,nonword,nonword,1,459
23,11104,25029,50,greffen,nonword,nonword,1,456
23,23674,24925,50,prieen,nonword,nonword,1,592
23,17834,24926,50,rends,nonword,nonword,1,686
23,9234,25047,50,hoel,nonword,nonword,1,630
23,16668,24928,50,pitsbong,nonword,nonword,1,789
23,27622,25169,50,ponde,nonword,nonword,1,1058
23,3970,25130,50,dintte,nonword,nonword,1,995
23,26118,25051,50,dachtboord,nonword,nonword,1,519
23,22194,25038,50,stroopplan,nonword,word,0,NA
23,1612,24933,50,bemal,nonword,nonword,1,671
23,16130,25147,50,pateds,nonword,nonword,1,470
23,21238,25094,50,strieuwtjes,nonword,nonword,1,NA
23,2224,25137,50,booi,nonword,nonword,1,1076
23,4466,24941,50,mogla,nonword,nonword,1,495
23,10694,25191,50,reur,nonword,nonword,1,823
23,25480,25194,50,valsend,nonword,nonword,1,1098
23,26232,25020,50,walven,nonword,nonword,1,393
23,14908,25070,50,mychings,nonword,nonword,1,540
23,20088,25196,50,twi,nonword,nonword,1,501
23,24690,24943,50,verfiend,nonword,nonword,1,575
23,1180,25064,50,leuge,nonword,nonword,1,861
23,20736,24953,50,fikkel,nonword,nonword,1,688
23,13876,24986,50,zam,nonword,nonword,1,492
23,4020,24973,50,descoon,nonword,nonword,1,620
23,18428,25013,50,roms,nonword,nonword,1,439
23,17618,24997,50,vikken,nonword,nonword,1,665
23,4492,25074,50,doolge,nonword,nonword,1,522
23,3196,25048,50,foder,nonword,nonword,1,593
23,20504,24965,50,vroeten,nonword,nonword,1,502
23,9936,25053,50,facht,nonword,nonword,1,487
23,19506,25078,50,schoodbont,nonword,nonword,1,NA
23,4088,25026,50,memer,nonword,nonword,1,481
23,24662,25167,50,verschaakt,nonword,nonword,1,619
23,6196,25154,50,smitsen,nonword,nonword,1,1122
23,21591,24777,50,steels,word,nonword,0,NA
23,5507,24799,50,erfrecht,word,nonword,0,NA
23,2627,24916,50,brak,word,word,1,530
23,3651,24734,50,daalt,word,word,1,543
23,2157,24871,50,blunder,word,word,1,659
23,5037,24817,50,duikje,word,word,1,493
23,27297,24911,50,zandhoop,word,word,1,475
23,27503,24739,50,zetel,word,word,1,515
23,18379,24824,50,ringen,word,word,1,541
23,12507,24776,50,label,word,word,1,620
23,3277,24741,50,cheques,word,word,1,577
23,4405,24729,50,dolblij,word,word,1,1214
23,25869,24850,50,vrijsters,word,word,1,772
23,13847,24770,50,makend,word,word,1,719
23,20799,24718,50,souper,word,nonword,0,NA
23,8379,24921,50,haaf,word,nonword,0,NA
23,23179,24747,50,toeslaan,word,word,1,502
23,8707,24922,50,haten,word,word,1,555
23,23729,24842,50,tuinstoel,word,word,1,651
23,3431,24924,50,cola,word,word,1,478
23,19295,24857,50,scherts,word,nonword,0,NA
23,7443,24979,50,gevolg,word,word,1,558
23,8629,24847,50,hanteert,word,word,1,860
23,24243,24981,50,veldbed,word,word,1,524
23,12383,24982,50,kwam,word,word,1,589
23,18787,24983,50,ruis,word,word,1,540
23,9059,24904,50,heuse,word,nonword,0,NA
23,7283,24972,50,gestookt,word,word,1,1023
23,17177,24920,50,por,word,nonword,0,NA
23,23975,24840,50,uwen,word,nonword,0,NA
23,27685,24814,50,zoden,word,nonword,0,NA
23,10799,24896,50,kille,word,nonword,0,NA
23,23479,24937,50,treffend,word,word,1,578
23,15451,24951,50,oeroud,word,nonword,0,NA
23,3971,24992,50,den,word,nonword,0,NA
23,26171,24860,50,wals,word,word,1,653
23,16885,24713,50,pleiten,word,nonword,0,NA
23,8331,24754,50,gulden,word,word,1,793
23,5511,24996,50,erge,word,word,1,703
23,17181,24877,50,porno,word,word,1,677
23,16465,24985,50,pensen,word,word,1,906
23,1737,24959,50,biechten,word,word,1,540
23,15187,24746,50,nevels,word,word,1,817
23,19019,24867,50,schaak,word,word,1,590
23,21115,24760,50,splitsing,word,word,1,584
23,2697,24882,50,breedtes,word,word,1,668
23,687,24883,50,badend,word,word,1,871
23,27443,24884,50,zelf,word,word,1,666
23,14157,24966,50,meldt,word,word,1,616
23,7653,24887,50,gisten,word,nonword,0,NA
23,3343,24968,50,claim,word,word,1,666
23,26211,24769,50,warboel,word,word,1,677
23,9417,24890,50,hoogste,word,word,1,514
23,15843,24971,50,oosten,word,word,1,677
23,24461,24891,50,vergund,word,nonword,0,NA
23,24807,24839,50,vervalt,word,word,1,516
23,2975,24880,50,buffet,word,word,1,597
23,5895,25015,50,films,word,word,1,438
23,16483,24976,50,percent,word,word,1,531
23,26823,25017,50,wijzer,word,word,1,572
23,3547,24897,50,cover,word,word,1,561
23,24169,24898,50,vatte,word,word,1,608
23,14667,24738,50,mondjes,word,word,1,514
23,22255,24779,50,strijde,word,nonword,0,NA
23,17201,24901,50,portiers,word,word,1,544
23,14137,24902,50,meisje,word,word,1,432
23,8027,24702,50,greens,word,nonword,0,NA
23,25087,25025,50,viraal,word,nonword,0,NA
23,485,24745,50,apart,word,nonword,0,NA
23,12565,24853,50,lage,word,word,1,539
23,3519,25028,50,correct,word,word,1,502
23,16897,24989,50,plekken,word,word,1,590
23,3829,24789,50,dashboards,word,word,1,942
23,13415,24870,50,lollig,word,word,1,680
23,24993,25032,50,vies,word,nonword,0,NA
23,6861,24993,50,gekund,word,word,1,927
23,21035,24873,50,spiernaakt,word,word,1,760
23,12249,24834,50,kuiltjes,word,word,1,640
23,6519,24915,50,gebood,word,word,1,430
23,12325,25037,50,kusje,word,word,1,578
23,2601,24757,50,bozen,word,nonword,0,NA
23,371,24878,50,allah,word,nonword,0,NA
23,17385,24866,50,prietpraat,word,word,1,725
23,23269,25041,50,tonnen,word,word,1,480
23,5419,25042,50,elftal,word,word,1,499
23,23939,25043,50,uitweg,word,word,1,565
23,18251,25044,50,ried,word,nonword,0,NA
23,27355,25045,50,zeep,word,word,1,518
23,22621,24764,50,tak,word,word,1,698
23,16901,24765,50,plezier,word,word,1,516
23,953,25008,50,bed,word,word,1,460
23,10787,24808,50,kijkt,word,word,1,542
23,16807,24970,50,plas,word,word,1,733
23,17821,25011,50,ranch,word,nonword,0,NA
23,13907,24810,50,manga's,word,word,1,881
23,12303,24798,50,kunstjes,word,word,1,708
23,8593,24772,50,handschoen,word,word,1,488
23,19905,24813,50,serpent,word,word,1,644
23,11809,24935,50,kou,word,word,1,682
23,1105,24936,50,begaf,word,word,1,613
23,22993,25058,50,tics,word,nonword,0,NA
23,25553,25059,50,vondsten,word,word,1,760
23,23193,25060,50,toetje,word,word,1,623
23,26089,24819,50,waaruit,word,word,1,547
23,16403,25062,50,peetooms,word,word,1,730
23,8539,24821,50,halt,word,word,1,662
23,12139,24863,50,kruiers,word,nonword,0,NA
23,7017,24944,50,genie,word,word,1,542
23,153,25066,50,abdis,word,nonword,0,NA
23,21205,24906,50,spottend,word,word,1,414
23,2765,24826,50,briesje,word,word,1,639
23,23441,24705,50,trappen,word,word,1,659
23,595,24990,50,autist,word,word,1,556
23,13569,24910,50,luchten,word,word,1,422
23,5601,25072,50,ester,word,word,1,1185
23,24885,24952,50,verzeild,word,word,1,662
23,6919,24913,50,geleund,word,word,1,475
23,6515,24793,50,gebonk,word,word,1,548
23,25325,25076,50,vlucht,word,word,1,1099
23,17931,25077,50,rechts,word,word,1,500
23,14817,24998,50,muffe,word,nonword,0,NA
23,26773,24918,50,wijkt,word,word,1,631
23,23243,25080,50,tomaat,word,word,1,1061
23,26097,24960,50,waasje,word,nonword,0,NA
23,14497,25082,50,mislukt,word,word,1,1058
23,8787,24719,50,heersten,word,word,1,619
23,14995,24720,50,nadruk,word,word,1,472
23,10215,24964,50,kaap,word,word,1,650
23,1501,25086,50,besteed,word,word,1,1142
23,12975,25087,50,lesbisch,word,word,1,606
23,11245,24724,50,klutsen,word,nonword,0,NA
23,3397,24969,50,coat,word,word,1,757
23,10363,24929,50,kansels,word,nonword,0,NA
23,22917,25091,50,tersluiks,word,nonword,0,NA
23,8037,25092,50,greinen,word,nonword,0,NA
23,26571,25093,50,werking,word,word,1,1064
23,939,25054,50,bazaar,word,nonword,0,NA
23,25675,24731,50,voorstel,word,nonword,0,NA
23,19323,24732,50,scheurt,word,word,1,716
23,6151,25097,50,fragment,word,word,1,NA
23,8453,25098,50,haasten,word,word,1,497
23,14439,24978,50,mine,word,nonword,0,NA
23,15337,24736,50,noodzaak,word,word,1,555
23,20733,24859,50,sok,word,word,1,1157
23,23933,25102,50,uitval,word,word,1,1094
23,10001,25103,50,jas,word,word,1,400
23,14969,25104,50,nachthemd,word,word,1,438
23,16707,25105,50,pitje,word,word,1,618
23,12137,24742,50,kruier,word,word,1,704
23,15017,24946,50,namens,word,word,1,479
23,14843,24744,50,mulo,word,nonword,0,NA
23,8397,25109,50,haakjes,word,word,1,946
23,603,25110,50,avonds,word,word,1,450
23,8345,25111,50,gunde,word,word,1,709
23,27637,24991,50,zinnen,word,nonword,0,NA
23,10775,25113,50,kijken,word,word,1,956
23,5963,24750,50,flatjes,word,word,1,702
23,11333,24994,50,knijpt,word,word,1,463
23,22443,24874,50,stunt,word,word,1,783
23,7461,25117,50,gewaakt,word,word,1,NA
23,19949,25118,50,sferen,word,word,1,677
23,17427,24837,50,prinses,word,word,1,483
23,18549,24999,50,rolluik,word,word,1,661
23,19095,25121,50,schalks,word,nonword,0,NA
23,12531,25122,50,ladder,word,word,1,NA
23,5851,24881,50,fietsten,word,word,1,739
23,27831,25124,50,zorgen,word,word,1,982
23,10755,25125,50,kiesrecht,word,word,1,549
23,22437,25126,50,stuks,word,word,1,613
23,2741,24885,50,bretels,word,nonword,0,NA
23,22571,25128,50,taai,word,word,1,NA
23,6505,24725,50,gebit,word,word,1,530
23,1671,24726,50,bewijst,word,word,1,546
23,5107,25131,50,durfde,word,word,1,832
23,21811,25132,50,stiertjes,word,nonword,0,NA
23,2097,25133,50,blokjes,word,word,1,947
23,8939,25134,50,hen,word,word,1,563
23,13917,25014,50,mank,word,word,1,1067
23,22243,25136,50,streven,word,word,1,1232
23,4517,25016,50,doofheid,word,word,1,522
23,11943,25138,50,kraste,word,word,1,975
23,20729,25018,50,software,word,word,1,874
23,16179,25140,50,panties,word,word,1,1100
23,26167,25141,50,walnoot,word,word,1,518
23,16065,24900,50,paartje,word,nonword,0,NA
23,8229,25143,50,grom,word,word,1,925
23,22979,24780,50,thuis,word,word,1,495
23,12665,25145,50,lansen,word,nonword,0,NA
23,8487,24782,50,hakte,word,word,1,881
23,13961,25107,50,markt,word,word,1,959
23,18991,25148,50,scala,word,word,1,1209
23,26059,25149,50,waardoor,word,word,1,574
23,985,25150,50,bedierf,word,word,1,573
23,6155,24909,50,frame,word,word,1,933
23,355,25031,50,alert,word,word,1,668
23,2681,25153,50,brave,word,word,1,NA
23,7043,24791,50,geoogst,word,word,1,683
23,26067,25155,50,waarlangs,word,word,1,907
23,10965,25035,50,klazen,word,nonword,0,NA
23,3629,25157,50,cyclus,word,word,1,NA
23,1215,25158,50,bekken,word,word,1,621
23,14745,24755,50,mormel,word,word,1,686
23,4937,24796,50,dropen,word,nonword,0,NA
23,27221,25161,50,zachtheid,word,word,1,923
23,1969,25162,50,blies,word,word,1,556
23,6193,25163,50,frats,word,word,1,603
23,2337,24800,50,bonden,word,word,1,479
23,8661,25165,50,harem,word,word,1,1187
23,24235,24802,50,veilig,word,word,1,905
23,16853,25046,50,plee,word,word,1,583
23,8133,25168,50,grijsaards,word,word,1,1096
23,1255,25129,50,beleg,word,word,1,547
23,23387,25170,50,traden,word,word,1,1116
23,22809,25050,50,tekens,word,word,1,451
23,16775,25172,50,plank,word,word,1,1099
23,27527,25052,50,zichtbaar,word,word,1,567
23,25277,25174,50,vloeken,word,word,1,894
23,299,25175,50,afzien,word,word,1,528
23,25481,24812,50,volgens,word,word,1,514
23,15507,25177,50,olmpje,word,nonword,0,NA
23,22003,25178,50,stonken,word,word,1,1230
23,7601,25179,50,gif,word,word,1,545
23,16211,25180,50,pappen,word,word,1,545
23,3251,25181,50,charge,word,nonword,0,NA
23,18471,25061,50,roept,word,word,1,588
23,13281,25183,50,linkse,word,word,1,1054
23,15393,25184,50,nukkig,word,nonword,0,NA
23,6825,25185,50,geknield,word,word,1,1171
23,8163,24822,50,groefje,word,nonword,0,NA
23,11971,24823,50,kreet,word,word,1,641
23,20917,25188,50,speelfilms,word,word,1,1157
23,21803,24704,50,stier,word,word,1,614
23,5595,25190,50,essay,word,word,1,1002
23,10937,24949,50,klaren,word,nonword,0,NA
23,9861,24950,50,inslaan,word,word,1,765
23,9763,25193,50,ijzer,word,word,1,972
23,14689,24709,50,monteurs,word,word,1,775
23,10577,24831,50,kempen,word,nonword,0,NA
23,7663,24711,50,glad,word,word,1,555
23,22785,24833,50,teevees,word,word,1,878
23,14257,25198,50,mesdames,word,nonword,0,NA
23,617,25199,50,baaitjes,word,nonword,0,NA
23,18805,24836,50,ruitjes,word,word,1,1164
24,1418,24701,50,bescheelt,nonword,nonword,1,818
24,26598,24823,50,welst,nonword,nonword,1,482
24,2166,24703,50,rea,nonword,word,0,NA
24,24138,24704,50,voneet,nonword,nonword,1,649
24,21046,25069,50,kloekers,nonword,nonword,1,536
24,23692,25070,50,psaven,nonword,nonword,1,553
24,7484,24707,50,gezerf,nonword,nonword,1,641
24,14652,24708,50,domperg,nonword,nonword,1,494
24,24600,24709,50,vervets,nonword,nonword,1,592
24,13256,25074,50,lorte,nonword,nonword,1,574
24,22954,25075,50,tjans,nonword,nonword,1,492
24,398,24712,50,almes,nonword,nonword,1,492
24,19986,24713,50,smop,nonword,nonword,1,557
24,7306,25078,50,gestraafd,nonword,nonword,1,660
24,5130,25200,50,mierder,nonword,nonword,1,521
24,1688,24998,50,bezaald,nonword,nonword,1,734
24,19468,24757,50,schitten,nonword,nonword,1,569
24,19262,24718,50,schedt,nonword,nonword,1,639
24,21410,24840,50,stogjes,nonword,nonword,1,616
24,3000,24720,50,hieging,nonword,nonword,1,659
24,12824,24721,50,leerstad,nonword,nonword,1,766
24,18592,24722,50,manding,nonword,nonword,1,870
24,20814,24723,50,braans,nonword,nonword,1,505
24,20362,25088,50,draatjes,nonword,nonword,1,797
24,5530,25089,50,erteld,nonword,nonword,1,755
24,18864,25090,50,mostig,nonword,nonword,1,571
24,19394,24727,50,schimt,nonword,nonword,1,763
24,11052,25091,50,krotsnat,nonword,nonword,1,554
24,20504,24850,50,vroeten,nonword,word,0,NA
24,19736,24972,50,schagden,nonword,nonword,1,613
24,17126,25095,50,paamden,nonword,nonword,1,720
24,16000,24853,50,uiter,nonword,nonword,1,892
24,25368,24733,50,voesgel,nonword,nonword,1,715
24,3832,24734,50,hussen,nonword,nonword,1,581
24,4134,24977,50,dookblad,nonword,nonword,1,930
24,15094,25100,50,goger,nonword,nonword,1,697
24,6256,24858,50,flinsen,nonword,nonword,1,593
24,23498,24738,50,dresjes,nonword,nonword,1,583
24,9406,24739,50,hieg,nonword,nonword,1,453
24,14876,24740,50,tust,nonword,nonword,1,521
24,13262,24741,50,lizeet,nonword,nonword,1,506
24,20834,24742,50,dran,nonword,nonword,1,460
24,20218,24743,50,sleepmaat,nonword,word,0,NA
24,5882,24784,50,fick,nonword,nonword,1,727
24,8896,25109,50,lempten,nonword,nonword,1,563
24,13542,24746,50,foloons,nonword,nonword,1,519
24,24066,24787,50,kukken,nonword,nonword,1,611
24,2876,24748,50,sloogje,nonword,nonword,1,618
24,19600,24870,50,schoud,nonword,nonword,1,592
24,4866,24871,50,bloere,nonword,nonword,1,574
24,926,24751,50,husten,nonword,nonword,1,NA
24,2650,24873,50,blondend,nonword,nonword,1,654
24,15156,25117,50,nokto,nonword,nonword,1,524
24,13704,24794,50,hygisch,nonword,nonword,1,814
24,11124,24876,50,kli's,nonword,nonword,1,598
24,19408,24917,50,schicknacht,nonword,nonword,1,686
24,532,24797,50,elmpjes,nonword,nonword,1,516
24,3188,24758,50,jassas,nonword,nonword,1,617
24,14960,25123,50,nocht,nonword,nonword,1,750
24,20604,24881,50,snekst,nonword,nonword,1,465
24,22082,24761,50,stalmpjes,nonword,nonword,1,616
24,17098,25126,50,pompkrag,nonword,nonword,1,703
24,25048,25127,50,viltstorm,nonword,nonword,1,553
24,2808,24885,50,grijden,nonword,nonword,1,496
24,1870,24765,50,biskum,nonword,nonword,1,617
24,4086,25130,50,memen,nonword,nonword,1,881
24,5472,24767,50,orkels,nonword,word,0,NA
24,8680,24768,50,hass,nonword,nonword,1,511
24,8494,24769,50,daren,nonword,nonword,1,625
24,25538,24770,50,vorplekt,nonword,nonword,1,445
24,13892,24892,50,naf,nonword,nonword,1,536
24,8608,24772,50,hant,nonword,nonword,1,605
24,20686,24773,50,snijt,nonword,word,0,NA
24,16688,24895,50,bip,nonword,nonword,1,448
24,2680,24775,50,slasert,nonword,nonword,1,546
24,21072,25140,50,gronnen,nonword,nonword,1,518
24,6856,25141,50,geplaad,nonword,nonword,1,503
24,2046,25019,50,vlijdend,nonword,nonword,1,820
24,18798,24779,50,kieten,nonword,nonword,1,636
24,7392,24780,50,genul,nonword,nonword,1,792
24,14492,25145,50,misgriefs,nonword,nonword,1,555
24,23964,24782,50,urbant,nonword,nonword,1,619
24,14302,25147,50,witser,nonword,nonword,1,520
24,2410,24824,50,boop,nonword,nonword,1,526
24,17218,25148,50,polt,nonword,nonword,1,569
24,21240,24786,50,sproe,nonword,nonword,1,530
24,14672,24948,50,mozij,nonword,nonword,1,636
24,16396,24788,50,bees,nonword,nonword,1,NA
24,258,25153,50,amnaan,nonword,nonword,1,699
24,26252,24790,50,hast,nonword,nonword,1,561
24,8654,25155,50,talsop,nonword,nonword,1,514
24,26280,24792,50,weffen,nonword,nonword,1,490
24,2044,24914,50,slijden,nonword,word,0,NA
24,27372,24995,50,zuisten,nonword,nonword,1,567
24,12060,25159,50,drastal,nonword,nonword,1,612
24,27754,24997,50,zom,nonword,nonword,1,626
24,8634,25038,50,hesje,nonword,nonword,1,NA
24,15840,25162,50,uist,nonword,nonword,1,860
24,3122,24799,50,ceftus,nonword,nonword,1,583
24,14468,25164,50,konstens,nonword,nonword,1,NA
24,9774,24801,50,oks,nonword,nonword,1,572
24,16302,25166,50,palt,nonword,nonword,1,510
24,10728,24803,50,luilen,nonword,word,0,NA
24,10766,25168,50,wienen,nonword,nonword,1,698
24,13268,24805,50,lurden,nonword,nonword,1,695
24,7264,24806,50,niste,nonword,nonword,1,449
24,10910,25171,50,spinken,nonword,nonword,1,735
24,15370,25172,50,narmen,nonword,nonword,1,663
24,11292,24809,50,knicht,nonword,nonword,1,556
24,6520,25174,50,gepied,nonword,nonword,1,533
24,10348,24811,50,monker,nonword,word,0,NA
24,23076,24933,50,vikt,nonword,nonword,1,490
24,21782,24813,50,stempten,nonword,nonword,1,508
24,10524,24814,50,raarden,nonword,nonword,1,509
24,2372,25179,50,bardjas,nonword,nonword,1,666
24,24494,25180,50,verfoog,nonword,nonword,1,533
24,2634,24938,50,brancokt,nonword,nonword,1,602
24,24148,25059,50,wavens,nonword,nonword,1,825
24,15104,25061,50,noegt,nonword,nonword,1,509
24,8772,25184,50,heek,nonword,nonword,1,991
24,4518,24942,50,diesheid,nonword,nonword,1,724
24,27498,24822,50,tistien,nonword,nonword,1,622
24,1284,25065,50,betaap,nonword,nonword,1,698
24,28018,25106,50,knazen,nonword,nonword,1,513
24,4380,25188,50,dif,nonword,nonword,1,511
24,3224,24826,50,cens,nonword,nonword,1,938
24,15386,24867,50,seties,nonword,nonword,1,548
24,6886,24828,50,nolden,nonword,nonword,1,552
24,456,25193,50,orgsten,nonword,nonword,1,563
24,10960,24830,50,kraler,nonword,nonword,1,NA
24,16672,24831,50,tonken,nonword,nonword,1,588
24,13684,24953,50,leintje,nonword,nonword,1,898
24,516,25197,50,arf,nonword,nonword,1,781
24,24490,25115,50,vergoerd,nonword,nonword,1,589
24,4558,24915,50,daargeen,nonword,nonword,1,829
24,188,25158,50,instste,nonword,nonword,1,632
24,1228,25132,50,beslam,nonword,nonword,1,723
24,15290,24878,50,noeg,nonword,nonword,1,529
24,8652,24879,50,lastheid,nonword,nonword,1,865
24,21150,24961,50,drook,nonword,nonword,1,687
24,16602,24841,50,puiver,nonword,nonword,1,646
24,21732,24882,50,storring,nonword,nonword,1,549
24,6992,24843,50,genast,nonword,nonword,1,527
24,20328,25086,50,treepje,nonword,nonword,1,744
24,18666,24845,50,rompig,nonword,nonword,1,431
24,11772,24980,50,moscisch,nonword,nonword,1,608
24,26148,24860,50,dalving,nonword,nonword,1,495
24,12134,24888,50,kliedig,nonword,nonword,1,670
24,15482,24929,50,anen,nonword,nonword,1,781
24,3140,24984,50,cais,nonword,nonword,1,750
24,726,24891,50,lasjes,nonword,nonword,1,618
24,11440,25134,50,kicht,nonword,nonword,1,683
24,26840,24974,50,wiss,nonword,nonword,1,NA
24,14942,24894,50,fuimpje,nonword,nonword,1,610
24,26962,24976,50,dijste,nonword,nonword,1,NA
24,18274,25098,50,diet,nonword,nonword,1,723
24,13478,24857,50,laadbaan,nonword,word,0,NA
24,7108,24978,50,geroogt,nonword,nonword,1,787
24,24312,24993,50,verboord,nonword,word,0,NA
24,1438,24994,50,beschreeg,nonword,nonword,1,651
24,20544,25103,50,snocks,nonword,nonword,1,759
24,6944,24862,50,getaafd,nonword,nonword,1,577
24,12250,25009,50,roeltjes,nonword,nonword,1,508
24,1114,24904,50,bebon,nonword,nonword,1,634
24,3400,24905,50,soets,nonword,nonword,1,599
24,19566,24866,50,schols,nonword,nonword,1,565
24,5580,24907,50,ilmten,nonword,nonword,1,622
24,218,25150,50,adit,nonword,nonword,1,568
24,3070,24990,50,buroods,nonword,nonword,1,725
24,15924,25112,50,opschijk,nonword,nonword,1,722
24,1994,24992,50,broekens,nonword,nonword,1,654
24,10374,25046,50,ronten,nonword,nonword,1,552
24,6464,25154,50,sauw,nonword,nonword,1,612
24,7768,25194,50,frierde,nonword,nonword,1,753
24,10638,24928,50,rervend,nonword,nonword,1,625
24,20106,25022,50,sli's,nonword,nonword,1,437
24,21954,25051,50,stasjes,nonword,nonword,1,637
24,9798,25039,50,icculs,nonword,nonword,1,529
24,20180,24919,50,brasen,nonword,nonword,1,616
24,23542,24880,50,slilt,nonword,nonword,1,628
24,23874,25163,50,unen,nonword,nonword,1,416
24,27338,25043,50,zoof,nonword,nonword,1,529
24,4576,24883,50,koorkrag,nonword,nonword,1,596
24,1704,24884,50,henig,nonword,nonword,1,594
24,12606,25072,50,handgag,nonword,nonword,1,578
24,13866,25005,50,daning,nonword,nonword,1,476
24,12228,24900,50,dedden,nonword,nonword,1,581
24,22830,24901,50,tolg,nonword,nonword,1,691
24,25186,25102,50,vriede,nonword,nonword,1,552
24,20136,25024,50,sloefzaal,nonword,nonword,1,859
24,10896,24931,50,klotte,nonword,nonword,1,784
24,26136,24932,50,pekend,nonword,nonword,1,822
24,1432,25054,50,beschaagt,nonword,nonword,1,616
24,23432,24934,50,chanspart,nonword,nonword,1,572
24,3294,24935,50,trirué,nonword,nonword,1,683
24,27828,24896,50,zalgde,nonword,nonword,1,692
24,16014,25139,50,eids,nonword,nonword,1,650
24,25440,25045,50,veelstap,nonword,word,0,NA
24,304,25152,50,abant,nonword,nonword,1,472
24,24096,25034,50,vikse,nonword,nonword,1,690
24,24458,25073,50,verkt,nonword,nonword,1,609
24,20804,25026,50,cous,nonword,nonword,1,554
24,24440,25049,50,verhuit,nonword,nonword,1,605
24,24420,25105,50,verriend,nonword,nonword,1,512
24,2428,25187,50,hoetjes,nonword,nonword,1,560
24,4556,25031,50,koorbang,nonword,nonword,1,591
24,12010,25068,50,grebje,nonword,nonword,1,435
24,15584,24988,50,ondeeuw,nonword,nonword,1,NA
24,14112,25030,50,moeslat,nonword,nonword,1,543
24,408,25125,50,antrog,nonword,nonword,1,593
24,10764,25057,50,rienels,nonword,nonword,1,605
24,9198,24964,50,hoem,nonword,nonword,1,627
24,26154,24952,50,dolker,nonword,nonword,1,NA
24,21032,24962,50,spuiven,nonword,nonword,1,650
24,3312,24999,50,joefers,nonword,nonword,1,535
24,5440,25021,50,epars,nonword,nonword,1,532
24,24140,25050,50,vanzier,nonword,nonword,1,474
24,3924,25085,50,reuning,nonword,nonword,1,935
24,12148,24923,50,griemel,nonword,nonword,1,895
24,11006,25041,50,kleuzen,nonword,nonword,1,562
24,19690,25001,50,schreeltje,nonword,nonword,1,700
24,27780,25143,50,zemes,nonword,nonword,1,503
24,4898,25044,50,dreng,nonword,nonword,1,626
24,19160,24950,50,schierde,nonword,word,0,NA
24,4750,25151,50,snapa's,nonword,nonword,1,535
24,19556,25175,50,schempen,nonword,nonword,1,614
24,9214,25136,50,laakje,nonword,nonword,1,544
24,15520,25052,50,ebe,nonword,nonword,1,473
24,6814,25053,50,getrip,nonword,word,0,NA
24,12532,25177,50,bodder,nonword,nonword,1,554
24,21264,25004,50,sproek,nonword,nonword,1,490
24,8568,24936,50,handtaak,nonword,nonword,1,805
24,16048,25097,50,poontje,nonword,nonword,1,663
24,3050,25122,50,luften,nonword,nonword,1,575
24,25110,25000,50,meste,nonword,nonword,1,616
24,10296,25040,50,martjes,nonword,nonword,1,546
24,1022,25025,50,bedroem,nonword,nonword,1,NA
24,21706,25055,50,stormbed,nonword,nonword,1,629
24,16832,25173,50,frareau,nonword,nonword,1,866
24,7602,24949,50,guf,nonword,nonword,1,873
24,9509,24717,50,horten,word,word,1,727
24,3641,24838,50,daags,word,word,1,958
24,8179,24716,50,groen,word,word,1,552
24,14745,24875,50,mormel,word,nonword,0,NA
24,901,24837,50,basen,word,word,1,875
24,10401,24715,50,kapper,word,word,1,585
24,17383,24730,50,priesters,word,word,1,482
24,13173,24835,50,liften,word,word,1,503
24,14483,24848,50,misbruikt,word,word,1,500
24,20857,24785,50,sparren,word,word,1,863
24,16883,24756,50,pleit,word,word,1,488
24,18707,24744,50,roven,word,word,1,537
24,23937,24754,50,uitvoer,word,word,1,555
24,3017,24846,50,buis,word,word,1,468
24,11571,24847,50,kombuis,word,nonword,0,NA
24,20179,24887,50,slapen,word,word,1,558
24,7503,24957,50,gewin,word,nonword,0,NA
24,1065,24834,50,beeldschoon,word,word,1,618
24,1329,24902,50,beoogd,word,word,1,654
24,3837,24956,50,dateert,word,word,1,583
24,3107,24868,50,buurten,word,word,1,692
24,905,24958,50,basis,word,word,1,604
24,22005,24839,50,stoof,word,word,1,652
24,23067,24886,50,tikken,word,word,1,610
24,1027,24926,50,bedstee,word,nonword,0,NA
24,22625,24927,50,taken,word,word,1,528
24,22799,24778,50,teilen,word,nonword,0,NA
24,11889,24955,50,kragen,word,word,1,734
24,333,24728,50,akten,word,word,1,610
24,3039,24729,50,bukken,word,word,1,496
24,15759,24967,50,onyx,word,nonword,0,NA
24,25713,24852,50,voren,word,word,1,923
24,20713,24747,50,soepel,word,word,1,487
24,21289,24760,50,sproeten,word,word,1,435
24,11781,24971,50,kosten,word,word,1,716
24,26769,24963,50,wijk,word,word,1,581
24,28035,24899,50,zweden,word,word,1,766
24,7367,24939,50,geur,word,word,1,552
24,27393,24819,50,zegels,word,word,1,512
24,22401,24859,50,studies,word,word,1,543
24,5041,24968,50,duim,word,word,1,515
24,20477,24821,50,smeet,word,nonword,0,NA
24,19955,24943,50,shag,word,nonword,0,NA
24,7365,24702,50,geultjes,word,word,1,727
24,4909,24865,50,droog,word,word,1,482
24,1273,24825,50,belles,word,nonword,0,NA
24,1573,24854,50,betrof,word,word,1,621
24,21921,24827,50,stoere,word,word,1,619
24,17559,24989,50,psalmen,word,word,1,717
24,429,24818,50,alzo,word,nonword,0,NA
24,2757,24737,50,briefje,word,word,1,418
24,25417,24966,50,voertje,word,nonword,0,NA
24,2923,24832,50,bruikbaar,word,word,1,538
24,11533,24793,50,kogels,word,word,1,508
24,16481,24874,50,perceel,word,word,1,570
24,21151,24996,50,spookhuis,word,word,1,NA
24,5763,24755,50,fauteuils,word,word,1,619
24,1107,24877,50,begeeft,word,word,1,612
24,17983,24959,50,redt,word,word,1,618
24,6323,24987,50,gaai,word,word,1,579
24,17707,24719,50,raadzaam,word,word,1,748
24,7119,24842,50,gering,word,word,1,593
24,13571,24937,50,luchtig,word,word,1,571
24,25785,24911,50,vragend,word,word,1,543
24,8753,24979,50,heden,word,word,1,761
24,20057,25006,50,sjaals,word,word,1,622
24,21261,25007,50,sprekers,word,word,1,507
24,14273,25008,50,mesthoop,word,word,1,557
24,6171,24889,50,franken,word,word,1,585
24,14899,24849,50,muziek,word,word,1,486
24,17237,24890,50,pot,word,word,1,456
24,3275,24851,50,cheque,word,word,1,NA
24,4793,24893,50,dreun,word,word,1,681
24,2941,24732,50,brullen,word,word,1,438
24,23679,24774,50,trust,word,word,1,NA
24,4629,25003,50,dorpsplein,word,nonword,0,NA
24,17481,24735,50,profeet,word,word,1,498
24,22749,24750,50,teams,word,word,1,536
24,9871,24898,50,intact,word,word,1,575
24,12915,25020,50,lekker,word,word,1,NA
24,18247,24941,50,ridder,word,word,1,582
24,2661,24861,50,brandjes,word,word,1,545
24,21197,24983,50,spot,word,word,1,526
24,12599,24903,50,lancé,word,nonword,0,NA
24,397,24864,50,alras,word,nonword,0,NA
24,6209,24986,50,fresco's,word,word,1,782
24,2101,24906,50,blokker,word,word,1,741
24,20089,25028,50,ski's,word,word,1,506
24,4101,24908,50,dichter,word,word,1,538
24,20887,24869,50,spectra,word,nonword,0,NA
24,2833,24897,50,broekspijp,word,word,1,894
24,4357,25032,50,doelwit,word,word,1,524
24,17873,24872,50,rat,word,word,1,475
24,10949,24954,50,klauw,word,word,1,676
24,24377,25035,50,verdraaid,word,nonword,0,NA
24,10383,25036,50,kapel,word,word,1,586
24,18263,24916,50,riempjes,word,word,1,642
24,21191,24796,50,sportlui,word,word,1,547
24,11201,24918,50,kloppend,word,word,1,553
24,13787,24960,50,maatschap,word,word,1,NA
24,19133,24920,50,schatte,word,word,1,533
24,19025,25002,50,schaal,word,word,1,485
24,307,24922,50,aha,word,word,1,676
24,27131,24749,50,wrijving,word,word,1,903
24,18827,24764,50,rumoer,word,word,1,536
24,21193,24925,50,sportman,word,word,1,649
24,16723,25047,50,plaagde,word,word,1,472
24,16191,25048,50,pap,word,word,1,507
24,5049,24969,50,duims,word,nonword,0,NA
24,16205,25010,50,papjes,word,word,1,652
24,10815,24930,50,kin,word,word,1,628
24,24169,25012,50,vatte,word,word,1,516
24,16633,24973,50,pijtjes,word,nonword,0,NA
24,2087,25014,50,bloesem,word,word,1,533
24,3859,24975,50,dealers,word,word,1,759
24,14101,25016,50,meeste,word,word,1,646
24,19449,25017,50,schoentjes,word,word,1,833
24,6391,25058,50,gamma,word,word,1,603
24,9323,24817,50,holtes,word,word,1,558
24,12063,25060,50,kritisch,word,word,1,542
24,12039,24940,50,krijt,word,word,1,600
24,26445,25062,50,wekt,word,word,1,575
24,15581,25023,50,onder,word,word,1,506
24,5641,25064,50,euvel,word,word,1,556
24,12065,24944,50,kroeg,word,word,1,617
24,11817,24945,50,kous,word,word,1,630
24,15731,24946,50,ontvoerd,word,word,1,531
24,17775,24947,50,radjes,word,nonword,0,NA
24,17655,24705,50,pure,word,word,1,533
24,11735,24706,50,korfjes,word,word,1,629
24,6583,25071,50,gedraagt,word,word,1,697
24,1435,24951,50,beschreef,word,word,1,734
24,7031,24912,50,genot,word,word,1,543
24,4331,24913,50,doden,word,word,1,575
24,11513,24711,50,koetshuis,word,nonword,0,NA
24,1061,25076,50,beeldplaat,word,word,1,766
24,10463,25077,50,kaste,word,nonword,0,NA
24,1771,24714,50,bieten,word,word,1,636
24,4595,25079,50,doosje,word,word,1,510
24,2217,25080,50,boeg,word,nonword,0,NA
24,22795,25081,50,tehuis,word,nonword,0,NA
24,20873,24921,50,spatte,word,word,1,566
24,11629,25083,50,kooitje,word,word,1,630
24,16251,25084,50,parool,word,word,1,451
24,6949,24844,50,gelost,word,word,1,559
24,24187,24965,50,veegde,word,word,1,592
24,25517,25087,50,volop,word,word,1,575
24,11219,24724,50,klucht,word,word,1,570
24,24171,24725,50,vatten,word,word,1,441
24,12459,24726,50,la,word,word,1,590
24,4639,24970,50,doses,word,nonword,0,NA
24,20849,25092,50,spanning,word,word,1,538
24,21899,24771,50,stocks,word,nonword,0,NA
24,18823,25094,50,rulle,word,nonword,0,NA
24,24083,24731,50,valkuil,word,word,1,483
24,3947,25096,50,deksels,word,word,1,569
24,14159,24855,50,melk,word,word,1,475
24,4901,24856,50,dronk,word,word,1,685
24,22835,25099,50,tellen,word,word,1,603
24,5879,24736,50,filets,word,word,1,612
24,7595,25101,50,gieten,word,word,1,602
24,28075,24981,50,zwellen,word,word,1,621
24,6141,25063,50,fraai,word,word,1,590
24,25145,25104,50,vlak,word,word,1,527
24,1729,24863,50,bidden,word,word,1,511
24,193,24985,50,achttien,word,word,1,758
24,9535,25107,50,houdend,word,word,1,497
24,7291,25108,50,gestraft,word,word,1,563
24,21167,24745,50,spoorslags,word,nonword,0,NA
24,18553,25110,50,rolstoel,word,word,1,546
24,8911,25111,50,helmpjes,word,word,1,529
24,5987,24991,50,flikker,word,word,1,542
24,12225,25113,50,kudde,word,word,1,555
24,26001,24710,50,waagde,word,word,1,573
24,6329,24752,50,gaaitjes,word,nonword,0,NA
24,18511,25116,50,rogge,word,nonword,0,NA
24,8297,24753,50,grootten,word,nonword,0,NA
24,9989,25118,50,japans,word,word,1,508
24,8065,25119,50,greppels,word,nonword,0,NA
24,11139,25120,50,klip,word,nonword,0,NA
24,11449,25121,50,koeken,word,word,1,794
24,4513,25082,50,doofde,word,word,1,484
24,8663,24759,50,harems,word,word,1,614
24,17385,25124,50,prietpraat,word,word,1,646
24,26999,24924,50,wonder,word,word,1,753
24,15885,24762,50,opgaaf,word,nonword,0,NA
24,14367,24763,50,mijltje,word,nonword,0,NA
24,17309,25128,50,preekjes,word,word,1,569
24,27151,25129,50,wuifden,word,word,1,711
24,12535,24766,50,lade,word,word,1,438
24,13171,25131,50,lift,word,word,1,548
24,2541,25011,50,bout,word,word,1,664
24,17229,25093,50,poster,word,word,1,667
24,327,25013,50,akkers,word,word,1,533
24,5563,25135,50,eruit,word,word,1,661
24,1901,25015,50,blaas,word,word,1,550
24,22775,25137,50,teen,word,word,1,496
24,23657,25138,50,trucje,word,word,1,721
24,7695,25018,50,gletsjer,word,word,1,598
24,21969,24776,50,stolp,word,nonword,0,NA
24,23621,24777,50,tros,word,word,1,542
24,14009,25142,50,mat,word,word,1,586
24,7293,24982,50,gestrand,word,word,1,843
24,16361,25144,50,pauwtjes,word,word,1,921
24,12111,24781,50,kroontje,word,word,1,590
24,9797,25146,50,impuls,word,word,1,603
24,10591,24783,50,kennel,word,nonword,0,NA
24,27563,25027,50,zieltje,word,word,1,506
24,7477,25149,50,gewei,word,nonword,0,NA
24,16053,25029,50,paard,word,word,1,460
24,12119,24909,50,krop,word,nonword,0,NA
24,13207,24910,50,lijfwacht,word,word,1,661
24,13549,24789,50,louche,word,nonword,0,NA
24,12733,25114,50,lauw,word,word,1,474
24,25353,24791,50,vodde,word,nonword,0,NA
24,27509,25156,50,zette,word,word,1,579
24,26433,25157,50,weitjes,word,word,1,786
24,4625,25037,50,dorpje,word,word,1,473
24,16349,24795,50,paus,word,word,1,515
24,11007,25160,50,kleiner,word,word,1,610
24,15349,25161,50,noordpool,word,word,1,591
24,3103,24798,50,buurman,word,word,1,517
24,15839,25042,50,oost,word,word,1,529
24,13709,24800,50,maag,word,word,1,517
24,1085,25165,50,beest,word,word,1,592
24,1853,24802,50,bindt,word,word,1,523
24,19007,25167,50,scepter,word,word,1,672
24,8863,24804,50,hekels,word,word,1,718
24,9009,25169,50,herstel,word,nonword,0,NA
24,10151,25170,50,juist,word,word,1,410
24,20277,24807,50,slikken,word,word,1,724
24,4183,24808,50,diepte,word,word,1,573
24,15165,25133,50,neuraal,word,word,1,588
24,19541,24810,50,schoonste,word,word,1,506
24,1253,24812,50,beleeft,word,word,1,539
24,1387,25176,50,berken,word,nonword,0,NA
24,24987,25056,50,viertal,word,word,1,642
24,4865,25178,50,droeve,word,nonword,0,NA
24,17821,24815,50,ranch,word,word,1,573
24,17423,24816,50,prins,word,word,1,492
24,3225,25181,50,centen,word,word,1,518
24,22315,25182,50,stromend,word,word,1,NA
24,23453,25183,50,trechter,word,word,1,676
24,5427,24820,50,ellen,word,word,1,833
24,22025,25185,50,stoopje,word,nonword,0,NA
24,7535,25186,50,gezet,word,word,1,444
24,11433,25066,50,knuppels,word,word,1,580
24,10091,25067,50,jon,word,nonword,0,NA
24,18663,25189,50,rossen,word,word,1,913
24,16915,25190,50,ploerten,word,nonword,0,NA
24,20471,25191,50,smeer,word,word,1,510
24,19237,25192,50,schenkt,word,word,1,480
24,2917,24829,50,bruiden,word,word,1,616
24,24177,25033,50,vechten,word,word,1,429
24,1429,25195,50,beschouw,word,word,1,505
24,26981,25196,50,wolken,word,word,1,475
24,13407,24833,50,lokt,word,word,1,587
24,4747,25198,50,drama,word,word,1,484
24,157,25199,50,abram,word,nonword,0,NA
24,10955,24836,50,klauwtje,word,word,1,488
25,16316,24701,50,destoors,nonword,nonword,1,1146
25,26080,24702,50,waarag,nonword,nonword,1,1154
25,15774,25188,50,oogongs,nonword,nonword,1,711
25,17046,24704,50,poonsen,nonword,nonword,1,610
25,4196,24705,50,wieven,nonword,nonword,1,879
25,19072,24706,50,schete,nonword,word,0,NA
25,9968,25071,50,jom,nonword,nonword,1,648
25,18636,24708,50,rookhorm,nonword,nonword,1,1091
25,10066,24830,50,soten,nonword,nonword,1,634
25,25298,24710,50,vluk,nonword,nonword,1,761
25,25184,25075,50,klogels,nonword,nonword,1,668
25,21904,24712,50,stoes,nonword,nonword,1,505
25,6338,24713,50,geunte,nonword,nonword,1,667
25,8062,25077,50,bropen,nonword,nonword,1,802
25,13440,24715,50,kood,nonword,nonword,1,596
25,7586,25080,50,guiven,nonword,nonword,1,693
25,14616,24717,50,kietjes,nonword,nonword,1,642
25,5768,24718,50,fij,nonword,word,0,NA
25,12060,25083,50,drastal,nonword,nonword,1,631
25,22228,25084,50,strenk,nonword,nonword,1,594
25,12356,24721,50,kweefheid,nonword,nonword,1,767
25,23044,24722,50,touds,nonword,nonword,1,630
25,3264,25087,50,chauffaart,nonword,nonword,1,779
25,16384,24724,50,peuoon,nonword,nonword,1,625
25,5536,24765,50,askers,nonword,nonword,1,853
25,16860,24726,50,bleegt,nonword,nonword,1,668
25,9866,24727,50,inschoek,nonword,nonword,1,1111
25,27704,24728,50,tiemde,nonword,nonword,1,768
25,26358,24971,50,koorschijn,nonword,word,0,NA
25,23416,25094,50,blagie,nonword,nonword,1,670
25,17040,24731,50,peekjes,nonword,nonword,1,654
25,19146,24732,50,schote,nonword,nonword,1,617
25,13308,24975,50,lipstake,nonword,word,0,NA
25,16446,24734,50,pentent,nonword,nonword,1,664
25,9094,24735,50,hierpien,nonword,nonword,1,659
25,27570,24736,50,tiezer,nonword,nonword,1,558
25,18358,24737,50,miks,nonword,nonword,1,622
25,5888,25102,50,folvers,nonword,nonword,1,806
25,10258,25103,50,wawels,nonword,nonword,1,716
25,3512,24740,50,congrest,nonword,nonword,1,712
25,15466,24741,50,iezer,nonword,nonword,1,642
25,26452,25106,50,zef,nonword,nonword,1,588
25,5110,25107,50,muldden,nonword,nonword,1,587
25,10564,24744,50,ralken,nonword,nonword,1,921
25,27590,25109,50,tijduur,nonword,word,0,NA
25,4518,25110,50,diesheid,nonword,nonword,1,708
25,1816,25111,50,huiten,nonword,nonword,1,717
25,23742,24869,50,tipband,nonword,nonword,1,NA
25,27608,24870,50,tijwaards,nonword,nonword,0,NA
25,1406,24750,50,beloefd,nonword,nonword,1,630
25,11076,24751,50,kroertjes,nonword,nonword,1,1043
25,21644,24752,50,starde,nonword,nonword,1,NA
25,18826,24874,50,ruf,nonword,nonword,1,780
25,22450,24875,50,stilend,nonword,nonword,1,675
25,4206,24795,50,duis,nonword,nonword,1,793
25,27914,24756,50,tuizen,nonword,nonword,1,690
25,256,24757,50,amstuk,nonword,nonword,1,700
25,7828,24758,50,nonken,nonword,nonword,1,741
25,7980,25123,50,brap,nonword,nonword,1,676
25,6888,24760,50,gardend,nonword,nonword,1,744
25,19908,24761,50,selve,nonword,nonword,1,559
25,21870,24762,50,stikslaan,nonword,nonword,1,1023
25,6224,25127,50,vroole,nonword,nonword,1,548
25,19866,24885,50,seps,nonword,nonword,1,776
25,23582,24805,50,drikken,nonword,nonword,1,1151
25,25372,24766,50,voelbaam,nonword,nonword,1,1066
25,400,24767,50,alteems,nonword,nonword,1,677
25,4554,25132,50,doorriens,nonword,nonword,1,676
25,20606,24769,50,snorste,nonword,nonword,1,778
25,6296,24891,50,fuskeert,nonword,word,0,NA
25,712,24892,50,barhoord,nonword,nonword,1,712
25,5088,24893,50,durve,nonword,nonword,1,833
25,17622,24773,50,pufs,nonword,nonword,1,853
25,22692,24774,50,tep,nonword,nonword,1,697
25,15058,25138,50,namu,nonword,nonword,1,742
25,2420,24897,50,buikheid,nonword,nonword,1,1033
25,2992,24777,50,lieen,nonword,nonword,1,678
25,7826,24778,50,zok,nonword,nonword,1,656
25,1112,24779,50,bepoen,nonword,nonword,1,651
25,12794,24901,50,deen,nonword,nonword,1,816
25,11584,24781,50,ropisch,nonword,nonword,1,641
25,22360,25024,50,stremer,nonword,nonword,1,715
25,22944,24783,50,heneel,nonword,nonword,1,683
25,1810,24784,50,hoestand,nonword,nonword,1,790
25,21196,24986,50,spindveld,nonword,nonword,1,777
25,14354,24786,50,doutje,nonword,nonword,1,752
25,16704,24787,50,pentool,nonword,nonword,1,647
25,27572,25152,50,tiezers,nonword,nonword,1,686
25,9996,24789,50,jartin,nonword,nonword,1,826
25,26786,24951,50,doonfles,nonword,nonword,1,704
25,11560,24831,50,koram,nonword,nonword,1,632
25,14764,25156,50,kessels,nonword,nonword,1,713
25,7762,25157,50,frogie,nonword,nonword,1,641
25,10160,24794,50,jek,nonword,word,0,NA
25,20960,24955,50,spal,nonword,nonword,1,651
25,21590,24796,50,stees,nonword,nonword,1,671
25,12076,24797,50,troes,nonword,nonword,1,618
25,14146,25162,50,mebier,nonword,nonword,1,540
25,25070,25163,50,dongers,nonword,nonword,1,636
25,19572,25164,50,schont,nonword,nonword,1,680
25,3418,25165,50,cosans,nonword,nonword,1,659
25,2404,24802,50,bool,nonword,nonword,1,854
25,6672,24803,50,gechiet,nonword,nonword,1,1050
25,5690,24804,50,safel,nonword,nonword,1,693
25,27552,24966,50,tijkten,nonword,nonword,1,583
25,15008,24806,50,nafiers,nonword,nonword,1,NA
25,20600,24807,50,smallen,nonword,word,0,NA
25,21430,24808,50,steves,nonword,nonword,1,647
25,4156,25173,50,wiechtjes,nonword,nonword,1,634
25,22672,25052,50,zongo,nonword,nonword,1,722
25,21358,24811,50,staas,nonword,nonword,1,933
25,18040,24812,50,repaas,nonword,nonword,1,613
25,16886,24934,50,preuten,nonword,word,0,NA
25,9716,24814,50,ien,nonword,nonword,1,590
25,7298,24815,50,gestroord,nonword,nonword,1,1068
25,11546,25180,50,copet,nonword,nonword,1,675
25,25232,24938,50,blieving,nonword,nonword,1,651
25,27682,25182,50,zovan,nonword,nonword,1,521
25,16502,25183,50,mers,nonword,nonword,1,489
25,18118,24820,50,nen,nonword,nonword,1,699
25,23754,25185,50,tuff,nonword,nonword,1,481
25,24776,24983,50,mentes,nonword,nonword,1,NA
25,20452,24944,50,frolle,nonword,nonword,1,569
25,20036,24945,50,sonds,nonword,nonword,1,776
25,23418,25066,50,slagies,nonword,nonword,1,750
25,3548,25068,50,joler,nonword,nonword,1,752
25,18070,24827,50,kiesden,nonword,word,0,NA
25,10650,24949,50,kels,nonword,nonword,1,646
25,18478,25030,50,woeven,nonword,nonword,1,631
25,24234,24910,50,sogen,nonword,nonword,1,582
25,15196,25031,50,nucht,nonword,nonword,1,659
25,16716,25196,50,pillig,nonword,nonword,1,924
25,12866,24833,50,doger,nonword,nonword,1,842
25,27460,24834,50,telme,nonword,nonword,1,559
25,5426,24888,50,opke,nonword,nonword,1,933
25,21468,24916,50,storkte,nonword,nonword,1,1017
25,21334,24877,50,bruug,nonword,nonword,1,571
25,8678,24838,50,hascas,nonword,nonword,1,NA
25,13738,24960,50,weelstroom,nonword,nonword,1,905
25,14472,24961,50,minein,nonword,nonword,1,618
25,8510,24841,50,hact,nonword,nonword,1,866
25,6738,24963,50,gehoend,nonword,nonword,1,648
25,7890,24964,50,noze,nonword,nonword,1,772
25,442,24965,50,azems,nonword,nonword,1,667
25,1366,24925,50,hezen,nonword,nonword,1,565
25,20540,25007,50,snermbar,nonword,nonword,1,723
25,22344,24968,50,stroonche,nonword,nonword,1,705
25,7924,24861,50,graam,nonword,nonword,1,864
25,19330,24849,50,schuut,nonword,nonword,1,749
25,19230,25092,50,schomen,nonword,nonword,1,644
25,17774,24851,50,modje,nonword,word,0,NA
25,18694,24852,50,rotluk,nonword,nonword,1,700
25,11398,24853,50,vroepte,nonword,nonword,1,534
25,6362,25055,50,papes,nonword,nonword,1,592
25,21958,24855,50,stapstijf,nonword,word,0,NA
25,9060,25178,50,leise,nonword,nonword,1,563
25,17480,24857,50,praf,nonword,nonword,1,695
25,17586,24858,50,piddiffs,nonword,nonword,1,690
25,5030,24980,50,duikhuit,nonword,nonword,1,869
25,5040,24860,50,doekt,nonword,word,0,NA
25,4132,25116,50,diepiers,nonword,nonword,1,751
25,4610,24942,50,dokes,nonword,nonword,1,621
25,250,24984,50,aftad,nonword,nonword,1,844
25,8204,24864,50,kraapjes,nonword,nonword,1,1079
25,2430,25025,50,boets,nonword,nonword,1,612
25,15226,24866,50,nierp,nonword,nonword,1,906
25,70,24907,50,aarschaans,nonword,nonword,1,1132
25,25762,24868,50,vaaitje,nonword,nonword,1,725
25,22724,24989,50,tans,nonword,nonword,1,716
25,12914,25151,50,henken,nonword,nonword,1,NA
25,5580,25005,50,ilmten,nonword,nonword,1,600
25,192,25086,50,orstten,nonword,nonword,1,639
25,27540,24873,50,zuik,nonword,nonword,1,1107
25,5218,24887,50,icht,nonword,nonword,1,700
25,20652,24928,50,vraapjes,nonword,nonword,1,691
25,27926,24889,50,zieler,nonword,nonword,1,470
25,9000,24917,50,tervas,nonword,nonword,1,694
25,15612,24918,50,onluid,nonword,nonword,1,831
25,28174,25000,50,knillen,nonword,nonword,1,850
25,4546,25001,50,daarvat,nonword,word,0,NA
25,12054,24881,50,klongen,nonword,nonword,1,818
25,3382,25124,50,clib,nonword,nonword,1,590
25,632,25125,50,roonden,nonword,nonword,1,621
25,10106,25018,50,jolst,nonword,nonword,1,674
25,24228,24898,50,poertje,nonword,nonword,1,660
25,11044,24926,50,greven,nonword,nonword,1,821
25,5976,24900,50,knes,nonword,nonword,1,693
25,2918,25143,50,trieden,nonword,nonword,1,1047
25,17320,24982,50,prefult,nonword,nonword,1,708
25,14948,25011,50,noer,nonword,nonword,1,712
25,5434,25172,50,enren,nonword,word,0,NA
25,10940,24932,50,kles,nonword,nonword,1,1119
25,1658,25014,50,bemaagt,nonword,nonword,1,857
25,19422,25054,50,schillels,nonword,nonword,1,661
25,16890,25016,50,prijtten,nonword,nonword,1,1083
25,20144,24976,50,slichtluis,nonword,nonword,1,NA
25,4894,24923,50,krammels,nonword,nonword,1,801
25,3284,24924,50,spidees,nonword,nonword,1,567
25,9414,24899,50,hoopvoed,nonword,nonword,1,832
25,8682,25034,50,laspen,nonword,nonword,1,652
25,26776,24954,50,doele,nonword,nonword,1,571
25,19400,25008,50,schorders,nonword,nonword,1,732
25,23186,25145,50,toeslond,nonword,nonword,1,557
25,24800,24904,50,vertreemt,nonword,nonword,1,1141
25,23576,25038,50,treg,nonword,nonword,1,542
25,19066,25040,50,schijnsen,nonword,nonword,1,684
25,26808,25041,50,maasjes,nonword,nonword,1,599
25,13570,24908,50,bichten,nonword,nonword,1,852
25,7120,25029,50,getift,nonword,nonword,1,918
25,16254,25042,50,pans,nonword,nonword,1,676
25,5972,25058,50,fluidste,nonword,nonword,1,838
25,8780,25126,50,laarser,nonword,nonword,1,681
25,20138,24939,50,sluikzak,nonword,nonword,1,1031
25,6160,24927,50,glimepjes,nonword,nonword,1,698
25,11270,24941,50,snarden,nonword,word,0,NA
25,5542,25009,50,erdi,nonword,nonword,1,692
25,23246,25158,50,tilbe,nonword,nonword,1,622
25,26268,25065,50,wais,nonword,nonword,1,842
25,10456,24972,50,tessier,nonword,nonword,1,667
25,11960,24933,50,kreegt,nonword,nonword,1,920
25,18472,24921,50,roedt,nonword,nonword,1,704
25,19676,24922,50,schrijg,nonword,nonword,1,762
25,17970,25028,50,widding,nonword,nonword,1,683
25,16364,25043,50,poone,nonword,nonword,1,495
25,14574,24978,50,maaglijk,nonword,nonword,1,978
25,28144,24930,50,bloeger,nonword,nonword,1,644
25,8290,25020,50,groodstraak,nonword,nonword,1,777
25,13086,25115,50,hechtje,nonword,word,0,NA
25,22388,25062,50,straasjes,nonword,nonword,1,871
25,12766,25121,50,liesde,nonword,nonword,1,680
25,10832,25091,50,wanken,nonword,word,0,NA
25,16246,25105,50,parhuit,nonword,nonword,1,690
25,9360,25039,50,homplal,nonword,nonword,1,606
25,10686,25085,50,deien,nonword,nonword,1,576
25,13260,25175,50,lura,nonword,nonword,1,565
25,5154,24953,50,tweelde,nonword,nonword,1,822
25,18994,25047,50,wraga's,nonword,nonword,1,976
25,14390,25048,50,woeter,nonword,nonword,1,735
25,15184,25104,50,neinen,nonword,nonword,1,614
25,17700,25169,50,roolsels,nonword,nonword,1,713
25,17296,25010,50,pladen,nonword,nonword,1,686
25,1870,25130,50,biskum,nonword,nonword,1,657
25,26480,24973,50,lilnee,nonword,nonword,1,566
25,13452,24948,50,laakste,nonword,nonword,1,634
25,14406,25099,50,walder,nonword,nonword,1,658
25,6198,25160,50,vroode,nonword,nonword,1,647
25,22068,25021,50,stening,nonword,word,0,NA
25,16028,25170,50,omeel,nonword,nonword,1,531
25,16010,25082,50,oenoom,nonword,nonword,1,684
25,2954,25168,50,spuusk,nonword,nonword,1,587
25,12938,25053,50,bezer,nonword,nonword,1,698
25,20878,25159,50,spocht,nonword,nonword,1,667
25,16674,25142,50,penzen,nonword,nonword,1,768
25,11186,25195,50,kroesters,nonword,nonword,1,939
25,19937,24755,50,sets,word,word,1,546
25,19477,24846,50,scholier,word,word,1,468
25,9337,24872,50,homp,word,nonword,0,NA
25,15613,24871,50,onrecht,word,word,1,601
25,9579,24912,50,huilbui,word,word,1,560
25,26997,24791,50,wonden,word,word,1,685
25,18633,24790,50,rookten,word,word,1,591
25,27859,24836,50,zoute,word,word,1,540
25,13061,24867,50,libre,word,nonword,0,NA
25,6799,24952,50,geklaard,word,word,1,650
25,12691,24785,50,lassers,word,word,1,843
25,3337,24906,50,city,word,word,1,524
25,22827,24749,50,telex,word,nonword,0,NA
25,5419,24911,50,elftal,word,word,1,644
25,26571,24725,50,werking,word,word,1,556
25,8401,24856,50,haakte,word,word,1,534
25,24611,24754,50,vermoord,word,word,1,563
25,4551,24946,50,doorgaan,word,word,1,655
25,10609,24733,50,kerel,word,word,1,519
25,14971,24714,50,nachtjes,word,word,1,581
25,26913,24825,50,wisselt,word,word,1,NA
25,27177,24775,50,yens,word,word,1,803
25,16321,24977,50,patat,word,word,1,629
25,23649,24770,50,trouwring,word,word,1,721
25,18795,24829,50,ruit,word,word,1,805
25,12299,24940,50,kunstig,word,word,1,595
25,8965,24876,50,her,word,nonword,0,NA
25,10933,24817,50,klapten,word,word,1,611
25,1159,24845,50,behoeft,word,word,1,514
25,9885,24878,50,intrek,word,word,1,586
25,2521,24771,50,botte,word,word,1,681
25,2189,24826,50,bod,word,word,1,560
25,15079,24837,50,neen,word,word,1,587
25,21027,24935,50,spiegels,word,word,1,602
25,21181,24748,50,sporten,word,word,1,NA
25,12651,24950,50,langs,word,word,1,577
25,12735,24709,50,lauwe,word,word,1,637
25,17979,24992,50,reders,word,nonword,0,NA
25,5011,24993,50,duiders,word,nonword,0,NA
25,23581,24915,50,trokken,word,word,1,619
25,5131,24835,50,duurste,word,word,1,622
25,27675,24943,50,zoal,word,word,1,570
25,5939,24810,50,flans,word,word,1,715
25,727,24905,50,bakken,word,word,1,605
25,14469,24865,50,minus,word,word,1,NA
25,24953,24894,50,vettig,word,word,1,534
25,3377,24880,50,clowns,word,word,1,546
25,15529,24962,50,omhaal,word,word,1,536
25,1267,24842,50,belgisch,word,word,1,550
25,8839,24883,50,heidens,word,word,1,807
25,413,24764,50,alt,word,word,1,834
25,20193,25006,50,slaven,word,word,1,598
25,10297,24967,50,kalk,word,word,1,644
25,12603,24753,50,landbouw,word,word,1,531
25,8977,24996,50,herdruk,word,word,1,761
25,23915,24957,50,uitschot,word,word,1,657
25,9433,24958,50,hooiberg,word,word,1,557
25,17337,25012,50,premies,word,word,1,1042
25,14407,24987,50,milieu,word,word,1,559
25,4147,24974,50,dienster,word,word,1,725
25,14427,24854,50,mimen,word,nonword,0,NA
25,26529,24895,50,wensdroom,word,word,1,662
25,7949,24896,50,gracieus,word,word,1,769
25,23223,24776,50,toga,word,word,1,617
25,3157,24979,50,canon,word,word,1,817
25,27457,24859,50,zelfzucht,word,word,1,684
25,3799,24981,50,dansjes,word,word,1,665
25,6957,24822,50,geluk,word,word,1,671
25,20191,25023,50,slatjes,word,word,1,840
25,27943,24729,50,zusje,word,word,1,663
25,8419,24985,50,haantje,word,word,1,720
25,23873,25026,50,uien,word,word,1,625
25,18541,25027,50,rollen,word,word,1,590
25,12417,24988,50,kweekt,word,word,1,606
25,25377,24828,50,voegden,word,word,1,933
25,5549,24990,50,ernstig,word,word,1,580
25,7131,24991,50,gerookt,word,word,1,595
25,17905,25032,50,recent,word,word,1,590
25,2581,25033,50,bowling,word,word,1,572
25,9985,24914,50,jantje,word,word,1,707
25,23373,25035,50,tracht,word,word,1,663
25,3715,25036,50,daggen,word,nonword,0,NA
25,22821,24782,50,tel,word,word,1,573
25,10333,24998,50,kampen,word,word,1,684
25,10287,24959,50,kaki's,word,nonword,0,NA
25,27539,24839,50,ziek,word,word,1,699
25,15999,24920,50,ouder,word,word,1,511
25,8779,25002,50,heerser,word,word,1,765
25,25019,24882,50,vijl,word,word,1,567
25,22909,25044,50,terra,word,nonword,0,NA
25,20899,25045,50,speed,word,word,1,NA
25,2403,25046,50,boon,word,word,1,577
25,10357,24886,50,kanons,word,word,1,606
25,3329,24848,50,citaat,word,word,1,474
25,8527,24929,50,halo's,word,nonword,0,NA
25,24351,24997,50,verdeeld,word,word,1,640
25,16241,24890,50,parken,word,nonword,0,NA
25,7651,24931,50,gist,word,nonword,0,NA
25,7461,25013,50,gewaakt,word,word,1,638
25,12701,24772,50,lasten,word,word,1,916
25,18523,25015,50,roker,word,word,1,605
25,5679,25056,50,ezel,word,word,1,669
25,26489,24936,50,welt,word,nonword,0,NA
25,26837,24937,50,wildste,word,word,1,706
25,9583,25019,50,huilden,word,word,1,653
25,17539,25060,50,pruik,word,word,1,650
25,21847,25061,50,stijve,word,word,1,534
25,4289,24902,50,distel,word,word,1,693
25,24055,25063,50,vaker,word,word,1,489
25,26721,25064,50,wierook,word,word,1,588
25,4361,24823,50,doemde,word,word,1,NA
25,11047,24703,50,klerken,word,word,1,730
25,10331,25067,50,kamp,word,word,1,694
25,21269,24947,50,springen,word,word,1,587
25,15397,25069,50,nullen,word,word,1,568
25,9675,25070,50,hutjes,word,word,1,502
25,11693,24707,50,kop,word,word,1,596
25,10791,25072,50,kikken,word,nonword,0,NA
25,9745,25073,50,ijsberg,word,word,1,579
25,12447,24913,50,kwijl,word,word,1,447
25,8361,24711,50,gure,word,word,1,736
25,23691,25076,50,tsaren,word,nonword,0,NA
25,11873,24956,50,krabbel,word,word,1,662
25,10629,25078,50,kerkhofs,word,word,1,888
25,6525,24999,50,gebouwd,word,word,1,631
25,24929,24919,50,vestigt,word,word,1,660
25,5555,25081,50,eros,word,word,1,639
25,7967,24840,50,granaat,word,word,1,NA
25,26435,24719,50,weke,word,nonword,0,NA
25,8697,24720,50,hartjes,word,word,1,810
25,2445,24843,50,border,word,word,1,629
25,7043,24844,50,geoogst,word,word,1,530
25,15953,24723,50,opzij,word,word,1,595
25,5787,24847,50,feetje,word,word,1,454
25,13849,24969,50,maker,word,word,1,587
25,2275,25050,50,boertjes,word,word,1,601
25,23961,24970,50,uren,word,word,1,569
25,26925,24850,50,without,word,nonword,0,NA
25,85,25093,50,aanvaard,word,word,1,576
25,21557,24730,50,station,word,word,1,659
25,6091,24813,50,ford,word,word,1,643
25,10149,25096,50,juichten,word,word,1,503
25,12671,25097,50,lap,word,word,1,713
25,5201,25098,50,dwong,word,word,1,545
25,3751,25059,50,dames,word,word,1,521
25,8371,25100,50,gym,word,word,1,525
25,25951,25101,50,vul,word,word,1,567
25,12471,24780,50,laagje,word,word,1,696
25,7689,24739,50,glazuur,word,word,1,769
25,14417,24862,50,milkshakes,word,word,1,723
25,9699,24863,50,idee,word,word,1,652
25,24539,24742,50,verlang,word,word,1,590
25,5691,24743,50,fabels,word,word,1,603
25,197,25108,50,acnes,word,word,1,665
25,12467,24745,50,laadden,word,word,1,762
25,13527,24746,50,losser,word,nonword,0,NA
25,8173,24747,50,groeien,word,word,1,614
25,14009,25112,50,mat,word,word,1,774
25,5397,25113,50,eitjes,word,word,1,556
25,11805,25114,50,kotsen,word,word,1,748
25,26237,24994,50,was,word,word,1,564
25,26605,24995,50,werktuig,word,word,1,820
25,19091,25117,50,schalde,word,nonword,0,NA
25,20673,25118,50,snor,word,word,1,576
25,24597,25079,50,verminkt,word,word,1,683
25,22569,24716,50,systeem,word,word,1,562
25,3557,24879,50,credo,word,word,1,713
25,5655,25122,50,ex,word,word,1,499
25,22031,24759,50,stoort,word,word,1,NA
25,9701,25003,50,idees,word,word,1,501
25,13217,25004,50,lijkt,word,word,1,518
25,23531,24884,50,triestig,word,word,1,635
25,10289,24763,50,kale,word,word,1,796
25,20233,25088,50,slet,word,word,1,529
25,12321,25089,50,kurken,word,word,1,690
25,14269,25090,50,messieurs,word,nonword,0,NA
25,4229,25131,50,dijtjes,word,nonword,0,NA
25,3091,24768,50,butler,word,word,1,671
25,12835,25133,50,leesbaar,word,word,1,637
25,14625,25134,50,moker,word,nonword,0,NA
25,20153,25095,50,slager,word,word,1,617
25,20129,25136,50,slaappil,word,word,1,588
25,25183,25137,50,vlegels,word,word,1,698
25,311,25017,50,air,word,word,1,597
25,3383,25139,50,clubs,word,word,1,507
25,8627,25140,50,hangt,word,word,1,491
25,26829,25141,50,wild,word,word,1,494
25,27515,24738,50,zeugen,word,word,1,779
25,4049,25022,50,deuken,word,word,1,551
25,11349,25144,50,knikkers,word,word,1,674
25,8517,24903,50,halm,word,word,1,767
25,22181,25146,50,streden,word,word,1,924
25,15065,25147,50,neder,word,nonword,0,NA
25,7153,25148,50,geschat,word,word,1,646
25,3273,25149,50,chemisch,word,word,1,610
25,24855,25150,50,verweerd,word,word,1,559
25,6273,24909,50,fruit,word,word,1,600
25,23725,24788,50,tuinpad,word,word,1,754
25,13803,25153,50,madam,word,word,1,681
25,1721,25154,50,bezweet,word,word,1,643
25,5789,25155,50,feetjes,word,word,1,703
25,1535,24792,50,bestuur,word,word,1,551
25,2669,24793,50,brandstof,word,word,1,695
25,24449,25037,50,vergoed,word,word,1,510
25,18349,25119,50,rijtuig,word,word,1,606
25,17401,25120,50,prikkelt,word,word,1,652
25,20729,25161,50,software,word,word,1,657
25,16463,24798,50,penseel,word,word,1,663
25,21,24799,50,aan,word,word,1,626
25,18067,24800,50,reisde,word,word,1,815
25,6219,24801,50,freules,word,nonword,0,NA
25,18619,25166,50,roofmoord,word,word,1,639
25,15199,25167,50,nichtje,word,word,1,539
25,397,25128,50,alras,word,nonword,0,NA
25,15467,25129,50,oevers,word,word,1,612
25,21395,25049,50,staatsman,word,word,1,902
25,13721,25171,50,maagzweer,word,word,1,612
25,17415,25051,50,primaat,word,word,1,663
25,20051,24809,50,sissend,word,word,1,723
25,7009,25174,50,geneest,word,word,1,583
25,21661,25135,50,stelten,word,word,1,740
25,16823,25176,50,plastiek,word,word,1,532
25,595,25177,50,autist,word,word,1,597
25,2211,25057,50,boedel,word,word,1,616
25,27689,25179,50,zoek,word,word,1,514
25,24727,24816,50,verste,word,word,1,631
25,657,25181,50,baarzen,word,nonword,0,NA
25,14641,24818,50,mollen,word,word,1,577
25,2647,24819,50,branden,word,word,1,671
25,5569,25184,50,ervan,word,word,1,812
25,1461,24821,50,besloeg,word,word,1,NA
25,8097,25186,50,grieve,word,nonword,0,NA
25,22217,25187,50,strekten,word,word,1,967
25,12437,24824,50,kwetsbaar,word,word,1,592
25,21383,25189,50,staatjes,word,word,1,704
25,22047,25190,50,stoplicht,word,word,1,649
25,27909,25191,50,zuigt,word,word,1,470
25,15961,25192,50,orders,word,word,1,537
25,16745,25193,50,placht,word,nonword,0,NA
25,26421,25194,50,weidse,word,word,1,822
25,19933,25074,50,setje,word,word,1,706
25,18327,24832,50,rijndal,word,nonword,0,NA
25,16287,25197,50,passer,word,nonword,0,NA
25,11875,25198,50,krabbels,word,word,1,567
25,21703,25199,50,sterf,word,word,1,486
25,22677,25200,50,tanken,word,word,1,537
26,13110,24701,50,deiden,nonword,nonword,1,649
26,1940,25066,50,brouwe,nonword,nonword,1,1037
26,18526,24703,50,lekers,nonword,nonword,1,854
26,12902,25067,50,beuen,nonword,nonword,1,810
26,11222,24826,50,krechten,nonword,nonword,1,614
26,12086,24706,50,klamde,nonword,word,0,NA
26,19392,24707,50,schin,nonword,nonword,1,486
26,586,24708,50,ooga's,nonword,nonword,1,505
26,8168,25073,50,kroei,nonword,nonword,1,680
26,13048,25074,50,heveld,nonword,nonword,1,530
26,3870,25075,50,pecaat,nonword,nonword,1,498
26,18538,24833,50,milden,nonword,word,0,NA
26,11058,24713,50,kroerboek,nonword,nonword,1,548
26,18688,24835,50,mitten,nonword,nonword,1,1091
26,10820,24836,50,monders,nonword,nonword,1,780
26,21254,24716,50,struitjes,nonword,nonword,1,608
26,22614,24717,50,zawel,nonword,nonword,1,701
26,26098,24718,50,koesje,nonword,nonword,1,870
26,10676,24719,50,hetert,nonword,nonword,1,586
26,226,25084,50,otel,nonword,nonword,1,534
26,1762,24721,50,wief,nonword,nonword,1,600
26,27230,24964,50,padens,nonword,nonword,1,1134
26,8842,24844,50,hijl,nonword,nonword,1,573
26,20944,24966,50,kleer,nonword,word,0,NA
26,20494,24846,50,vroten,nonword,nonword,1,512
26,5186,24726,50,wroeltje,nonword,nonword,1,542
26,6876,25091,50,gelerf,nonword,nonword,1,488
26,25892,24728,50,knolijd,nonword,nonword,1,749
26,19562,25093,50,schos,nonword,nonword,1,475
26,7658,24770,50,gitiel,nonword,nonword,1,548
26,3598,25095,50,fluises,nonword,nonword,1,677
26,27690,25096,50,zijk,nonword,nonword,1,NA
26,18306,25097,50,doeke,nonword,nonword,1,550
26,17230,25098,50,vister,nonword,nonword,1,534
26,18778,24735,50,kiemte,nonword,nonword,1,1060
26,21848,24736,50,stoeme,nonword,nonword,1,719
26,10648,24737,50,kensie,nonword,nonword,1,472
26,19846,25102,50,sefoor,nonword,nonword,1,526
26,25528,24739,50,volstrand,nonword,nonword,1,973
26,19908,24740,50,selve,nonword,nonword,1,524
26,5322,24741,50,eeuwt,nonword,nonword,1,1100
26,8160,24742,50,kleste,nonword,nonword,1,581
26,21604,25107,50,steiltje,nonword,nonword,0,NA
26,9718,24744,50,uiven,nonword,nonword,1,624
26,11062,25109,50,kleiven,nonword,nonword,1,571
26,1174,24867,50,leude,nonword,nonword,1,683
26,21600,24787,50,stoen,nonword,nonword,1,1167
26,15704,24748,50,ontbleet,nonword,nonword,1,531
26,17396,24749,50,pris,nonword,nonword,1,563
26,25094,25114,50,musa,nonword,nonword,1,795
26,16132,24751,50,taring,nonword,nonword,1,748
26,16700,24752,50,zasten,nonword,nonword,1,948
26,17910,25117,50,deses,nonword,nonword,1,476
26,25634,24754,50,vooram,nonword,nonword,1,466
26,26860,24755,50,wolt,nonword,nonword,1,614
26,5632,24756,50,oster,nonword,nonword,1,610
26,9898,24878,50,invem,nonword,nonword,1,478
26,5786,24879,50,foortmaal,nonword,nonword,1,465
26,5754,25123,50,fekten,nonword,nonword,1,723
26,9864,24760,50,incheg,nonword,nonword,1,511
26,10176,24761,50,cungie,nonword,nonword,1,481
26,3012,25004,50,beisjes,nonword,nonword,1,900
26,22990,24763,50,tinkem,nonword,nonword,1,519
26,26036,24764,50,heende,nonword,nonword,1,759
26,11420,24886,50,sniffel,nonword,word,0,NA
26,26832,25130,50,rulde,nonword,nonword,1,552
26,150,25009,50,abras,nonword,nonword,1,487
26,12068,24889,50,brijgen,nonword,nonword,1,546
26,12832,24890,50,haarzaam,nonword,nonword,1,562
26,22070,25052,50,stoms,nonword,word,0,NA
26,64,24771,50,uitrecht,nonword,nonword,1,1059
26,20994,25014,50,klenen,nonword,nonword,1,599
26,2178,25137,50,habby,nonword,nonword,1,629
26,20128,24774,50,braap,nonword,nonword,1,533
26,6472,24936,50,gabat,nonword,nonword,1,810
26,2342,25018,50,bemen,nonword,nonword,1,573
26,15282,24777,50,gede,nonword,nonword,1,649
26,17226,24778,50,pastchechts,nonword,nonword,1,629
26,7794,24819,50,ginkbeeld,nonword,nonword,1,567
26,16460,24901,50,penki's,nonword,nonword,1,530
26,3718,24781,50,wadje,nonword,nonword,1,547
26,25376,25146,50,veemde,nonword,nonword,1,584
26,100,24783,50,aanpunst,nonword,nonword,1,1010
26,5458,25148,50,esnin,nonword,nonword,1,487
26,24258,25149,50,verns,nonword,nonword,1,601
26,16196,24947,50,pano's,nonword,nonword,1,763
26,11250,24827,50,gruben,nonword,nonword,1,499
26,15550,24788,50,orschroof,nonword,nonword,1,518
26,8528,24789,50,haga's,nonword,nonword,1,551
26,7250,24790,50,gedraasd,nonword,nonword,1,759
26,22386,24791,50,stroosje,nonword,nonword,1,782
26,234,24913,50,eker,nonword,word,0,NA
26,3574,25157,50,clisas,nonword,nonword,1,540
26,8430,24794,50,luurden,nonword,nonword,0,NA
26,7088,24795,50,geblukt,nonword,nonword,1,693
26,10250,24796,50,rootsen,nonword,nonword,1,496
26,18838,24837,50,ritsvee,nonword,nonword,1,546
26,18754,24959,50,puikt,nonword,word,0,NA
26,6640,24799,50,naastes,nonword,word,0,NA
26,13400,24840,50,hokees,nonword,nonword,1,528
26,5132,25165,50,kierste,nonword,nonword,1,NA
26,6040,24923,50,twior,nonword,nonword,1,608
26,18452,24803,50,roeimaat,nonword,word,0,NA
26,2082,24804,50,blaamput,nonword,nonword,1,680
26,5270,24926,50,aans,nonword,nonword,1,736
26,10684,24806,50,kau,nonword,nonword,1,579
26,8320,24807,50,krole,nonword,nonword,1,577
26,8184,24808,50,broeze,nonword,nonword,1,703
26,19536,24809,50,schooistoers,nonword,nonword,1,553
26,10642,25092,50,kelg,nonword,nonword,1,507
26,23372,25053,50,vlaartjes,nonword,nonword,1,613
26,850,25176,50,ber,nonword,nonword,1,511
26,5592,24813,50,eksen,nonword,nonword,1,771
26,2588,25178,50,hox,nonword,nonword,1,669
26,5630,24855,50,irtje,nonword,nonword,1,463
26,13420,24816,50,hollo's,nonword,nonword,1,561
26,7432,25180,50,geblecht,nonword,nonword,1,528
26,22294,25182,50,strompen,nonword,nonword,1,579
26,27742,24899,50,zarbie,nonword,nonword,1,538
26,24034,25184,50,vucht,nonword,nonword,1,516
26,14892,25185,50,woertjes,nonword,nonword,1,534
26,648,25186,50,boostjes,nonword,nonword,1,726
26,810,24823,50,hantje,nonword,nonword,1,553
26,20266,24824,50,brijzen,nonword,nonword,1,665
26,4070,25188,50,moergat,nonword,word,0,NA
26,26510,25108,50,linding,nonword,nonword,1,671
26,7890,24988,50,noze,nonword,nonword,1,621
26,1628,24828,50,bedoept,nonword,nonword,1,581
26,3594,24829,50,flucieus,nonword,nonword,1,612
26,5730,24830,50,fams,nonword,nonword,1,528
26,5500,25195,50,onen,nonword,nonword,1,659
26,12326,25196,50,dukje,nonword,nonword,1,767
26,20074,24954,50,dweiks,nonword,nonword,1,452
26,13426,24834,50,hospe,nonword,nonword,1,NA
26,18338,24956,50,roefheid,nonword,nonword,1,507
26,1124,25037,50,bebrenst,nonword,nonword,1,469
26,8646,24877,50,werde,nonword,nonword,1,442
26,15722,24999,50,ontgrak,nonword,nonword,1,564
26,19082,24960,50,schilten,nonword,nonword,1,NA
26,15332,24880,50,noodsloet,nonword,nonword,1,405
26,27722,24841,50,puite,nonword,nonword,1,593
26,14386,24963,50,pijt,nonword,nonword,1,509
26,18154,25124,50,reskoet,nonword,nonword,1,492
26,27080,24884,50,meeden,nonword,word,0,NA
26,14862,24885,50,kurw,nonword,nonword,1,658
26,494,24967,50,amplaas,nonword,nonword,1,552
26,14716,24968,50,vop,nonword,nonword,1,503
26,11278,24848,50,snippe,nonword,nonword,1,612
26,19100,24970,50,schewen,nonword,nonword,1,448
26,15726,24930,50,ontdanche,nonword,nonword,1,486
26,5614,25012,50,opler,nonword,nonword,1,685
26,15304,24852,50,nig,nonword,nonword,1,618
26,14834,24853,50,wuis,nonword,nonword,1,504
26,16622,24894,50,tijlen,nonword,nonword,1,752
26,10282,24895,50,kaseet,nonword,nonword,1,600
26,3980,24977,50,dildbeeld,nonword,nonword,1,528
26,16764,24857,50,blekjes,nonword,nonword,1,562
26,5534,24979,50,asker,nonword,nonword,1,591
26,13562,24939,50,ligaal,nonword,word,0,NA
26,13676,24860,50,bistig,nonword,nonword,1,1022
26,15660,25061,50,ontdoeld,nonword,nonword,1,553
26,9212,24942,50,loevig,nonword,nonword,1,571
26,15302,24863,50,noomt,nonword,nonword,1,802
26,8804,24985,50,liette,nonword,nonword,1,1006
26,5340,25147,50,oe,nonword,nonword,1,551
26,18630,24906,50,reekt,nonword,nonword,1,584
26,4574,25027,50,doorgees,nonword,nonword,1,532
26,11580,24908,50,coviek,nonword,nonword,1,459
26,16856,24869,50,proegde,nonword,nonword,1,601
26,10624,24991,50,kalker,nonword,nonword,1,654
26,7722,24992,50,wrimp,nonword,nonword,1,650
26,18336,24872,50,koeper,nonword,nonword,1,688
26,5028,24873,50,tuik,nonword,nonword,1,506
26,14708,25116,50,woor,nonword,nonword,1,658
26,11600,24875,50,pomt,nonword,nonword,1,488
26,16284,25077,50,tissen,nonword,nonword,1,545
26,24914,24917,50,verboemd,nonword,nonword,1,599
26,28010,25200,50,vlikker,nonword,nonword,1,693
26,24120,25000,50,valeet,nonword,nonword,1,691
26,22234,25081,50,strinser,nonword,nonword,1,643
26,17302,24881,50,treters,nonword,nonword,1,458
26,17264,24882,50,prooise,nonword,nonword,1,541
26,16782,25057,50,blonkje,nonword,nonword,1,1058
26,26892,24924,50,winstmeet,nonword,nonword,1,510
26,25622,24925,50,voorvank,nonword,nonword,1,511
26,18774,25128,50,roepschoots,nonword,nonword,1,768
26,20884,25008,50,specubs,nonword,nonword,1,567
26,5228,25141,50,eflime,nonword,nonword,1,559
26,19578,24929,50,schet,nonword,nonword,1,951
26,15650,25171,50,ontmaan,nonword,nonword,1,654
26,19598,25173,50,scheeden,nonword,nonword,1,655
26,102,24945,50,eerzet,nonword,nonword,1,620
26,17884,24933,50,maube,nonword,nonword,1,572
26,15652,24934,50,ontmang,nonword,nonword,1,572
26,122,24935,50,eelde,nonword,nonword,1,NA
26,23844,24909,50,wroegjes,nonword,word,0,NA
26,8850,25058,50,leils,nonword,nonword,1,669
26,9420,24911,50,haadstens,nonword,nonword,1,618
26,21164,25033,50,greerlijn,nonword,nonword,1,651
26,24600,24940,50,vervets,nonword,nonword,1,904
26,21782,24914,50,stempten,nonword,nonword,1,533
26,15298,24955,50,nijner,nonword,nonword,1,473
26,19332,24903,50,schouden,nonword,nonword,1,678
26,7306,25025,50,gestraafd,nonword,nonword,1,592
26,18282,25159,50,nij,nonword,nonword,1,555
26,1630,25187,50,beverft,nonword,nonword,1,543
26,27286,24973,50,tolmpjes,nonword,nonword,1,683
26,14272,24961,50,mert,nonword,nonword,1,606
26,10296,25043,50,martjes,nonword,nonword,1,556
26,15244,24910,50,noorntjes,nonword,nonword,1,572
26,17418,24950,50,primesk,nonword,nonword,1,453
26,12798,25045,50,heent,nonword,nonword,1,526
26,10474,25034,50,hat,nonword,word,0,NA
26,25724,24927,50,voch,nonword,nonword,1,617
26,23654,24994,50,troudt,nonword,nonword,1,482
26,20900,24996,50,kreed,nonword,nonword,1,921
26,9474,25158,50,heeuwtje,nonword,nonword,1,955
26,12970,25172,50,poren,nonword,nonword,1,794
26,25246,25106,50,pronder,nonword,nonword,1,536
26,3144,25105,50,canks,nonword,nonword,1,618
26,3048,25064,50,buft,nonword,nonword,1,592
26,12376,25055,50,kwil,nonword,nonword,1,625
26,6558,24976,50,gevangd,nonword,nonword,1,727
26,2298,25016,50,homen,nonword,nonword,1,571
26,4026,25072,50,pestin,nonword,nonword,1,535
26,9106,25168,50,hoeram,nonword,nonword,1,642
26,25812,25020,50,vrieuwste,nonword,nonword,1,505
26,5874,25060,50,sule,nonword,nonword,1,570
26,17854,24969,50,rup,nonword,nonword,1,760
26,5218,25090,50,icht,nonword,nonword,1,485
26,12092,24944,50,bramming,nonword,nonword,1,557
26,6286,24984,50,noeken,nonword,nonword,1,541
26,22752,25145,50,cochniek,nonword,nonword,1,686
26,20230,25177,50,kreutjes,nonword,nonword,1,607
26,11868,25001,50,slaartjes,nonword,nonword,1,581
26,972,25029,50,bevakt,nonword,nonword,1,582
26,7614,25082,50,goe,nonword,nonword,1,718
26,15248,25115,50,zipil,nonword,nonword,1,529
26,6574,24952,50,gevoekt,nonword,nonword,1,542
26,9784,25154,50,iccens,nonword,nonword,1,598
26,19786,25153,50,schilen,nonword,nonword,1,600
26,21130,24943,50,grieltje,nonword,nonword,1,874
26,27972,25063,50,zwaamt,nonword,nonword,1,611
26,5744,25002,50,sapes,nonword,nonword,1,500
26,8854,25193,50,houdzaam,nonword,nonword,1,NA
26,16932,25031,50,prons,nonword,nonword,1,519
26,9460,25113,50,daarde,nonword,nonword,1,688
26,8304,25197,50,klusse,nonword,nonword,1,869
26,14224,25152,50,mip,nonword,nonword,1,536
26,22529,24868,50,suprème,word,word,1,886
26,25983,24747,50,vuurpijl,word,word,1,514
26,7939,24898,50,graantjes,word,word,1,570
26,15883,24854,50,opent,word,word,1,826
26,22381,24862,50,struik,word,word,1,446
26,11129,24779,50,klink,word,word,1,465
26,21485,24722,50,standje,word,word,1,486
26,8429,24919,50,haarden,word,word,1,631
26,5309,24811,50,eetbaar,word,word,1,454
26,3003,24800,50,buik,word,word,1,508
26,20739,24907,50,sokken,word,word,1,455
26,24495,24892,50,verkeer,word,word,1,500
26,20875,24762,50,spatten,word,word,1,484
26,5833,24723,50,fier,word,word,1,489
26,1857,24817,50,bips,word,word,1,672
26,8487,24948,50,hakte,word,word,1,546
26,19681,24767,50,schrijft,word,word,1,450
26,25091,24928,50,vis,word,word,1,534
26,25315,24902,50,vlotje,word,word,1,483
26,26435,24859,50,weke,word,nonword,0,NA
26,4861,24797,50,droeg,word,word,1,450
26,22945,24798,50,teven,word,nonword,0,NA
26,13445,24786,50,loodrecht,word,word,1,509
26,479,24920,50,antwoord,word,word,1,644
26,12189,24974,50,kruisten,word,word,1,598
26,19507,24775,50,schooldag,word,word,1,502
26,9631,24776,50,hulpbron,word,word,1,520
26,6287,24843,50,fuiven,word,word,1,592
26,23195,24724,50,toetjes,word,word,1,538
26,11531,24845,50,kogel,word,word,1,443
26,4135,24861,50,diende,word,word,1,475
26,6993,24847,50,gemoed,word,word,1,449
26,20455,24768,50,smaragd,word,word,1,485
26,24825,24730,50,vervoerd,word,word,1,772
26,23481,24851,50,treft,word,word,1,489
26,6391,24838,50,gamma,word,word,1,578
26,24201,24772,50,veeltje,word,nonword,0,NA
26,4749,24705,50,drama's,word,word,1,582
26,9665,24746,50,huren,word,word,1,429
26,21969,24802,50,stolp,word,word,1,614
26,24845,24856,50,verwacht,word,word,1,529
26,22213,24978,50,strekt,word,word,1,560
26,2371,24858,50,bontjas,word,word,1,657
26,8251,24725,50,grondplan,word,word,1,475
26,20893,24780,50,speech,word,word,1,597
26,25125,24982,50,vlaag,word,word,1,524
26,3565,24715,50,crème,word,word,1,594
26,22993,24957,50,tics,word,nonword,0,NA
26,1251,24972,50,beleefd,word,word,1,423
26,10889,24704,50,klak,word,word,1,650
26,4509,24758,50,doodziek,word,word,1,495
26,13803,24921,50,madam,word,word,1,416
26,14395,24949,50,mikken,word,word,1,466
26,15171,24990,50,neus,word,word,1,459
26,22339,24883,50,stroomde,word,word,1,542
26,3009,24965,50,buikje,word,word,1,518
26,11999,24953,50,kreunend,word,word,1,783
26,4935,24712,50,drop,word,word,1,782
26,13841,24915,50,majors,word,word,1,517
26,23099,24888,50,tin,word,word,1,446
26,23717,24769,50,tuinbouw,word,word,1,648
26,12385,24918,50,kwamen,word,word,1,469
26,27775,24757,50,zone,word,word,1,576
26,20575,25013,50,sneetje,word,word,1,567
26,20379,24893,50,slotsom,word,word,1,711
26,3223,24975,50,cent,word,word,1,468
26,23405,24842,50,trainer,word,word,1,527
26,27991,25017,50,zwaarste,word,word,1,474
26,6313,24897,50,fuut,word,nonword,0,NA
26,3625,25006,50,cuts,word,word,1,534
26,9285,24765,50,hokjes,word,word,1,478
26,19337,24887,50,scheve,word,word,1,576
26,4461,25022,50,donors,word,word,1,510
26,12577,24983,50,lakens,word,word,1,508
26,17143,24850,50,poort,word,word,1,469
26,7635,24891,50,gingen,word,word,1,466
26,25685,24986,50,voorts,word,word,1,572
26,26649,24866,50,westkust,word,word,1,489
26,23347,25028,50,tournee,word,word,1,517
26,8953,24989,50,hengsten,word,word,1,539
26,5185,25030,50,dweiltje,word,word,1,469
26,2499,24870,50,bossen,word,word,1,406
26,21433,25019,50,staken,word,word,1,603
26,16225,24900,50,parel,word,word,1,425
26,15933,24941,50,optiek,word,word,1,522
26,14941,24874,50,naampje,word,word,1,652
26,26931,24876,50,witte,word,word,1,538
26,12707,24997,50,lat,word,word,1,795
26,22377,24865,50,strozak,word,word,1,538
26,19471,25039,50,schold,word,word,1,524
26,5607,25040,50,eten,word,word,1,397
26,24227,25041,50,veertje,word,word,1,483
26,19563,24962,50,schorre,word,word,1,524
26,27459,24922,50,zelve,word,word,1,661
26,4431,25044,50,domme,word,word,1,475
26,16991,25005,50,plussen,word,word,1,550
26,19009,24993,50,scepters,word,word,1,614
26,22523,24792,50,summum,word,word,1,660
26,26889,25048,50,winsten,word,word,1,550
26,9363,25049,50,hoofd,word,word,1,374
26,10431,24849,50,karren,word,word,1,465
26,609,24998,50,baadde,word,nonword,0,NA
26,7205,24810,50,gesleept,word,word,1,633
26,16947,24932,50,plooitjes,word,word,1,658
26,13587,25054,50,luchtvaart,word,word,1,578
26,14741,25015,50,morgen,word,word,1,388
26,21043,24896,50,spijker,word,word,1,437
26,5637,24815,50,etuis,word,word,1,862
26,23725,24937,50,tuinpad,word,word,1,527
26,21901,25046,50,stoeien,word,word,1,382
26,20625,24805,50,snikkend,word,word,1,530
26,21887,24981,50,stinkers,word,word,1,457
26,837,25062,50,bankjes,word,word,1,697
26,12157,25023,50,kruintjes,word,word,1,623
26,21895,25011,50,stipt,word,word,1,441
26,26333,24904,50,weer,word,word,1,432
26,22821,24905,50,tel,word,word,1,452
26,1881,24825,50,bitters,word,word,1,517
26,5795,25068,50,feite,word,word,1,558
26,3037,25069,50,buizerds,word,word,1,638
26,10897,25070,50,klam,word,word,1,682
26,9819,25071,50,indruk,word,word,1,484
26,2545,24938,50,boutje,word,word,1,784
26,5067,24980,50,duitsers,word,word,1,669
26,2617,24710,50,braambes,word,word,1,758
26,23505,25035,50,trekkers,word,word,1,594
26,453,25036,50,angst,word,word,1,432
26,27655,24714,50,zitje,word,word,1,612
26,6151,25078,50,fragment,word,word,1,657
26,18425,24958,50,robuust,word,word,1,641
26,8549,25080,50,halzen,word,word,1,847
26,23113,24839,50,tips,word,word,1,545
26,7985,25042,50,grapje,word,word,1,373
26,19611,25083,50,schoven,word,word,1,599
26,17021,24720,50,poep,word,word,1,552
26,16771,25085,50,plan,word,word,1,470
26,5651,24709,50,ever,word,nonword,0,NA
26,2031,25087,50,blocnote,word,nonword,0,NA
26,5485,25088,50,epos,word,word,1,714
26,589,25089,50,aura's,word,word,1,482
26,4215,25010,50,dij,word,word,1,554
26,23489,24727,50,treinreis,word,word,1,558
26,15259,24971,50,nimf,word,word,1,852
26,1393,24729,50,bermen,word,word,1,565
26,8205,25094,50,groeps,word,nonword,0,NA
26,5875,24731,50,files,word,word,1,524
26,5993,24732,50,flinke,word,word,1,476
26,7909,24733,50,goudkust,word,word,1,702
26,14629,24734,50,mokka,word,word,1,632
26,25269,25086,50,vloeiend,word,word,1,649
26,2317,25100,50,bolle,word,word,1,511
26,17701,25021,50,raadsman,word,word,1,475
26,23611,24738,50,troosten,word,word,1,492
26,18079,25103,50,reizen,word,word,1,462
26,5615,25104,50,ethers,word,word,1,737
26,7131,25065,50,gerookt,word,word,1,558
26,19853,24864,50,seinde,word,word,1,903
26,27563,24743,50,zieltje,word,word,1,628
26,18367,24987,50,rilling,word,word,1,458
26,14527,24745,50,mits,word,word,1,525
26,3307,25110,50,cider,word,word,1,585
26,14773,25111,50,motel,word,word,1,424
26,20811,25099,50,spaak,word,word,1,710
26,26533,24871,50,wensjes,word,word,1,828
26,625,24750,50,baaltjes,word,word,1,NA
26,17953,24711,50,records,word,word,1,526
26,4407,24995,50,dolf,word,word,1,453
26,19847,24753,50,sedert,word,word,1,563
26,2141,25118,50,blote,word,word,1,527
26,22847,25119,50,temmen,word,word,1,528
26,22573,25120,50,taaie,word,word,1,449
26,22229,25121,50,strenge,word,word,1,532
26,2795,25122,50,britsen,word,nonword,0,NA
26,10895,24759,50,klakte,word,word,1,561
26,8829,25003,50,hei,word,word,1,582
26,7563,25125,50,gêne,word,word,1,685
26,11093,25126,50,klieren,word,word,1,824
26,7805,25127,50,goeddeels,word,word,1,845
26,6425,25007,50,garde,word,word,1,519
26,769,25129,50,ballet,word,word,1,535
26,17031,24766,50,poepjes,word,word,1,529
26,15773,25131,50,oogarts,word,word,1,520
26,8453,25132,50,haasten,word,word,1,649
26,12983,25133,50,leste,word,nonword,0,NA
26,23447,25134,50,trapten,word,word,1,525
26,15287,25135,50,nodigt,word,word,1,685
26,17805,25136,50,ramen,word,word,1,616
26,21395,24773,50,staatsman,word,word,1,666
26,26131,25138,50,wak,word,nonword,0,NA
26,8273,25139,50,grootjes,word,nonword,0,NA
26,653,25140,50,baartje,word,nonword,0,NA
26,22355,25101,50,stropdas,word,word,1,509
26,5349,25142,50,eikel,word,word,1,510
26,21431,25143,50,stak,word,word,1,607
26,1527,25144,50,bestreek,word,word,1,893
26,5935,25024,50,flank,word,word,1,443
26,11013,24782,50,kleinkind,word,word,1,546
26,7927,25026,50,graag,word,word,1,382
26,27815,24784,50,zoon,word,word,1,559
26,6743,24785,50,geile,word,word,1,558
26,18529,25150,50,rokjes,word,word,1,503
26,24025,25151,50,vaatdoek,word,word,1,586
26,27963,25112,50,zwaaide,word,word,1,445
26,11379,25032,50,knokkel,word,word,1,473
26,13493,24912,50,loos,word,word,1,407
26,14547,25155,50,modem,word,word,1,612
26,23905,25156,50,uitkijk,word,word,1,689
26,4101,24793,50,dichter,word,word,1,495
26,20261,24916,50,slijk,word,word,1,951
26,23637,25038,50,trouwdag,word,word,1,456
26,11983,25160,50,kremlin,word,nonword,0,NA
26,8653,25161,50,hardop,word,word,1,NA
26,6943,25162,50,geloofd,word,word,1,589
26,4299,25163,50,dito,word,word,1,699
26,3429,25164,50,col,word,word,1,NA
26,5973,24801,50,flauwtjes,word,word,1,550
26,10529,25166,50,keertje,word,word,1,577
26,13081,25167,50,lichting,word,word,1,463
26,27819,25047,50,zoontje,word,word,1,517
26,21467,25169,50,stampte,word,word,1,541
26,10345,25170,50,kaneel,word,word,1,525
26,27939,25050,50,zuren,word,word,1,604
26,14133,25051,50,meien,word,nonword,0,NA
26,793,24931,50,bamboes,word,word,1,NA
26,20247,25174,50,sleutel,word,word,1,507
26,23875,25175,50,uil,word,word,1,493
26,6593,24812,50,gedrenkt,word,word,1,697
26,20743,25056,50,soldaat,word,word,1,414
26,8541,24814,50,halte,word,word,1,442
26,459,25179,50,angstzweet,word,word,1,728
26,16003,25059,50,oudheid,word,word,1,521
26,6803,25181,50,gekleed,word,word,1,497
26,1969,24818,50,blies,word,word,1,652
26,15105,25183,50,nek,word,word,1,466
26,7627,24820,50,gin,word,word,1,518
26,1607,24821,50,bevat,word,word,1,472
26,5151,24822,50,duwtjes,word,word,1,587
26,4637,24702,50,dorstig,word,word,1,483
26,11819,24946,50,kousen,word,word,1,490
26,9127,25189,50,hijgend,word,word,1,NA
26,5171,25190,50,dwangsom,word,word,1,NA
26,8749,25191,50,hechting,word,word,1,573
26,23749,25192,50,tumors,word,word,1,507
26,25487,24951,50,volheid,word,word,1,409
26,26997,25194,50,wonden,word,word,1,547
26,22839,24831,50,tellers,word,word,1,625
26,14561,24832,50,moed,word,word,1,445
26,7159,25076,50,geschetst,word,word,1,628
26,10035,25198,50,jeugdig,word,word,1,585
26,8711,25199,50,have,word,nonword,0,NA
26,14997,25079,50,nagaan,word,word,1,476
27,14552,24701,50,modail,nonword,nonword,1,473
27,10720,25066,50,wooboards,nonword,nonword,1,579
27,3766,24703,50,ranfing,nonword,nonword,1,523
27,2486,25189,50,hesbes,nonword,nonword,1,685
27,9820,25069,50,inblak,nonword,nonword,1,684
27,1592,24706,50,leul,nonword,nonword,1,506
27,26122,24828,50,dabels,nonword,nonword,1,557
27,27650,25072,50,zis,nonword,nonword,1,504
27,16498,25073,50,derton,nonword,nonword,1,522
27,12428,24831,50,smerde,nonword,nonword,1,809
27,14600,24711,50,riertjes,nonword,nonword,1,608
27,4134,24712,50,dookblad,nonword,nonword,1,605
27,22454,25076,50,kluur,nonword,nonword,1,604
27,18008,24956,50,moutje,nonword,nonword,1,669
27,23068,24715,50,nakken,nonword,nonword,1,593
27,6624,25080,50,geels,nonword,nonword,1,799
27,21960,25081,50,starte,nonword,nonword,1,NA
27,14674,24718,50,monfiel,nonword,nonword,1,877
27,20646,25083,50,vloep,nonword,nonword,1,571
27,17312,25002,50,proolstoel,nonword,nonword,1,540
27,21378,25085,50,steert,nonword,nonword,1,923
27,10488,25086,50,katpus,nonword,nonword,1,620
27,2042,25087,50,bloedbrak,nonword,nonword,1,729
27,23352,24845,50,teurs,nonword,nonword,1,658
27,1428,24846,50,beschard,nonword,nonword,1,702
27,4680,24726,50,braag,nonword,nonword,1,550
27,21348,24848,50,stuugje,nonword,nonword,1,718
27,6938,24728,50,gerord,nonword,nonword,1,597
27,20896,24971,50,greebren,nonword,nonword,1,679
27,10250,25094,50,rootsen,nonword,nonword,1,857
27,6150,24892,50,snecties,nonword,nonword,1,1034
27,23054,24974,50,zuien,nonword,nonword,1,631
27,16324,25097,50,malent,nonword,nonword,1,579
27,9106,25098,50,hoeram,nonword,nonword,1,689
27,25242,24735,50,zwijt,nonword,nonword,1,705
27,4848,24736,50,drengt,nonword,nonword,1,620
27,198,25101,50,azzes,nonword,nonword,1,787
27,24082,24738,50,dilken,nonword,nonword,1,674
27,13664,25102,50,wus,nonword,nonword,1,569
27,9068,24861,50,hijf,nonword,nonword,1,512
27,19444,24902,50,stroen,nonword,nonword,1,566
27,27356,25106,50,ziep,nonword,nonword,1,539
27,9232,24743,50,bijpels,nonword,nonword,1,681
27,1604,24865,50,bemil,nonword,nonword,1,640
27,20288,24745,50,bremme,nonword,nonword,1,643
27,4920,24746,50,draam,nonword,nonword,1,607
27,13548,24989,50,dotas,nonword,nonword,1,565
27,24838,24748,50,vervraart,nonword,nonword,1,1114
27,25120,24991,50,bimaal,nonword,nonword,1,NA
27,11718,24750,50,rappig,nonword,nonword,1,690
27,16536,24751,50,teuk,nonword,word,0,NA
27,16270,25116,50,vapen,nonword,nonword,1,546
27,5480,24874,50,engrijs,nonword,nonword,1,710
27,9688,24996,50,lumde,nonword,nonword,1,770
27,17322,24755,50,preu,nonword,nonword,1,551
27,21548,24877,50,stontte,nonword,nonword,1,681
27,11212,24757,50,klarten,nonword,nonword,1,581
27,28160,24758,50,plotser,nonword,nonword,1,866
27,8728,24759,50,bealy,nonword,nonword,1,630
27,21422,24800,50,statchern,nonword,nonword,1,770
27,6896,24882,50,galmstuk,nonword,nonword,1,634
27,3484,25126,50,cenka,nonword,nonword,1,618
27,25724,24884,50,voch,nonword,nonword,1,675
27,22884,24764,50,henzee,nonword,nonword,1,561
27,22116,24765,50,strierden,nonword,nonword,1,672
27,1390,25129,50,hestje,nonword,nonword,1,NA
27,23710,25009,50,teft,nonword,nonword,1,533
27,17620,24768,50,puw,nonword,nonword,1,605
27,8324,25133,50,gribde,nonword,nonword,1,582
27,10244,25134,50,roesje,nonword,nonword,1,773
27,27960,25175,50,zuurstuw,nonword,nonword,1,632
27,24898,24772,50,verreekt,nonword,nonword,1,693
27,10486,24773,50,kokten,nonword,nonword,1,783
27,4552,24774,50,koormaan,nonword,nonword,1,726
27,14114,25139,50,meeld,nonword,nonword,1,675
27,6700,24776,50,gehiend,nonword,nonword,1,598
27,2046,24898,50,vlijdend,nonword,nonword,1,619
27,5418,24899,50,erben,nonword,nonword,1,536
27,162,24779,50,adgent,nonword,nonword,1,594
27,16120,25144,50,penten,nonword,nonword,1,764
27,13978,25022,50,marlin,nonword,nonword,1,685
27,14222,24903,50,medurg,nonword,nonword,1,501
27,24404,24783,50,vergroont,nonword,nonword,1,820
27,25014,25026,50,vuiltig,nonword,nonword,1,717
27,23256,24785,50,roveel,nonword,nonword,1,540
27,7398,24907,50,genucht,nonword,nonword,1,690
27,1758,24908,50,loertje,nonword,nonword,1,588
27,4258,24788,50,mizar,nonword,nonword,1,706
27,22146,24789,50,strafluit,nonword,nonword,1,1019
27,27418,24790,50,tielboot,nonword,nonword,1,552
27,21044,24791,50,kroeker,nonword,nonword,1,520
27,18760,24792,50,dielen,nonword,nonword,1,554
27,17212,25035,50,zope,nonword,nonword,1,536
27,25682,24794,50,voostmaan,nonword,nonword,1,921
27,2062,24795,50,plaaien,nonword,nonword,1,1098
27,24584,25160,50,verwaald,nonword,nonword,1,1141
27,25784,24918,50,zwamen,nonword,nonword,1,1055
27,3230,24919,50,juntjes,nonword,nonword,1,667
27,14426,24799,50,mils,nonword,nonword,1,579
27,10474,24840,50,hat,nonword,nonword,1,508
27,3904,24801,50,meinse,nonword,nonword,1,710
27,10948,25044,50,frissiek,nonword,word,0,NA
27,19480,25167,50,schezing,nonword,nonword,1,545
27,8152,24804,50,grippig,nonword,nonword,1,617
27,14202,25169,50,kezing,nonword,nonword,1,589
27,9000,24927,50,tervas,nonword,nonword,1,606
27,21544,24928,50,startwant,nonword,nonword,1,860
27,4202,25090,50,waartje,nonword,nonword,1,713
27,13238,24809,50,hiester,nonword,nonword,1,631
27,13650,24810,50,buf,nonword,nonword,1,610
27,3342,24851,50,divoel,nonword,nonword,1,646
27,2708,25013,50,sleude,nonword,nonword,1,810
27,27094,24813,50,twikken,nonword,nonword,1,856
27,5828,25178,50,loctief,nonword,nonword,1,1037
27,21398,24815,50,staardzecht,nonword,nonword,1,619
27,12878,24816,50,heid,nonword,nonword,1,841
27,12378,25181,50,snaven,nonword,nonword,1,855
27,26990,25182,50,kilven,nonword,nonword,1,571
27,26796,24819,50,doontje,nonword,nonword,1,NA
27,8930,24820,50,hern,nonword,nonword,1,926
27,13168,24941,50,hievends,nonword,nonword,1,591
27,818,24822,50,bonse,nonword,nonword,1,567
27,22036,24823,50,stuikje,nonword,nonword,1,661
27,20200,25188,50,brichte,nonword,nonword,1,625
27,4760,24946,50,slonkjes,nonword,nonword,1,855
27,12804,25190,50,woerde,nonword,nonword,1,552
27,27076,24827,50,rou,nonword,nonword,1,574
27,20732,25029,50,foha,nonword,nonword,1,894
27,282,24829,50,amschaak,nonword,nonword,1,652
27,26228,24830,50,kermste,nonword,nonword,1,919
27,8480,24952,50,nak,nonword,nonword,1,984
27,12574,25196,50,lagoe,nonword,nonword,1,650
27,20666,25075,50,knootje,nonword,nonword,1,590
27,16222,24995,50,parteus,nonword,nonword,1,613
27,3822,24915,50,worren,nonword,nonword,1,596
27,1464,24836,50,bevroon,nonword,nonword,1,704
27,14066,24837,50,kee,nonword,nonword,1,505
27,1236,24959,50,bekweeg,nonword,nonword,1,961
27,16680,24839,50,rint,nonword,nonword,1,657
27,17382,24880,50,plooster,nonword,nonword,1,1142
27,17528,25163,50,plestaat,nonword,nonword,1,754
27,21480,25003,50,standoorns,nonword,nonword,1,780
27,24278,24964,50,donkel,nonword,nonword,1,651
27,19208,24844,50,schergwaard,nonword,nonword,1,646
27,8490,24885,50,barten,nonword,nonword,1,685
27,23842,24886,50,dweigje,nonword,nonword,1,888
27,24380,25007,50,verklaf,nonword,nonword,1,673
27,4214,25128,50,dirfeus,nonword,nonword,1,NA
27,26818,24889,50,dijne,nonword,nonword,1,530
27,27100,24890,50,clat,nonword,nonword,1,611
27,24700,24891,50,vervreeg,nonword,nonword,1,672
27,26528,24932,50,weng,nonword,nonword,1,573
27,12322,24893,50,mulken,nonword,nonword,1,567
27,12210,24975,50,slillen,nonword,nonword,1,659
27,3284,24855,50,spidees,nonword,nonword,1,696
27,3016,24856,50,beetwand,nonword,nonword,1,1058
27,18608,24897,50,pood,nonword,nonword,1,838
27,2962,24979,50,hustets,nonword,nonword,1,626
27,24412,24859,50,velp,nonword,nonword,1,669
27,2620,25021,50,brucht,nonword,nonword,1,659
27,16884,25061,50,dreit,nonword,nonword,1,572
27,24116,25183,50,vansier,nonword,nonword,1,570
27,26442,24863,50,rokker,nonword,nonword,1,1179
27,2414,24864,50,heerde,nonword,nonword,1,NA
27,6496,25187,50,gepesk,nonword,nonword,1,729
27,8622,24987,50,hartvast,nonword,nonword,1,872
27,21538,25028,50,stitten,nonword,nonword,1,643
27,23564,25082,50,prijpen,nonword,nonword,1,655
27,6464,24869,50,sauw,nonword,nonword,1,628
27,14236,25112,50,mern,nonword,nonword,1,663
27,15796,24911,50,eekwenk,nonword,nonword,1,573
27,16052,24993,50,taam,nonword,nonword,1,604
27,13110,24873,50,deiden,nonword,nonword,1,550
27,23380,25156,50,blichtten,nonword,nonword,1,616
27,23040,25115,50,tookloos,nonword,nonword,1,579
27,25478,24876,50,valsen,nonword,nonword,1,1020
27,1832,25038,50,bijpoen,nonword,nonword,1,757
27,3104,24878,50,haarman,nonword,nonword,1,659
27,17416,25121,50,privaan,nonword,nonword,1,960
27,5658,24960,50,oyers,nonword,nonword,1,528
27,15900,25136,50,asmars,nonword,nonword,1,613
27,18028,24922,50,dogels,nonword,nonword,1,605
27,18004,25004,50,ries,nonword,nonword,1,627
27,24814,24924,50,verdoelt,nonword,nonword,1,838
27,23798,25046,50,sjaalf,nonword,nonword,1,1105
27,16692,24926,50,tid,nonword,nonword,1,608
27,1778,25168,50,huggen,nonword,nonword,1,641
27,3966,24994,50,vemin,nonword,nonword,1,667
27,17544,25155,50,plookje,nonword,nonword,1,NA
27,1006,24930,50,bedroept,nonword,nonword,1,648
27,7590,25173,50,guilig,nonword,nonword,1,691
27,13684,24972,50,leintje,nonword,nonword,1,545
27,3656,25027,50,maanaan,nonword,nonword,1,647
27,12204,24999,50,kril,nonword,nonword,1,646
27,22230,25055,50,stresse,nonword,nonword,1,767
27,11346,24896,50,plokkend,nonword,nonword,1,717
27,1136,24937,50,beploot,nonword,nonword,1,593
27,20456,25019,50,glarart,nonword,nonword,1,721
27,10826,25060,50,kands,nonword,nonword,1,574
27,15012,24940,50,napijk,nonword,nonword,1,660
27,1404,24980,50,bereekt,nonword,nonword,1,671
27,16186,25153,50,partgers,nonword,nonword,1,790
27,27338,25024,50,zoof,nonword,nonword,1,996
27,608,24904,50,amoen,nonword,nonword,1,599
27,11764,25025,50,kondst,nonword,nonword,1,625
27,27850,25040,50,titten,nonword,nonword,1,951
27,17916,25159,50,dechtdaar,nonword,nonword,1,699
27,27572,24934,50,tiezers,nonword,nonword,1,519
27,25930,24909,50,vruchtbloes,nonword,nonword,1,858
27,21354,24950,50,stoette,nonword,nonword,1,1213
27,18476,25192,50,dierde,nonword,nonword,1,613
27,16328,25154,50,keters,nonword,nonword,1,1085
27,15536,25034,50,omheem,nonword,nonword,1,1086
27,16210,24953,50,palda's,nonword,nonword,1,709
27,3004,25180,50,vuik,nonword,nonword,1,618
27,20386,24916,50,trieers,nonword,nonword,1,609
27,26258,24997,50,wut,nonword,nonword,1,538
27,10898,25039,50,klag,nonword,nonword,1,1051
27,1252,25186,50,belooid,nonword,nonword,1,NA
27,24270,25017,50,vermen,nonword,nonword,1,708
27,22922,25045,50,telum,nonword,nonword,1,644
27,24942,25014,50,moters,nonword,word,0,NA
27,7324,25165,50,gelerd,nonword,nonword,1,601
27,1456,25200,50,bespaan,nonword,nonword,1,787
27,3124,25195,50,tavans,nonword,nonword,1,570
27,25600,25006,50,voorplicht,nonword,word,0,NA
27,5492,25140,50,erog,nonword,nonword,1,573
27,18148,25057,50,coptiel,nonword,nonword,1,689
27,10778,25051,50,moekend,nonword,nonword,1,794
27,1844,25010,50,bippen,nonword,nonword,1,518
27,16990,25132,50,plis,nonword,nonword,1,1101
27,11076,25032,50,kroertjes,nonword,nonword,1,877
27,18926,25138,50,tarons,nonword,nonword,1,547
27,12388,25059,50,frark,nonword,nonword,1,525
27,19002,25100,50,thonners,nonword,nonword,1,1045
27,956,25065,50,beneerd,nonword,nonword,1,564
27,11776,25058,50,zost,nonword,nonword,1,507
27,9418,25179,50,haadste,nonword,nonword,1,538
27,13854,25064,50,hekker,nonword,nonword,1,715
27,12548,25194,50,hadu's,nonword,nonword,1,554
27,23561,24747,50,troep,word,word,1,573
27,3609,24841,50,curie,word,nonword,0,NA
27,15293,24842,50,noemden,word,word,1,NA
27,12145,24707,50,kruikjes,word,nonword,0,NA
27,2123,24867,50,blonken,word,word,1,713
27,2053,24720,50,bloedworst,word,word,1,591
27,4073,24947,50,deurpost,word,word,1,985
27,25847,24849,50,vrijaf,word,word,1,615
27,27425,24763,50,zeilen,word,word,1,595
27,7871,24910,50,gooiden,word,word,1,557
27,15543,24871,50,omloop,word,word,1,540
27,3879,24895,50,deed,word,word,1,774
27,20091,24862,50,skitje,word,nonword,0,NA
27,6855,24714,50,gekruid,word,word,1,662
27,20797,24929,50,sounds,word,nonword,0,NA
27,21401,24835,50,stabiel,word,word,1,660
27,1881,24949,50,bitters,word,nonword,0,NA
27,2419,24732,50,boosheid,word,word,1,660
27,24619,24933,50,vernis,word,word,1,651
27,1855,24920,50,binnen,word,word,1,645
27,4049,24756,50,deuken,word,word,1,999
27,8523,24962,50,halmpjes,word,nonword,0,NA
27,21861,24963,50,stilaan,word,word,1,889
27,2957,24843,50,bruut,word,word,1,617
27,3913,24948,50,defect,word,word,1,632
27,6955,24808,50,geluid,word,word,1,484
27,3893,24767,50,deelt,word,word,1,908
27,20163,24781,50,slakken,word,word,1,684
27,20509,24727,50,smoes,word,word,1,550
27,17637,24729,50,punks,word,word,1,851
27,12153,24812,50,kruinen,word,word,1,920
27,25247,24704,50,vlinders,word,word,1,556
27,7583,24973,50,gierden,word,word,1,801
27,20733,24760,50,sok,word,word,1,706
27,26127,24935,50,wagon,word,word,1,648
27,21159,24976,50,spoorde,word,word,1,622
27,5225,24857,50,echtpaar,word,word,1,605
27,14225,24724,50,meppen,word,word,1,571
27,8417,24741,50,haan,word,word,1,622
27,8447,24821,50,haarzelf,word,word,1,734
27,12421,24754,50,kweken,word,word,1,601
27,15835,24942,50,oorworm,word,word,1,653
27,19859,24983,50,seintje,word,word,1,644
27,2057,24984,50,bloeide,word,word,1,977
27,28043,24852,50,zweefden,word,word,1,834
27,12533,24986,50,ladders,word,word,1,618
27,21917,24866,50,stoeprand,word,word,1,636
27,5703,24988,50,factors,word,word,1,NA
27,25337,24868,50,vlug,word,word,1,498
27,26919,24990,50,wiste,word,nonword,0,NA
27,20453,24951,50,smaller,word,word,1,802
27,12641,24847,50,lanen,word,word,1,759
27,21269,24766,50,springen,word,word,1,523
27,19255,24807,50,schepping,word,word,1,614
27,4137,24834,50,dienden,word,word,1,698
27,15967,24875,50,orgaan,word,word,1,606
27,8503,24957,50,halfrond,word,word,1,824
27,26605,24744,50,werktuig,word,word,1,547
27,13411,24838,50,lokten,word,word,1,795
27,6575,24879,50,gedoemd,word,word,1,766
27,405,25001,50,alsmaar,word,word,1,841
27,26203,24881,50,wanten,word,word,1,1037
27,21069,24761,50,spin,word,word,1,716
27,6765,24883,50,gejoel,word,nonword,0,NA
27,21403,24725,50,stad,word,word,1,666
27,21411,24739,50,stads,word,word,1,877
27,4837,24740,50,drijvend,word,word,1,559
27,2751,24968,50,bridge,word,word,1,671
27,20067,24888,50,sjalot,word,word,1,629
27,20307,24970,50,slipper,word,word,1,634
27,23159,24731,50,toekans,word,word,1,NA
27,8419,25012,50,haantje,word,word,1,705
27,10789,24771,50,kik,word,nonword,0,NA
27,27653,24853,50,zithoek,word,word,1,599
27,2833,24854,50,broekspijp,word,word,1,852
27,1021,25016,50,bedroog,word,word,1,581
27,239,24977,50,adres,word,word,1,492
27,17423,24965,50,prins,word,word,1,550
27,13063,24966,50,lichaam,word,word,1,470
27,14919,24806,50,naaisters,word,word,1,717
27,4371,24860,50,doenlijk,word,nonword,0,NA
27,5183,24982,50,dweilen,word,word,1,649
27,3649,25023,50,daalders,word,nonword,0,NA
27,24781,24782,50,vertoon,word,word,1,598
27,10607,24784,50,kepers,word,nonword,0,NA
27,24439,24905,50,vergiet,word,word,1,565
27,4311,24906,50,do's,word,nonword,0,NA
27,26669,24786,50,wever,word,word,1,636
27,18233,24787,50,richter,word,word,1,712
27,13753,25030,50,maandblad,word,word,1,768
27,3477,24749,50,condors,word,nonword,0,NA
27,12265,24992,50,kuisen,word,word,1,524
27,12993,25020,50,lette,word,nonword,0,NA
27,7917,24713,50,graadje,word,word,1,666
27,7879,24753,50,goot,word,word,1,603
27,8073,25036,50,griek,word,word,1,728
27,16859,25037,50,pleegt,word,word,1,832
27,19027,24998,50,schaaltje,word,word,1,635
27,20123,24797,50,slaakte,word,word,1,899
27,5673,24798,50,extra's,word,word,1,565
27,1071,25041,50,beende,word,nonword,0,NA
27,18121,24921,50,renden,word,word,1,1057
27,17041,25043,50,poespas,word,nonword,0,NA
27,16495,24802,50,perplex,word,word,1,752
27,13211,25005,50,lijkbleek,word,word,1,639
27,13723,24872,50,maaier,word,word,1,700
27,7483,24967,50,gewelf,word,word,1,794
27,2161,24887,50,blussen,word,nonword,0,NA
27,12413,25049,50,kweek,word,word,1,745
27,3111,25050,50,buurtjes,word,word,1,689
27,25099,24850,50,visje,word,word,1,501
27,7377,24931,50,geurig,word,word,1,724
27,6163,25053,50,franco,word,nonword,0,NA
27,2511,25054,50,botjes,word,word,1,859
27,10039,24894,50,jeugdwerk,word,word,1,618
27,24359,25056,50,verderf,word,word,1,646
27,383,24936,50,aller,word,nonword,0,NA
27,16189,24978,50,panty's,word,nonword,0,NA
27,20939,24925,50,speentje,word,word,1,1179
27,26369,24939,50,weertjes,word,word,1,782
27,9993,24900,50,jaren,word,word,1,808
27,11863,24901,50,kraan,word,word,1,634
27,14163,25063,50,melken,word,word,1,505
27,1845,24943,50,billijk,word,word,1,792
27,7669,24985,50,glansde,word,word,1,639
27,24397,24945,50,verdwaasd,word,word,1,767
27,12089,25067,50,krommen,word,nonword,0,NA
27,15861,25068,50,opa's,word,nonword,0,NA
27,17387,24705,50,prijkte,word,word,1,NA
27,11637,25070,50,kookplaat,word,word,1,550
27,15729,25031,50,ontving,word,word,1,776
27,13445,24708,50,loodrecht,word,word,1,531
27,4715,24912,50,draak,word,word,1,492
27,6045,24833,50,foef,word,nonword,0,NA
27,10137,24793,50,juffen,word,word,1,953
27,12613,24955,50,landen,word,word,1,642
27,26413,25077,50,wei,word,word,1,1082
27,22407,25078,50,stugge,word,nonword,0,NA
27,16671,24958,50,pinken,word,nonword,0,NA
27,17149,24716,50,poos,word,word,1,575
27,6359,24717,50,gage,word,nonword,0,NA
27,27805,24961,50,zooltje,word,word,1,1105
27,14947,24719,50,naar,word,word,1,528
27,5809,25084,50,feller,word,nonword,0,NA
27,25181,24721,50,vlegel,word,word,1,717
27,14305,24722,50,metten,word,nonword,0,NA
27,14311,24723,50,meute,word,nonword,0,NA
27,5467,25048,50,enig,word,word,1,553
27,24639,25089,50,verre,word,nonword,0,NA
27,21577,24969,50,steeg,word,word,1,955
27,20231,25091,50,slepen,word,word,1,NA
27,18743,25092,50,rugzak,word,word,1,609
27,5479,25093,50,entrees,word,nonword,0,NA
27,11613,24730,50,konten,word,word,1,583
27,26113,25095,50,wachtten,word,word,1,NA
27,14561,25096,50,moed,word,word,1,697
27,8703,24733,50,hartstreek,word,word,1,735
27,8693,25018,50,hartens,word,nonword,0,NA
27,13523,24778,50,losse,word,word,1,764
27,19941,24858,50,sextant,word,nonword,0,NA
27,11051,24737,50,kletsnat,word,word,1,697
27,1863,24981,50,bis,word,nonword,0,NA
27,20225,25103,50,sleeptouw,word,word,1,569
27,5695,25104,50,face,word,nonword,0,NA
27,5609,25105,50,eter,word,nonword,0,NA
27,15723,24742,50,ontucht,word,word,1,NA
27,1091,25107,50,beestjes,word,word,1,458
27,22093,25108,50,stortten,word,word,1,782
27,25645,25109,50,voorschijn,word,nonword,0,NA
27,13435,25110,50,lont,word,word,1,772
27,24027,25111,50,vaatje,word,word,1,651
27,20141,24870,50,slachten,word,word,1,624
27,2079,24710,50,bloempjes,word,word,1,527
27,23547,25114,50,triomf,word,word,1,730
27,18789,24954,50,ruisen,word,word,1,NA
27,11857,24752,50,kraambed,word,word,1,655
27,20429,25117,50,smaakt,word,word,1,801
27,19607,25118,50,schouwtje,word,word,1,951
27,26079,25119,50,waarop,word,word,1,487
27,26251,25120,50,wast,word,word,1,NA
27,19629,25000,50,schrapen,word,word,1,786
27,9899,25122,50,inzicht,word,word,1,608
27,7217,25123,50,gesmeekt,word,word,1,669
27,23541,25124,50,trilt,word,word,1,712
27,15215,25125,50,nietig,word,word,1,721
27,7783,24762,50,god,word,word,1,580
27,11265,25127,50,knal,word,word,1,616
27,3561,25088,50,crèche,word,word,1,706
27,4905,25008,50,dronkaards,word,word,1,700
27,5099,25130,50,duplo,word,nonword,0,NA
27,2913,25131,50,brui,word,word,1,925
27,4493,25011,50,doodshoofd,word,word,1,712
27,9025,24769,50,hes,word,nonword,0,NA
27,20431,24770,50,smaakte,word,word,1,822
27,18427,25135,50,rock,word,word,1,684
27,23923,25015,50,uitstek,word,word,1,782
27,11525,25137,50,koffer,word,word,1,529
27,22793,24734,50,tegoed,word,word,1,679
27,16069,25099,50,paasbloem,word,word,1,732
27,22195,24777,50,streelde,word,word,1,772
27,20047,25141,50,sire,word,word,1,1116
27,9819,25142,50,indruk,word,word,1,597
27,18921,25143,50,salie,word,word,1,690
27,19467,24780,50,schokten,word,word,1,672
27,20081,25145,50,skeeler,word,nonword,0,NA
27,14497,25146,50,mislukt,word,word,1,672
27,9031,25147,50,hesjes,word,nonword,0,NA
27,22581,25148,50,taaltjes,word,nonword,0,NA
27,13083,25149,50,lichtjaar,word,word,1,801
27,4473,25150,50,doodden,word,word,1,1078
27,3403,25151,50,cobra's,word,word,1,641
27,8167,25152,50,groei,word,word,1,685
27,3995,25113,50,dentist,word,nonword,0,NA
27,24615,25033,50,vernield,word,word,1,992
27,11791,24913,50,kostte,word,word,1,621
27,13365,24914,50,loeren,word,word,1,698
27,14863,25157,50,mus,word,word,1,1158
27,9915,25158,50,ivoor,word,word,1,573
27,15207,24917,50,nieren,word,word,1,527
27,23835,24796,50,twijfelt,word,word,1,563
27,5743,25161,50,fases,word,word,1,717
27,9053,25162,50,heup,word,word,1,629
27,16555,25042,50,piek,word,word,1,1019
27,3311,25164,50,cijfers,word,word,1,586
27,1007,24923,50,bedreigt,word,word,1,650
27,24513,25166,50,verknocht,word,nonword,0,NA
27,17589,24803,50,pui,word,nonword,0,NA
27,5895,25047,50,films,word,word,1,569
27,5917,24805,50,firma's,word,word,1,758
27,1453,25170,50,beslaan,word,word,1,1098
27,21793,25171,50,stick,word,word,1,568
27,865,25172,50,barkruk,word,word,1,931
27,11793,25052,50,kostten,word,word,1,704
27,16653,25174,50,pils,word,word,1,685
27,24035,24811,50,vachten,word,word,1,752
27,15167,25176,50,neuron,word,word,1,660
27,18877,25177,50,ruwheid,word,word,1,591
27,4673,24814,50,draadje,word,word,1,572
27,11749,24775,50,korsten,word,word,1,734
27,815,24938,50,banen,word,word,1,575
27,21755,24817,50,steunen,word,word,1,572
27,15499,24818,50,olijf,word,word,1,747
27,22139,25062,50,strafbaar,word,word,1,603
27,7291,25184,50,gestraft,word,word,1,1225
27,667,25185,50,baatte,word,word,1,1022
27,20495,24944,50,smetten,word,nonword,0,NA
27,2737,24702,50,bressen,word,nonword,0,NA
27,23989,24824,50,vaakst,word,word,1,1233
27,23673,24825,50,truien,word,word,1,613
27,647,24826,50,baardjes,word,word,1,643
27,12885,25191,50,leider,word,word,1,616
27,24861,25071,50,verwekt,word,word,1,502
27,12901,25193,50,leien,word,word,1,754
27,4293,24709,50,district,word,word,1,644
27,4957,25074,50,drukken,word,word,1,459
27,20387,24832,50,sluik,word,word,1,622
27,17933,25197,50,rechtsaf,word,word,1,853
27,26691,25198,50,wie,word,word,1,665
27,8815,25199,50,heften,word,nonword,0,NA
27,18901,25079,50,saffier,word,nonword,0,NA
28,8262,24701,50,grondstuw,nonword,nonword,1,763
28,18194,24702,50,meune,nonword,nonword,1,674
28,4828,25188,50,sleefnat,nonword,nonword,1,731
28,23586,24704,50,drallen,nonword,nonword,1,895
28,27404,25069,50,tagje,nonword,nonword,1,740
28,8802,25070,50,hoot,nonword,nonword,1,763
28,9832,24707,50,intals,nonword,nonword,1,589
28,974,24708,50,leten,nonword,nonword,1,875
28,11534,24709,50,megels,nonword,nonword,1,974
28,3706,25074,50,baters,nonword,nonword,1,683
28,26614,25075,50,werkvaard,nonword,nonword,1,758
28,12232,24712,50,muim,nonword,nonword,1,938
28,17990,24834,50,beed,nonword,nonword,1,646
28,27700,24714,50,zieslicht,nonword,nonword,1,918
28,18958,24715,50,foppig,nonword,nonword,1,1048
28,2680,24716,50,slasert,nonword,nonword,1,611
28,21980,24838,50,storre,nonword,nonword,1,764
28,13702,24758,50,lytaak,nonword,nonword,1,574
28,6524,24961,50,gebooi,nonword,nonword,1,1130
28,20148,24720,50,slog,nonword,nonword,1,904
28,11124,24721,50,kli's,nonword,nonword,1,682
28,23964,24722,50,urbant,nonword,nonword,1,676
28,24540,24723,50,verlelt,nonword,nonword,1,814
28,24158,24845,50,hanten,nonword,nonword,1,677
28,13332,25089,50,kob,nonword,nonword,1,745
28,7372,24726,50,guilden,nonword,nonword,1,NA
28,7700,25091,50,gleug,nonword,nonword,1,828
28,15682,25092,50,ontsiend,nonword,nonword,1,688
28,3020,24729,50,huitje,nonword,nonword,1,769
28,24060,25094,50,vakvleep,nonword,nonword,1,755
28,11682,24731,50,daartje,nonword,word,0,NA
28,7884,24732,50,galdel,nonword,nonword,1,662
28,20840,24773,50,grandaak,nonword,nonword,1,664
28,4388,25138,50,waggen,nonword,nonword,1,801
28,16492,24735,50,panken,nonword,nonword,1,864
28,9048,25100,50,temgeen,nonword,nonword,1,608
28,11290,24737,50,snapste,nonword,nonword,1,NA
28,870,25102,50,borksteen,nonword,nonword,1,720
28,14180,24739,50,medoors,nonword,nonword,1,612
28,9980,25104,50,conkte,nonword,nonword,1,563
28,8238,24741,50,grong,nonword,nonword,1,736
28,20776,24742,50,tonset,nonword,nonword,1,601
28,17688,24743,50,roed,nonword,nonword,1,918
28,25084,24865,50,mintabs,nonword,nonword,1,644
28,15210,25109,50,naaltje,nonword,nonword,1,1135
28,776,24867,50,bannons,nonword,nonword,1,943
28,16936,24747,50,prompjes,nonword,nonword,1,NA
28,15104,24748,50,noegt,nonword,nonword,1,590
28,10656,24870,50,rechtboom,nonword,word,0,NA
28,11780,24750,50,reste,nonword,nonword,1,956
28,18882,24751,50,munie,nonword,nonword,1,908
28,14632,24792,50,holken,nonword,nonword,1,799
28,3080,24753,50,butsnell,nonword,nonword,1,624
28,27396,24996,50,pagen,nonword,nonword,1,645
28,5942,24755,50,kwap,nonword,nonword,1,619
28,528,24756,50,arkee,nonword,nonword,1,631
28,16434,24878,50,peft,nonword,nonword,1,708
28,27782,24798,50,lovet,nonword,nonword,1,620
28,7334,24880,50,gelaatst,nonword,nonword,1,986
28,10882,24760,50,bruchten,nonword,word,0,NA
28,27728,25125,50,somen,nonword,nonword,1,727
28,5398,25126,50,oostes,nonword,nonword,1,895
28,12316,24763,50,kurpoes,nonword,nonword,1,956
28,5300,25128,50,uitstes,nonword,nonword,1,768
28,8120,24765,50,kleenzen,nonword,nonword,1,584
28,5826,25129,50,fagtie,nonword,nonword,1,839
28,16402,25131,50,puiloom,nonword,nonword,1,657
28,10392,24768,50,mazing,nonword,nonword,1,774
28,2416,24769,50,heerden,nonword,word,0,NA
28,3698,24770,50,detel,nonword,nonword,1,1070
28,10256,24771,50,mawel,nonword,nonword,1,505
28,17370,25135,50,prioor,nonword,nonword,1,828
28,5860,24813,50,soener,nonword,nonword,1,1193
28,3606,24814,50,culvis,nonword,nonword,1,751
28,15252,25179,50,foedig,nonword,nonword,1,558
28,19190,24897,50,schoegde,nonword,nonword,1,705
28,8440,24777,50,haarbod,nonword,nonword,1,741
28,17684,24778,50,joarks,nonword,nonword,1,733
28,24980,25143,50,vuiling,nonword,nonword,1,1165
28,1550,24901,50,hoten,nonword,nonword,1,702
28,15972,25023,50,apgels,nonword,nonword,1,823
28,896,24782,50,hape,nonword,nonword,1,652
28,10462,24783,50,kastbier,nonword,nonword,1,888
28,9272,25148,50,huf,nonword,nonword,1,824
28,10666,24785,50,kechtwacht,nonword,nonword,1,842
28,18702,25150,50,meeten,nonword,nonword,1,NA
28,26304,25151,50,weesgel,nonword,nonword,1,856
28,19058,25152,50,scheeldte,nonword,nonword,1,700
28,28098,25153,50,sleven,nonword,nonword,1,NA
28,8050,25154,50,grons,nonword,nonword,1,627
28,24654,25155,50,vermikt,nonword,word,0,NA
28,16800,24832,50,blontje,nonword,nonword,1,884
28,212,24793,50,afes,nonword,nonword,1,565
28,82,25158,50,aartol,nonword,nonword,1,735
28,14828,24795,50,deilen,nonword,word,0,NA
28,6026,25160,50,fruisteld,nonword,nonword,1,772
28,21398,25161,50,staardzecht,nonword,nonword,1,763
28,13942,24959,50,zaven,nonword,nonword,1,796
28,7556,24799,50,gezenkt,nonword,nonword,1,841
28,3218,24800,50,cerrors,nonword,nonword,1,574
28,9230,24881,50,lijpel,nonword,nonword,1,632
28,8194,24802,50,spientje,nonword,nonword,1,849
28,23422,25167,50,vlimmen,nonword,nonword,1,811
28,23210,25168,50,toegrijd,nonword,nonword,1,784
28,5162,24805,50,wreesheid,nonword,nonword,1,740
28,15826,24806,50,oorschick,nonword,nonword,1,620
28,26692,24807,50,rie,nonword,nonword,1,744
28,18094,24929,50,mokkers,nonword,nonword,1,846
28,3588,24809,50,bloepiers,nonword,nonword,1,830
28,11446,25052,50,mooien,nonword,nonword,1,855
28,3136,24811,50,tacé,nonword,nonword,1,956
28,6954,25176,50,geticht,nonword,nonword,1,902
28,4738,24853,50,traver,nonword,nonword,1,750
28,15196,25015,50,nucht,nonword,nonword,1,864
28,27648,24895,50,tinpol,nonword,nonword,1,613
28,9256,24937,50,loele,nonword,nonword,1,854
28,26776,25181,50,doele,nonword,nonword,1,724
28,12574,25182,50,lagoe,nonword,nonword,1,733
28,23858,24819,50,tysaans,nonword,nonword,1,746
28,8032,25062,50,kreeltjes,nonword,nonword,1,765
28,1066,24821,50,buistschoon,nonword,nonword,1,641
28,20058,24822,50,sjeils,nonword,nonword,1,765
28,18124,25187,50,hinnen,nonword,nonword,1,672
28,1746,24945,50,huider,nonword,nonword,1,785
28,18428,25189,50,roms,nonword,nonword,1,740
28,188,24826,50,instste,nonword,nonword,1,778
28,3784,24827,50,dortte,nonword,nonword,1,752
28,23882,24828,50,ientjes,nonword,nonword,1,680
28,5222,24829,50,ergder,nonword,nonword,1,946
28,1358,24830,50,belied,nonword,nonword,1,786
28,27294,24831,50,zandlad,nonword,nonword,1,1048
28,11114,24872,50,krokte,nonword,nonword,1,750
28,21164,25196,50,greerlijn,nonword,nonword,1,723
28,6388,24995,50,gact,nonword,nonword,1,700
28,10678,24835,50,motter,nonword,nonword,1,818
28,16706,24836,50,lit,nonword,nonword,1,982
28,16910,24958,50,pluifbaas,nonword,nonword,1,739
28,10178,24999,50,cungies,nonword,nonword,1,579
28,20376,25040,50,tretje,nonword,word,0,NA
28,17836,25041,50,randplak,nonword,nonword,1,878
28,15490,25042,50,obee,nonword,nonword,1,641
28,2354,24842,50,bartjes,nonword,nonword,1,1071
28,23840,24964,50,gloegen,nonword,nonword,1,666
28,1486,24844,50,hest,nonword,nonword,1,732
28,10648,24966,50,kensie,nonword,nonword,1,753
28,16038,24846,50,ta,nonword,nonword,1,575
28,9026,24847,50,wes,nonword,nonword,1,733
28,18402,24848,50,mismen,nonword,nonword,1,662
28,25136,24849,50,vleg,nonword,nonword,1,801
28,21570,24971,50,sladen,nonword,nonword,1,991
28,24798,24972,50,vertroogt,nonword,nonword,1,717
28,26780,24973,50,woen,nonword,nonword,1,614
28,19362,24933,50,scheun,nonword,nonword,1,812
28,9538,24934,50,lauder,nonword,nonword,1,1009
28,8776,24935,50,loorschap,nonword,nonword,1,623
28,6246,24856,50,gliskrank,nonword,nonword,1,796
28,13228,24857,50,looprecht,nonword,word,0,NA
28,22050,24979,50,stampel,nonword,word,0,NA
28,12074,24859,50,kriep,nonword,nonword,1,745
28,13822,24860,50,makoe,nonword,nonword,1,673
28,2878,24982,50,sloedjes,nonword,nonword,1,657
28,11886,25063,50,brechtens,nonword,nonword,1,901
28,21658,24863,50,stergels,nonword,nonword,1,780
28,19184,25025,50,schaarves,nonword,nonword,1,926
28,26640,25107,50,dasten,nonword,nonword,1,800
28,27258,24866,50,zakgalk,nonword,nonword,1,561
28,9450,24988,50,boepte,nonword,nonword,1,1058
28,1754,24989,50,bien,nonword,nonword,1,1134
28,15970,24990,50,algel,nonword,nonword,1,885
28,590,25112,50,ooka's,nonword,nonword,1,641
28,9978,24992,50,cinkend,nonword,nonword,1,618
28,13828,24912,50,mair,nonword,nonword,1,684
28,8978,24913,50,heltruk,nonword,nonword,1,679
28,10744,24914,50,kour,nonword,nonword,1,577
28,23448,25117,50,blipten,nonword,nonword,1,739
28,18224,24876,50,debben,nonword,nonword,1,674
28,21874,24877,50,stomte,nonword,nonword,1,1148
28,8936,24918,50,bezels,nonword,nonword,1,715
28,18852,25039,50,wossisch,nonword,nonword,1,839
28,4900,25133,50,bringen,nonword,nonword,1,950
28,13128,24974,50,lijdlijk,nonword,nonword,1,740
28,21548,24882,50,stontte,nonword,nonword,1,869
28,2274,24883,50,liertje,nonword,nonword,1,664
28,26500,24924,50,wer,nonword,nonword,1,732
28,17338,25006,50,plepies,nonword,nonword,1,630
28,424,25047,50,annast,nonword,nonword,1,615
28,26702,25169,50,kuigend,nonword,nonword,1,775
28,17316,24888,50,pruis,nonword,nonword,1,876
28,10192,25171,50,culken,nonword,nonword,1,607
28,17378,25011,50,ploempje,nonword,nonword,1,675
28,13682,24891,50,luut,nonword,nonword,1,895
28,22722,25013,50,pessen,nonword,nonword,1,903
28,6204,24906,50,chepat,nonword,nonword,1,675
28,23844,24907,50,wroegjes,nonword,nonword,1,973
28,22988,25055,50,tuc,nonword,nonword,1,1043
28,18524,25056,50,peker,nonword,nonword,1,1118
28,8784,25058,50,leerst,nonword,nonword,1,714
28,26290,24898,50,lemden,nonword,nonword,1,731
28,24638,25141,50,vermest,nonword,nonword,1,848
28,9196,24980,50,heefjes,nonword,nonword,1,638
28,12432,25022,50,tsalling,nonword,nonword,1,801
28,15474,25103,50,afwers,nonword,nonword,1,697
28,6680,24943,50,gepal,nonword,nonword,1,831
28,7776,24944,50,dwosus,nonword,nonword,1,611
28,18806,25066,50,daatjes,nonword,nonword,1,739
28,27188,25119,50,zoed,nonword,nonword,1,681
28,26076,24946,50,waarzier,nonword,nonword,1,967
28,2202,24908,50,hodi,nonword,nonword,1,539
28,5998,25030,50,glappers,nonword,nonword,1,723
28,17474,24910,50,ploostte,nonword,nonword,1,829
28,23420,25072,50,traf,nonword,nonword,1,870
28,5932,24952,50,flace,nonword,nonword,1,NA
28,25978,25195,50,voon,nonword,nonword,1,764
28,22592,25034,50,tagok,nonword,nonword,1,637
28,4898,25036,50,dreng,nonword,nonword,1,898
28,8554,24956,50,laner,nonword,nonword,1,806
28,3326,25038,50,cemkel,nonword,nonword,1,601
28,26014,25079,50,vooien,nonword,nonword,1,751
28,23634,24932,50,troccoirs,nonword,nonword,1,807
28,26482,25012,50,lilnu,nonword,nonword,1,700
28,11420,24987,50,sniffel,nonword,nonword,1,846
28,7582,25002,50,neurde,nonword,nonword,1,654
28,11882,25044,50,krecht,nonword,nonword,1,884
28,11922,25085,50,bronsen,nonword,word,0,NA
28,9130,24925,50,loesen,nonword,nonword,1,565
28,26846,25087,50,valle,nonword,nonword,1,991
28,17840,24967,50,lingen,nonword,nonword,1,713
28,12438,25049,50,kwalkbaar,nonword,nonword,1,729
28,3366,24969,50,krioont,nonword,nonword,1,577
28,26276,24930,50,wo,nonword,nonword,1,737
28,18498,25173,50,kaastig,nonword,nonword,1,721
28,15698,25146,50,ontboomd,nonword,nonword,1,672
28,23518,25065,50,brends,nonword,nonword,1,764
28,6824,25186,50,gevreisd,nonword,nonword,1,844
28,6262,25095,50,fritsjes,nonword,nonword,1,748
28,16568,25060,50,puisen,nonword,nonword,1,685
28,21012,24977,50,kleiren,nonword,nonword,1,843
28,27400,24938,50,toggen,nonword,nonword,1,794
28,26230,24939,50,kermte,nonword,word,0,NA
28,22206,24984,50,struisjes,nonword,word,0,NA
28,12782,25194,50,hoegtes,nonword,nonword,1,740
28,10260,24968,50,maspel,nonword,nonword,1,562
28,18910,25009,50,fales,nonword,nonword,1,615
28,13084,24948,50,hechtjaar,nonword,nonword,1,933
28,11530,24998,50,miffie,nonword,nonword,1,580
28,19690,25159,50,schreeltje,nonword,nonword,1,1032
28,3570,25199,50,shacket,nonword,nonword,1,704
28,27892,24965,50,zoud,nonword,nonword,1,1046
28,9358,24993,50,heving,nonword,nonword,1,1078
28,27684,25111,50,tede,nonword,nonword,1,812
28,15178,25031,50,nijkje,nonword,nonword,1,668
28,21678,25177,50,stepsels,nonword,nonword,1,1030
28,8788,24957,50,baarsten,nonword,nonword,1,748
28,10290,25132,50,mave,nonword,nonword,1,683
28,21588,24963,50,stootvlieg,nonword,nonword,1,922
28,11510,25198,50,roets,nonword,nonword,1,778
28,12116,25027,50,kreep,nonword,nonword,1,953
28,5350,25127,50,oogel,nonword,nonword,1,961
28,21750,25064,50,stuin,nonword,nonword,1,806
28,7100,25099,50,gererns,nonword,nonword,1,678
28,17090,24970,50,pori,nonword,nonword,1,544
28,22958,25166,50,wreedoed,nonword,nonword,1,706
28,13642,25003,50,kekken,nonword,nonword,1,874
28,23594,25170,50,blammen,nonword,nonword,1,893
28,21241,24896,50,spreidde,word,word,1,562
28,9841,24903,50,inkeer,word,word,1,637
28,365,24820,50,algen,word,word,1,561
28,4435,24841,50,domoor,word,word,1,543
28,3163,24949,50,cap,word,word,1,1045
28,25515,24922,50,volmacht,word,word,1,576
28,10323,24862,50,kameel,word,word,1,506
28,13041,24955,50,levens,word,word,1,833
28,27797,24916,50,zoog,word,word,1,673
28,14997,24840,50,nagaan,word,word,1,559
28,17157,24801,50,pootje,word,word,1,695
28,13187,24759,50,ligstoel,word,word,1,541
28,24671,24734,50,verschoof,word,word,1,845
28,8039,24752,50,greintje,word,word,1,861
28,1039,24713,50,beefde,word,word,1,634
28,25021,24936,50,vijlen,word,word,1,668
28,7745,24981,50,gloeide,word,word,1,1195
28,5879,24781,50,filets,word,word,1,574
28,18409,24775,50,ritten,word,nonword,0,NA
28,10157,24766,50,juistheid,word,word,1,502
28,24105,24733,50,vampiers,word,word,1,640
28,18063,24960,50,reinste,word,word,1,1121
28,1853,24854,50,bindt,word,word,1,645
28,1547,24746,50,betaamt,word,word,1,757
28,10283,24868,50,kaken,word,word,1,1087
28,6761,24884,50,gejaagd,word,word,1,547
28,22231,24911,50,strengen,word,word,1,674
28,17605,24858,50,puistjes,word,word,1,636
28,13107,24900,50,lied,word,word,1,451
28,8451,24833,50,haast,word,word,1,550
28,17729,24874,50,raapte,word,word,1,580
28,18787,24983,50,ruis,word,word,1,988
28,15621,24719,50,onschuld,word,word,1,536
28,15649,24839,50,ontgaat,word,word,1,627
28,25687,24772,50,voortuin,word,word,1,619
28,13497,25000,50,lootjes,word,nonword,0,NA
28,12013,25001,50,kriek,word,word,1,793
28,23781,24962,50,turkse,word,word,1,771
28,12993,24950,50,lette,word,word,1,721
28,15517,25004,50,omdat,word,word,1,685
28,18535,24871,50,rolde,word,word,1,659
28,15141,24886,50,netel,word,word,1,594
28,26865,25007,50,wind,word,word,1,755
28,12733,24887,50,lauw,word,word,1,624
28,22417,24754,50,stuit,word,word,1,1004
28,5017,25010,50,duif,word,word,1,596
28,2023,24850,50,blinden,word,word,1,535
28,3775,24879,50,dank,word,word,1,637
28,147,24852,50,aas,word,word,1,575
28,9749,24893,50,ijsjes,word,word,1,604
28,24689,24855,50,versierd,word,word,1,1073
28,20103,24976,50,sla,word,word,1,772
28,14355,24776,50,mietjes,word,nonword,0,NA
28,24737,25018,50,verstijfd,word,word,1,996
28,22433,25019,50,stukjes,word,word,1,1041
28,2037,24940,50,bloedbad,word,word,1,1038
28,5439,25021,50,emirs,word,word,1,1096
28,3587,24780,50,croupiers,word,word,1,791
28,6431,24902,50,gare,word,nonword,0,NA
28,20499,24864,50,smidse,word,nonword,0,NA
28,9215,24851,50,hoekjes,word,nonword,0,NA
28,569,24744,50,aten,word,word,1,632
28,18895,24947,50,sadist,word,word,1,966
28,18905,25028,50,sage,word,word,1,792
28,15221,25029,50,nietsnut,word,word,1,830
28,25011,24909,50,vijftien,word,word,1,508
28,13749,24749,50,maandag,word,word,1,524
28,6629,25032,50,geen,word,word,1,822
28,10409,24873,50,kapstok,word,word,1,598
28,12763,24994,50,leefbaar,word,word,1,673
28,23253,25035,50,ton,word,nonword,0,NA
28,407,24915,50,alsnog,word,word,1,496
28,24073,24997,50,val,word,word,1,881
28,19669,24905,50,schreven,word,word,1,980
28,7063,24717,50,geplaatst,word,word,1,720
28,12075,24919,50,kroes,word,word,1,1156
28,485,24920,50,apart,word,word,1,540
28,3045,24921,50,bullen,word,nonword,0,NA
28,17641,25043,50,punten,word,word,1,749
28,9939,24923,50,jachthond,word,word,1,607
28,1517,25005,50,besten,word,word,1,967
28,189,25046,50,achtte,word,word,1,818
28,10917,24926,50,klap,word,word,1,564
28,18723,24927,50,rozijn,word,word,1,515
28,12441,24889,50,kwetsend,word,word,1,623
28,6115,24808,50,forum,word,word,1,609
28,6829,25051,50,geknipt,word,word,1,685
28,13515,24810,50,los,word,word,1,691
28,18585,24892,50,ronden,word,word,1,690
28,18083,25054,50,reken,word,nonword,0,NA
28,1227,24975,50,beklom,word,word,1,1115
28,3233,25016,50,centraal,word,word,1,644
28,4831,25017,50,drijfveer,word,word,1,832
28,23505,24816,50,trekkers,word,word,1,885
28,11237,25059,50,klusjes,word,word,1,1076
28,18929,24899,50,saluut,word,word,1,563
28,14673,25061,50,mongool,word,word,1,808
28,4823,24941,50,driften,word,word,1,891
28,6913,24942,50,geleid,word,word,1,877
28,11045,25024,50,klerk,word,word,1,860
28,26793,24985,50,wijnstok,word,word,1,790
28,16831,25026,50,plateau,word,word,1,686
28,21303,25067,50,sprotten,word,word,1,923
28,5175,25068,50,dwarsfluit,word,word,1,732
28,21859,24705,50,stil,word,word,1,529
28,1839,24706,50,biljarts,word,word,1,642
28,20799,25071,50,souper,word,word,1,850
28,26529,24951,50,wensdroom,word,nonword,0,NA
28,14135,25033,50,meineed,word,word,1,908
28,23955,24953,50,units,word,word,1,1167
28,1753,24954,50,bier,word,word,1,630
28,13111,25076,50,liedje,word,word,1,622
28,719,25037,50,bakers,word,nonword,0,NA
28,729,24718,50,bakker,word,word,1,785
28,18517,24757,50,rogjes,word,word,1,676
28,19641,25080,50,schreef,word,word,1,726
28,9623,25081,50,huize,word,nonword,0,NA
28,21019,25082,50,spider,word,word,1,988
28,6113,25083,50,fortuin,word,word,1,650
28,19037,25084,50,schaamt,word,word,1,757
28,3687,24843,50,daarvan,word,word,1,489
28,12947,25086,50,lenig,word,word,1,743
28,18567,24724,50,romer,word,nonword,0,NA
28,18663,25088,50,rossen,word,nonword,0,NA
28,17895,24725,50,razen,word,word,1,844
28,1053,25090,50,beelden,word,word,1,1040
28,16235,24727,50,parijs,word,word,1,592
28,8125,24728,50,grijpen,word,word,1,462
28,2377,25053,50,bonzend,word,word,1,763
28,15243,24730,50,nieuwtjes,word,word,1,1032
28,27841,24894,50,zot,word,word,1,583
28,11349,25096,50,knikkers,word,word,1,916
28,11151,25057,50,klokjes,word,word,1,871
28,9723,25098,50,ietsje,word,word,1,800
28,5949,24978,50,flaps,word,nonword,0,NA
28,12299,24736,50,kunstig,word,word,1,867
28,14279,25101,50,metaal,word,word,1,727
28,17521,24738,50,proppen,word,word,1,682
28,9857,24861,50,input,word,word,1,571
28,14983,24740,50,nadeel,word,word,1,577
28,2667,25105,50,brandpunt,word,word,1,1058
28,20503,24703,50,smijten,word,word,1,860
28,22235,24986,50,strengheid,word,word,1,860
28,25269,25108,50,vloeiend,word,word,1,726
28,25197,24745,50,vleugel,word,word,1,500
28,13763,25110,50,maands,word,nonword,0,NA
28,3333,24869,50,citeert,word,word,1,634
28,17973,24991,50,reden,word,word,1,904
28,20891,25113,50,spectrums,word,word,1,812
28,9175,25114,50,hobby,word,word,1,674
28,10027,25115,50,jegens,word,word,1,892
28,4965,25116,50,drukpers,word,word,1,813
28,12051,24875,50,kring,word,word,1,946
28,3243,25118,50,chalets,word,word,1,1084
28,12653,24837,50,langst,word,word,1,789
28,7709,25120,50,glijden,word,word,1,691
28,10801,25121,50,kilo,word,word,1,909
28,19089,25122,50,schaken,word,word,1,846
28,7013,25123,50,genen,word,word,1,721
28,14663,25124,50,monding,word,word,1,NA
28,8517,24761,50,halm,word,word,1,NA
28,25239,24762,50,vlijde,word,nonword,0,NA
28,19175,24885,50,scheepvaart,word,word,1,563
28,8131,24764,50,grijsaard,word,word,1,604
28,22563,25008,50,symptoom,word,word,1,619
28,7055,25130,50,geperst,word,word,1,812
28,26183,24767,50,wandel,word,word,1,584
28,12111,24890,50,kroontje,word,word,1,828
28,4611,25093,50,doping,word,word,1,715
28,19593,25134,50,schouders,word,word,1,790
28,2501,25014,50,bosses,word,nonword,0,NA
28,19581,25136,50,schotels,word,word,1,720
28,13133,25097,50,liefsten,word,word,1,644
28,1665,24774,50,bewees,word,word,1,563
28,3489,25139,50,consent,word,nonword,0,NA
28,22285,25140,50,strikken,word,nonword,0,NA
28,3553,25020,50,cowboys,word,word,1,921
28,5981,25142,50,flessen,word,word,1,691
28,13573,24779,50,luchtje,word,word,1,486
28,9675,25144,50,hutjes,word,word,1,901
28,8667,25145,50,harer,word,nonword,0,NA
28,8119,25106,50,grijnzen,word,word,1,861
28,26759,25147,50,wijdten,word,word,1,1003
28,11695,24784,50,kopen,word,word,1,954
28,17727,25149,50,raap,word,word,1,909
28,22849,24786,50,tempel,word,word,1,638
28,22013,24787,50,stooltje,word,nonword,0,NA
28,26761,24788,50,wijdtes,word,word,1,1044
28,17467,24789,50,proeft,word,word,1,592
28,15779,24790,50,oogjes,word,word,1,509
28,7951,24791,50,graden,word,word,1,543
28,9119,25156,50,high,word,word,1,809
28,1057,25157,50,beeldje,word,word,1,877
28,4075,24794,50,deurtje,word,word,1,563
28,8669,24917,50,harig,word,word,1,572
28,22081,24796,50,stormpjes,word,word,1,576
28,17505,24797,50,prooi,word,word,1,574
28,12343,25162,50,kutje,word,word,1,835
28,21691,25163,50,stengels,word,word,1,1095
28,24721,25164,50,verstaat,word,word,1,864
28,20939,25165,50,speentje,word,word,1,963
28,7973,25045,50,grandeur,word,nonword,0,NA
28,7493,24803,50,gewicht,word,word,1,533
28,24209,24804,50,veer,word,word,1,581
28,11373,25048,50,knobbels,word,word,1,820
28,21311,24928,50,spugen,word,word,1,741
28,13501,25050,50,lopend,word,word,1,658
28,6727,25172,50,gehucht,word,word,1,796
28,13721,24931,50,maagzweer,word,word,1,601
28,19971,25174,50,shirt,word,word,1,779
28,22549,25175,50,sweaters,word,word,1,833
28,17741,24812,50,rabbijn,word,nonword,0,NA
28,7415,25137,50,gevergd,word,nonword,0,NA
28,20489,25178,50,smeris,word,word,1,675
28,26747,24815,50,wijde,word,word,1,615
28,8535,25180,50,halster,word,word,1,1148
28,12367,24817,50,kwaden,word,word,1,951
28,23089,24818,50,timbre,word,word,1,855
28,6531,25183,50,gebreid,word,word,1,NA
28,1923,25184,50,blanco,word,word,1,808
28,11297,25185,50,knechts,word,nonword,0,NA
28,21963,24904,50,stol,word,nonword,0,NA
28,9173,24823,50,ho,word,nonword,0,NA
28,22373,24824,50,strotjes,word,word,1,NA
28,759,24825,50,balkjes,word,word,1,584
28,6939,25190,50,geloodst,word,word,1,1067
28,26701,25191,50,wiegend,word,word,1,838
28,13581,25192,50,luchtruim,word,word,1,1131
28,965,25193,50,bedding,word,word,1,915
28,20453,25073,50,smaller,word,word,1,889
28,21843,24710,50,stijltjes,word,word,1,908
28,2223,24711,50,boei,word,word,1,637
28,23941,25197,50,uitzet,word,word,1,1004
28,9347,25077,50,hondje,word,word,1,682
28,10611,25078,50,kerels,word,word,1,677
28,16289,25200,50,passers,word,word,1,874
29,18252,24701,50,reid,nonword,nonword,1,540
29,22610,25106,50,teftisch,nonword,nonword,1,506
29,10840,24703,50,kep,nonword,nonword,1,413
29,5214,24704,50,oplo,nonword,nonword,1,483
29,6994,24826,50,gezijd,nonword,nonword,1,543
29,24788,25070,50,vervroogd,nonword,nonword,1,507
29,248,24707,50,afdrook,nonword,nonword,1,542
29,394,24708,50,albecht,nonword,nonword,1,494
29,8432,24709,50,hoetsje,nonword,nonword,1,464
29,11788,24710,50,kostvraas,nonword,nonword,1,482
29,21538,25075,50,stitten,nonword,nonword,1,565
29,19524,25197,50,schoomdas,nonword,nonword,1,478
29,27330,25198,50,podig,nonword,nonword,1,496
29,2110,24714,50,snormen,nonword,nonword,1,491
29,23446,24836,50,blipte,nonword,nonword,1,518
29,23202,24837,50,toerking,nonword,nonword,1,743
29,3470,24717,50,constuit,nonword,nonword,1,528
29,26194,24718,50,vongen,nonword,nonword,1,576
29,2304,24719,50,donken,nonword,nonword,1,591
29,21454,24720,50,stamhuim,nonword,nonword,1,461
29,20664,24721,50,prijten,nonword,nonword,1,432
29,17734,25086,50,moesde,nonword,nonword,1,766
29,22814,24723,50,hekart,nonword,nonword,1,436
29,5800,25088,50,sietje,nonword,nonword,1,484
29,23524,24846,50,sloernis,nonword,nonword,1,471
29,11938,24726,50,blosse,nonword,nonword,1,699
29,882,25090,50,bokse,nonword,nonword,1,601
29,6774,24970,50,gebent,nonword,nonword,1,566
29,17050,25093,50,pienen,nonword,nonword,1,493
29,14068,24730,50,peed,nonword,nonword,1,475
29,916,24731,50,bandins,nonword,nonword,1,494
29,23128,24732,50,chinge,nonword,nonword,1,480
29,5830,24854,50,fagties,nonword,nonword,1,516
29,28032,25098,50,snakter,nonword,nonword,1,487
29,9620,24856,50,haalwerk,nonword,nonword,1,NA
29,7166,24736,50,geschaagt,nonword,nonword,1,524
29,11650,25101,50,duiltje,nonword,nonword,1,555
29,4328,24738,50,mogtors,nonword,nonword,1,480
29,6356,24860,50,zaring,nonword,nonword,1,671
29,9516,24982,50,homvels,nonword,nonword,1,477
29,5630,24741,50,irtje,nonword,nonword,1,708
29,6190,24782,50,plapen,nonword,nonword,1,540
29,7418,25107,50,nelers,nonword,nonword,1,507
29,20470,24744,50,twaakten,nonword,nonword,1,527
29,26444,24745,50,hokkers,nonword,word,0,NA
29,24840,24746,50,verdukt,nonword,nonword,1,531
29,10196,24747,50,jompjes,nonword,nonword,1,500
29,5554,24748,50,ereg,nonword,nonword,1,502
29,13058,24749,50,hening,nonword,nonword,1,NA
29,17744,24750,50,ratt,nonword,nonword,1,564
29,25288,24751,50,bloeven,nonword,nonword,1,500
29,18150,24873,50,resoogst,nonword,nonword,1,485
29,25338,24753,50,vlog,nonword,nonword,1,662
29,5754,24754,50,fekten,nonword,nonword,1,498
29,18196,25119,50,keunel,nonword,nonword,1,600
29,1856,25120,50,rannen,nonword,nonword,1,758
29,14076,24757,50,mien,nonword,nonword,1,NA
29,7302,24758,50,gestrald,nonword,nonword,1,571
29,26074,24759,50,waargi,nonword,nonword,1,506
29,3978,25124,50,dindbaar,nonword,nonword,1,514
29,23014,24761,50,zoerde,nonword,nonword,1,570
29,3942,24762,50,mikkers,nonword,nonword,1,585
29,17194,24763,50,pakti,nonword,nonword,1,519
29,21200,24764,50,kroden,nonword,nonword,1,489
29,1696,24765,50,benaald,nonword,nonword,1,524
29,352,24766,50,eneer,nonword,nonword,1,493
29,1718,24767,50,beblier,nonword,nonword,1,494
29,10134,25010,50,cudy,nonword,nonword,1,615
29,16452,25133,50,pepas,nonword,nonword,1,481
29,24090,25134,50,pullend,nonword,nonword,1,644
29,12446,24771,50,snuike,nonword,nonword,1,593
29,21474,25136,50,stalp,nonword,nonword,1,626
29,16704,25137,50,pentool,nonword,nonword,1,463
29,3714,24895,50,deven,nonword,nonword,1,592
29,25454,24775,50,vorps,nonword,nonword,1,529
29,22378,24776,50,stronuk,nonword,nonword,1,482
29,10888,25141,50,trapers,nonword,nonword,1,450
29,25820,25142,50,kweest,nonword,nonword,1,503
29,16504,24779,50,porgen,nonword,nonword,1,535
29,18954,25143,50,fap,nonword,nonword,1,457
29,2332,25145,50,bonrin,nonword,nonword,1,473
29,23124,25186,50,putels,nonword,nonword,1,460
29,7544,24783,50,gedon,nonword,nonword,1,508
29,26952,24905,50,kijlen,nonword,nonword,1,664
29,7766,25149,50,sniren,nonword,nonword,1,464
29,14596,24786,50,vijren,nonword,nonword,1,499
29,16874,24908,50,preizen,nonword,nonword,1,515
29,3164,24909,50,cep,nonword,nonword,1,485
29,18870,24789,50,rinkten,nonword,word,0,NA
29,6006,24911,50,smetsen,nonword,nonword,1,595
29,18640,25155,50,ruims,nonword,nonword,1,551
29,25548,25156,50,vons,nonword,nonword,1,470
29,14070,24793,50,reedien,nonword,nonword,1,698
29,15268,24794,50,nas,nonword,nonword,1,483
29,1034,24795,50,beveisd,nonword,nonword,1,486
29,13300,24796,50,banze,nonword,nonword,1,457
29,14446,24797,50,mivoors,nonword,nonword,1,428
29,21084,24919,50,gratje,nonword,nonword,1,635
29,11780,24839,50,reste,nonword,word,0,NA
29,1222,24800,50,beknam,nonword,nonword,1,519
29,15528,25043,50,okvang,nonword,nonword,1,476
29,690,25166,50,bagjus,nonword,nonword,1,NA
29,17748,25167,50,rarst,nonword,nonword,1,513
29,27794,25168,50,zorren,nonword,nonword,1,482
29,23238,24926,50,telk,nonword,nonword,1,765
29,5020,24806,50,moefje,nonword,nonword,1,619
29,24988,25171,50,muurtal,nonword,word,0,NA
29,26806,24808,50,diesje,nonword,nonword,1,492
29,4168,24809,50,doep,nonword,nonword,1,542
29,25358,24810,50,vefje,nonword,nonword,1,461
29,16128,24811,50,maret,nonword,nonword,1,513
29,4336,24812,50,deek,nonword,nonword,1,546
29,19820,24813,50,frêters,nonword,nonword,1,498
29,11956,25178,50,brotten,nonword,nonword,1,477
29,23112,24815,50,zeppen,nonword,nonword,1,517
29,7552,25058,50,gezeent,nonword,nonword,1,451
29,19602,24938,50,schouwhorg,nonword,nonword,1,595
29,964,24818,50,ladden,nonword,nonword,1,565
29,954,24819,50,bem,nonword,nonword,1,516
29,11850,24820,50,klaal,nonword,nonword,1,550
29,18544,24821,50,millend,nonword,nonword,1,517
29,8072,24862,50,kreefjes,nonword,nonword,1,NA
29,5988,24984,50,kwakker,nonword,word,0,NA
29,7130,24945,50,geteefd,nonword,nonword,1,527
29,14606,24825,50,kiesten,nonword,word,0,NA
29,2270,24947,50,boerd,nonword,nonword,1,540
29,26350,24827,50,weerklams,nonword,nonword,1,559
29,14304,24828,50,datsers,nonword,nonword,1,541
29,23496,25193,50,tret,nonword,nonword,1,488
29,7114,24830,50,geromd,nonword,nonword,1,528
29,26934,24831,50,wakten,nonword,nonword,1,593
29,22098,25196,50,stoki,nonword,nonword,1,458
29,2034,24994,50,bloycotes,nonword,nonword,1,468
29,1848,24955,50,henden,nonword,nonword,1,589
29,10060,25199,50,jorm,nonword,nonword,1,418
29,13344,25078,50,bijder,nonword,nonword,1,471
29,20298,24917,50,slortse,nonword,nonword,1,738
29,15746,25039,50,ontmat,nonword,nonword,1,609
29,7730,25000,50,scappen,nonword,nonword,1,565
29,7190,24840,50,geschroog,nonword,nonword,1,507
29,3710,24841,50,dogvlad,nonword,nonword,1,477
29,6908,25164,50,geraard,nonword,nonword,1,432
29,9272,24964,50,huf,nonword,nonword,1,581
29,13906,24884,50,kanka,nonword,nonword,1,550
29,2214,24845,50,lijdels,nonword,nonword,1,484
29,23774,24967,50,tilsmolm,nonword,nonword,1,514
29,13854,24927,50,hekker,nonword,nonword,1,500
29,23368,24928,50,traankis,nonword,nonword,1,662
29,16902,25050,50,frevier,nonword,nonword,1,535
29,14844,24850,50,duvo,nonword,nonword,1,461
29,1610,24891,50,bedeefd,nonword,nonword,1,707
29,9552,24852,50,leutjes,nonword,word,0,NA
29,4186,24853,50,weepten,nonword,nonword,1,514
29,11752,24975,50,kokt,nonword,word,0,NA
29,18822,24976,50,runmind,nonword,nonword,1,497
29,7744,24977,50,gloedveeuw,nonword,nonword,1,563
29,18050,24897,50,heuken,nonword,nonword,1,684
29,21548,24979,50,stontte,nonword,nonword,1,638
29,5458,24980,50,esnin,nonword,nonword,1,475
29,23716,24981,50,tuip,nonword,nonword,1,574
29,7878,24941,50,goop,nonword,nonword,1,525
29,5066,25023,50,maatser,nonword,nonword,1,580
29,13064,24943,50,lipraat,nonword,nonword,1,525
29,7818,24985,50,goedschefs,nonword,nonword,1,511
29,20380,25146,50,sletsum,nonword,nonword,1,444
29,27562,24987,50,tuilig,nonword,nonword,1,527
29,19092,25109,50,scherde,nonword,nonword,1,497
29,8216,25150,50,spootjes,nonword,nonword,1,515
29,18374,24869,50,kempel,nonword,nonword,1,461
29,9692,24991,50,lymze,nonword,nonword,1,508
29,23780,25113,50,tulps,nonword,nonword,1,685
29,19900,24872,50,serreauxs,nonword,nonword,1,515
29,6974,25194,50,gevek,nonword,nonword,1,507
29,16210,25035,50,palda's,nonword,nonword,1,593
29,280,24996,50,otslag,nonword,nonword,1,476
29,3148,24876,50,jomper,nonword,nonword,1,516
29,692,25118,50,bofje,nonword,word,0,NA
29,15700,25038,50,ontplaat,nonword,nonword,1,NA
29,12936,25161,50,lomen,nonword,nonword,1,420
29,19540,24880,50,schaakmaak,nonword,word,0,NA
29,21138,24881,50,dreken,nonword,nonword,1,491
29,26596,25123,50,werkdrak,nonword,nonword,1,479
29,14,24883,50,eertje,nonword,nonword,1,666
29,19744,24924,50,schijft,nonword,nonword,1,658
29,2530,24885,50,boudués,nonword,nonword,1,485
29,17902,24886,50,pe's,nonword,nonword,1,536
29,6864,25021,50,gekint,nonword,nonword,1,583
29,18970,25061,50,tatroop,nonword,nonword,1,456
29,26998,25170,50,polden,nonword,word,0,NA
29,23814,25011,50,wreeën,nonword,nonword,1,643
29,2186,25051,50,hocht,nonword,nonword,1,487
29,19570,25053,50,schiksing,nonword,nonword,1,539
29,6640,24893,50,naastes,nonword,word,0,NA
29,3602,24934,50,cucs,nonword,nonword,1,475
29,27060,25016,50,morp,nonword,nonword,1,597
29,10920,24896,50,klosjes,nonword,nonword,1,558
29,19516,25179,50,schoolkruin,nonword,nonword,1,543
29,20604,24898,50,snekst,nonword,nonword,1,599
29,11122,24899,50,klapop,nonword,nonword,1,629
29,23338,25047,50,doraal,nonword,nonword,1,629
29,10746,25115,50,rieven,nonword,nonword,1,507
29,1828,24942,50,bijboort,nonword,nonword,1,525
29,18674,24983,50,ruts,nonword,nonword,1,446
29,26376,24904,50,doorwoord,nonword,nonword,1,636
29,18070,25105,50,kiesden,nonword,nonword,1,721
29,7036,24906,50,gasres,nonword,nonword,1,580
29,15424,25068,50,octreen,nonword,nonword,1,518
29,17186,24948,50,perven,nonword,nonword,1,572
29,20658,24949,50,gleurtje,nonword,word,0,NA
29,15014,24910,50,fave,nonword,nonword,1,647
29,3000,24951,50,hieging,nonword,nonword,1,565
29,9354,24952,50,benger,nonword,nonword,1,517
29,21304,25072,50,spletten,nonword,nonword,1,560
29,10244,24940,50,roesje,nonword,word,0,NA
29,25746,25036,50,marsten,nonword,nonword,1,575
29,12610,25158,50,halmden,nonword,nonword,1,476
29,22810,24930,50,pekert,nonword,nonword,1,481
29,21100,25056,50,spleek,nonword,nonword,1,528
29,27890,25160,50,techtte,nonword,nonword,1,498
29,16806,25121,50,zwentte,nonword,nonword,1,524
29,14988,24921,50,zeder,nonword,nonword,1,476
29,13464,25192,50,lieks,nonword,nonword,1,502
29,16134,24936,50,pelled,nonword,nonword,1,463
29,5840,25057,50,foensen,nonword,nonword,1,464
29,3222,24925,50,rinsuur,nonword,nonword,1,525
29,6614,25184,50,gedilmd,nonword,nonword,1,441
29,12392,24966,50,sjarnaal,nonword,nonword,1,546
29,22914,25127,50,terneun,nonword,nonword,1,533
29,2070,25062,50,bliem,nonword,nonword,1,588
29,10594,24974,50,monnels,nonword,nonword,1,526
29,26634,25189,50,wern,nonword,nonword,1,482
29,7258,25172,50,gedraakt,nonword,nonword,1,507
29,10838,24933,50,tiorg,nonword,nonword,1,506
29,4364,25139,50,meemden,nonword,nonword,1,645
29,444,25157,50,asser,nonword,nonword,1,473
29,6786,25190,50,gomheid,nonword,nonword,1,565
29,2588,24950,50,hox,nonword,nonword,1,499
29,22672,25176,50,zongo,nonword,nonword,1,437
29,19828,25108,50,scridt,nonword,nonword,1,444
29,27134,25135,50,scakte,nonword,nonword,1,480
29,27960,25185,50,zuurstuw,nonword,nonword,1,590
29,11052,25054,50,krotsnat,nonword,nonword,1,460
29,26770,25031,50,weik,nonword,nonword,1,565
29,15574,25182,50,olret,nonword,nonword,1,431
29,2360,25096,50,lannen,nonword,nonword,1,565
29,6814,25094,50,getrip,nonword,nonword,1,527
29,24688,25027,50,venzie,nonword,nonword,1,NA
29,24180,25111,50,dachtend,nonword,nonword,1,566
29,2314,25095,50,zol,nonword,word,0,NA
29,26423,24865,50,weiger,word,word,1,467
29,5949,24838,50,flaps,word,nonword,0,NA
29,11733,24728,50,korfbal,word,nonword,0,NA
29,6747,24847,50,geintje,word,word,1,602
29,22205,24946,50,streepjes,word,word,1,606
29,7663,24713,50,glad,word,word,1,456
29,2561,24727,50,bouwers,word,word,1,533
29,26397,24888,50,wegdek,word,word,1,579
29,13155,24740,50,liet,word,nonword,0,NA
29,3499,24799,50,contact,word,word,1,434
29,23843,24851,50,twijgjes,word,word,1,448
29,5433,24887,50,elzen,word,word,1,664
29,5199,24784,50,dwingt,word,word,1,476
29,12843,24844,50,leeszaal,word,word,1,548
29,24291,24712,50,ventje,word,word,1,468
29,20145,24877,50,slachting,word,word,1,533
29,19169,24913,50,scheepje,word,nonword,0,NA
29,10747,24874,50,kiertje,word,word,1,503
29,23633,24968,50,trottoirs,word,word,1,515
29,3951,24939,50,dekte,word,word,1,657
29,4047,24849,50,deuk,word,word,1,441
29,16951,24878,50,ploppen,word,nonword,0,NA
29,15633,24892,50,ontbrak,word,word,1,445
29,9843,24716,50,inkoop,word,word,1,460
29,9235,24842,50,hoera,word,word,1,495
29,3917,24923,50,degen,word,word,1,529
29,16537,24963,50,peuken,word,word,1,599
29,19247,24920,50,scheppen,word,word,1,440
29,26055,24965,50,waardig,word,word,1,579
29,24507,24858,50,verklaard,word,word,1,475
29,27881,24725,50,zuchten,word,word,1,474
29,14707,24780,50,moor,word,word,1,503
29,11627,24768,50,kooiman,word,word,1,544
29,7345,24823,50,getroost,word,word,1,NA
29,18813,24931,50,rukken,word,word,1,468
29,18641,24824,50,roomse,word,word,1,612
29,2177,24986,50,bobby,word,word,1,544
29,1301,24961,50,bemoeit,word,word,1,550
29,369,24882,50,alla,word,word,1,621
29,25017,24855,50,vijgen,word,word,1,532
29,18399,24843,50,ritme,word,word,1,464
29,5951,24817,50,flapte,word,word,1,566
29,2529,24912,50,boudoirs,word,word,1,545
29,829,24859,50,banket,word,word,1,476
29,10011,24954,50,jaszak,word,word,1,657
29,17361,24995,50,prettig,word,word,1,422
29,14349,24956,50,miertje,word,word,1,748
29,17735,24715,50,raasden,word,word,1,557
29,15783,24958,50,oogmerk,word,word,1,514
29,18519,24959,50,rok,word,word,1,500
29,5223,24960,50,echtheid,word,word,1,517
29,2567,24868,50,bouwplan,word,word,1,491
29,14987,24788,50,nader,word,word,1,459
29,17697,24857,50,raadsel,word,word,1,521
29,18957,25004,50,sappig,word,word,1,577
29,9941,25005,50,jack,word,word,1,511
29,25533,24953,50,voltes,word,word,1,645
29,5271,25007,50,eensklaps,word,word,1,750
29,26209,25008,50,war,word,word,1,549
29,527,24848,50,armoe,word,word,1,519
29,3535,24889,50,coupés,word,word,1,545
29,4323,24971,50,dochters,word,word,1,486
29,19743,24972,50,schuift,word,word,1,456
29,13677,25013,50,lustte,word,word,1,558
29,3443,25001,50,colt,word,word,1,660
29,1501,24962,50,besteed,word,word,1,535
29,20851,25003,50,spant,word,word,1,529
29,27067,24735,50,worstje,word,word,1,440
29,27195,24978,50,zaagjes,word,word,1,626
29,26493,25019,50,welving,word,word,1,549
29,17399,25020,50,prikkels,word,word,1,517
29,14539,24739,50,mochten,word,word,1,451
29,7913,24702,50,goudvis,word,word,1,491
29,9997,24903,50,jargons,word,word,1,524
29,15099,24944,50,neigen,word,word,1,542
29,3389,24864,50,co,word,nonword,0,NA
29,12915,25026,50,lekker,word,word,1,543
29,12171,24907,50,kruisboog,word,word,1,515
29,9135,24867,50,hikte,word,word,1,555
29,20547,24774,50,snakte,word,word,1,496
29,15619,25030,50,ons,word,word,1,549
29,8897,24790,50,heling,word,word,1,500
29,483,24871,50,anus,word,word,1,514
29,20071,24993,50,sjeik,word,word,1,464
29,24251,25034,50,veldfles,word,word,1,578
29,19979,24914,50,shit,word,word,1,527
29,25977,24875,50,vuur,word,word,1,681
29,13099,24916,50,lidje,word,nonword,0,NA
29,20089,24998,50,ski's,word,word,1,530
29,10175,24999,50,junkie,word,word,1,482
29,18323,24798,50,rijmpje,word,word,1,512
29,28109,25041,50,zwermpjes,word,word,1,654
29,7073,24989,50,gepleit,word,word,1,489
29,16005,24801,50,oudje,word,word,1,494
29,11491,25044,50,koeriers,word,word,1,494
29,25927,25045,50,vruchtjes,word,word,1,447
29,14153,25046,50,melden,word,word,1,499
29,12281,24805,50,kullen,word,nonword,0,NA
29,1511,25048,50,besteld,word,word,1,514
29,14635,25009,50,mol,word,word,1,501
29,19267,24929,50,scherf,word,word,1,546
29,10823,24890,50,kindjes,word,word,1,497
29,24701,25012,50,verslond,word,word,1,592
29,27499,24932,50,zestig,word,word,1,487
29,14397,24894,50,mikpunt,word,word,1,494
29,4617,25042,50,dor,word,word,1,506
29,6779,24935,50,gekend,word,word,1,526
29,26203,25017,50,wanten,word,word,1,563
29,22529,24816,50,suprème,word,word,1,550
29,475,25059,50,anti,word,word,1,503
29,5963,25060,50,flatjes,word,nonword,0,NA
29,1043,24900,50,beek,word,word,1,674
29,25401,24861,50,voerde,word,word,1,459
29,10619,24902,50,kerke,word,word,1,656
29,19853,25024,50,seinde,word,word,1,594
29,22225,25065,50,stremsels,word,nonword,0,NA
29,20287,25066,50,slimme,word,word,1,431
29,10835,25067,50,kinnen,word,word,1,484
29,20655,25028,50,snoeren,word,word,1,515
29,11021,24787,50,kleintjes,word,word,1,405
29,13087,24706,50,lichtjes,word,word,1,425
29,19349,24870,50,schier,word,nonword,0,NA
29,4653,25032,50,douchecel,word,word,1,580
29,11523,25033,50,koevoet,word,word,1,563
29,11437,25074,50,knusse,word,word,1,482
29,23001,24711,50,tienen,word,word,1,581
29,25393,25076,50,voelen,word,word,1,451
29,11307,25077,50,knel,word,word,1,567
29,21621,24957,50,steigers,word,word,1,563
29,10561,25079,50,kelk,word,word,1,459
29,4471,25080,50,doodde,word,word,1,509
29,21381,25081,50,staat,word,word,1,447
29,13019,25082,50,leunden,word,word,1,467
29,9201,25083,50,hoefden,word,word,1,502
29,8049,25084,50,grens,word,word,1,456
29,6815,25085,50,geklopt,word,word,1,492
29,16343,24722,50,pats,word,word,1,564
29,3363,25087,50,clichés,word,word,1,565
29,6651,24724,50,geeuwend,word,word,1,537
29,23183,25089,50,toestaan,word,word,1,502
29,17341,24969,50,prenten,word,word,1,500
29,26791,25091,50,wijnhuis,word,word,1,423
29,9723,25052,50,ietsje,word,nonword,0,NA
29,14697,24729,50,mooier,word,word,1,456
29,21891,24973,50,stip,word,word,1,492
29,25923,25015,50,vruchten,word,word,1,416
29,3653,24733,50,daar,word,word,1,483
29,6871,25097,50,gel,word,word,1,484
29,27493,24734,50,zessen,word,word,1,469
29,3603,25099,50,culten,word,nonword,0,NA
29,2007,25100,50,blikken,word,word,1,506
29,19841,24737,50,sector,word,word,1,445
29,14965,24901,50,nachtdienst,word,word,1,511
29,8379,25103,50,haaf,word,nonword,0,NA
29,18579,25104,50,rompslomp,word,word,1,595
29,14103,24863,50,meester,word,word,1,476
29,18847,24742,50,rus,word,word,1,637
29,27905,24743,50,zuigen,word,word,1,409
29,15159,24866,50,netwerk,word,word,1,421
29,9639,24988,50,huls,word,word,1,736
29,12999,25110,50,letters,word,word,1,466
29,4353,24990,50,doelloos,word,word,1,507
29,9401,25112,50,hoofdzin,word,word,1,741
29,15357,24992,50,noot,word,word,1,477
29,9193,25114,50,hoedje,word,word,1,455
29,2685,24752,50,bravoure,word,word,1,NA
29,17911,25116,50,recht,word,nonword,0,NA
29,2347,25117,50,bonjour,word,word,1,521
29,12847,24997,50,leeuwen,word,word,1,463
29,27353,24755,50,zeemeeuw,word,word,1,452
29,9659,24756,50,hunnen,word,word,1,775
29,8015,24879,50,grave,word,word,1,437
29,26503,25122,50,wendden,word,word,1,509
29,17091,25002,50,pols,word,word,1,512
29,14095,24760,50,meesjes,word,word,1,555
29,10087,25125,50,joker,word,word,1,498
29,19077,25126,50,schaffen,word,word,1,532
29,16595,25006,50,pijen,word,word,1,641
29,19095,25128,50,schalks,word,word,1,550
29,18725,25129,50,rubber,word,word,1,NA
29,17453,25130,50,probleem,word,word,1,489
29,4361,25131,50,doemde,word,word,1,508
29,27187,25092,50,zaad,word,word,1,491
29,11581,24769,50,komijn,word,word,1,480
29,21617,24770,50,stegen,word,word,1,563
29,8127,25014,50,grijpt,word,word,1,461
29,4011,24772,50,des,word,word,1,560
29,10283,24773,50,kaken,word,word,1,527
29,26139,25138,50,wakker,word,word,1,498
29,235,25018,50,aders,word,word,1,483
29,27925,25140,50,zuiver,word,word,1,480
29,6485,24777,50,gebaard,word,word,1,517
29,25949,25102,50,vuistslag,word,word,1,443
29,13247,25022,50,likeur,word,word,1,565
29,17375,25144,50,priemen,word,word,1,619
29,4461,24781,50,donors,word,word,1,474
29,17001,25025,50,poef,word,word,1,593
29,17823,25147,50,ranches,word,nonword,0,NA
29,2809,25148,50,broeder,word,word,1,444
29,23053,24785,50,tijen,word,nonword,0,NA
29,401,25029,50,als,word,word,1,533
29,10411,25151,50,kar,word,word,1,469
29,7077,25152,50,geplukt,word,word,1,535
29,6731,25153,50,gehuild,word,word,1,456
29,5823,25154,50,fiches,word,word,1,684
29,18621,24791,50,rooie,word,word,1,469
29,4259,24792,50,dinars,word,word,1,520
29,19923,24915,50,service,word,word,1,511
29,25639,25037,50,voorrang,word,word,1,525
29,13473,25159,50,loontjes,word,word,1,447
29,9929,24918,50,jaartal,word,word,1,490
29,541,25040,50,artiest,word,word,1,510
29,425,25162,50,alwaar,word,word,1,474
29,11843,25163,50,kraakt,word,word,1,445
29,129,24922,50,aardje,word,word,1,479
29,14679,25165,50,monsieur,word,word,1,501
29,22523,24802,50,summum,word,word,1,544
29,25047,24803,50,viltstift,word,word,1,592
29,10589,24804,50,kenmerkt,word,word,1,478
29,6077,25169,50,fondsen,word,word,1,533
29,26483,25049,50,welp,word,word,1,450
29,3269,24807,50,chefs,word,word,1,473
29,23365,25132,50,traan,word,word,1,428
29,25549,25173,50,vonden,word,word,1,444
29,24531,25174,50,verkrijgt,word,word,1,481
29,15559,25175,50,omstreeks,word,word,1,483
29,18029,25055,50,regelt,word,word,1,527
29,8143,25177,50,grillen,word,word,1,474
29,3745,24814,50,daling,word,word,1,NA
29,6691,24937,50,gegrom,word,nonword,0,NA
29,12253,25180,50,kuipen,word,word,1,623
29,53,25181,50,aanleg,word,word,1,460
29,3539,24778,50,coupon,word,word,1,518
29,14293,25183,50,metro,word,word,1,403
29,16203,25063,50,papje,word,word,1,474
29,5777,25064,50,feestdag,word,word,1,461
29,341,24822,50,album,word,word,1,NA
29,12545,25187,50,lady,word,nonword,0,NA
29,16069,25188,50,paasbloem,word,word,1,479
29,15887,24705,50,opgaan,word,word,1,454
29,7687,25069,50,glazig,word,word,1,471
29,3827,25191,50,dashboard,word,nonword,0,NA
29,4559,25071,50,doorleefd,word,word,1,444
29,20341,24829,50,slok,word,word,1,478
29,20575,25073,50,sneetje,word,word,1,479
29,9757,25195,50,ijstijd,word,word,1,588
29,16523,24832,50,pesten,word,word,1,446
29,951,24833,50,beauty's,word,nonword,0,NA
29,22243,24834,50,streven,word,word,1,465
29,10445,24835,50,kas,word,nonword,0,NA
29,1703,25200,50,bezig,word,word,1,519
3,13538,24701,50,voden,nonword,nonword,1,903
3,15640,24702,50,ontleid,nonword,nonword,1,681
3,1556,24824,50,beloom,nonword,nonword,1,566
3,7962,25068,50,grag,nonword,nonword,1,576
3,23146,24826,50,tie,nonword,word,0,NA
3,24,24706,50,aanplok,nonword,nonword,1,540
3,2500,24707,50,ressen,nonword,nonword,1,571
3,16212,24708,50,teppen,nonword,nonword,1,523
3,846,24709,50,lennen,nonword,nonword,1,540
3,20700,24710,50,snonkte,nonword,nonword,1,475
3,4136,24711,50,ruinde,nonword,nonword,1,461
3,1472,24712,50,bevreerd,nonword,nonword,1,593
3,23858,24713,50,tysaans,nonword,nonword,1,495
3,1550,24714,50,hoten,nonword,nonword,1,544
3,6802,25200,50,geslopt,nonword,nonword,1,819
3,7584,25080,50,goolden,nonword,nonword,1,610
3,11588,24717,50,damma's,nonword,nonword,1,643
3,27734,24718,50,talder,nonword,nonword,1,606
3,12710,24840,50,vade,nonword,nonword,1,679
3,24588,24881,50,vernend,nonword,nonword,1,594
3,24608,25085,50,vervaaid,nonword,nonword,1,542
3,17250,24722,50,potmaad,nonword,nonword,1,575
3,16880,24723,50,proester,nonword,nonword,1,702
3,9228,25087,50,luintjes,nonword,nonword,1,783
3,25918,25089,50,vreekvolk,nonword,nonword,1,614
3,14574,25090,50,maaglijk,nonword,nonword,1,595
3,20634,24727,50,snet,nonword,nonword,1,582
3,7022,25092,50,geneen,nonword,nonword,1,608
3,10642,24729,50,kelg,nonword,nonword,1,499
3,23520,25094,50,breiren,nonword,nonword,1,700
3,16762,25095,50,plalkand,nonword,nonword,1,645
3,7292,25096,50,gestrilt,nonword,nonword,1,753
3,14982,24733,50,lavat,nonword,nonword,1,569
3,7492,24734,50,gezost,nonword,nonword,1,937
3,13054,24735,50,hemer,nonword,nonword,1,569
3,17468,24736,50,pruift,nonword,nonword,1,633
3,17974,24737,50,hoden,nonword,nonword,1,485
3,27218,24738,50,tochte,nonword,nonword,1,967
3,1732,25103,50,huddend,nonword,nonword,1,840
3,5278,24740,50,oonwoud,nonword,nonword,1,576
3,10440,24741,50,tantons,nonword,nonword,1,574
3,8698,24742,50,lankjes,nonword,nonword,1,557
3,10986,24864,50,grijfde,nonword,nonword,1,618
3,16482,24744,50,derseel,nonword,nonword,1,476
3,17900,25109,50,ro,nonword,nonword,1,562
3,1648,25110,50,bezijkt,nonword,nonword,1,722
3,24510,24747,50,versloort,nonword,nonword,1,572
3,19670,25112,50,schronen,nonword,nonword,1,812
3,17256,24991,50,pakters,nonword,nonword,1,572
3,8804,24871,50,liette,nonword,nonword,1,689
3,14572,24993,50,dijheid,nonword,nonword,1,562
3,15068,24752,50,nei,nonword,nonword,1,627
3,15896,24753,50,opmorst,nonword,nonword,1,959
3,23606,24754,50,sleentje,nonword,nonword,1,559
3,14952,24876,50,noost,nonword,nonword,1,476
3,17502,24756,50,plinken,nonword,nonword,1,671
3,5958,24757,50,flistje,nonword,nonword,1,666
3,28124,25122,50,vleren,nonword,nonword,1,628
3,3970,24759,50,dintte,nonword,nonword,1,485
3,28158,24800,50,zweeltjes,nonword,nonword,1,521
3,5844,25125,50,foensers,nonword,nonword,1,544
3,4010,24883,50,dontig,nonword,nonword,1,590
3,15390,24763,50,ni,nonword,nonword,1,NA
3,10782,24764,50,moekers,nonword,nonword,1,598
3,10950,24765,50,klaai,nonword,nonword,1,547
3,22636,24887,50,sal,nonword,nonword,1,NA
3,9576,25131,50,huidpar,nonword,nonword,1,686
3,4336,25010,50,deek,nonword,nonword,1,890
3,1774,24890,50,buimen,nonword,nonword,1,526
3,14774,24770,50,porel,nonword,word,0,NA
3,24604,24771,50,verdood,nonword,nonword,1,880
3,17800,25136,50,rakky's,nonword,nonword,1,517
3,11338,24773,50,smik,nonword,word,0,NA
3,20738,25138,50,fikkels,nonword,nonword,1,721
3,724,25139,50,lasje,nonword,nonword,1,826
3,22370,24776,50,strat,nonword,nonword,1,618
3,19994,24777,50,shons,nonword,nonword,1,600
3,2162,24778,50,plossen,nonword,nonword,1,597
3,2998,25021,50,leigend,nonword,nonword,1,628
3,13962,24780,50,mangs,nonword,nonword,1,517
3,18512,25145,50,magge,nonword,nonword,1,615
3,20798,25146,50,counds,nonword,nonword,1,501
3,2474,24783,50,bakstels,nonword,nonword,1,968
3,18166,24784,50,kelfjes,nonword,nonword,1,936
3,14096,24785,50,woosjes,nonword,nonword,1,520
3,12156,24786,50,bruiltje,nonword,nonword,1,650
3,1308,24787,50,beneidt,nonword,nonword,1,549
3,27608,24788,50,tijwaards,nonword,nonword,1,613
3,14542,24789,50,kedder,nonword,nonword,1,690
3,25372,24790,50,voelbaam,nonword,nonword,1,620
3,27636,24912,50,tonloos,nonword,nonword,1,483
3,25132,25156,50,vloems,nonword,word,0,NA
3,50,24793,50,aannorst,nonword,nonword,1,533
3,20260,24794,50,broerten,nonword,nonword,1,612
3,5398,24835,50,oostes,nonword,nonword,1,565
3,7418,24796,50,nelers,nonword,nonword,1,476
3,23792,24797,50,zossen,nonword,nonword,1,510
3,24342,24798,50,verspek,nonword,nonword,1,NA
3,14564,24799,50,vijde,nonword,nonword,1,536
3,556,25082,50,acool,nonword,nonword,1,604
3,460,24801,50,angstzwaam,nonword,nonword,1,NA
3,18540,24802,50,roltruig,nonword,nonword,1,744
3,13194,25167,50,doeder,nonword,nonword,1,548
3,3764,24925,50,han,nonword,nonword,1,642
3,3542,24805,50,toubons,nonword,nonword,1,564
3,17070,25170,50,tekken,nonword,nonword,1,1008
3,5272,24807,50,eendblaps,nonword,nonword,1,494
3,7000,24808,50,gan,nonword,nonword,1,495
3,13984,25173,50,wargen,nonword,nonword,1,889
3,2676,24930,50,blindy,nonword,nonword,1,729
3,4944,24811,50,spuif,nonword,nonword,1,500
3,26474,25175,50,lilles,nonword,nonword,1,859
3,21150,24853,50,drook,nonword,nonword,1,648
3,25126,25056,50,zwaag,nonword,nonword,1,772
3,7802,25057,50,golfroek,nonword,nonword,1,619
3,20270,25180,50,proeper,nonword,nonword,1,743
3,19992,24817,50,glot,nonword,nonword,1,623
3,16512,24818,50,perwars,nonword,nonword,1,524
3,1536,25183,50,bedraar,nonword,nonword,1,NA
3,7504,24820,50,gemon,nonword,nonword,1,553
3,15926,25185,50,olslaan,nonword,nonword,1,697
3,25486,24983,50,vortbaam,nonword,nonword,1,616
3,9076,24863,50,leilen,nonword,nonword,1,521
3,6428,24945,50,norden,nonword,nonword,1,693
3,26448,24865,50,dakte,nonword,word,0,NA
3,25590,24866,50,maardeel,nonword,nonword,1,567
3,25728,25191,50,veldden,nonword,word,0,NA
3,8388,24828,50,hooden,nonword,nonword,1,479
3,8140,24829,50,gral,nonword,nonword,1,562
3,10248,24830,50,paats,nonword,nonword,1,481
3,24732,25195,50,verstas,nonword,nonword,1,558
3,23506,25196,50,brokkers,nonword,nonword,1,604
3,23902,24954,50,aakje,nonword,nonword,1,473
3,25786,24834,50,trapend,nonword,nonword,1,517
3,10416,24875,50,maven,nonword,nonword,1,540
3,18828,25199,50,tumeur,nonword,word,0,NA
3,15814,24837,50,oopt,nonword,nonword,1,620
3,5162,25120,50,wreesheid,nonword,nonword,1,816
3,46,24839,50,aanrof,nonword,nonword,1,635
3,17936,25041,50,wichtse,nonword,nonword,1,649
3,10020,25002,50,joons,nonword,nonword,1,639
3,8042,24842,50,kloontjes,nonword,word,0,NA
3,27990,24923,50,zweerst,nonword,nonword,1,557
3,13722,24844,50,maagvloer,nonword,nonword,1,744
3,6340,25127,50,taar,nonword,nonword,1,645
3,20690,24967,50,vraatje,nonword,nonword,1,741
3,15170,25129,50,neigons,nonword,nonword,1,694
3,13374,24848,50,deg,nonword,nonword,1,543
3,19834,24849,50,scrilms,nonword,nonword,1,590
3,21594,24970,50,staakse,nonword,nonword,1,623
3,23626,25012,50,slussen,nonword,nonword,1,622
3,10404,25013,50,moppers,nonword,nonword,1,667
3,20058,25014,50,sjeils,nonword,nonword,1,679
3,5604,24854,50,itters,nonword,nonword,1,516
3,23192,24976,50,pijters,nonword,nonword,1,489
3,14628,25017,50,dekers,nonword,nonword,1,622
3,6332,25099,50,gien,nonword,nonword,1,664
3,15696,24979,50,ontraai,nonword,nonword,1,558
3,5748,24859,50,sato,nonword,nonword,1,706
3,146,24981,50,oornen,nonword,nonword,1,638
3,16400,24861,50,zeitjes,nonword,word,0,NA
3,22588,25144,50,zoortje,nonword,nonword,1,668
3,6798,24903,50,gevraamd,nonword,nonword,1,550
3,17972,25024,50,lode,nonword,nonword,1,640
3,6654,24905,50,goorntje,nonword,nonword,1,515
3,20922,24986,50,speenplaard,nonword,nonword,1,702
3,22964,24867,50,twees,nonword,nonword,1,471
3,494,24868,50,amplaas,nonword,nonword,1,458
3,27358,24869,50,zees,nonword,nonword,1,NA
3,20680,24910,50,snotreis,nonword,nonword,1,507
3,4732,24992,50,brofje,nonword,nonword,1,764
3,21960,25073,50,starte,nonword,word,0,NA
3,23552,24913,50,tritryx,nonword,nonword,1,438
3,9550,24874,50,lijtje,nonword,nonword,1,658
3,21694,24915,50,slep,nonword,nonword,1,461
3,20090,25118,50,sfi's,nonword,nonword,1,777
3,16744,24877,50,prootsten,nonword,nonword,1,527
3,26562,24918,50,dorken,nonword,nonword,1,549
3,23344,24879,50,zotets,nonword,nonword,1,527
3,11552,25081,50,poks,nonword,nonword,1,622
3,16184,25042,50,partger,nonword,nonword,1,742
3,9380,24882,50,hoofdplok,nonword,nonword,1,575
3,24804,25043,50,verveert,nonword,word,0,NA
3,324,24884,50,efen,nonword,nonword,1,732
3,18306,25046,50,doeke,nonword,nonword,1,796
3,222,24886,50,omder,nonword,nonword,1,470
3,27382,24927,50,zeewalk,nonword,nonword,1,587
3,1258,25048,50,belapt,nonword,nonword,1,536
3,2904,25050,50,sloggen,nonword,nonword,1,632
3,20704,25171,50,tocieus,nonword,nonword,1,525
3,24358,25051,50,morder,nonword,nonword,1,741
3,26522,25053,50,wengt,nonword,nonword,1,586
3,18726,25134,50,debber,nonword,nonword,1,786
3,19332,24894,50,schouden,nonword,nonword,1,724
3,21488,25016,50,stempjes,nonword,word,0,NA
3,23510,25137,50,bloktang,nonword,nonword,1,661
3,406,24937,50,alfjaar,nonword,nonword,1,594
3,5882,24898,50,fick,nonword,nonword,1,672
3,22642,24939,50,tams,nonword,nonword,1,788
3,10042,25142,50,jijk,nonword,nonword,1,NA
3,6840,25062,50,gekeund,nonword,nonword,1,682
3,23732,24942,50,tijltje,nonword,nonword,1,571
3,19190,25104,50,schoegde,nonword,nonword,1,588
3,14346,25184,50,miep,nonword,nonword,1,687
3,10928,24958,50,grapzoos,nonword,nonword,1,476
3,28002,25026,50,knarheid,nonword,nonword,1,619
3,4468,24907,50,motra's,nonword,nonword,1,460
3,17066,24908,50,cok,nonword,nonword,1,719
3,11378,25030,50,knimlook,nonword,nonword,1,674
3,13432,24950,50,lots,nonword,word,0,NA
3,12462,24911,50,ba's,nonword,word,0,NA
3,12826,25086,50,liert,nonword,nonword,1,542
3,10294,25074,50,martje,nonword,nonword,1,591
3,11082,25034,50,breren,nonword,nonword,1,611
3,10360,25076,50,kank,nonword,nonword,1,667
3,6958,25077,50,gerek,nonword,nonword,1,598
3,4566,25038,50,weernen,nonword,nonword,1,572
3,10092,25091,50,jor,nonword,nonword,1,544
3,21454,25160,50,stamhuim,nonword,nonword,1,617
3,25746,25000,50,marsten,nonword,nonword,1,589
3,6098,25121,50,serma,nonword,nonword,1,597
3,18042,24922,50,regorm,nonword,nonword,1,491
3,9292,24949,50,loga,nonword,word,0,NA
3,23328,24924,50,vor,nonword,word,0,NA
3,22266,25059,50,straamlust,nonword,nonword,1,905
3,27010,25047,50,wein,nonword,nonword,1,NA
3,7092,25128,50,gehit,nonword,word,0,NA
3,15780,25102,50,eedjes,nonword,word,0,NA
3,20538,24982,50,vlack,nonword,nonword,1,603
3,5074,25063,50,kieven,nonword,nonword,1,611
3,16890,25157,50,prijtten,nonword,word,0,NA
3,19290,25123,50,schompte,nonword,nonword,1,847
3,21388,25111,50,steurse,nonword,nonword,1,491
3,6974,24974,50,gevek,nonword,nonword,1,536
3,15182,24975,50,lautraal,nonword,nonword,1,503
3,5754,25061,50,fekten,nonword,nonword,1,603
3,4192,25060,50,diel,nonword,nonword,1,539
3,21420,24951,50,stafslaf,nonword,nonword,1,753
3,6148,25100,50,snectie,nonword,nonword,1,707
3,3262,25036,50,chauffeel,nonword,nonword,1,788
3,13982,25166,50,mard,nonword,nonword,1,548
3,10794,25029,50,dakker,nonword,nonword,1,798
3,17290,24996,50,prapdijk,nonword,nonword,1,586
3,17124,25190,50,paamde,nonword,nonword,1,660
3,18654,25147,50,kaasters,nonword,nonword,1,518
3,20378,25019,50,tretjes,nonword,nonword,1,600
3,17208,24987,50,porma's,nonword,nonword,1,728
3,19286,25045,50,schalper,nonword,nonword,1,539
3,1150,25152,50,begaard,nonword,nonword,1,598
3,14226,25164,50,vippen,nonword,nonword,1,550
3,9592,25044,50,hook,nonword,nonword,1,606
3,15384,25163,50,setie,nonword,nonword,1,817
3,13134,25165,50,lijdsten,nonword,nonword,1,682
3,5293,24852,50,eerst,word,word,1,570
3,3329,24813,50,citaat,word,word,1,551
3,21633,24768,50,steken,word,word,1,569
3,3759,24810,50,dampend,word,word,1,548
3,8211,24703,50,groet,word,word,1,450
3,3611,24705,50,curling,word,word,1,857
3,2091,24720,50,blok,word,word,1,492
3,17367,24843,50,prezen,word,word,1,668
3,6697,24888,50,gehaald,word,word,1,653
3,19589,24795,50,schotten,word,word,1,690
3,27931,24751,50,zulks,word,nonword,0,NA
3,23557,24825,50,troebel,word,word,1,533
3,27339,24838,50,zeefje,word,nonword,0,NA
3,18575,24919,50,romp,word,word,1,405
3,23729,24928,50,tuinstoel,word,word,1,569
3,2289,24969,50,boezem,word,word,1,459
3,15409,24856,50,nut,word,word,1,453
3,10295,24914,50,kalfjes,word,word,1,491
3,12175,24972,50,kruiser,word,nonword,0,NA
3,13651,24812,50,lullen,word,word,1,501
3,24285,24743,50,vensters,word,word,1,556
3,18071,24851,50,reisdoel,word,word,1,NA
3,24557,24897,50,verlicht,word,word,1,527
3,19027,24977,50,schaaltje,word,word,1,508
3,639,24841,50,baard,word,word,1,546
3,12017,24814,50,krijg,word,word,1,423
3,27209,24847,50,zaal,word,word,1,510
3,27353,24901,50,zeemeeuw,word,word,1,574
3,6399,24822,50,gangen,word,word,1,443
3,12755,24850,50,ledig,word,word,1,684
3,25883,24904,50,vroeger,word,word,1,597
3,21873,24985,50,stilte,word,word,1,543
3,2839,24906,50,broers,word,word,1,357
3,4625,24934,50,dorpje,word,word,1,477
3,16543,24988,50,peuter,word,word,1,609
3,3623,24762,50,cut,word,word,1,493
3,23067,24749,50,tikken,word,word,1,510
3,23147,24791,50,toedoen,word,word,1,681
3,7575,24873,50,gidsjes,word,word,1,612
3,24993,24872,50,vies,word,word,1,748
3,4697,24833,50,draaiden,word,word,1,498
3,6883,24995,50,gelde,word,word,1,404
3,23967,24823,50,uurtje,word,word,1,384
3,21029,24715,50,spier,word,word,1,496
3,24643,24998,50,verrek,word,word,1,453
3,25391,24959,50,voelden,word,word,1,495
3,17795,24880,50,raket,word,word,1,512
3,27161,24719,50,wulpse,word,word,1,540
3,27393,24815,50,zegels,word,word,1,460
3,15187,24963,50,nevels,word,word,1,480
3,10239,24857,50,kaartjes,word,word,1,440
3,3057,24750,50,bundels,word,word,1,479
3,22909,24845,50,terra,word,word,1,543
3,9201,24846,50,hoefden,word,word,1,575
3,4783,24968,50,drek,word,word,1,572
3,3537,25009,50,couplet,word,word,1,503
3,25993,24769,50,vuurwerk,word,word,1,391
3,2045,24931,50,bloedend,word,word,1,577
3,8861,24891,50,hekel,word,word,1,495
3,35,24973,50,aandrang,word,word,1,601
3,24591,24893,50,vermengd,word,word,1,581
3,7009,25015,50,geneest,word,word,1,465
3,25891,24855,50,vrolijk,word,word,1,582
3,7571,24896,50,gidsen,word,word,1,444
3,19287,25018,50,scherpste,word,word,1,619
3,17509,24899,50,prooitje,word,nonword,0,NA
3,2671,24980,50,brandt,word,word,1,525
3,3785,24779,50,dankzij,word,word,1,483
3,15765,25022,50,onzent,word,nonword,0,NA
3,21427,24943,50,stage,word,word,1,442
3,13791,24944,50,macho,word,word,1,766
3,18375,25025,50,rimpels,word,word,1,540
3,2107,24946,50,blomme,word,nonword,0,NA
3,14645,24947,50,mom,word,word,1,874
3,9069,25028,50,hiel,word,word,1,492
3,7843,24989,50,golfslag,word,word,1,590
3,8715,24909,50,havens,word,word,1,456
3,13639,24870,50,luizen,word,word,1,680
3,26831,25032,50,wilde,word,word,1,427
3,15645,25033,50,ontdoen,word,word,1,448
3,1941,24994,50,blazen,word,word,1,481
3,19267,25035,50,scherf,word,word,1,465
3,15677,24916,50,ontkomt,word,word,1,814
3,18109,24755,50,rem,word,word,1,509
3,7193,24917,50,geschut,word,word,1,499
3,19061,24878,50,schaartjes,word,word,1,528
3,8579,25040,50,handen,word,word,1,554
3,12059,25001,50,kristal,word,word,1,510
3,7977,24962,50,graniet,word,word,1,578
3,19619,25003,50,schrale,word,nonword,0,NA
3,25719,24964,50,vorken,word,word,1,450
3,6937,24724,50,gelokt,word,word,1,632
3,337,24885,50,al,word,word,1,484
3,8647,24926,50,harden,word,word,1,NA
3,1325,24766,50,benul,word,word,1,579
3,5017,25049,50,duif,word,word,1,585
3,5547,24889,50,ernst,word,word,1,410
3,7451,24971,50,gevreesd,word,nonword,0,NA
3,3561,25052,50,crèche,word,word,1,588
3,8039,24932,50,greintje,word,word,1,607
3,2835,24933,50,broekzak,word,word,1,541
3,4649,25055,50,dotten,word,nonword,0,NA
3,385,24935,50,alles,word,word,1,479
3,13109,24936,50,lieden,word,word,1,530
3,18907,25058,50,sagen,word,nonword,0,NA
3,1437,24938,50,beschrijf,word,word,1,432
3,3695,25020,50,dachten,word,word,1,598
3,17561,24940,50,psalmpje,word,word,1,651
3,19903,24941,50,series,word,word,1,455
3,10053,24902,50,jo,word,word,1,733
3,12901,24984,50,leien,word,nonword,0,NA
3,11315,25065,50,knevels,word,nonword,0,NA
3,205,25066,50,actie,word,word,1,469
3,16729,25027,50,plaatjes,word,word,1,489
3,20623,24704,50,snikken,word,word,1,503
3,11765,24948,50,kortste,word,word,1,653
3,20463,25070,50,smeden,word,word,1,764
3,6325,25071,50,gaaien,word,nonword,0,NA
3,5181,25072,50,dweil,word,word,1,559
3,6129,24952,50,fouten,word,word,1,632
3,27951,24953,50,zusters,word,word,1,469
3,4693,25075,50,draaiboek,word,word,1,605
3,14971,24955,50,nachtjes,word,word,1,667
3,24521,25037,50,verkoop,word,word,1,507
3,2203,24957,50,body's,word,word,1,440
3,23177,25079,50,toertjes,word,nonword,0,NA
3,4299,24716,50,dito,word,word,1,530
3,21657,24920,50,stelsels,word,word,1,522
3,22225,24961,50,stremsels,word,nonword,0,NA
3,20985,25083,50,spencer,word,word,1,618
3,5059,25004,50,duiten,word,word,1,812
3,15847,25005,50,oostfront,word,nonword,0,NA
3,20697,24804,50,snurken,word,word,1,483
3,7973,24966,50,grandeur,word,word,1,682
3,25361,25088,50,voedde,word,word,1,516
3,20521,24725,50,smokkel,word,word,1,485
3,7813,24726,50,goedje,word,word,1,566
3,4491,25011,50,doodse,word,word,1,859
3,27263,24728,50,zakte,word,word,1,565
3,11403,25093,50,knopje,word,word,1,589
3,26587,24730,50,werkman,word,word,1,548
3,6891,24731,50,gelding,word,word,1,501
3,16061,24732,50,paars,word,word,1,487
3,1355,25097,50,berden,word,nonword,0,NA
3,4577,25098,50,doorsnee,word,word,1,586
3,28149,24978,50,zwijgzaam,word,word,1,493
3,19193,24858,50,scheiden,word,word,1,412
3,7161,25101,50,gescheurd,word,word,1,581
3,5347,24860,50,eik,word,word,1,474
3,8359,24739,50,gunt,word,nonword,0,NA
3,8675,25064,50,harken,word,word,1,593
3,11557,25105,50,koliek,word,nonword,0,NA
3,18243,25106,50,richtte,word,word,1,616
3,3907,25067,50,deerde,word,word,1,761
3,27941,25108,50,zus,word,word,1,497
3,12575,24745,50,laken,word,word,1,703
3,20161,24746,50,slak,word,word,1,440
3,19359,24990,50,schijfjes,word,word,1,523
3,8753,24748,50,heden,word,word,1,475
3,23923,25113,50,uitstek,word,word,1,NA
3,2501,25114,50,bosses,word,nonword,0,NA
3,27323,25115,50,zebra's,word,word,1,523
3,6761,25116,50,gejaagd,word,word,1,683
3,25415,24956,50,voertaal,word,nonword,0,NA
3,8585,24997,50,handje,word,word,1,632
3,27583,25119,50,zij,word,word,1,494
3,7633,24999,50,ging,word,word,1,441
3,18351,24960,50,rijweg,word,word,1,416
3,2163,24758,50,blut,word,word,1,532
3,25203,24760,50,vleugjes,word,word,1,696
3,3469,25084,50,concreet,word,word,1,742
3,2921,24721,50,bruidsschat,word,word,1,494
3,11689,24965,50,koortsig,word,nonword,0,NA
3,6179,25006,50,franse,word,word,1,562
3,20813,25007,50,spaans,word,word,1,449
3,11937,25008,50,krasse,word,word,1,486
3,16551,25130,50,picknick,word,word,1,575
3,18455,24767,50,roeien,word,word,1,386
3,23599,25132,50,tronen,word,word,1,616
3,24463,25133,50,verhaal,word,word,1,613
3,23833,24892,50,twijfels,word,word,1,417
3,3969,25135,50,dempte,word,word,1,649
3,16537,24772,50,peuken,word,word,1,NA
3,21755,24895,50,steunen,word,word,1,589
3,1673,24774,50,bewind,word,word,1,836
3,23607,24775,50,troontjes,word,word,1,489
3,21775,25140,50,steven,word,word,1,862
3,17489,25141,50,profs,word,word,1,529
3,27469,24900,50,zendt,word,word,1,666
3,2533,25143,50,bouillons,word,word,1,589
3,1341,24862,50,beproefd,word,word,1,687
3,17979,24781,50,reders,word,nonword,0,NA
3,17107,24782,50,pompte,word,nonword,0,NA
3,5535,25107,50,erkers,word,nonword,0,NA
3,13693,25148,50,lychee,word,nonword,0,NA
3,25073,25149,50,vinken,word,word,1,488
3,8485,25150,50,hakmes,word,word,1,587
3,14585,25151,50,moeken,word,nonword,0,NA
3,3625,25031,50,cuts,word,word,1,573
3,3997,25153,50,depot,word,word,1,NA
3,15725,25154,50,ontvangst,word,word,1,531
3,1345,25155,50,beraamd,word,word,1,644
3,21747,24792,50,stervend,word,word,1,532
3,2963,25117,50,budget,word,word,1,486
3,20159,25158,50,slagveld,word,word,1,641
3,5819,25159,50,fiats,word,word,1,653
3,26331,25039,50,weende,word,word,1,571
3,26045,25161,50,waarborg,word,word,1,693
3,14993,25162,50,nadoen,word,word,1,512
3,26899,24921,50,wippen,word,word,1,555
3,24953,25124,50,vettig,word,word,1,643
3,6877,24761,50,geland,word,word,1,626
3,6227,25126,50,friese,word,word,1,782
3,27713,24803,50,zoenen,word,word,1,513
3,21877,25168,50,stiltes,word,word,1,803
3,21821,25169,50,stijf,word,word,1,794
3,6593,24806,50,gedrenkt,word,word,1,692
3,19345,24929,50,schiep,word,word,1,553
3,9715,25172,50,ier,word,nonword,0,NA
3,12909,24809,50,leken,word,word,1,NA
3,1107,25174,50,begeeft,word,word,1,555
3,21949,25054,50,stokers,word,nonword,0,NA
3,9771,25176,50,ikke,word,word,1,526
3,17389,25177,50,prijs,word,word,1,447
3,1761,25178,50,bies,word,nonword,0,NA
3,8665,25179,50,haren,word,word,1,468
3,23167,24816,50,toenmaals,word,word,1,527
3,25155,25181,50,vlaktes,word,word,1,559
3,12485,25182,50,laan,word,word,1,654
3,18269,24819,50,riesling,word,word,1,621
3,1045,25023,50,beekje,word,word,1,460
3,2865,24821,50,bron,word,word,1,489
3,19583,25186,50,schoten,word,word,1,707
3,17339,25187,50,prent,word,word,1,716
3,25675,25188,50,voorstel,word,word,1,613
3,17671,25189,50,puzzels,word,word,1,498
3,873,25069,50,baron,word,word,1,591
3,9837,24827,50,inheems,word,word,1,526
3,7851,25192,50,gommen,word,word,1,527
3,273,25193,50,afscheid,word,word,1,496
3,921,25194,50,bastaard,word,word,1,658
3,14519,24831,50,misten,word,word,1,NA
3,28031,24832,50,zwarter,word,word,1,580
3,16575,25197,50,pier,word,nonword,0,NA
3,8701,25198,50,hartstocht,word,word,1,532
3,23905,25078,50,uitkijk,word,word,1,436
3,4731,24836,50,drafje,word,word,1,757
30,27014,24701,50,meinde,nonword,nonword,1,597
30,5376,24702,50,oostjes,nonword,nonword,1,818
30,20500,24703,50,kwifse,nonword,nonword,1,440
30,24138,24704,50,voneet,nonword,nonword,1,396
30,3826,24705,50,dai,nonword,nonword,1,402
30,928,25070,50,tad,nonword,nonword,1,676
30,818,24707,50,bonse,nonword,nonword,1,423
30,1284,24829,50,betaap,nonword,nonword,1,521
30,3872,24709,50,pecar,nonword,nonword,1,444
30,25888,24710,50,vroudste,nonword,nonword,1,399
30,19294,24711,50,schimptes,nonword,nonword,1,485
30,4612,25076,50,kozing,nonword,word,0,NA
30,3030,24713,50,hijtje,nonword,nonword,1,392
30,3708,24835,50,kag,nonword,nonword,1,523
30,2366,25079,50,hont,nonword,nonword,1,557
30,24894,24958,50,vervacht,nonword,nonword,1,683
30,4018,24717,50,desnoeps,nonword,nonword,1,596
30,12166,25081,50,kroept,nonword,nonword,1,669
30,28062,24719,50,vliepslag,nonword,nonword,1,680
30,22708,25084,50,tatijf,nonword,nonword,1,634
30,15982,25085,50,orzaat,nonword,nonword,1,519
30,5628,25086,50,eppen,nonword,nonword,1,551
30,15494,24723,50,arsels,nonword,nonword,1,476
30,8052,25088,50,kronsde,nonword,nonword,1,549
30,15258,24725,50,noks,nonword,word,0,NA
30,16250,24726,50,parmicks,nonword,nonword,1,559
30,5082,24848,50,mun,nonword,nonword,1,512
30,19682,24728,50,schrijgt,nonword,nonword,1,546
30,11828,24850,50,slaai,nonword,nonword,1,605
30,18772,24730,50,kuizer,nonword,nonword,1,NA
30,11782,24731,50,desten,nonword,nonword,1,463
30,24658,24732,50,verschelt,nonword,nonword,1,658
30,1476,24733,50,bespaakt,nonword,word,0,NA
30,8172,24976,50,spooiden,nonword,nonword,1,633
30,3154,25099,50,campotes,nonword,nonword,1,669
30,3852,24736,50,pe,nonword,nonword,1,603
30,21684,24737,50,stenjol,nonword,nonword,1,457
30,22264,24738,50,stroetig,nonword,nonword,1,508
30,22006,24739,50,stoog,nonword,nonword,1,510
30,17722,24861,50,kuimpje,nonword,nonword,1,508
30,13432,25105,50,lots,nonword,nonword,1,554
30,21666,24742,50,stafde,nonword,word,0,NA
30,5754,24743,50,fekten,nonword,nonword,1,469
30,3618,24744,50,cunzus,nonword,nonword,1,472
30,24642,24745,50,vergies,nonword,nonword,1,411
30,11478,25110,50,roemelf,nonword,nonword,1,548
30,8158,24747,50,tris,nonword,nonword,1,402
30,17008,24748,50,noel,nonword,nonword,1,391
30,18878,24749,50,ridheid,nonword,nonword,1,461
30,2646,25114,50,snangden,nonword,nonword,1,524
30,3804,24993,50,monste,nonword,nonword,1,521
30,20518,24752,50,gloving,nonword,nonword,1,438
30,7340,24874,50,geslocht,nonword,nonword,1,539
30,16234,24754,50,parcams,nonword,nonword,1,512
30,20476,24755,50,kweerbap,nonword,nonword,1,482
30,26286,24998,50,wef,nonword,nonword,1,565
30,17198,24999,50,dorziek,nonword,nonword,1,485
30,19506,25122,50,schoodbont,nonword,nonword,1,570
30,4172,24759,50,ruipen,nonword,nonword,1,527
30,19556,25124,50,schempen,nonword,nonword,1,471
30,24882,25125,50,vernuist,nonword,nonword,1,571
30,17988,25004,50,reewik,nonword,nonword,1,548
30,8618,24763,50,lanser,nonword,nonword,1,522
30,126,25128,50,aatslas,nonword,nonword,1,522
30,13486,25129,50,haappas,nonword,nonword,1,523
30,14138,24766,50,wiesje,nonword,nonword,1,529
30,7254,25131,50,gedraand,nonword,nonword,1,713
30,136,24768,50,aandge,nonword,nonword,1,593
30,26160,24769,50,wame,nonword,nonword,1,623
30,14132,25174,50,meidienst,nonword,nonword,1,541
30,19234,25135,50,schorken,nonword,nonword,1,549
30,20550,24772,50,vlap,nonword,nonword,1,511
30,25060,24773,50,dending,nonword,nonword,1,465
30,16646,25138,50,nil,nonword,nonword,1,528
30,13900,24775,50,hardje,nonword,word,0,NA
30,9656,24776,50,hipus,nonword,nonword,1,491
30,3062,24898,50,borkers,nonword,nonword,1,506
30,9840,25020,50,inheek,nonword,nonword,1,935
30,23990,25021,50,vaatst,nonword,nonword,1,616
30,17828,25022,50,donden,nonword,nonword,1,613
30,25606,24781,50,voorneid,nonword,nonword,1,529
30,3536,24782,50,couhies,nonword,nonword,1,434
30,21484,24783,50,sterden,nonword,nonword,1,615
30,23072,25148,50,zakker,nonword,word,0,NA
30,11750,24906,50,mersten,nonword,nonword,1,502
30,8066,25150,50,kruppels,nonword,word,0,NA
30,19220,24908,50,scherpis,nonword,nonword,1,717
30,4916,25152,50,droegt,nonword,nonword,1,850
30,22484,24950,50,stumveer,nonword,nonword,1,565
30,22694,24790,50,tame,nonword,word,0,NA
30,13738,25155,50,weelstroom,nonword,nonword,1,516
30,10370,25156,50,mantjes,nonword,nonword,1,757
30,8472,24793,50,helel,nonword,nonword,1,608
30,4828,24915,50,sleefnat,nonword,nonword,1,780
30,5608,24916,50,aden,nonword,nonword,1,739
30,6148,25160,50,snectie,nonword,nonword,1,551
30,4124,25161,50,duidje,nonword,nonword,1,567
30,9398,24798,50,haastweg,nonword,word,0,NA
30,7266,24920,50,gegril,nonword,word,0,NA
30,14462,24800,50,munst,nonword,word,0,NA
30,22498,24801,50,siffent,nonword,nonword,1,502
30,12638,25166,50,landgeugd,nonword,nonword,1,590
30,14650,24803,50,vammen,nonword,nonword,1,506
30,24110,24804,50,valam,nonword,nonword,1,444
30,23632,24805,50,troccoir,nonword,nonword,1,432
30,24200,24806,50,vaakheid,nonword,nonword,1,565
30,13632,24807,50,huisteld,nonword,nonword,1,483
30,7046,24808,50,gekoord,nonword,nonword,1,582
30,24162,25172,50,vingheid,nonword,nonword,1,618
30,8246,25092,50,brindje,nonword,nonword,1,586
30,10760,24811,50,wiekit,nonword,nonword,1,482
30,14600,25176,50,riertjes,nonword,nonword,1,572
30,3986,24813,50,wonker,nonword,nonword,1,629
30,11292,25056,50,knicht,nonword,nonword,1,719
30,15766,24815,50,anzert,nonword,nonword,1,586
30,2096,24937,50,slikje,nonword,nonword,1,673
30,6520,24817,50,gepied,nonword,nonword,1,472
30,13594,25182,50,heidde,nonword,word,0,NA
30,13732,24819,50,roekte,nonword,word,0,NA
30,24360,25062,50,verwern,nonword,nonword,1,871
30,21916,24821,50,stuilen,nonword,nonword,1,557
30,2762,25185,50,braas,nonword,nonword,1,573
30,25410,24823,50,veenlui,nonword,nonword,1,469
30,26826,24824,50,kijmers,nonword,nonword,1,409
30,15646,25189,50,ontvoon,nonword,nonword,1,558
30,24530,24826,50,verploog,nonword,nonword,1,699
30,22710,25191,50,salot,nonword,nonword,1,592
30,21348,25192,50,stuugje,nonword,word,0,NA
30,27966,25111,50,proeiden,nonword,nonword,1,628
30,25560,24951,50,winken,nonword,nonword,1,516
30,986,24831,50,bedaarn,nonword,nonword,1,553
30,15042,24832,50,saufe,nonword,nonword,1,473
30,27698,25197,50,tijkers,nonword,nonword,1,469
30,13638,24955,50,dietjes,nonword,nonword,1,592
30,27646,24956,50,tintoog,nonword,nonword,1,463
30,21468,24836,50,storkte,nonword,nonword,1,492
30,14794,25200,50,ketten,nonword,word,0,NA
30,26218,24838,50,wach,nonword,nonword,1,446
30,17176,24879,50,tompen,nonword,nonword,1,498
30,17990,24880,50,beed,nonword,nonword,1,484
30,10508,25002,50,keelzit,nonword,nonword,1,814
30,22546,24842,50,noste,nonword,nonword,1,602
30,10702,25165,50,weirig,nonword,nonword,1,542
30,820,24884,50,lenger,nonword,nonword,1,661
30,3692,25127,50,dijs,nonword,nonword,1,553
30,24674,24846,50,verstroor,nonword,nonword,1,592
30,26322,25089,50,maakends,nonword,nonword,1,692
30,4882,24888,50,bramden,nonword,nonword,1,841
30,23060,24849,50,tuim,nonword,nonword,1,625
30,8882,24890,50,dilde,nonword,nonword,1,458
30,25214,24851,50,zwieg,nonword,nonword,1,635
30,19844,24852,50,sagtors,nonword,nonword,1,471
30,24180,24853,50,dachtend,nonword,nonword,1,843
30,22380,24975,50,strupteer,nonword,nonword,1,521
30,23340,24895,50,hoddat,nonword,nonword,1,468
30,10914,24977,50,krinten,nonword,nonword,1,470
30,8810,24857,50,loffen,nonword,word,0,NA
30,10676,24858,50,hetert,nonword,nonword,1,569
30,9944,24859,50,josset,nonword,nonword,1,519
30,14434,24860,50,bin,nonword,nonword,1,489
30,14814,24982,50,mulddi,nonword,nonword,1,549
30,5120,24902,50,mitje,nonword,word,0,NA
30,19636,25024,50,schrote,nonword,nonword,1,529
30,15450,24864,50,uurvens,nonword,nonword,1,512
30,12010,24865,50,grebje,nonword,nonword,1,482
30,13050,24987,50,pemen,nonword,nonword,1,513
30,23798,24867,50,sjaalf,nonword,nonword,1,743
30,21436,24868,50,stalang,nonword,nonword,1,719
30,2738,24949,50,drissen,nonword,nonword,1,783
30,12052,24870,50,krong,nonword,nonword,1,551
30,9644,24871,50,hurft,nonword,nonword,1,550
30,13678,25154,50,hurpte,nonword,nonword,1,565
30,11696,24913,50,bosen,nonword,nonword,1,482
30,22424,25196,50,stoekten,nonword,nonword,1,632
30,24228,24875,50,poertje,nonword,nonword,1,506
30,14452,24876,50,winkaar,nonword,nonword,1,556
30,14956,25038,50,soesten,nonword,nonword,1,760
30,12938,24918,50,bezer,nonword,nonword,1,507
30,3454,24919,50,comfept,nonword,nonword,1,653
30,3680,25041,50,doorom,nonword,nonword,1,617
30,6844,24894,50,gekand,nonword,nonword,1,481
30,24936,24882,50,pote,nonword,nonword,1,614
30,1678,25003,50,bewoeld,nonword,nonword,1,499
30,2678,24924,50,draset,nonword,nonword,1,557
30,26788,24925,50,doongaard,nonword,nonword,1,555
30,17366,24926,50,vlijtse,nonword,nonword,1,475
30,20016,24887,50,saalvis,nonword,nonword,1,619
30,27110,25049,50,wraad,nonword,nonword,1,572
30,3716,24929,50,moggen,nonword,nonword,1,785
30,5712,24970,50,nekkel,nonword,nonword,1,656
30,6328,25025,50,gouwtje,nonword,nonword,1,514
30,3696,25053,50,rochten,nonword,nonword,1,NA
30,6124,24893,50,codo's,nonword,nonword,1,545
30,18888,24907,50,fooie,nonword,nonword,1,791
30,426,25015,50,alvier,nonword,nonword,1,514
30,12688,25057,50,lai,nonword,nonword,1,904
30,14694,24897,50,jooi,nonword,nonword,1,504
30,13166,25140,50,hievent,nonword,nonword,1,591
30,20180,25060,50,brasen,nonword,nonword,1,955
30,20344,25061,50,slokgalk,nonword,nonword,1,651
30,17254,25102,50,pakter,nonword,nonword,1,556
30,22676,24942,50,vank,nonword,nonword,1,749
30,10238,25023,50,kuistje,nonword,nonword,1,578
30,5030,25157,50,duikhuit,nonword,nonword,1,652
30,22370,24905,50,strat,nonword,nonword,1,550
30,14034,25027,50,mavroes,nonword,nonword,1,619
30,20622,25040,50,glik,nonword,nonword,1,669
30,13624,25029,50,hiekjes,nonword,nonword,1,741
30,19260,24922,50,schemgels,nonword,nonword,1,572
30,21476,25071,50,stats,nonword,nonword,1,511
30,10038,24911,50,joestvriend,nonword,nonword,1,580
30,16846,24992,50,zwetvis,nonword,nonword,1,619
30,10992,25195,50,kloorkant,nonword,nonword,1,602
30,22992,24967,50,zickent,nonword,nonword,1,527
30,21944,25036,50,stokvlied,nonword,nonword,1,904
30,21162,24996,50,greerdijk,nonword,nonword,1,518
30,12984,25170,50,lotte,nonword,word,0,NA
30,15666,24944,50,onthuigt,nonword,nonword,1,676
30,22580,24972,50,teintje,nonword,word,0,NA
30,21952,25175,50,statje,nonword,nonword,1,573
30,17514,24934,50,praast,nonword,nonword,1,680
30,15308,25055,50,namal,nonword,nonword,1,760
30,21754,25043,50,stoolden,nonword,nonword,1,645
30,1208,25179,50,begook,nonword,nonword,1,497
30,22640,24938,50,sarent,nonword,nonword,1,524
30,15608,25167,50,onwecht,nonword,nonword,1,539
30,12854,24980,50,luf,nonword,nonword,1,NA
30,16334,25168,50,maluënt,nonword,nonword,1,491
30,21630,25009,50,bleket,nonword,nonword,1,650
30,22202,24947,50,struip,nonword,nonword,1,868
30,4158,24948,50,dienstboogd,nonword,nonword,1,NA
30,1286,24985,50,beng,nonword,nonword,1,753
30,2264,25067,50,beelde,nonword,word,0,NA
30,18148,25112,50,coptiel,nonword,nonword,1,576
30,17522,24979,50,blappen,nonword,nonword,1,500
30,6208,25137,50,fretno,nonword,nonword,1,NA
30,24632,25047,50,vergracht,nonword,nonword,1,NA
30,16374,25103,50,rech,nonword,nonword,1,555
30,13938,25107,50,mer,nonword,nonword,1,553
30,16906,25113,50,blechten,nonword,nonword,1,639
30,10520,25145,50,feer,nonword,nonword,1,564
30,2968,25146,50,hoffel,nonword,nonword,1,723
30,11434,25106,50,sneppels,nonword,nonword,1,570
30,19740,24974,50,schump,nonword,nonword,1,552
30,22222,25123,50,stroving,nonword,nonword,1,585
30,5412,25147,50,emters,nonword,nonword,1,476
30,18238,25065,50,dechting,nonword,nonword,1,595
30,17870,25108,50,lister,nonword,nonword,1,632
30,24348,25026,50,verslaak,nonword,nonword,1,706
30,6087,24757,50,fooitjes,word,word,1,506
30,59,24756,50,aanpak,word,word,1,671
30,2585,24931,50,bowls,word,word,1,NA
30,18853,24844,50,rust,word,word,1,441
30,10755,24891,50,kiesrecht,word,word,1,510
30,7105,24845,50,gereed,word,word,1,444
30,26317,24751,50,weekeind,word,word,1,484
30,20573,24753,50,sneeën,word,nonword,0,NA
30,12133,24910,50,kruidig,word,nonword,0,NA
30,143,24834,50,aarzelt,word,word,1,439
30,20759,24770,50,som,word,nonword,0,NA
30,14849,24957,50,mummie,word,word,1,673
30,8895,24780,50,helften,word,word,1,512
30,6709,24841,50,geheel,word,word,1,637
30,11695,24964,50,kopen,word,word,1,526
30,17265,24965,50,praal,word,word,1,558
30,23237,24718,50,tolk,word,word,1,786
30,7881,24843,50,gootsteen,word,word,1,536
30,14799,24727,50,mout,word,nonword,0,NA
30,12143,24863,50,kruiken,word,word,1,495
30,8683,24886,50,harpoen,word,word,1,672
30,1559,24914,50,betoogt,word,word,1,756
30,16417,24959,50,peinsde,word,word,1,614
30,7733,24921,50,globaal,word,word,1,522
30,4441,24809,50,domweg,word,word,1,517
30,9911,24716,50,item,word,word,1,465
30,6567,24896,50,gediend,word,word,1,519
30,19037,24856,50,schaamt,word,word,1,469
30,22499,24978,50,sufferds,word,word,1,665
30,5191,24778,50,dwergje,word,word,1,493
30,27651,24779,50,zitbank,word,word,1,511
30,27957,24820,50,zuurkool,word,word,1,524
30,22271,24862,50,strijken,word,word,1,493
30,20981,24822,50,spellen,word,word,1,716
30,21309,24729,50,spruitjes,word,word,1,483
30,26845,24892,50,wille,word,word,1,479
30,10679,24840,50,ketters,word,word,1,659
30,12601,24789,50,land,word,word,1,442
30,11731,24909,50,korf,word,word,1,631
30,7205,24989,50,gesleept,word,word,1,623
30,27737,24869,50,zolen,word,word,1,568
30,2153,24830,50,blues,word,word,1,569
30,11371,24952,50,knobbel,word,word,1,646
30,1151,24873,50,beheerst,word,word,1,556
30,9865,24994,50,inspraak,word,word,1,617
30,16237,24995,50,paring,word,word,1,550
30,22379,24795,50,structuur,word,word,1,509
30,7967,24997,50,granaat,word,word,1,599
30,12761,24877,50,leef,word,word,1,444
30,19415,24973,50,schillers,word,word,1,569
30,27051,24961,50,wormen,word,word,1,561
30,13225,24734,50,lijnen,word,word,1,540
30,18941,24962,50,samen,word,word,1,624
30,18685,24762,50,rotte,word,word,1,487
30,16695,24883,50,pissen,word,word,1,532
30,3013,25005,50,buikpijn,word,word,1,564
30,3315,24966,50,cipiers,word,word,1,510
30,16979,24927,50,plukken,word,word,1,478
30,27509,24847,50,zette,word,word,1,510
30,26487,24889,50,welstand,word,word,1,573
30,8607,25010,50,hang,word,word,1,471
30,14083,25011,50,meer,word,word,1,538
30,16369,24878,50,pâté,word,nonword,0,NA
30,10805,24839,50,kilt,word,word,1,530
30,19783,24988,50,schulpen,word,nonword,0,NA
30,19293,24814,50,scherptes,word,word,1,512
30,2257,24855,50,boem,word,word,1,766
30,4503,25017,50,doodstil,word,word,1,532
30,14331,25018,50,micro's,word,word,1,517
30,15775,24777,50,ooghoek,word,word,1,541
30,15919,24899,50,opslaan,word,word,1,508
30,24421,24900,50,vergaard,word,word,1,621
30,21125,24901,50,spoelde,word,word,1,585
30,13841,24983,50,majors,word,word,1,659
30,8385,24984,50,haai,word,word,1,NA
30,19627,25012,50,schrap,word,word,1,538
30,12855,25013,50,leg,word,word,1,475
30,2771,25001,50,brieven,word,word,1,625
30,22887,25028,50,tepels,word,word,1,632
30,22405,24787,50,stug,word,word,1,597
30,12541,25030,50,laders,word,word,1,860
30,21721,25031,50,sterkst,word,word,1,576
30,1131,25032,50,begroef,word,word,1,590
30,22865,24872,50,teneur,word,nonword,0,NA
30,25137,25034,50,vlagen,word,word,1,619
30,25333,25035,50,vluchtte,word,word,1,536
30,22723,24714,50,tast,word,nonword,0,NA
30,6117,25037,50,forums,word,word,1,585
30,22467,24917,50,stuurlui,word,word,1,539
30,12939,25039,50,leners,word,word,1,592
30,9225,25014,50,hoentje,word,word,1,814
30,7657,24799,50,gitaar,word,word,1,454
30,9107,25042,50,hierop,word,word,1,NA
30,27869,24963,50,zowaar,word,word,1,509
30,15731,24923,50,ontvoerd,word,word,1,507
30,6983,25045,50,gemeld,word,word,1,606
30,22243,24885,50,streven,word,word,1,528
30,15335,25007,50,noodweer,word,word,1,607
30,22209,25008,50,strekken,word,word,1,588
30,16799,24969,50,plantje,word,word,1,511
30,21325,25050,50,spullen,word,word,1,555
30,9459,24930,50,hoorde,word,word,1,456
30,25371,25052,50,voedzaam,word,word,1,706
30,15599,25000,50,onkels,word,nonword,0,NA
30,17351,24933,50,pressie,word,word,1,519
30,18585,24854,50,ronden,word,word,1,NA
30,13941,24935,50,maren,word,nonword,0,NA
30,8613,24936,50,hangen,word,word,1,545
30,22795,24816,50,tehuis,word,word,1,585
30,3145,25059,50,camel,word,nonword,0,NA
30,16279,24939,50,passant,word,word,1,NA
30,23711,24940,50,tuig,word,word,1,588
30,26353,24941,50,weerloos,word,word,1,507
30,16481,25063,50,perceel,word,word,1,586
30,22717,24943,50,tasje,word,word,1,532
30,887,24945,50,barstte,word,word,1,NA
30,6153,24932,50,framboos,word,word,1,551
30,12955,24785,50,lentes,word,word,1,534
30,1141,25068,50,behaald,word,word,1,513
30,26355,25069,50,weerom,word,word,1,499
30,7479,24706,50,gewekt,word,word,1,551
30,13415,24708,50,lollig,word,word,1,556
30,13585,25072,50,luchtte,word,word,1,544
30,263,24912,50,afgunst,word,word,1,562
30,27467,24953,50,zending,word,word,1,545
30,8701,24954,50,hartstocht,word,word,1,561
30,22323,24712,50,stronkje,word,word,1,552
30,19711,25077,50,schril,word,word,1,507
30,18003,25078,50,rees,word,word,1,524
30,5515,24837,50,erger,word,word,1,542
30,335,25080,50,aktes,word,word,1,524
30,5997,24960,50,flippers,word,word,1,596
30,26567,25082,50,werkers,word,word,1,487
30,5669,25083,50,extern,word,word,1,554
30,6499,24720,50,gebeurd,word,word,1,467
30,10899,24721,50,klamme,word,nonword,0,NA
30,17857,24722,50,rapport,word,word,1,489
30,27091,25087,50,wrakhout,word,nonword,0,NA
30,14329,25048,50,micro,word,word,1,623
30,21295,24968,50,sprongen,word,word,1,559
30,20505,25090,50,smoel,word,word,1,622
30,12487,25091,50,laantje,word,word,1,587
30,13445,24971,50,loodrecht,word,word,1,555
30,14635,25093,50,mol,word,word,1,584
30,3129,25094,50,cadet,word,word,1,583
30,12657,25095,50,langszij,word,word,1,661
30,1069,25096,50,been,word,word,1,561
30,7503,25097,50,gewin,word,word,1,527
30,13351,25098,50,loeien,word,word,1,574
30,24899,24735,50,verzoend,word,word,1,572
30,22469,25100,50,stuurman,word,word,1,NA
30,10133,25101,50,judo,word,word,1,573
30,7581,24981,50,gierde,word,word,1,549
30,387,24740,50,allicht,word,word,1,686
30,27609,25104,50,zijwand,word,word,1,571
30,20309,24741,50,slippers,word,word,1,505
30,25763,25066,50,vouwtjes,word,word,1,529
30,13543,24946,50,lotje,word,word,1,531
30,20071,24866,50,sjeik,word,nonword,0,NA
30,26285,25109,50,wed,word,word,1,581
30,22091,24746,50,stortte,word,word,1,529
30,9131,24990,50,hijzelf,word,word,1,571
30,26559,24991,50,werkdag,word,word,1,538
30,6695,25073,50,gegund,word,word,1,559
30,4763,24750,50,draven,word,word,1,465
30,25255,25115,50,vloedgolf,word,word,1,717
30,17271,25116,50,praatje,word,word,1,517
30,9619,25117,50,huiswerk,word,word,1,566
30,23773,25118,50,turfmolm,word,nonword,0,NA
30,16755,25119,50,plagen,word,word,1,576
30,21189,25120,50,sportjes,word,word,1,623
30,7255,25121,50,gestaan,word,word,1,588
30,11925,24758,50,kranten,word,word,1,460
30,2609,24881,50,braaf,word,word,1,551
30,15023,24760,50,nare,word,word,1,447
30,23421,24761,50,trammen,word,word,1,467
30,2901,25126,50,brug,word,word,1,554
30,17801,25006,50,ram,word,word,1,660
30,22959,24724,50,theeën,word,nonword,0,NA
30,1737,24765,50,biechten,word,word,1,479
30,8785,25130,50,heerste,word,word,1,604
30,12223,24767,50,kuchte,word,word,1,562
30,19535,25132,50,schoonbroers,word,word,1,595
30,5265,25133,50,eenling,word,nonword,0,NA
30,18285,25134,50,rijbroek,word,word,1,548
30,23543,24771,50,trio,word,word,1,510
30,13075,25136,50,lichter,word,word,1,533
30,20919,25016,50,speelgoed,word,word,1,531
30,22751,24774,50,techniek,word,word,1,484
30,8083,25139,50,griepje,word,word,1,609
30,3063,25019,50,burcht,word,word,1,518
30,26927,25141,50,witkalk,word,word,1,620
30,9523,25142,50,hotel,word,word,1,457
30,22881,25143,50,tentjes,word,word,1,445
30,10043,25144,50,jezelf,word,word,1,465
30,20031,24903,50,silo's,word,word,1,832
30,17745,24904,50,racebaan,word,word,1,533
30,16219,24986,50,paraat,word,word,1,712
30,5155,24784,50,dwaalden,word,word,1,499
30,11957,25149,50,krediet,word,word,1,558
30,12137,24786,50,kruier,word,word,1,550
30,2175,25151,50,bobbels,word,word,1,546
30,1317,24788,50,benieuwd,word,word,1,404
30,4587,25153,50,doorzag,word,word,1,549
30,14165,25033,50,melker,word,word,1,571
30,785,24791,50,balsem,word,word,1,456
30,13761,24792,50,maandjes,word,word,1,444
30,13053,24794,50,lezer,word,word,1,542
30,4837,25158,50,drijvend,word,word,1,616
30,27249,25159,50,zakgeld,word,word,1,502
30,14029,24796,50,matras,word,word,1,478
30,1941,24797,50,blazen,word,word,1,465
30,9913,25162,50,items,word,word,1,695
30,14065,25163,50,mee,word,word,1,609
30,25199,25164,50,vleugels,word,word,1,541
30,5555,25044,50,eros,word,word,1,608
30,15535,24802,50,omhoog,word,word,1,488
30,8451,25046,50,haast,word,word,1,572
30,17867,24764,50,rassen,word,word,1,442
30,18277,25169,50,rietje,word,word,1,622
30,12425,24928,50,kwekers,word,word,1,529
30,10245,25171,50,kaasjes,word,word,1,587
30,24729,25051,50,versteend,word,word,1,762
30,12971,25173,50,lering,word,nonword,0,NA
30,17765,24810,50,rade,word,word,1,630
30,18645,25054,50,roos,word,word,1,NA
30,18713,24812,50,royaal,word,nonword,0,NA
30,9025,25177,50,hes,word,nonword,0,NA
30,24561,25178,50,verliep,word,nonword,0,NA
30,4415,25058,50,dolken,word,word,1,650
30,7543,25180,50,gezin,word,word,1,516
30,3685,25181,50,daaruit,word,word,1,501
30,16437,24818,50,pelsjes,word,word,1,538
30,26091,25183,50,waarvan,word,word,1,552
30,14027,25184,50,matjes,word,word,1,441
30,19379,25064,50,schijven,word,nonword,0,NA
30,2723,25186,50,breker,word,word,1,523
30,16235,25187,50,parijs,word,word,1,604
30,25059,25188,50,vinding,word,word,1,442
30,973,24825,50,beden,word,word,1,622
30,27453,25190,50,zelfs,word,word,1,445
30,26671,24827,50,wevers,word,word,1,549
30,677,24828,50,baby's,word,word,1,469
30,4915,25193,50,droogt,word,word,1,466
30,2041,25194,50,bloeddruk,word,word,1,437
30,9465,25074,50,hoorders,word,word,1,589
30,9091,25075,50,hierdoor,word,word,1,492
30,13959,24833,50,markies,word,word,1,650
30,10057,25198,50,jobs,word,word,1,567
30,8865,25199,50,hekjes,word,word,1,711
30,1819,24715,50,bijtijds,word,word,1,595
31,26836,24701,50,molder,nonword,nonword,1,573
31,13390,25106,50,horo,nonword,nonword,1,596
31,12748,25067,50,fuctuur,nonword,nonword,1,798
31,4058,25068,50,keinen,nonword,nonword,1,531
31,26296,25069,50,wegschijd,nonword,nonword,1,532
31,14420,25070,50,milts,nonword,nonword,1,757
31,6136,25071,50,focht,nonword,nonword,1,508
31,15040,25193,50,noei,nonword,nonword,1,681
31,12618,24709,50,landboos,nonword,nonword,1,1034
31,17398,24710,50,zwakkel,nonword,nonword,1,631
31,19360,24832,50,schoedjes,nonword,nonword,1,498
31,15750,24712,50,onwest,nonword,nonword,1,497
31,26532,24713,50,wergen,nonword,nonword,1,500
31,2882,24835,50,brooistank,nonword,nonword,1,509
31,13340,25079,50,lofs,nonword,nonword,1,NA
31,9384,24716,50,hoofdween,nonword,nonword,1,442
31,11956,24717,50,brotten,nonword,nonword,1,639
31,1490,24718,50,bedraat,nonword,nonword,1,475
31,26510,24840,50,linding,nonword,nonword,1,513
31,9086,24720,50,hies,nonword,nonword,1,463
31,24646,25084,50,verhacht,nonword,nonword,1,730
31,3092,24722,50,hudler,nonword,nonword,1,792
31,11632,24723,50,moeitjes,nonword,word,0,NA
31,17608,24724,50,veitje,nonword,nonword,1,557
31,12724,24725,50,lalaans,nonword,nonword,1,460
31,7842,25090,50,gilmden,nonword,nonword,1,867
31,21556,25091,50,statom,nonword,nonword,1,615
31,3346,24728,50,clakes,nonword,nonword,1,567
31,26576,24729,50,horkjes,nonword,nonword,1,455
31,9156,25094,50,huntte,nonword,nonword,1,540
31,6868,24731,50,gesnekt,nonword,nonword,1,446
31,18402,25096,50,mismen,nonword,nonword,1,749
31,6180,25097,50,sminse,nonword,nonword,1,436
31,25404,24976,50,dierden,nonword,nonword,1,750
31,7406,24735,50,nemels,nonword,nonword,1,847
31,24104,25099,50,vatsier,nonword,nonword,1,515
31,12340,24737,50,kunttijn,nonword,nonword,1,854
31,23576,24738,50,treg,nonword,nonword,1,505
31,19812,24981,50,schaantjes,nonword,nonword,1,725
31,21934,24740,50,stadjas,nonword,nonword,1,NA
31,20978,24741,50,grevers,nonword,nonword,1,491
31,22456,24782,50,stierwoord,nonword,nonword,1,622
31,26934,25107,50,wakten,nonword,nonword,1,450
31,11900,24744,50,klapen,nonword,word,0,NA
31,24464,24745,50,bermaal,nonword,nonword,1,443
31,18114,25109,50,mimmen,nonword,nonword,1,526
31,14216,25111,50,mortor,nonword,nonword,1,489
31,13218,25112,50,bijkt,nonword,nonword,1,635
31,7254,25113,50,gedraand,nonword,nonword,1,456
31,15122,24750,50,fean,nonword,nonword,1,568
31,24704,24751,50,verzwekt,nonword,nonword,1,1095
31,3536,24873,50,couhies,nonword,nonword,1,798
31,18886,24874,50,soei,nonword,nonword,1,772
31,8608,25118,50,hant,nonword,nonword,1,544
31,26854,25119,50,kolloos,nonword,nonword,1,528
31,11276,24756,50,tralen,nonword,nonword,1,598
31,17902,24878,50,pe's,nonword,nonword,1,525
31,5092,24758,50,rio,nonword,nonword,1,NA
31,25812,25123,50,vrieuwste,nonword,nonword,1,563
31,8584,24760,50,londig,nonword,nonword,1,587
31,21392,24761,50,staatshuids,nonword,nonword,1,506
31,27986,24883,50,kneerder,nonword,nonword,1,747
31,13222,24884,50,hoemen,nonword,nonword,1,1091
31,3394,24764,50,coard,nonword,nonword,1,458
31,6896,24765,50,galmstuk,nonword,nonword,1,526
31,1282,24766,50,beleeld,nonword,nonword,1,669
31,19486,24767,50,schermels,nonword,nonword,1,473
31,9752,24889,50,oespap,nonword,nonword,1,608
31,6550,25133,50,gedoord,nonword,nonword,1,732
31,25008,25012,50,veetmaal,nonword,nonword,1,679
31,15332,24892,50,noodsloet,nonword,word,0,NA
31,23818,25136,50,wreeluip,nonword,nonword,1,502
31,6742,25137,50,goel,nonword,nonword,1,744
31,14466,24774,50,konsten,nonword,nonword,1,NA
31,9454,25139,50,hoodlol,nonword,nonword,1,NA
31,24304,24897,50,bertaal,nonword,nonword,1,606
31,11630,24817,50,moeitje,nonword,nonword,1,631
31,26392,25142,50,dootje,nonword,nonword,1,595
31,13210,24779,50,hijk,nonword,nonword,1,508
31,24442,24901,50,vernof,nonword,nonword,1,499
31,19084,24902,50,schapet,nonword,nonword,1,437
31,25572,24943,50,voogmee,nonword,nonword,1,599
31,27014,24783,50,meinde,nonword,nonword,1,571
31,6034,24824,50,twaatje,nonword,nonword,1,564
31,14864,24785,50,tug,nonword,nonword,1,542
31,19268,24907,50,schorf,nonword,nonword,1,618
31,7434,25151,50,gedeed,nonword,nonword,1,591
31,4032,24788,50,detime,nonword,nonword,1,827
31,17894,24789,50,raerns,nonword,nonword,1,1152
31,8580,24790,50,denden,nonword,nonword,1,680
31,1712,24912,50,bemeekt,nonword,nonword,1,551
31,13194,25074,50,doeder,nonword,nonword,1,709
31,26176,24793,50,dalscho,nonword,nonword,1,600
31,15968,25158,50,ormaat,nonword,nonword,1,605
31,21448,24795,50,stalblachts,nonword,nonword,1,581
31,14148,24796,50,dokka,nonword,nonword,1,468
31,25288,24918,50,bloeven,nonword,nonword,1,577
31,18452,24798,50,roeimaat,nonword,nonword,1,566
31,11708,25163,50,rapje,nonword,nonword,1,794
31,6676,24961,50,gekwenst,nonword,nonword,1,779
31,2370,24801,50,lanten,nonword,nonword,1,503
31,9236,25166,50,soela,nonword,nonword,1,472
31,15928,24924,50,olkrand,nonword,nonword,1,585
31,3994,24804,50,vonnen,nonword,nonword,1,516
31,17220,24805,50,pintaal,nonword,nonword,1,550
31,2430,25048,50,boets,nonword,nonword,1,806
31,3482,25049,50,conferp,nonword,nonword,1,572
31,738,24808,50,bap,nonword,nonword,1,511
31,13120,24809,50,heefden,nonword,nonword,1,NA
31,3028,25174,50,lietens,nonword,nonword,1,572
31,22616,24932,50,zabels,nonword,nonword,1,738
31,24454,24933,50,verzwaaid,nonword,nonword,1,1082
31,11100,24813,50,spoertjes,nonword,nonword,1,912
31,6782,24814,50,gebesk,nonword,nonword,1,704
31,12662,25057,50,larmbaam,nonword,nonword,1,894
31,1908,24977,50,prad,nonword,nonword,1,773
31,26968,24951,50,megen,nonword,nonword,1,878
31,25444,24818,50,voetstad,nonword,word,0,NA
31,4658,24940,50,mouches,nonword,nonword,1,596
31,14354,25062,50,doutje,nonword,nonword,1,595
31,14132,24821,50,meidienst,nonword,nonword,1,572
31,6488,25063,50,gehaan,nonword,nonword,1,625
31,18950,24984,50,sandpick,nonword,nonword,1,697
31,19790,24864,50,schork,nonword,nonword,1,957
31,23792,24825,50,zossen,nonword,nonword,1,531
31,2546,24826,50,hietje,nonword,nonword,1,452
31,13240,25191,50,hiesters,nonword,nonword,1,604
31,15354,24828,50,noostvee,nonword,nonword,1,462
31,15554,24869,50,okgraan,nonword,nonword,1,630
31,18738,24843,50,kufje,nonword,nonword,1,568
31,16282,24952,50,desseert,nonword,nonword,1,624
31,24554,25073,50,verveed,nonword,nonword,1,966
31,908,25197,50,bolket,nonword,nonword,1,710
31,21916,24834,50,stuilen,nonword,nonword,1,858
31,5172,24956,50,wrangmom,nonword,nonword,1,798
31,18860,24836,50,disten,nonword,nonword,1,622
31,1518,24877,50,butten,nonword,nonword,1,675
31,22790,24838,50,pogels,nonword,nonword,1,494
31,20362,24839,50,draatjes,nonword,nonword,1,496
31,1294,24880,50,beverst,nonword,nonword,1,511
31,25226,24962,50,vloogt,nonword,nonword,1,866
31,21830,24882,50,stuimen,nonword,nonword,1,NA
31,28082,25138,50,zwemstaak,nonword,nonword,1,480
31,15708,24844,50,ontgreen,nonword,nonword,1,518
31,18384,24845,50,donse,nonword,nonword,1,504
31,15988,24846,50,arsen,nonword,nonword,1,442
31,16938,24968,50,blinzen,nonword,nonword,1,652
31,17508,24848,50,zwoeien,nonword,nonword,1,592
31,25932,24849,50,vuis,nonword,nonword,1,765
31,5120,24971,50,mitje,nonword,nonword,1,543
31,4902,24972,50,drons,nonword,nonword,1,447
31,21394,25013,50,steelsmacht,nonword,nonword,1,706
31,15398,24974,50,sallen,nonword,nonword,1,530
31,10194,24854,50,jompje,nonword,nonword,1,475
31,10038,24895,50,joestvriend,nonword,nonword,1,545
31,4152,25030,50,roenstig,nonword,nonword,1,879
31,21346,25152,50,staam,nonword,nonword,1,716
31,9514,24979,50,homrel,nonword,nonword,1,627
31,16276,25101,50,paslaart,nonword,nonword,1,695
31,14300,25102,50,mevlunt,nonword,nonword,1,497
31,15622,25022,50,onschort,nonword,nonword,1,556
31,20570,24996,50,zwee,nonword,nonword,1,714
31,23442,24903,50,plippen,nonword,nonword,1,489
31,16056,25105,50,vaalden,nonword,nonword,1,699
31,13844,24986,50,mab,nonword,nonword,1,516
31,19444,24866,50,stroen,nonword,nonword,1,562
31,24292,25028,50,vastje,nonword,nonword,1,1056
31,9968,24908,50,jom,nonword,nonword,1,471
31,23282,24922,50,toor,nonword,nonword,1,641
31,5976,25004,50,knes,nonword,nonword,1,637
31,8322,25005,50,groos,nonword,nonword,1,760
31,15094,24885,50,goger,nonword,nonword,1,573
31,25072,24994,50,vits,nonword,nonword,1,565
31,16372,24995,50,pâloes,nonword,nonword,1,388
31,27492,24888,50,tusjes,nonword,nonword,1,645
31,9674,24916,50,hosje,nonword,nonword,1,528
31,9780,25159,50,izag,nonword,nonword,1,555
31,13658,24999,50,hutchen,nonword,nonword,1,898
31,27212,24879,50,zeintje,nonword,nonword,1,509
31,15318,25041,50,fellen,nonword,word,0,NA
31,26680,25082,50,hemens,nonword,nonword,1,631
31,25930,24935,50,vruchtbloes,nonword,nonword,1,503
31,16102,25178,50,pabt,nonword,nonword,1,584
31,11322,25044,50,snoelde,nonword,nonword,1,851
31,17966,25125,50,midder,nonword,nonword,1,546
31,1148,24886,50,behoel,nonword,nonword,1,491
31,16272,25008,50,vesje,nonword,nonword,1,527
31,24210,25035,50,veep,nonword,nonword,1,708
31,20514,24969,50,kweesjes,nonword,nonword,1,488
31,8506,24890,50,hankoor,nonword,nonword,1,510
31,7674,24931,50,wronsen,nonword,nonword,1,497
31,4786,25093,50,brimpel,nonword,nonword,1,674
31,13922,25054,50,mankiers,nonword,nonword,1,749
31,24628,25015,50,verknoetst,nonword,nonword,1,540
31,25928,24948,50,snichtjes,nonword,nonword,1,500
31,26750,24949,50,loeden,nonword,nonword,1,1141
31,16206,25029,50,posjes,nonword,nonword,1,826
31,24428,25003,50,volfde,nonword,nonword,1,841
31,8668,24899,50,baver,nonword,nonword,1,640
31,23768,24900,50,tiven,nonword,nonword,1,459
31,17496,25007,50,prosact,nonword,nonword,1,577
31,21910,24915,50,bloertje,nonword,nonword,1,643
31,4220,25064,50,moeen,nonword,nonword,1,430
31,20548,25024,50,frikte,nonword,nonword,1,731
31,19604,24945,50,scheuben,nonword,nonword,1,693
31,532,24946,50,elmpjes,nonword,nonword,1,574
31,2556,24947,50,beesden,nonword,nonword,1,781
31,2432,25122,50,baartlui,nonword,nonword,1,864
31,14090,24975,50,raartjes,nonword,nonword,1,1059
31,20908,25189,50,spees,nonword,nonword,1,548
31,25800,25089,50,pletig,nonword,nonword,1,1064
31,11372,25046,50,vrabbel,nonword,nonword,1,636
31,22188,24926,50,stroosden,nonword,nonword,1,482
31,9486,25182,50,wepend,nonword,nonword,1,709
31,21670,25040,50,starmen,nonword,nonword,1,693
31,17846,25036,50,konken,nonword,nonword,1,637
31,3810,25037,50,wopper,nonword,nonword,1,489
31,18856,25039,50,rinkbank,nonword,nonword,1,766
31,19056,25081,50,schuitser,nonword,nonword,1,702
31,578,24960,50,akkent,nonword,nonword,1,539
31,14100,24934,50,moetsal,nonword,nonword,1,469
31,1536,25149,50,bedraar,nonword,nonword,1,581
31,19348,25092,50,scheusen,nonword,nonword,1,580
31,11976,24954,50,plogen,nonword,nonword,1,536
31,18418,25165,50,kabben,nonword,nonword,1,NA
31,25624,24939,50,voormier,nonword,nonword,1,832
31,5840,25162,50,foensen,nonword,nonword,1,538
31,15388,25052,50,nie,nonword,nonword,1,580
31,15748,25009,50,ontdiet,nonword,nonword,1,559
31,2770,25051,50,drooste,nonword,nonword,1,632
31,9246,25124,50,loest,nonword,nonword,1,531
31,5392,25185,50,oette,nonword,nonword,1,518
31,2458,25173,50,bolg,nonword,nonword,1,1124
31,9344,25188,50,kinden,nonword,nonword,1,582
31,27908,25000,50,pijgend,nonword,nonword,1,517
31,27364,25095,50,teestang,nonword,nonword,1,508
31,21216,25047,50,spleken,nonword,nonword,1,599
31,17732,25196,50,maam,nonword,nonword,1,950
31,18130,25129,50,donners,nonword,nonword,1,589
31,15634,25115,50,ontplik,nonword,nonword,1,469
31,16178,24985,50,vinters,nonword,nonword,1,531
31,4528,25160,50,duip,nonword,nonword,1,522
31,26664,25130,50,datten,nonword,nonword,1,556
31,9222,25060,50,loen,nonword,nonword,1,545
31,14768,25172,50,mont,nonword,nonword,1,1082
31,13217,24792,50,lijkt,word,word,1,1186
31,15355,24898,50,noorse,word,word,1,811
31,24417,24702,50,vergaan,word,word,1,748
31,21943,24871,50,stokbrood,word,word,1,979
31,22647,24911,50,tam,word,word,1,501
31,21595,24823,50,steeltje,word,word,1,432
31,18885,24861,50,saai,word,word,1,576
31,6101,24776,50,formeel,word,word,1,463
31,20713,24872,50,soepel,word,word,1,609
31,16261,24938,50,partners,word,word,1,528
31,13761,24913,50,maandjes,word,word,1,630
31,17411,24711,50,prille,word,word,1,580
31,2477,24937,50,borstje,word,word,1,810
31,2831,24906,50,broekrok,word,nonword,0,NA
31,4519,24876,50,doofpot,word,word,1,646
31,21579,24736,50,steek,word,word,1,483
31,23081,24870,50,tilde,word,nonword,0,NA
31,3213,24950,50,cement,word,word,1,NA
31,3413,24777,50,cocktails,word,word,1,514
31,16795,24791,50,planter,word,word,1,929
31,1913,24966,50,bladzij,word,word,1,478
31,24115,24862,50,vandaar,word,word,1,525
31,17119,24830,50,pony,word,word,1,460
31,19945,24768,50,sfeer,word,word,1,476
31,17369,24837,50,prieel,word,nonword,0,NA
31,28091,24958,50,zwemt,word,word,1,509
31,5007,24852,50,duiden,word,word,1,531
31,22057,24893,50,stopt,word,word,1,769
31,20797,24721,50,sounds,word,nonword,0,NA
31,23009,24816,50,tientje,word,word,1,668
31,26315,24855,50,weekblad,word,word,1,477
31,14729,24856,50,mora,word,nonword,0,NA
31,73,24965,50,aanslag,word,word,1,626
31,10957,24858,50,klauwtjes,word,word,1,755
31,25505,24820,50,volksmond,word,word,1,508
31,25259,24781,50,vloeibaar,word,word,1,642
31,8601,24982,50,handvol,word,word,1,622
31,7805,24983,50,goeddeels,word,nonword,0,NA
31,26313,24784,50,week,word,word,1,458
31,26299,24905,50,weeë,word,nonword,0,NA
31,23881,24865,50,uiltjes,word,word,1,NA
31,3675,24746,50,daarnet,word,word,1,558
31,17651,24841,50,pupil,word,word,1,819
31,19311,24708,50,schetste,word,word,1,604
31,23651,24990,50,trouwste,word,word,1,748
31,2605,24857,50,braadpan,word,word,1,764
31,7121,24992,50,geroep,word,word,1,426
31,5793,24993,50,feit,word,word,1,399
31,15215,24739,50,nietig,word,word,1,571
31,8159,24955,50,griste,word,word,1,793
31,23963,24714,50,urgent,word,word,1,886
31,27679,24957,50,zochten,word,word,1,724
31,11847,24998,50,kraakten,word,word,1,714
31,7583,24959,50,gierden,word,nonword,0,NA
31,17837,24800,50,rang,word,word,1,488
31,3177,24734,50,carré,word,word,1,559
31,5497,25002,50,ere,word,word,1,469
31,8213,24842,50,groeten,word,word,1,568
31,17259,24991,50,pover,word,word,1,787
31,3615,24763,50,cursors,word,word,1,NA
31,10641,25006,50,kern,word,word,1,528
31,9693,24806,50,hymnen,word,word,1,662
31,19755,24807,50,schuim,word,word,1,994
31,3769,24929,50,dandy,word,nonword,0,NA
31,6523,24970,50,gebouw,word,word,1,826
31,18949,24770,50,sandwich,word,word,1,450
31,27575,24811,50,ziertje,word,nonword,0,NA
31,2403,24973,50,boon,word,word,1,531
31,21183,25014,50,sporter,word,word,1,NA
31,5605,24894,50,estheet,word,nonword,0,NA
31,21367,25016,50,staand,word,word,1,396
31,1661,24896,50,beweerd,word,word,1,609
31,18021,25018,50,refters,word,nonword,0,NA
31,3437,25019,50,colberts,word,nonword,0,NA
31,17203,24859,50,porties,word,word,1,826
31,27161,25021,50,wulpse,word,word,1,590
31,12925,24780,50,lelijk,word,word,1,412
31,17667,25023,50,puur,word,word,1,555
31,3857,24904,50,dealer,word,word,1,651
31,23837,25025,50,twijg,word,word,1,1108
31,21969,25026,50,stolp,word,word,1,636
31,9811,24987,50,incluis,word,nonword,0,NA
31,10091,24868,50,jon,word,nonword,0,NA
31,6103,24989,50,fornuis,word,word,1,774
31,22067,24909,50,storing,word,word,1,587
31,7371,24910,50,geurden,word,word,1,649
31,10821,25032,50,kindje,word,word,1,480
31,4823,25033,50,driften,word,word,1,496
31,23299,25034,50,toontje,word,word,1,498
31,27783,24753,50,zong,word,word,1,509
31,24599,24875,50,vermits,word,word,1,650
31,20141,24997,50,slachten,word,word,1,788
31,24025,24917,50,vaatdoek,word,word,1,511
31,26413,24757,50,wei,word,word,1,404
31,22537,24919,50,surfers,word,word,1,640
31,16237,24881,50,paring,word,nonword,0,NA
31,22101,25042,50,stoten,word,word,1,823
31,16435,25043,50,pelsje,word,word,1,748
31,27571,24803,50,zieners,word,word,1,1118
31,2665,25045,50,brandkraan,word,nonword,0,NA
31,13273,24925,50,link,word,word,1,664
31,1181,24967,50,beitel,word,word,1,657
31,15607,24927,50,onmacht,word,word,1,534
31,24551,24928,50,verlegd,word,word,1,613
31,26725,25010,50,wierpen,word,word,1,750
31,5731,25011,50,farmer,word,word,1,NA
31,14655,24891,50,mond,word,word,1,543
31,21751,24771,50,steunde,word,word,1,534
31,22955,24812,50,thee,word,word,1,510
31,1611,25055,50,bevel,word,word,1,933
31,3023,25056,50,buit,word,word,1,1110
31,22401,24815,50,studies,word,word,1,507
31,14405,25058,50,milder,word,word,1,672
31,4647,25059,50,dot,word,nonword,0,NA
31,14943,25020,50,naampjes,word,word,1,475
31,19647,24819,50,schreeuw,word,word,1,572
31,8299,24941,50,groottes,word,word,1,642
31,2849,24942,50,brokjes,word,word,1,702
31,15207,24944,50,nieren,word,word,1,566
31,11985,25065,50,kreng,word,word,1,594
31,4175,25066,50,diepgaand,word,word,1,592
31,10977,25027,50,kleedden,word,word,1,761
31,25119,24867,50,vitaal,word,word,1,817
31,16137,24705,50,palm,word,word,1,459
31,19079,24706,50,schaft,word,nonword,0,NA
31,18413,24707,50,rivier,word,word,1,441
31,11609,25072,50,konings,word,word,1,717
31,27973,24831,50,zwaan,word,word,1,NA
31,8687,24953,50,harsen,word,word,1,668
31,3113,24914,50,buurvrouw,word,word,1,531
31,8185,25076,50,groenen,word,nonword,0,NA
31,6833,25077,50,geknoeid,word,word,1,559
31,4133,25078,50,dienblad,word,word,1,591
31,27765,24715,50,zonde,word,word,1,488
31,23019,25080,50,tiet,word,nonword,0,NA
31,6851,24921,50,gekreun,word,word,1,695
31,5481,24719,50,enzym,word,nonword,0,NA
31,20695,25083,50,snuivend,word,word,1,803
31,23557,24964,50,troebel,word,word,1,579
31,17133,25085,50,pool,word,word,1,593
31,137,25086,50,aars,word,word,1,495
31,6843,25087,50,gekost,word,word,1,482
31,8051,25088,50,grensde,word,word,1,484
31,11959,24847,50,kreeft,word,word,1,477
31,581,25050,50,augurk,word,word,1,619
31,25339,24727,50,vlugge,word,word,1,401
31,7135,24850,50,gerucht,word,word,1,533
31,23505,25053,50,trekkers,word,word,1,675
31,475,24730,50,anti,word,word,1,426
31,6437,24853,50,garens,word,nonword,0,NA
31,13209,24732,50,lijk,word,word,1,466
31,9329,24733,50,hommel,word,word,1,678
31,26869,25098,50,windhoos,word,word,1,713
31,3937,24978,50,dekkend,word,word,1,780
31,14743,25100,50,morgens,word,word,1,835
31,16821,24980,50,plastics,word,word,1,799
31,6121,24860,50,foto,word,word,1,527
31,7817,25103,50,goedschiks,word,word,1,1026
31,15583,25104,50,ondeugd,word,word,1,623
31,20237,24863,50,sletten,word,word,1,590
31,22687,24742,50,tante,word,word,1,541
31,20947,24743,50,speertjes,word,word,1,750
31,18721,25108,50,rozig,word,nonword,0,NA
31,23265,24988,50,tonics,word,nonword,0,NA
31,5507,25110,50,erfrecht,word,word,1,670
31,19369,24747,50,schijnsels,word,nonword,0,NA
31,1237,24748,50,bel,word,word,1,557
31,12783,24749,50,leek,word,word,1,652
31,19693,25114,50,schrijven,word,word,1,1099
31,8379,24752,50,haaf,word,nonword,0,NA
31,1109,25116,50,begeerd,word,nonword,0,NA
31,19543,25117,50,schoonzoon,word,word,1,445
31,2557,24754,50,bouwen,word,word,1,654
31,20353,24755,50,sloom,word,word,1,633
31,20449,25120,50,smalend,word,word,1,1153
31,5211,25121,50,ebde,word,word,1,744
31,25981,25001,50,vuurden,word,word,1,616
31,25531,24759,50,volte,word,nonword,0,NA
31,13479,24963,50,loopgraaf,word,word,1,980
31,22641,24762,50,talk,word,word,1,476
31,20003,25126,50,si,word,word,1,1139
31,11673,25127,50,koor,word,word,1,507
31,2089,25128,50,bloesems,word,word,1,908
31,7687,24887,50,glazig,word,word,1,749
31,7519,24726,50,gezag,word,word,1,496
31,17819,25131,50,rampspoed,word,word,1,810
31,10987,25132,50,kleefden,word,word,1,623
31,7177,24851,50,geschopt,word,word,1,580
31,14661,25134,50,mondhoek,word,word,1,661
31,9651,25135,50,humeur,word,word,1,783
31,19135,24772,50,schatten,word,word,1,534
31,21717,24773,50,sterken,word,word,1,470
31,12521,25017,50,lachend,word,word,1,418
31,24085,24775,50,vallei,word,word,1,560
31,9849,25140,50,inktvis,word,word,1,649
31,10227,25141,50,kaarsjes,word,word,1,981
31,17793,24778,50,raken,word,word,1,739
31,18459,25143,50,roeiers,word,word,1,737
31,9269,25144,50,hoezo,word,word,1,695
31,7591,25145,50,gierst,word,word,1,NA
31,3321,25146,50,circuits,word,word,1,736
31,22117,25147,50,straalt,word,word,1,472
31,21763,25148,50,steuntje,word,word,1,699
31,16975,24786,50,pluk,word,word,1,846
31,8073,25150,50,griek,word,word,1,676
31,25021,24787,50,vijlen,word,word,1,690
31,22345,25031,50,stroompjes,word,word,1,578
31,16117,25153,50,pakte,word,word,1,549
31,23005,25154,50,tieners,word,word,1,565
31,23625,25155,50,trossen,word,nonword,0,NA
31,20977,25156,50,spelers,word,word,1,503
31,15871,25157,50,opdat,word,word,1,457
31,14965,24794,50,nachtdienst,word,word,1,566
31,20953,25038,50,speetjes,word,nonword,0,NA
31,12881,24797,50,leidden,word,word,1,552
31,22161,25161,50,stralen,word,word,1,588
31,23205,24920,50,toetssteen,word,word,1,652
31,22259,24799,50,strijder,word,word,1,518
31,4405,25164,50,dolblij,word,word,1,1152
31,743,24923,50,balen,word,word,1,621
31,5643,24802,50,euvels,word,nonword,0,NA
31,14649,25167,50,mommen,word,nonword,0,NA
31,16213,25168,50,pappie,word,word,1,1097
31,18095,25169,50,rekruut,word,word,1,675
31,4003,25170,50,derde,word,word,1,477
31,14813,25171,50,muesli,word,word,1,704
31,8231,24930,50,gromde,word,word,1,561
31,20479,24769,50,smeken,word,word,1,845
31,8991,24810,50,herken,word,nonword,0,NA
31,3655,25175,50,daaraan,word,word,1,572
31,24227,25176,50,veertje,word,word,1,490
31,4667,25177,50,dozen,word,word,1,552
31,3715,24936,50,daggen,word,nonword,0,NA
31,13963,25179,50,markten,word,word,1,1063
31,7387,25180,50,gevaar,word,word,1,497
31,2113,25181,50,blonde,word,word,1,515
31,20451,25061,50,smalle,word,word,1,480
31,11811,25183,50,koud,word,word,1,814
31,5033,25184,50,duiker,word,word,1,467
31,14293,24822,50,metro,word,word,1,444
31,1093,25186,50,beet,word,word,1,456
31,14771,25187,50,mot,word,word,1,683
31,11103,24703,50,kliffen,word,nonword,0,NA
31,17553,24704,50,pruis,word,nonword,0,NA
31,13411,25190,50,lokten,word,word,1,660
31,8745,24827,50,hechten,word,word,1,792
31,24655,25192,50,vers,word,word,1,586
31,18681,24829,50,rotsvast,word,word,1,656
31,21665,25194,50,stemde,word,word,1,1123
31,22993,25195,50,tics,word,word,1,971
31,24801,25075,50,veruit,word,word,1,830
31,9821,24833,50,ineen,word,word,1,771
31,27061,25198,50,worpen,word,nonword,0,NA
31,20769,25199,50,sonar,word,word,1,1207
31,10189,25200,50,jurk,word,word,1,731
32,28174,24814,50,knillen,nonword,nonword,1,1148
32,4672,24946,50,drood,nonword,nonword,1,715
32,18666,24959,50,rompig,nonword,nonword,1,843
32,648,24785,50,boostjes,nonword,nonword,1,408
32,18204,24879,50,revort,nonword,nonword,1,1154
32,17572,24731,50,piwer,nonword,nonword,1,740
32,3562,24750,50,vrouche,nonword,nonword,1,561
32,9268,24747,50,loenen,nonword,nonword,1,863
32,25630,24714,50,waarman,nonword,nonword,1,629
32,24722,24819,50,verdruit,nonword,nonword,1,593
32,4850,24848,50,drits,nonword,nonword,1,828
32,5592,24854,50,eksen,nonword,nonword,1,975
32,23000,24812,50,zeunden,nonword,nonword,1,757
32,14412,24865,50,mobjard,nonword,nonword,1,620
32,878,24784,50,harme,nonword,nonword,1,819
32,2848,24932,50,trikje,nonword,nonword,1,835
32,20808,24881,50,sabjets,nonword,nonword,1,730
32,18658,24732,50,rosdaaf,nonword,nonword,1,636
32,25226,24975,50,vloogt,nonword,nonword,1,NA
32,16440,24762,50,pernen,nonword,nonword,1,602
32,1164,24893,50,beheeld,nonword,nonword,1,850
32,14292,24791,50,kepra,nonword,nonword,1,592
32,426,24886,50,alvier,nonword,nonword,1,805
32,15028,24712,50,naspoek,nonword,nonword,1,529
32,4102,24888,50,ruchter,nonword,nonword,1,731
32,27818,24744,50,zaans,nonword,nonword,1,483
32,27490,24904,50,tosje,nonword,nonword,1,585
32,17060,24850,50,pampte,nonword,word,0,NA
32,2782,24743,50,trullen,nonword,nonword,1,696
32,25384,24986,50,voemhoord,nonword,nonword,1,522
32,1752,24866,50,biendruk,nonword,nonword,1,1321
32,15888,24746,50,asgaan,nonword,nonword,1,611
32,9708,24936,50,eiter,nonword,nonword,1,733
32,9028,24790,50,mose,nonword,nonword,1,577
32,27324,24898,50,tevla's,nonword,nonword,1,629
32,12266,24992,50,riesen,nonword,nonword,1,507
32,10270,24980,50,leders,nonword,nonword,1,1300
32,12646,24873,50,bonge,nonword,nonword,1,884
32,1568,24835,50,betralt,nonword,nonword,1,780
32,12420,24741,50,smoekte,nonword,nonword,1,707
32,26154,24944,50,dolker,nonword,nonword,1,721
32,20846,24837,50,grinnen,nonword,nonword,1,999
32,7638,24757,50,ninpeng,nonword,nonword,1,635
32,12138,24840,50,spieer,nonword,nonword,1,1148
32,3806,24921,50,vinsten,nonword,nonword,1,635
32,21116,25002,50,chrotsing,nonword,nonword,1,597
32,27126,24937,50,glijft,nonword,nonword,1,1190
32,12540,24991,50,leter,nonword,nonword,1,838
32,13328,24724,50,lilangs,nonword,nonword,1,602
32,5896,24966,50,fipts,nonword,nonword,1,607
32,20754,25007,50,foro,nonword,nonword,1,565
32,26506,25008,50,rande,nonword,word,0,NA
32,18582,24969,50,rons,nonword,nonword,1,684
32,2702,24877,50,dreek,nonword,nonword,1,1309
32,27834,25011,50,tolgend,nonword,nonword,1,649
32,11578,24851,50,dozend,nonword,word,0,NA
32,10672,24933,50,rotels,nonword,nonword,1,744
32,20900,25014,50,kreed,nonword,nonword,1,558
32,2532,25015,50,bouillet,nonword,nonword,1,493
32,10918,24721,50,spap,nonword,nonword,1,577
32,14606,25017,50,kiesten,nonword,nonword,1,544
32,5600,25018,50,engen,nonword,nonword,1,560
32,10466,24778,50,hesteel,nonword,nonword,1,568
32,1172,24899,50,behach,nonword,nonword,1,562
32,21138,24981,50,dreken,nonword,nonword,1,805
32,5478,24902,50,enstij,nonword,nonword,1,484
32,4794,25023,50,dreur,nonword,nonword,1,653
32,19604,24742,50,scheuben,nonword,nonword,1,620
32,13362,25025,50,laalde,nonword,nonword,1,997
32,28118,25026,50,vlermers,nonword,nonword,1,723
32,19774,24906,50,schulk,nonword,nonword,1,667
32,28004,25028,50,prasjes,nonword,nonword,1,1177
32,25402,24895,50,moelde,nonword,nonword,1,1077
32,13106,24869,50,lidmaard,nonword,nonword,1,1034
32,6502,25031,50,gebeept,nonword,nonword,1,874
32,5686,25032,50,fuilt,nonword,nonword,1,877
32,17194,24751,50,pakti,nonword,nonword,1,496
32,4056,25034,50,peun,nonword,nonword,1,NA
32,9094,24995,50,hierpien,nonword,nonword,1,1098
32,26064,24956,50,meerheid,nonword,word,0,NA
32,9328,24796,50,hokes,nonword,nonword,1,476
32,12720,24998,50,hatef,nonword,nonword,1,919
32,2008,25039,50,prokken,nonword,nonword,1,503
32,13712,25000,50,maags,nonword,nonword,1,1174
32,18134,24961,50,merte,nonword,nonword,1,900
32,16430,25042,50,perplim,nonword,nonword,1,552
32,1514,24761,50,bestaft,nonword,word,0,NA
32,6384,24883,50,garip,nonword,nonword,1,680
32,20182,25005,50,bralend,nonword,nonword,1,713
32,25270,24804,50,knaaiend,nonword,nonword,1,1037
32,12446,25047,50,snuike,nonword,nonword,1,695
32,290,24927,50,atgal,nonword,nonword,1,562
32,4384,25009,50,kuffen,nonword,nonword,1,1120
32,948,24930,50,banon,nonword,nonword,1,922
32,24240,25051,50,vem,nonword,nonword,1,591
32,10214,25012,50,raal,nonword,nonword,1,597
32,12338,24973,50,wosten,nonword,nonword,1,991
32,1010,25054,50,bedreedt,nonword,word,0,NA
32,12984,24934,50,lotte,nonword,nonword,1,592
32,18194,25056,50,meune,nonword,nonword,1,509
32,834,25057,50,bankeert,nonword,word,0,NA
32,8936,25058,50,bezels,nonword,nonword,1,737
32,23892,24858,50,ieterds,nonword,nonword,1,640
32,2084,24939,50,blaams,nonword,nonword,1,763
32,17070,24940,50,tekken,nonword,nonword,1,931
32,2266,24780,50,bijven,nonword,word,0,NA
32,16410,24942,50,peignams,nonword,nonword,1,931
32,20676,25064,50,snerven,nonword,nonword,1,952
32,7332,25065,50,getord,nonword,nonword,1,519
32,16706,24703,50,lit,nonword,nonword,1,682
32,5412,25067,50,emters,nonword,nonword,1,618
32,25242,24704,50,zwijt,nonword,word,0,NA
32,5314,24989,50,oolzaal,nonword,nonword,1,592
32,24864,25070,50,verdand,nonword,nonword,1,861
32,1332,24950,50,beaasd,nonword,nonword,1,548
32,21012,24951,50,kleiren,nonword,nonword,1,900
32,17484,25033,50,pluffen,nonword,nonword,1,911
32,20050,25074,50,siloep,nonword,nonword,1,1136
32,18228,25075,50,kuchels,nonword,nonword,1,1336
32,10498,24915,50,kijkgom,nonword,nonword,1,567
32,7088,24713,50,geblukt,nonword,word,0,NA
32,1536,25038,50,bedraar,nonword,nonword,1,701
32,1818,24958,50,loetend,nonword,nonword,1,607
32,12278,24716,50,wuilen,nonword,nonword,1,1003
32,5304,24717,50,eerril,nonword,nonword,1,584
32,1436,24718,50,beschroom,nonword,nonword,1,NA
32,25130,24720,50,vrooien,nonword,nonword,1,611
32,17734,25084,50,moesde,nonword,nonword,1,656
32,314,25085,50,asts,nonword,nonword,1,827
32,24812,24723,50,vervaakt,nonword,nonword,1,653
32,7284,25087,50,gesteent,nonword,nonword,1,606
32,17590,25088,50,kui,nonword,nonword,1,779
32,22268,25089,50,stroofmacht,nonword,nonword,1,770
32,23710,24726,50,teft,nonword,nonword,1,529
32,20246,24970,50,treiren,nonword,nonword,1,790
32,19954,25092,50,whinxen,nonword,nonword,1,530
32,13610,25053,50,biee,nonword,nonword,1,512
32,26996,25094,50,dinde,nonword,nonword,1,NA
32,3276,25095,50,chelst,nonword,nonword,1,738
32,15928,25096,50,olkrand,nonword,nonword,1,891
32,50,24855,50,aannorst,nonword,nonword,1,861
32,24328,24856,50,verbrund,nonword,nonword,1,1105
32,6322,25019,50,gief,nonword,nonword,1,655
32,13154,24736,50,laakjes,nonword,nonword,1,698
32,6278,25101,50,vrietig,nonword,nonword,1,718
32,15900,24738,50,asmars,nonword,nonword,1,663
32,3506,24982,50,jontern,nonword,nonword,1,587
32,2606,24983,50,breekpan,nonword,word,0,NA
32,20908,25105,50,spees,nonword,word,0,NA
32,4392,25106,50,megma's,nonword,nonword,1,496
32,22108,25107,50,stoenste,nonword,nonword,1,482
32,8074,25108,50,groek,nonword,nonword,1,597
32,6610,25109,50,gevijd,nonword,nonword,1,642
32,13894,25110,50,kand,nonword,nonword,1,590
32,3052,25111,50,himper,nonword,nonword,1,572
32,7528,25112,50,gemoofd,nonword,nonword,1,556
32,24390,24749,50,verdrams,nonword,nonword,1,513
32,5188,25114,50,dwess,nonword,nonword,1,491
32,21990,25115,50,stestje,nonword,nonword,1,445
32,1720,25076,50,beproek,nonword,nonword,1,729
32,214,24996,50,afuun,nonword,nonword,1,644
32,21696,25078,50,stumpe,nonword,nonword,1,1206
32,25258,24755,50,vlieslijn,nonword,nonword,1,498
32,23512,24756,50,snoma,nonword,nonword,1,724
32,13374,25121,50,deg,nonword,nonword,1,497
32,78,24758,50,aarstands,nonword,nonword,1,632
32,4862,25123,50,broeg,nonword,nonword,1,677
32,14278,24882,50,mid,nonword,nonword,1,818
32,12410,25125,50,smast,nonword,nonword,1,1145
32,21812,25126,50,steultjes,nonword,nonword,1,593
32,18710,25127,50,koler,nonword,nonword,1,1278
32,15428,24764,50,orm,nonword,nonword,1,604
32,242,24765,50,adhees,nonword,nonword,1,634
32,26952,24766,50,kijlen,nonword,nonword,1,647
32,19834,24889,50,scrilms,nonword,nonword,1,1059
32,25788,25132,50,traper,nonword,nonword,1,819
32,12606,24972,50,handgag,nonword,nonword,1,843
32,12716,24770,50,walent,nonword,nonword,1,653
32,6562,24771,50,genakt,nonword,nonword,1,808
32,24032,24772,50,veenwerk,nonword,nonword,1,NA
32,25072,25137,50,vits,nonword,nonword,1,651
32,8684,24774,50,harfoon,nonword,nonword,1,673
32,21724,24775,50,stormste,nonword,nonword,1,876
32,20968,25140,50,spartje,nonword,nonword,1,1386
32,3034,24777,50,huimen,nonword,nonword,1,802
32,18190,25142,50,deitje,nonword,nonword,1,998
32,27560,24901,50,tieven,nonword,nonword,1,532
32,6598,25144,50,gedriem,nonword,nonword,1,732
32,14274,25024,50,dasthoop,nonword,nonword,1,634
32,22790,25146,50,pogels,nonword,nonword,1,780
32,15502,24783,50,oruik,nonword,nonword,1,515
32,7080,25148,50,gehietst,nonword,nonword,1,1109
32,21124,25149,50,broel,nonword,nonword,1,766
32,2770,25150,50,drooste,nonword,nonword,1,853
32,20700,24787,50,snonkte,nonword,nonword,1,483
32,10978,25152,50,grijdden,nonword,nonword,1,696
32,13324,25153,50,muters,nonword,nonword,1,577
32,478,25154,50,assiek,nonword,nonword,1,752
32,18680,25155,50,moftjes,nonword,nonword,1,664
32,25522,24752,50,vorvraat,nonword,nonword,1,547
32,13244,24793,50,dijnen,nonword,word,0,NA
32,9778,25037,50,ixers,nonword,nonword,1,941
32,27330,24795,50,podig,nonword,nonword,1,556
32,21348,25160,50,stuugje,nonword,nonword,1,830
32,16976,24797,50,bluk,nonword,word,0,NA
32,23694,25041,50,tsjelk,nonword,nonword,1,802
32,2978,25163,50,higel,nonword,nonword,1,502
32,3354,25043,50,claxi's,nonword,nonword,1,552
32,18418,25044,50,kabben,nonword,nonword,1,679
32,402,24802,50,ard,nonword,nonword,1,555
32,7860,25046,50,gords,nonword,nonword,1,451
32,13434,25168,50,bingen,nonword,nonword,1,715
32,10236,25048,50,meerten,nonword,nonword,1,560
32,5898,25170,50,fardster,nonword,nonword,1,539
32,10468,24807,50,mosten,nonword,nonword,1,954
32,15950,24808,50,opvocht,nonword,word,0,NA
32,15856,25133,50,eestvee,nonword,nonword,1,967
32,13352,25174,50,doepen,nonword,nonword,1,595
32,17056,24811,50,vozing,nonword,nonword,1,650
32,16694,25176,50,piskruim,nonword,nonword,1,844
32,5878,24813,50,liret,nonword,nonword,1,556
32,1746,25178,50,huider,nonword,nonword,1,849
32,25196,25179,50,bloses,nonword,nonword,0,NA
32,20500,25059,50,kwifse,nonword,nonword,1,522
32,4172,25181,50,ruipen,nonword,nonword,1,NA
32,9946,25061,50,jockent,nonword,nonword,1,443
32,3604,25183,50,cacten,nonword,nonword,1,NA
32,9156,25063,50,huntte,nonword,nonword,1,752
32,13322,24821,50,kuter,nonword,nonword,1,544
32,14922,25186,50,neekt,nonword,nonword,1,552
32,27700,24824,50,zieslicht,nonword,nonword,1,618
32,10444,25188,50,kartoe,nonword,nonword,1,673
32,27626,25189,50,tangend,nonword,nonword,1,876
32,17928,24948,50,rechtpaak,nonword,nonword,1,890
32,6762,24827,50,gefoogd,nonword,nonword,1,539
32,27464,24828,50,tander,nonword,nonword,1,604
32,4108,24708,50,dichtkomst,nonword,nonword,1,814
32,20346,25194,50,blekje,nonword,nonword,1,734
32,12914,25195,50,henken,nonword,word,0,NA
32,9532,25196,50,houtzaar,nonword,nonword,1,625
32,1116,24833,50,begalt,nonword,nonword,1,NA
32,14598,24834,50,riertje,nonword,nonword,1,1257
32,16272,25199,50,vesje,nonword,nonword,1,652
32,12156,24715,50,bruiltje,nonword,nonword,1,706
32,4385,24701,50,dog,word,word,1,377
32,26901,24702,50,wipplank,word,word,1,1071
32,10979,24945,50,kleedje,word,word,1,522
32,25147,25068,50,vlakke,word,word,1,727
32,9281,24705,50,hok,word,word,1,433
32,16899,24706,50,pletter,word,word,1,598
32,26153,24707,50,walker,word,nonword,0,NA
32,10195,25072,50,jurkjes,word,word,1,612
32,14001,24709,50,massief,word,word,1,498
32,14071,24710,50,meegaan,word,word,1,629
32,23085,24711,50,tillen,word,word,1,529
32,20753,25197,50,solo,word,word,1,478
32,12631,25077,50,landstaal,word,word,1,801
32,7077,24754,50,geplukt,word,word,1,479
32,11741,25079,50,korrel,word,word,1,747
32,18673,25080,50,rots,word,word,1,1235
32,23037,25081,50,tijdje,word,word,1,615
32,4879,25082,50,drom,word,word,1,676
32,9843,24719,50,inkoop,word,word,1,531
32,19015,24841,50,scènes,word,word,1,484
32,7561,24842,50,gênant,word,word,1,503
32,6227,24722,50,friese,word,nonword,0,NA
32,13227,24844,50,lijnrecht,word,word,1,636
32,6559,24845,50,gedeeld,word,word,1,553
32,27949,24725,50,zuster,word,word,1,696
32,6289,25090,50,functie,word,word,1,665
32,24043,24727,50,vaders,word,word,1,737
32,3897,24728,50,deeltjes,word,nonword,0,NA
32,8749,24729,50,hechting,word,word,1,770
32,23215,24730,50,toezicht,word,word,1,665
32,883,24852,50,barst,word,word,1,566
32,213,24853,50,acuut,word,word,1,694
32,3941,24733,50,dekkers,word,nonword,0,NA
32,1473,24734,50,bespaart,word,word,1,798
32,17753,24735,50,racist,word,word,1,1172
32,18371,25100,50,rimboes,word,nonword,0,NA
32,11823,24737,50,kozijn,word,word,1,1268
32,24949,25102,50,vette,word,word,1,503
32,14475,24739,50,mirre,word,nonword,0,NA
32,20907,24740,50,speel,word,word,1,530
32,7429,24862,50,gevloekt,word,word,1,633
32,14729,24863,50,mora,word,nonword,0,NA
32,21541,24864,50,starters,word,word,1,940
32,11041,24905,50,kleppen,word,word,1,456
32,25011,24745,50,vijftien,word,word,1,613
32,22283,24867,50,strikjes,word,word,1,633
32,2341,24868,50,bonen,word,word,1,854
32,7827,24748,50,gokken,word,word,1,594
32,11751,25113,50,kort,word,word,1,555
32,25867,24871,50,vrijster,word,word,1,862
32,19831,24872,50,scripties,word,word,1,865
32,1989,25116,50,blijkbaar,word,word,1,433
32,14519,24753,50,misten,word,word,1,NA
32,1529,24794,50,bestrijdt,word,word,1,741
32,16713,25119,50,pitten,word,word,1,657
32,4573,25120,50,doorreis,word,word,1,795
32,11839,24878,50,kraakbeen,word,word,1,814
32,5661,25122,50,expert,word,word,1,516
32,15147,24759,50,netheid,word,word,1,645
32,21565,24760,50,statuut,word,word,1,1040
32,3557,25003,50,credo,word,word,1,723
32,935,25004,50,baths,word,nonword,0,NA
32,16785,24763,50,plannen,word,word,1,824
32,22771,25128,50,teelt,word,word,1,1040
32,7919,25129,50,graadjes,word,word,1,620
32,8493,25130,50,halen,word,word,1,1065
32,25075,24767,50,vinkje,word,word,1,1106
32,3725,24768,50,dak,word,word,1,492
32,26615,24769,50,werkzaam,word,word,1,574
32,23579,25134,50,trok,word,word,1,806
32,13169,25135,50,liezen,word,nonword,0,NA
32,18355,25136,50,rijzen,word,word,1,NA
32,17787,24773,50,rails,word,word,1,646
32,2123,25138,50,blonken,word,word,1,NA
32,6493,25139,50,gebed,word,word,1,971
32,26191,24776,50,wang,word,word,1,847
32,6923,25141,50,gelid,word,nonword,0,NA
32,28127,25020,50,zwiepte,word,nonword,0,NA
32,27007,24779,50,woog,word,word,1,727
32,24975,25022,50,vierden,word,word,1,441
32,19991,24781,50,shot,word,nonword,0,NA
32,21481,24782,50,standbeeld,word,word,1,463
32,4739,25147,50,dragers,word,word,1,866
32,18109,25066,50,rem,word,nonword,0,NA
32,15489,25027,50,oké,word,word,1,1004
32,21821,24786,50,stijf,word,word,1,414
32,23255,25151,50,toneel,word,word,1,569
32,449,24788,50,angel,word,nonword,0,NA
32,22315,24789,50,stromend,word,word,1,395
32,21695,24911,50,steppe,word,word,1,572
32,22021,24912,50,stoomschip,word,word,1,427
32,2735,24792,50,bres,word,word,1,957
32,8783,25157,50,heerst,word,word,1,495
32,4287,25198,50,dispuut,word,word,1,641
32,3483,25159,50,conga,word,nonword,0,NA
32,26683,24917,50,wicht,word,word,1,664
32,20621,25161,50,snik,word,word,1,530
32,711,24798,50,bakboord,word,word,1,951
32,22779,24799,50,teentjes,word,word,1,823
32,23147,24800,50,toedoen,word,word,1,524
32,11755,24801,50,korte,word,word,1,472
32,12603,25166,50,landbouw,word,word,1,484
32,5311,24803,50,eetlust,word,word,1,491
32,717,24925,50,baker,word,word,1,581
32,23257,24805,50,tonen,word,word,1,857
32,26911,24806,50,wissels,word,word,1,620
32,25885,25171,50,vroegst,word,word,1,492
32,23227,25172,50,togen,word,word,1,525
32,3079,24809,50,business,word,word,1,745
32,16559,24810,50,piemel,word,word,1,705
32,9131,25175,50,hijzelf,word,word,1,625
32,22801,24892,50,teiltje,word,nonword,0,NA
32,9237,25177,50,hoeren,word,word,1,528
32,7023,24935,50,genoeg,word,word,1,541
32,9251,24815,50,hoestend,word,word,1,563
32,17049,24816,50,poezen,word,word,1,706
32,20469,24817,50,smeekten,word,word,1,796
32,18303,24818,50,rijkdom,word,word,1,546
32,11847,25182,50,kraakten,word,word,1,NA
32,25831,24820,50,vriend,word,word,1,511
32,27759,25185,50,zondaars,word,word,1,985
32,27041,24822,50,wording,word,word,1,639
32,17935,24823,50,rechtse,word,word,1,988
32,17921,24985,50,rechtens,word,nonword,0,NA
32,10441,24825,50,karwats,word,nonword,0,NA
32,15519,24826,50,ome,word,nonword,0,NA
32,24847,25191,50,verwant,word,nonword,0,NA
32,5391,25192,50,eiste,word,word,1,572
32,20457,24829,50,smart,word,nonword,0,NA
32,5551,24830,50,erom,word,nonword,0,NA
32,2501,24831,50,bosses,word,nonword,0,NA
32,21251,24832,50,spreitje,word,word,1,NA
32,181,24954,50,achten,word,word,1,631
32,2881,24874,50,broodplank,word,word,1,790
32,23283,24875,50,toonbank,word,word,1,780
32,18419,24836,50,robijn,word,word,1,835
32,22849,25200,50,tempel,word,word,1,552
32,19333,24838,50,scheutje,word,nonword,0,NA
32,4515,24839,50,doofden,word,word,1,974
32,1685,24880,50,bezat,word,word,1,NA
32,6203,24962,50,fregat,word,nonword,0,NA
32,6565,24963,50,gedicht,word,word,1,856
32,15455,24843,50,oerwoud,word,word,1,424
32,20899,24965,50,speed,word,word,1,627
32,6825,24885,50,geknield,word,word,1,849
32,21805,24846,50,stieren,word,word,1,713
32,391,24847,50,almaar,word,word,1,1041
32,1221,24928,50,beklag,word,word,1,577
32,18069,24849,50,reisden,word,word,1,657
32,22163,24971,50,stralend,word,word,1,540
32,10741,25093,50,kiempjes,word,word,1,851
32,23313,25052,50,top,word,word,1,894
32,19013,24974,50,scène,word,word,1,781
32,18015,24894,50,reform,word,nonword,0,NA
32,5027,24976,50,duik,word,word,1,696
32,26905,24977,50,wirwar,word,nonword,0,NA
32,20573,24857,50,sneeën,word,nonword,0,NA
32,25837,24979,50,vriendje,word,word,1,631
32,25543,24859,50,voluit,word,word,1,701
32,15023,24860,50,nare,word,word,1,1047
32,14715,24861,50,mop,word,word,1,769
32,9113,25104,50,hiervan,word,word,1,625
32,1177,24984,50,beider,word,word,1,NA
32,4433,25145,50,dommer,word,nonword,0,NA
32,10963,25187,50,klavier,word,word,1,696
32,11265,24987,50,knal,word,word,1,635
32,10661,24988,50,kerstman,word,word,1,694
32,25005,24908,50,vijfden,word,word,1,540
32,16865,24990,50,pleetjes,word,nonword,0,NA
32,369,24870,50,alla,word,nonword,0,NA
32,24147,25193,50,varens,word,word,1,475
32,24753,24993,50,verstrikt,word,word,1,876
32,7571,24994,50,gidsen,word,word,1,639
32,8879,24914,50,held,word,word,1,450
32,1781,25036,50,bijbel,word,word,1,1042
32,19201,24876,50,scheien,word,nonword,0,NA
32,26403,24957,50,weggaan,word,word,1,493
32,7637,24999,50,ginseng,word,nonword,0,NA
32,14347,24919,50,mieren,word,word,1,441
32,1139,24920,50,beha's,word,nonword,0,NA
32,6307,25001,50,fusten,word,nonword,0,NA
32,4841,25124,50,drijvers,word,word,1,703
32,16219,24923,50,paraat,word,word,1,857
32,14317,24884,50,mevrouw,word,word,1,562
32,22453,25167,50,stuur,word,word,1,422
32,3463,24926,50,concern,word,word,1,579
32,16943,24887,50,plooien,word,word,1,555
32,17393,24968,50,prijzen,word,word,1,524
32,21665,25010,50,stemde,word,word,1,536
32,537,24890,50,armstoel,word,word,1,1150
32,19571,24891,50,schort,word,word,1,694
32,5125,24918,50,duurde,word,word,1,419
32,26827,25013,50,wil,word,word,1,643
32,13391,25055,50,logo's,word,word,1,674
32,2201,25016,50,body,word,word,1,511
32,5805,24896,50,felheid,word,word,1,672
32,4291,24897,50,distels,word,nonword,0,NA
32,75,24938,50,aanspraak,word,word,1,523
32,2449,25060,50,bordes,word,nonword,0,NA
32,19063,24900,50,schaats,word,word,1,689
32,6329,25143,50,gaaitjes,word,nonword,0,NA
32,19555,25184,50,schoppen,word,word,1,571
32,9769,24903,50,ik,word,word,1,503
32,14375,24997,50,mijnen,word,word,1,784
32,15777,24931,50,oogje,word,word,1,731
32,19205,25118,50,schelden,word,word,1,662
32,5541,24907,50,erna,word,word,1,422
32,15707,25069,50,ontstaan,word,word,1,607
32,4003,24909,50,derde,word,word,1,444
32,14243,24910,50,merknaam,word,word,1,623
32,4725,24924,50,drachten,word,word,1,716
32,26297,24952,50,wee,word,word,1,1206
32,2193,24913,50,bodem,word,word,1,464
32,8891,25169,50,helen,word,word,1,388
32,21233,24955,50,spreeuwen,word,word,1,515
32,25715,24916,50,vorig,word,word,1,486
32,6989,25091,50,gemis,word,word,1,580
32,1231,25158,50,bekroond,word,word,1,625
32,24549,25050,50,verleerd,word,word,1,628
32,22723,24960,50,tast,word,word,1,831
32,19945,25162,50,sfeer,word,word,1,467
32,19975,24922,50,shirtjes,word,word,1,536
32,10383,25164,50,kapel,word,word,1,535
32,6229,25098,50,friet,word,word,1,514
32,8779,25086,50,heerser,word,word,1,575
32,7087,25006,50,geprikt,word,word,1,867
32,25479,24953,50,volgend,word,word,1,651
32,23397,24941,50,trailer,word,word,1,548
32,20391,24929,50,sluipt,word,word,1,671
32,18497,24943,50,roestig,word,word,1,595
32,13903,25131,50,manen,word,word,1,NA
32,22013,25097,50,stooltje,word,nonword,0,NA
32,761,25173,50,balkon,word,word,1,430
32,1681,24947,50,bezaaid,word,word,1,789
32,4171,25180,50,diepen,word,word,1,908
32,17765,25099,50,rade,word,nonword,0,NA
32,18691,25071,50,rotting,word,word,1,816
32,21765,24978,50,steuntjes,word,nonword,0,NA
32,19403,25117,50,schildklier,word,word,1,533
32,24205,25156,50,veelvoud,word,word,1,643
32,18219,24967,50,rib,word,word,1,556
32,617,25103,50,baaitjes,word,word,1,745
32,11507,25040,50,koetjes,word,word,1,696
32,12231,25045,50,kuif,word,word,1,514
32,11365,24949,50,knipsel,word,word,1,748
32,16989,25029,50,plus,word,word,1,863
32,9471,24964,50,hoorns,word,nonword,0,NA
32,20389,25049,50,sluipen,word,word,1,848
32,3867,25165,50,debuut,word,word,1,664
32,18539,25073,50,rolkraag,word,word,1,962
32,17689,25035,50,raadde,word,word,1,796
32,26197,25030,50,wankel,word,word,1,738
32,21575,25062,50,steeën,word,nonword,0,NA
32,24191,25083,50,veegt,word,word,1,527
32,19573,25021,50,schorten,word,word,1,970
32,2403,25190,50,boon,word,word,1,623
34,25660,24701,50,voorgralt,nonword,nonword,1,NA
34,21244,24823,50,spleedden,nonword,nonword,1,1336
34,1338,24703,50,bebenkt,nonword,nonword,1,1412
34,2620,24825,50,brucht,nonword,nonword,1,NA
34,16252,24705,50,paloel,nonword,nonword,1,759
34,220,24706,50,adim,nonword,nonword,1,687
34,5806,25071,50,fonheid,nonword,nonword,1,837
34,12262,24708,50,puis,nonword,nonword,1,558
34,18346,24709,50,wuitje,nonword,nonword,1,1293
34,3806,24710,50,vinsten,nonword,nonword,1,558
34,24068,24711,50,valhui,nonword,nonword,1,973
34,4294,24712,50,disprilt,nonword,nonword,1,812
34,1354,24713,50,rorde,nonword,nonword,1,721
34,19902,24714,50,felie,nonword,nonword,1,938
34,16300,24715,50,pakties,nonword,nonword,1,1130
34,11188,24756,50,kliet,nonword,nonword,1,1202
34,27490,25081,50,tosje,nonword,nonword,1,556
34,26956,24839,50,woegt,nonword,nonword,1,921
34,2722,24719,50,slokend,nonword,nonword,1,1380
34,23994,25084,50,poondel,nonword,nonword,1,508
34,13360,25085,50,doer,nonword,nonword,1,717
34,9204,24722,50,hiegjes,nonword,nonword,1,739
34,24040,25087,50,michtjes,nonword,nonword,1,496
34,5492,25088,50,erog,nonword,nonword,1,835
34,10564,24725,50,ralken,nonword,nonword,1,681
34,26520,24726,50,kanken,nonword,nonword,1,1395
34,5396,24969,50,ooste,nonword,word,0,NA
34,12424,24728,50,proker,nonword,nonword,1,894
34,5162,24729,50,wreesheid,nonword,nonword,1,688
34,19182,24730,50,schoosden,nonword,nonword,1,683
34,3344,24731,50,clape,nonword,nonword,1,437
34,2840,24732,50,sloers,nonword,nonword,1,778
34,2488,25097,50,batgrond,nonword,nonword,1,720
34,11812,24734,50,kijd,nonword,nonword,1,514
34,19308,24856,50,schipsjes,nonword,nonword,1,971
34,5634,25100,50,osters,nonword,nonword,1,609
34,4448,24737,50,kenders,nonword,nonword,1,540
34,22718,24738,50,tokje,nonword,nonword,1,923
34,24086,25102,50,vollà,nonword,nonword,1,1311
34,3928,24740,50,duk,nonword,word,0,NA
34,24192,24741,50,vijgt,nonword,nonword,1,1108
34,23212,24742,50,toeslocht,nonword,nonword,1,845
34,170,24743,50,ogten,nonword,nonword,1,642
34,21246,24744,50,streeden,nonword,nonword,1,NA
34,15120,24745,50,nozend,nonword,nonword,1,872
34,4458,24867,50,ronno's,nonword,nonword,1,657
34,15584,25111,50,ondeeuw,nonword,nonword,1,529
34,10026,24748,50,jeeks,nonword,nonword,1,602
34,1182,24870,50,heutel,nonword,nonword,1,760
34,10706,24750,50,keepslijf,nonword,nonword,1,753
34,23178,24751,50,tieltjes,nonword,nonword,1,760
34,27736,25116,50,talders,nonword,nonword,1,537
34,25702,25117,50,voornaard,nonword,nonword,1,506
34,15028,24794,50,naspoek,nonword,nonword,1,1342
34,25158,25119,50,vlom,nonword,nonword,1,731
34,10394,24796,50,kosje,nonword,nonword,1,588
34,19878,25121,50,sorder,nonword,nonword,1,496
34,19410,25122,50,schindwangst,nonword,nonword,1,562
34,5264,25123,50,eelboorns,nonword,nonword,1,434
34,11822,25124,50,lowen,nonword,nonword,1,1158
34,956,25165,50,beneerd,nonword,nonword,1,523
34,18612,24762,50,raakbruin,nonword,nonword,1,810
34,5756,24763,50,satut,nonword,word,0,NA
34,19338,24764,50,schole,nonword,nonword,1,620
34,2110,24886,50,snormen,nonword,nonword,1,738
34,25834,24766,50,snoenden,nonword,nonword,1,876
34,10556,24767,50,merder,nonword,nonword,1,957
34,6192,25010,50,trapes,nonword,nonword,1,824
34,17130,24890,50,puiter,nonword,nonword,1,599
34,26110,24770,50,wachtmist,nonword,nonword,1,1037
34,9452,25013,50,boepten,nonword,nonword,1,615
34,25692,24772,50,voorbol,nonword,nonword,1,632
34,5228,25136,50,eflime,nonword,nonword,1,618
34,12024,24774,50,sloegers,nonword,nonword,1,1243
34,7172,25139,50,geschakt,nonword,nonword,1,941
34,794,24776,50,bamdees,nonword,nonword,1,828
34,25866,25141,50,vrijstrijk,nonword,nonword,1,607
34,14766,24899,50,kessen,nonword,nonword,1,579
34,26782,25021,50,doonbouw,nonword,nonword,1,815
34,18444,24901,50,doewel,nonword,nonword,1,1386
34,21968,24781,50,stongen,nonword,nonword,1,716
34,974,24782,50,leten,nonword,nonword,1,1430
34,26990,24783,50,kilven,nonword,nonword,1,609
34,26394,24784,50,dootjes,nonword,nonword,1,735
34,17568,25027,50,skyprisch,nonword,nonword,1,1279
34,20250,25028,50,treitels,nonword,nonword,1,1201
34,17338,24787,50,plepies,nonword,nonword,1,886
34,18820,24788,50,mutten,nonword,nonword,1,1065
34,24200,24829,50,vaakheid,nonword,nonword,1,1063
34,11672,24790,50,kooljaar,nonword,nonword,1,1196
34,10884,24912,50,grapen,nonword,nonword,1,1181
34,5638,24792,50,eloes,nonword,nonword,1,1185
34,24594,25035,50,vervood,nonword,nonword,1,546
34,2758,24834,50,broudje,nonword,nonword,1,732
34,3440,24795,50,covin,nonword,nonword,1,589
34,18998,25078,50,scorpen,nonword,nonword,1,614
34,14254,25161,50,mensies,nonword,nonword,1,655
34,27710,25162,50,goen,nonword,nonword,1,875
34,17750,24799,50,raxon,nonword,nonword,1,585
34,13722,25164,50,maagvloer,nonword,nonword,1,804
34,21842,24841,50,stoentje,nonword,nonword,1,923
34,17730,24802,50,moepte,nonword,nonword,1,578
34,5572,25167,50,enzen,nonword,nonword,1,840
34,8096,25168,50,kroetjes,nonword,nonword,1,893
34,12182,24805,50,broosje,nonword,nonword,1,1288
34,4506,25170,50,doodschef,nonword,nonword,1,674
34,14594,25171,50,moetis,nonword,nonword,1,765
34,25008,25172,50,veetmaal,nonword,nonword,1,629
34,22938,25173,50,zeigen,nonword,nonword,1,496
34,24202,25052,50,mieltje,nonword,nonword,1,998
34,14276,24932,50,mestmeelt,nonword,nonword,1,753
34,18052,24933,50,meikt,nonword,nonword,1,905
34,4580,24813,50,doordraat,nonword,word,0,NA
34,14466,24814,50,konsten,nonword,nonword,1,875
34,15170,24815,50,neigons,nonword,nonword,1,1020
34,20618,24816,50,zwijdt,nonword,nonword,1,842
34,5596,24938,50,essue,nonword,nonword,1,975
34,21178,25182,50,kroven,nonword,nonword,1,749
34,26344,24819,50,weerzoeld,nonword,nonword,1,836
34,14586,25183,50,vijken,nonword,nonword,1,1043
34,12694,24821,50,lakjo,nonword,nonword,1,1218
34,19446,24822,50,schuizen,nonword,nonword,1,919
34,20602,25186,50,kwaller,nonword,nonword,1,676
34,18332,24824,50,moepe,nonword,nonword,1,1176
34,19752,25188,50,scheetplaats,nonword,nonword,1,724
34,14800,24826,50,meit,nonword,nonword,1,1002
34,26662,25191,50,hotens,nonword,nonword,1,839
34,25026,24828,50,vuintjes,nonword,nonword,1,1218
34,27914,24869,50,tuizen,nonword,nonword,1,652
34,20438,24830,50,shak,nonword,nonword,1,882
34,230,24831,50,atens,nonword,nonword,1,708
34,4656,24832,50,deetren,nonword,nonword,1,1182
34,19152,24954,50,schaten,nonword,nonword,1,951
34,7618,24874,50,nolde,nonword,nonword,1,1006
34,20360,25077,50,troetje,nonword,nonword,1,1317
34,2846,24876,50,drok,nonword,nonword,1,525
34,20446,24971,50,kwikte,nonword,nonword,1,940
34,25646,24959,50,meerschijn,nonword,nonword,1,749
34,182,25000,50,estten,nonword,nonword,1,890
34,2822,24840,50,spoek,nonword,nonword,1,907
34,12446,24881,50,snuike,nonword,nonword,1,1053
34,16610,24842,50,pientjes,nonword,nonword,1,1308
34,9534,25004,50,leeden,nonword,nonword,1,586
34,2192,24965,50,vede,nonword,nonword,1,624
34,20550,24845,50,vlap,nonword,nonword,1,910
34,12668,24846,50,lantieks,nonword,nonword,1,959
34,20308,24847,50,blapper,nonword,nonword,1,589
34,16892,25090,50,plik,nonword,nonword,1,870
34,2906,24849,50,slegjaar,nonword,nonword,1,777
34,2084,24984,50,blaams,nonword,nonword,1,607
34,11102,24851,50,drif,nonword,word,0,NA
34,7432,24973,50,geblecht,nonword,nonword,1,1048
34,12806,24853,50,doorden,nonword,nonword,1,1102
34,24376,25096,50,vertraadt,nonword,nonword,1,844
34,24030,24935,50,meetjes,nonword,nonword,1,622
34,24080,24977,50,velk,nonword,nonword,1,740
34,21554,24857,50,tratiem,nonword,nonword,1,986
34,25576,24858,50,vaareen,nonword,nonword,1,537
34,2112,24979,50,prond,nonword,nonword,1,491
34,14688,24873,50,mondeer,nonword,nonword,1,859
34,13466,25022,50,hoom,nonword,nonword,1,692
34,26898,24983,50,monters,nonword,nonword,1,1027
34,5674,25037,50,ebbla's,nonword,nonword,1,543
34,15684,24864,50,ontsient,nonword,nonword,1,831
34,22166,24905,50,spraming,nonword,nonword,1,889
34,6960,24866,50,gelind,nonword,nonword,1,828
34,19894,24988,50,fela,nonword,nonword,1,909
34,24664,24868,50,verstroot,nonword,nonword,1,908
34,23260,25030,50,teng,nonword,nonword,1,1122
34,26870,24991,50,mindhuis,nonword,nonword,1,636
34,12992,24871,50,heksels,nonword,nonword,1,1135
34,7536,24872,50,gedat,nonword,nonword,1,855
34,14890,25007,50,woertje,nonword,nonword,1,879
34,16490,25196,50,pelk,nonword,nonword,1,923
34,3510,24915,50,constalt,nonword,nonword,1,700
34,13528,24929,50,hesser,nonword,nonword,1,540
34,24558,25051,50,vernocht,nonword,nonword,1,650
34,11308,25120,50,frel,nonword,nonword,1,627
34,23364,25134,50,blaakheid,nonword,nonword,1,798
34,2586,25001,50,bowns,nonword,nonword,1,597
34,22010,24921,50,steedpot,nonword,nonword,1,834
34,7946,25043,50,sluchten,nonword,nonword,1,666
34,5826,24923,50,fagtie,nonword,nonword,1,844
34,11590,25126,50,dormen,nonword,nonword,1,646
34,22670,24885,50,pongen,nonword,nonword,1,813
34,10056,25140,50,jox,nonword,nonword,1,493
34,9130,25008,50,loesen,nonword,nonword,1,608
34,9198,24888,50,hoem,nonword,nonword,1,562
34,17718,24902,50,moekten,nonword,nonword,1,1177
34,1188,25024,50,tek,nonword,nonword,1,874
34,27776,24904,50,tore,nonword,nonword,1,970
34,23798,24945,50,sjaalf,nonword,nonword,1,698
34,14822,24893,50,rurgen,nonword,nonword,1,621
34,16082,25055,50,pobten,nonword,nonword,1,633
34,13422,25095,50,heme,nonword,nonword,1,541
34,12434,25138,50,twistie,nonword,nonword,1,726
34,7556,24897,50,gezenkt,nonword,nonword,1,697
34,6146,25019,50,fruisste,nonword,nonword,1,810
34,8864,25154,50,kokels,nonword,nonword,1,1028
34,9504,25074,50,herst,nonword,word,0,NA
34,23240,25115,50,zalken,nonword,nonword,1,587
34,5234,24955,50,atel,nonword,nonword,1,759
34,18138,25198,50,mertes,nonword,nonword,1,527
34,2102,25064,50,slikker,nonword,word,0,NA
34,26330,25160,50,weepijd,nonword,nonword,1,NA
34,23862,25148,50,pyle,nonword,nonword,1,652
34,3204,25147,50,cal,nonword,nonword,1,607
34,12374,24948,50,kneken,nonword,nonword,1,815
34,24236,25070,50,vierig,nonword,nonword,1,632
34,8644,25192,50,haks,nonword,nonword,1,683
34,23918,25032,50,eenslag,nonword,word,0,NA
34,16298,25086,50,dessief,nonword,nonword,1,1062
34,7788,25047,50,seden,nonword,nonword,1,497
34,24940,24927,50,moter,nonword,word,0,NA
34,11488,24928,50,moeven,nonword,nonword,1,622
34,3140,25130,50,cais,nonword,nonword,1,518
34,13122,25076,50,hoefdes,nonword,nonword,1,800
34,20326,25105,50,brijpen,nonword,nonword,1,513
34,9906,24972,50,ilus,nonword,nonword,1,619
34,6738,25041,50,gehoend,nonword,nonword,1,643
34,1276,24974,50,beleeg,nonword,nonword,1,1236
34,3670,24962,50,doorma,nonword,nonword,1,1414
34,6308,24963,50,sosten,nonword,nonword,1,963
34,3220,25045,50,cergus,nonword,nonword,1,638
34,396,25180,50,anam,nonword,nonword,1,750
34,6878,25179,50,gerakt,nonword,nonword,1,909
34,24322,24993,50,verkrijf,nonword,nonword,1,748
34,5284,25195,50,eerleed,nonword,nonword,1,507
34,9660,25063,50,hulmen,nonword,nonword,1,608
34,11300,25089,50,troden,nonword,nonword,1,551
34,18882,25104,50,munie,nonword,nonword,1,746
34,23408,25106,50,blaizers,nonword,nonword,1,643
34,20874,25093,50,klette,nonword,nonword,1,668
34,23200,25146,50,toergen,nonword,nonword,1,527
34,16632,25014,50,vuitje,nonword,nonword,1,821
34,8092,24936,50,druiten,nonword,nonword,1,827
34,17372,24937,50,prijm,nonword,nonword,1,943
34,25762,24951,50,vaaitje,nonword,nonword,1,835
34,25162,24952,50,knaping,nonword,nonword,1,536
34,9092,24966,50,lierdeur,nonword,nonword,1,797
34,186,25128,50,engting,nonword,nonword,1,NA
34,14228,24968,50,merpa,nonword,nonword,1,536
34,23696,25169,50,splegren,nonword,nonword,1,830
34,7436,25166,50,gedoept,nonword,nonword,1,1003
34,24690,25069,50,verfiend,nonword,nonword,1,837
34,12772,25026,50,hooftijd,nonword,word,0,NA
34,5922,25098,50,fisfis,nonword,nonword,1,713
34,4878,25056,50,trogast,nonword,nonword,1,534
34,11432,25058,50,sneppel,nonword,nonword,1,634
34,20510,24990,50,gloes,nonword,nonword,1,540
34,13088,25025,50,bachtjes,nonword,nonword,1,731
34,2268,25163,50,bouron,nonword,nonword,1,765
34,22982,25073,50,thuisknots,nonword,nonword,1,1026
34,25074,25083,50,menken,nonword,nonword,1,806
34,14352,25002,50,moontjes,nonword,nonword,1,579
34,3238,25006,50,centrant,nonword,nonword,1,693
34,27557,24718,50,ziele,word,word,1,1250
34,2433,24855,50,bootsman,word,nonword,0,NA
34,8073,24919,50,griek,word,word,1,803
34,17533,24891,50,provo,word,nonword,0,NA
34,7905,24861,50,gouden,word,word,1,1377
34,3615,24958,50,cursors,word,nonword,0,NA
34,10915,24761,50,klantjes,word,word,1,905
34,15419,24786,50,obers,word,word,1,733
34,27179,24810,50,yes,word,word,1,737
34,6297,24940,50,furie,word,word,1,783
34,22143,24877,50,straffen,word,word,1,750
34,14395,24739,50,mikken,word,word,1,972
34,20879,24908,50,spechten,word,word,1,820
34,8799,24836,50,heesters,word,nonword,0,NA
34,22095,24850,50,stortvloed,word,word,1,767
34,21675,24875,50,stempel,word,word,1,875
34,6625,24917,50,geel,word,word,1,896
34,14261,24961,50,mesjes,word,word,1,567
34,789,24895,50,balzaal,word,word,1,829
34,13231,24838,50,lijntjes,word,word,1,553
34,18199,24960,50,revanche,word,word,1,885
34,25369,24779,50,voedt,word,nonword,0,NA
34,10387,24859,50,kaper,word,word,1,1144
34,28009,24837,50,zwakker,word,word,1,987
34,13811,24964,50,maden,word,word,1,979
34,17913,24769,50,rechtbank,word,word,1,575
34,8169,24970,50,groeide,word,word,1,906
34,2661,24702,50,brandjes,word,nonword,0,NA
34,5199,24860,50,dwingt,word,word,1,944
34,18329,24812,50,rijp,word,word,1,603
34,19383,24947,50,schikken,word,word,1,NA
34,18741,24746,50,rugpijn,word,word,1,651
34,1787,24811,50,bijen,word,word,1,890
34,4447,24910,50,donders,word,word,1,643
34,13495,24749,50,lootje,word,nonword,0,NA
34,23375,24992,50,trachten,word,word,1,856
34,10859,24820,50,klaagde,word,word,1,NA
34,201,24754,50,acteur,word,word,1,497
34,27701,24982,50,zoekt,word,word,1,880
34,15017,24716,50,namens,word,word,1,1282
34,17433,24997,50,print,word,word,1,674
34,12989,24998,50,letsel,word,word,1,570
34,407,24878,50,alsnog,word,word,1,1013
34,23163,24879,50,toeloop,word,word,1,787
34,24709,24880,50,verspild,word,word,1,1225
34,18021,24789,50,refters,word,word,1,690
34,12837,24843,50,leesboek,word,word,1,669
34,18457,24883,50,roeier,word,word,1,611
34,17565,24925,50,psyche,word,word,1,592
34,7219,24980,50,gesmeerd,word,nonword,0,NA
34,19887,24967,50,sensor,word,word,1,835
34,13995,24995,50,massa,word,word,1,730
34,25971,24768,50,vulva's,word,word,1,893
34,7325,24889,50,getij,word,word,1,801
34,13781,25011,50,maas,word,nonword,0,NA
34,23345,25012,50,tour,word,nonword,0,NA
34,3439,24852,50,colon,word,word,1,1077
34,3761,24773,50,dampkring,word,word,1,756
34,26303,24854,50,weefsel,word,word,1,936
34,22905,24976,50,termiet,word,word,1,1153
34,18987,24896,50,sax,word,word,1,NA
34,14835,24978,50,muisje,word,word,1,539
34,8189,24778,50,groenten,word,word,1,713
34,8421,25020,50,haantjes,word,word,1,943
34,23903,24900,50,uitjes,word,word,1,690
34,17373,24780,50,priemde,word,word,1,1056
34,17993,25023,50,reeën,word,word,1,654
34,239,24903,50,adres,word,word,1,1055
34,18825,24865,50,rum,word,word,1,723
34,12655,24704,50,langste,word,word,1,1185
34,25589,24987,50,voordeel,word,word,1,576
34,22677,24907,50,tanken,word,word,1,881
34,21031,24989,50,spieren,word,word,1,607
34,16639,24909,50,pikken,word,word,1,665
34,18103,25031,50,relaas,word,word,1,NA
34,16225,24911,50,parel,word,word,1,608
34,7567,24913,50,gibbons,word,word,1,755
34,5265,24793,50,eenling,word,word,1,775
34,3993,24914,50,dennen,word,word,1,923
34,10357,24996,50,kanons,word,word,1,979
34,4449,24916,50,donker,word,word,1,662
34,25761,25038,50,vouwtje,word,word,1,639
34,23487,24918,50,treinen,word,word,1,930
34,1925,25040,50,blank,word,word,1,1082
34,15809,24920,50,oor,word,word,1,696
34,4403,24882,50,dol,word,word,1,697
34,14913,25003,50,naaide,word,word,1,754
34,26377,25044,50,weerzien,word,word,1,709
34,19285,24884,50,scherper,word,word,1,609
34,25701,25046,50,voorwoord,word,word,1,746
34,23315,24926,50,topaas,word,nonword,0,NA
34,17047,24887,50,poetste,word,word,1,763
34,18637,24727,50,room,word,word,1,593
34,23117,25050,50,titan,word,word,1,820
34,24565,24930,50,verliest,word,word,1,539
34,15063,24931,50,nectar,word,word,1,812
34,1249,24771,50,belden,word,word,1,985
34,1315,25054,50,benen,word,word,1,569
34,4417,24894,50,dollar,word,word,1,842
34,15585,25016,50,ondiep,word,word,1,702
34,9043,25057,50,heten,word,word,1,854
34,7183,25018,50,geschreeuw,word,word,1,619
34,18483,24939,50,roers,word,nonword,0,NA
34,12817,25060,50,leerschool,word,word,1,903
34,16757,25061,50,plagend,word,word,1,746
34,23005,24941,50,tieners,word,word,1,662
34,1039,24942,50,beefde,word,word,1,1105
34,3693,24943,50,dacht,word,word,1,1034
34,24783,24944,50,vertoond,word,word,1,803
34,24165,24986,50,vatbaar,word,word,1,860
34,25567,24785,50,voogd,word,word,1,775
34,17475,25068,50,proeve,word,nonword,0,NA
34,20137,25029,50,slaapzak,word,word,1,1063
34,25329,24949,50,vluchtig,word,word,1,755
34,14385,24950,50,mijt,word,nonword,0,NA
34,21633,25072,50,steken,word,word,1,746
34,22713,24791,50,tarwe,word,word,1,1058
34,17757,25034,50,rackets,word,word,1,913
34,22021,24833,50,stoomschip,word,word,1,724
34,5305,25036,50,eerzucht,word,nonword,0,NA
34,18189,24835,50,reutje,word,nonword,0,NA
34,11495,24957,50,koersen,word,word,1,680
34,9463,25079,50,hoorder,word,nonword,0,NA
34,7033,25080,50,genre,word,word,1,757
34,3179,24717,50,carrés,word,nonword,0,NA
34,951,25082,50,beauty's,word,word,1,652
34,7957,24922,50,grafjes,word,word,1,1175
34,13985,24720,50,marter,word,word,1,1267
34,19873,24721,50,sekten,word,word,1,1013
34,24577,24844,50,verloor,word,word,1,776
34,27129,24723,50,wrijvend,word,word,1,715
34,13387,24724,50,logisch,word,word,1,1237
34,18477,25049,50,roeren,word,word,1,1316
34,5243,24848,50,eelt,word,word,1,1019
34,19787,25091,50,schurft,word,word,1,1242
34,17989,25092,50,reed,word,word,1,957
34,10937,25053,50,klaren,word,nonword,0,NA
34,26261,25094,50,waters,word,word,1,807
34,4161,24934,50,dienstplicht,word,word,1,842
34,25695,24975,50,voorwaarts,word,word,1,1224
34,13705,24733,50,ma,word,word,1,512
34,21843,24735,50,stijltjes,word,word,1,963
34,775,24817,50,ballons,word,word,1,1118
34,4143,24736,50,dienstbaar,word,word,1,690
34,3307,25101,50,cider,word,word,1,1244
34,26757,24981,50,wijdte,word,nonword,0,NA
34,11925,25103,50,kranten,word,word,1,704
34,24739,24862,50,verstomd,word,word,1,958
34,18047,24863,50,reigers,word,word,1,893
34,18121,25066,50,renden,word,nonword,0,NA
34,24075,24946,50,vale,word,nonword,0,NA
34,1853,25108,50,bindt,word,word,1,834
34,2575,25109,50,bouwwerk,word,word,1,726
34,8197,25110,50,groep,word,word,1,478
34,16213,24747,50,pappie,word,word,1,871
34,6323,25112,50,gaai,word,nonword,0,NA
34,26315,25113,50,weekblad,word,word,1,975
34,13959,25114,50,markies,word,nonword,0,NA
34,19249,24994,50,scheppend,word,word,1,772
34,5033,24752,50,duiker,word,word,1,655
34,22299,24753,50,stroef,word,word,1,779
34,10253,25118,50,kabaal,word,word,1,555
34,22005,24755,50,stoof,word,word,1,979
34,27535,24999,50,ziedaar,word,nonword,0,NA
34,8349,24757,50,gunnen,word,nonword,0,NA
34,26557,24758,50,werkbank,word,word,1,610
34,22601,24759,50,taboes,word,word,1,671
34,27047,24760,50,workshops,word,word,1,587
34,10145,25125,50,juichend,word,word,1,733
34,8111,25005,50,grijns,word,word,1,632
34,21443,25127,50,stalen,word,word,1,1265
34,15261,24765,50,nimfen,word,nonword,0,NA
34,27513,25129,50,zeug,word,nonword,0,NA
34,27733,25009,50,zolder,word,word,1,702
34,16547,25131,50,pezen,word,word,1,952
34,27527,25132,50,zichtbaar,word,word,1,616
34,16789,25133,50,plans,word,nonword,0,NA
34,2367,24892,50,bonte,word,word,1,674
34,20699,25135,50,snurkte,word,word,1,772
34,23223,25015,50,toga,word,word,1,809
34,1595,25137,50,beurs,word,word,1,1000
34,22363,25017,50,stropje,word,nonword,0,NA
34,425,25099,50,alwaar,word,nonword,0,NA
34,8907,24898,50,helmen,word,word,1,514
34,9791,24777,50,impact,word,word,1,720
34,26223,25142,50,warmen,word,word,1,1100
34,3381,25143,50,club,word,word,1,741
34,23731,25144,50,tuintje,word,word,1,573
34,8193,25145,50,groentje,word,word,1,460
34,5055,24985,50,duister,word,word,1,540
34,8255,25107,50,grondrecht,word,word,1,479
34,13041,24906,50,levens,word,word,1,1196
34,47,25149,50,aanklacht,word,word,1,552
34,12327,25150,50,kusjes,word,nonword,0,NA
34,14005,25151,50,masten,word,nonword,0,NA
34,6787,25152,50,gekke,word,word,1,536
34,5677,25153,50,extreem,word,word,1,648
34,23879,25033,50,uiltje,word,word,1,746
34,19099,25155,50,schamen,word,word,1,497
34,13389,25156,50,logo,word,word,1,755
34,26995,25157,50,wonde,word,word,1,938
34,21335,25158,50,spuugde,word,word,1,891
34,13023,25159,50,leunend,word,word,1,605
34,26505,25039,50,wende,word,word,1,603
34,8687,24797,50,harsen,word,nonword,0,NA
34,17523,24798,50,propte,word,word,1,636
34,18687,25042,50,rotten,word,word,1,1072
34,14659,24800,50,mondharp,word,word,1,792
34,23125,24801,50,tja,word,word,1,880
34,18765,24924,50,ruimde,word,word,1,544
34,4619,24803,50,doren,word,nonword,0,NA
34,16229,24804,50,paren,word,word,1,1020
34,14213,25048,50,mentaal,word,word,1,531
34,20399,24806,50,sluitend,word,word,1,683
34,27897,24807,50,zuidkust,word,word,1,838
34,3563,24808,50,crèches,word,word,1,666
34,10275,24809,50,kaften,word,word,1,645
34,13645,25174,50,lukt,word,word,1,738
34,16093,25175,50,paf,word,word,1,459
34,27171,25176,50,yankee,word,nonword,0,NA
34,9919,25177,50,jaagt,word,word,1,801
34,3651,25178,50,daalt,word,word,1,1191
34,9779,24775,50,imam,word,nonword,0,NA
34,23689,25059,50,tsaar,word,word,1,902
34,17013,25181,50,poeltjes,word,nonword,0,NA
34,16275,24818,50,paspoort,word,word,1,1398
34,1607,25062,50,bevat,word,word,1,578
34,2277,25184,50,boete,word,word,1,560
34,11355,25185,50,knikten,word,word,1,799
34,5507,25065,50,erfrecht,word,nonword,0,NA
34,13271,25187,50,linies,word,word,1,831
34,3567,25067,50,crèmes,word,word,1,762
34,9771,25189,50,ikke,word,nonword,0,NA
34,12249,25190,50,kuiltjes,word,word,1,1052
34,2379,24827,50,bood,word,word,1,NA
34,20397,24707,50,sluiten,word,word,1,808
34,11521,25193,50,koetsjes,word,nonword,0,NA
34,16787,25194,50,planning,word,word,1,1038
34,18237,24953,50,richting,word,word,1,968
34,4293,25075,50,district,word,word,1,1161
34,3383,25197,50,clubs,word,word,1,860
34,21021,24956,50,spiders,word,nonword,0,NA
34,4451,25199,50,donkey,word,nonword,0,NA
34,17575,25200,50,publiek,word,word,1,654
35,7334,24732,50,gelaatst,nonword,nonword,1,891
35,22014,24799,50,stientje,nonword,nonword,1,NA
35,13480,24848,50,loomgrief,nonword,nonword,1,518
35,20642,24773,50,snuik,nonword,nonword,1,474
35,472,24798,50,annue,nonword,word,0,NA
35,13918,24892,50,menk,nonword,nonword,1,454
35,11506,24959,50,mijtje,nonword,word,0,NA
35,13316,24852,50,zist,nonword,nonword,1,449
35,24956,24904,50,weilen,nonword,nonword,1,523
35,5356,24706,50,ierand,nonword,nonword,1,489
35,4010,24727,50,dontig,nonword,nonword,1,409
35,1600,24839,50,bijnten,nonword,nonword,1,703
35,1430,24872,50,beschaai,nonword,nonword,1,692
35,7656,24740,50,gatting,nonword,nonword,1,512
35,2254,24838,50,bijntje,nonword,nonword,1,560
35,23474,24862,50,broutje,nonword,nonword,1,466
35,14568,24863,50,dijders,nonword,nonword,1,502
35,58,24865,50,aanpijk,nonword,nonword,1,474
35,26362,24777,50,weerdreen,nonword,nonword,1,484
35,14030,24972,50,makles,nonword,nonword,1,482
35,18748,24973,50,wiege,nonword,nonword,1,NA
35,4958,24796,50,grekken,nonword,nonword,1,534
35,19324,24725,50,schoert,nonword,nonword,1,549
35,5130,24940,50,mierder,nonword,nonword,1,501
35,9650,24968,50,tuwaan,nonword,nonword,1,469
35,9252,24898,50,leestend,nonword,nonword,1,586
35,25922,24729,50,snechtbaar,nonword,nonword,1,514
35,22188,24944,50,stroosden,nonword,nonword,1,473
35,25070,24864,50,dongers,nonword,nonword,1,472
35,24210,24728,50,veep,nonword,nonword,1,431
35,13422,24827,50,heme,nonword,nonword,1,543
35,23000,24948,50,zeunden,nonword,nonword,1,523
35,240,24857,50,adrak,nonword,nonword,1,632
35,11594,24745,50,korsas,nonword,nonword,1,868
35,11004,24951,50,kreune,nonword,nonword,1,511
35,25056,24952,50,pender,nonword,nonword,1,560
35,18338,24993,50,roefheid,nonword,nonword,1,558
35,8008,24901,50,klatos,nonword,nonword,1,NA
35,11290,24942,50,snapste,nonword,word,0,NA
35,24784,24983,50,verloord,nonword,nonword,1,640
35,21472,24957,50,stalmbol,nonword,nonword,1,530
35,12084,24797,50,slom,nonword,word,0,NA
35,11514,24878,50,koestluis,nonword,nonword,1,457
35,2938,24879,50,klurde,nonword,nonword,1,444
35,19788,24881,50,schulst,nonword,nonword,1,644
35,18212,24936,50,revime,nonword,nonword,1,423
35,14562,24871,50,koed,nonword,nonword,1,515
35,2832,24763,50,broetmok,nonword,nonword,1,498
35,7468,25005,50,gemes,nonword,nonword,1,443
35,25058,25006,50,danders,nonword,nonword,1,495
35,4266,24726,50,dink,nonword,nonword,1,469
35,2930,24955,50,truin,nonword,nonword,1,616
35,17396,24916,50,pris,nonword,nonword,1,521
35,11692,24970,50,toos,nonword,nonword,1,513
35,21256,24850,50,scroken,nonword,nonword,1,457
35,14986,24770,50,taten,nonword,nonword,1,527
35,15404,25013,50,sammers,nonword,nonword,1,466
35,10580,24894,50,kem,nonword,nonword,1,443
35,7726,24721,50,glardje,nonword,nonword,1,536
35,20080,24897,50,theewen,nonword,nonword,1,437
35,22750,24896,50,taams,nonword,nonword,1,449
35,18390,24978,50,rolkant,nonword,nonword,1,603
35,15914,25019,50,opweep,nonword,nonword,1,541
35,8802,24899,50,hoot,nonword,nonword,1,441
35,11312,24887,50,trelen,nonword,nonword,1,NA
35,18860,24969,50,disten,nonword,nonword,1,712
35,21138,25023,50,dreken,nonword,nonword,1,493
35,13292,24984,50,honten,nonword,nonword,1,652
35,13300,25025,50,banze,nonword,nonword,1,463
35,2600,24986,50,bene,nonword,nonword,1,520
35,14616,24786,50,kietjes,nonword,nonword,1,577
35,27676,24867,50,loar,nonword,nonword,1,444
35,4120,24802,50,cieen,nonword,nonword,1,425
35,18320,24830,50,mijm,nonword,nonword,1,503
35,25030,24749,50,wijren,nonword,nonword,1,475
35,21614,24992,50,broetjes,nonword,nonword,1,609
35,19020,25033,50,scheek,nonword,nonword,1,566
35,1998,25021,50,zwijlen,nonword,nonword,1,622
35,24446,24861,50,vermes,nonword,nonword,1,429
35,18750,24875,50,moek,nonword,nonword,1,483
35,6740,25037,50,gehels,nonword,nonword,1,484
35,10916,24837,50,gransjes,nonword,nonword,1,595
35,3602,25039,50,cucs,nonword,nonword,1,425
35,12698,25040,50,dast,nonword,nonword,1,494
35,13304,24920,50,lin,nonword,nonword,1,701
35,17702,24734,50,reinsman,nonword,nonword,1,446
35,22116,24842,50,strierden,nonword,nonword,1,632
35,18162,24923,50,rutten,nonword,nonword,1,580
35,16310,24924,50,destel,nonword,nonword,1,NA
35,16956,24925,50,plort,nonword,nonword,1,485
35,7686,24846,50,smanen,nonword,nonword,1,496
35,11716,25035,50,dappen,nonword,nonword,1,650
35,15480,25049,50,adwel,nonword,nonword,1,544
35,3892,25010,50,meelstoot,nonword,nonword,1,461
35,27200,25051,50,paaten,nonword,nonword,1,582
35,18328,24810,50,meendal,nonword,nonword,1,434
35,1790,24932,50,bijlaast,nonword,nonword,1,866
35,12768,24853,50,liemden,nonword,nonword,1,437
35,22586,25002,50,zeerten,nonword,nonword,1,510
35,12982,24895,50,hetsen,nonword,nonword,1,479
35,1786,25057,50,bijuit,nonword,word,0,NA
35,13442,25018,50,hijdje,nonword,nonword,1,891
35,25876,24938,50,snaadvrouw,nonword,nonword,1,513
35,19546,24939,50,schoonsas,nonword,nonword,1,450
35,3730,24927,50,dakmuit,nonword,nonword,1,506
35,1306,25022,50,benog,nonword,nonword,1,507
35,3640,25063,50,moogjes,nonword,nonword,1,562
35,18948,24782,50,tondaal,nonword,nonword,1,468
35,6230,25065,50,kwiet,nonword,word,0,NA
35,25440,24905,50,veelstap,nonword,nonword,1,476
35,26994,24866,50,wonk,nonword,word,0,NA
35,11184,24907,50,kroester,nonword,nonword,1,492
35,10948,24949,50,frissiek,nonword,nonword,1,540
35,6204,24990,50,chepat,nonword,nonword,1,528
35,962,24910,50,beglank,nonword,nonword,1,490
35,1158,24708,50,behuurd,nonword,word,0,NA
35,27422,24709,50,tielden,nonword,nonword,1,718
35,9530,25061,50,hijd,nonword,nonword,1,529
35,11486,24954,50,koef,nonword,nonword,1,603
35,3404,24794,50,cospo's,nonword,nonword,1,379
35,724,24956,50,lasje,nonword,nonword,1,646
35,20564,25038,50,smalels,nonword,nonword,1,471
35,11302,24715,50,snaadde,nonword,nonword,1,656
35,19768,25080,50,scheekjes,nonword,nonword,1,616
35,12464,25081,50,loopbak,nonword,nonword,1,661
35,15710,24718,50,ontpliet,nonword,word,0,NA
35,26208,25043,50,haperd,nonword,nonword,1,627
35,9128,24963,50,loegend,nonword,nonword,1,619
35,9334,25085,50,lozo,nonword,nonword,1,429
35,9964,25086,50,jakbils,nonword,nonword,1,466
35,23068,24845,50,nakken,nonword,nonword,1,495
35,11068,25088,50,kleurgoek,nonword,nonword,1,598
35,17010,25089,50,piezen,nonword,nonword,1,484
35,13380,25050,50,begen,nonword,nonword,1,783
35,19626,25091,50,schrorder,nonword,nonword,1,524
35,14112,25092,50,moeslat,nonword,nonword,1,476
35,25968,25093,50,vukt,nonword,nonword,1,462
35,22324,25094,50,strastje,nonword,nonword,1,482
35,1414,25015,50,belost,nonword,word,0,NA
35,11034,24935,50,krimmen,nonword,nonword,1,519
35,25900,24976,50,vreesheid,nonword,nonword,1,703
35,28122,25098,50,glotend,nonword,nonword,1,567
35,4706,25099,50,troeiing,nonword,nonword,1,646
35,24378,24736,50,verdroofd,nonword,word,0,NA
35,5772,24737,50,fooks,nonword,nonword,1,606
35,16996,24981,50,viedels,nonword,nonword,1,474
35,25502,24982,50,vorfge,nonword,nonword,1,461
35,19696,25104,50,schroerend,nonword,nonword,1,667
35,10136,24741,50,jum,nonword,nonword,1,401
35,23108,25106,50,zonto,nonword,nonword,1,438
35,9006,24743,50,hensie,nonword,nonword,1,460
35,12,25108,50,aalgees,nonword,nonword,1,400
35,22572,25069,50,toei,nonword,nonword,1,574
35,1466,25070,50,begriet,nonword,nonword,1,NA
35,7924,24707,50,graam,nonword,nonword,1,636
35,2756,24748,50,trief,nonword,nonword,1,506
35,6882,25113,50,gelk,nonword,nonword,1,552
35,5350,25114,50,oogel,nonword,nonword,1,487
35,6304,25115,50,subies,nonword,nonword,1,458
35,4376,24712,50,deut,nonword,nonword,1,425
35,12650,24996,50,henger,nonword,nonword,1,550
35,7008,25078,50,gome,nonword,nonword,1,516
35,26912,24877,50,messels,nonword,nonword,1,476
35,7784,24999,50,zod,nonword,nonword,1,522
35,9270,24757,50,soevo,nonword,nonword,1,420
35,7590,24758,50,guilig,nonword,nonword,1,522
35,8610,25123,50,hankor,nonword,nonword,1,549
35,4632,24882,50,dochtschaat,nonword,nonword,1,480
35,15380,25004,50,loleert,nonword,nonword,1,440
35,15800,25126,50,iek,nonword,nonword,1,481
35,12238,25127,50,miekens,nonword,nonword,1,483
35,3002,25007,50,biegt,nonword,nonword,1,561
35,4826,24765,50,sleftig,nonword,nonword,1,727
35,13744,25090,50,weeltjes,nonword,nonword,1,839
35,9396,24767,50,hoofdplak,nonword,nonword,1,NA
35,6484,25011,50,gepier,nonword,nonword,1,512
35,20916,24769,50,speelfare,nonword,nonword,1,526
35,7974,25134,50,standuur,nonword,nonword,1,577
35,18028,25095,50,dogels,nonword,nonword,1,485
35,782,25096,50,borpen,nonword,nonword,1,486
35,14350,25137,50,meeltje,nonword,nonword,1,533
35,9522,24774,50,lesties,nonword,nonword,1,541
35,24596,25139,50,vernoedt,nonword,nonword,1,538
35,8744,25140,50,lochte,nonword,nonword,1,491
35,8020,25141,50,slaren,nonword,nonword,1,508
35,18650,24778,50,miesjes,nonword,nonword,1,503
35,6096,24779,50,loral,nonword,nonword,1,552
35,3946,25144,50,woksel,nonword,nonword,1,556
35,17528,24903,50,plestaat,nonword,nonword,1,588
35,17374,25146,50,ploemde,nonword,nonword,1,492
35,13676,24783,50,bistig,nonword,nonword,1,422
35,818,24784,50,bonse,nonword,word,0,NA
35,25840,25109,50,sneendjes,nonword,nonword,1,486
35,23262,25150,50,pengen,nonword,nonword,1,536
35,1338,24747,50,bebenkt,nonword,nonword,1,604
35,13440,24788,50,kood,nonword,nonword,1,442
35,3258,24789,50,clarve,nonword,nonword,1,462
35,19160,24790,50,schierde,nonword,word,0,NA
35,9506,24913,50,lersten,nonword,nonword,1,528
35,10770,25156,50,wieners,nonword,nonword,1,612
35,17276,25036,50,zwoette,nonword,nonword,1,598
35,24266,25158,50,meve,nonword,nonword,1,486
35,10430,25159,50,kanset,nonword,nonword,1,729
35,1612,25160,50,bemal,nonword,nonword,1,609
35,15804,25161,50,oonche,nonword,nonword,1,430
35,11414,25162,50,knats,nonword,nonword,1,451
35,27980,25163,50,praar,nonword,nonword,1,583
35,11538,24800,50,paken,nonword,nonword,1,824
35,15450,24801,50,uurvens,nonword,nonword,1,620
35,21164,25166,50,greerlijn,nonword,nonword,1,678
35,13804,24803,50,manaf,nonword,nonword,1,590
35,9042,24926,50,dote,nonword,nonword,1,505
35,18472,25169,50,roedt,nonword,nonword,1,535
35,9336,25170,50,hopa's,nonword,nonword,1,456
35,3112,25171,50,beintjes,nonword,nonword,1,540
35,9572,25172,50,liedig,nonword,nonword,1,427
35,5448,24931,50,ep,nonword,nonword,1,463
35,8054,25174,50,grensmist,nonword,nonword,1,NA
35,16630,25175,50,puidjes,nonword,nonword,1,487
35,11384,25136,50,knilploeg,nonword,nonword,1,483
35,19864,25056,50,seimien,nonword,nonword,1,487
35,8258,25178,50,grends,nonword,nonword,1,591
35,18736,25179,50,miggen,nonword,nonword,1,461
35,22762,25180,50,poder,nonword,nonword,1,496
35,6084,24817,50,noomen,nonword,nonword,1,739
35,1346,25182,50,belaart,nonword,nonword,1,518
35,26992,24819,50,wod,nonword,nonword,1,507
35,26414,24820,50,woe,nonword,nonword,1,508
35,12454,24943,50,smint,nonword,nonword,1,537
35,23710,24822,50,teft,nonword,nonword,1,558
35,4742,24823,50,klapon,nonword,nonword,1,509
35,13140,24824,50,luigt,nonword,nonword,1,462
35,7330,25028,50,getunt,nonword,nonword,1,502
35,11202,24826,50,krappend,nonword,nonword,1,660
35,24552,25191,50,verlopt,nonword,nonword,1,577
35,18392,24828,50,zif,nonword,nonword,1,511
35,14364,24829,50,dijven,nonword,nonword,1,785
35,8976,25194,50,belders,nonword,nonword,1,583
35,18808,25195,50,kuimen,nonword,nonword,1,629
35,20696,24711,50,vlievend,nonword,nonword,1,586
35,20158,25197,50,slabdoom,nonword,nonword,1,532
35,8952,24834,50,hangst,nonword,word,0,NA
35,18684,25199,50,rorgzand,nonword,nonword,1,525
35,26750,25200,50,loeden,nonword,nonword,1,558
35,2177,24701,50,bobby,word,nonword,0,NA
35,3077,24702,50,bus,word,word,1,411
35,5985,24703,50,fletse,word,nonword,0,NA
35,22635,24704,50,tal,word,word,1,515
35,5219,24705,50,echte,word,word,1,421
35,1659,24746,50,beweer,word,nonword,0,NA
35,18043,25071,50,regimes,word,word,1,509
35,20103,25072,50,sla,word,word,1,446
35,10573,25073,50,kelt,word,nonword,0,NA
35,10207,24710,50,kaaiman,word,nonword,0,NA
35,24947,25075,50,veto's,word,word,1,542
35,19507,25076,50,schooldag,word,word,1,477
35,3151,24713,50,camping,word,word,1,590
35,22715,24714,50,tas,word,word,1,411
35,18977,25079,50,sausen,word,word,1,453
35,7463,24716,50,gewacht,word,word,1,444
35,16237,24717,50,paring,word,word,1,607
35,10431,25082,50,karren,word,word,1,465
35,12055,24719,50,kringloop,word,word,1,432
35,13019,24720,50,leunden,word,word,1,453
35,4045,25084,50,deugt,word,word,1,441
35,20563,24722,50,snavels,word,word,1,408
35,7833,24723,50,golem,word,word,1,478
35,6549,24724,50,gedaald,word,word,1,417
35,16953,24967,50,plot,word,word,1,432
35,17045,24847,50,poetsen,word,word,1,450
35,26027,25131,50,waal,word,word,1,401
35,22815,24849,50,tekst,word,word,1,504
35,1219,24971,50,beklaagd,word,word,1,530
35,18441,24730,50,roder,word,nonword,0,NA
35,11227,24731,50,kluit,word,word,1,439
35,19585,24974,50,schotje,word,word,1,452
35,17351,24733,50,pressie,word,word,1,508
35,13047,24855,50,levert,word,word,1,525
35,10859,24735,50,klaagde,word,word,1,482
35,11277,25100,50,knappe,word,word,1,674
35,20229,25101,50,sleetjes,word,word,1,583
35,27199,24738,50,zaaien,word,word,1,524
35,27785,24739,50,zongen,word,word,1,461
35,19963,25103,50,sheriffs,word,word,1,538
35,22357,25105,50,stropen,word,word,1,534
35,26979,24742,50,wolk,word,word,1,407
35,25679,25107,50,voortaan,word,word,1,411
35,13153,24744,50,liesjes,word,nonword,0,NA
35,13545,24987,50,lotjes,word,nonword,0,NA
35,23041,25149,50,tijdperk,word,word,1,435
35,21699,25111,50,steps,word,nonword,0,NA
35,1033,25112,50,beduusd,word,nonword,0,NA
35,18299,24870,50,rijen,word,word,1,580
35,19165,24750,50,scheenbeen,word,word,1,494
35,10793,24751,50,kikker,word,word,1,400
35,9427,24752,50,hoogtij,word,word,1,517
35,3371,24753,50,clips,word,word,1,599
35,14171,24754,50,melkzuur,word,word,1,501
35,7953,24755,50,graf,word,word,1,535
35,14403,24756,50,milde,word,word,1,615
35,9521,25121,50,hosties,word,word,1,560
35,967,25122,50,bede,word,word,1,399
35,26281,24759,50,weber,word,nonword,0,NA
35,15271,24760,50,niveau,word,word,1,576
35,2389,24761,50,boom,word,word,1,559
35,27233,24762,50,zag,word,word,1,462
35,21569,24884,50,steden,word,word,1,565
35,6271,24764,50,fronzen,word,word,1,451
35,20913,25129,50,speelden,word,word,1,442
35,26777,24766,50,wijlen,word,word,1,496
35,14043,24807,50,mavo,word,nonword,0,NA
35,24161,24768,50,vastheid,word,word,1,575
35,20247,25133,50,sleutel,word,word,1,412
35,19139,24891,50,schatting,word,word,1,535
35,21327,24771,50,spurt,word,word,1,398
35,26609,24772,50,werkvolk,word,word,1,420
35,7823,24813,50,goeroes,word,word,1,625
35,11859,25138,50,kraampje,word,word,1,437
35,13775,24775,50,maar,word,word,1,492
35,20615,24776,50,snijden,word,word,1,798
35,23191,25181,50,toeters,word,nonword,0,NA
35,17799,25142,50,rally's,word,word,1,462
35,19035,25143,50,schaamhaar,word,word,1,689
35,2285,24780,50,boetieks,word,nonword,0,NA
35,16505,24781,50,persoon,word,word,1,348
35,26341,25024,50,weerga,word,word,1,526
35,15275,25147,50,nobel,word,word,1,526
35,1283,25148,50,beloop,word,word,1,415
35,21623,24785,50,steil,word,word,1,461
35,25839,25190,50,vriendjes,word,word,1,513
35,3079,24787,50,business,word,word,1,671
35,26531,25152,50,wensen,word,word,1,526
35,11151,25153,50,klokjes,word,word,1,429
35,2709,25154,50,breiden,word,word,1,386
35,25953,24791,50,vulde,word,word,1,NA
35,22455,24792,50,stuurboord,word,word,1,619
35,16449,24793,50,pendels,word,word,1,473
35,11939,24915,50,krassen,word,word,1,453
35,5817,24795,50,fiat,word,word,1,433
35,855,24917,50,barbaars,word,word,1,555
35,23679,24918,50,trust,word,nonword,0,NA
35,15089,24919,50,negeert,word,word,1,524
35,5145,25041,50,duwend,word,word,1,464
35,21467,25164,50,stampte,word,word,1,533
35,7611,25165,50,giftig,word,word,1,550
35,11879,25044,50,krabde,word,word,1,512
35,5157,25167,50,dwaalspoor,word,word,1,785
35,6623,24804,50,geeft,word,word,1,443
35,3217,24805,50,censors,word,word,1,463
35,10885,24806,50,klager,word,word,1,626
35,15847,25008,50,oostfront,word,word,1,688
35,14711,24808,50,moorden,word,word,1,482
35,2565,24809,50,bouwland,word,word,1,629
35,12187,25052,50,kruiste,word,word,1,581
35,26827,24811,50,wil,word,word,1,375
35,26791,24812,50,wijnhuis,word,word,1,429
35,20309,24893,50,slippers,word,word,1,538
35,27281,24814,50,zalmen,word,word,1,446
35,25465,24815,50,voldeed,word,word,1,546
35,10453,24816,50,kassen,word,word,1,513
35,9103,24937,50,hiernaast,word,word,1,428
35,25483,24818,50,volgt,word,word,1,540
35,23669,25183,50,truffels,word,word,1,454
35,1577,25184,50,bette,word,nonword,0,NA
35,21321,24821,50,spuitjes,word,word,1,525
35,20025,25186,50,sikkel,word,word,1,620
35,17161,25187,50,pop,word,word,1,408
35,19041,25188,50,schaap,word,word,1,462
35,17853,24825,50,rap,word,word,1,482
35,27875,24906,50,zozeer,word,word,1,590
35,18023,24988,50,regeert,word,word,1,524
35,25633,25192,50,voorop,word,word,1,432
35,18263,25193,50,riempjes,word,word,1,485
35,9637,24991,50,hulpjes,word,nonword,0,NA
35,9399,24831,50,hoofdzaak,word,word,1,520
35,7861,24832,50,gonsde,word,word,1,634
35,26623,24833,50,werpt,word,word,1,566
35,19217,25198,50,schelpen,word,word,1,724
35,6517,24835,50,gebons,word,word,1,710
35,5905,24836,50,finaal,word,word,1,463
35,2663,24958,50,brandkast,word,word,1,641
35,20171,25120,50,slangen,word,word,1,544
35,3205,24960,50,celdeur,word,word,1,712
35,25155,24840,50,vlaktes,word,word,1,537
35,9945,24841,50,jackets,word,word,1,570
35,27001,25003,50,wonen,word,word,1,719
35,26923,24843,50,wit,word,word,1,405
35,22873,24844,50,tenor,word,word,1,459
35,21585,24966,50,steekt,word,word,1,494
35,11999,24886,50,kreunend,word,word,1,612
35,4605,25048,50,doper,word,nonword,0,NA
35,117,24888,50,aardbei,word,word,1,459
35,23573,24889,50,troffen,word,nonword,0,NA
35,26253,24890,50,waste,word,nonword,0,NA
35,5369,24851,50,eindig,word,word,1,428
35,19919,25053,50,servers,word,word,1,NA
35,24167,24933,50,vaten,word,word,1,517
35,15141,24854,50,netel,word,word,1,441
35,19835,25097,50,scrotum,word,word,1,601
35,22543,24856,50,sussend,word,word,1,702
35,3481,24977,50,conform,word,word,1,489
35,12195,24858,50,kruitdamp,word,nonword,0,NA
35,33,24859,50,aandoen,word,word,1,454
35,11177,24860,50,kloof,word,word,1,442
35,11517,24941,50,koetsiers,word,word,1,583
35,2837,24902,50,broer,word,word,1,541
35,27991,25145,50,zwaarste,word,word,1,523
35,8431,24985,50,haardje,word,word,1,552
35,10555,25026,50,kelder,word,word,1,434
35,13691,24946,50,luxe,word,word,1,468
35,17667,24947,50,puur,word,word,1,456
35,13231,24868,50,lijntjes,word,word,1,480
35,2225,24869,50,boeide,word,nonword,0,NA
35,9863,25031,50,inslag,word,word,1,707
35,22733,24911,50,tastte,word,word,1,508
35,2721,24912,50,brekend,word,word,1,478
35,17987,24873,50,reebok,word,word,1,525
35,7827,24874,50,gokken,word,word,1,414
35,9725,25117,50,ietwat,word,word,1,419
35,13127,24876,50,lieflijk,word,word,1,534
35,2135,24998,50,blos,word,word,1,904
35,3965,25119,50,demon,word,word,1,477
35,27155,25000,50,wuiven,word,word,1,731
35,14629,24880,50,mokka,word,nonword,0,NA
35,12789,24921,50,leemten,word,word,1,886
35,14971,24922,50,nachtjes,word,word,1,728
35,24861,24883,50,verwekt,word,word,1,498
35,845,25045,50,bannen,word,word,1,849
35,4907,24885,50,dronken,word,word,1,531
35,6425,25047,50,garde,word,word,1,761
35,27685,25128,50,zoden,word,nonword,0,NA
35,5847,24928,50,fietst,word,word,1,699
35,9147,24929,50,hindoes,word,word,1,773
35,189,24930,50,achtte,word,word,1,460
35,21221,25012,50,spreek,word,word,1,530
35,17759,24945,50,rad,word,word,1,731
35,2719,25066,50,breken,word,word,1,458
35,11491,24934,50,koeriers,word,word,1,550
35,21679,25016,50,stemrecht,word,word,1,472
35,17249,25017,50,potlood,word,word,1,538
35,18049,24950,50,reiken,word,word,1,444
35,17809,25059,50,rammel,word,word,1,493
35,127,25020,50,aardig,word,word,1,492
35,26545,24900,50,werden,word,word,1,748
35,11531,25102,50,kogel,word,word,1,438
35,25717,25062,50,vork,word,word,1,513
35,19069,25064,50,schachten,word,word,1,786
35,21331,25185,50,spurts,word,nonword,0,NA
35,11563,25118,50,kolven,word,word,1,791
35,5381,25132,50,eis,word,word,1,423
35,9813,25027,50,index,word,word,1,617
35,6635,24908,50,geestdrift,word,word,1,510
35,11921,24909,50,kransen,word,nonword,0,NA
35,2947,25124,50,brute,word,word,1,NA
35,18039,25151,50,regies,word,word,1,425
35,11167,25032,50,klompjes,word,word,1,700
35,9155,25034,50,hinkte,word,word,1,821
35,21681,24914,50,stemt,word,word,1,432
35,10177,25157,50,junkies,word,word,1,817
35,10157,25077,50,juistheid,word,word,1,448
35,23481,24997,50,treft,word,word,1,486
35,24887,25173,50,verzen,word,word,1,480
35,425,25176,50,alwaar,word,nonword,0,NA
35,23593,24964,50,trommen,word,word,1,NA
35,8075,24961,50,grieken,word,word,1,529
35,3425,24962,50,coke,word,word,1,NA
35,15169,25168,50,neurons,word,word,1,534
35,12207,25196,50,krulhaar,word,word,1,498
35,16567,25046,50,piepen,word,word,1,854
35,19421,25087,50,schimmels,word,word,1,501
35,12347,25074,50,kuur,word,word,1,725
35,6703,24989,50,gehad,word,word,1,477
35,1151,25009,50,beheerst,word,word,1,474
35,3881,25130,50,deeg,word,word,1,478
35,24849,25177,50,verward,word,word,1,443
35,12305,24980,50,kunstmest,word,word,1,538
35,11595,25030,50,komplot,word,nonword,0,NA
35,14443,25014,50,mineur,word,word,1,597
35,13719,25060,50,maagzuur,word,word,1,495
35,11307,25068,50,knel,word,word,1,NA
35,16777,25042,50,planken,word,word,1,499
35,14157,25058,50,meldt,word,word,1,524
35,12743,25116,50,lector,word,word,1,413
35,433,24965,50,amber,word,word,1,725
35,12513,24953,50,labs,word,nonword,0,NA
35,10327,24995,50,kamers,word,word,1,584
35,5759,25067,50,fauna's,word,word,1,462
35,15363,25155,50,norm,word,word,1,665
35,17775,25001,50,radjes,word,word,1,NA
35,1893,25083,50,blaam,word,word,1,420
35,26259,25125,50,water,word,word,1,478
35,557,25110,50,aspect,word,word,1,488
35,1221,25189,50,beklag,word,nonword,0,NA
35,2097,24975,50,blokjes,word,word,1,761
35,6885,24994,50,gelden,word,word,1,686
35,9469,25055,50,hoornen,word,word,1,568
35,11649,24979,50,kooltje,word,word,1,520
35,20187,25029,50,slappe,word,word,1,664
35,11657,25054,50,koop,word,word,1,882
35,9283,25135,50,hokje,word,word,1,463
36,13656,24844,50,lunks,nonword,nonword,1,549
36,15058,24886,50,namu,nonword,nonword,1,554
36,8400,24907,50,haadt,nonword,nonword,1,705
36,8320,24855,50,krole,nonword,nonword,1,568
36,16408,24735,50,pigsen,nonword,nonword,1,1163
36,22430,24803,50,bruk,nonword,nonword,1,774
36,25302,24872,50,prekjes,nonword,nonword,1,1077
36,9968,24774,50,jom,nonword,nonword,1,655
36,26810,24724,50,wiest,nonword,nonword,1,629
36,15022,24861,50,noncis,nonword,nonword,1,697
36,15644,24720,50,ontmeld,nonword,nonword,1,693
36,6944,24818,50,getaafd,nonword,nonword,1,732
36,10716,24745,50,melers,nonword,nonword,1,640
36,6584,24718,50,gedreesd,nonword,nonword,1,746
36,7780,24736,50,gools,nonword,nonword,1,819
36,26,24854,50,aanwid,nonword,nonword,1,852
36,26250,24908,50,worsen,nonword,nonword,1,587
36,15896,24763,50,opmorst,nonword,nonword,1,932
36,3506,24914,50,jontern,nonword,nonword,1,508
36,514,24764,50,onken,nonword,nonword,1,596
36,17988,24710,50,reewik,nonword,nonword,1,664
36,1956,24819,50,sloke,nonword,nonword,1,565
36,6938,24892,50,gerord,nonword,nonword,1,536
36,14176,24906,50,mef,nonword,nonword,1,529
36,18680,24947,50,moftjes,nonword,nonword,1,893
36,8068,24797,50,blerig,nonword,nonword,1,698
36,140,24856,50,oontjes,nonword,nonword,1,550
36,23674,24830,50,prieen,nonword,nonword,1,482
36,23856,24964,50,tyfeet,nonword,nonword,1,724
36,21114,24841,50,scrotsen,nonword,nonword,1,612
36,5640,24966,50,eudues,nonword,nonword,1,544
36,13100,24726,50,lefje,nonword,nonword,1,NA
36,27584,24837,50,zeu,nonword,nonword,1,561
36,4804,24965,50,droe,nonword,nonword,1,861
36,2188,24810,50,lechten,nonword,nonword,1,640
36,26162,24958,50,kolmen,nonword,nonword,1,712
36,14334,24879,50,koddag,nonword,nonword,1,661
36,13684,24719,50,leintje,nonword,nonword,1,882
36,17060,24853,50,pampte,nonword,nonword,1,765
36,1912,24935,50,bladhoos,nonword,word,0,NA
36,7558,24722,50,gesmooid,nonword,nonword,1,NA
36,9062,24897,50,beivel,nonword,nonword,1,521
36,27814,24737,50,taampjes,nonword,nonword,1,NA
36,6410,24979,50,gentsters,nonword,nonword,1,NA
36,23280,24980,50,zaampjes,nonword,nonword,1,913
36,10404,24941,50,moppers,nonword,word,0,NA
36,27500,24756,50,tustig,nonword,nonword,1,924
36,18838,24836,50,ritsvee,nonword,nonword,1,728
36,26378,24729,50,weerwoon,nonword,nonword,1,752
36,25888,24851,50,vroudste,nonword,nonword,1,742
36,4320,24893,50,dorf,nonword,nonword,1,569
36,6556,24987,50,genam,nonword,word,0,NA
36,1566,24867,50,betremd,nonword,nonword,1,634
36,6340,24976,50,taar,nonword,nonword,1,1092
36,16404,24749,50,paasooms,nonword,nonword,1,647
36,21166,24951,50,groorlijs,nonword,nonword,1,912
36,25906,24992,50,snauwe,nonword,nonword,1,678
36,26038,24793,50,waarvin,nonword,nonword,1,780
36,8132,24752,50,kleesaard,nonword,nonword,1,704
36,10838,24728,50,tiorg,nonword,nonword,1,611
36,16984,24890,50,vrekkers,nonword,nonword,1,635
36,26902,24997,50,mipdrank,nonword,nonword,1,659
36,24880,24998,50,verveid,nonword,nonword,1,590
36,1196,24704,50,beson,nonword,nonword,1,681
36,4858,24839,50,spoef,nonword,nonword,1,495
36,13400,24840,50,hokees,nonword,nonword,1,465
36,12588,24962,50,hamp,nonword,nonword,1,648
36,8920,24923,50,berpers,nonword,nonword,1,NA
36,10202,24883,50,fus,nonword,nonword,1,827
36,558,24884,50,asnact,nonword,nonword,1,623
36,16110,25006,50,petjes,nonword,word,0,NA
36,16982,24967,50,vrekker,nonword,nonword,1,863
36,16832,24727,50,frareau,nonword,nonword,1,631
36,25930,24863,50,vruchtbloes,nonword,nonword,1,823
36,20370,24849,50,slaldig,nonword,nonword,1,566
36,9652,25011,50,tumuur,nonword,nonword,1,935
36,4898,24878,50,dreng,nonword,nonword,1,615
36,16076,25013,50,vichter,nonword,nonword,1,623
36,24112,25014,50,vandoom,nonword,nonword,1,572
36,9360,24975,50,homplal,nonword,nonword,1,614
36,7072,24895,50,gevroegd,nonword,nonword,1,996
36,14890,24816,50,woertje,nonword,nonword,1,874
36,7326,24857,50,geree,nonword,nonword,1,503
36,4406,24898,50,dolsnoe,nonword,nonword,1,633
36,6148,24899,50,snectie,nonword,nonword,1,806
36,14822,24981,50,rurgen,nonword,nonword,1,722
36,18968,24714,50,talijn,nonword,nonword,1,668
36,17642,24822,50,pilten,nonword,nonword,1,559
36,9112,24984,50,lieroot,nonword,nonword,1,597
36,19698,24770,50,schroerens,nonword,nonword,1,704
36,4684,25026,50,draaklijd,nonword,nonword,1,585
36,23826,25027,50,gleutje,nonword,nonword,1,807
36,9098,25028,50,hierkij,nonword,nonword,1,556
36,12512,25029,50,lawier,nonword,nonword,1,814
36,15814,24950,50,oopt,nonword,nonword,1,561
36,26440,24870,50,benken,nonword,nonword,1,1093
36,5136,25032,50,mierzaam,nonword,nonword,1,629
36,14084,24993,50,meek,nonword,nonword,1,800
36,21672,24913,50,stampig,nonword,nonword,1,757
36,18202,24929,50,reduil,nonword,nonword,1,662
36,27948,24875,50,tessen,nonword,nonword,1,561
36,15604,25037,50,onpands,nonword,nonword,1,551
36,20294,24917,50,drongers,nonword,nonword,1,1110
36,13142,25039,50,laap,nonword,nonword,1,795
36,19836,25000,50,chrotam,nonword,nonword,1,450
36,21674,24759,50,stimping,nonword,nonword,1,732
36,8410,24881,50,hierden,nonword,nonword,1,525
36,3654,25043,50,daap,nonword,nonword,1,674
36,9340,25044,50,herpen,nonword,nonword,1,1037
36,26232,25045,50,walven,nonword,nonword,1,633
36,16558,24925,50,tuiken,nonword,nonword,1,694
36,7540,25007,50,gewucht,nonword,nonword,1,667
36,8386,24968,50,zoei,nonword,nonword,1,754
36,25150,24848,50,plikken,nonword,nonword,1,967
36,7266,25050,50,gegril,nonword,word,0,NA
36,2852,24930,50,trikken,nonword,nonword,1,1026
36,12774,24931,50,heeg,nonword,nonword,1,958
36,26284,25053,50,dobers,nonword,nonword,1,555
36,27698,24812,50,tijkers,nonword,nonword,1,592
36,6376,24934,50,gakse,nonword,nonword,1,686
36,4926,25056,50,trooiden,nonword,nonword,1,610
36,18880,24977,50,ridweg,nonword,nonword,1,829
36,12332,25018,50,wossens,nonword,nonword,1,548
36,22082,25059,50,stalmpjes,nonword,nonword,1,676
36,7494,24939,50,gemacht,nonword,nonword,1,589
36,5442,24940,50,ormer,nonword,nonword,1,620
36,22834,24982,50,torkens,nonword,nonword,1,636
36,4466,24902,50,mogla,nonword,nonword,1,642
36,7764,24943,50,flogies,nonword,nonword,1,616
36,27426,24783,50,tielen,nonword,nonword,1,1120
36,9812,24702,50,indries,nonword,nonword,1,608
36,8890,24946,50,beve,nonword,nonword,1,824
36,7310,25068,50,gestoond,nonword,nonword,1,777
36,21394,24705,50,steelsmacht,nonword,nonword,1,691
36,24644,24828,50,vernak,nonword,nonword,1,572
36,15338,24910,50,noodlijk,nonword,nonword,1,1099
36,20122,24708,50,kraagt,nonword,nonword,1,704
36,21744,24709,50,storven,nonword,nonword,1,602
36,4624,24953,50,dalpen,nonword,nonword,1,521
36,18350,25035,50,mijtaag,nonword,nonword,1,698
36,25268,24955,50,blooien,nonword,nonword,1,663
36,13776,24956,50,maad,nonword,nonword,1,993
36,6926,24957,50,geraafd,nonword,nonword,1,736
36,10176,24715,50,cungie,nonword,nonword,1,598
36,12130,24919,50,kraad,nonword,nonword,1,656
36,25030,24717,50,wijren,nonword,nonword,1,639
36,2534,25082,50,bouillist,nonword,nonword,1,754
36,8396,25083,50,hoosje,nonword,word,0,NA
36,18142,25084,50,mopen,nonword,nonword,1,965
36,1716,25085,50,bezerft,nonword,nonword,1,532
36,8376,25086,50,gurkjes,nonword,nonword,1,948
36,18530,24723,50,kekjes,nonword,nonword,1,816
36,5618,25088,50,ebliem,nonword,nonword,1,533
36,5248,24807,50,aand,nonword,nonword,1,666
36,16428,25090,50,vepen,nonword,nonword,1,643
36,22894,25091,50,telocht,nonword,nonword,1,575
36,4646,25092,50,cussiers,nonword,nonword,1,622
36,5318,25093,50,outsen,nonword,nonword,1,571
36,18740,24731,50,kufjes,nonword,nonword,1,588
36,13686,25095,50,leintjes,nonword,nonword,1,581
36,15566,24732,50,okpang,nonword,nonword,1,490
36,25312,25097,50,zwot,nonword,nonword,1,578
36,27886,25058,50,zorstje,nonword,nonword,1,782
36,20272,25099,50,proepers,nonword,nonword,1,582
36,25046,25100,50,multen,nonword,nonword,1,740
36,16152,25101,50,pard,nonword,nonword,1,793
36,338,25062,50,ol,nonword,nonword,1,745
36,16044,25103,50,peefjes,nonword,nonword,1,647
36,25088,24740,50,binaal,nonword,nonword,1,1157
36,11316,24741,50,vlerels,nonword,nonword,1,NA
36,17654,24864,50,puks,nonword,nonword,1,NA
36,8438,25107,50,haanwijn,nonword,nonword,1,580
36,3276,24744,50,chelst,nonword,nonword,1,761
36,10912,25109,50,klint,nonword,nonword,1,724
36,9064,24746,50,leivels,nonword,nonword,1,877
36,25764,24707,50,vaaitjes,nonword,nonword,1,544
36,3110,24748,50,beintje,nonword,nonword,1,551
36,1078,25113,50,booltjes,nonword,nonword,1,612
36,18696,25114,50,rothoei,nonword,nonword,1,689
36,4218,24994,50,dijwoon,nonword,nonword,1,582
36,1964,25116,50,priek,nonword,nonword,1,539
36,15160,24996,50,namwerk,nonword,nonword,1,614
36,26106,25118,50,mechter,nonword,nonword,1,616
36,4338,24755,50,mijken,nonword,nonword,1,556
36,16104,25120,50,pab,nonword,nonword,1,486
36,27218,25121,50,tochte,nonword,nonword,1,809
36,1148,24758,50,behoel,nonword,nonword,1,607
36,5066,25123,50,maatser,nonword,nonword,1,1131
36,4270,24761,50,wonges,nonword,nonword,1,699
36,1518,25125,50,butten,nonword,nonword,1,591
36,2056,24762,50,blaai,nonword,nonword,1,981
36,24256,25127,50,vochjes,nonword,nonword,1,591
36,14702,25128,50,moorns,nonword,nonword,1,477
36,22852,25089,50,zimpels,nonword,nonword,1,598
36,22506,24888,50,sooide,nonword,nonword,1,520
36,12532,24889,50,bodder,nonword,nonword,1,522
36,12918,25132,50,bokkers,nonword,nonword,1,535
36,24926,24891,50,vert,nonword,nonword,1,935
36,24406,25134,50,veraakt,nonword,nonword,1,646
36,6180,24771,50,sminse,nonword,nonword,1,586
36,2320,25136,50,dullen,nonword,nonword,1,908
36,14504,25016,50,misscheet,nonword,nonword,1,1149
36,9398,24734,50,haastweg,nonword,word,0,NA
36,21920,24775,50,steer,nonword,nonword,1,810
36,22212,25019,50,strending,nonword,nonword,1,772
36,4506,25141,50,doodschef,nonword,word,0,NA
36,12638,25102,50,landgeugd,nonword,nonword,1,751
36,6436,24779,50,nazen,nonword,nonword,1,876
36,914,25023,50,bassat,nonword,nonword,1,731
36,13722,24903,50,maagvloer,nonword,nonword,1,861
36,11266,25025,50,vral,nonword,nonword,1,569
36,14856,25147,50,kurten,nonword,nonword,1,686
36,18032,24784,50,bagen,nonword,nonword,1,985
36,21626,24785,50,stieve,nonword,nonword,1,887
36,14906,25150,50,hygren,nonword,nonword,1,686
36,18194,24909,50,meune,nonword,nonword,1,490
36,8346,25031,50,purde,nonword,nonword,1,549
36,20084,24789,50,sfeeners,nonword,nonword,1,982
36,22652,24790,50,tind,nonword,nonword,1,853
36,18308,25034,50,loeken,nonword,nonword,1,537
36,13388,25156,50,horisch,nonword,nonword,1,785
36,1920,25157,50,blulte,nonword,nonword,1,632
36,3620,25158,50,cusme,nonword,nonword,1,531
36,10318,25038,50,molven,nonword,nonword,1,838
36,20670,25160,50,snaaf,nonword,nonword,1,827
36,18054,25161,50,wookte,nonword,nonword,1,768
36,4572,25162,50,deeuwtjes,nonword,nonword,1,615
36,26750,24799,50,loeden,nonword,nonword,1,816
36,1008,25164,50,bedreesd,nonword,nonword,1,950
36,13096,24801,50,bachtten,nonword,nonword,1,718
36,9790,25166,50,iccuun,nonword,nonword,1,645
36,16132,25167,50,taring,nonword,nonword,1,689
36,5840,24926,50,foensen,nonword,nonword,1,560
36,21850,24927,50,stenken,nonword,nonword,1,607
36,12024,25170,50,sloegers,nonword,nonword,1,486
36,20096,25171,50,crunk,nonword,nonword,1,537
36,5878,25172,50,liret,nonword,nonword,1,536
36,842,25173,50,bankhaaf,nonword,nonword,1,681
36,23774,25174,50,tilsmolm,nonword,nonword,1,692
36,14008,25175,50,mortiek,nonword,nonword,1,574
36,26004,25176,50,daaiden,nonword,nonword,1,684
36,9924,25177,50,jaarmong,nonword,nonword,1,487
36,7960,25138,50,grafgroen,nonword,nonword,1,846
36,6782,25179,50,gebesk,nonword,nonword,1,552
36,19630,25180,50,schrenen,nonword,nonword,1,631
36,14568,24817,50,dijders,nonword,nonword,1,540
36,26712,25182,50,duilen,nonword,nonword,1,742
36,4762,25183,50,brasticks,nonword,nonword,1,589
36,4990,25063,50,treppen,nonword,nonword,1,672
36,18778,25185,50,kiemte,nonword,nonword,1,970
36,6700,25186,50,gehiend,nonword,nonword,1,585
36,19518,24823,50,schoord,nonword,nonword,1,574
36,1340,25067,50,bekrijt,nonword,word,0,NA
36,17562,24825,50,clarmpje,nonword,nonword,1,652
36,650,24826,50,haars,nonword,nonword,1,792
36,25542,24827,50,vokes,nonword,nonword,1,574
36,22640,25192,50,sarent,nonword,nonword,1,690
36,1830,25193,50,hijmaak,nonword,nonword,1,573
36,9808,25194,50,indrook,nonword,nonword,1,618
36,27444,25074,50,zelp,nonword,nonword,1,573
36,6894,24832,50,gests,nonword,nonword,1,661
36,2430,24833,50,boets,nonword,word,0,NA
36,19276,24713,50,schorlen,nonword,nonword,1,472
36,10430,25078,50,kanset,nonword,nonword,1,616
36,15498,25200,50,opaas,nonword,nonword,1,874
36,23659,24701,50,trucjes,word,word,1,677
36,3221,25066,50,censuur,word,word,1,570
36,14039,24703,50,matter,word,word,1,653
36,2297,25189,50,bogen,word,word,1,634
36,14355,25069,50,mietjes,word,word,1,NA
36,12603,24706,50,landbouw,word,word,1,462
36,15927,25071,50,opstand,word,word,1,659
36,19861,25072,50,seintjes,word,word,1,589
36,16325,25073,50,pater,word,word,1,591
36,25755,24831,50,vouw,word,word,1,516
36,19787,24711,50,schurft,word,nonword,0,NA
36,21999,24712,50,stoned,word,word,1,836
36,16485,25077,50,peren,word,word,1,618
36,5567,24835,50,ervaart,word,word,1,819
36,14053,25079,50,mazen,word,word,1,835
36,17411,24716,50,prille,word,word,1,677
36,23077,25081,50,tikte,word,word,1,563
36,23905,24960,50,uitkijk,word,word,1,768
36,26673,24961,50,wezel,word,word,1,535
36,25289,24760,50,vloerkleed,word,word,1,789
36,11015,24721,50,kleinood,word,word,1,607
36,1081,24843,50,beertje,word,word,1,783
36,7607,25087,50,gift,word,word,1,580
36,18723,24845,50,rozijn,word,word,1,485
36,13193,24725,50,lijder,word,word,1,817
36,22529,24847,50,suprème,word,word,1,784
36,3691,24969,50,daas,word,word,1,634
36,11909,24970,50,krammen,word,nonword,0,NA
36,11439,24850,50,kocht,word,word,1,517
36,6883,24730,50,gelde,word,word,1,824
36,16833,24852,50,plateaus,word,word,1,958
36,2719,25096,50,breken,word,word,1,564
36,25623,24733,50,voorkeur,word,word,1,572
36,14051,25098,50,maxwells,word,nonword,0,NA
36,25673,25139,50,voorste,word,word,1,962
36,6211,24978,50,fret,word,nonword,0,NA
36,7507,24858,50,gewond,word,word,1,553
36,14569,24738,50,moedig,word,word,1,524
36,20669,24739,50,snoof,word,word,1,749
36,8529,25104,50,hals,word,word,1,563
36,459,25105,50,angstzweet,word,word,1,594
36,26109,24742,50,wachtpost,word,word,1,733
36,16373,24743,50,pech,word,word,1,454
36,16615,25108,50,pijnlijk,word,word,1,483
36,6559,24866,50,gedeeld,word,word,1,570
36,11857,25110,50,kraambed,word,word,1,653
36,6645,24747,50,geeuw,word,word,1,735
36,111,25112,50,aapjes,word,word,1,521
36,6383,24991,50,galop,word,word,1,767
36,3779,24750,50,danken,word,word,1,747
36,4637,24751,50,dorstig,word,word,1,610
36,19503,24873,50,school,word,word,1,559
36,10115,24753,50,jood,word,word,1,522
36,19619,24754,50,schrale,word,word,1,874
36,4335,25119,50,doek,word,word,1,900
36,9405,24877,50,hoog,word,word,1,518
36,3573,24757,50,crisis,word,word,1,861
36,18083,25122,50,reken,word,nonword,0,NA
36,661,24880,50,baasje,word,word,1,591
36,11869,24800,50,krab,word,word,1,486
36,8991,24882,50,herken,word,nonword,0,NA
36,18755,25126,50,ruil,word,word,1,460
36,2727,25005,50,brem,word,word,1,842
36,5131,24885,50,duurste,word,word,1,587
36,13805,24765,50,madame,word,word,1,882
36,1939,24766,50,blauwe,word,word,1,516
36,22043,24767,50,stop,word,word,1,742
36,6085,24768,50,fooitje,word,word,1,893
36,6061,24769,50,fokker,word,word,1,527
36,15963,25012,50,ordes,word,nonword,0,NA
36,25615,25135,50,voorhuid,word,word,1,706
36,7333,24772,50,getoetst,word,word,1,744
36,22147,24773,50,strafrecht,word,word,1,560
36,207,25137,50,actief,word,word,1,508
36,17873,24815,50,rat,word,word,1,454
36,485,24776,50,apart,word,word,1,640
36,16243,24777,50,parket,word,word,1,588
36,20059,24778,50,sjaaltje,word,word,1,889
36,3473,25143,50,condooms,word,word,1,608
36,14871,24780,50,muskiet,word,word,1,574
36,17423,24781,50,prins,word,word,1,525
36,26741,24782,50,wijd,word,word,1,877
36,4167,24904,50,diep,word,word,1,529
36,9341,25148,50,hond,word,word,1,456
36,12333,25149,50,kust,word,word,1,507
36,23393,24786,50,tragiek,word,word,1,521
36,9421,24787,50,hoogte,word,word,1,667
36,22687,24788,50,tante,word,word,1,551
36,22929,25153,50,tests,word,word,1,787
36,25681,25154,50,voortgaan,word,word,1,521
36,13609,24791,50,luie,word,word,1,441
36,339,24792,50,alarm,word,word,1,556
36,24619,25197,50,vernis,word,word,1,670
36,18393,24794,50,rite,word,nonword,0,NA
36,14369,24795,50,mijltjes,word,word,1,636
36,209,24796,50,acties,word,word,1,456
36,24969,24918,50,vielen,word,nonword,0,NA
36,1641,24798,50,bevrijdt,word,word,1,646
36,23535,25163,50,trilden,word,word,1,516
36,683,25001,50,bad,word,word,1,628
36,25063,25165,50,ving,word,word,1,549
36,2833,24802,50,broekspijp,word,word,1,567
36,8687,24924,50,harsen,word,word,1,867
36,9001,24804,50,hernam,word,word,1,593
36,24147,24805,50,varens,word,word,1,656
36,3397,24806,50,coat,word,nonword,0,NA
36,1795,24928,50,bijlen,word,word,1,668
36,17437,24808,50,printers,word,word,1,517
36,6329,24809,50,gaaitjes,word,nonword,0,NA
36,9171,25052,50,hitten,word,nonword,0,NA
36,21623,24811,50,steil,word,word,1,860
36,26917,24933,50,wist,word,word,1,541
36,8287,24813,50,grootsheid,word,word,1,620
36,21765,24814,50,steuntjes,word,word,1,1050
36,21875,25015,50,stilten,word,nonword,0,NA
36,18621,24937,50,rooie,word,word,1,559
36,17433,25181,50,print,word,word,1,900
36,25705,25060,50,voorzien,word,word,1,511
36,2121,25061,50,blonk,word,word,1,704
36,187,24820,50,achtste,word,word,1,643
36,22267,24821,50,strijdmacht,word,word,1,560
36,25129,25064,50,vlaaien,word,word,1,620
36,5405,25187,50,el,word,word,1,807
36,28117,24824,50,zwervers,word,word,1,572
36,17989,25188,50,reed,word,nonword,0,NA
36,259,25190,50,afgang,word,word,1,566
36,14331,25191,50,micro's,word,word,1,630
36,22395,24949,50,studeert,word,word,1,544
36,26123,24829,50,wagen,word,word,1,779
36,27815,25152,50,zoon,word,word,1,746
36,22605,24952,50,tact,word,word,1,753
36,13839,25196,50,major,word,word,1,626
36,8809,25115,50,heffen,word,word,1,556
36,12151,24834,50,kruin,word,word,1,481
36,16539,25198,50,peukje,word,word,1,873
36,12315,25199,50,kurhaus,word,nonword,0,NA
36,9059,25159,50,heuse,word,word,1,756
36,24581,24838,50,vermaak,word,word,1,560
36,27309,25040,50,zangen,word,word,1,529
36,21533,24920,50,start,word,word,1,604
36,19709,25002,50,schrikt,word,word,1,597
36,26185,24842,50,wandelt,word,word,1,609
36,25143,25004,50,vlagjes,word,word,1,787
36,24705,25017,50,verspeeld,word,word,1,964
36,22209,25046,50,strekken,word,word,1,542
36,26703,24846,50,wiegjes,word,word,1,519
36,4215,24887,50,dij,word,word,1,585
36,4275,25009,50,dinsdag,word,word,1,740
36,6927,25010,50,gelig,word,nonword,0,NA
36,2569,24971,50,bouwsel,word,word,1,604
36,19591,24972,50,schouder,word,word,1,538
36,2085,24973,50,bloes,word,word,1,795
36,28005,24974,50,zwakke,word,word,1,800
36,11593,24894,50,kompas,word,word,1,568
36,8075,24868,50,grieken,word,word,1,551
36,27051,24896,50,wormen,word,word,1,786
36,23749,24990,50,tumors,word,word,1,709
36,8423,25140,50,haar,word,word,1,481
36,27599,24859,50,zijner,word,word,1,889
36,8373,24860,50,gympje,word,word,1,587
36,1167,24901,50,behoud,word,word,1,663
36,6967,24862,50,gemaakt,word,word,1,852
36,5319,25024,50,eeuwig,word,word,1,420
36,11247,24985,50,kluut,word,nonword,0,NA
36,19035,24865,50,schaamhaar,word,word,1,757
36,9397,24986,50,hoofdweg,word,word,1,700
36,18953,24988,50,sap,word,word,1,618
36,13955,24921,50,marker,word,word,1,794
36,10159,24869,50,juk,word,word,1,567
36,16463,24963,50,penseel,word,word,1,531
36,17877,24871,50,ratels,word,word,1,799
36,21209,24912,50,spraakzaam,word,word,1,750
36,6759,25155,50,geïnd,word,word,1,NA
36,27713,24874,50,zoenen,word,word,1,495
36,24393,25117,50,verdund,word,nonword,0,NA
36,2735,24876,50,bres,word,word,1,784
36,7267,25051,50,gesteld,word,word,1,1019
36,1453,24999,50,beslaan,word,word,1,780
36,9715,24959,50,ier,word,word,1,562
36,7649,25080,50,gissen,word,word,1,647
36,13533,25055,50,losten,word,word,1,1012
36,15073,25003,50,neefjes,word,word,1,514
36,9909,24936,50,islam,word,word,1,943
36,4317,25057,50,docent,word,word,1,575
36,8165,24938,50,groefjes,word,word,1,990
36,1285,25047,50,belt,word,nonword,0,NA
36,7497,25048,50,gewiekst,word,word,1,731
36,9843,25049,50,inkoop,word,word,1,740
36,2811,25130,50,broeders,word,word,1,600
36,19077,24983,50,schaffen,word,word,1,NA
36,15151,25133,50,nette,word,word,1,567
36,28017,24932,50,zwanen,word,word,1,525
36,26259,25054,50,water,word,word,1,795
36,27275,25094,50,zalfjes,word,word,1,522
36,9741,24948,50,ijs,word,word,1,479
36,26339,25030,50,weerde,word,word,1,817
36,27371,25151,50,zeeuwen,word,word,1,471
36,20433,24911,50,smaakten,word,word,1,725
36,16393,25020,50,peertjes,word,word,1,858
36,5251,24900,50,eender,word,nonword,0,NA
36,16455,25021,50,penning,word,word,1,702
36,22311,25144,50,stroken,word,word,1,NA
36,13161,24916,50,lieven,word,word,1,NA
36,12969,25146,50,leren,word,word,1,559
36,24809,24905,50,vervangt,word,word,1,962
36,22913,24945,50,terrein,word,word,1,470
36,55,25106,50,aanloop,word,word,1,544
36,19255,25041,50,schepping,word,word,1,561
36,27363,24922,50,zeeslang,word,word,1,NA
36,18585,25124,50,ronden,word,word,1,659
36,8665,24989,50,haren,word,word,1,583
36,20909,25178,50,speelbal,word,word,1,586
36,17201,25195,50,portiers,word,word,1,679
36,1863,24954,50,bis,word,word,1,634
36,381,24915,50,allengs,word,nonword,0,NA
36,7473,25129,50,geweerd,word,word,1,720
36,10071,25131,50,joelend,word,word,1,678
36,13531,24944,50,loste,word,word,1,950
36,22849,25145,50,tempel,word,word,1,509
36,13149,25008,50,lies,word,word,1,615
36,23675,25065,50,truitje,word,word,1,905
36,13465,25184,50,loom,word,word,1,604
36,15609,25070,50,onpas,word,nonword,0,NA
36,13649,25042,50,lul,word,word,1,496
36,19913,25111,50,serums,word,word,1,537
36,27683,25076,50,zode,word,nonword,0,NA
36,15971,25168,50,orgels,word,word,1,636
36,13035,25033,50,leuzen,word,word,1,NA
36,19051,24942,50,schaars,word,word,1,486
36,17595,25142,50,puin,word,word,1,1031
36,26747,25075,50,wijde,word,word,1,876
36,713,24995,50,baken,word,nonword,0,NA
36,15225,25036,50,nieuw,word,word,1,484
36,709,25022,50,bak,word,word,1,440
36,26313,25169,50,week,word,word,1,600
37,9112,24915,50,lieroot,nonword,nonword,1,502
37,20714,24709,50,nijpel,nonword,nonword,1,609
37,23106,24736,50,zonten,nonword,nonword,1,534
37,25010,24717,50,vuiltal,nonword,nonword,1,767
37,3920,24869,50,hogens,nonword,nonword,1,659
37,454,24878,50,achts,nonword,nonword,1,1192
37,3744,24727,50,ravend,nonword,nonword,1,NA
37,20158,24799,50,slabdoom,nonword,nonword,1,994
37,2742,24729,50,pletern,nonword,nonword,1,649
37,13258,24814,50,lenten,nonword,word,0,NA
37,21036,24788,50,spuurnaagd,nonword,nonword,1,656
37,16914,24857,50,ploets,nonword,nonword,1,991
37,18264,24774,50,kaampjes,nonword,nonword,1,729
37,84,24926,50,aannicht,nonword,nonword,1,727
37,20128,24940,50,braap,nonword,nonword,1,556
37,16244,24834,50,pandet,nonword,nonword,1,567
37,10376,24808,50,montje,nonword,nonword,1,760
37,26378,24943,50,weerwoon,nonword,nonword,1,881
37,3908,24796,50,moorde,nonword,word,0,NA
37,21262,24758,50,scrokers,nonword,nonword,1,629
37,5080,24959,50,kurden,nonword,nonword,1,866
37,21430,24839,50,steves,nonword,nonword,1,528
37,6542,24747,50,geslookt,nonword,nonword,1,505
37,26108,24722,50,dechters,nonword,nonword,1,1037
37,4730,24910,50,druf,nonword,nonword,1,613
37,6086,24725,50,saaitje,nonword,nonword,1,628
37,2318,24952,50,lalle,nonword,nonword,1,609
37,21590,24845,50,stees,nonword,nonword,1,473
37,25428,24846,50,dieten,nonword,nonword,1,556
37,6720,24955,50,gebuld,nonword,nonword,1,1253
37,18736,24969,50,miggen,nonword,nonword,1,682
37,9770,24970,50,ig,nonword,nonword,1,661
37,13818,24732,50,pegen,nonword,nonword,1,499
37,15440,24932,50,uten,nonword,nonword,1,636
37,17906,24853,50,degent,nonword,nonword,1,662
37,294,24961,50,atzas,nonword,nonword,1,591
37,2348,24733,50,bonkoer,nonword,nonword,1,565
37,2390,24896,50,beem,nonword,nonword,1,535
37,2056,24724,50,blaai,nonword,nonword,1,548
37,5380,24885,50,eindschijp,nonword,nonword,1,713
37,17504,24859,50,plormstuk,nonword,nonword,1,697
37,22406,24980,50,stig,nonword,nonword,1,692
37,112,24807,50,eesjes,nonword,nonword,1,552
37,18326,24902,50,diempjes,nonword,nonword,1,608
37,15590,24741,50,onaast,nonword,nonword,1,594
37,20340,24918,50,blogins,nonword,nonword,1,607
37,1484,24744,50,hassen,nonword,nonword,1,583
37,10202,24865,50,fus,nonword,nonword,1,563
37,6162,24867,50,frasts,nonword,nonword,1,1024
37,8418,24787,50,hien,nonword,nonword,1,1177
37,22762,24989,50,poder,nonword,nonword,1,630
37,2322,24735,50,bakwerk,nonword,word,0,NA
37,1336,24738,50,bebeelt,nonword,nonword,1,750
37,746,24871,50,hakie,nonword,nonword,1,608
37,23546,24832,50,bruo's,nonword,nonword,1,623
37,11012,24833,50,grijnheid,nonword,nonword,1,668
37,13104,24874,50,dida,nonword,nonword,1,548
37,24712,24754,50,verstreed,nonword,nonword,1,1028
37,11170,24876,50,klons,nonword,nonword,1,1076
37,8594,24756,50,handstreen,nonword,nonword,1,791
37,15302,24999,50,noomt,nonword,nonword,1,553
37,8912,24879,50,bolmpjes,nonword,nonword,1,717
37,18470,24880,50,moezing,nonword,nonword,1,630
37,23436,24842,50,tran,nonword,nonword,1,572
37,3796,24708,50,winsers,nonword,nonword,1,545
37,24070,24830,50,volman,nonword,nonword,1,605
37,20938,24844,50,speengried,nonword,nonword,1,570
37,9252,25006,50,leestend,nonword,nonword,1,818
37,12042,24765,50,grijmgrond,nonword,nonword,1,690
37,6770,24968,50,zek,nonword,nonword,1,820
37,19644,25009,50,schroeche,nonword,nonword,1,563
37,7120,24889,50,getift,nonword,nonword,1,573
37,7160,24850,50,geschinkt,nonword,nonword,1,1178
37,13288,24851,50,bannens,nonword,nonword,1,656
37,26612,24892,50,werknook,nonword,nonword,1,707
37,1526,24974,50,bestrijg,nonword,nonword,1,1103
37,10340,25015,50,kansmuur,nonword,nonword,1,886
37,24428,24895,50,volfde,nonword,nonword,1,602
37,8830,25017,50,pei,nonword,nonword,1,793
37,20478,24978,50,smaat,nonword,nonword,1,671
37,18762,24858,50,dieltje,nonword,nonword,1,637
37,8448,24899,50,haarwels,nonword,nonword,1,712
37,11232,24781,50,sluimen,nonword,word,0,NA
37,20600,24942,50,smallen,nonword,nonword,1,962
37,10856,25023,50,kiby,nonword,nonword,1,484
37,6696,24863,50,gekunt,nonword,word,0,NA
37,4212,24703,50,reiven,nonword,nonword,1,613
37,10964,24905,50,travaar,nonword,nonword,1,588
37,25216,24906,50,druigen,nonword,nonword,1,649
37,9924,24988,50,jaarmong,nonword,nonword,1,767
37,16826,24908,50,snasticks,nonword,nonword,1,790
37,12746,24990,50,liftors,nonword,nonword,1,642
37,28042,25031,50,kniefde,nonword,nonword,1,629
37,23262,25032,50,pengen,nonword,nonword,1,562
37,23996,24751,50,poondels,nonword,nonword,1,943
37,16882,24913,50,proesters,nonword,nonword,1,NA
37,27678,24793,50,zorst,nonword,nonword,1,640
37,22950,25036,50,hectiel,nonword,nonword,1,660
37,25740,24916,50,voned,nonword,nonword,1,584
37,4836,24917,50,blijlen,nonword,nonword,1,759
37,14866,25039,50,kukje,nonword,nonword,1,701
37,14714,24798,50,deerse,nonword,nonword,1,NA
37,6698,25041,50,gebaakt,nonword,nonword,1,855
37,6112,24841,50,serten,nonword,nonword,1,590
37,11948,24843,50,pleter,nonword,nonword,1,570
37,18498,24964,50,kaastig,nonword,nonword,1,829
37,4944,24924,50,spuif,nonword,nonword,1,686
37,25824,24925,50,vroogd,nonword,nonword,1,585
37,26828,25047,50,wif,nonword,nonword,1,630
37,11772,24887,50,moscisch,nonword,nonword,1,1053
37,14842,24928,50,kuinen,nonword,nonword,1,540
37,10728,25050,50,luilen,nonword,nonword,1,687
37,6750,25011,50,goeltjes,nonword,nonword,1,639
37,23128,24931,50,chinge,nonword,nonword,1,673
37,25954,25053,50,durde,nonword,nonword,1,1203
37,9240,24893,50,leurtje,nonword,nonword,1,715
37,7640,24813,50,gops,nonword,nonword,1,523
37,23854,24935,50,wresters,nonword,nonword,1,1041
37,17948,24936,50,wichtte,nonword,nonword,1,NA
37,23666,24897,50,trune,nonword,nonword,1,616
37,23952,24898,50,ilies,nonword,nonword,1,502
37,11582,25060,50,komiet,nonword,nonword,1,1035
37,1358,25061,50,belied,nonword,nonword,1,599
37,21194,24982,50,spalfman,nonword,nonword,1,592
37,14882,25063,50,runsen,nonword,nonword,1,703
37,12776,25064,50,luifde,nonword,nonword,1,888
37,21600,24864,50,stoen,nonword,nonword,1,1264
37,13180,24702,50,luva's,nonword,nonword,1,766
37,23212,24946,50,toeslocht,nonword,nonword,1,652
37,19972,25028,50,clirt,nonword,nonword,1,584
37,3128,24706,50,raveaus,nonword,nonword,1,695
37,17294,24909,50,blat,nonword,nonword,1,1115
37,5172,24950,50,wrangmom,nonword,nonword,1,603
37,10778,24951,50,moekend,nonword,nonword,1,729
37,4276,25073,50,distbag,nonword,nonword,1,499
37,21216,25074,50,spleken,nonword,nonword,1,821
37,10448,24954,50,kasmaak,nonword,nonword,1,733
37,6776,25076,50,gegopt,nonword,nonword,1,847
37,1198,25077,50,bebest,nonword,nonword,1,548
37,23468,25078,50,bleeuin,nonword,nonword,1,595
37,2680,24837,50,slasert,nonword,nonword,1,607
37,5904,25080,50,jin,nonword,nonword,1,NA
37,18890,25081,50,saggat,nonword,nonword,1,656
37,13414,25082,50,lox,nonword,nonword,1,508
37,16276,24963,50,paslaart,nonword,nonword,1,724
37,5700,25004,50,fogto,nonword,nonword,1,568
37,1088,25085,50,hiesten,nonword,nonword,1,651
37,4776,25086,50,sleugen,nonword,nonword,1,551
37,8786,24723,50,loorste,nonword,nonword,1,665
37,3270,25088,50,cherp,nonword,nonword,1,1122
37,2242,25089,50,hoesjes,nonword,word,0,NA
37,11260,25090,50,zwiepje,nonword,nonword,1,871
37,626,25091,50,heeltjes,nonword,nonword,1,891
37,20802,24971,50,soubors,nonword,nonword,1,624
37,20726,25093,50,sojo's,nonword,nonword,1,663
37,12544,24731,50,wating,nonword,nonword,1,613
37,18110,25095,50,rim,nonword,nonword,1,744
37,12938,25096,50,bezer,nonword,nonword,1,752
37,11010,25097,50,grijngeld,nonword,nonword,1,1208
37,18114,25098,50,mimmen,nonword,nonword,1,652
37,22104,25099,50,steit,nonword,nonword,1,552
37,8466,25100,50,leetten,nonword,nonword,1,569
37,1892,25101,50,bloogjes,nonword,nonword,1,NA
37,14674,25102,50,monfiel,nonword,nonword,1,619
37,20430,24739,50,fraakt,nonword,nonword,1,678
37,18100,24862,50,wakte,nonword,nonword,1,750
37,858,25105,50,bamp,nonword,nonword,1,540
37,6416,25106,50,gonven,nonword,nonword,1,508
37,4964,24986,50,blekkers,nonword,nonword,1,694
37,4302,25108,50,kuva,nonword,nonword,1,900
37,26132,24745,50,wuk,nonword,nonword,1,644
37,16734,24746,50,prootsen,nonword,nonword,1,1153
37,2760,25111,50,broudjes,nonword,nonword,1,622
37,23804,25112,50,twij,nonword,nonword,1,714
37,5004,24749,50,dug,nonword,nonword,1,567
37,6350,25114,50,goosjes,nonword,nonword,1,735
37,24808,25115,50,verwelt,nonword,nonword,1,1033
37,3718,24995,50,wadje,nonword,nonword,1,1204
37,13144,25117,50,huipen,nonword,nonword,1,717
37,5760,25118,50,faupo's,nonword,nonword,1,550
37,26306,24998,50,weesgels,nonword,nonword,1,770
37,5246,25120,50,ein,nonword,nonword,1,819
37,4408,25121,50,dorg,nonword,nonword,1,617
37,24238,25122,50,deuling,nonword,nonword,1,629
37,16004,24719,50,oesheid,nonword,nonword,1,595
37,22450,24720,50,stilend,nonword,nonword,1,849
37,15176,25125,50,neufwoorns,nonword,nonword,1,542
37,10128,25005,50,nouw,nonword,nonword,1,679
37,10476,24763,50,mader,nonword,nonword,1,547
37,23688,25007,50,bratten,nonword,nonword,1,839
37,26518,25129,50,wetsblauw,nonword,nonword,1,748
37,15402,24766,50,sammer,nonword,nonword,1,620
37,13574,24767,50,hichtje,nonword,nonword,1,682
37,8308,25132,50,grok,nonword,nonword,1,658
37,26484,24891,50,welm,nonword,nonword,1,697
37,15838,25134,50,oorlijk,nonword,nonword,1,666
37,946,24771,50,lalen,nonword,nonword,1,633
37,132,24772,50,aardsomst,nonword,nonword,1,741
37,4440,25137,50,wampers,nonword,nonword,1,605
37,14398,25138,50,mikzant,nonword,nonword,1,522
37,10072,25018,50,cijlend,nonword,nonword,1,591
37,25800,25140,50,pletig,nonword,nonword,1,666
37,14614,25141,50,wijtje,nonword,nonword,1,678
37,4104,24900,50,ruchters,nonword,nonword,1,704
37,3884,24901,50,duil,nonword,nonword,1,744
37,9288,24780,50,hesken,nonword,nonword,1,787
37,20290,25145,50,dremmer,nonword,nonword,1,666
37,17496,25146,50,prosact,nonword,nonword,1,582
37,9344,25147,50,kinden,nonword,nonword,1,644
37,20140,25148,50,braat,nonword,nonword,1,943
37,27764,25149,50,tondabs,nonword,nonword,1,767
37,5766,25029,50,lawant,nonword,nonword,1,567
37,8714,25151,50,danen,nonword,nonword,1,933
37,5506,25152,50,engmoed,nonword,nonword,1,549
37,16786,24789,50,blinnen,nonword,nonword,1,715
37,11358,24912,50,kwip,nonword,nonword,1,830
37,16630,25155,50,puidjes,nonword,nonword,1,571
37,2540,24792,50,bourtans,nonword,nonword,1,578
37,13714,25157,50,roogden,nonword,nonword,1,489
37,25406,25158,50,mijren,nonword,nonword,1,539
37,9574,24795,50,haafjes,nonword,nonword,1,812
37,12534,25160,50,bodders,nonword,nonword,1,784
37,6070,24797,50,sorie,nonword,nonword,1,1213
37,6096,25162,50,loral,nonword,nonword,1,621
37,17486,25163,50,prosool,nonword,nonword,1,634
37,27244,25124,50,zakmaak,nonword,nonword,1,876
37,5568,24802,50,ervoors,nonword,nonword,1,758
37,9090,25166,50,hierwee,nonword,nonword,1,800
37,11646,24803,50,koolpijs,nonword,nonword,1,669
37,17960,24804,50,med,nonword,nonword,1,521
37,972,24927,50,bevakt,nonword,nonword,1,624
37,18122,25049,50,perden,nonword,nonword,1,559
37,18746,25171,50,reug,nonword,nonword,1,524
37,20030,25172,50,sugo,nonword,nonword,1,509
37,2458,25173,50,bolg,nonword,nonword,1,590
37,19794,24810,50,schilsje,nonword,nonword,1,797
37,26742,24811,50,wijm,nonword,nonword,1,1059
37,25698,24934,50,voorbern,nonword,nonword,1,662
37,10846,25177,50,kins,nonword,nonword,1,524
37,27648,25178,50,tinpol,nonword,nonword,1,539
37,16658,25058,50,purkjes,nonword,nonword,1,NA
37,23810,24938,50,gleuden,nonword,nonword,1,661
37,5436,25181,50,eppleem,nonword,nonword,1,587
37,16798,24818,50,vlonters,nonword,nonword,1,NA
37,22852,25062,50,zimpels,nonword,nonword,1,693
37,25894,24820,50,vloze,nonword,nonword,1,921
37,8818,24821,50,liftig,nonword,word,0,NA
37,1686,25065,50,bemot,nonword,nonword,1,683
37,10190,24823,50,jark,nonword,nonword,1,920
37,5618,25067,50,ebliem,nonword,nonword,1,852
37,494,24947,50,amplaas,nonword,nonword,1,632
37,19152,25190,50,schaten,nonword,nonword,1,893
37,256,25070,50,amstuk,nonword,word,0,NA
37,358,24828,50,asha,nonword,nonword,1,562
37,8750,25072,50,lochting,nonword,nonword,1,547
37,7056,25194,50,gepanst,nonword,nonword,1,NA
37,19856,25195,50,feizen,nonword,nonword,1,615
37,408,25196,50,antrog,nonword,nonword,1,500
37,8514,25197,50,salko,nonword,nonword,1,421
37,12822,25198,50,hoorstof,nonword,nonword,1,379
37,26822,25199,50,koezend,nonword,nonword,1,577
37,11364,24715,50,plappen,nonword,nonword,1,594
37,4577,24701,50,doorsnee,word,word,1,NA
37,14967,25066,50,nachten,word,word,1,598
37,2969,24824,50,buffels,word,word,1,586
37,9465,24704,50,hoorders,word,nonword,0,NA
37,9129,24705,50,hijsen,word,word,1,617
37,18561,24827,50,romans,word,word,1,596
37,25269,24707,50,vloeiend,word,word,1,512
37,19423,24829,50,schimmen,word,word,1,624
37,9017,25193,50,herten,word,nonword,0,NA
37,11283,24710,50,knapste,word,word,1,1261
37,23787,24711,50,turners,word,word,1,609
37,13339,24712,50,lobs,word,nonword,0,NA
37,18247,24713,50,ridder,word,word,1,523
37,22517,24714,50,sultan,word,word,1,763
37,8525,25079,50,halo,word,word,1,1121
37,8653,24716,50,hardop,word,word,1,577
37,23307,24838,50,toortsen,word,word,1,1229
37,23517,24718,50,trends,word,word,1,630
37,915,25083,50,bassins,word,nonword,0,NA
37,7749,25084,50,gloeien,word,word,1,555
37,27457,24721,50,zelfzucht,word,word,1,724
37,7431,24762,50,gevlucht,word,word,1,664
37,14833,25087,50,muis,word,word,1,663
37,26169,24966,50,walrus,word,word,1,674
37,17209,24967,50,portret,word,word,1,733
37,25105,24726,50,visser,word,word,1,528
37,3625,24848,50,cuts,word,nonword,0,NA
37,26749,24728,50,wijden,word,word,1,637
37,9269,25092,50,hoezo,word,word,1,667
37,14127,24730,50,meidje,word,word,1,934
37,21735,24852,50,sternen,word,nonword,0,NA
37,24755,25136,50,verstrooid,word,word,1,725
37,11907,24854,50,kramers,word,word,1,673
37,3023,24734,50,buit,word,word,1,564
37,3883,24856,50,deel,word,word,1,610
37,3253,24776,50,charges,word,nonword,0,NA
37,23543,24737,50,trio,word,word,1,743
37,3447,24778,50,colts,word,nonword,0,NA
37,6663,25103,50,geërfd,word,word,1,745
37,21119,24740,50,spoedde,word,word,1,913
37,11655,24983,50,koolzuur,word,word,1,718
37,20475,24742,50,smeerlap,word,word,1,592
37,20799,24743,50,souper,word,word,1,734
37,18745,25107,50,ruig,word,word,1,766
37,28087,25109,50,zwemmers,word,word,1,550
37,25549,25110,50,vonden,word,word,1,758
37,7413,24868,50,geverfd,word,word,1,765
37,12751,24748,50,leden,word,word,1,618
37,23779,25113,50,turks,word,word,1,563
37,985,24750,50,bedierf,word,nonword,0,NA
37,26661,24872,50,wetens,word,word,1,622
37,23685,24752,50,trutje,word,word,1,783
37,26217,24753,50,warm,word,word,1,582
37,16045,24875,50,paal,word,word,1,532
37,3617,24755,50,cursus,word,word,1,784
37,16269,24877,50,pasen,word,word,1,719
37,21639,24757,50,stekkers,word,word,1,733
37,649,25000,50,baars,word,nonword,0,NA
37,24357,24759,50,verder,word,word,1,546
37,1975,24760,50,blijde,word,nonword,0,NA
37,20313,24761,50,slipte,word,word,1,719
37,25723,24923,50,vorm,word,word,1,609
37,25207,25127,50,vlezen,word,nonword,0,NA
37,25507,24764,50,volkstaal,word,word,1,564
37,1887,24886,50,bizons,word,word,1,1041
37,18609,25130,50,roodbaars,word,nonword,0,NA
37,5465,25131,50,engels,word,nonword,0,NA
37,17067,24768,50,poker,word,word,1,659
37,7719,24769,50,glimmend,word,word,1,639
37,16827,24770,50,plat,word,word,1,620
37,15863,25135,50,opaal,word,nonword,0,NA
37,5073,24812,50,duiven,word,word,1,605
37,1731,24773,50,biddend,word,word,1,669
37,9659,25016,50,hunnen,word,nonword,0,NA
37,9537,24775,50,houder,word,word,1,608
37,3065,24816,50,burchten,word,nonword,0,NA
37,529,24777,50,armpje,word,word,1,571
37,23079,25182,50,tikten,word,word,1,968
37,14111,24779,50,meetlat,word,word,1,713
37,5477,25144,50,entree,word,word,1,688
37,11769,25185,50,korven,word,nonword,0,NA
37,5977,24782,50,flesje,word,word,1,530
37,18763,24783,50,ruim,word,word,1,562
37,26741,24784,50,wijd,word,word,1,753
37,24623,24785,50,vernuft,word,word,1,841
37,24367,24786,50,verdient,word,word,1,636
37,24559,25150,50,verliefd,word,word,1,582
37,19883,25030,50,senaat,word,word,1,565
37,2637,25153,50,branche,word,word,1,1045
37,3901,24790,50,deen,word,nonword,0,NA
37,23895,24791,50,uitgang,word,word,1,579
37,13729,25156,50,maakt,word,word,1,587
37,4193,24914,50,dierbaar,word,word,1,651
37,27395,24794,50,zegen,word,word,1,956
37,24723,25159,50,verstand,word,word,1,812
37,4669,25038,50,dozijn,word,word,1,574
37,15061,25161,50,nazorg,word,word,1,775
37,20927,24919,50,speelsheid,word,nonword,0,NA
37,24951,24920,50,vetten,word,word,1,764
37,23461,24800,50,treden,word,word,1,895
37,20133,24801,50,slaapt,word,word,1,584
37,27477,24882,50,zere,word,nonword,0,NA
37,13619,25167,50,luiken,word,word,1,726
37,6249,25168,50,frisse,word,word,1,846
37,11459,24805,50,koele,word,word,1,633
37,26069,24806,50,waarlijk,word,word,1,918
37,18449,25170,50,roeden,word,nonword,0,NA
37,19245,24929,50,schepjes,word,word,1,605
37,24309,24809,50,verband,word,word,1,574
37,10723,25174,50,kicks,word,word,1,1245
37,22409,25175,50,stuifmeel,word,word,1,637
37,6671,24973,50,gefluit,word,word,1,610
37,4801,25055,50,dreven,word,word,1,820
37,10043,25056,50,jezelf,word,word,1,537
37,21641,24815,50,stel,word,word,1,722
37,12439,24977,50,kwetsen,word,word,1,626
37,15533,24817,50,omhelsd,word,word,1,683
37,10919,24979,50,klapjes,word,word,1,1098
37,28007,24819,50,zwakken,word,word,1,536
37,19141,25184,50,schaven,word,word,1,1125
37,27507,24861,50,zetje,word,word,1,625
37,27585,24822,50,zijde,word,word,1,702
37,26483,25187,50,welp,word,word,1,709
37,22635,24945,50,tal,word,word,1,706
37,25321,24825,50,vlotten,word,word,1,664
37,6323,24826,50,gaai,word,word,1,1331
37,19667,24948,50,schreiend,word,word,1,773
37,20943,25192,50,speer,word,word,1,760
37,14573,25071,50,moeilijk,word,word,1,613
37,14941,24870,50,naampje,word,word,1,511
37,28089,24831,50,zwempak,word,word,1,827
37,5351,24953,50,eikels,word,word,1,574
37,14065,25075,50,mee,word,word,1,1194
37,11807,25116,50,kotten,word,nonword,0,NA
37,27293,24835,50,zandbak,word,word,1,583
37,26345,24836,50,weerkaatst,word,word,1,1077
37,22031,24958,50,stoort,word,word,1,597
37,27449,25200,50,zelfkant,word,nonword,0,NA
37,5733,24960,50,farmers,word,word,1,710
37,28003,24840,50,zwakjes,word,word,1,592
37,6143,24962,50,fraaie,word,word,1,748
37,13149,24922,50,lies,word,word,1,694
37,9367,24883,50,hoofddoel,word,word,1,943
37,27599,24965,50,zijner,word,nonword,0,NA
37,14167,25046,50,melkers,word,word,1,733
37,9957,25128,50,jager,word,word,1,641
37,6149,24847,50,fracties,word,word,1,923
37,7195,24888,50,gesel,word,word,1,1225
37,21399,24849,50,staatsvorm,word,word,1,571
37,2063,24890,50,bloeiend,word,word,1,636
37,24347,24972,50,verbruik,word,word,1,812
37,13975,25013,50,marqués,word,nonword,0,NA
37,14571,25014,50,moeheid,word,word,1,767
37,5643,24975,50,euvels,word,word,1,1048
37,1171,24855,50,behulp,word,word,1,780
37,6735,25057,50,gehurkt,word,word,1,922
37,1033,25139,50,beduusd,word,nonword,0,NA
37,18399,25019,50,ritme,word,word,1,637
37,7257,25020,50,gestaard,word,word,1,1001
37,2409,24860,50,boor,word,word,1,579
37,12811,25022,50,leerling,word,word,1,548
37,9187,25104,50,hoed,word,word,1,641
37,24331,24984,50,verbod,word,word,1,535
37,18879,24985,50,ruwweg,word,word,1,583
37,5537,25026,50,erlangs,word,word,1,NA
37,12335,24866,50,kuste,word,word,1,NA
37,12943,24907,50,lengten,word,nonword,0,NA
37,10481,25069,50,katjes,word,word,1,739
37,9685,24949,50,huurders,word,word,1,555
37,4011,25191,50,des,word,nonword,0,NA
37,18581,24992,50,rond,word,word,1,772
37,8795,24993,50,hees,word,word,1,668
37,27267,24873,50,zal,word,word,1,715
37,9137,25035,50,hinde,word,word,1,831
37,3187,24996,50,cassis,word,word,1,NA
37,19863,24997,50,seizoen,word,word,1,530
37,20103,25119,50,sla,word,word,1,614
37,12633,25012,50,landstreek,word,word,1,988
37,13009,25040,50,leuk,word,word,1,537
37,10615,25001,50,kerk,word,word,1,751
37,16675,24881,50,pinot,word,nonword,0,NA
37,17751,25002,50,raciaal,word,word,1,NA
37,6491,25044,50,gebald,word,word,1,1079
37,19091,24884,50,schalde,word,nonword,0,NA
37,19709,25126,50,schrikt,word,word,1,702
37,23265,24939,50,tonics,word,word,1,1023
37,3785,25008,50,dankzij,word,word,1,763
37,10805,25169,50,kilt,word,nonword,0,NA
37,5759,25010,50,fauna's,word,word,1,610
37,15039,24930,50,nauw,word,word,1,778
37,23703,24904,50,tuben,word,word,1,1156
37,10505,25133,50,keel,word,word,1,621
37,25333,24933,50,vluchtte,word,word,1,600
37,10899,24894,50,klamme,word,word,1,821
37,20501,25189,50,smidsen,word,word,1,NA
37,25589,24976,50,voordeel,word,word,1,596
37,10951,24937,50,klauwde,word,word,1,1316
37,21381,25059,50,staat,word,word,1,572
37,22247,25033,50,striemen,word,word,1,1009
37,3021,25021,50,buisjes,word,word,1,631
37,7029,24941,50,genoot,word,word,1,1148
37,11779,25143,50,koste,word,nonword,0,NA
37,23933,24903,50,uitval,word,word,1,765
37,4095,24957,50,dichtbij,word,word,1,615
37,19637,25025,50,schreden,word,word,1,978
37,2939,25027,50,brulden,word,word,1,702
37,9649,25068,50,humaan,word,word,1,663
37,4963,24921,50,drukkers,word,word,1,835
37,20319,25042,50,sloeg,word,word,1,573
37,585,25003,50,aula's,word,word,1,703
37,14781,24911,50,moties,word,word,1,1010
37,12297,25179,50,kunstgreep,word,word,1,956
37,14635,25034,50,mol,word,word,1,510
37,20589,24994,50,snel,word,word,1,599
37,28173,24981,50,zwollen,word,nonword,0,NA
37,27713,25037,50,zoenen,word,word,1,542
37,10853,24956,50,kitsch,word,word,1,1385
37,12623,25052,50,landjes,word,word,1,514
37,1295,25186,50,bemind,word,word,1,866
37,15681,25094,50,ontleend,word,word,1,803
37,21501,25176,50,stanken,word,nonword,0,NA
37,12013,25054,50,kriek,word,word,1,649
37,11255,25048,50,knaagdier,word,word,1,609
37,27499,25045,50,zestig,word,word,1,674
37,13119,24991,50,liefden,word,nonword,0,NA
37,24875,25180,50,verwijst,word,word,1,588
37,23311,24944,50,toosten,word,nonword,0,NA
37,16361,25051,50,pauwtjes,word,word,1,696
37,26009,25183,50,waaide,word,word,1,632
37,27967,24987,50,zwaaien,word,word,1,576
37,3387,25164,50,clusters,word,word,1,695
37,5699,25154,50,facto,word,word,1,NA
37,15371,25188,50,nors,word,word,1,557
37,15651,25165,50,ontging,word,nonword,0,NA
37,7157,25123,50,geschenk,word,word,1,690
37,1979,25043,50,blije,word,word,1,636
37,25417,25142,50,voertje,word,nonword,0,NA
37,20217,25024,50,sleepboot,word,word,1,1046
39,23880,24911,50,oontje,nonword,nonword,1,508
39,1378,24776,50,belpt,nonword,nonword,1,586
39,12596,24830,50,lastdicht,nonword,nonword,1,933
39,3018,24875,50,beus,nonword,nonword,1,723
39,21702,24851,50,sner,nonword,nonword,1,550
39,6028,24709,50,knuit,nonword,nonword,1,604
39,18884,24870,50,munies,nonword,nonword,1,720
39,21912,24736,50,stuintjes,nonword,nonword,1,559
39,2234,24774,50,lieken,nonword,nonword,1,568
39,10196,24864,50,jompjes,nonword,nonword,1,499
39,3584,24768,50,shisses,nonword,nonword,1,528
39,21088,24777,50,krits,nonword,nonword,1,NA
39,18312,24748,50,rijnsbag,nonword,nonword,1,592
39,3516,24948,50,campkrakes,nonword,nonword,1,656
39,27518,24962,50,zaalde,nonword,nonword,1,628
39,23670,24746,50,driffels,nonword,nonword,1,562
39,3790,24951,50,monsen,nonword,nonword,1,602
39,14656,24899,50,mong,nonword,nonword,1,520
39,19030,24753,50,schoertjes,nonword,nonword,1,677
39,24824,24843,50,verteur,nonword,nonword,1,576
39,4718,24794,50,sloekje,nonword,nonword,1,630
39,26440,24850,50,benken,nonword,nonword,1,650
39,9298,24890,50,hoke,nonword,nonword,1,554
39,24588,24901,50,vernend,nonword,nonword,1,576
39,18078,24852,50,kijstas,nonword,nonword,1,534
39,27688,24907,50,lodro,nonword,nonword,1,484
39,7696,24921,50,glesbler,nonword,nonword,1,499
39,19552,24935,50,schaat,nonword,nonword,1,NA
39,25836,24896,50,vrijntin,nonword,nonword,1,534
39,16120,24937,50,penten,nonword,nonword,1,566
39,15868,24978,50,omtouw,nonword,nonword,1,597
39,7184,24818,50,geschroods,nonword,nonword,1,532
39,1450,24980,50,bukje,nonword,nonword,1,965
39,3968,24848,50,kenons,nonword,nonword,1,620
39,10624,24889,50,kalker,nonword,word,0,NA
39,20274,24702,50,slaafschijf,nonword,nonword,1,686
39,4300,24810,50,kuto,nonword,nonword,1,521
39,23640,24945,50,troomde,nonword,nonword,1,595
39,25092,24973,50,zig,nonword,nonword,1,777
39,17860,24866,50,wale,nonword,nonword,1,NA
39,26824,24988,50,dijmer,nonword,nonword,1,611
39,24790,24869,50,verdrok,nonword,word,0,NA
39,10358,24990,50,tazons,nonword,nonword,1,649
39,7776,24991,50,dwosus,nonword,nonword,1,501
39,10430,24992,50,kanset,nonword,nonword,1,551
39,21074,24751,50,brins,nonword,nonword,1,536
39,23940,24981,50,eenweg,nonword,nonword,1,739
39,19644,24995,50,schroeche,nonword,nonword,1,463
39,23318,24835,50,zapje,nonword,nonword,1,537
39,3912,24904,50,moornis,nonword,nonword,1,511
39,19002,24918,50,thonners,nonword,nonword,1,542
39,7722,24906,50,wrimp,nonword,nonword,1,514
39,15004,24840,50,naoure,nonword,nonword,1,544
39,24654,24961,50,vermikt,nonword,nonword,1,598
39,14556,24760,50,doti,nonword,nonword,1,831
39,21818,24842,50,stigt,nonword,nonword,1,545
39,7596,24964,50,noeten,nonword,word,0,NA
39,6708,24845,50,gegicht,nonword,nonword,1,570
39,20428,24886,50,fraak,nonword,nonword,1,572
39,26016,24874,50,moeier,nonword,nonword,1,730
39,5286,24766,50,aalder,nonword,nonword,1,750
39,26212,24969,50,warwool,nonword,nonword,1,572
39,3218,25010,50,cerrors,nonword,nonword,1,728
39,1364,24971,50,beruild,nonword,nonword,1,876
39,24798,24972,50,vertroogt,nonword,nonword,1,686
39,5302,25013,50,oortijfs,nonword,nonword,1,499
39,27798,25014,50,zood,nonword,nonword,1,NA
39,18068,24733,50,kijsde,nonword,nonword,1,636
39,1648,24976,50,bezijkt,nonword,nonword,1,627
39,24234,25017,50,sogen,nonword,nonword,1,540
39,25138,25018,50,tregen,nonword,nonword,1,491
39,6404,24898,50,gandrijn,nonword,nonword,1,519
39,11620,25020,50,konboei,nonword,nonword,1,572
39,17108,24900,50,parste,nonword,nonword,1,602
39,27788,24902,50,zons,nonword,nonword,1,511
39,27100,25023,50,clat,nonword,nonword,1,585
39,23758,24823,50,rudiek,nonword,word,0,NA
39,11708,24985,50,rapje,nonword,nonword,1,679
39,6962,24946,50,getil,nonword,word,0,NA
39,5190,25027,50,scersen,nonword,nonword,1,534
39,1344,25028,50,belood,nonword,nonword,1,615
39,18296,24787,50,woeders,nonword,nonword,1,618
39,27950,25030,50,tister,nonword,nonword,1,644
39,10096,24910,50,jons,nonword,nonword,1,522
39,25864,25032,50,snoeheid,nonword,nonword,1,609
39,12364,24912,50,kweentjes,nonword,nonword,1,525
39,15360,24954,50,neesjes,nonword,nonword,1,738
39,22624,24793,50,tace,nonword,nonword,1,601
39,11886,24996,50,brechtens,nonword,nonword,1,483
39,16412,24917,50,peignangs,nonword,nonword,1,525
39,10586,24877,50,dinden,nonword,nonword,1,599
39,24406,25039,50,veraakt,nonword,nonword,1,541
39,6422,24718,50,galent,nonword,nonword,1,837
39,19344,24920,50,schuirijk,nonword,nonword,1,530
39,19648,25042,50,schreemd,nonword,nonword,1,513
39,24992,24922,50,vaaltjes,nonword,nonword,1,677
39,18994,24883,50,wraga's,nonword,nonword,1,476
39,15110,24723,50,sukken,nonword,nonword,1,839
39,24308,24966,50,verriest,nonword,nonword,1,566
39,7230,25007,50,gepleerd,nonword,nonword,1,537
39,10542,25048,50,meuen,nonword,nonword,1,540
39,27882,24767,50,tichten,nonword,nonword,1,695
39,16116,24929,50,pukt,nonword,nonword,1,556
39,1900,25011,50,treertjes,nonword,nonword,1,512
39,23384,24891,50,bloctors,nonword,nonword,1,665
39,20204,24811,50,druchtheid,nonword,nonword,1,555
39,8600,24933,50,handlot,nonword,nonword,1,610
39,1720,24813,50,beproek,nonword,nonword,1,557
39,13618,25016,50,wuik,nonword,nonword,1,606
39,26126,24815,50,dagert,nonword,nonword,1,521
39,14146,25058,50,mebier,nonword,nonword,1,455
39,26700,24938,50,kuigen,nonword,nonword,1,596
39,19064,24939,50,schuits,nonword,nonword,1,675
39,22670,25061,50,pongen,nonword,nonword,1,492
39,12172,25022,50,kruismaag,nonword,nonword,1,920
39,3660,25063,50,daarmeer,nonword,nonword,1,722
39,8570,24903,50,handtijk,nonword,nonword,1,576
39,2732,25025,50,blongen,nonword,nonword,1,584
39,3758,25066,50,mompen,nonword,nonword,1,523
39,1512,25067,50,bedrekt,nonword,nonword,1,NA
39,17646,25068,50,pitsje,nonword,nonword,1,519
39,17816,25069,50,rark,nonword,nonword,1,568
39,25752,24828,50,mokje,nonword,nonword,1,765
39,15830,24708,50,eeltje,nonword,nonword,1,990
39,23906,25072,50,uitgoek,nonword,nonword,1,561
39,27234,25073,50,zad,nonword,nonword,1,561
39,14462,24953,50,munst,nonword,nonword,1,680
39,2926,25075,50,briefleen,nonword,nonword,1,495
39,13954,25036,50,korken,nonword,nonword,1,619
39,17474,24916,50,ploostte,nonword,nonword,1,475
39,3342,25038,50,divoel,nonword,nonword,1,458
39,21640,24837,50,stankers,nonword,nonword,1,634
39,26468,24879,50,werm,nonword,nonword,1,526
39,15466,25081,50,iezer,nonword,nonword,1,584
39,1032,25082,50,benocht,nonword,nonword,1,487
39,8908,25083,50,lelven,nonword,nonword,1,522
39,6230,25084,50,kwiet,nonword,word,0,NA
39,9856,24884,50,enging,nonword,nonword,1,590
39,664,24764,50,beikjes,nonword,nonword,1,560
39,23708,24926,50,techt,nonword,nonword,1,590
39,27340,24967,50,tijfje,nonword,nonword,1,597
39,22224,25089,50,strofsel,nonword,nonword,1,517
39,18096,24726,50,reknoet,nonword,nonword,1,688
39,21562,24970,50,statongs,nonword,nonword,1,524
39,9904,24931,50,inteens,nonword,nonword,1,828
39,27428,25093,50,zaamschip,nonword,nonword,1,582
39,16556,25094,50,miek,nonword,nonword,1,580
39,5358,24731,50,iend,nonword,nonword,1,NA
39,11422,25056,50,vroffels,nonword,nonword,1,504
39,17974,25097,50,hoden,nonword,nonword,1,696
39,42,24856,50,aankeen,nonword,nonword,1,508
39,812,25099,50,hankjes,nonword,nonword,1,597
39,27934,25100,50,zummen,nonword,nonword,1,483
39,19200,25101,50,schoudt,nonword,nonword,1,490
39,10076,25102,50,cagging,nonword,nonword,1,540
39,3144,24740,50,canks,nonword,nonword,1,NA
39,7694,25104,50,kweed,nonword,nonword,1,626
39,696,24944,50,badwiep,nonword,nonword,1,581
39,24642,25106,50,vergies,nonword,nonword,1,463
39,7684,24743,50,fralwerk,nonword,nonword,1,NA
39,8606,24987,50,damen,nonword,nonword,1,NA
39,20558,24745,50,smaven,nonword,nonword,1,546
39,26444,25110,50,hokkers,nonword,nonword,1,575
39,12116,24747,50,kreep,nonword,nonword,1,561
39,27800,25112,50,taagdier,nonword,nonword,1,637
39,9326,25113,50,horp,nonword,nonword,1,586
39,13310,24993,50,lipstails,nonword,nonword,1,631
39,24786,25115,50,vertaand,nonword,nonword,1,570
39,3098,25116,50,hittons,nonword,nonword,1,521
39,10480,24713,50,dotje,nonword,word,0,NA
39,7700,24876,50,gleug,nonword,nonword,1,650
39,23624,25119,50,drusjes,nonword,nonword,1,554
39,26376,24959,50,doorwoord,nonword,nonword,1,734
39,10680,25000,50,mitters,nonword,nonword,1,581
39,1060,24759,50,bootsjes,nonword,nonword,1,NA
39,22312,25123,50,stregen,nonword,nonword,1,585
39,550,25124,50,askad,nonword,nonword,1,488
39,7610,25085,50,gecten,nonword,nonword,1,491
39,25876,24844,50,snaadvrouw,nonword,nonword,1,703
39,7464,25087,50,gemicht,nonword,nonword,1,563
39,3416,25128,50,kofon,nonword,nonword,1,503
39,11068,25129,50,kleurgoek,nonword,nonword,1,569
39,6318,25130,50,sybisch,nonword,nonword,1,680
39,15384,25131,50,setie,nonword,nonword,1,563
39,19898,24728,50,serbeent,nonword,nonword,1,585
39,14998,25012,50,narijn,nonword,nonword,1,513
39,2684,24770,50,grano,nonword,nonword,1,NA
39,18370,25135,50,rimdee,nonword,nonword,1,540
39,3052,25096,50,himper,nonword,nonword,1,486
39,19244,25137,50,schadje,nonword,nonword,1,583
39,15504,25138,50,ock,nonword,nonword,1,662
39,9946,24775,50,jockent,nonword,nonword,1,488
39,24692,25140,50,venzies,nonword,nonword,1,529
39,11850,25141,50,klaal,nonword,nonword,1,609
39,13708,24778,50,malm,nonword,nonword,1,711
39,6486,25143,50,geheerd,nonword,nonword,1,494
39,466,25144,50,eljers,nonword,nonword,1,480
39,6066,25105,50,farder,nonword,nonword,1,543
39,17420,25146,50,priveer,nonword,nonword,1,526
39,23452,24905,50,blooma's,nonword,nonword,1,479
39,23358,25148,50,tooitje,nonword,word,0,NA
39,21184,25149,50,klokter,nonword,nonword,1,620
39,14800,24908,50,meit,nonword,nonword,1,519
39,18056,25151,50,wookten,nonword,nonword,1,534
39,6372,25152,50,galgrijs,nonword,word,0,NA
39,5348,25153,50,eit,nonword,nonword,1,519
39,11690,24790,50,koostmig,nonword,nonword,1,489
39,24240,24913,50,vem,nonword,nonword,1,493
39,14930,25035,50,neeld,nonword,nonword,1,521
39,9114,25117,50,hoerzan,nonword,nonword,1,522
39,452,25158,50,ergels,nonword,nonword,1,608
39,13216,25159,50,huikjes,nonword,nonword,1,557
39,14052,25160,50,maybells,nonword,nonword,1,509
39,7522,25161,50,gevard,nonword,nonword,1,557
39,1660,25041,50,beneel,nonword,nonword,1,462
39,19398,25163,50,scherder,nonword,nonword,1,735
39,8958,25164,50,bonnep,nonword,nonword,1,488
39,5746,25125,50,fet,nonword,nonword,1,762
39,18420,25005,50,tobeen,nonword,nonword,1,579
39,2714,24885,50,broon,nonword,nonword,1,557
39,10156,25047,50,fooster,nonword,nonword,1,558
39,23698,24805,50,tisa,nonword,nonword,1,531
39,6550,24928,50,gedoord,nonword,nonword,1,506
39,13468,25050,50,luin,nonword,nonword,1,843
39,10656,25132,50,rechtboom,nonword,nonword,1,594
39,20280,24809,50,spikt,nonword,nonword,1,621
39,5252,25174,50,oolder,nonword,nonword,1,574
39,17788,25175,50,ralls,nonword,nonword,1,716
39,22282,24812,50,stretje,nonword,nonword,1,507
39,22098,25177,50,stoki,nonword,nonword,1,480
39,11922,24814,50,bronsen,nonword,word,0,NA
39,11320,25179,50,prieuin,nonword,nonword,1,515
39,12482,25180,50,loomde,nonword,nonword,1,453
39,10684,25181,50,kau,nonword,nonword,1,489
39,18216,25182,50,rekst,nonword,nonword,1,523
39,18258,24820,50,piem,nonword,nonword,1,610
39,4130,25184,50,kiepaar,nonword,nonword,1,540
39,26484,24781,50,welm,nonword,nonword,1,601
39,21138,25065,50,dreken,nonword,nonword,1,506
39,11346,25187,50,plokkend,nonword,nonword,1,507
39,16754,24824,50,plaferns,nonword,nonword,1,754
39,16822,24825,50,snastits,nonword,nonword,1,522
39,6678,25190,50,gepaat,nonword,nonword,1,512
39,8594,25191,50,handstreen,nonword,nonword,1,592
39,19540,25192,50,schaakmaak,nonword,nonword,1,622
39,23536,24829,50,brolden,nonword,nonword,1,532
39,10932,25194,50,gropte,nonword,nonword,1,497
39,7946,25195,50,sluchten,nonword,nonword,1,499
39,15074,24832,50,noogjes,nonword,nonword,1,522
39,23638,25157,50,blouwlag,nonword,nonword,1,577
39,27000,25198,50,rinder,nonword,nonword,1,587
39,23560,25199,50,broef,nonword,nonword,1,474
39,10710,25200,50,reize,nonword,nonword,1,685
39,26151,24701,50,walken,word,nonword,0,NA
39,12843,25186,50,leeszaal,word,word,1,556
39,1759,24703,50,biertjes,word,word,1,616
39,26445,24704,50,wekt,word,word,1,646
39,15049,24705,50,navels,word,word,1,530
39,9817,24706,50,indisch,word,word,1,610
39,19073,24707,50,schaden,word,word,1,592
39,3141,25193,50,cakejes,word,word,1,NA
39,22573,24749,50,taaie,word,word,1,590
39,20857,24710,50,sparren,word,word,1,537
39,24357,24711,50,verder,word,word,1,442
39,22687,24712,50,tante,word,word,1,526
39,6739,25077,50,gehuwd,word,word,1,531
39,6671,24714,50,gefluit,word,word,1,587
39,4893,24715,50,drommels,word,word,1,682
39,2845,24716,50,brok,word,word,1,517
39,8843,24717,50,heiland,word,word,1,549
39,3923,24839,50,deining,word,word,1,628
39,673,24719,50,babel,word,word,1,NA
39,16203,24720,50,papje,word,word,1,979
39,4879,24721,50,drom,word,word,1,NA
39,4173,24722,50,dieper,word,word,1,518
39,25209,24965,50,vlezes,word,word,1,917
39,7673,24724,50,glansen,word,word,1,620
39,973,24725,50,beden,word,nonword,0,NA
39,5227,25090,50,eclips,word,word,1,646
39,7217,24727,50,gesmeekt,word,word,1,586
39,5245,25092,50,een,word,word,1,716
39,26189,24729,50,wandkast,word,word,1,648
39,11327,24730,50,knietje,word,word,1,659
39,3657,25095,50,daarbij,word,word,1,451
39,22035,24732,50,stootje,word,word,1,557
39,7439,24854,50,gevoeld,word,word,1,520
39,18889,24734,50,sabbat,word,word,1,696
39,16153,24735,50,panda,word,word,1,626
39,475,24857,50,anti,word,word,1,638
39,22887,24737,50,tepels,word,word,1,797
39,19645,24738,50,schreetjes,word,nonword,0,NA
39,26241,24739,50,wasbeer,word,word,1,544
39,22565,24861,50,synchroon,word,word,1,826
39,12653,24741,50,langst,word,word,1,571
39,309,24742,50,ai,word,nonword,0,NA
39,22295,25107,50,strips,word,word,1,561
39,18437,24744,50,rode,word,word,1,512
39,25273,25109,50,vloeit,word,word,1,510
39,4245,24867,50,dikte,word,word,1,527
39,2097,25111,50,blokjes,word,word,1,541
39,21911,24788,50,stoeltjes,word,word,1,583
39,25055,24789,50,vinder,word,word,1,470
39,1221,24750,50,beklag,word,word,1,620
39,6321,24872,50,gaaf,word,word,1,505
39,17023,24752,50,poepen,word,word,1,665
39,25069,24914,50,vingers,word,word,1,447
39,14237,24754,50,merk,word,word,1,511
39,3223,24755,50,cent,word,word,1,575
39,24443,24756,50,verging,word,word,1,558
39,20953,24757,50,speetjes,word,nonword,0,NA
39,6471,24758,50,gazet,word,word,1,522
39,4235,24880,50,dikker,word,word,1,656
39,9579,24881,50,huilbui,word,word,1,540
39,4131,24761,50,dienaars,word,word,1,516
39,19889,24762,50,sensors,word,word,1,580
39,7907,24763,50,goudgeel,word,word,1,627
39,9769,25006,50,ik,word,word,1,402
39,10521,24765,50,keerde,word,word,1,543
39,1549,24887,50,beten,word,word,1,682
39,5605,24888,50,estheet,word,word,1,965
39,10485,24808,50,katten,word,word,1,441
39,25235,24769,50,vliesjes,word,word,1,576
39,15671,25134,50,onthutst,word,word,1,539
39,6047,24771,50,foefen,word,nonword,0,NA
39,14173,24772,50,meloen,word,word,1,497
39,11537,24773,50,koken,word,word,1,803
39,18425,24895,50,robuust,word,word,1,567
39,16501,25139,50,pers,word,word,1,545
39,25869,24897,50,vrijsters,word,word,1,535
39,27459,25019,50,zelve,word,word,1,589
39,20251,25142,50,slib,word,word,1,543
39,14823,24779,50,mugjes,word,word,1,624
39,24983,24780,50,viermaal,word,word,1,636
39,12529,25145,50,lachten,word,word,1,675
39,19745,24782,50,schuil,word,word,1,519
39,12015,24783,50,krieken,word,word,1,552
39,27977,24784,50,zwaantjes,word,word,1,584
39,20753,24785,50,solo,word,word,1,679
39,4269,24786,50,dinges,word,word,1,NA
39,5125,25029,50,duurde,word,word,1,548
39,19255,24949,50,schepping,word,word,1,603
39,5,24950,50,aak,word,nonword,0,NA
39,22255,25154,50,strijde,word,word,1,NA
39,11791,24791,50,kostte,word,word,1,588
39,5093,24792,50,duo's,word,word,1,586
39,3579,24833,50,cross,word,word,1,668
39,24665,24915,50,verschijnt,word,word,1,NA
39,15039,24795,50,nauw,word,word,1,563
39,13475,24796,50,loop,word,word,1,450
39,4923,24797,50,droomde,word,nonword,0,NA
39,25751,24798,50,vosje,word,word,1,451
39,1985,24799,50,blijheid,word,word,1,551
39,7109,24800,50,geremd,word,word,1,487
39,3321,24801,50,circuits,word,word,1,671
39,1147,24802,50,beheer,word,word,1,441
39,935,24803,50,baths,word,nonword,0,NA
39,12161,24804,50,kruipen,word,word,1,463
39,5453,25169,50,ene,word,word,1,576
39,1375,24806,50,bergplaats,word,word,1,498
39,14357,24807,50,mij,word,word,1,453
39,26729,25009,50,wiggen,word,word,1,519
39,23393,25173,50,tragiek,word,word,1,675
39,22609,25052,50,tactisch,word,word,1,603
39,22931,24932,50,teug,word,word,1,512
39,3567,25176,50,crèmes,word,word,1,677
39,10577,24934,50,kempen,word,word,1,799
39,3777,25178,50,dankbaar,word,word,1,515
39,20355,24936,50,sloop,word,word,1,483
39,3701,24816,50,daden,word,word,1,682
39,2959,24817,50,bucket,word,nonword,0,NA
39,23435,25060,50,trap,word,word,1,490
39,3117,24819,50,bytes,word,word,1,613
39,8999,24941,50,herlas,word,nonword,0,NA
39,21431,24821,50,stak,word,word,1,527
39,21765,24822,50,steuntjes,word,word,1,NA
39,16159,24863,50,pandje,word,word,1,498
39,18493,25188,50,roest,word,word,1,556
39,707,25189,50,bah,word,nonword,0,NA
39,6065,24826,50,folder,word,word,1,555
39,18179,24827,50,reuk,word,word,1,492
39,4961,24868,50,drukker,word,word,1,528
39,4095,24909,50,dichtbij,word,word,1,470
39,27203,25031,50,zaakje,word,word,1,512
39,8179,24831,50,groen,word,word,1,821
39,13137,25196,50,liegen,word,word,1,437
39,1427,24873,50,beschikt,word,word,1,587
39,6857,24834,50,gekruist,word,word,1,487
39,1811,24956,50,bijster,word,word,1,573
39,9107,24836,50,hierop,word,word,1,554
39,21997,24958,50,stonden,word,word,1,508
39,23579,24838,50,trok,word,word,1,606
39,12793,24960,50,leen,word,word,1,533
39,8957,25001,50,hennep,word,word,1,711
39,22103,24841,50,stout,word,word,1,545
39,11389,24963,50,knoop,word,word,1,497
39,27123,25004,50,wrijf,word,word,1,481
39,16673,25086,50,pinnen,word,word,1,797
39,3937,25127,50,dekkend,word,word,1,618
39,27753,24846,50,zon,word,word,1,455
39,23411,24847,50,traject,word,word,1,540
39,2481,25049,50,borstzak,word,word,1,588
39,1435,24849,50,beschreef,word,word,1,521
39,25019,24930,50,vijl,word,word,1,524
39,16679,25133,50,pint,word,word,1,672
39,27737,24892,50,zolen,word,word,1,517
39,15251,24853,50,nijdig,word,word,1,503
39,11949,24975,50,kraters,word,word,1,646
39,7843,24855,50,golfslag,word,word,1,473
39,18663,24977,50,rossen,word,word,1,783
39,24823,25098,50,vervoer,word,word,1,467
39,427,24858,50,alweer,word,word,1,490
39,17411,24859,50,prille,word,word,1,492
39,23279,24860,50,toompjes,word,nonword,0,NA
39,1657,24982,50,beweegt,word,word,1,NA
39,517,24862,50,armband,word,word,1,495
39,22257,25024,50,strijden,word,nonword,0,NA
39,22861,24984,50,tendens,word,word,1,1017
39,1507,24865,50,bestek,word,word,1,469
39,6111,25108,50,forten,word,word,1,609
39,20877,24947,50,specht,word,word,1,594
39,24629,25150,50,verpleegd,word,word,1,616
39,8571,25070,50,handdruk,word,word,1,534
39,24755,25071,50,verstrooid,word,word,1,695
39,10455,24871,50,kassier,word,word,1,554
39,22651,25114,50,tand,word,word,1,520
39,13843,25034,50,mak,word,word,1,620
39,8275,25156,50,grootma,word,word,1,596
39,17591,24955,50,puien,word,word,1,875
39,8995,24997,50,herkent,word,word,1,518
39,22701,24998,50,tapirs,word,word,1,614
39,15997,24878,50,ouden,word,word,1,725
39,27615,25121,50,zilte,word,word,1,534
39,21973,25162,50,stols,word,nonword,0,NA
39,25125,25002,50,vlaag,word,word,1,480
39,18323,24882,50,rijmpje,word,word,1,524
39,13665,24923,50,lusje,word,word,1,608
39,10771,25126,50,kijf,word,word,1,737
39,24965,24925,50,vice,word,word,1,559
39,15639,25168,50,ontdeed,word,word,1,661
39,23795,25008,50,tuurden,word,word,1,600
39,6609,24968,50,geduid,word,nonword,0,NA
39,27877,25171,50,zozo,word,word,1,639
39,3635,25091,50,daagde,word,word,1,674
39,2699,25051,50,breeduit,word,word,1,607
39,4883,25053,50,dromen,word,word,1,554
39,20411,24893,50,slungels,word,word,1,678
39,16793,24894,50,planten,word,word,1,784
39,8153,25015,50,grind,word,word,1,558
39,13733,25057,50,maakten,word,word,1,618
39,16309,25003,50,pastel,word,word,1,596
39,18605,25059,50,ronkend,word,word,1,555
39,5483,24979,50,epen,word,nonword,0,NA
39,16537,25021,50,peuken,word,word,1,603
39,20249,25062,50,sleutels,word,word,1,431
39,21003,24942,50,speten,word,nonword,0,NA
39,25263,24943,50,vloeide,word,word,1,515
39,25351,25064,50,vod,word,word,1,604
39,25335,25026,50,vluchtten,word,word,1,550
39,3211,24986,50,cello's,word,word,1,674
39,4901,25040,50,dronk,word,word,1,493
39,26623,25122,50,werpt,word,word,1,486
39,20581,24989,50,sneeuwde,word,word,1,737
39,521,25136,50,armee,word,nonword,0,NA
39,10163,24924,50,juli,word,word,1,492
39,3049,25033,50,bulten,word,word,1,590
39,1431,25074,50,beschouwd,word,word,1,560
39,25921,24994,50,vruchtbaar,word,word,1,NA
39,12953,25155,50,lente,word,word,1,481
39,15229,25037,50,nieuwe,word,word,1,503
39,13337,24957,50,lobby's,word,word,1,540
39,24451,25079,50,vergrijp,word,word,1,624
39,28173,24919,50,zwollen,word,word,1,814
39,10453,25054,50,kassen,word,word,1,586
39,971,25055,50,bedekt,word,word,1,552
39,21229,25043,50,spreekwoord,word,word,1,563
39,25315,24927,50,vlotje,word,word,1,604
39,19065,25088,50,schaatsen,word,word,1,465
39,9927,25045,50,jaars,word,nonword,0,NA
39,26245,25046,50,wasdraad,word,word,1,625
39,5601,25118,50,ester,word,word,1,954
39,3603,25172,50,culten,word,word,1,730
39,6697,25170,50,gehaald,word,word,1,559
39,14111,24983,50,meetlat,word,word,1,621
39,22281,24974,50,strikje,word,word,1,767
39,6925,24940,50,geliefd,word,word,1,589
39,25837,25147,50,vriendje,word,word,1,574
39,5959,25120,50,flat,word,word,1,NA
39,5843,24952,50,fietsers,word,word,1,553
39,7279,25165,50,gestold,word,word,1,537
39,1467,25185,50,besmet,word,word,1,540
39,18797,25044,50,ruiten,word,word,1,801
39,6869,25076,50,gekwetst,word,word,1,497
39,18619,25183,50,roofmoord,word,word,1,523
39,19189,25166,50,scheidde,word,word,1,650
39,14883,25103,50,mutsje,word,word,1,796
39,22555,24999,50,switch,word,word,1,932
39,21385,25080,50,staats,word,nonword,0,NA
39,20345,25167,50,slokje,word,word,1,550
39,22073,25078,50,stormden,word,word,1,611
39,27959,25197,50,zuurstof,word,word,1,490
4,23716,24744,50,tuip,nonword,nonword,1,687
4,11576,24931,50,wemen,nonword,nonword,1,564
4,2168,24862,50,beals,nonword,nonword,1,568
4,15432,24702,50,achterds,nonword,nonword,1,797
4,6246,24703,50,gliskrank,nonword,nonword,1,563
4,6910,24728,50,gelomd,nonword,nonword,1,670
4,15536,24704,50,omheem,nonword,nonword,1,546
4,4044,24794,50,weigen,nonword,nonword,1,714
4,21942,24846,50,stot,nonword,nonword,1,760
4,2390,24769,50,beem,nonword,nonword,1,661
4,20086,24742,50,cheret,nonword,nonword,1,647
4,12046,24892,50,slukken,nonword,word,0,NA
4,17728,24889,50,waap,nonword,word,0,NA
4,16302,24824,50,palt,nonword,nonword,1,688
4,14386,24971,50,pijt,nonword,nonword,1,647
4,12794,24750,50,deen,nonword,word,0,NA
4,6830,24951,50,geknart,nonword,nonword,1,490
4,12264,24890,50,miese,nonword,nonword,1,465
4,26424,24792,50,reuger,nonword,nonword,1,553
4,6402,24887,50,gastvad,nonword,nonword,1,466
4,16934,24768,50,blinsen,nonword,nonword,1,616
4,25442,24965,50,voetstaard,nonword,nonword,1,566
4,12134,24863,50,kliedig,nonword,nonword,1,439
4,7538,24743,50,genoer,nonword,nonword,1,644
4,8182,24985,50,groesgrauw,nonword,nonword,1,450
4,19006,24942,50,thedsis,nonword,nonword,1,445
4,11588,24882,50,damma's,nonword,nonword,1,479
4,17424,24801,50,plins,nonword,nonword,1,NA
4,16454,24802,50,ponzen,nonword,nonword,1,557
4,2426,24924,50,haatje,nonword,word,0,NA
4,3018,24991,50,beus,nonword,nonword,1,528
4,6554,24805,50,gevucht,nonword,nonword,1,683
4,9882,24980,50,istief,nonword,nonword,1,550
4,15680,24860,50,ontslom,nonword,nonword,1,684
4,15244,24874,50,noorntjes,nonword,nonword,1,504
4,13602,24714,50,deider,nonword,nonword,1,529
4,9888,24997,50,inkra,nonword,nonword,1,501
4,21432,24877,50,stas,nonword,nonword,1,NA
4,21796,24865,50,stucks,nonword,nonword,1,540
4,54,24800,50,eerleg,nonword,nonword,1,702
4,22678,24747,50,terken,nonword,nonword,1,668
4,11370,24881,50,vrapte,nonword,nonword,1,426
4,19530,24708,50,scheuntjes,nonword,nonword,1,586
4,27478,24843,50,tene,nonword,nonword,1,483
4,21390,24992,50,staatsbloep,nonword,nonword,1,464
4,24386,24872,50,vertroog,nonword,word,0,NA
4,4988,24753,50,treppels,nonword,nonword,1,655
4,1270,25008,50,rolle,nonword,word,0,NA
4,26546,24848,50,kelden,nonword,nonword,1,614
4,16468,24849,50,pollioen,nonword,nonword,1,371
4,14708,25011,50,woor,nonword,nonword,1,NA
4,19178,24770,50,scheed,nonword,nonword,1,640
4,1550,24731,50,hoten,nonword,nonword,1,538
4,5852,24840,50,foensten,nonword,nonword,1,492
4,19792,25015,50,schemken,nonword,nonword,1,460
4,9460,25003,50,daarde,nonword,word,0,NA
4,22444,24735,50,sturt,nonword,nonword,1,685
4,18142,24884,50,mopen,nonword,nonword,1,563
4,26376,24724,50,doorwoord,nonword,nonword,1,775
4,19794,24967,50,schilsje,nonword,nonword,1,536
4,20762,25021,50,sarber,nonword,nonword,1,415
4,27946,24861,50,tesjes,nonword,nonword,1,519
4,17534,24983,50,plolo,nonword,nonword,1,475
4,12946,24944,50,herptes,nonword,nonword,1,570
4,2092,25025,50,prok,nonword,nonword,1,511
4,2658,24905,50,blonding,nonword,nonword,1,NA
4,25096,24934,50,musie,nonword,nonword,1,468
4,12168,24988,50,kries,nonword,nonword,1,599
4,3516,24868,50,campkrakes,nonword,nonword,1,887
4,23540,24990,50,brolling,nonword,nonword,1,610
4,542,24910,50,arnient,nonword,nonword,1,507
4,12690,25032,50,disser,nonword,nonword,1,414
4,21560,25020,50,chaloons,nonword,nonword,1,460
4,23064,24913,50,tesje,nonword,nonword,1,640
4,23106,24914,50,zonten,nonword,nonword,1,524
4,17874,24996,50,sag,nonword,nonword,1,515
4,4190,25037,50,diengries,nonword,nonword,1,477
4,12274,24917,50,wieten,nonword,nonword,1,529
4,5036,24879,50,kiekers,nonword,nonword,1,504
4,20218,24866,50,sleepmaat,nonword,nonword,1,668
4,27518,24880,50,zaalde,nonword,nonword,1,538
4,22204,25042,50,stroofje,nonword,word,0,NA
4,4152,25043,50,roenstig,nonword,nonword,1,481
4,13070,24762,50,lichtdroon,nonword,nonword,1,652
4,7796,25045,50,golfzienst,nonword,nonword,1,501
4,14722,24912,50,wappen,nonword,nonword,1,527
4,24102,24926,50,talt,nonword,word,0,NA
4,21246,25048,50,streeden,nonword,nonword,1,488
4,4412,24807,50,dargraag,nonword,nonword,1,488
4,8812,25010,50,hebbing,nonword,word,0,NA
4,2414,24809,50,heerde,nonword,nonword,1,461
4,26066,25052,50,waarat,nonword,nonword,1,619
4,23026,25013,50,toed,nonword,nonword,1,445
4,20518,24933,50,gloving,nonword,nonword,1,581
4,880,25055,50,bors,nonword,nonword,1,543
4,10274,25056,50,koft,nonword,nonword,1,510
4,26902,24896,50,mipdrank,nonword,nonword,1,504
4,15904,24857,50,omae,nonword,nonword,1,423
4,5604,25046,50,itters,nonword,nonword,1,632
4,19060,24818,50,schientje,nonword,nonword,1,531
4,14196,24940,50,monksel,nonword,nonword,1,491
4,24928,24901,50,rasten,nonword,nonword,1,928
4,12784,25063,50,liek,nonword,nonword,1,611
4,936,24984,50,baims,nonword,nonword,1,430
4,17720,25065,50,reem,nonword,nonword,1,533
4,8842,25066,50,hijl,nonword,nonword,1,582
4,25802,25067,50,snuidzaam,nonword,nonword,1,564
4,23176,24826,50,tieltje,nonword,nonword,1,491
4,19810,25029,50,schaantje,nonword,nonword,1,880
4,22738,25030,50,tampvin,nonword,nonword,1,738
4,27234,24950,50,zad,nonword,nonword,1,638
4,6752,25072,50,neuser,nonword,nonword,1,544
4,3036,24709,50,huizert,nonword,nonword,1,504
4,20198,24832,50,klecht,nonword,nonword,1,644
4,17078,24954,50,peven,nonword,nonword,1,527
4,27382,25036,50,zeewalk,nonword,nonword,1,458
4,13260,24956,50,lura,nonword,nonword,1,617
4,422,25078,50,arrijd,nonword,nonword,1,511
4,9434,24878,50,hoodbern,nonword,nonword,1,552
4,3964,24718,50,derga's,nonword,nonword,1,487
4,22866,24717,50,teduur,nonword,nonword,1,867
4,16176,25082,50,vinter,nonword,nonword,1,582
4,7272,24962,50,gestankt,nonword,word,0,NA
4,3880,25044,50,keed,nonword,nonword,1,483
4,4780,25085,50,sleuging,nonword,nonword,1,507
4,19308,24722,50,schipsjes,nonword,word,0,NA
4,16172,24845,50,tennen,nonword,nonword,1,552
4,19596,25088,50,scheit,nonword,nonword,1,750
4,27802,24725,50,poosen,nonword,nonword,1,830
4,19550,24726,50,scheerstijn,nonword,nonword,1,611
4,21768,25091,50,stour,nonword,nonword,1,575
4,19038,25092,50,schaald,nonword,nonword,1,542
4,5342,24972,50,euhel,nonword,nonword,1,483
4,26714,24973,50,meiltje,nonword,nonword,1,485
4,12464,25095,50,loopbak,nonword,word,0,NA
4,22398,24732,50,crudant,nonword,nonword,1,555
4,24154,24976,50,zast,nonword,nonword,1,464
4,10350,24977,50,ronnen,nonword,nonword,1,578
4,9870,24778,50,incuft,nonword,nonword,1,522
4,20154,24736,50,traler,nonword,nonword,1,696
4,26656,25101,50,wetmaak,nonword,nonword,1,666
4,3992,24981,50,dinkbrant,nonword,nonword,1,533
4,10456,25103,50,tessier,nonword,nonword,1,553
4,7920,24740,50,greefjes,nonword,nonword,1,864
4,1534,25105,50,bestreefd,nonword,word,0,NA
4,9358,25106,50,heving,nonword,nonword,1,NA
4,7474,25107,50,genaard,nonword,nonword,1,506
4,19534,25108,50,schaakbroer,nonword,word,0,NA
4,4914,24745,50,troodjes,nonword,nonword,1,634
4,18518,24746,50,wagjes,nonword,nonword,1,806
4,3168,25111,50,cangs,nonword,nonword,1,521
4,16366,25112,50,poonen,nonword,nonword,1,489
4,2918,24749,50,trieden,nonword,nonword,1,828
4,8600,25114,50,handlot,nonword,nonword,1,697
4,9068,24752,50,hijf,nonword,nonword,1,626
4,26612,25116,50,werknook,nonword,nonword,1,559
4,26872,25117,50,wonds,nonword,nonword,1,735
4,16644,25118,50,tekten,nonword,nonword,1,472
4,21780,25119,50,stomig,nonword,nonword,1,474
4,2206,25000,50,loe,nonword,nonword,1,504
4,6956,24757,50,geteed,nonword,nonword,1,846
4,15040,25122,50,noei,nonword,nonword,1,511
4,20722,25002,50,soedt,nonword,nonword,1,616
4,2236,25124,50,bijbet,nonword,nonword,1,927
4,13410,24883,50,horte,nonword,nonword,1,530
4,19496,25126,50,schekken,nonword,nonword,1,511
4,5166,24885,50,wraring,nonword,nonword,1,465
4,11568,24886,50,comaat,nonword,nonword,1,597
4,20530,24765,50,flursie,nonword,nonword,1,628
4,22136,24766,50,streekweg,nonword,word,0,NA
4,15442,24767,50,etes,nonword,nonword,1,652
4,8272,25132,50,klaatje,nonword,nonword,1,549
4,12194,25133,50,kraat,nonword,nonword,1,565
4,7192,25134,50,geschif,nonword,word,0,NA
4,6232,25014,50,knuiten,nonword,nonword,1,672
4,27654,24772,50,zitvaak,nonword,nonword,1,729
4,18930,24895,50,taluun,nonword,nonword,1,435
4,24772,25138,50,verweft,nonword,nonword,1,655
4,14200,25099,50,vezig,nonword,nonword,1,490
4,19108,25140,50,schup,nonword,nonword,1,430
4,24198,25141,50,vaakeer,nonword,nonword,1,419
4,1388,25142,50,helken,nonword,nonword,1,455
4,5654,25022,50,omers,nonword,nonword,1,420
4,2106,25144,50,blof,nonword,word,0,NA
4,24164,24781,50,sat,nonword,nonword,1,635
4,25804,25146,50,freemd,nonword,nonword,1,450
4,4898,24783,50,dreng,nonword,nonword,1,613
4,1746,24784,50,huider,nonword,word,0,NA
4,16404,25028,50,paasooms,nonword,nonword,1,478
4,8658,25150,50,largste,nonword,nonword,1,761
4,24980,24787,50,vuiling,nonword,word,0,NA
4,21298,25031,50,spreisje,nonword,nonword,1,475
4,23948,25153,50,irie,nonword,nonword,1,468
4,12332,24790,50,wossens,nonword,nonword,1,517
4,26632,25155,50,wenzing,nonword,nonword,1,483
4,128,25156,50,eeldig,nonword,nonword,1,470
4,25948,24793,50,moosten,nonword,nonword,1,537
4,2832,25158,50,broetmok,nonword,nonword,1,457
4,24800,25038,50,vertreemt,nonword,nonword,1,415
4,8684,24756,50,harfoon,nonword,nonword,1,809
4,21574,25161,50,staads,nonword,nonword,1,434
4,17414,25041,50,bluma,nonword,nonword,1,492
4,9566,24799,50,hicters,nonword,nonword,1,508
4,25782,25164,50,vrachtsprop,nonword,nonword,1,455
4,27126,25165,50,glijft,nonword,nonword,1,586
4,18158,25166,50,dest,nonword,nonword,1,729
4,7068,24803,50,gebrend,nonword,nonword,1,636
4,19426,25047,50,schempig,nonword,nonword,1,452
4,10918,25169,50,spap,nonword,word,0,NA
4,18306,25170,50,doeke,nonword,nonword,1,402
4,3326,25171,50,cemkel,nonword,nonword,1,424
4,23544,24930,50,bruo,nonword,word,0,NA
4,12454,25173,50,smint,nonword,nonword,1,462
4,8240,25053,50,klinde,nonword,nonword,1,520
4,14048,24811,50,marg,nonword,nonword,1,435
4,24606,24812,50,vervaadt,nonword,nonword,1,NA
4,20730,25177,50,sordwake,nonword,nonword,1,498
4,13536,24814,50,kod,nonword,nonword,1,448
4,12896,25139,50,leugster,nonword,nonword,1,475
4,704,25059,50,pag,nonword,nonword,1,576
4,17014,25181,50,peuntjes,nonword,nonword,1,890
4,11722,25182,50,corat,nonword,nonword,1,NA
4,24702,24941,50,verklend,nonword,nonword,1,525
4,15032,24820,50,sarie,nonword,nonword,1,645
4,16084,25064,50,ped,nonword,nonword,1,799
4,10634,25186,50,kankjes,nonword,nonword,1,646
4,17556,25187,50,vliesen,nonword,nonword,1,NA
4,26778,25188,50,roelen,nonword,word,0,NA
4,814,25068,50,barts,nonword,nonword,1,771
4,26096,25190,50,wous,nonword,nonword,1,452
4,15920,24706,50,olgraan,nonword,nonword,1,436
4,20554,24828,50,snark,nonword,nonword,1,493
4,23272,24829,50,tonk,nonword,nonword,1,447
4,11190,25194,50,kroetje,nonword,nonword,1,420
4,1112,24710,50,bepoen,nonword,nonword,1,474
4,19942,25196,50,selmant,nonword,nonword,1,414
4,21568,24713,50,bloven,nonword,nonword,1,545
4,20402,25077,50,brieting,nonword,nonword,1,577
4,26180,24835,50,wans,nonword,nonword,1,564
4,540,24797,50,arnast,nonword,nonword,1,493
4,10029,24701,50,jersey,word,word,1,NA
4,19273,24823,50,scherm,word,word,1,445
4,8445,24945,50,haartjes,word,word,1,442
4,5261,24825,50,eenhoorn,word,word,1,538
4,10817,24705,50,kind,word,word,1,481
4,24007,25070,50,vaarten,word,word,1,616
4,13155,24707,50,liet,word,word,1,537
4,9,25193,50,aalbes,word,word,1,468
4,26881,25073,50,winnaar,word,word,1,545
4,23045,25074,50,tijdschrift,word,word,1,592
4,15843,24711,50,oosten,word,word,1,477
4,19345,24712,50,schiep,word,word,1,496
4,22093,24834,50,stortten,word,word,1,565
4,15161,25199,50,neuken,word,word,1,481
4,26041,24715,50,waaraan,word,word,1,530
4,7451,24716,50,gevreesd,word,word,1,515
4,19603,25081,50,schouwen,word,word,1,417
4,12083,24839,50,krom,word,nonword,0,NA
4,23201,24719,50,toetsing,word,word,1,554
4,23815,24720,50,tweeling,word,word,1,474
4,2143,24721,50,blouse,word,word,1,540
4,5907,25086,50,fine,word,nonword,0,NA
4,15951,24723,50,opzien,word,word,1,585
4,24977,24966,50,vieren,word,word,1,502
4,3487,25089,50,congres,word,word,1,678
4,15503,25090,50,olm,word,word,1,560
4,9751,24727,50,ijskap,word,word,1,576
4,26137,24970,50,wakken,word,word,1,434
4,19519,24729,50,schoolse,word,word,1,601
4,19659,24730,50,schreeuwtje,word,nonword,0,NA
4,13465,24852,50,loom,word,nonword,0,NA
4,24469,25096,50,verheft,word,word,1,590
4,15977,24733,50,orka,word,word,1,651
4,10629,24734,50,kerkhofs,word,nonword,0,NA
4,20503,24856,50,smijten,word,word,1,434
4,14013,25100,50,matchen,word,word,1,492
4,1131,24737,50,begroef,word,word,1,NA
4,26639,24738,50,westen,word,word,1,685
4,18733,24739,50,rugby,word,word,1,NA
4,1381,25104,50,bericht,word,word,1,504
4,21335,24741,50,spuugde,word,word,1,818
4,14615,24782,50,moetjes,word,nonword,0,NA
4,22613,24864,50,tafel,word,nonword,0,NA
4,965,24986,50,bedding,word,word,1,566
4,14401,25109,50,mild,word,word,1,NA
4,10569,25110,50,kelner,word,word,1,636
4,17497,24989,50,proloog,word,word,1,NA
4,5827,24748,50,fictief,word,word,1,822
4,4265,25113,50,ding,word,word,1,620
4,4155,24871,50,dienstjes,word,word,1,442
4,12465,24751,50,laadde,word,word,1,763
4,8441,24873,50,haarscherp,word,word,1,618
4,25073,24995,50,vinken,word,word,1,682
4,3457,24754,50,compleet,word,word,1,715
4,4553,24755,50,doorgaans,word,word,1,836
4,25047,25120,50,viltstift,word,word,1,589
4,15079,25121,50,neen,word,word,1,476
4,14519,24758,50,misten,word,word,1,801
4,26897,24759,50,winters,word,word,1,551
4,3249,24760,50,chaos,word,word,1,615
4,22997,24761,50,tiende,word,word,1,740
4,21179,25004,50,sport,word,word,1,453
4,11171,24763,50,klonken,word,word,1,520
4,25967,24764,50,vult,word,word,1,666
4,16021,25129,50,out,word,nonword,0,NA
4,19833,25130,50,scripts,word,word,1,513
4,18419,25131,50,robijn,word,word,1,499
4,5789,24808,50,feetjes,word,nonword,0,NA
4,21331,25051,50,spurts,word,nonword,0,NA
4,26477,24891,50,wellust,word,word,1,485
4,9357,24771,50,honing,word,nonword,0,NA
4,23997,25136,50,vaandrig,word,nonword,0,NA
4,12371,24773,50,kwadraat,word,word,1,658
4,27519,24774,50,zeuren,word,word,1,509
4,16233,24775,50,parfums,word,word,1,543
4,2263,24776,50,boerde,word,nonword,0,NA
4,8187,24777,50,groente,word,word,1,604
4,11773,24899,50,kosmos,word,word,1,496
4,27303,24779,50,zandsteen,word,word,1,491
4,25195,24780,50,vleses,word,nonword,0,NA
4,12861,25145,50,legden,word,word,1,563
4,12609,24822,50,landden,word,word,1,491
4,12727,25147,50,latjes,word,word,1,566
4,14327,25148,50,mi's,word,word,1,549
4,9063,24785,50,heuvels,word,word,1,532
4,10321,24786,50,kamde,word,word,1,485
4,11479,25151,50,koen,word,word,1,528
4,10415,24788,50,karen,word,word,1,473
4,7249,24789,50,gestaafd,word,word,1,732
4,1963,25154,50,bliek,word,nonword,0,NA
4,15893,24791,50,ophef,word,word,1,469
4,4619,25034,50,doren,word,word,1,659
4,27717,25157,50,zoentjes,word,word,1,553
4,17023,24915,50,poepen,word,word,1,508
4,10361,24795,50,kansel,word,nonword,0,NA
4,19197,24796,50,scheidslijn,word,word,1,674
4,21857,24918,50,stikte,word,word,1,594
4,8223,24798,50,groeven,word,word,1,590
4,10035,25163,50,jeugdig,word,word,1,467
4,11725,24921,50,kordon,word,nonword,0,NA
4,18611,24922,50,roodbruin,word,word,1,500
4,20687,24923,50,snuiten,word,word,1,549
4,7929,25167,50,graagte,word,nonword,0,NA
4,23711,24804,50,tuig,word,word,1,473
4,6607,25168,50,gedrukt,word,word,1,494
4,20399,24806,50,sluitend,word,word,1,501
4,4629,24928,50,dorpsplein,word,word,1,479
4,24767,24969,50,vertel,word,word,1,429
4,4215,24929,50,dij,word,word,1,481
4,11663,24810,50,koopkracht,word,word,1,480
4,9647,25175,50,hulzen,word,word,1,629
4,9993,25176,50,jaren,word,word,1,530
4,20417,24813,50,slurven,word,word,1,711
4,11641,25178,50,kookte,word,word,1,692
4,22981,24815,50,thuisfront,word,word,1,628
4,15003,24816,50,naïef,word,word,1,529
4,22217,24817,50,strekten,word,word,1,513
4,24295,24939,50,venus,word,word,1,538
4,19039,24819,50,schaamte,word,word,1,499
4,4769,25184,50,dreggen,word,word,1,781
4,21583,24821,50,steekproef,word,word,1,705
4,25847,24902,50,vrijaf,word,word,1,NA
4,16107,24903,50,pakje,word,word,1,556
4,3651,24904,50,daalt,word,word,1,395
4,6645,24946,50,geeuw,word,word,1,477
4,25035,24947,50,vijzen,word,word,1,704
4,27069,24827,50,worstjes,word,word,1,526
4,25987,25192,50,vuurrood,word,word,1,447
4,1301,25071,50,bemoeit,word,word,1,644
4,24563,24830,50,verlies,word,word,1,532
4,26915,24831,50,wissen,word,word,1,532
4,11379,24953,50,knokkel,word,word,1,458
4,19275,24833,50,schermen,word,word,1,432
4,8659,24955,50,hardware,word,word,1,720
4,6325,25198,50,gaaien,word,word,1,561
4,23169,24836,50,toer,word,word,1,515
4,18297,24837,50,rijdt,word,nonword,0,NA
4,515,24838,50,arm,word,word,1,487
4,5721,24960,50,fantast,word,word,1,553
4,443,24961,50,amper,word,word,1,456
4,2087,24841,50,bloesem,word,word,1,526
4,6553,24842,50,gedacht,word,word,1,431
4,2561,24964,50,bouwers,word,word,1,451
4,13735,24844,50,maal,word,word,1,502
4,22575,25087,50,taak,word,word,1,492
4,3995,25007,50,dentist,word,word,1,707
4,13499,24847,50,lopen,word,word,1,367
4,15269,24888,50,nissen,word,nonword,0,NA
4,12045,25009,50,krikken,word,word,1,445
4,11867,24850,50,kraantjes,word,word,1,475
4,19359,24851,50,schijfjes,word,word,1,461
4,16809,25094,50,plasje,word,word,1,622
4,17007,24853,50,poel,word,word,1,419
4,25353,24854,50,vodde,word,nonword,0,NA
4,9337,24855,50,homp,word,nonword,0,NA
4,16741,25098,50,plaatste,word,word,1,470
4,1731,24978,50,biddend,word,word,1,561
4,18963,24858,50,satan,word,word,1,540
4,18069,24859,50,reisden,word,word,1,539
4,10509,25102,50,keelpijn,word,word,1,486
4,10815,24982,50,kin,word,word,1,438
4,5035,25183,50,duikers,word,word,1,625
4,13669,24943,50,lussen,word,word,1,721
4,13243,25024,50,lijven,word,word,1,477
4,1361,25026,50,bereik,word,word,1,496
4,3983,24987,50,denkend,word,word,1,534
4,22909,24867,50,terra,word,word,1,551
4,4129,24908,50,dienaar,word,word,1,567
4,1599,24869,50,beurten,word,word,1,490
4,11431,24870,50,knuppel,word,word,1,603
4,10751,24911,50,kies,word,word,1,444
4,13359,24993,50,loer,word,word,1,547
4,12515,24994,50,lach,word,nonword,0,NA
4,23953,25035,50,unit,word,word,1,654
4,901,24875,50,basen,word,word,1,506
4,10023,24876,50,jeep,word,word,1,604
4,19575,24998,50,schortte,word,word,1,551
4,26361,24999,50,weerstaan,word,word,1,519
4,18115,24919,50,remmend,word,word,1,559
4,6497,25001,50,gebeld,word,word,1,NA
4,15333,25123,50,noodlot,word,word,1,559
4,7693,25083,50,gleed,word,word,1,485
4,15967,25125,50,orgaan,word,word,1,511
4,23545,25005,50,trio's,word,word,1,665
4,14907,25006,50,mythisch,word,word,1,565
4,8689,25127,50,hart,word,word,1,609
4,13149,24927,50,lies,word,word,1,459
4,28157,25049,50,zwijntjes,word,word,1,506
4,17253,25076,50,potter,word,word,1,561
4,10601,25172,50,kennis,word,word,1,493
4,28153,25012,50,zwijnen,word,word,1,475
4,9147,24932,50,hindoes,word,nonword,0,NA
4,22441,24893,50,stumpers,word,nonword,0,NA
4,13981,24894,50,mars,word,word,1,446
4,16145,25016,50,pamflet,word,word,1,575
4,5745,25017,50,fat,word,nonword,0,NA
4,22461,24897,50,stuurgroep,word,word,1,505
4,3381,24898,50,club,word,word,1,411
4,27785,25060,50,zongen,word,word,1,478
4,27779,24900,50,zones,word,word,1,547
4,5031,25143,50,duiken,word,word,1,475
4,21981,24968,50,stommen,word,word,1,425
4,6427,25023,50,garden,word,nonword,0,NA
4,12413,25185,50,kweek,word,word,1,500
4,16329,25039,50,pathos,word,nonword,0,NA
4,19041,24906,50,schaap,word,word,1,448
4,7311,24907,50,gestuwd,word,nonword,0,NA
4,26937,24948,50,witvis,word,nonword,0,NA
4,5293,24909,50,eerst,word,word,1,439
4,5387,25152,50,eisers,word,nonword,0,NA
4,9743,25084,50,ijsbeer,word,word,1,471
4,18193,25033,50,reuze,word,word,1,547
4,26679,25195,50,wezens,word,word,1,475
4,25875,25075,50,vroedvrouw,word,word,1,462
4,11153,25062,50,klokken,word,word,1,530
4,2977,24916,50,bugel,word,nonword,0,NA
4,7613,25159,50,gij,word,word,1,444
4,13347,24957,50,loeide,word,word,1,486
4,2137,24959,50,blosje,word,word,1,619
4,18257,24920,50,riem,word,word,1,511
4,16385,25162,50,peel,word,nonword,0,NA
4,7223,24935,50,gesnapt,word,word,1,487
4,9513,24963,50,horzel,word,nonword,0,NA
4,16643,24937,50,pikten,word,word,1,485
4,18021,24925,50,refters,word,nonword,0,NA
4,26255,24979,50,wasten,word,nonword,0,NA
4,16409,25128,50,peignoir,word,nonword,0,NA
4,18955,25115,50,sappen,word,word,1,627
4,20955,25179,50,spek,word,word,1,638
4,19495,25050,50,schonken,word,word,1,556
4,25147,25149,50,vlakke,word,word,1,454
4,4897,25093,50,drong,word,word,1,525
4,25397,25054,50,voelt,word,word,1,410
4,20257,24974,50,sliert,word,nonword,0,NA
4,109,24952,50,aapje,word,word,1,540
4,16133,24936,50,pallet,word,word,1,665
4,25289,25191,50,vloerkleed,word,word,1,760
4,20175,24938,50,slanke,word,word,1,472
4,26349,25197,50,weerklonk,word,word,1,579
4,351,25061,50,aleer,word,nonword,0,NA
4,15827,25180,50,oorsprong,word,word,1,554
4,8649,25160,50,harder,word,word,1,480
4,19,25189,50,aambeeld,word,word,1,848
4,14167,25135,50,melkers,word,word,1,520
4,495,24958,50,april,word,word,1,472
4,1295,25097,50,bemind,word,word,1,683
4,23607,25057,50,troontjes,word,word,1,480
4,2993,25018,50,buig,word,word,1,478
4,20389,24949,50,sluipen,word,word,1,509
4,1231,24975,50,bekroond,word,word,1,461
4,20981,25069,50,spellen,word,word,1,635
4,7247,25040,50,gespuis,word,nonword,0,NA
4,18345,25019,50,rijtje,word,word,1,657
4,9259,25058,50,hoeven,word,word,1,611
4,7025,25200,50,genoemd,word,word,1,483
4,13319,25137,50,listig,word,word,1,493
4,1225,25027,50,beklemd,word,word,1,659
4,14071,25080,50,meegaan,word,word,1,528
4,25539,25174,50,voltrok,word,nonword,0,NA
4,6201,25079,50,frees,word,nonword,0,NA
40,14200,24729,50,vezig,nonword,nonword,1,934
40,2208,24933,50,boetgla,nonword,nonword,1,750
40,21282,24730,50,spront,nonword,nonword,1,966
40,22284,24835,50,strasjes,nonword,nonword,1,613
40,16772,24928,50,plen,nonword,nonword,1,621
40,22578,24893,50,toel,nonword,nonword,1,832
40,25552,24705,50,vortst,nonword,nonword,1,NA
40,26672,24784,50,meners,nonword,nonword,1,748
40,5242,24836,50,oomhoorns,nonword,nonword,1,963
40,18358,24733,50,miks,nonword,nonword,1,911
40,10808,24726,50,multe,nonword,nonword,1,832
40,2120,24909,50,blimpjes,nonword,nonword,1,535
40,19028,24946,50,scheintje,nonword,nonword,1,722
40,7314,24930,50,gejest,nonword,nonword,1,576
40,25404,24851,50,dierden,nonword,nonword,1,622
40,17720,24913,50,reem,nonword,nonword,1,578
40,4182,24954,50,dookste,nonword,nonword,1,837
40,17054,24794,50,toven,nonword,nonword,1,867
40,27616,24873,50,zafte,nonword,nonword,1,679
40,11878,24957,50,klobben,nonword,nonword,1,761
40,23452,24838,50,blooma's,nonword,nonword,1,685
40,15802,24879,50,oem,nonword,nonword,1,1045
40,12718,24956,50,wader,nonword,nonword,1,1003
40,13378,24827,50,rege,nonword,nonword,1,676
40,19058,24842,50,scheeldte,nonword,nonword,1,729
40,14642,24870,50,holmen,nonword,nonword,1,NA
40,1092,24854,50,boortjes,nonword,word,0,NA
40,21632,24819,50,stakens,nonword,nonword,1,944
40,5234,24765,50,atel,nonword,nonword,1,811
40,7394,24806,50,gevect,nonword,nonword,1,648
40,21738,24847,50,stelds,nonword,nonword,1,784
40,12582,24809,50,lim,nonword,nonword,1,669
40,21790,24970,50,storstte,nonword,nonword,1,804
40,25222,24770,50,zwijgje,nonword,nonword,1,NA
40,18030,24771,50,kegerg,nonword,nonword,1,812
40,25264,24973,50,vlaagde,nonword,nonword,1,1008
40,12140,24974,50,spieers,nonword,nonword,1,686
40,26374,24734,50,weerzorn,nonword,nonword,1,832
40,27612,24949,50,toeweg,nonword,word,0,NA
40,16298,24871,50,dessief,nonword,nonword,1,664
40,14136,24951,50,mijneek,nonword,nonword,1,597
40,19678,24979,50,schreesster,nonword,nonword,1,891
40,4250,24940,50,raktes,nonword,nonword,1,721
40,696,24994,50,badwiep,nonword,nonword,1,641
40,4306,24834,50,mikan,nonword,nonword,1,532
40,6088,24754,50,saaitjes,nonword,nonword,1,914
40,5286,24997,50,aalder,nonword,nonword,1,622
40,16034,24945,50,emer,nonword,nonword,1,1097
40,22088,24986,50,stormtui,nonword,nonword,1,752
40,8326,24947,50,klubel,nonword,nonword,1,555
40,16416,24746,50,pieven,nonword,nonword,1,810
40,6526,25002,50,gebeesd,nonword,nonword,1,588
40,884,24723,50,larst,nonword,nonword,1,795
40,23114,24883,50,timt,nonword,nonword,1,740
40,23062,24752,50,tim,nonword,nonword,1,895
40,20388,24953,50,bruik,nonword,word,0,NA
40,8782,25007,50,laarsers,nonword,nonword,1,610
40,3372,24887,50,smips,nonword,nonword,1,798
40,21766,24849,50,stooitjes,nonword,nonword,1,647
40,13612,24889,50,bieer,nonword,nonword,1,675
40,3912,24878,50,moornis,nonword,nonword,1,599
40,14962,24959,50,nachtblab,nonword,nonword,1,788
40,5138,25013,50,buw,nonword,nonword,1,644
40,25218,25014,50,treiger,nonword,nonword,1,1056
40,20506,24975,50,vroel,nonword,nonword,1,727
40,808,24829,50,baldien,nonword,nonword,1,809
40,5034,24977,50,wieker,nonword,nonword,1,716
40,23604,24844,50,blijnde,nonword,nonword,1,748
40,18366,24845,50,wollend,nonword,nonword,1,597
40,17938,24899,50,rechtstrijk,nonword,nonword,1,817
40,16436,24779,50,pilgje,nonword,nonword,1,732
40,352,24861,50,eneer,nonword,nonword,1,681
40,22114,24742,50,strierde,nonword,nonword,1,1136
40,18444,24850,50,doewel,nonword,nonword,1,643
40,21646,24972,50,starden,nonword,nonword,1,NA
40,9920,24905,50,faagt,nonword,nonword,1,707
40,188,24906,50,instste,nonword,nonword,1,588
40,26528,24907,50,weng,nonword,nonword,1,555
40,17298,24908,50,tretend,nonword,nonword,1,618
40,8360,25030,50,zunt,nonword,nonword,1,656
40,13320,24991,50,bustig,nonword,nonword,1,760
40,6626,24898,50,giel,nonword,nonword,1,678
40,24796,24872,50,vertraai,nonword,nonword,1,851
40,24510,25034,50,versloort,nonword,nonword,1,NA
40,26070,24914,50,waarzaak,nonword,nonword,1,1105
40,14798,25036,50,ketto's,nonword,nonword,1,559
40,21672,25037,50,stampig,nonword,nonword,1,734
40,18890,24985,50,saggat,nonword,nonword,1,661
40,25642,24999,50,maarrecht,nonword,nonword,1,640
40,21486,24759,50,stempje,nonword,nonword,1,1030
40,21306,24881,50,spreet,nonword,nonword,1,686
40,794,24921,50,bamdees,nonword,nonword,1,659
40,20344,24963,50,slokgalk,nonword,nonword,1,787
40,23868,24802,50,typarts,nonword,nonword,1,808
40,5192,24711,50,wrerfje,nonword,nonword,1,779
40,21998,24764,50,stosten,nonword,nonword,1,940
40,906,24926,50,hasus,nonword,nonword,1,696
40,21582,24927,50,stoesjes,nonword,nonword,1,675
40,11924,25049,50,kront,nonword,nonword,1,NA
40,27872,25050,50,zowin,nonword,nonword,1,608
40,9722,24756,50,iert,nonword,nonword,1,876
40,1600,24891,50,bijnten,nonword,nonword,1,534
40,25522,24932,50,vorvraat,nonword,nonword,1,742
40,9744,25054,50,oetbeer,nonword,nonword,1,638
40,12002,25055,50,greipel,nonword,nonword,1,635
40,23706,24976,50,zibes,nonword,nonword,1,640
40,16880,25057,50,proester,nonword,nonword,1,609
40,1456,24884,50,bespaan,nonword,nonword,1,699
40,5844,24817,50,foensers,nonword,nonword,1,697
40,3966,24818,50,vemin,nonword,nonword,1,627
40,9086,25061,50,hies,nonword,nonword,1,898
40,1546,25062,50,betooid,nonword,nonword,1,916
40,14022,25063,50,mafvlas,nonword,nonword,1,629
40,5660,25051,50,expeis,nonword,nonword,1,844
40,12958,25025,50,herzen,nonword,nonword,1,720
40,23166,24702,50,tijn,nonword,nonword,1,812
40,1248,24703,50,borde,nonword,nonword,1,881
40,12528,25068,50,bochte,nonword,nonword,1,762
40,16810,24948,50,snapje,nonword,word,0,NA
40,308,24706,50,agi,nonword,nonword,1,601
40,20232,25071,50,klopen,nonword,nonword,1,995
40,2682,24992,50,grale,nonword,nonword,1,734
40,21036,24912,50,spuurnaagd,nonword,nonword,1,679
40,17440,24710,50,prings,nonword,nonword,1,807
40,9608,25075,50,haapjes,nonword,nonword,1,627
40,11018,24955,50,groonste,nonword,nonword,1,906
40,18320,25077,50,mijm,nonword,nonword,1,758
40,25868,24714,50,snoester,nonword,nonword,1,881
40,14270,24715,50,missience,nonword,nonword,1,788
40,6320,25000,50,za,nonword,nonword,1,652
40,3046,24880,50,hillen,nonword,nonword,1,592
40,1470,24840,50,besmeekt,nonword,word,0,NA
40,25728,24841,50,veldden,nonword,nonword,1,887
40,24358,24720,50,morder,nonword,nonword,1,941
40,5708,24843,50,fantsiet,nonword,nonword,1,658
40,15830,24965,50,eeltje,nonword,word,0,NA
40,1978,25087,50,blaamschap,nonword,nonword,1,664
40,23784,25088,50,tuszen,nonword,nonword,1,626
40,22646,25089,50,takraak,nonword,nonword,1,719
40,25192,25090,50,prerk,nonword,nonword,1,744
40,24614,24727,50,vervom,nonword,nonword,1,1011
40,12296,24971,50,rursten,nonword,nonword,1,954
40,6806,25093,50,geplegd,nonword,nonword,1,828
40,14634,25094,50,rakkend,nonword,nonword,1,768
40,5244,25095,50,uilt,nonword,word,0,NA
40,25984,25056,50,vuurziel,nonword,nonword,1,696
40,24168,25097,50,teten,nonword,nonword,1,759
40,5684,24857,50,foerde,nonword,nonword,1,885
40,6572,24978,50,gezui,nonword,nonword,1,774
40,8854,25100,50,houdzaam,nonword,word,0,NA
40,12464,24980,50,loopbak,nonword,word,0,NA
40,7062,24981,50,gepleert,nonword,nonword,1,701
40,26328,24982,50,deilde,nonword,nonword,1,726
40,7558,24984,50,gesmooid,nonword,nonword,1,666
40,15538,25105,50,omhand,nonword,nonword,1,692
40,15250,25106,50,noed,nonword,nonword,1,717
40,10054,24743,50,ji,nonword,nonword,1,823
40,5076,25108,50,ruinend,nonword,nonword,1,976
40,9528,25109,50,dou,nonword,nonword,1,543
40,6988,25110,50,gevetst,nonword,nonword,1,846
40,27052,25111,50,dermen,nonword,nonword,1,578
40,20898,25072,50,grieches,nonword,nonword,1,673
40,10910,24831,50,spinken,nonword,nonword,1,780
40,27532,24993,50,nechzelf,nonword,nonword,1,711
40,17544,25115,50,plookje,nonword,nonword,1,702
40,10722,25116,50,kilm,nonword,nonword,1,664
40,25378,24753,50,veefden,nonword,nonword,1,912
40,2582,25118,50,hewling,nonword,nonword,1,744
40,14670,25119,50,mondstad,nonword,word,0,NA
40,18590,25080,50,mondtang,nonword,word,0,NA
40,6978,24799,50,gezeet,nonword,nonword,1,851
40,23222,25001,50,zoffijs,nonword,nonword,1,658
40,11378,25123,50,knimlook,nonword,nonword,1,707
40,23548,25124,50,chiorg,nonword,nonword,1,540
40,2004,24761,50,prokje,nonword,nonword,1,807
40,5866,25005,50,fak,nonword,nonword,1,610
40,4404,24763,50,gol,nonword,nonword,1,1106
40,3548,25128,50,joler,nonword,nonword,1,651
40,17972,25129,50,lode,nonword,nonword,1,NA
40,13694,25130,50,fyzwee,nonword,nonword,1,665
40,13298,25131,50,litsmorm,nonword,nonword,1,852
40,19212,24890,50,schopen,nonword,nonword,1,734
40,22980,24769,50,thuil,nonword,nonword,1,1118
40,1104,25134,50,bepaat,nonword,nonword,1,606
40,19310,25135,50,scherkt,nonword,nonword,1,812
40,26342,25096,50,waarva,nonword,nonword,1,834
40,22864,25016,50,zeren,nonword,nonword,1,856
40,1944,25098,50,dranend,nonword,nonword,1,749
40,24054,25139,50,beke,nonword,nonword,1,578
40,16284,25140,50,tissen,nonword,nonword,1,624
40,27054,24777,50,durmpje,nonword,nonword,1,852
40,2038,25021,50,bloetlad,nonword,nonword,1,NA
40,1908,25143,50,prad,nonword,nonword,1,630
40,22738,25023,50,tampvin,nonword,nonword,1,930
40,19820,25024,50,frêters,nonword,nonword,1,578
40,21822,24782,50,stijm,nonword,nonword,1,807
40,25400,25026,50,zoer,nonword,nonword,1,810
40,16912,25148,50,vrijgen,nonword,nonword,1,729
40,22372,25028,50,spletje,nonword,nonword,1,584
40,20000,25029,50,clow,nonword,nonword,1,711
40,12016,24787,50,kluiken,nonword,nonword,1,829
40,9758,24748,50,eestijk,nonword,nonword,1,821
40,4836,24749,50,blijlen,nonword,nonword,1,778
40,11416,24790,50,vletsen,nonword,nonword,1,913
40,12286,24791,50,hurde,nonword,nonword,1,738
40,3664,25035,50,daanveen,nonword,nonword,1,593
40,14610,25157,50,woet,nonword,nonword,1,636
40,12198,25158,50,griezen,nonword,nonword,1,761
40,5630,24917,50,irtje,nonword,nonword,1,751
40,8422,25120,50,huiltjes,nonword,nonword,1,785
40,24604,24757,50,verdood,nonword,nonword,1,943
40,25372,24920,50,voelbaam,nonword,nonword,1,630
40,6964,25163,50,geruls,nonword,nonword,1,737
40,6220,24922,50,tweeles,nonword,nonword,1,381
40,17778,24923,50,hawel,nonword,nonword,1,644
40,1522,25166,50,bestands,nonword,nonword,1,720
40,10478,25167,50,leters,nonword,nonword,1,920
40,24690,25047,50,verfiend,nonword,nonword,1,667
40,19510,24805,50,schoolboorn,nonword,nonword,1,1035
40,25394,25170,50,doeven,nonword,nonword,1,725
40,3066,25171,50,hunstten,nonword,nonword,1,830
40,5558,24808,50,erwie,nonword,nonword,1,591
40,3656,25173,50,maanaan,nonword,nonword,1,912
40,15306,25053,50,sota,nonword,nonword,1,809
40,15236,25175,50,neeuws,nonword,nonword,1,730
40,22388,25176,50,straasjes,nonword,nonword,1,786
40,18412,24813,50,tidaal,nonword,nonword,1,581
40,406,24814,50,alfjaar,nonword,nonword,1,707
40,22572,24815,50,toei,nonword,nonword,1,844
40,12734,24938,50,laus,nonword,nonword,1,688
40,26396,25181,50,wag,nonword,nonword,1,781
40,5872,25182,50,farse,nonword,nonword,1,964
40,2432,25183,50,baartlui,nonword,nonword,1,1058
40,10310,25184,50,molme,nonword,nonword,1,669
40,25760,25185,50,mouben,nonword,nonword,1,681
40,6816,24944,50,geklegd,nonword,nonword,1,736
40,9600,25187,50,houwden,nonword,nonword,1,662
40,27260,24824,50,tasmes,nonword,nonword,1,763
40,10852,25189,50,mustjes,nonword,nonword,1,828
40,19588,25069,50,scharse,nonword,nonword,1,882
40,23264,25191,50,zonir,nonword,nonword,1,620
40,13096,24828,50,bachtten,nonword,nonword,1,703
40,26486,25193,50,halpen,nonword,nonword,1,551
40,11506,24952,50,mijtje,nonword,nonword,1,995
40,26534,25195,50,herpjes,nonword,nonword,1,585
40,27340,24832,50,tijfje,nonword,nonword,1,867
40,22622,25076,50,cak,nonword,nonword,1,800
40,10200,25198,50,cugy's,nonword,nonword,1,680
40,15740,25199,50,ontwoeit,nonword,nonword,1,883
40,22890,25200,50,zer,nonword,nonword,1,773
40,4021,24701,50,dessert,word,word,1,689
40,23303,25066,50,toorn,word,word,1,529
40,20993,25067,50,speren,word,word,1,722
40,22173,24704,50,strand,word,word,1,515
40,6423,24826,50,gard,word,word,1,1199
40,23495,25070,50,trek,word,word,1,548
40,10001,24707,50,jas,word,word,1,534
40,17623,24708,50,pullen,word,word,1,695
40,17427,24709,50,prinses,word,word,1,801
40,20313,25074,50,slipte,word,word,1,597
40,11143,25196,50,kloek,word,nonword,0,NA
40,18071,24712,50,reisdoel,word,word,1,770
40,4523,24713,50,dook,word,word,1,1113
40,27361,25078,50,zeerste,word,nonword,0,NA
40,16779,25079,50,plankier,word,nonword,0,NA
40,9821,24716,50,ineen,word,word,1,843
40,1921,24717,50,blaften,word,word,1,910
40,26393,24718,50,weetjes,word,word,1,639
40,13229,24719,50,lijntje,word,word,1,876
40,25623,25084,50,voorkeur,word,word,1,548
40,1315,24721,50,benen,word,word,1,606
40,9283,24722,50,hokje,word,word,1,572
40,22341,25086,50,stroomden,word,word,1,718
40,25483,24724,50,volgt,word,word,1,528
40,6789,24725,50,gekken,word,word,1,560
40,11745,24968,50,korset,word,nonword,0,NA
40,1191,25091,50,bekeek,word,word,1,688
40,21497,24728,50,stangen,word,nonword,0,NA
40,19159,25092,50,scheelde,word,word,1,522
40,17383,25012,50,priesters,word,word,1,832
40,7591,24731,50,gierst,word,nonword,0,NA
40,6535,24732,50,gebrom,word,word,1,727
40,24343,24773,50,verbrand,word,word,1,749
40,25335,24855,50,vluchtten,word,word,1,641
40,23049,24735,50,tijdstip,word,word,1,805
40,9195,24736,50,hoedjes,word,word,1,NA
40,9211,24737,50,hoekig,word,word,1,603
40,8543,24738,50,halten,word,word,1,650
40,7825,24739,50,gok,word,word,1,566
40,21127,24740,50,spoelen,word,word,1,884
40,8583,24741,50,handig,word,word,1,727
40,4841,24863,50,drijvers,word,word,1,788
40,18285,25107,50,rijbroek,word,word,1,710
40,4863,24744,50,droegen,word,nonword,0,NA
40,1799,24745,50,bijltjes,word,word,1,638
40,15145,24867,50,neten,word,word,1,NA
40,24919,24747,50,verzweeg,word,word,1,800
40,18329,25112,50,rijp,word,word,1,704
40,13737,25113,50,maalstroom,word,nonword,0,NA
40,12017,24750,50,krijg,word,word,1,705
40,9841,24751,50,inkeer,word,word,1,827
40,24013,24792,50,vaarwel,word,word,1,586
40,11087,25117,50,kliekje,word,word,1,802
40,4735,24875,50,dragend,word,nonword,0,NA
40,11445,24755,50,koeien,word,word,1,NA
40,16735,24877,50,plaatsing,word,word,1,617
40,4039,25121,50,deugden,word,word,1,616
40,5993,24758,50,flinke,word,word,1,750
40,2819,25122,50,broeikas,word,word,1,NA
40,1697,24760,50,bezielt,word,word,1,819
40,4089,25125,50,dia,word,word,1,716
40,4361,24762,50,doemde,word,word,1,796
40,6725,25127,50,gehoord,word,word,1,571
40,27613,24885,50,zijzelf,word,word,1,693
40,16639,24886,50,pikken,word,word,1,943
40,19481,24766,50,schollen,word,nonword,0,NA
40,2253,24767,50,boeltje,word,word,1,853
40,21221,24768,50,spreek,word,word,1,776
40,21255,25133,50,spreken,word,word,1,492
40,19017,24810,50,schaaf,word,word,1,791
40,25491,24892,50,volke,word,nonword,0,NA
40,26797,24772,50,wijntjes,word,word,1,674
40,11329,25177,50,knietjes,word,word,1,808
40,5103,24774,50,duren,word,word,1,580
40,26017,24775,50,waaiers,word,word,1,738
40,13909,24776,50,mango,word,word,1,699
40,4669,25141,50,dozijn,word,word,1,685
40,971,24778,50,bedekt,word,word,1,856
40,26037,24900,50,waanzin,word,word,1,566
40,6957,24780,50,geluk,word,word,1,564
40,13225,24781,50,lijnen,word,word,1,851
40,14895,25146,50,muze,word,word,1,723
40,19119,24783,50,scharen,word,word,1,NA
40,24043,25147,50,vaders,word,word,1,603
40,11921,24785,50,kransen,word,word,1,1060
40,19505,24786,50,schoolbord,word,word,1,575
40,4719,25151,50,drachme,word,nonword,0,NA
40,24927,24788,50,vesten,word,nonword,0,NA
40,16097,24789,50,page,word,nonword,0,NA
40,8795,25154,50,hees,word,word,1,940
40,21671,25155,50,stemmig,word,nonword,0,NA
40,2301,25114,50,bokaal,word,word,1,725
40,17951,24793,50,record,word,word,1,664
40,3135,24915,50,café,word,word,1,634
40,2645,24795,50,brandden,word,nonword,0,NA
40,19095,24796,50,schalks,word,word,1,767
40,17011,24797,50,poeltje,word,nonword,0,NA
40,2167,24798,50,boa's,word,word,1,1065
40,10289,25041,50,kale,word,word,1,1144
40,21313,24800,50,spuit,word,word,1,743
40,20323,24801,50,sloep,word,word,1,686
40,9415,25044,50,hoogst,word,word,1,NA
40,6585,24803,50,gedraaid,word,word,1,605
40,28073,24804,50,zwegen,word,word,1,555
40,11137,25169,50,klinkt,word,word,1,667
40,7403,25048,50,geveld,word,nonword,0,NA
40,6009,24807,50,flitsjes,word,word,1,1043
40,23933,25172,50,uitval,word,word,1,594
40,151,25010,50,abdij,word,word,1,NA
40,1257,25011,50,belegd,word,word,1,811
40,25561,24811,50,vonkje,word,word,1,733
40,5219,24812,50,echte,word,word,1,582
40,185,24853,50,achting,word,word,1,760
40,23039,25178,50,tijdloos,word,word,1,670
40,13441,25179,50,loodje,word,word,1,1001
40,18257,24816,50,riem,word,word,1,704
40,3873,25059,50,decors,word,word,1,700
40,9243,24939,50,hoes,word,word,1,761
40,16207,24859,50,pappa,word,nonword,0,NA
40,15191,24820,50,nevens,word,word,1,687
40,6623,24821,50,geeft,word,word,1,570
40,20627,24822,50,snikte,word,word,1,697
40,19251,24823,50,schepper,word,word,1,707
40,1197,25188,50,bekend,word,word,1,706
40,27461,24825,50,zenden,word,word,1,643
40,12121,24866,50,kropen,word,word,1,1126
40,17721,25190,50,raampje,word,word,1,640
40,20597,25192,50,snelle,word,word,1,585
40,4255,24950,50,dillen,word,nonword,0,NA
40,25091,24830,50,vis,word,word,1,558
40,23073,25073,50,tikkers,word,word,1,1100
40,27821,25033,50,zoontjes,word,word,1,639
40,15571,24833,50,omweg,word,word,1,582
40,13285,25197,50,linnen,word,word,1,686
40,675,24996,50,baby,word,word,1,675
40,16851,24876,50,plechtig,word,word,1,588
40,26247,24837,50,wasgoed,word,word,1,641
40,4707,24918,50,draaikolk,word,word,1,790
40,1213,24839,50,bekjes,word,word,1,1048
40,27867,24961,50,zover,word,word,1,658
40,20029,24962,50,silo,word,word,1,780
40,5505,24882,50,erfgoed,word,word,1,681
40,15861,24964,50,opa's,word,word,1,778
40,3353,25126,50,claxons,word,word,1,789
40,19743,24966,50,schuift,word,word,1,670
40,8593,24846,50,handschoen,word,word,1,594
40,20143,25008,50,slachthuis,word,word,1,639
40,27415,24848,50,zeil,word,word,1,534
40,11375,24929,50,knoeien,word,word,1,761
40,27955,24903,50,zuurgraad,word,nonword,0,NA
40,19079,24931,50,schaft,word,word,1,751
40,22129,24852,50,straatje,word,word,1,652
40,24391,25027,50,verdroogd,word,word,1,1103
40,25075,24894,50,vinkje,word,word,1,916
40,19907,24895,50,serre,word,word,1,646
40,13615,24856,50,luiheid,word,word,1,1133
40,17849,25099,50,ransels,word,nonword,0,NA
40,11485,24858,50,koer,word,word,1,487
40,9373,25020,50,hoofdhuid,word,word,1,901
40,10255,24860,50,kabel,word,word,1,787
40,17435,25103,50,printer,word,word,1,683
40,6071,24862,50,folies,word,word,1,932
40,16717,24916,50,pizza,word,word,1,743
40,7333,24864,50,getoetst,word,word,1,970
40,8843,24865,50,heiland,word,nonword,0,NA
40,6213,24919,50,frets,word,nonword,0,NA
40,141,24988,50,aarzel,word,word,1,687
40,1869,24868,50,bisdom,word,word,1,704
40,19953,24869,50,sfinxen,word,word,1,746
40,26843,24910,50,wilgje,word,nonword,0,NA
40,14557,24911,50,modus,word,word,1,602
40,12463,25194,50,laadbak,word,word,1,903
40,17187,25153,50,port,word,word,1,957
40,16913,24874,50,ploert,word,nonword,0,NA
40,13089,24995,50,lichtste,word,word,1,764
40,14265,24969,50,messen,word,word,1,665
40,22971,24998,50,these,word,word,1,795
40,16145,24958,50,pamflet,word,word,1,832
40,24181,25174,50,vee,word,word,1,704
40,20359,25162,50,slootje,word,word,1,930
40,2721,25042,50,brekend,word,word,1,784
40,25611,25043,50,voorheen,word,word,1,711
40,3757,25004,50,dampen,word,word,1,713
40,16677,24924,50,pinots,word,nonword,0,NA
40,8703,25006,50,hartstreek,word,nonword,0,NA
40,6461,25168,50,gatten,word,nonword,0,NA
40,5699,24967,50,facto,word,word,1,1097
40,5607,24888,50,eten,word,word,1,564
40,2595,24902,50,boycots,word,word,1,672
40,19723,24943,50,schrok,word,word,1,994
40,6107,25132,50,forse,word,word,1,825
40,25533,25186,50,voltes,word,nonword,0,NA
40,27107,25039,50,wrede,word,word,1,867
40,16517,24934,50,peso,word,nonword,0,NA
40,13449,24935,50,loodsen,word,word,1,753
40,12927,24896,50,lemen,word,nonword,0,NA
40,4659,24897,50,dove,word,word,1,550
40,22105,25019,50,stoute,word,word,1,615
40,19631,25060,50,schrappen,word,word,1,630
40,17851,25142,50,rantsoen,word,word,1,968
40,2411,24901,50,boord,word,word,1,661
40,23595,24941,50,trompet,word,word,1,667
40,24077,25009,50,valies,word,word,1,618
40,13347,24904,50,loeide,word,word,1,843
40,10131,25159,50,jozefs,word,nonword,0,NA
40,13789,25052,50,maatstaf,word,word,1,704
40,17903,25149,50,rebel,word,word,1,754
40,2325,25150,50,bomen,word,word,1,601
40,6607,24989,50,gedrukt,word,word,1,809
40,20031,24990,50,silo's,word,word,1,702
40,22627,25031,50,takes,word,nonword,0,NA
40,8851,25032,50,heiltje,word,nonword,0,NA
40,19193,25046,50,scheiden,word,word,1,773
40,16525,25156,50,pet,word,word,1,624
40,11619,25138,50,konvooi,word,word,1,796
40,27369,24942,50,zeeuw,word,nonword,0,NA
40,11407,25038,50,knoppen,word,word,1,1030
40,16021,25065,50,out,word,word,1,595
40,2249,25145,50,boekwerk,word,word,1,781
40,18633,24960,50,rookten,word,word,1,763
40,27691,25082,50,zoeken,word,word,1,551
40,25099,25083,50,visje,word,word,1,615
40,6275,25165,50,fruitboom,word,word,1,727
40,15677,25085,50,ontkomt,word,word,1,676
40,14053,24925,50,mazen,word,nonword,0,NA
40,11435,25152,50,knus,word,word,1,658
40,4825,25101,50,driftig,word,word,1,983
40,23395,24936,50,tragisch,word,word,1,584
40,13273,25102,50,link,word,word,1,774
40,20867,24983,50,spaties,word,word,1,671
40,25615,25144,50,voorhuid,word,word,1,691
40,22829,25058,50,telg,word,word,1,606
40,24411,25064,50,verf,word,word,1,497
40,22749,24987,50,teams,word,word,1,776
40,18131,25015,50,rent,word,nonword,0,NA
40,22277,25081,50,strijkt,word,word,1,651
40,23575,24937,50,trog,word,nonword,0,NA
40,9285,25180,50,hokjes,word,word,1,774
40,19705,25045,50,schrikbeeld,word,word,1,883
40,5251,25018,50,eender,word,word,1,718
40,3309,25161,50,cijfer,word,word,1,579
40,10969,25003,50,kledij,word,word,1,602
40,13967,25022,50,marmer,word,word,1,813
40,1285,25104,50,belt,word,word,1,598
40,13913,25160,50,manie,word,word,1,980
40,7915,25040,50,graad,word,word,1,870
40,22019,25164,50,stoomboot,word,word,1,1018
40,2299,25136,50,bok,word,word,1,800
40,13377,25017,50,loge,word,word,1,860
40,24637,25137,50,verrast,word,word,1,790
41,6092,24711,50,foft,nonword,nonword,1,595
41,8252,24710,50,klondstan,nonword,nonword,1,680
41,17010,24708,50,piezen,nonword,nonword,1,815
41,25200,24803,50,preigels,nonword,nonword,1,514
41,12628,24727,50,landstrip,nonword,word,0,NA
41,24722,24747,50,verdruit,nonword,nonword,1,683
41,23882,24927,50,ientjes,nonword,nonword,1,528
41,28030,24788,50,vlorten,nonword,nonword,1,781
41,20760,24950,50,com,nonword,nonword,1,514
41,24824,24910,50,verteur,nonword,nonword,1,511
41,21274,24909,50,sprintstank,nonword,nonword,1,760
41,12366,24949,50,trate,nonword,nonword,1,646
41,1000,24780,50,bedrijdt,nonword,nonword,1,782
41,26396,24734,50,wag,nonword,nonword,1,638
41,2454,24887,50,barkjes,nonword,nonword,1,613
41,2138,24940,50,presje,nonword,nonword,1,626
41,11522,24840,50,roestjes,nonword,word,0,NA
41,19234,24867,50,schorken,nonword,nonword,1,730
41,2994,24787,50,luig,nonword,nonword,1,607
41,6976,24774,50,gadber,nonword,nonword,1,482
41,18172,24841,50,relues,nonword,nonword,1,768
41,5676,24963,50,extrong,nonword,nonword,1,528
41,4660,24951,50,rore,nonword,nonword,1,514
41,19778,24899,50,schillig,nonword,word,0,NA
41,6514,24846,50,gebield,nonword,nonword,1,746
41,15204,24967,50,soemand,nonword,nonword,1,527
41,19124,24847,50,schak,nonword,nonword,1,977
41,8656,24716,50,hanche,nonword,nonword,1,795
41,24784,24797,50,verloord,nonword,nonword,1,688
41,27890,24837,50,techtte,nonword,nonword,1,608
41,8692,24759,50,hekten,nonword,nonword,1,910
41,27814,24786,50,taampjes,nonword,nonword,1,978
41,19486,24706,50,schermels,nonword,nonword,1,834
41,13956,24935,50,dorker,nonword,nonword,1,535
41,10414,24855,50,katam,nonword,nonword,1,605
41,17014,24724,50,peuntjes,nonword,nonword,1,775
41,20812,24845,50,graak,nonword,nonword,1,621
41,21120,24979,50,kluidde,nonword,nonword,1,591
41,9250,24980,50,loosten,nonword,word,0,NA
41,11872,24860,50,klobbe,nonword,nonword,1,573
41,21092,24863,50,kretsen,nonword,nonword,1,643
41,916,24917,50,bandins,nonword,nonword,1,642
41,3068,24744,50,burooi,nonword,nonword,1,970
41,7362,24746,50,geiven,nonword,nonword,1,538
41,19932,24799,50,sot,nonword,nonword,1,538
41,18380,24881,50,dangen,nonword,nonword,1,664
41,18302,24988,50,rijl,nonword,nonword,1,572
41,22528,24989,50,sunnoost,nonword,nonword,1,539
41,3932,24869,50,hoken,nonword,nonword,1,877
41,26816,24870,50,voeven,nonword,nonword,1,544
41,4736,24832,50,tralend,nonword,nonword,1,752
41,5620,24792,50,etricks,nonword,nonword,1,526
41,3206,24873,50,jeldier,nonword,nonword,1,NA
41,182,24902,50,estten,nonword,nonword,1,457
41,26306,24769,50,weesgels,nonword,nonword,1,885
41,25318,24755,50,gretjes,nonword,nonword,1,596
41,26292,24719,50,moder,nonword,nonword,1,947
41,27632,24733,50,zukken,nonword,nonword,1,575
41,26732,24826,50,midje,nonword,nonword,1,568
41,9384,24961,50,hoofdween,nonword,nonword,1,633
41,11306,25002,50,zwoepjes,nonword,nonword,1,676
41,12584,25003,50,hava,nonword,word,0,NA
41,28162,24924,50,plotsers,nonword,nonword,1,791
41,23412,24884,50,trasact,nonword,nonword,1,760
41,18142,24966,50,mopen,nonword,nonword,1,976
41,6522,24886,50,gepoond,nonword,word,0,NA
41,19384,25008,50,scharken,nonword,nonword,1,691
41,6888,24782,50,gardend,nonword,nonword,1,743
41,6574,24849,50,gevoekt,nonword,nonword,1,666
41,22158,24877,50,scrokker,nonword,nonword,1,646
41,20720,24946,50,sauwkom,nonword,nonword,1,691
41,27698,24960,50,tijkers,nonword,nonword,1,603
41,22854,24854,50,tetsi,nonword,nonword,1,974
41,25704,24975,50,voorram,nonword,nonword,1,713
41,18882,24895,50,munie,nonword,word,0,NA
41,12270,24856,50,keurvrouw,nonword,nonword,1,859
41,1338,24858,50,bebenkt,nonword,nonword,1,622
41,28,24898,50,aarwouw,nonword,nonword,1,583
41,23410,25020,50,drailing,nonword,nonword,1,592
41,21886,24779,50,stelker,nonword,nonword,1,727
41,14834,24969,50,wuis,nonword,nonword,1,541
41,18184,24983,50,meusjes,nonword,nonword,1,666
41,3618,24783,50,cunzus,nonword,nonword,1,590
41,7778,24718,50,boal,nonword,nonword,1,730
41,2746,24772,50,cherons,nonword,nonword,1,537
41,26050,24906,50,raalde,nonword,nonword,1,703
41,20740,25028,50,fakken,nonword,nonword,1,626
41,1760,24908,50,beeltjes,nonword,word,0,NA
41,5782,25030,50,faardje,nonword,nonword,1,521
41,1960,25031,50,snoker,nonword,nonword,1,522
41,19080,24952,50,schuft,nonword,nonword,1,676
41,14982,24953,50,lavat,nonword,nonword,1,559
41,12568,25034,50,hasen,nonword,nonword,1,521
41,11728,25022,50,cormons,nonword,nonword,1,613
41,27018,24875,50,weinhoos,nonword,nonword,1,578
41,18824,24916,50,hille,nonword,nonword,1,1000
41,15948,25038,50,omnet,nonword,nonword,1,695
41,9078,24986,50,hiedt,nonword,nonword,1,789
41,24970,24919,50,veuren,nonword,nonword,1,783
41,11190,25001,50,kroetje,nonword,nonword,1,516
41,22298,25042,50,stre,nonword,nonword,1,552
41,15770,24922,50,anwin,nonword,nonword,1,485
41,20288,24802,50,bremme,nonword,nonword,1,546
41,6418,25045,50,nalen,nonword,nonword,1,600
41,19008,24885,50,sfipter,nonword,nonword,1,656
41,9392,25047,50,hoofdstok,nonword,nonword,1,642
41,5274,25048,50,oertje,nonword,word,0,NA
41,17838,24928,50,rars,nonword,nonword,1,687
41,2978,24768,50,higel,nonword,nonword,1,717
41,22698,24850,50,tabuut,nonword,nonword,1,549
41,19166,25039,50,schaakbeen,nonword,word,0,NA
41,21400,24973,50,staatsbolf,nonword,nonword,1,784
41,5858,24893,50,soene,nonword,nonword,1,554
41,16438,25015,50,pirtjes,nonword,nonword,1,612
41,19130,25056,50,schatpost,nonword,nonword,1,708
41,3430,25017,50,cul,nonword,nonword,1,802
41,14636,24978,50,mel,nonword,nonword,1,610
41,23246,24817,50,tilbe,nonword,nonword,1,636
41,15470,24818,50,uf,nonword,nonword,1,536
41,9190,25061,50,lijde,nonword,word,0,NA
41,6270,24941,50,sninten,nonword,nonword,1,542
41,1902,25023,50,plaas,nonword,nonword,1,561
41,19690,24984,50,schreeltje,nonword,word,0,NA
41,12664,24865,50,bans,nonword,nonword,1,600
41,7794,25066,50,ginkbeeld,nonword,nonword,1,601
41,5062,25067,50,doots,nonword,nonword,1,535
41,26452,24947,50,zef,nonword,nonword,1,684
41,26264,24705,50,metje,nonword,nonword,1,879
41,24436,25070,50,verboot,nonword,nonword,1,633
41,20244,24707,50,troerden,nonword,nonword,1,1095
41,508,25072,50,averst,nonword,nonword,1,1014
41,21134,24872,50,spoolnik,nonword,nonword,1,593
41,10048,25074,50,jecht,nonword,nonword,1,628
41,15150,25075,50,nokjes,nonword,word,0,NA
41,4346,24915,50,meilde,nonword,nonword,1,635
41,394,24713,50,albecht,nonword,nonword,1,703
41,23604,24715,50,blijnde,nonword,nonword,1,672
41,2098,24958,50,slikjes,nonword,word,0,NA
41,12378,25080,50,snaven,nonword,word,0,NA
41,26408,24920,50,hogje,nonword,nonword,1,502
41,20298,25082,50,slortse,nonword,nonword,1,590
41,2514,25083,50,hatsen,nonword,nonword,1,636
41,4096,24720,50,dichtdee,nonword,nonword,1,883
41,14934,24721,50,nierden,nonword,word,0,NA
41,4192,25046,50,diel,nonword,nonword,1,646
41,4464,25087,50,kons,nonword,nonword,1,637
41,25620,25088,50,meerjaar,nonword,word,0,NA
41,11046,25089,50,trerk,nonword,nonword,1,651
41,2116,25090,50,trinden,nonword,nonword,1,759
41,9150,25011,50,bing,nonword,word,0,NA
41,21736,24971,50,stelzen,nonword,nonword,1,531
41,20448,24851,50,shal,nonword,nonword,1,612
41,22288,25094,50,strink,nonword,word,0,NA
41,19822,24731,50,gnove,nonword,nonword,1,611
41,4648,24732,50,det,nonword,nonword,1,543
41,3972,25097,50,zen,nonword,word,0,NA
41,15778,25018,50,eedje,nonword,word,0,NA
41,25252,24735,50,snoed,nonword,nonword,1,585
41,7792,24736,50,govon,nonword,nonword,1,552
41,17502,24737,50,plinken,nonword,nonword,1,1079
41,9610,24738,50,huiskricht,nonword,nonword,1,819
41,28054,24739,50,knaampje,nonword,nonword,1,663
41,17318,24903,50,prefoy,nonword,nonword,1,621
41,3158,25025,50,cazin,nonword,nonword,1,529
41,20206,25106,50,brechts,nonword,nonword,1,833
41,23614,25107,50,slijstend,nonword,nonword,1,549
41,27288,25108,50,tarven,nonword,nonword,1,678
41,14390,25109,50,woeter,nonword,nonword,1,544
41,4618,25110,50,wor,nonword,nonword,1,480
41,16126,25111,50,taren,nonword,nonword,1,723
41,1474,25112,50,bekroort,nonword,nonword,1,635
41,8170,25033,50,spooide,nonword,nonword,1,637
41,18942,24993,50,faven,nonword,nonword,1,586
41,7038,24994,50,gopster,nonword,nonword,1,537
41,22786,24752,50,hievees,nonword,nonword,1,756
41,16714,24753,50,zikten,nonword,nonword,1,715
41,5204,24876,50,shingen,nonword,nonword,1,650
41,21588,25119,50,stootvlieg,nonword,word,0,NA
41,19066,24756,50,schijnsen,nonword,nonword,1,818
41,18788,25081,50,muin,nonword,nonword,1,642
41,16976,24758,50,bluk,nonword,nonword,1,660
41,9064,25123,50,leivels,nonword,nonword,1,706
41,26632,25124,50,wenzing,nonword,nonword,1,683
41,25502,25125,50,vorfge,nonword,nonword,1,758
41,15902,25005,50,osnieur,nonword,nonword,1,529
41,8568,25127,50,handtaak,nonword,word,0,NA
41,26862,25007,50,memper,nonword,nonword,1,513
41,19810,24765,50,schaantje,nonword,nonword,1,684
41,21348,24767,50,stuugje,nonword,nonword,1,658
41,7958,25091,50,gripjes,nonword,nonword,1,574
41,10816,25132,50,rin,nonword,nonword,1,662
41,20574,25133,50,kneeën,nonword,nonword,1,706
41,10522,24892,50,roorde,nonword,nonword,1,704
41,17682,24771,50,quank,nonword,nonword,1,536
41,4208,25136,50,weisel,nonword,nonword,1,600
41,26472,25137,50,welpum,nonword,nonword,1,485
41,13044,25098,50,beler,nonword,nonword,1,653
41,20156,25139,50,plapers,nonword,nonword,1,587
41,17410,25019,50,prel,nonword,nonword,1,877
41,27576,25141,50,zaantje,nonword,nonword,1,539
41,24750,25021,50,verschaak,nonword,nonword,1,782
41,15924,25143,50,opschijk,nonword,nonword,1,650
41,13100,24740,50,lefje,nonword,nonword,1,NA
41,14254,25105,50,mensies,nonword,nonword,1,NA
41,16024,25146,50,oegput,nonword,nonword,1,626
41,8736,25147,50,tegreeuws,nonword,nonword,1,495
41,12640,24784,50,handbeg,nonword,nonword,1,716
41,27360,25149,50,teeroos,nonword,nonword,1,506
41,24420,25150,50,verriend,nonword,nonword,1,588
41,20600,25151,50,smallen,nonword,word,0,NA
41,3018,25152,50,beus,nonword,nonword,1,556
41,25396,24709,50,doevend,nonword,nonword,1,NA
41,15036,24790,50,sette,nonword,nonword,1,511
41,11796,24791,50,kossiem,nonword,nonword,1,657
41,8642,25156,50,bopte,nonword,nonword,1,909
41,4728,24793,50,slaten,nonword,word,0,NA
41,2938,24794,50,klurde,nonword,nonword,1,633
41,13298,24795,50,litsmorm,nonword,nonword,1,550
41,12076,25160,50,troes,nonword,nonword,1,636
41,23218,25161,50,toepoen,nonword,nonword,1,585
41,8890,25041,50,beve,nonword,nonword,1,485
41,19680,25163,50,schroedsters,nonword,nonword,1,554
41,6632,25164,50,geendvins,nonword,nonword,1,666
41,15814,25044,50,oopt,nonword,nonword,1,569
41,4794,25166,50,dreur,nonword,nonword,1,617
41,20656,25167,50,vroeven,nonword,nonword,1,663
41,4440,24804,50,wampers,nonword,word,0,NA
41,17454,25169,50,propreeg,nonword,nonword,1,659
41,13216,25170,50,huikjes,nonword,word,0,NA
41,25356,25131,50,didden,nonword,nonword,1,600
41,2370,24808,50,lanten,nonword,nonword,1,550
41,27110,24809,50,wraad,nonword,nonword,1,806
41,25240,24932,50,proede,nonword,nonword,1,534
41,7204,24811,50,gegricht,nonword,nonword,1,828
41,20794,24813,50,cou,nonword,nonword,1,611
41,160,25177,50,absept,nonword,word,0,NA
41,13308,25138,50,lipstake,nonword,nonword,1,872
41,10768,24815,50,miener,nonword,nonword,1,593
41,96,24816,50,aankruig,nonword,nonword,1,607
41,15318,25181,50,fellen,nonword,word,0,NA
41,23502,25182,50,brukkend,nonword,nonword,1,NA
41,26536,25062,50,wetst,nonword,nonword,1,700
41,9202,25144,50,haamden,nonword,nonword,1,613
41,15992,25145,50,ekters,nonword,nonword,1,563
41,2340,24944,50,landig,nonword,nonword,1,NA
41,2180,25187,50,boggy's,nonword,nonword,1,873
41,14698,24824,50,doeier,nonword,word,0,NA
41,21592,24825,50,staals,nonword,nonword,1,903
41,2384,25190,50,baag,nonword,word,0,NA
41,15720,25191,50,ontkweld,nonword,nonword,1,467
41,13644,25192,50,lukvoek,nonword,nonword,1,581
41,12428,25193,50,smerde,nonword,word,0,NA
41,14782,24830,50,hogies,nonword,nonword,1,710
41,15628,24831,50,ontzoet,nonword,word,0,NA
41,4614,25196,50,vokje,nonword,word,0,NA
41,25156,24833,50,kniktes,nonword,word,0,NA
41,14232,25198,50,devels,nonword,nonword,1,559
41,24690,25199,50,verfiend,nonword,nonword,1,814
41,18980,25079,50,sookje,nonword,nonword,1,582
41,1521,24701,50,bestormd,word,word,1,632
41,12187,24702,50,kruiste,word,word,1,628
41,21187,24703,50,sportief,word,word,1,480
41,26573,24704,50,werkje,word,word,1,627
41,22063,25069,50,storen,word,word,1,519
41,23979,24827,50,uzelf,word,word,1,567
41,24591,25071,50,vermengd,word,word,1,517
41,11985,24829,50,kreng,word,word,1,550
41,24991,25073,50,viertjes,word,word,1,531
41,14357,25195,50,mij,word,word,1,444
41,20729,24751,50,software,word,word,1,699
41,14615,24712,50,moetjes,word,word,1,NA
41,22825,25077,50,telden,word,word,1,NA
41,8571,24714,50,handdruk,word,word,1,761
41,10245,24836,50,kaasjes,word,word,1,712
41,4121,25200,50,dief,word,word,1,531
41,16379,24717,50,peddels,word,word,1,721
41,7765,24839,50,gluren,word,word,1,652
41,11141,24880,50,klippen,word,word,1,785
41,22741,25084,50,taxi's,word,word,1,488
41,19617,25085,50,schraapten,word,word,1,683
41,17267,24722,50,praat,word,word,1,540
41,14603,24723,50,moest,word,word,1,684
41,25743,24764,50,vorst,word,word,1,789
41,18017,24725,50,refrein,word,word,1,684
41,5337,24726,50,eh,word,nonword,0,NA
41,5851,24848,50,fietsten,word,word,1,720
41,17475,24728,50,proeve,word,word,1,752
41,1079,24729,50,beer,word,word,1,NA
41,20629,24730,50,snipper,word,nonword,0,NA
41,22097,25095,50,story,word,word,1,520
41,3251,25096,50,charge,word,word,1,602
41,2851,24773,50,brokken,word,word,1,696
41,11445,24976,50,koeien,word,word,1,529
41,25583,25099,50,voorbeeld,word,word,1,505
41,17597,25100,50,puinhoop,word,word,1,522
41,13487,25101,50,loopplank,word,word,1,552
41,16045,25102,50,paal,word,word,1,456
41,26301,25103,50,weeën,word,word,1,748
41,24733,25104,50,versteld,word,word,1,580
41,16121,24741,50,pal,word,word,1,582
41,7639,24742,50,gips,word,word,1,644
41,25713,24743,50,voren,word,word,1,720
41,731,25148,50,bakkers,word,word,1,704
41,17191,24745,50,porten,word,nonword,0,NA
41,23981,24907,50,va,word,nonword,0,NA
41,1421,24868,50,bescheen,word,word,1,659
41,3781,24748,50,dankt,word,word,1,597
41,1555,24749,50,betoog,word,word,1,579
41,24545,24750,50,verleend,word,nonword,0,NA
41,9763,25155,50,ijzer,word,word,1,558
41,26947,25116,50,woei,word,word,1,764
41,27637,25117,50,zinnen,word,word,1,500
41,21859,24754,50,stil,word,word,1,565
41,27053,24997,50,wormpje,word,word,1,509
41,2665,25120,50,brandkraan,word,word,1,596
41,18009,24757,50,reetjes,word,word,1,631
41,10213,25122,50,kaal,word,word,1,NA
41,729,25162,50,bakker,word,word,1,472
41,8893,24760,50,helft,word,word,1,543
41,781,24761,50,balpen,word,word,1,591
41,21539,24762,50,starter,word,word,1,652
41,26709,24763,50,wiel,word,word,1,632
41,18427,25168,50,rock,word,word,1,530
41,11699,25129,50,kopers,word,word,1,517
41,22075,24766,50,stormen,word,word,1,646
41,1937,24888,50,blauwdruk,word,word,1,482
41,2757,24889,50,briefje,word,word,1,517
41,19553,24890,50,schop,word,word,1,550
41,11211,24770,50,klopten,word,word,1,568
41,19091,25135,50,schalde,word,nonword,0,NA
41,7013,25014,50,genen,word,word,1,781
41,8969,24934,50,herberg,word,word,1,568
41,22927,25016,50,testen,word,word,1,513
41,27715,24775,50,zoentje,word,word,1,725
41,23379,24776,50,trachtten,word,word,1,797
41,20251,24777,50,slib,word,word,1,643
41,24811,24778,50,verveeld,word,word,1,767
41,13717,24900,50,maagstreek,word,word,1,616
41,12757,24901,50,leed,word,word,1,470
41,1499,24781,50,beste,word,word,1,517
41,11639,25024,50,kookt,word,word,1,545
41,27781,24904,50,zonet,word,word,1,617
41,4939,25188,50,drug,word,word,1,491
41,10255,24785,50,kabel,word,word,1,645
41,247,25068,50,afbreuk,word,word,1,551
41,3983,25029,50,denkend,word,word,1,687
41,13317,24828,50,listen,word,word,1,551
41,3231,24789,50,centra,word,word,1,627
41,18795,25154,50,ruit,word,word,1,559
41,19833,24871,50,scripts,word,word,1,496
41,25647,24913,50,voorschoot,word,word,1,664
41,16309,25157,50,pastel,word,nonword,0,NA
41,13931,25158,50,mantels,word,word,1,507
41,27833,25159,50,zorgend,word,word,1,523
41,10659,24796,50,kerstfeest,word,word,1,694
41,925,24918,50,basten,word,nonword,0,NA
41,27225,24798,50,zachtst,word,word,1,570
41,1299,24879,50,bemoeid,word,word,1,828
41,21077,24800,50,spiraal,word,word,1,555
41,23183,24801,50,toestaan,word,word,1,579
41,2819,24923,50,broeikas,word,word,1,584
41,27963,24843,50,zwaaide,word,word,1,472
41,18459,24844,50,roeiers,word,word,1,491
41,11849,24805,50,kraal,word,word,1,584
41,12775,24806,50,leegde,word,word,1,582
41,12433,24807,50,kwestie,word,word,1,518
41,6397,25172,50,gangbaar,word,word,1,523
41,13313,25173,50,lires,word,word,1,667
41,26063,24810,50,waarheid,word,word,1,508
41,3281,25175,50,chili,word,word,1,535
41,4125,24812,50,diefstal,word,word,1,497
41,21217,24853,50,sprankje,word,word,1,660
41,6147,24814,50,fractie,word,word,1,512
41,2417,25179,50,boos,word,word,1,399
41,1687,25180,50,bezeerd,word,word,1,645
41,23075,24938,50,tikt,word,word,1,545
41,18027,24939,50,regels,word,word,1,513
41,11395,24819,50,knoopsgat,word,word,1,585
41,17559,24820,50,psalmen,word,word,1,584
41,20155,24821,50,slagers,word,word,1,567
41,17885,24822,50,rauwkost,word,word,1,677
41,8825,24823,50,hegje,word,word,1,704
41,16671,24864,50,pinken,word,word,1,719
41,21785,25189,50,stichters,word,nonword,0,NA
41,18745,24866,50,ruig,word,word,1,454
41,18129,24948,50,renners,word,word,1,583
41,25145,24962,50,vlak,word,word,1,662
41,18565,24990,50,romeins,word,word,1,635
41,6747,25194,50,geintje,word,word,1,573
41,17509,24911,50,prooitje,word,word,1,639
41,13815,25114,50,mag,word,word,1,486
41,21641,25197,50,stel,word,word,1,576
41,6783,24834,50,gekeurd,word,word,1,570
41,5717,24835,50,fan,word,word,1,585
41,13767,24957,50,maansloep,word,nonword,0,NA
41,6801,24998,50,geklapt,word,word,1,510
41,6725,24838,50,gehoord,word,word,1,606
41,10627,25040,50,kerkhof,word,word,1,533
41,19071,25000,50,schade,word,word,1,620
41,967,24894,50,bede,word,nonword,0,NA
41,24059,24842,50,vakgroep,word,word,1,535
41,13019,24883,50,leunden,word,word,1,719
41,22765,25126,50,teefje,word,word,1,572
41,22649,25006,50,tamme,word,word,1,562
41,2871,25128,50,bronzen,word,word,1,532
41,11155,24968,50,klokslag,word,word,1,592
41,20329,25009,50,sloepjes,word,word,1,668
41,23709,24970,50,tuft,word,word,1,813
41,15709,25092,50,ontstaat,word,word,1,445
41,10385,24972,50,kapen,word,nonword,0,NA
41,7539,24852,50,gezicht,word,word,1,498
41,10855,24933,50,kiwi,word,word,1,518
41,20551,24987,50,snappen,word,word,1,522
41,3719,25176,50,dagjes,word,word,1,504
41,9093,24977,50,hierheen,word,word,1,562
41,5079,24857,50,dulden,word,word,1,542
41,18859,25140,50,rusten,word,word,1,506
41,21457,24859,50,stamhoofd,word,word,1,507
41,3551,24981,50,cowboy,word,word,1,586
41,17765,24861,50,rade,word,nonword,0,NA
41,5139,24862,50,duwde,word,word,1,597
41,6097,24943,50,forma,word,nonword,0,NA
41,1301,25065,50,bemoeit,word,word,1,503
41,13159,24905,50,lieve,word,word,1,743
41,7099,25027,50,gerants,word,nonword,0,NA
41,25083,25134,50,vintage,word,word,1,699
41,17407,24921,50,prikten,word,word,1,600
41,1609,24882,50,beveelt,word,word,1,627
41,4277,24991,50,direct,word,word,1,487
41,6677,24964,50,gegaan,word,word,1,561
41,10427,24912,50,karpers,word,word,1,651
41,11835,25115,50,kraaitjes,word,word,1,825
41,3121,24874,50,cactus,word,word,1,446
41,21643,24996,50,stelde,word,word,1,524
41,24397,25118,50,verdwaasd,word,word,1,662
41,19441,25078,50,schoeisels,word,word,1,634
41,10317,24878,50,kalven,word,word,1,674
41,681,24959,50,bacon,word,word,1,621
41,2057,25026,50,bloeide,word,word,1,530
41,7695,25055,50,gletsjer,word,word,1,532
41,10501,25121,50,kazen,word,word,1,578
41,923,25165,50,bastaards,word,word,1,838
41,301,24897,50,agaat,word,nonword,0,NA
41,14039,24925,50,matter,word,nonword,0,NA
41,12687,24926,50,las,word,word,1,577
41,22517,25142,50,sultan,word,word,1,588
41,3499,25049,50,contact,word,word,1,516
41,25165,25010,50,vlas,word,word,1,663
41,15375,24930,50,nota,word,word,1,598
41,22295,24891,50,strips,word,word,1,678
41,8839,25013,50,heidens,word,word,1,NA
41,9883,24999,50,intocht,word,word,1,607
41,23391,25174,50,trager,word,word,1,535
41,3977,24974,50,denkbaar,word,word,1,519
41,19757,24896,50,schuin,word,word,1,474
41,7881,24936,50,gootsteen,word,word,1,600
41,21901,25059,50,stoeien,word,word,1,497
41,8741,25060,50,hecht,word,word,1,514
41,21803,25113,50,stier,word,word,1,600
41,16677,25183,50,pinots,word,word,1,622
41,19789,24942,50,schurk,word,word,1,558
41,6439,25063,50,garnaal,word,word,1,502
41,265,25064,50,afkeer,word,word,1,567
41,3835,24945,50,data,word,word,1,547
41,9137,25053,50,hinde,word,nonword,0,NA
41,531,25093,50,armpjes,word,word,1,432
41,7109,25012,50,geremd,word,word,1,739
41,5213,25043,50,echo,word,word,1,520
41,21933,24914,50,stofjas,word,word,1,723
41,12219,25004,50,kuch,word,word,1,NA
41,8793,24992,50,heertjes,word,word,1,554
41,16381,25086,50,pee,word,nonword,0,NA
41,13231,24931,50,lijntjes,word,word,1,484
41,17647,25036,50,puntjes,word,word,1,514
41,19223,25037,50,schema's,word,word,1,451
41,21087,25050,50,spits,word,word,1,549
41,24521,25054,50,verkoop,word,word,1,465
41,23501,24985,50,trekkend,word,word,1,515
41,25143,25186,50,vlagjes,word,word,1,552
41,25243,25185,50,vlijtig,word,word,1,536
41,27933,25032,50,zullen,word,word,1,491
41,19891,25153,50,sepsis,word,nonword,0,NA
41,26855,24937,50,wils,word,word,1,661
41,22967,24965,50,thema's,word,word,1,529
41,18539,24956,50,rolkraag,word,word,1,719
41,27099,25184,50,wrat,word,word,1,635
41,1689,24954,50,bezem,word,word,1,510
41,3179,24929,50,carrés,word,nonword,0,NA
41,16049,25058,50,paaltjes,word,word,1,528
41,22191,25052,50,streek,word,word,1,499
41,8901,25051,50,hellend,word,word,1,614
41,14147,25171,50,mekka,word,word,1,572
41,23641,24982,50,trouwden,word,word,1,520
41,6779,25178,50,gekend,word,word,1,426
41,22867,25076,50,tenger,word,word,1,556
41,21421,25035,50,stafchefs,word,word,1,NA
41,12185,25130,50,kruispunt,word,word,1,485
41,9625,24995,50,huizen,word,word,1,473
41,4883,25057,50,dromen,word,word,1,494
41,23141,24955,50,tochtje,word,word,1,543
42,5758,24931,50,saupa,nonword,nonword,1,473
42,26224,24758,50,marven,nonword,nonword,1,463
42,6980,24856,50,gemield,nonword,nonword,1,432
42,20532,24851,50,snaan,nonword,nonword,1,488
42,26608,24850,50,werkmert,nonword,nonword,1,452
42,8520,24853,50,balven,nonword,nonword,1,582
42,4100,24810,50,wochten,nonword,nonword,1,532
42,6528,24823,50,gepricht,nonword,nonword,1,543
42,5860,24712,50,soener,nonword,nonword,1,488
42,20432,24805,50,tweekte,nonword,nonword,1,481
42,18144,24879,50,debliek,nonword,nonword,1,445
42,9154,24908,50,horkend,nonword,nonword,1,468
42,4334,24717,50,dea,nonword,nonword,1,609
42,9594,24838,50,haalarts,nonword,nonword,1,527
42,24038,24764,50,michtje,nonword,nonword,1,510
42,8802,24702,50,hoot,nonword,nonword,1,473
42,7650,24720,50,nassen,nonword,nonword,1,502
42,10444,24936,50,kartoe,nonword,nonword,1,454
42,21486,24713,50,stempje,nonword,nonword,1,539
42,16062,24875,50,raars,nonword,word,0,NA
42,6524,24836,50,gebooi,nonword,nonword,1,458
42,10376,24766,50,montje,nonword,nonword,1,571
42,9446,24971,50,leepjes,nonword,nonword,1,421
42,17896,24972,50,baven,nonword,nonword,1,441
42,12076,24786,50,troes,nonword,nonword,1,527
42,20454,24970,50,froller,nonword,nonword,1,482
42,9916,24895,50,inuur,nonword,nonword,1,472
42,23912,24723,50,einleg,nonword,nonword,1,460
42,16746,24912,50,vlacht,nonword,nonword,1,574
42,7418,24894,50,nelers,nonword,nonword,1,536
42,3448,24833,50,colks,nonword,nonword,1,435
42,13472,24806,50,heintje,nonword,nonword,1,707
42,17484,24727,50,pluffen,nonword,word,0,NA
42,5804,24969,50,fil,nonword,nonword,1,547
42,19212,24983,50,schopen,nonword,nonword,1,532
42,15850,24863,50,oostvast,nonword,word,0,NA
42,15700,24825,50,ontplaat,nonword,nonword,1,479
42,17264,24772,50,prooise,nonword,nonword,1,475
42,6664,24866,50,geëldt,nonword,nonword,1,433
42,28108,24867,50,zwalmpje,nonword,word,0,NA
42,19206,24976,50,schesten,nonword,nonword,1,417
42,11644,24845,50,rool,nonword,nonword,1,499
42,4554,24952,50,doorriens,nonword,nonword,1,456
42,5298,24926,50,uitsten,nonword,nonword,1,605
42,476,24993,50,anpo,nonword,nonword,1,384
42,19444,24954,50,stroen,nonword,nonword,1,492
42,17472,24781,50,vliestend,nonword,nonword,1,491
42,2400,24956,50,boolplam,nonword,nonword,1,543
42,21942,24957,50,stot,nonword,word,0,NA
42,10680,24958,50,mitters,nonword,nonword,1,571
42,16052,24919,50,taam,nonword,word,0,NA
42,3780,24880,50,minken,nonword,nonword,1,592
42,24946,24719,50,dego,nonword,nonword,1,500
42,1860,24962,50,himsen,nonword,nonword,1,361
42,17926,24844,50,wichters,nonword,nonword,1,565
42,25158,24885,50,vlom,nonword,nonword,1,443
42,24056,24992,50,meker,nonword,nonword,1,561
42,17062,24966,50,parttes,nonword,nonword,1,523
42,2466,24886,50,herrels,nonword,nonword,1,528
42,12340,24955,50,kunttijn,nonword,nonword,1,543
42,4582,25009,50,doorsteld,nonword,nonword,1,426
42,19026,25010,50,schoel,nonword,nonword,1,479
42,15156,25011,50,nokto,nonword,nonword,1,466
42,24956,24891,50,weilen,nonword,nonword,1,531
42,10784,24852,50,wuikje,nonword,nonword,1,651
42,20446,24974,50,kwikte,nonword,word,0,NA
42,1724,25015,50,bevrour,nonword,nonword,1,419
42,20822,24842,50,spaarzit,nonword,nonword,1,431
42,13834,24763,50,malks,nonword,nonword,1,492
42,4620,24965,50,hosen,nonword,nonword,1,590
42,1942,24939,50,dranen,nonword,nonword,1,488
42,6514,25020,50,gebield,nonword,nonword,1,460
42,5678,24767,50,extraag,nonword,nonword,1,538
42,11878,24861,50,klobben,nonword,nonword,1,635
42,6714,25023,50,gehoogst,nonword,nonword,1,472
42,18086,25024,50,kekert,nonword,nonword,1,618
42,16418,24824,50,paandde,nonword,nonword,1,543
42,12646,24946,50,bonge,nonword,word,0,NA
42,3244,24785,50,tralels,nonword,nonword,1,443
42,22826,25028,50,torden,nonword,nonword,1,555
42,17010,25016,50,piezen,nonword,nonword,1,616
42,23368,24977,50,traankis,nonword,nonword,1,487
42,25612,24830,50,voorbijn,nonword,nonword,1,540
42,12414,25032,50,vreek,nonword,nonword,1,546
42,2490,25033,50,bapje,nonword,nonword,1,610
42,11256,24994,50,zwaagdeur,nonword,nonword,1,486
42,3776,24914,50,dang,nonword,nonword,1,414
42,23780,24996,50,tulps,nonword,word,0,NA
42,5108,24916,50,murmde,nonword,nonword,1,512
42,668,24917,50,huitte,nonword,nonword,1,497
42,3968,24959,50,kenons,nonword,nonword,1,410
42,7228,24960,50,zesp,nonword,nonword,1,416
42,2238,25001,50,huikjaar,nonword,nonword,1,498
42,8270,25002,50,graadheid,nonword,nonword,1,437
42,27570,25003,50,tiezer,nonword,nonword,1,457
42,28106,25044,50,vlerven,nonword,nonword,1,459
42,19648,25005,50,schreemd,nonword,nonword,1,461
42,4122,25006,50,daaf,nonword,nonword,1,513
42,27302,25047,50,zandvak,nonword,word,0,NA
42,1240,25008,50,beraart,nonword,nonword,1,420
42,22700,24928,50,tazar,nonword,nonword,1,428
42,10340,24808,50,kansmuur,nonword,nonword,1,565
42,5560,24930,50,enkt,nonword,nonword,1,420
42,20994,25052,50,klenen,nonword,nonword,1,506
42,14882,25053,50,runsen,nonword,nonword,1,444
42,4374,24893,50,dous,nonword,nonword,1,418
42,5488,25055,50,em,nonword,nonword,1,607
42,9006,25056,50,hensie,nonword,nonword,1,460
42,24524,25057,50,verboogd,nonword,nonword,1,432
42,532,24857,50,elmpjes,nonword,nonword,1,515
42,26556,24858,50,weft,nonword,nonword,1,485
42,22710,25060,50,salot,nonword,nonword,1,614
42,12804,24900,50,woerde,nonword,nonword,1,452
42,11158,24901,50,klof,nonword,nonword,1,536
42,23372,25063,50,vlaartjes,nonword,nonword,1,535
42,1226,24943,50,beklort,nonword,nonword,1,500
42,17046,25065,50,poonsen,nonword,nonword,1,473
42,9584,24905,50,loolden,nonword,nonword,1,424
42,9274,25067,50,dege,nonword,nonword,1,524
42,24278,24704,50,donkel,nonword,nonword,1,572
42,24136,25029,50,vant,nonword,nonword,1,475
42,2576,24707,50,baadwerk,nonword,nonword,1,512
42,5018,24910,50,puif,nonword,nonword,1,506
42,14716,25072,50,vop,nonword,nonword,1,508
42,26294,25073,50,wegboop,nonword,nonword,1,525
42,522,24953,50,artij,nonword,nonword,1,508
42,16650,25075,50,zellen,nonword,nonword,1,522
42,19550,25076,50,scheerstijn,nonword,nonword,1,619
42,11328,25077,50,pluitje,nonword,word,0,NA
42,13010,24714,50,heuk,nonword,nonword,1,459
42,16524,25079,50,tusten,nonword,nonword,1,630
42,13530,25000,50,wost,nonword,nonword,1,477
42,22078,25081,50,stengloop,nonword,nonword,1,687
42,1742,24840,50,bijd,nonword,nonword,1,670
42,13070,25083,50,lichtdroon,nonword,nonword,1,694
42,21162,25084,50,greerdijk,nonword,nonword,1,592
42,26338,24843,50,koorbaar,nonword,nonword,1,532
42,14268,24722,50,dasses,nonword,nonword,1,506
42,24678,25087,50,verstreet,nonword,nonword,1,496
42,26662,25048,50,hotens,nonword,nonword,1,477
42,1770,24968,50,hiet,nonword,nonword,1,496
42,17688,25090,50,roed,nonword,nonword,1,537
42,11590,25091,50,dormen,nonword,nonword,1,569
42,12186,24728,50,kruiscent,nonword,nonword,1,540
42,15568,25093,50,omzot,nonword,nonword,1,645
42,11532,24973,50,megel,nonword,nonword,1,510
42,21030,25095,50,brier,nonword,nonword,1,620
42,25304,24854,50,drakken,nonword,nonword,1,NA
42,16576,25097,50,pien,nonword,nonword,1,598
42,5912,24897,50,sannen,nonword,nonword,1,476
42,458,24898,50,ampkrig,nonword,nonword,1,446
42,21302,25100,50,spron,nonword,nonword,1,473
42,5216,24859,50,ekwa's,nonword,nonword,1,456
42,8910,24860,50,bolmpje,nonword,nonword,1,540
42,15748,24739,50,ontdiet,nonword,nonword,1,433
42,25262,25104,50,vloerklad,nonword,nonword,1,590
42,8676,24741,50,borken,nonword,nonword,1,442
42,16566,25066,50,poop,nonword,nonword,1,523
42,26000,24744,50,paag,nonword,nonword,1,467
42,9068,25108,50,hijf,nonword,nonword,1,490
42,18706,24745,50,roud,nonword,nonword,1,454
42,21326,24868,50,grallen,nonword,nonword,1,520
42,21332,24708,50,slurts,nonword,nonword,1,433
42,3238,24870,50,centrant,nonword,nonword,1,607
42,27404,25113,50,tagje,nonword,word,0,NA
42,15036,24750,50,sette,nonword,nonword,1,563
42,13182,24751,50,lipsen,nonword,word,0,NA
42,13716,25116,50,maagween,nonword,nonword,1,493
42,10972,24753,50,broding,nonword,nonword,1,442
42,23238,24997,50,telk,nonword,nonword,1,594
42,26754,24998,50,roeding,nonword,nonword,1,528
42,21026,25040,50,kluigel,nonword,nonword,1,427
42,26674,25121,50,lemel,nonword,nonword,1,503
42,28116,25122,50,vlermer,nonword,nonword,1,506
42,276,25123,50,arschrikt,nonword,nonword,1,492
42,10542,24760,50,meuen,nonword,nonword,1,468
42,6544,24761,50,geklaand,nonword,nonword,1,470
42,10292,24762,50,kalp,nonword,nonword,1,506
42,23636,25127,50,troup,nonword,nonword,1,483
42,6102,25128,50,lorneel,nonword,nonword,1,453
42,15014,24765,50,fave,nonword,nonword,1,638
42,22596,25130,50,taspieu,nonword,nonword,1,444
42,20310,25131,50,blappers,nonword,nonword,1,672
42,22916,25132,50,terbuur,nonword,nonword,1,491
42,25864,25012,50,snoeheid,nonword,nonword,1,404
42,374,25013,50,andang,nonword,nonword,1,410
42,2194,24771,50,hedem,nonword,nonword,1,505
42,17158,25136,50,paakje,nonword,nonword,1,557
42,6096,25137,50,loral,nonword,nonword,1,461
42,7158,25098,50,geschums,nonword,nonword,1,517
42,4822,25099,50,drils,nonword,nonword,1,NA
42,21420,25140,50,stafslaf,nonword,nonword,1,532
42,26048,24777,50,maard,nonword,nonword,1,618
42,25154,25142,50,snekten,nonword,nonword,1,519
42,5444,25143,50,armers,nonword,nonword,1,680
42,14024,25144,50,dadig,nonword,nonword,1,530
42,3556,25145,50,cledim,nonword,nonword,1,483
42,7676,25025,50,wronzen,nonword,nonword,1,504
42,14494,25147,50,molkend,nonword,nonword,1,601
42,4766,25027,50,droof,nonword,word,0,NA
42,18220,25149,50,mib,nonword,nonword,1,490
42,18630,25150,50,reekt,nonword,nonword,1,572
42,304,24747,50,abant,nonword,nonword,1,493
42,182,24788,50,estten,nonword,nonword,1,452
42,17646,24789,50,pitsje,nonword,nonword,1,568
42,3376,25154,50,clope,nonword,nonword,1,479
42,15756,25034,50,onval,nonword,nonword,1,431
42,3658,25156,50,doorzij,nonword,nonword,1,676
42,11254,24915,50,vloogde,nonword,nonword,1,627
42,4958,24794,50,grekken,nonword,nonword,1,530
42,19628,25038,50,schrop,nonword,nonword,1,520
42,2580,25080,50,bown,nonword,nonword,1,627
42,7544,25161,50,gedon,nonword,nonword,1,493
42,21468,24920,50,storkte,nonword,nonword,1,532
42,7344,24799,50,getregd,nonword,nonword,1,489
42,15914,24801,50,opweep,nonword,nonword,1,531
42,8434,25165,50,leerdos,nonword,nonword,1,579
42,24608,25045,50,vervaaid,nonword,nonword,1,527
42,14782,25046,50,hogies,nonword,nonword,1,496
42,14420,24804,50,milts,nonword,nonword,1,428
42,11360,25169,50,knusmes,nonword,nonword,1,600
42,10602,25170,50,monnis,nonword,nonword,1,597
42,3950,25171,50,deng,nonword,nonword,1,563
42,21780,25172,50,stomig,nonword,word,0,NA
42,10374,24809,50,ronten,nonword,nonword,1,533
42,17146,25174,50,peinten,nonword,nonword,1,624
42,13066,25054,50,lecht,nonword,nonword,1,544
42,9654,25176,50,hipor,nonword,nonword,1,432
42,464,24813,50,eljer,nonword,nonword,1,455
42,26332,24814,50,rijnde,nonword,word,0,NA
42,2706,25139,50,broekt,nonword,nonword,1,516
42,16432,24938,50,perkrims,nonword,nonword,1,602
42,11968,24817,50,kleek,nonword,nonword,1,517
42,538,25061,50,antsteel,nonword,nonword,1,516
42,1910,25183,50,traten,nonword,nonword,1,481
42,5574,25184,50,erteur,nonword,nonword,1,452
42,12418,25185,50,kwijkt,nonword,nonword,1,616
42,9316,25186,50,lopsters,nonword,nonword,1,676
42,6616,25187,50,geneurd,nonword,nonword,1,511
42,8804,25188,50,liette,nonword,word,0,NA
42,13204,25189,50,heefje,nonword,nonword,1,523
42,12322,24948,50,mulken,nonword,nonword,1,523
42,2570,25070,50,booisel,nonword,nonword,1,531
42,11898,25071,50,trekers,nonword,nonword,1,NA
42,20494,25193,50,vroten,nonword,nonword,1,509
42,26238,25194,50,wos,nonword,nonword,1,654
42,9510,25074,50,lerten,nonword,nonword,1,637
42,18504,25196,50,koenen,nonword,nonword,1,525
42,27452,25197,50,zenttoord,nonword,nonword,1,492
42,19874,24834,50,fakten,nonword,nonword,1,519
42,12926,25199,50,helijd,nonword,nonword,1,512
42,27426,25200,50,tielen,nonword,nonword,1,NA
42,22623,24701,50,take,word,nonword,0,NA
42,23455,24944,50,trechters,word,word,1,534
42,19035,24703,50,schaamhaar,word,word,1,540
42,21721,25068,50,sterkst,word,word,1,461
42,20763,24705,50,sommen,word,word,1,492
42,8837,24706,50,heiden,word,nonword,0,NA
42,12333,24828,50,kust,word,word,1,423
42,15773,24829,50,oogarts,word,word,1,508
42,24915,24709,50,verzwaard,word,word,1,630
42,2453,24710,50,bordjes,word,word,1,450
42,16435,24711,50,pelsje,word,word,1,502
42,27631,24752,50,zinken,word,word,1,372
42,14275,25198,50,mestvaalt,word,nonword,0,NA
42,22613,25078,50,tafel,word,word,1,467
42,11629,24715,50,kooitje,word,nonword,0,NA
42,13907,24716,50,manga's,word,nonword,0,NA
42,26397,24757,50,wegdek,word,word,1,426
42,24789,24718,50,vertrek,word,word,1,398
42,8197,24961,50,groep,word,word,1,437
42,27543,24841,50,zieke,word,word,1,393
42,20897,24721,50,speeches,word,word,1,487
42,27507,25086,50,zetje,word,nonword,0,NA
42,27871,24884,50,zowat,word,word,1,455
42,19357,24724,50,schijfje,word,word,1,447
42,23631,24725,50,trottoir,word,word,1,466
42,3681,24726,50,daarstraks,word,word,1,534
42,12239,24848,50,kuil,word,word,1,444
42,28161,25092,50,zwitsers,word,word,1,633
42,19127,24729,50,schatjes,word,word,1,475
42,3225,24730,50,centen,word,word,1,382
42,469,24731,50,ankers,word,word,1,437
42,15839,24732,50,oost,word,word,1,361
42,10179,24733,50,junks,word,word,1,497
42,1425,24734,50,beschermt,word,word,1,434
42,21971,24735,50,stolpen,word,nonword,0,NA
42,3985,24736,50,denker,word,nonword,0,NA
42,17517,24737,50,proper,word,word,1,446
42,17653,24738,50,pups,word,word,1,579
42,12719,25103,50,latex,word,word,1,NA
42,3639,24740,50,daagjes,word,word,1,438
42,15805,25105,50,oompjes,word,word,1,444
42,20789,24742,50,sorbets,word,word,1,526
42,14775,24743,50,motels,word,word,1,447
42,18671,24865,50,rotors,word,nonword,0,NA
42,22251,25109,50,striempjes,word,word,1,635
42,23733,24746,50,tuintjes,word,word,1,458
42,1631,25111,50,bevond,word,word,1,604
42,25013,24748,50,vijftig,word,word,1,415
42,5009,24749,50,duider,word,word,1,547
42,21389,25114,50,staatsgreep,word,word,1,492
42,4091,25115,50,dia's,word,word,1,591
42,13889,24792,50,mams,word,word,1,530
42,15757,25117,50,onwil,word,word,1,606
42,3433,24754,50,cola's,word,word,1,559
42,207,24755,50,actief,word,word,1,398
42,21521,24756,50,star,word,word,1,388
42,12309,24797,50,kunstwerk,word,word,1,396
42,2273,24798,50,boertje,word,word,1,387
42,17547,24759,50,pruimen,word,word,1,498
42,20277,25124,50,slikken,word,word,1,557
42,20669,25125,50,snoof,word,nonword,0,NA
42,4647,25126,50,dot,word,nonword,0,NA
42,1801,24803,50,bijna,word,word,1,423
42,1107,25168,50,begeeft,word,word,1,535
42,17759,25129,50,rad,word,word,1,489
42,5887,24887,50,filmers,word,word,1,576
42,4137,24888,50,dienden,word,word,1,462
42,15549,24768,50,omschreef,word,word,1,459
42,15463,24769,50,oeuvres,word,nonword,0,NA
42,28089,24770,50,zwempak,word,word,1,403
42,15799,25135,50,ook,word,nonword,0,NA
42,15771,25014,50,oog,word,word,1,464
42,793,24773,50,bamboes,word,word,1,493
42,10037,24774,50,jeugdvriend,word,word,1,447
42,10279,24775,50,kajaks,word,word,1,531
42,10373,24776,50,kanten,word,word,1,388
42,27229,25141,50,zadels,word,word,1,517
42,11903,24778,50,kramen,word,word,1,NA
42,21291,24779,50,sproetjes,word,word,1,435
42,25521,24780,50,volstaat,word,word,1,472
42,1809,24902,50,bijstand,word,word,1,473
42,1315,24782,50,benen,word,word,1,461
42,21673,24783,50,stemming,word,word,1,448
42,23359,24784,50,touwtjes,word,word,1,389
42,17455,24906,50,procent,word,word,1,461
42,8931,24907,50,hemden,word,word,1,431
42,16241,24787,50,parken,word,word,1,432
42,12013,25152,50,kriek,word,word,1,491
42,25693,25153,50,voorwaar,word,word,1,509
42,17941,24790,50,rechtstreeks,word,word,1,471
42,9965,24791,50,jaloers,word,word,1,379
42,27073,24832,50,wortels,word,word,1,430
42,6883,24793,50,gelde,word,nonword,0,NA
42,4607,25158,50,dopers,word,nonword,0,NA
42,3851,24795,50,de,word,word,1,434
42,6955,24796,50,geluid,word,word,1,391
42,27387,24837,50,zegden,word,word,1,493
42,1403,24878,50,beroerd,word,word,1,474
42,13835,25163,50,majoor,word,word,1,460
42,26915,24800,50,wissen,word,word,1,412
42,5201,24922,50,dwong,word,word,1,489
42,14673,24802,50,mongool,word,nonword,0,NA
42,21049,24964,50,spijlen,word,nonword,0,NA
42,23341,24924,50,totem,word,word,1,588
42,17083,24925,50,poll,word,nonword,0,NA
42,14289,24927,50,meting,word,word,1,522
42,22553,24807,50,swings,word,nonword,0,NA
42,18765,24929,50,ruimde,word,word,1,465
42,22233,25173,50,strenger,word,word,1,560
42,9389,24890,50,hoofds,word,nonword,0,NA
42,21945,24811,50,stoken,word,word,1,597
42,17605,24812,50,puistjes,word,word,1,467
42,17089,25177,50,polo,word,word,1,517
42,1773,25178,50,biezen,word,word,1,581
42,7011,24815,50,geneigd,word,word,1,411
42,5749,24816,50,fataal,word,word,1,432
42,5811,25181,50,felste,word,word,1,563
42,2049,24818,50,bloeding,word,word,1,438
42,15697,24819,50,ontruimd,word,word,1,458
42,6417,24820,50,gapen,word,word,1,558
42,9047,24821,50,hetgeen,word,word,1,590
42,25689,24822,50,vooruit,word,word,1,443
42,8623,24984,50,hangmat,word,word,1,549
42,9851,24945,50,innen,word,word,1,567
42,22041,24986,50,stootten,word,word,1,474
42,10019,24826,50,jeans,word,word,1,449
42,2391,24827,50,boomgaard,word,word,1,517
42,25667,24949,50,voorst,word,nonword,0,NA
42,5459,24950,50,eng,word,word,1,398
42,10627,24951,50,kerkhof,word,word,1,452
42,26281,24831,50,weber,word,nonword,0,NA
42,15149,24872,50,netjes,word,word,1,415
42,15363,24873,50,norm,word,word,1,436
42,6609,24874,50,geduid,word,word,1,441
42,3655,24835,50,daaraan,word,word,1,520
42,20541,24876,50,snackbars,word,word,1,556
42,22391,24877,50,struweel,word,nonword,0,NA
42,24697,24918,50,verslag,word,word,1,451
42,20267,24839,50,slijmvlies,word,word,1,559
42,8115,25082,50,grijnsden,word,word,1,633
42,1007,24881,50,bedreigt,word,word,1,446
42,16849,24963,50,playboys,word,word,1,609
42,1535,24883,50,bestuur,word,word,1,369
42,26137,25085,50,wakken,word,nonword,0,NA
42,1071,25166,50,beende,word,word,1,481
42,14759,24846,50,moslims,word,word,1,501
42,12361,24847,50,kwaaltje,word,word,1,456
42,5519,25049,50,ergo,word,word,1,480
42,24447,24849,50,vergist,word,word,1,431
42,13575,25051,50,luchtjes,word,word,1,454
42,4105,25133,50,dichtheid,word,word,1,524
42,23855,25094,50,tyfoon,word,word,1,NA
42,8135,24933,50,grijze,word,word,1,415
42,5807,24975,50,felle,word,word,1,529
42,13375,24855,50,logboek,word,word,1,493
42,23015,24896,50,tieren,word,word,1,522
42,14983,24978,50,nadeel,word,word,1,521
42,25627,24979,50,voorkwam,word,word,1,474
42,22065,24980,50,storend,word,word,1,461
42,24065,24981,50,vakken,word,word,1,544
42,3257,24982,50,charme,word,word,1,448
42,5139,24862,50,duwde,word,word,1,408
42,3899,24903,50,deemoed,word,nonword,0,NA
42,23467,24864,50,treeën,word,nonword,0,NA
42,24773,25026,50,verten,word,nonword,0,NA
42,15401,24987,50,nummer,word,word,1,381
42,1861,24988,50,bipsjes,word,nonword,0,NA
42,25411,24989,50,voerman,word,word,1,489
42,26453,24869,50,weldaad,word,nonword,0,NA
42,21215,24991,50,spraken,word,word,1,528
42,1759,24871,50,biertjes,word,word,1,460
42,25783,25019,50,vragen,word,word,1,358
42,17345,24913,50,prentjes,word,word,1,509
42,14457,25035,50,minor,word,word,1,611
42,28031,25036,50,zwarter,word,word,1,497
42,7621,25037,50,gillen,word,word,1,435
42,26115,25159,50,wachttijd,word,word,1,436
42,25957,25119,50,vulgair,word,word,1,482
42,9945,24999,50,jackets,word,word,1,625
42,4867,25041,50,droevig,word,word,1,480
42,25375,24921,50,voegde,word,word,1,453
42,9297,24882,50,hole,word,nonword,0,NA
42,7439,24923,50,gevoeld,word,word,1,522
42,26133,25004,50,waken,word,word,1,508
42,22185,24911,50,streefde,word,word,1,475
42,2877,25007,50,broodjes,word,word,1,482
42,15959,24967,50,order,word,word,1,444
42,14929,25089,50,naald,word,word,1,452
42,7871,24889,50,gooiden,word,word,1,434
42,8385,25064,50,haai,word,word,1,536
42,5375,24904,50,eindjes,word,word,1,385
42,6443,24892,50,gassen,word,word,1,579
42,16017,25134,50,oudste,word,word,1,509
42,19291,24934,50,scherpten,word,word,1,501
42,23687,24935,50,trutten,word,word,1,550
42,25761,24909,50,vouwtje,word,word,1,504
42,7085,25018,50,gepreekt,word,word,1,566
42,24833,24937,50,vervormd,word,word,1,506
42,7709,24899,50,glijden,word,word,1,499
42,19209,25021,50,schele,word,word,1,432
42,14463,25022,50,minste,word,word,1,452
42,15615,24942,50,onrein,word,nonword,0,NA
42,20027,25157,50,sikkels,word,word,1,462
42,17731,25118,50,raar,word,word,1,396
42,21885,24985,50,stinker,word,word,1,372
42,11369,25148,50,knipte,word,word,1,470
42,20265,24947,50,slijmen,word,word,1,422
42,10351,25069,50,kano,word,word,1,448
42,1209,25043,50,bekijkt,word,word,1,439
42,3201,25031,50,ceintuurs,word,word,1,530
42,13513,25192,50,lorren,word,nonword,0,NA
42,20199,25059,50,slechte,word,word,1,417
42,8287,25195,50,grootsheid,word,word,1,474
42,15329,25155,50,nood,word,word,1,481
42,20083,24995,50,skeelers,word,nonword,0,NA
42,22105,25050,50,stoute,word,word,1,451
42,1159,25182,50,behoeft,word,word,1,561
42,13143,25096,50,liepen,word,word,1,600
42,8797,25039,50,heester,word,word,1,488
42,22413,25120,50,stuipen,word,word,1,469
42,8939,25162,50,hen,word,word,1,591
42,12499,25167,50,laat,word,word,1,467
42,555,25164,50,asiel,word,word,1,463
42,25959,25110,50,vulkaan,word,word,1,472
42,23227,25112,50,togen,word,nonword,0,NA
42,8059,25175,50,grenzend,word,word,1,444
42,22573,24940,50,taaie,word,word,1,443
42,5295,25088,50,eerste,word,word,1,466
42,23407,25062,50,trainers,word,word,1,469
42,24243,25017,50,veldbed,word,word,1,533
42,16909,25180,50,ploegbaas,word,word,1,597
42,8301,24932,50,gros,word,word,1,460
42,13423,25107,50,lomp,word,word,1,404
42,27063,25102,50,worst,word,word,1,430
42,19479,25160,50,scholing,word,word,1,441
42,27865,25191,50,zoveel,word,word,1,447
42,16045,24941,50,paal,word,word,1,543
42,23181,25101,50,toespraak,word,word,1,559
42,22059,24990,50,stopte,word,word,1,410
42,17833,25179,50,rands,word,word,1,500
42,10767,25146,50,kiezer,word,word,1,470
42,12551,25030,50,laesies,word,nonword,0,NA
42,3093,25058,50,butlers,word,word,1,613
42,2671,25042,50,brandt,word,word,1,435
42,28107,25106,50,zwermpje,word,word,1,448
42,15409,25138,50,nut,word,word,1,464
42,1785,25190,50,bijeen,word,nonword,0,NA
42,3743,25151,50,dalend,word,word,1,524
5,4700,24701,50,broeideur,nonword,nonword,1,769
5,15422,24702,50,objang,nonword,nonword,1,793
5,24910,24703,50,verrat,nonword,nonword,1,1086
5,11384,24825,50,knilploeg,nonword,nonword,1,747
5,14530,24705,50,mitsviet,nonword,nonword,1,551
5,14308,24706,50,deibel,nonword,nonword,1,599
5,10044,24828,50,jederf,nonword,nonword,1,673
5,1060,24708,50,bootsjes,nonword,nonword,1,517
5,1494,24709,50,bedrijns,nonword,nonword,1,630
5,864,24710,50,barin,nonword,word,0,NA
5,9756,24711,50,ijsmuid,nonword,nonword,1,846
5,904,24712,50,hapes,nonword,nonword,1,1314
5,8076,24713,50,bruiken,nonword,nonword,1,788
5,24946,24835,50,dego,nonword,word,0,NA
5,1232,24715,50,bevreend,nonword,nonword,1,691
5,27410,24716,50,gegt,nonword,nonword,1,477
5,15384,24717,50,setie,nonword,nonword,1,687
5,28032,24718,50,snakter,nonword,nonword,1,618
5,9270,24961,50,soevo,nonword,nonword,1,662
5,6424,24720,50,gaft,nonword,nonword,1,577
5,25822,24842,50,troten,nonword,nonword,1,668
5,28124,24722,50,vleren,nonword,nonword,1,620
5,21668,24723,50,stofden,nonword,nonword,1,810
5,19368,25088,50,schootsel,nonword,nonword,1,840
5,12514,24725,50,lalg,nonword,nonword,1,785
5,19256,24726,50,schessing,nonword,nonword,1,679
5,11720,25091,50,cotaal,nonword,nonword,1,851
5,12080,25092,50,grolus,nonword,nonword,1,791
5,20794,24729,50,cou,nonword,nonword,1,760
5,17980,25094,50,boders,nonword,nonword,1,1002
5,7620,25095,50,gerden,nonword,nonword,1,NA
5,25884,25096,50,snijger,nonword,nonword,1,NA
5,9508,24733,50,holk,nonword,word,0,NA
5,23332,25098,50,polens,nonword,nonword,1,456
5,1440,24735,50,beschrijpt,nonword,word,0,NA
5,1340,24736,50,bekrijt,nonword,nonword,1,1041
5,15938,24737,50,altisch,nonword,nonword,1,988
5,13746,24778,50,moen,nonword,nonword,1,665
5,9546,24739,50,lout,nonword,nonword,1,703
5,19988,25104,50,shoks,nonword,word,0,NA
5,6932,24741,50,geleigd,nonword,nonword,1,650
5,12498,24863,50,taap,nonword,nonword,1,616
5,20096,24864,50,crunk,nonword,nonword,1,518
5,8842,24744,50,hijl,nonword,nonword,1,703
5,4442,24866,50,molweg,nonword,nonword,1,598
5,6832,25110,50,geplaai,nonword,word,0,NA
5,7080,24989,50,gehietst,nonword,nonword,1,612
5,5008,25112,50,kieden,nonword,nonword,1,752
5,7432,25113,50,geblecht,nonword,nonword,1,775
5,16678,24790,50,pinels,nonword,nonword,1,733
5,23936,24751,50,uitslocht,nonword,nonword,1,912
5,12840,24752,50,laast,nonword,word,0,NA
5,3078,25117,50,hus,nonword,nonword,1,1080
5,27800,24794,50,taagdier,nonword,nonword,1,684
5,684,24997,50,baf,nonword,word,0,NA
5,21900,24756,50,stongs,nonword,nonword,1,675
5,19186,24757,50,schoet,nonword,nonword,1,542
5,22252,24758,50,strietches,nonword,nonword,1,557
5,21598,25123,50,steintjes,nonword,nonword,1,703
5,6540,24760,50,gespeeks,nonword,nonword,1,755
5,1872,24882,50,bilstrop,nonword,nonword,1,731
5,24688,24762,50,venzie,nonword,nonword,1,716
5,19192,24763,50,scheegden,nonword,nonword,1,518
5,4962,24885,50,brekker,nonword,word,0,NA
5,21274,24886,50,sprintstank,nonword,word,0,NA
5,390,24766,50,andooi,nonword,nonword,1,574
5,7246,24767,50,gesplik,nonword,nonword,1,653
5,17796,24768,50,sacet,nonword,nonword,1,649
5,7102,25133,50,gelocht,nonword,nonword,1,NA
5,12016,24770,50,kluiken,nonword,word,0,NA
5,8920,25135,50,berpers,nonword,nonword,1,565
5,2246,24772,50,hookten,nonword,nonword,1,620
5,27450,24773,50,zenspant,nonword,nonword,1,554
5,3548,24774,50,joler,nonword,nonword,1,474
5,23040,24896,50,tookloos,nonword,word,0,NA
5,1414,25140,50,belost,nonword,nonword,1,930
5,10026,24777,50,jeeks,nonword,nonword,1,670
5,15530,24818,50,okraal,nonword,nonword,1,557
5,4622,25143,50,dolg,nonword,word,0,NA
5,21344,24780,50,ste,nonword,word,0,NA
5,7622,24781,50,nallen,nonword,nonword,1,795
5,17172,24782,50,pafje,nonword,nonword,1,1201
5,3326,24783,50,cemkel,nonword,nonword,1,582
5,15188,24784,50,semels,nonword,nonword,1,565
5,1906,24785,50,plaast,nonword,nonword,1,NA
5,7954,25149,50,klaf,nonword,nonword,1,553
5,26466,24787,50,holig,nonword,word,0,NA
5,4114,24788,50,rachtte,nonword,nonword,1,1222
5,17800,25153,50,rakky's,nonword,nonword,1,1067
5,25242,24830,50,zwijt,nonword,word,0,NA
5,15604,25155,50,onpands,nonword,nonword,1,616
5,22430,25156,50,bruk,nonword,word,0,NA
5,13110,24914,50,deiden,nonword,nonword,1,542
5,5542,24834,50,erdi,nonword,nonword,1,674
5,17916,24795,50,dechtdaar,nonword,nonword,1,631
5,26108,25160,50,dechters,nonword,nonword,1,598
5,24046,24797,50,hege,nonword,word,0,NA
5,15078,25161,50,naamt,nonword,word,0,NA
5,6738,24920,50,gehoend,nonword,nonword,1,913
5,8774,25164,50,loorlijk,nonword,nonword,1,834
5,8412,24801,50,hoelt,nonword,nonword,1,1085
5,27418,24923,50,tielboot,nonword,nonword,1,661
5,1384,24803,50,beloep,nonword,nonword,1,800
5,9814,24804,50,endef,nonword,nonword,1,550
5,25650,24805,50,voorschim,nonword,nonword,1,758
5,19724,24806,50,schrak,nonword,nonword,1,716
5,7336,25171,50,getaamd,nonword,nonword,1,663
5,21308,25172,50,spreuden,nonword,nonword,1,562
5,17088,24809,50,porgt,nonword,nonword,1,513
5,13580,24810,50,luchtbiep,nonword,nonword,1,834
5,5122,24811,50,mitjes,nonword,nonword,1,806
5,980,24812,50,bedams,nonword,word,0,NA
5,6058,25177,50,soetas,nonword,nonword,1,980
5,21628,25178,50,stet,nonword,nonword,1,563
5,12076,24936,50,troes,nonword,nonword,1,649
5,7878,24816,50,goop,nonword,nonword,1,489
5,20874,24978,50,klette,nonword,nonword,1,929
5,2664,24858,50,brandpant,nonword,word,0,NA
5,20288,24819,50,bremme,nonword,word,0,NA
5,23486,24820,50,troen,nonword,nonword,1,690
5,17984,24821,50,pedt,nonword,nonword,1,509
5,18550,25064,50,mollook,nonword,word,0,NA
5,21658,24823,50,stergels,nonword,nonword,1,1004
5,14796,25188,50,ketto,nonword,nonword,1,NA
5,26992,24946,50,wod,nonword,word,0,NA
5,21760,24826,50,stijkpunt,nonword,nonword,1,899
5,20486,24827,50,kweven,nonword,nonword,1,612
5,14510,24949,50,ressie,nonword,nonword,1,842
5,19008,24829,50,sfipter,nonword,nonword,1,540
5,2632,24870,50,slazen,nonword,nonword,1,544
5,426,24831,50,alvier,nonword,nonword,1,666
5,6112,24832,50,serten,nonword,nonword,1,742
5,27308,24833,50,zank,nonword,word,0,NA
5,1168,24874,50,bebied,nonword,nonword,1,607
5,1772,24956,50,leiten,nonword,nonword,1,635
5,7278,25200,50,gedrecht,nonword,nonword,1,591
5,21494,24958,50,stonds,nonword,word,0,NA
5,570,24838,50,oken,nonword,nonword,1,772
5,26424,24839,50,reuger,nonword,nonword,1,619
5,20596,25001,50,vrenheid,nonword,nonword,1,988
5,9786,24881,50,iller,nonword,nonword,1,721
5,6366,25084,50,naza,nonword,word,0,NA
5,23078,24843,50,zokte,nonword,nonword,1,647
5,23068,25005,50,nakken,nonword,nonword,1,642
5,3596,24845,50,knuise,nonword,word,0,NA
5,3424,25168,50,cogmao,nonword,nonword,1,769
5,9330,24968,50,horrel,nonword,nonword,1,634
5,21106,24969,50,chroten,nonword,nonword,1,518
5,14234,24849,50,heben,nonword,word,0,NA
5,3472,24971,50,condeeg,nonword,nonword,1,567
5,25346,25093,50,vicht,nonword,nonword,1,1021
5,6732,24852,50,gehierd,nonword,nonword,1,982
5,18528,24853,50,wikje,nonword,word,0,NA
5,5134,24975,50,deurt,nonword,word,0,NA
5,9548,24855,50,beeten,nonword,nonword,1,635
5,288,24856,50,amvocht,nonword,nonword,1,1064
5,20436,24977,50,smijnvol,nonword,word,0,NA
5,3240,24898,50,cengt,nonword,nonword,1,548
5,10754,24899,50,kieskeen,nonword,nonword,1,692
5,4532,24860,50,koomsels,nonword,nonword,1,635
5,6384,24982,50,garip,nonword,nonword,1,753
5,14428,24902,50,wimen,nonword,nonword,1,986
5,23104,25105,50,tant,nonword,nonword,1,998
5,23128,24985,50,chinge,nonword,nonword,1,597
5,27330,24865,50,podig,nonword,nonword,1,567
5,8764,24987,50,heelhoorn,nonword,nonword,1,893
5,18750,24867,50,moek,nonword,nonword,1,548
5,8264,25029,50,grondkuin,nonword,word,0,NA
5,10784,24869,50,wuikje,nonword,nonword,1,561
5,8086,24910,50,klaapjes,nonword,nonword,1,645
5,398,24951,50,almes,nonword,nonword,1,735
5,21762,24993,50,stijnt,nonword,nonword,1,470
5,13152,24873,50,heesje,nonword,nonword,1,977
5,12620,25035,50,donding,nonword,nonword,1,871
5,27718,25036,50,zijltjes,nonword,word,0,NA
5,790,24916,50,basbaal,nonword,nonword,1,1212
5,688,24998,50,ledend,nonword,word,0,NA
5,11272,24999,50,vrollen,nonword,nonword,1,651
5,11824,24879,50,komeen,nonword,word,0,NA
5,14938,25041,50,noom,nonword,nonword,1,1015
5,14802,24921,50,moud,nonword,nonword,1,723
5,8768,25003,50,lijngaan,nonword,nonword,1,1323
5,27496,25044,50,tostal,nonword,nonword,1,923
5,758,25165,50,bolfje,nonword,nonword,1,1223
5,25674,25006,50,maarste,nonword,nonword,1,686
5,17462,24966,50,prijf,nonword,nonword,1,976
5,2992,25048,50,lieen,nonword,word,0,NA
5,2182,25009,50,hechel,nonword,nonword,1,1389
5,3956,24889,50,delst,nonword,nonword,1,588
5,22156,24890,50,strenke,nonword,word,0,NA
5,23822,24891,50,wreestrijk,nonword,nonword,1,601
5,26464,24892,50,welhoets,nonword,nonword,1,615
5,10388,24893,50,raser,nonword,word,0,NA
5,9960,25136,50,fapers,nonword,nonword,1,1157
5,28082,25016,50,zwemstaak,nonword,word,0,NA
5,4200,25138,50,diergooms,nonword,nonword,1,1192
5,11062,25192,50,kleiven,nonword,nonword,1,766
5,4688,25099,50,spaagt,nonword,nonword,1,716
5,11404,24939,50,plapje,nonword,nonword,1,788
5,8684,24900,50,harfoon,nonword,nonword,1,926
5,18980,25022,50,sookje,nonword,nonword,1,643
5,23948,25063,50,irie,nonword,nonword,1,1068
5,11618,25145,50,rentjes,nonword,nonword,1,1065
5,22182,24904,50,spreten,nonword,nonword,1,596
5,11912,24905,50,slamp,nonword,nonword,1,481
5,17590,24906,50,kui,nonword,word,0,NA
5,14852,24947,50,mympies,nonword,nonword,1,807
5,7962,25069,50,grag,nonword,nonword,1,712
5,10270,25151,50,leders,nonword,word,0,NA
5,26616,24976,50,werkmaat,nonword,word,0,NA
5,19824,24991,50,smoves,nonword,nonword,1,532
5,7190,24912,50,geschroog,nonword,nonword,1,498
5,24928,25033,50,rasten,nonword,nonword,1,1219
5,19928,24954,50,fossie,nonword,word,0,NA
5,19314,24955,50,schour,nonword,word,0,NA
5,13598,25198,50,biede,nonword,nonword,1,796
5,27982,24957,50,zwaagt,nonword,nonword,1,1079
5,8598,24931,50,landkas,nonword,word,0,NA
5,25278,25120,50,drijken,nonword,nonword,1,1091
5,25006,24960,50,viesden,nonword,nonword,1,735
5,25322,25081,50,pritten,nonword,word,0,NA
5,26534,25002,50,herpjes,nonword,nonword,1,521
5,10358,25070,50,tazons,nonword,nonword,1,1089
5,25852,24990,50,snoedag,nonword,nonword,1,881
5,6594,25046,50,gedrormd,nonword,nonword,1,1089
5,1278,24979,50,beleemd,nonword,nonword,1,737
5,16752,25061,50,trafend,nonword,word,0,NA
5,17368,25049,50,plenen,nonword,nonword,1,1302
5,12342,24929,50,but,nonword,word,0,NA
5,4128,24930,50,rien,nonword,nonword,1,698
5,11324,25065,50,snoelden,nonword,nonword,1,964
5,12524,24932,50,hochjes,nonword,nonword,1,836
5,20074,24933,50,dweiks,nonword,nonword,1,600
5,13560,25055,50,dever,nonword,nonword,1,896
5,15020,24988,50,fasels,nonword,nonword,1,1215
5,8542,25042,50,bapte,nonword,word,0,NA
5,18476,25137,50,dierde,nonword,nonword,1,NA
5,18804,25062,50,daatje,nonword,nonword,1,1007
5,11248,24952,50,spuut,nonword,word,0,NA
5,10376,25073,50,montje,nonword,nonword,1,799
5,20138,24941,50,sluikzak,nonword,word,0,NA
5,23676,25012,50,blietje,nonword,nonword,1,1400
5,1220,25185,50,bevraamd,nonword,nonword,1,722
5,22048,25037,50,staklicht,nonword,word,0,NA
5,18938,24945,50,saftals,nonword,nonword,1,788
5,18538,25190,50,milden,nonword,word,0,NA
5,27880,25121,50,wucht,nonword,nonword,1,845
5,19914,25175,50,serank,nonword,nonword,1,554
5,21790,25173,50,storstte,nonword,nonword,1,913
5,6546,24994,50,geknil,nonword,nonword,1,985
5,1354,24995,50,rorde,nonword,nonword,1,584
5,3592,25076,50,cro's,nonword,nonword,1,816
5,27936,24970,50,zukt,nonword,nonword,1,584
5,21148,25011,50,spoeg,nonword,nonword,1,NA
5,13702,25051,50,lytaak,nonword,nonword,1,1267
5,5326,25013,50,egnect,nonword,nonword,1,629
5,24936,25053,50,pote,nonword,nonword,1,1211
5,11436,25023,50,knos,nonword,word,0,NA
5,28072,25141,50,kniette,nonword,nonword,1,802
5,3626,25169,50,cets,nonword,nonword,1,521
5,16104,25090,50,pab,nonword,nonword,1,748
5,9458,25142,50,heerjaar,nonword,nonword,1,568
5,24136,25144,50,vant,nonword,nonword,1,536
5,25208,25050,50,prenen,nonword,word,0,NA
5,6330,25052,50,gouwtjes,nonword,nonword,1,806
5,14578,25154,50,raaite,nonword,word,0,NA
5,14732,25116,50,potaal,nonword,nonword,1,820
5,11636,25010,50,kookkorst,nonword,word,0,NA
5,20750,25021,50,horist,nonword,nonword,1,899
5,18950,25196,50,sandpick,nonword,nonword,1,912
5,14488,25130,50,mesmaan,nonword,nonword,1,1252
5,10718,25183,50,wooboard,nonword,nonword,1,623
5,16558,25182,50,tuiken,nonword,nonword,1,576
5,20742,25115,50,sel,nonword,word,0,NA
5,6323,24738,50,gaai,word,nonword,0,NA
5,3785,24817,50,dankzij,word,word,1,491
5,19051,24871,50,schaars,word,word,1,576
5,8163,24765,50,groefje,word,nonword,0,NA
5,10451,24844,50,kassa's,word,word,1,483
5,15249,24846,50,nijd,word,word,1,593
5,22617,24887,50,taille,word,word,1,741
5,24141,24935,50,vanzelf,word,word,1,553
5,25519,24883,50,volstaan,word,word,1,662
5,275,24924,50,afschrift,word,word,1,784
5,17411,24965,50,prille,word,word,1,527
5,15875,24938,50,opdracht,word,word,1,648
5,25963,24859,50,vulling,word,word,1,572
5,11321,24897,50,knielde,word,nonword,0,NA
5,23143,24937,50,tochtjes,word,word,1,452
5,4317,24786,50,docent,word,word,1,655
5,4041,24841,50,deugdzaam,word,word,1,523
5,8299,24967,50,groottes,word,word,1,654
5,12711,24704,50,laten,word,word,1,600
5,20979,24750,50,speling,word,nonword,0,NA
5,16847,24911,50,playboy,word,word,1,530
5,8567,24854,50,handboek,word,word,1,623
5,9575,24721,50,huifkar,word,word,1,607
5,25493,24798,50,volken,word,word,1,756
5,459,24986,50,angstzweet,word,word,1,658
5,9203,24992,50,hoefjes,word,nonword,0,NA
5,9773,24913,50,iks,word,word,1,692
5,13741,24922,50,maaltje,word,nonword,0,NA
5,14581,24761,50,moeizaam,word,word,1,506
5,2573,24745,50,bouwt,word,word,1,857
5,5597,24747,50,essays,word,word,1,612
5,21955,24764,50,stokken,word,word,1,631
5,23127,25007,50,tjonge,word,word,1,1065
5,4925,24964,50,droomden,word,word,1,510
5,14137,24884,50,meisje,word,word,1,494
5,12029,24837,50,krijgsraad,word,word,1,582
5,6347,24743,50,gaatje,word,nonword,0,NA
5,24337,24959,50,verborg,word,word,1,543
5,13609,24719,50,luie,word,word,1,711
5,3815,24840,50,darmen,word,word,1,489
5,4885,24894,50,dromend,word,word,1,607
5,28101,24815,50,zwerm,word,word,1,603
5,18807,24775,50,ruizen,word,word,1,557
5,17665,25018,50,putten,word,word,1,1159
5,24983,25019,50,viermaal,word,word,1,926
5,23321,24980,50,toppen,word,word,1,778
5,3941,24847,50,dekkers,word,word,1,607
5,3053,24918,50,bumpers,word,nonword,0,NA
5,22815,24917,50,tekst,word,word,1,529
5,19713,24877,50,schrille,word,word,1,542
5,17875,25025,50,ratel,word,word,1,1067
5,26675,25026,50,wezels,word,nonword,0,NA
5,20957,24974,50,spekken,word,word,1,478
5,13411,24907,50,lokten,word,word,1,581
5,2695,24868,50,breedten,word,word,1,629
5,26423,24909,50,weiger,word,word,1,483
5,23881,25031,50,uiltjes,word,word,1,636
5,17961,25032,50,redde,word,word,1,664
5,1203,24953,50,beker,word,word,1,612
5,13589,24754,50,lui,word,word,1,519
5,5199,24862,50,dwingt,word,word,1,535
5,13943,24755,50,marge,word,word,1,680
5,14351,24742,50,miertjes,word,nonword,0,NA
5,14827,25038,50,muilen,word,word,1,773
5,16287,25039,50,passer,word,word,1,NA
5,10569,25027,50,kelner,word,word,1,517
5,23815,24880,50,tweeling,word,word,1,662
5,25305,24962,50,vloog,word,word,1,722
5,19263,25043,50,schepte,word,word,1,906
5,18277,25004,50,rietje,word,word,1,1163
5,5255,25045,50,eendjes,word,word,1,828
5,11577,24925,50,komend,word,word,1,551
5,13303,24926,50,lip,word,word,1,742
5,6635,25008,50,geestdrift,word,word,1,1091
5,5453,24928,50,ene,word,word,1,866
5,9213,24876,50,hoekje,word,word,1,459
5,18691,24850,50,rotting,word,word,1,503
5,3097,24851,50,buttons,word,word,1,601
5,9941,24919,50,jack,word,word,1,613
5,26617,25014,50,werpen,word,word,1,1201
5,2585,24934,50,bowls,word,word,1,886
5,26967,25056,50,wogen,word,word,1,897
5,20225,25057,50,sleeptouw,word,word,1,947
5,13845,25058,50,maken,word,word,1,963
5,6479,25059,50,geacht,word,word,1,930
5,15015,25060,50,namen,word,word,1,594
5,26513,24981,50,wenen,word,word,1,512
5,3545,24861,50,courant,word,word,1,536
5,23737,24983,50,tuk,word,nonword,0,NA
5,24777,24903,50,vertier,word,word,1,649
5,13979,24944,50,marrons,word,nonword,0,NA
5,17917,25066,50,rechte,word,word,1,900
5,18611,25067,50,roodbruin,word,word,1,1062
5,14487,25068,50,misdaan,word,word,1,768
5,21663,24908,50,stem,word,word,1,564
5,24077,24707,50,valies,word,word,1,532
5,26783,24950,50,wijnen,word,word,1,494
5,3861,25072,50,deals,word,word,1,1093
5,9541,24872,50,houding,word,word,1,479
5,591,25034,50,auteur,word,word,1,936
5,16197,24875,50,paper,word,word,1,589
5,12831,24996,50,leerzaam,word,word,1,1014
5,23925,24714,50,uitstel,word,word,1,713
5,21303,25078,50,sprotten,word,nonword,0,NA
5,17553,25079,50,pruis,word,word,1,958
5,9383,25080,50,hoofdpijn,word,word,1,876
5,19881,24799,50,sen,word,nonword,0,NA
5,22977,25082,50,thomas,word,word,1,NA
5,28115,25083,50,zwerver,word,word,1,723
5,1541,24963,50,betaal,word,word,1,475
5,12689,25085,50,lasser,word,word,1,724
5,14947,25086,50,naar,word,word,1,NA
5,1853,25087,50,bindt,word,word,1,653
5,18007,24724,50,reetje,word,nonword,0,NA
5,9829,25089,50,ingaan,word,word,1,556
5,27053,24848,50,wormpje,word,word,1,1051
5,13247,24727,50,likeur,word,word,1,594
5,21785,24728,50,stichters,word,word,1,735
5,23521,24973,50,treurig,word,word,1,594
5,4895,24730,50,drommen,word,word,1,799
5,17799,24731,50,rally's,word,nonword,0,NA
5,7245,24732,50,gesprek,word,word,1,762
5,15521,25097,50,omes,word,nonword,0,NA
5,20561,24734,50,snavel,word,word,1,636
5,21837,24857,50,stijl,word,word,1,756
5,1675,25100,50,bewoog,word,word,1,1236
5,14039,25101,50,matter,word,nonword,0,NA
5,25901,24901,50,vroor,word,nonword,0,NA
5,4643,24942,50,dossier,word,word,1,567
5,683,24822,50,bad,word,word,1,606
5,6359,24984,50,gage,word,nonword,0,NA
5,13703,25106,50,lyrisch,word,word,1,948
5,11159,25107,50,klommen,word,word,1,803
5,15425,25108,50,occult,word,word,1,761
5,20447,25109,50,smal,word,word,1,769
5,1435,24746,50,beschreef,word,word,1,749
5,18543,25111,50,rollend,word,word,1,694
5,579,24748,50,au,word,word,1,642
5,26235,24749,50,wartaal,word,word,1,558
5,7355,25074,50,getuigt,word,word,1,868
5,12453,24793,50,kwint,word,nonword,0,NA
5,15201,24915,50,nichtjes,word,word,1,574
5,18209,24753,50,revue,word,word,1,685
5,13319,25118,50,listig,word,word,1,1091
5,21537,25119,50,starten,word,word,1,781
5,5363,24878,50,einden,word,word,1,526
5,3845,25000,50,datums,word,nonword,0,NA
5,24707,25122,50,versperd,word,word,1,977
5,10751,24759,50,kies,word,word,1,797
5,11299,25124,50,kneden,word,word,1,937
5,19741,25125,50,schuif,word,word,1,842
5,10035,25126,50,jeugdig,word,word,1,1148
5,9961,25127,50,jaja,word,word,1,660
5,18401,25128,50,ritmen,word,word,1,943
5,4143,25129,50,dienstbaar,word,word,1,798
5,12805,24888,50,leerden,word,word,1,556
5,6291,25131,50,functies,word,word,1,664
5,23669,25132,50,truffels,word,word,1,1074
5,14069,24972,50,meedoen,word,word,1,645
5,13513,25134,50,lorren,word,nonword,0,NA
5,21673,24771,50,stemming,word,word,1,541
5,18885,25015,50,saai,word,word,1,1063
5,20443,24895,50,smakkend,word,word,1,444
5,2211,25017,50,boedel,word,word,1,1168
5,24463,25139,50,verhaal,word,word,1,446
5,3207,24776,50,cellen,word,word,1,492
5,26003,25020,50,waagden,word,word,1,846
5,11587,25102,50,komma's,word,word,1,745
5,7565,25103,50,gibbon,word,nonword,0,NA
5,18727,24740,50,rubbers,word,word,1,873
5,9485,25024,50,hopend,word,word,1,790
5,22873,25146,50,tenor,word,word,1,660
5,12683,25147,50,larve,word,word,1,943
5,2425,25148,50,bootje,word,word,1,687
5,25847,25028,50,vrijaf,word,word,1,630
5,3929,25150,50,dekbed,word,nonword,0,NA
5,27065,25030,50,worsten,word,word,1,589
5,18479,25152,50,roerend,word,word,1,939
5,4447,24789,50,donders,word,nonword,0,NA
5,20429,25114,50,smaakt,word,word,1,542
5,20539,24791,50,snackbar,word,word,1,646
5,237,24792,50,adieu,word,word,1,498
5,8453,25157,50,haasten,word,word,1,961
5,13233,25158,50,lijst,word,word,1,768
5,28113,25159,50,zwervend,word,word,1,968
5,8241,24796,50,gronden,word,nonword,0,NA
5,2901,25040,50,brug,word,word,1,NA
5,24583,25162,50,vermaard,word,word,1,948
5,17671,25163,50,puzzels,word,word,1,581
5,14939,24800,50,naamloos,word,word,1,602
5,24007,24802,50,vaarten,word,word,1,728
5,4333,25166,50,doe,word,nonword,0,NA
5,11337,25167,50,knik,word,word,1,563
5,18877,25047,50,ruwheid,word,word,1,683
5,23797,24927,50,twaalf,word,word,1,446
5,539,25170,50,arrest,word,word,1,1018
5,19775,24807,50,schulden,word,word,1,1094
5,23527,24808,50,triest,word,word,1,512
5,15829,24769,50,oortje,word,nonword,0,NA
5,27113,25174,50,wreef,word,word,1,754
5,11611,25054,50,kont,word,word,1,944
5,6797,25176,50,geklaagd,word,word,1,682
5,5595,24813,50,essay,word,word,1,593
5,471,24814,50,annex,word,nonword,0,NA
5,12857,25179,50,legaal,word,word,1,579
5,15997,25180,50,ouden,word,word,1,496
5,1535,25181,50,bestuur,word,word,1,611
5,12479,24940,50,laagste,word,word,1,522
5,6845,24779,50,gekraakt,word,word,1,756
5,5435,25184,50,embleem,word,word,1,763
5,26531,24943,50,wensen,word,word,1,503
5,20827,25186,50,spade,word,nonword,0,NA
5,2013,25187,50,blikte,word,word,1,577
5,11109,24824,50,klikken,word,word,1,505
5,16073,25189,50,pachten,word,nonword,0,NA
5,16709,24948,50,pitjes,word,nonword,0,NA
5,15365,25191,50,normaal,word,word,1,525
5,12249,25071,50,kuiltjes,word,word,1,1083
5,4595,25193,50,doosje,word,word,1,628
5,18797,25194,50,ruiten,word,word,1,769
5,11775,25195,50,kost,word,word,1,744
5,21653,25075,50,stelling,word,word,1,NA
5,20625,25197,50,snikkend,word,word,1,673
5,13827,25077,50,mail,word,nonword,0,NA
5,2831,25199,50,broekrok,word,word,1,978
5,16255,24836,50,parten,word,word,1,600
6,14404,24701,50,wolde,nonword,nonword,1,554
6,4574,24702,50,doorgees,nonword,nonword,1,682
6,2038,24703,50,bloetlad,nonword,nonword,1,741
6,10764,24704,50,rienels,nonword,nonword,1,525
6,20424,25069,50,slegheid,nonword,nonword,1,860
6,16432,24706,50,perkrims,nonword,nonword,1,636
6,7536,24707,50,gedat,nonword,nonword,1,521
6,24334,25072,50,verbeld,nonword,nonword,1,667
6,5894,24709,50,famepjes,nonword,nonword,1,565
6,11416,25074,50,vletsen,nonword,nonword,1,531
6,20988,24711,50,spelhers,nonword,nonword,1,552
6,7004,25075,50,geneept,nonword,nonword,1,756
6,21994,25077,50,sterpte,nonword,nonword,1,NA
6,7936,25199,50,braan,nonword,nonword,1,756
6,11256,25200,50,zwaagdeur,nonword,nonword,1,731
6,21860,24716,50,stit,nonword,nonword,1,569
6,22790,25081,50,pogels,nonword,nonword,1,697
6,9716,24718,50,ien,nonword,nonword,1,621
6,4866,25083,50,bloere,nonword,nonword,1,724
6,24050,25084,50,vap,nonword,nonword,1,669
6,4668,24721,50,monen,nonword,nonword,1,470
6,23380,24722,50,blichtten,nonword,nonword,1,745
6,19930,25087,50,fossies,nonword,nonword,1,1055
6,25912,25088,50,vroopmens,nonword,nonword,1,859
6,2506,24725,50,moden,nonword,nonword,1,738
6,11364,24726,50,plappen,nonword,nonword,1,794
6,24038,25131,50,michtje,nonword,nonword,1,594
6,8470,24728,50,bagden,nonword,nonword,1,649
6,14994,24729,50,satoen,nonword,nonword,1,452
6,14514,24730,50,wiskrap,nonword,nonword,1,697
6,10618,25095,50,kerkwoonst,nonword,word,0,NA
6,17442,24853,50,prokma,nonword,nonword,1,521
6,19078,24733,50,scharwen,nonword,nonword,1,784
6,12952,24855,50,lins,nonword,nonword,1,861
6,21570,24735,50,sladen,nonword,nonword,1,1187
6,24166,25100,50,vesbaar,nonword,word,0,NA
6,23286,24737,50,taakbeeld,nonword,word,0,NA
6,26786,24738,50,doonfles,nonword,nonword,1,695
6,9532,25103,50,houtzaar,nonword,nonword,1,611
6,19844,24740,50,sagtors,nonword,nonword,1,618
6,24688,25104,50,venzie,nonword,nonword,1,464
6,14762,24742,50,kessel,nonword,nonword,1,594
6,27228,24864,50,tatel,nonword,nonword,1,764
6,18288,25108,50,ruid,nonword,nonword,1,630
6,7902,24745,50,geid,nonword,word,0,NA
6,19624,24746,50,schrallen,nonword,nonword,1,633
6,20858,24747,50,klarven,nonword,nonword,1,501
6,21990,24748,50,stestje,nonword,nonword,1,1176
6,6854,25113,50,gevraas,nonword,nonword,1,600
6,7288,24750,50,gestert,nonword,nonword,1,707
6,4848,24751,50,drengt,nonword,nonword,1,557
6,25470,25116,50,volboot,nonword,word,0,NA
6,3170,24753,50,caks,nonword,nonword,1,930
6,27396,24754,50,pagen,nonword,nonword,1,642
6,14232,25119,50,devels,nonword,nonword,1,701
6,15868,24756,50,omtouw,nonword,nonword,1,1108
6,22718,24757,50,tokje,nonword,word,0,NA
6,13972,24758,50,marbut,nonword,nonword,1,710
6,21768,25001,50,stour,nonword,word,0,NA
6,5584,24881,50,ek,nonword,nonword,1,752
6,3556,24761,50,cledim,nonword,nonword,1,619
6,26136,25126,50,pekend,nonword,nonword,1,1023
6,4580,24884,50,doordraat,nonword,nonword,1,788
6,27652,24764,50,titvank,nonword,nonword,1,708
6,17710,24765,50,kaaf,nonword,nonword,1,525
6,4216,24766,50,dau,nonword,word,0,NA
6,21404,25171,50,sted,nonword,word,0,NA
6,13384,24768,50,legse,nonword,nonword,1,594
6,7784,24769,50,zod,nonword,nonword,1,544
6,23888,24770,50,uituit,nonword,nonword,1,991
6,6984,25135,50,gevekt,nonword,word,0,NA
6,19326,25014,50,schieltje,nonword,nonword,1,853
6,7846,24894,50,gilmen,nonword,word,0,NA
6,9592,25138,50,hook,nonword,nonword,1,959
6,18428,24775,50,roms,nonword,nonword,1,672
6,12902,25018,50,beuen,nonword,nonword,1,965
6,3554,25141,50,coybote,nonword,nonword,1,783
6,17118,25142,50,perten,nonword,word,0,NA
6,23908,25183,50,uitmorst,nonword,word,0,NA
6,26438,25144,50,vaken,nonword,nonword,1,903
6,26372,24781,50,weerpol,nonword,nonword,1,728
6,25344,24782,50,boceel,nonword,nonword,1,528
6,23476,24783,50,bloutjes,nonword,nonword,1,544
6,24024,24905,50,voot,nonword,nonword,1,445
6,1250,25149,50,herden,nonword,nonword,1,629
6,22614,24786,50,zawel,nonword,nonword,1,826
6,26678,24787,50,zazen,nonword,nonword,1,734
6,2690,25152,50,sloder,nonword,nonword,1,612
6,27498,24789,50,tistien,nonword,nonword,1,742
6,8032,24911,50,kreeltjes,nonword,nonword,1,646
6,7422,24791,50,gezast,nonword,nonword,1,892
6,22500,24792,50,sifferns,nonword,nonword,1,557
6,26500,24793,50,wer,nonword,nonword,1,477
6,17086,24915,50,hoplen,nonword,nonword,1,979
6,2200,25159,50,ledes,nonword,word,0,NA
6,13506,24917,50,dosers,nonword,nonword,1,846
6,15770,24797,50,anwin,nonword,nonword,1,679
6,20496,24798,50,flotten,nonword,nonword,1,497
6,21220,24799,50,sprestjes,nonword,nonword,1,547
6,11934,24800,50,kloppe,nonword,word,0,NA
6,27792,24801,50,zinlacht,nonword,nonword,1,501
6,17734,25166,50,moesde,nonword,nonword,1,916
6,14518,25167,50,keste,nonword,nonword,1,677
6,1428,25168,50,beschard,nonword,nonword,1,880
6,23442,25169,50,plippen,nonword,nonword,1,642
6,25478,24967,50,valsen,nonword,word,0,NA
6,86,24847,50,aankeerd,nonword,nonword,1,848
6,6698,24808,50,gebaakt,nonword,word,0,NA
6,3842,25172,50,metjes,nonword,nonword,1,671
6,9778,25174,50,ixers,nonword,nonword,1,540
6,20990,25175,50,klemen,nonword,word,0,NA
6,7220,24812,50,gepraard,nonword,nonword,1,1130
6,27836,25054,50,zarsjes,nonword,nonword,1,674
6,15538,24935,50,omhand,nonword,word,0,NA
6,20826,24815,50,greerzaam,nonword,nonword,1,702
6,5026,24937,50,kiegen,nonword,nonword,1,597
6,13370,24938,50,zof,nonword,nonword,1,610
6,932,25060,50,haden,nonword,nonword,1,541
6,12070,24859,50,kleegje,nonword,nonword,1,652
6,17996,25184,50,rieks,nonword,nonword,1,981
6,5582,24821,50,instjes,nonword,nonword,1,703
6,2002,25185,50,drik,nonword,nonword,1,898
6,20632,24823,50,plappers,nonword,nonword,1,681
6,1248,25066,50,borde,nonword,word,0,NA
6,5394,25189,50,ootten,nonword,nonword,1,845
6,15708,24826,50,ontgreen,nonword,nonword,0,NA
6,3526,25191,50,souch,nonword,nonword,1,634
6,1312,25070,50,birden,nonword,nonword,1,687
6,4372,24829,50,moeslijk,nonword,nonword,1,650
6,4910,24830,50,broog,nonword,nonword,1,614
6,12466,25195,50,heedde,nonword,nonword,1,1172
6,18788,24832,50,muin,nonword,nonword,1,543
6,24946,25196,50,dego,nonword,nonword,1,1164
6,4604,24834,50,lepen,nonword,nonword,1,531
6,8800,24956,50,loesters,nonword,nonword,1,873
6,7774,24997,50,clozen,nonword,nonword,1,701
6,12456,24837,50,smonten,nonword,nonword,1,1152
6,17062,24838,50,parttes,nonword,nonword,1,NA
6,13002,24879,50,loctré,nonword,nonword,1,683
6,25780,24840,50,snechtjes,nonword,nonword,1,NA
6,5122,24841,50,mitjes,nonword,nonword,1,642
6,4312,24842,50,doms,nonword,word,0,NA
6,26506,24964,50,rande,nonword,nonword,1,1050
6,4260,24844,50,kunars,nonword,nonword,1,580
6,21602,24845,50,steenniel,nonword,nonword,1,594
6,8260,25007,50,grastslag,nonword,nonword,1,665
6,17838,25008,50,rars,nonword,nonword,1,723
6,3050,24888,50,luften,nonword,nonword,1,515
6,13024,24889,50,heinend,nonword,nonword,1,771
6,22802,24850,50,tijntje,nonword,nonword,1,668
6,7218,25093,50,geproekt,nonword,word,0,NA
6,22396,24973,50,bruveert,nonword,nonword,1,633
6,19574,24987,50,schapten,nonword,nonword,1,656
6,25884,24975,50,snijger,nonword,nonword,1,678
6,13936,24895,50,woppen,nonword,nonword,1,579
6,14132,24977,50,meidienst,nonword,nonword,1,833
6,26260,24857,50,tader,nonword,nonword,1,628
6,5534,24898,50,asker,nonword,nonword,1,568
6,17278,24899,50,zwoetten,nonword,nonword,1,536
6,2682,24860,50,grale,nonword,nonword,1,1080
6,2088,24901,50,proeset,nonword,nonword,1,630
6,22104,25023,50,steit,nonword,nonword,1,499
6,3848,24863,50,daus,nonword,nonword,1,690
6,4800,25106,50,dreizend,nonword,nonword,1,718
6,1782,25026,50,hijfel,nonword,nonword,1,717
6,3708,24919,50,kag,nonword,nonword,1,536
6,18906,25109,50,sele,nonword,nonword,1,499
6,19686,25110,50,schroon,nonword,word,0,NA
6,26608,24909,50,werkmert,nonword,nonword,1,769
6,15524,24910,50,okmaan,nonword,nonword,1,600
6,14756,24871,50,mopzee,nonword,nonword,1,1050
6,12606,24872,50,handgag,nonword,word,0,NA
6,942,25115,50,bazeegd,nonword,nonword,1,567
6,16968,24874,50,bliemen,nonword,nonword,1,677
6,21762,25036,50,stijnt,nonword,nonword,1,585
6,5370,24916,50,eillig,nonword,nonword,1,NA
6,10186,25118,50,cula,nonword,word,0,NA
6,11606,24878,50,cozijn,nonword,nonword,1,1004
6,17900,25053,50,ro,nonword,nonword,1,712
6,15556,25122,50,arslag,nonword,nonword,1,1210
6,22690,25162,50,zontes,nonword,nonword,0,NA
6,24230,24882,50,weentjes,nonword,word,0,NA
6,24602,24883,50,verwucht,nonword,nonword,1,998
6,22246,24924,50,strijm,nonword,nonword,1,480
6,7996,25006,50,slas,nonword,nonword,1,652
6,16320,24926,50,postirs,nonword,nonword,1,1058
6,676,25047,50,habi,nonword,nonword,1,744
6,4488,25089,50,dieuwbang,nonword,nonword,1,NA
6,20464,24929,50,gloden,nonword,word,0,NA
6,7068,24890,50,gebrend,nonword,nonword,1,555
6,4850,24891,50,drits,nonword,nonword,1,379
6,23190,25187,50,pieter,nonword,word,0,NA
6,15216,24906,50,siedig,nonword,nonword,1,448
6,7816,24907,50,goedhiep,nonword,nonword,1,676
6,2372,25056,50,bardjas,nonword,nonword,1,1196
6,24934,25017,50,get,nonword,nonword,1,817
6,11524,25058,50,koeleet,nonword,nonword,1,761
6,7654,25179,50,getten,nonword,nonword,1,762
6,10872,25033,50,greerde,nonword,nonword,1,910
6,26754,25061,50,roeding,nonword,nonword,1,781
6,25660,25102,50,voorgralt,nonword,nonword,1,697
6,14030,24942,50,makles,nonword,nonword,1,692
6,3384,24903,50,clobs,nonword,nonword,1,655
6,504,24904,50,ezen,nonword,word,0,NA
6,26442,24931,50,rokker,nonword,word,0,NA
6,21968,25080,50,stongen,nonword,nonword,1,720
6,11806,24920,50,witsen,nonword,nonword,1,666
6,12294,25150,50,kenst,nonword,nonword,1,545
6,166,25190,50,absald,nonword,nonword,1,NA
6,21218,25071,50,sprestje,nonword,nonword,1,506
6,10786,24951,50,wiekjes,nonword,nonword,1,643
6,23950,25046,50,utief,nonword,nonword,1,NA
6,1680,24913,50,bemunt,nonword,word,0,NA
6,2148,25035,50,plonen,nonword,nonword,1,687
6,13868,24995,50,relle,nonword,word,0,NA
6,2944,25157,50,krillend,nonword,nonword,1,899
6,26804,25050,50,weefheid,nonword,word,0,NA
6,16230,25065,50,valen,nonword,nonword,1,1241
6,3350,25025,50,wrans,nonword,nonword,1,1208
6,14720,25147,50,dapjes,nonword,nonword,1,769
6,13916,24947,50,maneel,nonword,nonword,1,580
6,5848,24922,50,fienst,nonword,nonword,1,595
6,18896,24923,50,tavist,nonword,nonword,1,545
6,15330,25085,50,noud,nonword,nonword,1,585
6,4308,25165,50,dilons,nonword,nonword,1,749
6,6996,25193,50,gemeefd,nonword,nonword,1,515
6,7616,25101,50,zil,nonword,nonword,1,486
6,4470,25034,50,doed,nonword,word,0,NA
6,5428,25009,50,ennen,nonword,nonword,1,796
6,28044,25121,50,vliefden,nonword,nonword,1,706
6,20050,25130,50,siloep,nonword,nonword,1,847
6,15714,25024,50,ontgrend,nonword,nonword,1,869
6,18394,24999,50,dute,nonword,word,0,NA
6,11778,25155,50,kernbaar,nonword,nonword,1,1225
6,12080,24948,50,grolus,nonword,nonword,1,546
6,23102,24936,50,zennen,nonword,nonword,1,617
6,24584,25030,50,verwaald,nonword,word,0,NA
6,7576,25145,50,gorgjes,nonword,nonword,1,665
6,9616,25086,50,luisfrouw,nonword,nonword,1,726
6,14598,24953,50,riertje,nonword,nonword,1,603
6,7886,25020,50,geldels,nonword,nonword,1,1019
6,4718,24963,50,sloekje,nonword,nonword,1,670
6,25964,25146,50,vusting,nonword,nonword,1,628
6,10520,25027,50,feer,nonword,nonword,1,1030
6,27474,24962,50,zenof,nonword,nonword,1,576
6,3738,25028,50,daljaam,nonword,nonword,1,578
6,18114,25016,50,mimmen,nonword,word,0,NA
6,24086,25068,50,vollà,nonword,nonword,1,1008
6,16752,25040,50,trafend,nonword,nonword,1,1099
6,12213,24877,50,kruller,word,word,1,558
6,24685,24822,50,verse,word,word,1,536
6,6687,24813,50,gegroeid,word,word,1,659
6,1307,24732,50,benauwd,word,word,1,895
6,6789,24779,50,gekken,word,word,1,640
6,4851,24858,50,drinken,word,word,1,657
6,17207,24806,50,porto's,word,word,1,537
6,15559,24727,50,omstreeks,word,word,1,1120
6,19753,24848,50,schuilt,word,nonword,0,NA
6,4499,24741,50,doodsnood,word,word,1,647
6,7013,24715,50,genen,word,word,1,554
6,15649,24918,50,ontgaat,word,word,1,818
6,22577,24892,50,taal,word,word,1,882
6,1023,24773,50,bedrukt,word,word,1,522
6,23121,24760,50,titel,word,word,1,555
6,8641,24818,50,hapte,word,word,1,574
6,6147,24966,50,fractie,word,word,1,765
6,22613,24861,50,tafel,word,word,1,546
6,9641,24790,50,hulsjes,word,nonword,0,NA
6,10095,24849,50,jong,word,nonword,0,NA
6,4467,24796,50,doña's,word,nonword,0,NA
6,13887,24958,50,mammen,word,nonword,0,NA
6,21651,24928,50,stellig,word,word,1,632
6,20305,24934,50,slippen,word,word,1,529
6,7659,24734,50,glaasje,word,word,1,597
6,7401,24869,50,gevel,word,word,1,433
6,2085,24772,50,bloes,word,nonword,0,NA
6,2501,24856,50,bosses,word,nonword,0,NA
6,21453,24817,50,stamboom,word,word,1,492
6,1977,24979,50,blijdschap,word,word,1,804
6,26671,24927,50,wevers,word,word,1,668
6,14349,24941,50,miertje,word,word,1,1098
6,3017,24982,50,buis,word,word,1,1005
6,13959,24862,50,markies,word,nonword,0,NA
6,6093,24971,50,fords,word,word,1,789
6,14063,24851,50,medisch,word,word,1,519
6,24855,24852,50,verweerd,word,word,1,520
6,6345,24921,50,gaat,word,word,1,597
6,11609,24854,50,konings,word,nonword,0,NA
6,11145,24776,50,kloeke,word,nonword,0,NA
6,15113,24870,50,nel,word,nonword,0,NA
6,27647,24991,50,zinvol,word,word,1,419
6,24333,24952,50,verbond,word,word,1,638
6,14199,24993,50,menig,word,nonword,0,NA
6,14405,24712,50,milder,word,word,1,663
6,7315,24875,50,getal,word,nonword,0,NA
6,23407,24714,50,trainers,word,word,1,520
6,23493,24957,50,treintjes,word,word,1,939
6,20219,24998,50,sleept,word,word,1,807
6,10535,24839,50,kegel,word,word,1,564
6,25939,24974,50,vuilnis,word,word,1,518
6,2923,24961,50,bruikbaar,word,word,1,628
6,261,24828,50,afgrond,word,word,1,654
6,5193,25003,50,dwergjes,word,word,1,602
6,727,24763,50,bakken,word,word,1,564
6,18051,25005,50,reikt,word,nonword,0,NA
6,14773,24885,50,motel,word,nonword,0,NA
6,14519,24846,50,misten,word,word,1,944
6,24829,24887,50,vervolgd,word,word,1,947
6,2415,24969,50,boorden,word,nonword,0,NA
6,2549,24809,50,bouviers,word,word,1,564
6,3031,25011,50,buitjes,word,nonword,0,NA
6,15701,25012,50,ontslag,word,word,1,884
6,25009,25013,50,vijftal,word,word,1,982
6,15127,24893,50,nerven,word,nonword,0,NA
6,16965,25002,50,pluim,word,word,1,603
6,10915,24976,50,klantjes,word,word,1,545
6,25479,24896,50,volgend,word,word,1,721
6,21485,24978,50,standje,word,word,1,581
6,11877,25019,50,krabben,word,word,1,789
6,8077,24900,50,grieks,word,word,1,519
6,16945,25021,50,plooitje,word,nonword,0,NA
6,819,25022,50,banger,word,word,1,597
6,21161,24902,50,spoordijk,word,nonword,0,NA
6,22917,24984,50,tersluiks,word,nonword,0,NA
6,11521,24865,50,koetsjes,word,nonword,0,NA
6,4595,24946,50,doosje,word,nonword,0,NA
6,25623,24866,50,voorkeur,word,word,1,1057
6,15105,25015,50,nek,word,nonword,0,NA
6,9315,24868,50,holsters,word,word,1,1129
6,7711,24990,50,glijdt,word,word,1,463
6,15861,25031,50,opa's,word,word,1,605
6,15731,24992,50,ontvoerd,word,word,1,424
6,14167,24912,50,melkers,word,nonword,0,NA
6,12135,24873,50,kruidje,word,word,1,NA
6,3637,24955,50,daagje,word,nonword,0,NA
6,21401,24996,50,stabiel,word,word,1,475
6,12525,25037,50,lacht,word,word,1,760
6,20329,25038,50,sloepjes,word,nonword,0,NA
6,8575,25039,50,handels,word,word,1,906
6,21319,24960,50,spuitje,word,word,1,631
6,16071,24759,50,pacht,word,word,1,655
6,1273,25042,50,belles,word,nonword,0,NA
6,22009,25043,50,stoofpot,word,word,1,907
6,16743,25004,50,plaatsten,word,word,1,712
6,3917,25045,50,degen,word,nonword,0,NA
6,14589,24925,50,moekes,word,nonword,0,NA
6,5593,24886,50,esprit,word,word,1,646
6,2155,25048,50,bluf,word,word,1,720
6,14377,25049,50,mijner,word,word,1,698
6,15979,24970,50,orka's,word,nonword,0,NA
6,15145,24930,50,neten,word,word,1,876
6,23255,25052,50,toneel,word,word,1,503
6,27917,24932,50,zuiltjes,word,word,1,1034
6,2779,24933,50,briljant,word,word,1,662
6,8021,25055,50,gravin,word,word,1,557
6,4775,24814,50,dreigen,word,word,1,527
6,23705,25057,50,tubes,word,word,1,NA
6,1075,24897,50,beentje,word,word,1,602
6,17229,25059,50,poster,word,word,1,604
6,24873,24939,50,verwierp,word,word,1,607
6,3465,24940,50,concerns,word,word,1,589
6,28013,25062,50,zwakte,word,word,1,836
6,22919,25063,50,terstond,word,nonword,0,NA
6,14503,24943,50,misschien,word,word,1,719
6,18745,24743,50,ruig,word,word,1,732
6,16957,24986,50,pluche,word,word,1,661
6,7943,25067,50,gracht,word,word,1,577
6,11205,24867,50,kloppers,word,word,1,636
6,9269,24908,50,hoezo,word,word,1,479
6,18621,24949,50,rooie,word,nonword,0,NA
6,9167,24950,50,hit,word,word,1,630
6,12379,25032,50,kwalijk,word,nonword,0,NA
6,2409,25073,50,boor,word,word,1,630
6,19357,24710,50,schijfje,word,word,1,468
6,1943,24914,50,blazend,word,word,1,597
6,17665,25076,50,putten,word,word,1,747
6,10461,24713,50,kastdeur,word,word,1,802
6,23053,25078,50,tijen,word,nonword,0,NA
6,3349,25079,50,clans,word,nonword,0,NA
6,4259,24959,50,dinars,word,nonword,0,NA
6,12357,24717,50,kwaaie,word,word,1,824
6,3159,25082,50,canons,word,word,1,898
6,13057,24719,50,lezing,word,word,1,650
6,4979,24720,50,drums,word,word,1,950
6,21847,24843,50,stijve,word,word,1,515
6,6315,24965,50,fysiek,word,word,1,725
6,15713,24723,50,ontsteld,word,word,1,1024
6,20873,24724,50,spatte,word,word,1,813
6,4795,24968,50,dreunde,word,word,1,977
6,20277,25010,50,slikken,word,word,1,530
6,11103,25091,50,kliffen,word,nonword,0,NA
6,23769,25092,50,turend,word,word,1,777
6,19957,24972,50,shampoo,word,word,1,620
6,12847,25094,50,leeuwen,word,word,1,1084
6,15441,24731,50,odes,word,nonword,0,NA
6,22339,25096,50,stroomde,word,word,1,476
6,11547,25097,50,kokken,word,word,1,590
6,25987,25098,50,vuurrood,word,nonword,0,NA
6,21875,25099,50,stilten,word,word,1,1028
6,19925,24736,50,servies,word,word,1,NA
6,18085,24980,50,rekent,word,nonword,0,NA
6,16139,24981,50,palmboom,word,nonword,0,NA
6,21571,24739,50,stee,word,nonword,0,NA
6,14863,24983,50,mus,word,word,1,459
6,5473,24944,50,enne,word,word,1,759
6,1157,24824,50,behield,word,word,1,980
6,15749,25107,50,onvast,word,word,1,951
6,23373,24744,50,tracht,word,word,1,549
6,24051,24988,50,vakbond,word,word,1,508
6,21743,24989,50,sterren,word,word,1,476
6,11555,25111,50,kolf,word,nonword,0,NA
6,17747,25112,50,racen,word,word,1,551
6,1219,24749,50,beklaagd,word,nonword,0,NA
6,12389,25114,50,kwart,word,word,1,502
6,1429,24833,50,beschouw,word,word,1,463
6,23101,24752,50,tinnen,word,nonword,0,NA
6,18275,25117,50,rieten,word,nonword,0,NA
6,8503,24876,50,halfrond,word,word,1,609
6,16987,24755,50,plunje,word,word,1,799
6,24071,25120,50,vakwerk,word,word,1,1079
6,3871,25000,50,decor,word,word,1,598
6,9299,24880,50,holen,word,word,1,677
6,26875,25123,50,windvlaag,word,word,1,592
6,9391,25124,50,hoofdstad,word,word,1,510
6,8541,25125,50,halte,word,word,1,542
6,17103,24762,50,pompen,word,nonword,0,NA
6,1959,25127,50,bleker,word,word,1,764
6,8037,25128,50,greinen,word,nonword,0,NA
6,6025,25129,50,fluistert,word,word,1,NA
6,14961,25090,50,nachtclub,word,word,1,699
6,6771,24767,50,gekamd,word,word,1,962
6,363,25132,50,alge,word,nonword,0,NA
6,23293,25133,50,toonders,word,nonword,0,NA
6,5415,25134,50,elfde,word,word,1,829
6,8883,24771,50,helden,word,word,1,781
6,23817,25136,50,tweeloop,word,word,1,561
6,10133,25137,50,judo,word,word,1,560
6,8063,24774,50,greppel,word,nonword,0,NA
6,3985,25139,50,denker,word,word,1,640
6,14637,25140,50,molen,word,nonword,0,NA
6,23691,24777,50,tsaren,word,nonword,0,NA
6,22961,24778,50,theepot,word,word,1,729
6,2609,25143,50,braaf,word,word,1,501
6,15213,24780,50,niet,word,word,1,669
6,9531,25105,50,houdbaar,word,nonword,0,NA
6,18973,24985,50,sauna's,word,word,1,599
6,173,24784,50,accu,word,word,1,688
6,7925,25148,50,graafschap,word,nonword,0,NA
6,9691,24785,50,hymne,word,nonword,0,NA
6,5483,25029,50,epen,word,nonword,0,NA
6,4227,25151,50,dijkjes,word,word,1,881
6,15833,24788,50,oorvijg,word,nonword,0,NA
6,19575,25153,50,schortte,word,nonword,0,NA
6,17325,25154,50,preitje,word,nonword,0,NA
6,20091,24994,50,skitje,word,word,1,763
6,13823,25156,50,magisch,word,nonword,0,NA
6,4713,24794,50,draaitjes,word,word,1,1007
6,22685,25158,50,tanks,word,word,1,565
6,13693,24795,50,lychee,word,word,1,796
6,2283,25160,50,boetiek,word,word,1,1098
6,2005,25161,50,blikjes,word,word,1,676
6,15505,25041,50,olmen,word,nonword,0,NA
6,9345,25163,50,honderd,word,word,1,614
6,11757,25164,50,korter,word,word,1,724
6,7655,25044,50,gisting,word,nonword,0,NA
6,19743,24802,50,schuift,word,word,1,583
6,9945,24803,50,jackets,word,word,1,502
6,13453,24804,50,loodzwaar,word,word,1,487
6,21639,24805,50,stekkers,word,word,1,569
6,1929,25170,50,blanken,word,nonword,0,NA
6,8403,24807,50,haal,word,word,1,410
6,10249,25051,50,kaatsen,word,nonword,0,NA
6,8329,25173,50,gul,word,word,1,907
6,26787,24810,50,wijngaard,word,word,1,771
6,9217,24811,50,hoeksteen,word,word,1,523
6,24579,25176,50,verlost,word,word,1,993
6,23551,25177,50,triplex,word,word,1,880
6,27027,25178,50,woorden,word,word,1,1122
6,21931,24816,50,stoffig,word,word,1,1272
6,7227,25180,50,gesp,word,word,1,833
6,24401,25181,50,verdwijn,word,word,1,694
6,21591,25182,50,steels,word,word,1,NA
6,26903,24819,50,wipte,word,word,1,716
6,17933,24820,50,rechtsaf,word,word,1,693
6,1745,25064,50,bieder,word,nonword,0,NA
6,5681,25186,50,ezels,word,word,1,1124
6,1107,24945,50,begeeft,word,word,1,750
6,14955,25188,50,naasten,word,word,1,725
6,2439,24825,50,bordeauxs,word,word,1,1074
6,24025,24705,50,vaatdoek,word,nonword,0,NA
6,3937,24827,50,dekkend,word,word,1,709
6,16691,25192,50,pis,word,word,1,1030
6,9501,24708,50,horse,word,nonword,0,NA
6,19785,25194,50,schuren,word,nonword,0,NA
6,8695,24831,50,hartje,word,word,1,628
6,521,24954,50,armee,word,nonword,0,NA
6,403,25197,50,alsdan,word,nonword,0,NA
6,6381,25198,50,galmde,word,nonword,0,NA
6,17643,24835,50,puntig,word,nonword,0,NA
6,23597,24836,50,troms,word,nonword,0,NA
7,426,24701,50,alvier,nonword,nonword,1,683
7,13966,24823,50,karktpluin,nonword,nonword,1,491
7,20044,24703,50,sont,nonword,nonword,1,456
7,5656,25068,50,ax,nonword,nonword,1,623
7,5554,24705,50,ereg,nonword,nonword,1,464
7,14364,24706,50,dijven,nonword,word,0,NA
7,1782,24828,50,hijfel,nonword,nonword,1,499
7,20062,24708,50,sfeeltjes,nonword,nonword,1,528
7,24232,24951,50,veetaaft,nonword,nonword,1,493
7,248,24710,50,afdrook,nonword,nonword,1,476
7,21100,24711,50,spleek,nonword,nonword,1,733
7,19272,25076,50,schoking,nonword,nonword,1,619
7,25396,24713,50,doevend,nonword,nonword,1,632
7,22292,25078,50,strep,nonword,word,0,NA
7,2216,24715,50,boof,nonword,nonword,1,578
7,27718,25080,50,zijltjes,nonword,word,0,NA
7,8672,24717,50,laging,nonword,nonword,1,564
7,22530,24839,50,suproeps,nonword,nonword,1,505
7,4060,24719,50,woentje,nonword,nonword,1,485
7,6536,24720,50,gegram,nonword,word,0,NA
7,28118,24963,50,vlermers,nonword,nonword,1,589
7,2128,24722,50,proot,nonword,nonword,1,700
7,19578,25087,50,schet,nonword,word,0,NA
7,1932,24724,50,praven,nonword,nonword,1,518
7,3590,25129,50,clu,nonword,word,0,NA
7,516,24968,50,arf,nonword,nonword,1,677
7,12360,24767,50,fraal,nonword,word,0,NA
7,17158,24849,50,paakje,nonword,word,0,NA
7,21152,24729,50,spielhuis,nonword,word,0,NA
7,19228,24851,50,schekking,nonword,word,0,NA
7,11684,24973,50,daartjes,nonword,nonword,1,510
7,12690,24732,50,disser,nonword,word,0,NA
7,22516,25097,50,nokkels,nonword,word,0,NA
7,24154,24734,50,zast,nonword,nonword,1,708
7,10642,24735,50,kelg,nonword,nonword,1,444
7,10992,24736,50,kloorkant,nonword,nonword,1,512
7,13614,24979,50,bieers,nonword,nonword,1,507
7,20732,25102,50,foha,nonword,nonword,1,462
7,19652,24739,50,schraaldden,nonword,nonword,1,522
7,7610,24740,50,gecten,nonword,nonword,1,571
7,16904,24741,50,pricht,nonword,nonword,1,586
7,14090,24863,50,raartjes,nonword,nonword,1,605
7,6472,24783,50,gabat,nonword,word,0,NA
7,21514,25108,50,stars,nonword,word,0,NA
7,5176,24745,50,dwarkpluit,nonword,nonword,1,658
7,5540,24746,50,erdij,nonword,nonword,1,509
7,14360,24747,50,doeden,nonword,nonword,1,702
7,14908,24748,50,mychings,nonword,nonword,1,488
7,5136,24749,50,mierzaam,nonword,nonword,1,731
7,27156,24750,50,kuiren,nonword,nonword,1,NA
7,26766,24751,50,weedje,nonword,nonword,1,706
7,13950,24752,50,mapt,nonword,word,0,NA
7,15578,25117,50,onkreek,nonword,nonword,1,749
7,12380,25118,50,smalijd,nonword,nonword,1,517
7,15936,24755,50,orlies,nonword,nonword,1,548
7,1694,24877,50,behat,nonword,nonword,1,556
7,26944,25121,50,duide,nonword,word,0,NA
7,27174,24879,50,ympvees,nonword,word,0,NA
7,1916,24759,50,broffen,nonword,nonword,1,596
7,19438,25124,50,schotma's,nonword,nonword,1,589
7,11568,24761,50,comaat,nonword,nonword,1,515
7,7490,24883,50,gemenkt,nonword,nonword,1,529
7,27368,25005,50,toutjes,nonword,nonword,1,472
7,2658,24764,50,blonding,nonword,word,0,NA
7,12054,25047,50,klongen,nonword,nonword,1,529
7,15106,24766,50,ner,nonword,word,0,NA
7,10476,24807,50,mader,nonword,nonword,1,514
7,24736,25132,50,verstaind,nonword,nonword,1,578
7,21258,24769,50,scrokend,nonword,nonword,1,525
7,3428,24770,50,coles,nonword,word,0,NA
7,28010,24771,50,vlikker,nonword,nonword,1,532
7,23900,25136,50,ieging,nonword,nonword,1,520
7,20148,25015,50,slog,nonword,nonword,1,518
7,23944,24895,50,uitbocht,nonword,word,0,NA
7,19222,24775,50,schova,nonword,nonword,1,478
7,25216,25140,50,druigen,nonword,word,0,NA
7,738,24777,50,bap,nonword,nonword,1,477
7,25700,25142,50,voorzijl,nonword,word,0,NA
7,12714,24779,50,padend,nonword,word,0,NA
7,20066,25144,50,sjais,nonword,nonword,1,522
7,12762,24902,50,peef,nonword,nonword,1,714
7,1850,24782,50,lendend,nonword,word,0,NA
7,3156,24984,50,captus,nonword,word,0,NA
7,19172,24905,50,schuikjes,nonword,nonword,1,532
7,1730,25149,50,hudden,nonword,nonword,1,613
7,28004,24907,50,prasjes,nonword,nonword,1,568
7,18278,25029,50,koutje,nonword,nonword,1,484
7,11008,24788,50,kleuzer,nonword,word,0,NA
7,15406,25152,50,nepse,nonword,nonword,1,700
7,21496,24790,50,stong,nonword,word,0,NA
7,12192,24791,50,broostocht,nonword,nonword,1,490
7,3988,24953,50,wonkers,nonword,word,0,NA
7,25394,24914,50,doeven,nonword,word,0,NA
7,27084,24794,50,meeters,nonword,word,0,NA
7,4604,25159,50,lepen,nonword,word,0,NA
7,18396,25160,50,muten,nonword,word,0,NA
7,18516,24797,50,wagje,nonword,word,0,NA
7,1560,24798,50,beleegt,nonword,word,0,NA
7,16906,25163,50,blechten,nonword,nonword,1,755
7,20394,24800,50,slees,nonword,nonword,1,510
7,19976,24801,50,crinsjes,nonword,nonword,1,504
7,18,25084,50,aaf,nonword,nonword,1,608
7,320,25167,50,aeik,nonword,nonword,1,506
7,13214,24804,50,poeken,nonword,word,0,NA
7,8504,25006,50,hansmond,nonword,nonword,1,524
7,22502,25048,50,noeker,nonword,nonword,1,514
7,26922,25008,50,hasten,nonword,word,0,NA
7,27494,25172,50,zitsen,nonword,word,0,NA
7,15638,25173,50,onthaat,nonword,word,0,NA
7,17834,24810,50,rends,nonword,nonword,1,544
7,9268,24811,50,loenen,nonword,nonword,1,719
7,5078,24812,50,mutsde,nonword,nonword,1,632
7,10626,24813,50,delkers,nonword,nonword,1,533
7,21326,25178,50,grallen,nonword,nonword,1,516
7,15104,24815,50,noegt,nonword,nonword,1,569
7,17898,25179,50,damend,nonword,word,0,NA
7,14920,24817,50,noopsters,nonword,nonword,1,486
7,5608,24818,50,aden,nonword,word,0,NA
7,1544,25061,50,betoord,nonword,word,0,NA
7,22916,24820,50,terbuur,nonword,nonword,1,574
7,13796,25185,50,mecht,nonword,nonword,1,585
7,18776,24822,50,roegste,nonword,nonword,1,573
7,9340,24943,50,herpen,nonword,word,0,NA
7,1800,25187,50,buintjes,nonword,nonword,1,569
7,20634,25189,50,snet,nonword,nonword,1,570
7,10248,25190,50,paats,nonword,nonword,1,505
7,2932,24948,50,sluize,nonword,nonword,1,NA
7,19616,24949,50,schrijnte,nonword,word,0,NA
7,10114,25193,50,jochmeer,nonword,nonword,1,513
7,6590,25072,50,gedrult,nonword,nonword,1,522
7,2842,24831,50,sleurtje,nonword,word,0,NA
7,10858,24872,50,muwi's,nonword,nonword,1,635
7,804,24833,50,baft,nonword,word,0,NA
7,24902,24834,50,verdin,nonword,nonword,1,584
7,7754,24835,50,gloeitaps,nonword,nonword,1,551
7,4724,24836,50,spacht,nonword,nonword,1,503
7,2832,25079,50,broetmok,nonword,nonword,1,592
7,4546,24959,50,daarvat,nonword,nonword,1,719
7,23844,25000,50,wroegjes,nonword,nonword,1,537
7,1298,24840,50,bemieu,nonword,nonword,1,475
7,15888,24841,50,asgaan,nonword,nonword,1,526
7,1342,24882,50,bepraalt,nonword,nonword,1,562
7,1368,24843,50,bern,nonword,nonword,1,626
7,7370,24844,50,goolde,nonword,nonword,1,446
7,5244,24925,50,uilt,nonword,nonword,1,555
7,7052,25007,50,gepijkt,nonword,nonword,1,573
7,16132,24860,50,taring,nonword,word,0,NA
7,17434,25130,50,prits,nonword,nonword,1,661
7,25412,24889,50,mierman,nonword,word,0,NA
7,16016,24890,50,oudshal,nonword,nonword,1,612
7,18054,24972,50,wookte,nonword,nonword,1,592
7,16624,24892,50,puiler,nonword,nonword,1,686
7,17560,24893,50,clasmen,nonword,nonword,1,536
7,10452,24854,50,masso's,nonword,word,0,NA
7,27234,24855,50,zad,nonword,word,0,NA
7,21218,24856,50,sprestje,nonword,nonword,1,478
7,16330,24978,50,papris,nonword,nonword,1,505
7,4846,25100,50,brongend,nonword,word,0,NA
7,9040,24980,50,ked,nonword,nonword,1,491
7,10564,24873,50,ralken,nonword,nonword,1,551
7,10474,24861,50,hat,nonword,nonword,1,NA
7,5574,24862,50,erteur,nonword,nonword,1,491
7,9386,24983,50,hoofdstaart,nonword,word,0,NA
7,21520,25025,50,stapbuits,nonword,nonword,1,611
7,312,24865,50,ame,nonword,nonword,1,596
7,1470,24866,50,besmeekt,nonword,word,0,NA
7,24932,24867,50,disting,nonword,nonword,1,NA
7,1292,24989,50,bevast,nonword,word,0,NA
7,3140,24869,50,cais,nonword,nonword,1,590
7,8060,24870,50,klonzend,nonword,word,0,NA
7,15854,24871,50,eestwaards,nonword,nonword,1,655
7,11940,25019,50,brussen,nonword,word,0,NA
7,24618,25168,50,verweeuwd,nonword,nonword,1,635
7,6594,24874,50,gedrormd,nonword,nonword,1,NA
7,16126,24875,50,taren,nonword,nonword,1,724
7,12204,24876,50,kril,nonword,nonword,1,539
7,21848,24957,50,stoeme,nonword,nonword,1,571
7,13452,24878,50,laakste,nonword,nonword,1,411
7,12446,24919,50,snuike,nonword,nonword,1,535
7,3728,24880,50,peken,nonword,word,0,NA
7,11816,25002,50,weeder,nonword,nonword,1,474
7,24362,24922,50,vermerst,nonword,nonword,1,534
7,14740,25004,50,koves,nonword,nonword,1,687
7,24820,25045,50,vermang,nonword,nonword,1,870
7,6240,25111,50,kwis,nonword,nonword,1,471
7,5812,24899,50,serste,nonword,nonword,1,511
7,4346,25182,50,meilde,nonword,nonword,1,NA
7,23120,25049,50,zitons,nonword,nonword,1,787
7,5784,25023,50,faardjes,nonword,nonword,1,565
7,26530,24930,50,werpstoom,nonword,word,0,NA
7,3856,24891,50,moolen,nonword,nonword,1,609
7,1224,25053,50,bepleid,nonword,word,0,NA
7,19160,24933,50,schierde,nonword,word,0,NA
7,7478,25176,50,gezoe,nonword,nonword,1,501
7,9812,25016,50,indries,nonword,nonword,1,422
7,17114,25017,50,petsjes,nonword,nonword,1,507
7,8096,25018,50,kroetjes,nonword,nonword,1,813
7,25156,24964,50,kniktes,nonword,word,0,NA
7,14078,24938,50,reinde,nonword,nonword,1,776
7,17828,25074,50,donden,nonword,nonword,1,519
7,9756,25022,50,ijsmuid,nonword,nonword,1,482
7,13934,25036,50,mup,nonword,nonword,1,481
7,11230,25184,50,krieten,nonword,word,0,NA
7,15542,25064,50,omboend,nonword,nonword,1,599
7,8788,25147,50,baarsten,nonword,word,0,NA
7,7780,24999,50,gools,nonword,nonword,1,570
7,12440,24947,50,flotsen,nonword,word,0,NA
7,6336,25042,50,noende,nonword,nonword,1,616
7,16784,25030,50,blonkjes,nonword,word,0,NA
7,8654,24950,50,talsop,nonword,nonword,1,541
7,27040,24977,50,voldend,nonword,word,0,NA
7,18208,25083,50,revoeps,nonword,nonword,1,560
7,16936,25046,50,prompjes,nonword,nonword,1,NA
7,2692,25035,50,breeg,nonword,nonword,1,562
7,4468,24981,50,motra's,nonword,nonword,1,526
7,9686,24916,50,bierders,nonword,nonword,1,475
7,17768,25010,50,geden,nonword,nonword,1,481
7,15420,24918,50,ezers,nonword,nonword,1,752
7,6870,25093,50,gevlutst,nonword,word,0,NA
7,2928,25041,50,sluilofs,nonword,nonword,1,502
7,3060,25134,50,hurker,nonword,word,0,NA
7,27340,24962,50,tijfje,nonword,nonword,1,524
7,12998,25003,50,lokter,nonword,nonword,1,492
7,11850,24990,50,klaal,nonword,nonword,1,529
7,5514,24942,50,elsens,nonword,nonword,1,537
7,8026,24939,50,greer,nonword,nonword,1,431
7,13418,25020,50,holdy,nonword,nonword,1,560
7,27916,24954,50,zoertje,nonword,nonword,1,NA
7,20828,25013,50,plede,nonword,nonword,1,468
7,19610,25198,50,schoeitjes,nonword,word,0,NA
7,15322,24931,50,finkel,nonword,word,0,NA
7,9628,25011,50,lurde,nonword,nonword,1,564
7,3362,25164,50,krichie,nonword,nonword,1,540
7,22238,25133,50,stralkste,nonword,nonword,1,609
7,12862,25056,50,limden,nonword,nonword,1,634
7,23974,25057,50,uc,nonword,nonword,1,519
7,22282,25181,50,stretje,nonword,nonword,1,682
7,1010,24955,50,bedreedt,nonword,nonword,1,502
7,188,25139,50,instste,nonword,nonword,1,546
7,24766,24993,50,verbaard,nonword,word,0,NA
7,17874,24975,50,sag,nonword,nonword,1,495
7,17596,25012,50,wuin,nonword,nonword,1,514
7,19992,24982,50,glot,nonword,nonword,1,526
7,23274,25104,50,teeg,nonword,nonword,1,456
7,10838,25143,50,tiorg,nonword,nonword,1,538
7,874,25001,50,balin,nonword,nonword,1,854
7,27710,24994,50,goen,nonword,nonword,1,531
7,15760,24961,50,onoy,nonword,nonword,1,490
7,4538,25195,50,daarkoord,nonword,nonword,1,616
7,10810,25131,50,kilms,nonword,nonword,1,480
7,12602,25075,50,lats,nonword,nonword,1,472
7,10341,24912,50,kan,word,word,1,492
7,15095,24727,50,negers,word,word,1,608
7,15671,24792,50,onthutst,word,word,1,444
7,23797,24787,50,twaalf,word,word,1,424
7,19067,24726,50,schacht,word,word,1,412
7,7535,24906,50,gezet,word,word,1,453
7,15443,24728,50,oef,word,nonword,0,NA
7,12331,24845,50,kussens,word,word,1,451
7,26665,24786,50,wettig,word,word,1,318
7,10539,24806,50,kei,word,word,1,580
7,23367,24824,50,traangas,word,nonword,0,NA
7,5335,24725,50,ego,word,word,1,439
7,21727,24911,50,sterkten,word,word,1,524
7,18797,24827,50,ruiten,word,word,1,447
7,8577,24846,50,handelt,word,word,1,374
7,27567,24848,50,zien,word,word,1,386
7,6067,24929,50,folders,word,word,1,512
7,15211,24952,50,niertjes,word,word,1,655
7,9383,24917,50,hoofdpijn,word,word,1,478
7,1337,24837,50,beperkt,word,word,1,457
7,8579,24946,50,handen,word,word,1,358
7,11423,24960,50,knuist,word,word,1,472
7,21287,24773,50,sproet,word,word,1,357
7,20205,24707,50,slechts,word,word,1,378
7,14915,24976,50,naaien,word,word,1,448
7,8083,24763,50,griepje,word,word,1,353
7,5587,24965,50,esdoorns,word,word,1,601
7,17751,24737,50,raciaal,word,word,1,434
7,10209,24967,50,kaaimans,word,word,1,666
7,25079,24847,50,vinnen,word,word,1,413
7,19167,24756,50,scheentje,word,word,1,564
7,10001,24850,50,jas,word,word,1,375
7,14275,24864,50,mestvaalt,word,word,1,731
7,1657,24718,50,beweegt,word,word,1,499
7,18751,24986,50,ruiken,word,word,1,400
7,25003,24987,50,vijfde,word,word,1,421
7,5681,24802,50,ezels,word,word,1,410
7,10983,24868,50,kleedt,word,word,1,543
7,467,24816,50,anker,word,word,1,616
7,14785,24709,50,moto's,word,word,1,656
7,17349,24992,50,present,word,word,1,NA
7,23779,24913,50,turks,word,word,1,431
7,999,24941,50,bedraagt,word,word,1,770
7,359,24743,50,alfa's,word,word,1,539
7,13113,24702,50,liedjes,word,word,1,502
7,25725,24997,50,vormde,word,word,1,616
7,4461,24985,50,donors,word,word,1,494
7,22131,24838,50,straatjes,word,word,1,619
7,23583,24758,50,trol,word,word,1,548
7,17459,24988,50,produkt,word,word,1,491
7,17407,24881,50,prikten,word,word,1,546
7,10085,24789,50,jojo's,word,word,1,565
7,8357,24762,50,gunstig,word,word,1,612
7,21155,24884,50,spoor,word,nonword,0,NA
7,11227,24966,50,kluit,word,word,1,488
7,61,24886,50,aanplant,word,nonword,0,NA
7,10091,24969,50,jon,word,nonword,0,NA
7,11343,24996,50,knikken,word,word,1,436
7,28013,24970,50,zwakte,word,word,1,674
7,2011,24998,50,bliksems,word,word,1,438
7,13941,24731,50,maren,word,word,1,343
7,8347,24853,50,gunden,word,word,1,418
7,22559,24974,50,sydneys,word,nonword,0,NA
7,7545,24894,50,gezind,word,word,1,441
7,19229,24774,50,schenen,word,word,1,476
7,16381,24896,50,pee,word,word,1,656
7,6221,24857,50,frezen,word,nonword,0,NA
7,21911,24898,50,stoeltjes,word,word,1,459
7,22447,24900,50,sturen,word,word,1,431
7,23097,24887,50,timmer,word,word,1,392
7,6449,24888,50,gastheer,word,word,1,445
7,1943,24903,50,blazend,word,word,1,497
7,17655,24944,50,pure,word,word,1,410
7,8761,24904,50,heelal,word,word,1,531
7,12093,24784,50,kromp,word,word,1,405
7,25479,25027,50,volgend,word,word,1,481
7,8833,25028,50,heibels,word,word,1,514
7,16785,24908,50,plannen,word,word,1,472
7,19973,24909,50,shirtje,word,word,1,571
7,26433,24991,50,weitjes,word,nonword,0,NA
7,4873,25032,50,droger,word,word,1,453
7,20011,25033,50,sieraad,word,word,1,634
7,7121,25021,50,geroep,word,word,1,496
7,7623,24995,50,gillend,word,word,1,515
7,18317,24915,50,rijkswacht,word,word,1,689
7,23901,25037,50,uitje,word,word,1,740
7,24309,25038,50,verband,word,word,1,459
7,22361,25039,50,stropers,word,word,1,605
7,22225,25040,50,stremsels,word,nonword,0,NA
7,23909,24920,50,uitlaat,word,word,1,792
7,3437,24921,50,colberts,word,word,1,734
7,24203,24923,50,veeltjes,word,nonword,0,NA
7,4557,25044,50,doorheen,word,word,1,516
7,21071,24924,50,spinnen,word,word,1,389
7,23923,24885,50,uitstek,word,word,1,616
7,21907,24805,50,stoelgang,word,nonword,0,NA
7,14065,24927,50,mee,word,nonword,0,NA
7,23813,24928,50,tweeën,word,word,1,494
7,14231,25050,50,merels,word,word,1,NA
7,24153,24971,50,vast,word,word,1,444
7,14301,25052,50,metser,word,word,1,560
7,5399,24852,50,eiwit,word,word,1,529
7,13459,25014,50,loog,word,word,1,583
7,27413,24934,50,zeiden,word,word,1,511
7,18931,24935,50,salvo,word,word,1,448
7,14141,24936,50,meiske,word,word,1,533
7,16999,24937,50,poeders,word,word,1,470
7,22607,25059,50,tactiek,word,word,1,422
7,4559,24859,50,doorleefd,word,word,1,694
7,13299,24819,50,linze,word,word,1,459
7,25215,25062,50,vliegen,word,word,1,465
7,17813,24781,50,rammen,word,word,1,366
7,9455,24742,50,hoor,word,nonword,0,NA
7,965,25065,50,bedding,word,word,1,437
7,8033,24945,50,greep,word,word,1,366
7,17889,25067,50,ravijn,word,word,1,560
7,3007,24704,50,buikgriep,word,nonword,0,NA
7,8281,25069,50,grootpa's,word,word,1,NA
7,6557,25070,50,gedanst,word,word,1,464
7,25723,24910,50,vorm,word,word,1,490
7,16261,24830,50,partners,word,word,1,466
7,22007,25073,50,stoofje,word,word,1,651
7,20691,25034,50,snuitjes,word,word,1,630
7,1593,24793,50,beulen,word,word,1,560
7,4333,24712,50,doe,word,nonword,0,NA
7,20705,24956,50,soda,word,nonword,0,NA
7,2527,24714,50,boudoir,word,word,1,597
7,7595,24958,50,gieten,word,word,1,443
7,27179,24716,50,yes,word,word,1,464
7,19543,25081,50,schoonzoon,word,word,1,459
7,1479,25082,50,besprak,word,word,1,494
7,1339,24721,50,bepleit,word,nonword,0,NA
7,3997,24842,50,depot,word,nonword,0,NA
7,17301,25085,50,praters,word,word,1,620
7,18665,25086,50,rossig,word,word,1,442
7,24103,24723,50,vampier,word,word,1,517
7,12415,25088,50,kweekschool,word,word,1,545
7,3475,25089,50,condor,word,word,1,672
7,8013,25090,50,grauwen,word,word,1,475
7,26663,25051,50,wetten,word,word,1,461
7,23895,25092,50,uitgang,word,word,1,400
7,24667,24932,50,verschil,word,word,1,532
7,12225,25054,50,kudde,word,word,1,512
7,5045,25095,50,duimpje,word,word,1,466
7,22089,25096,50,storten,word,word,1,547
7,12439,24733,50,kwetsen,word,word,1,431
7,4439,25098,50,dompers,word,nonword,0,NA
7,14909,25099,50,na,word,word,1,528
7,23559,24858,50,troef,word,word,1,450
7,10249,25101,50,kaatsen,word,word,1,575
7,18547,24738,50,rollers,word,word,1,454
7,4847,25103,50,dringt,word,word,1,369
7,21389,25024,50,staatsgreep,word,word,1,547
7,13799,25105,50,machtig,word,word,1,428
7,23095,25106,50,timing,word,word,1,496
7,10657,25107,50,kerstdag,word,word,1,498
7,27981,24744,50,zwaard,word,word,1,396
7,26385,25109,50,weeshuis,word,word,1,459
7,16317,25110,50,pastor,word,word,1,351
7,23223,25071,50,toga,word,word,1,404
7,20189,25112,50,slatje,word,word,1,377
7,27085,25113,50,wraak,word,word,1,384
7,5567,25114,50,ervaart,word,word,1,455
7,5761,25115,50,fauteuil,word,word,1,699
7,16735,25116,50,plaatsing,word,word,1,724
7,22675,24753,50,tank,word,word,1,495
7,21621,24754,50,steigers,word,word,1,464
7,15831,25119,50,oortjes,word,word,1,422
7,26355,25120,50,weerom,word,word,1,347
7,21327,24757,50,spurt,word,word,1,516
7,4247,25122,50,dikten,word,word,1,362
7,25275,25123,50,vloek,word,word,1,525
7,8729,24760,50,heb,word,word,1,514
7,2911,25125,50,brugklas,word,word,1,540
7,16111,25126,50,pakken,word,word,1,NA
7,23483,25127,50,trefwoord,word,word,1,458
7,13273,25128,50,link,word,word,1,429
7,3543,24765,50,coups,word,word,1,494
7,26867,25009,50,winden,word,word,1,412
7,26349,25091,50,weerklonk,word,word,1,462
7,3309,24768,50,cijfer,word,word,1,441
7,14251,24730,50,merrie,word,word,1,485
7,16033,25094,50,over,word,word,1,462
7,10277,25135,50,kajak,word,word,1,519
7,22957,24772,50,theedoek,word,word,1,549
7,20141,25137,50,slachten,word,word,1,410
7,17057,25138,50,point,word,word,1,NA
7,24739,24897,50,verstomd,word,word,1,572
7,12115,24776,50,kroop,word,nonword,0,NA
7,11121,25141,50,klimop,word,word,1,687
7,2163,24778,50,blut,word,word,1,447
7,15007,24901,50,najaars,word,word,1,537
7,27421,24780,50,zeilden,word,word,1,425
7,3555,25145,50,credit,word,word,1,604
7,23065,25146,50,tikjes,word,word,1,457
7,14677,25026,50,monniks,word,word,1,544
7,22585,25148,50,taarten,word,word,1,483
7,14657,24785,50,monden,word,word,1,427
7,20741,25150,50,sol,word,nonword,0,NA
7,12227,25151,50,kudden,word,word,1,740
7,26267,25031,50,watt,word,word,1,566
7,17787,25153,50,rails,word,nonword,0,NA
7,18945,25154,50,sancties,word,word,1,517
7,9597,25155,50,huisde,word,word,1,359
7,22575,25156,50,taak,word,word,1,366
7,10981,25157,50,kleedjes,word,word,1,421
7,13571,25158,50,luchtig,word,word,1,490
7,17541,24795,50,pruiken,word,word,1,461
7,25253,24796,50,vloeden,word,word,1,496
7,18561,25161,50,romans,word,word,1,465
7,26721,25162,50,wierook,word,word,1,499
7,9785,24799,50,immer,word,word,1,408
7,20095,25043,50,skunk,word,nonword,0,NA
7,8789,25165,50,heerszucht,word,word,1,700
7,2995,25166,50,buigen,word,word,1,437
7,16349,24803,50,paus,word,word,1,366
7,20123,24926,50,slaakte,word,nonword,0,NA
7,26097,25169,50,waasje,word,word,1,408
7,20665,25170,50,snoetje,word,word,1,413
7,9591,25171,50,huis,word,word,1,370
7,5137,24808,50,duw,word,word,1,403
7,2049,24809,50,bloeding,word,word,1,394
7,18675,25174,50,rotsblok,word,word,1,467
7,26459,25175,50,weldra,word,word,1,599
7,5815,25055,50,ferme,word,word,1,353
7,10039,25177,50,jeugdwerk,word,word,1,599
7,7283,24814,50,gestookt,word,word,1,454
7,7637,25058,50,ginseng,word,word,1,583
7,7779,25180,50,goals,word,word,1,470
7,225,25060,50,adel,word,word,1,476
7,23773,24940,50,turfmolm,word,nonword,0,NA
7,19003,25183,50,scene,word,word,1,639
7,1575,25063,50,betrok,word,word,1,468
7,24883,24821,50,verwoord,word,word,1,493
7,9875,25186,50,intens,word,word,1,536
7,22783,25066,50,teevee,word,word,1,377
7,2325,25188,50,bomen,word,word,1,488
7,4357,24825,50,doelwit,word,word,1,NA
7,11431,24826,50,knuppel,word,word,1,NA
7,16477,25191,50,pepers,word,word,1,524
7,23671,25192,50,trui,word,word,1,412
7,15137,24829,50,nestjes,word,word,1,597
7,27925,25194,50,zuiver,word,word,1,418
7,14565,24832,50,moeder,word,word,1,523
7,7909,25196,50,goudkust,word,word,1,437
7,8779,25197,50,heerser,word,word,1,473
7,12265,25077,50,kuisen,word,word,1,440
7,19467,25199,50,schokten,word,word,1,490
7,6373,25200,50,galg,word,word,1,508
8,682,24771,50,bafin,nonword,nonword,1,708
8,27168,24850,50,angszee,nonword,nonword,1,499
8,15146,24889,50,foten,nonword,nonword,1,739
8,11452,24890,50,maakje,nonword,nonword,1,810
8,17452,24759,50,proboopt,nonword,nonword,1,540
8,22306,24770,50,streben,nonword,nonword,1,632
8,22842,24754,50,zalling,nonword,nonword,1,624
8,11280,24765,50,snoppen,nonword,word,0,NA
8,7174,24871,50,gescherd,nonword,nonword,1,416
8,16926,24718,50,blomp,nonword,nonword,1,774
8,7230,24920,50,gepleerd,nonword,nonword,1,814
8,7744,24742,50,gloedveeuw,nonword,nonword,1,925
8,6398,24891,50,gestbaar,nonword,nonword,1,495
8,12446,24804,50,snuike,nonword,nonword,1,732
8,23662,24790,50,trums,nonword,nonword,1,596
8,16856,24805,50,proegde,nonword,nonword,1,709
8,12476,24819,50,looiland,nonword,nonword,1,539
8,4688,24926,50,spaagt,nonword,nonword,1,498
8,10190,24727,50,jark,nonword,nonword,1,441
8,20606,24847,50,snorste,nonword,nonword,1,487
8,23186,24929,50,toeslond,nonword,nonword,1,855
8,17490,24849,50,pross,nonword,nonword,1,413
8,14108,24878,50,miet,nonword,word,0,NA
8,10906,24879,50,trank,nonword,nonword,1,579
8,16414,24747,50,weil,nonword,word,0,NA
8,3514,24841,50,consant,nonword,word,0,NA
8,8884,24962,50,wolden,nonword,nonword,1,555
8,19094,24844,50,schemen,nonword,nonword,1,604
8,3958,24951,50,derilt,nonword,nonword,1,469
8,24968,24751,50,viep,nonword,nonword,1,420
8,810,24899,50,hantje,nonword,nonword,1,472
8,3296,24726,50,chroor,nonword,nonword,1,NA
8,26260,24820,50,tader,nonword,nonword,1,540
8,25066,24821,50,dengen,nonword,nonword,1,796
8,7398,24862,50,genucht,nonword,nonword,1,684
8,20718,24971,50,suikje,nonword,nonword,1,556
8,24780,24892,50,verlaafd,nonword,word,0,NA
8,10214,24839,50,raal,nonword,nonword,1,602
8,17470,24867,50,vlieftijd,nonword,nonword,1,505
8,12322,24868,50,mulken,nonword,nonword,1,506
8,4026,24950,50,pestin,nonword,nonword,1,566
8,22980,24924,50,thuil,nonword,nonword,1,531
8,14406,24925,50,walder,nonword,nonword,1,564
8,20676,24992,50,snerven,nonword,nonword,1,665
8,512,24873,50,aps,nonword,nonword,1,452
8,24240,24994,50,vem,nonword,nonword,1,775
8,22196,24713,50,stroorde,nonword,word,0,NA
8,20654,24875,50,snoor,nonword,nonword,1,NA
8,12040,24783,50,prijt,nonword,nonword,1,480
8,14992,24918,50,naviet,nonword,nonword,1,661
8,15810,24999,50,our,nonword,nonword,1,534
8,6832,25000,50,geplaai,nonword,nonword,1,551
8,15392,24880,50,sochter,nonword,nonword,1,497
8,24394,24803,50,vervind,nonword,nonword,1,757
8,24472,24869,50,verhoept,nonword,nonword,1,492
8,2122,24991,50,blons,nonword,word,0,NA
8,1692,24965,50,hezert,nonword,nonword,1,430
8,26430,24966,50,reunig,nonword,word,0,NA
8,11598,24846,50,pomst,nonword,nonword,1,568
8,20728,25008,50,sors,nonword,nonword,1,478
8,26768,24969,50,weedjes,nonword,nonword,1,608
8,14106,25010,50,woosters,nonword,nonword,1,527
8,13164,25011,50,luiler,nonword,nonword,1,512
8,6830,24972,50,geknart,nonword,word,0,NA
8,15534,24852,50,omhanst,nonword,nonword,1,566
8,21228,24854,50,sprooluur,nonword,nonword,1,439
8,24256,24881,50,vochjes,nonword,nonword,1,676
8,430,24722,50,asho,nonword,nonword,1,469
8,18552,24843,50,rolstraart,nonword,nonword,1,523
8,19590,24898,50,schakten,nonword,nonword,1,485
8,16248,25019,50,paksing,nonword,nonword,1,569
8,21632,24860,50,stakens,nonword,nonword,1,688
8,21924,24981,50,stuut,nonword,nonword,1,497
8,5644,24861,50,eerels,nonword,nonword,1,539
8,2194,25023,50,hedem,nonword,nonword,1,480
8,19454,24863,50,schirfels,nonword,nonword,1,487
8,21038,24905,50,spaaltje,nonword,nonword,1,766
8,13100,25026,50,lefje,nonword,word,0,NA
8,12716,24987,50,walent,nonword,nonword,1,607
8,21132,24908,50,grieltjes,nonword,nonword,1,693
8,3996,24895,50,dentand,nonword,nonword,1,467
8,15688,24909,50,ontvom,nonword,nonword,1,431
8,16118,25031,50,porte,nonword,nonword,1,487
8,8558,25032,50,lemmen,nonword,word,0,NA
8,25106,24872,50,mosser,nonword,nonword,1,548
8,27402,24913,50,toggend,nonword,nonword,1,483
8,24990,24874,50,meurtje,nonword,nonword,1,649
8,12786,25036,50,liem,nonword,nonword,1,477
8,12486,24876,50,laam,nonword,nonword,1,436
8,16010,25038,50,oenoom,nonword,nonword,1,557
8,20124,25039,50,breekte,nonword,word,0,NA
8,6650,24919,50,gaasten,nonword,word,0,NA
8,12332,25041,50,wossens,nonword,nonword,1,449
8,17000,24708,50,vieders,nonword,nonword,1,497
8,19096,24762,50,scharkt,nonword,nonword,1,622
8,9510,25004,50,lerten,nonword,nonword,1,416
8,22578,25045,50,toel,nonword,nonword,1,525
8,18648,25046,50,meusje,nonword,nonword,1,557
8,17922,24886,50,dochtens,nonword,nonword,1,704
8,12024,24806,50,sloegers,nonword,nonword,1,846
8,4232,24928,50,gik,nonword,nonword,1,600
8,10842,25050,50,limpen,nonword,nonword,1,485
8,8472,25051,50,helel,nonword,nonword,1,551
8,26536,25012,50,wetst,nonword,nonword,1,592
8,17090,25013,50,pori,nonword,nonword,1,558
8,1538,24974,50,bestuikt,nonword,word,0,NA
8,24826,24921,50,vervield,nonword,word,0,NA
8,3446,25056,50,colslee,nonword,nonword,1,578
8,23306,24777,50,toogst,nonword,nonword,1,503
8,1644,24937,50,besleer,nonword,nonword,1,412
8,6172,24938,50,wronken,nonword,nonword,1,480
8,6530,24940,50,geplend,nonword,nonword,1,629
8,13000,25061,50,hotters,nonword,nonword,1,555
8,11618,24941,50,rentjes,nonword,nonword,1,736
8,16068,25063,50,peeltjes,nonword,nonword,1,527
8,17136,24943,50,pooldacht,nonword,nonword,1,573
8,22348,24945,50,streemt,nonword,nonword,1,543
8,3248,24702,50,clinges,nonword,nonword,1,719
8,984,25027,50,beneent,nonword,nonword,1,686
8,18284,24988,50,koebaan,nonword,nonword,1,477
8,4844,24788,50,trongen,nonword,nonword,1,579
8,18006,25070,50,leet,nonword,nonword,1,714
8,20738,24707,50,fikkels,nonword,word,0,NA
8,25636,25072,50,voorkruin,nonword,nonword,1,903
8,13264,24791,50,limeet,nonword,nonword,1,691
8,10436,24953,50,karwets,nonword,nonword,1,552
8,17718,24793,50,moekten,nonword,word,0,NA
8,2734,24712,50,slengt,nonword,nonword,1,541
8,26584,24714,50,werkbee,nonword,nonword,1,528
8,10090,24957,50,sekers,nonword,nonword,1,643
8,538,25079,50,antsteel,nonword,nonword,1,516
8,940,24716,50,bamier,nonword,nonword,1,485
8,17174,24717,50,pafjes,nonword,nonword,1,584
8,2076,25082,50,bloemweel,nonword,word,0,NA
8,15122,24719,50,fean,nonword,nonword,1,508
8,27728,24720,50,somen,nonword,nonword,1,462
8,24176,24721,50,wecht,nonword,nonword,1,465
8,13920,25086,50,vonke,nonword,nonword,1,525
8,22882,25047,50,zontjes,nonword,nonword,1,525
8,6578,25088,50,gevied,nonword,nonword,1,484
8,17844,25089,50,monke,nonword,word,0,NA
8,4396,25090,50,meken,nonword,nonword,1,428
8,26486,25091,50,halpen,nonword,nonword,1,593
8,26316,25092,50,weekvlak,nonword,nonword,1,831
8,13608,24932,50,buidt,nonword,nonword,1,576
8,20448,24730,50,shal,nonword,nonword,1,543
8,13932,24975,50,kontels,nonword,nonword,1,471
8,19996,25096,50,smolel,nonword,nonword,1,527
8,13296,25057,50,lonsjes,nonword,nonword,1,NA
8,21100,24977,50,spleek,nonword,nonword,1,555
8,18444,24857,50,doewel,nonword,nonword,1,396
8,12800,25020,50,jeer,nonword,nonword,1,488
8,2432,24859,50,baartlui,nonword,nonword,1,712
8,20196,24738,50,gladin,nonword,nonword,1,533
8,12524,25103,50,hochjes,nonword,nonword,1,559
8,9170,24983,50,butte,nonword,nonword,1,624
8,25710,24904,50,voorwolf,nonword,nonword,1,659
8,20794,25106,50,cou,nonword,nonword,1,423
8,4826,24986,50,sleftig,nonword,nonword,1,544
8,19692,25108,50,schroeltjes,nonword,nonword,1,699
8,1274,24989,50,holles,nonword,nonword,1,800
8,19626,24746,50,schrorder,nonword,word,0,NA
8,10122,25111,50,soe,nonword,nonword,1,463
8,27248,25112,50,salen,nonword,nonword,1,610
8,8618,24749,50,lanser,nonword,nonword,1,594
8,19408,24750,50,schicknacht,nonword,nonword,1,865
8,13880,25115,50,mamime,nonword,nonword,1,473
8,28042,24995,50,kniefde,nonword,nonword,1,574
8,4558,24996,50,daargeen,nonword,word,0,NA
8,20678,25118,50,snat,nonword,nonword,1,592
8,25558,24756,50,vong,nonword,nonword,1,428
8,15434,25120,50,octoom,nonword,nonword,1,498
8,21088,25121,50,krits,nonword,nonword,1,628
8,18400,25001,50,kisme,nonword,nonword,1,NA
8,7332,25123,50,getord,nonword,nonword,1,501
8,23676,24882,50,blietje,nonword,nonword,1,574
8,11648,25125,50,koekstof,nonword,nonword,1,581
8,4328,25126,50,mogtors,nonword,nonword,1,660
8,18804,24723,50,daatje,nonword,nonword,1,792
8,22498,24764,50,siffent,nonword,nonword,1,488
8,22424,25129,50,stoekten,nonword,nonword,1,652
8,3836,25009,50,laga,nonword,nonword,1,577
8,25754,25131,50,wessen,nonword,nonword,1,555
8,17554,25132,50,proos,nonword,nonword,1,491
8,26980,25093,50,woch,nonword,nonword,1,484
8,26918,25134,50,dist,nonword,nonword,1,574
8,21668,24731,50,stofden,nonword,nonword,1,687
8,10072,24773,50,cijlend,nonword,nonword,1,528
8,24458,25137,50,verkt,nonword,nonword,1,522
8,2046,24896,50,vlijdend,nonword,nonword,1,534
8,23284,24897,50,teelbank,nonword,nonword,1,NA
8,5270,24776,50,aans,nonword,nonword,1,434
8,8552,25141,50,hag,nonword,nonword,1,526
8,11012,25021,50,grijnheid,nonword,nonword,1,843
8,26854,24779,50,kolloos,nonword,nonword,1,555
8,704,24780,50,pag,nonword,nonword,1,523
8,1702,25105,50,beweet,nonword,nonword,1,668
8,5344,24782,50,eiruil,nonword,nonword,1,511
8,10112,25147,50,cinkers,nonword,nonword,1,521
8,10100,25148,50,cingen,nonword,nonword,1,586
8,2908,25029,50,slogje,nonword,nonword,1,797
8,24466,24786,50,verneeld,nonword,nonword,1,868
8,17732,24787,50,maam,nonword,nonword,1,630
8,17992,25152,50,rijds,nonword,word,0,NA
8,27290,24789,50,tazen,nonword,nonword,1,466
8,20386,25154,50,trieers,nonword,nonword,1,724
8,25358,25155,50,vefje,nonword,nonword,1,573
8,14234,25156,50,heben,nonword,word,0,NA
8,27942,25157,50,zuk,nonword,nonword,1,433
8,15818,25158,50,eerdaalt,nonword,nonword,1,469
8,23696,25159,50,splegren,nonword,nonword,1,425
8,10776,25160,50,zuiken,nonword,word,0,NA
8,588,25161,50,oola,nonword,word,0,NA
8,6864,24798,50,gekint,nonword,nonword,1,578
8,26806,25042,50,diesje,nonword,nonword,1,629
8,13178,25164,50,luva,nonword,nonword,1,444
8,24212,24801,50,vaarbuit,nonword,nonword,1,NA
8,23906,24802,50,uitgoek,nonword,nonword,1,683
8,16120,25167,50,penten,nonword,word,0,NA
8,15956,25168,50,alde,nonword,nonword,1,484
8,10980,25169,50,krijdje,nonword,nonword,1,519
8,3892,25170,50,meelstoot,nonword,nonword,1,504
8,6474,24807,50,gazat,nonword,nonword,1,769
8,7554,25172,50,genand,nonword,nonword,1,620
8,16214,25133,50,partie,nonword,word,0,NA
8,8672,24810,50,laging,nonword,nonword,1,750
8,11892,25135,50,kleken,nonword,nonword,1,588
8,14842,25055,50,kuinen,nonword,nonword,1,630
8,1346,24813,50,belaart,nonword,nonword,1,652
8,11374,25178,50,snabbels,nonword,nonword,1,438
8,16888,24815,50,prijtte,nonword,nonword,1,541
8,1746,25059,50,huider,nonword,nonword,1,658
8,15610,24817,50,onmis,nonword,nonword,1,639
8,17194,24818,50,pakti,nonword,nonword,1,555
8,15930,25183,50,asstel,nonword,nonword,1,561
8,21610,25184,50,steenmomp,nonword,nonword,1,577
8,13054,25185,50,hemer,nonword,nonword,1,446
8,22918,25065,50,tersloops,nonword,nonword,1,925
8,24854,25187,50,verdoor,nonword,nonword,1,931
8,15290,24703,50,noeg,nonword,nonword,1,536
8,1806,25109,50,bijprijk,nonword,nonword,1,518
8,306,25190,50,ab,nonword,nonword,1,380
8,27260,24827,50,tasmes,nonword,nonword,1,448
8,18502,25192,50,hoet,nonword,nonword,1,515
8,4106,25193,50,ruchtheid,nonword,word,0,NA
8,26566,24830,50,harker,nonword,word,0,NA
8,6794,24710,50,nakko,nonword,nonword,1,537
8,21666,24832,50,stafde,nonword,word,0,NA
8,26182,24833,50,dandood,nonword,nonword,1,534
8,20762,25077,50,sarber,nonword,nonword,1,545
8,27582,25078,50,nieno,nonword,nonword,1,449
8,21894,25200,50,stumpen,nonword,nonword,1,643
8,10945,24701,50,klassen,word,word,1,643
8,23343,25066,50,totems,word,word,1,894
8,7489,25067,50,gewerkt,word,word,1,464
8,8097,24704,50,grieve,word,word,1,NA
8,19807,24705,50,schuurde,word,word,1,456
8,20187,24706,50,slappe,word,word,1,492
8,23761,25071,50,tunnels,word,word,1,435
8,6227,24829,50,friese,word,nonword,0,NA
8,14763,24709,50,mossels,word,word,1,403
8,26715,25074,50,wieltjes,word,word,1,464
8,17619,24711,50,pul,word,word,1,457
8,19425,25076,50,schimmig,word,word,1,712
8,4831,24834,50,drijfveer,word,word,1,503
8,19795,24835,50,schut,word,word,1,441
8,16649,24715,50,pillen,word,word,1,432
8,5819,25080,50,fiats,word,word,1,550
8,21711,25081,50,steriel,word,word,1,582
8,27307,24960,50,zang,word,word,1,540
8,15449,25083,50,oermens,word,nonword,0,NA
8,8419,25084,50,haantje,word,word,1,481
8,16951,25085,50,ploppen,word,word,1,692
8,24749,24964,50,verstreek,word,word,1,492
8,3031,25087,50,buitjes,word,word,1,398
8,26895,24724,50,winter,word,word,1,445
8,10217,24725,50,kaapvaart,word,nonword,0,NA
8,11641,24968,50,kookte,word,word,1,494
8,19579,24848,50,schotel,word,word,1,442
8,13745,24728,50,maan,word,word,1,461
8,4025,24729,50,dessin,word,word,1,577
8,8495,25094,50,half,word,word,1,422
8,7519,25095,50,gezag,word,word,1,443
8,8319,24732,50,grove,word,nonword,0,NA
8,27679,24733,50,zochten,word,word,1,524
8,22443,24734,50,stunt,word,word,1,491
8,4983,24735,50,drup,word,nonword,0,NA
8,443,24736,50,amper,word,word,1,415
8,12221,24737,50,kuchen,word,word,1,516
8,1917,25102,50,blaffend,word,word,1,509
8,1613,24739,50,beven,word,word,1,485
8,17839,24740,50,rangen,word,word,1,488
8,16391,24741,50,peertje,word,word,1,475
8,26643,24984,50,westerns,word,word,1,524
8,25919,24743,50,vrucht,word,word,1,462
8,15719,24744,50,onttrekt,word,word,1,449
8,22109,24745,50,stoven,word,word,1,500
8,24535,25110,50,verlaat,word,word,1,743
8,9991,25151,50,japon,word,word,1,478
8,23093,24748,50,time,word,word,1,514
8,2289,25113,50,boezem,word,nonword,0,NA
8,11569,25114,50,komaf,word,word,1,536
8,6545,24993,50,gebrul,word,nonword,0,NA
8,13229,24752,50,lijntje,word,word,1,457
8,17395,24753,50,prik,word,word,1,444
8,28157,25117,50,zwijntjes,word,word,1,444
8,7349,24755,50,getrouwd,word,word,1,573
8,621,24877,50,baal,word,word,1,809
8,24723,24757,50,verstand,word,word,1,672
8,1777,24758,50,biggen,word,nonword,0,NA
8,8245,25122,50,grondje,word,word,1,449
8,565,24760,50,astma,word,word,1,459
8,8197,24761,50,groep,word,word,1,559
8,4671,24883,50,draad,word,word,1,444
8,13311,24763,50,lire,word,word,1,620
8,21747,25128,50,stervend,word,word,1,523
8,12893,25007,50,leidsman,word,nonword,0,NA
8,5145,24766,50,duwend,word,word,1,461
8,21829,24767,50,stijgen,word,word,1,497
8,27543,24768,50,zieke,word,word,1,498
8,6629,24769,50,geen,word,word,1,852
8,18251,25174,50,ried,word,nonword,0,NA
8,19905,24811,50,serpent,word,nonword,0,NA
8,17131,24772,50,pooiers,word,word,1,494
8,8611,24894,50,hangars,word,word,1,597
8,25341,24774,50,vlugger,word,word,1,529
8,4849,24775,50,drink,word,word,1,496
8,1069,25140,50,been,word,word,1,492
8,187,25181,50,achtste,word,nonword,0,NA
8,5001,24778,50,duet,word,word,1,473
8,26499,25143,50,wen,word,nonword,0,NA
8,4489,25144,50,doodsbleek,word,nonword,0,NA
8,14805,24781,50,mouwtje,word,word,1,460
8,6399,25146,50,gangen,word,word,1,503
8,137,25025,50,aars,word,word,1,439
8,19457,24784,50,schoften,word,word,1,595
8,24913,24785,50,verzuimd,word,word,1,481
8,26701,25150,50,wiegend,word,word,1,542
8,13603,25191,50,luidkeels,word,nonword,0,NA
8,13841,25030,50,majors,word,nonword,0,NA
8,18451,25153,50,roeiboot,word,word,1,533
8,27171,24911,50,yankee,word,word,1,742
8,26889,24912,50,winsten,word,word,1,430
8,20295,24792,50,slingert,word,word,1,NA
8,15347,24914,50,noordkant,word,word,1,774
8,22643,24794,50,tallen,word,nonword,0,NA
8,21079,24795,50,spirit,word,word,1,NA
8,19477,24796,50,scholier,word,word,1,570
8,9319,24797,50,holte,word,word,1,745
8,26527,25162,50,wens,word,word,1,417
8,2093,24799,50,blokfluit,word,word,1,688
8,23121,24800,50,titel,word,word,1,506
8,27835,25165,50,zorgjes,word,word,1,528
8,21779,25166,50,stevig,word,word,1,560
8,10215,24923,50,kaap,word,word,1,547
8,913,24884,50,bassin,word,word,1,512
8,24855,24845,50,verweerd,word,word,1,585
8,25421,24927,50,voertuig,word,word,1,469
8,18237,25171,50,richting,word,word,1,506
8,15099,24808,50,neigen,word,nonword,0,NA
8,3719,24809,50,dagjes,word,word,1,510
8,10579,24930,50,ken,word,word,1,521
8,1491,24851,50,bestaand,word,word,1,533
8,25967,24812,50,vult,word,word,1,407
8,19793,25177,50,schurkje,word,word,1,501
8,25269,24814,50,vloeiend,word,word,1,407
8,14849,25179,50,mummie,word,word,1,539
8,989,24816,50,bedje,word,word,1,493
8,17583,24978,50,pudding,word,word,1,475
8,3435,25182,50,colbert,word,word,1,695
8,16279,24980,50,passant,word,word,1,478
8,4237,25062,50,dikkerd,word,word,1,443
8,11067,24942,50,kleurrijk,word,word,1,457
8,20475,24822,50,smeerlap,word,word,1,497
8,6913,24823,50,geleid,word,word,1,419
8,27449,24824,50,zelfkant,word,nonword,0,NA
8,657,24825,50,baarzen,word,nonword,0,NA
8,18185,24826,50,reuma,word,word,1,544
8,16079,24907,50,pact,word,word,1,450
8,15095,24828,50,negers,word,word,1,548
8,15965,24990,50,oren,word,word,1,502
8,24787,25194,50,vertraagd,word,word,1,408
8,12549,24831,50,laesie,word,word,1,684
8,7129,25196,50,geroofd,word,word,1,466
8,3439,25197,50,colon,word,word,1,534
8,9799,24955,50,in,word,word,1,427
8,14119,24956,50,meeuwtjes,word,word,1,448
8,26621,24836,50,werpers,word,nonword,0,NA
8,7427,24837,50,gevloek,word,word,1,517
8,11983,24838,50,kremlin,word,nonword,0,NA
8,22537,25040,50,surfers,word,word,1,512
8,6821,24840,50,gekneed,word,word,1,488
8,20801,25002,50,soupers,word,nonword,0,NA
8,8621,24842,50,hangkast,word,nonword,0,NA
8,25975,24963,50,vurig,word,word,1,491
8,19603,25044,50,schouwen,word,word,1,758
8,19681,24885,50,schrijft,word,word,1,562
8,27777,24967,50,zonen,word,word,1,560
8,17551,24887,50,pruimpjes,word,word,1,763
8,17257,24888,50,potvis,word,word,1,530
8,14417,24970,50,milkshakes,word,word,1,558
8,6947,24903,50,geloop,word,word,1,NA
8,16003,24931,50,oudheid,word,word,1,427
8,15155,24973,50,netto,word,word,1,431
8,19243,24853,50,schepje,word,word,1,485
8,1487,25015,50,besta,word,nonword,0,NA
8,11291,24855,50,knecht,word,word,1,475
8,7579,24856,50,gier,word,word,1,574
8,21987,25018,50,stompen,word,nonword,0,NA
8,10519,24858,50,keer,word,word,1,418
8,18913,24939,50,saksen,word,nonword,0,NA
8,17363,24900,50,preuts,word,word,1,506
8,7521,24982,50,gezakt,word,word,1,611
8,7353,25104,50,getto's,word,word,1,589
8,15995,24997,50,oude,word,word,1,398
8,26023,24864,50,waakte,word,word,1,697
8,12785,24865,50,leem,word,word,1,487
8,7445,24866,50,gevolgd,word,word,1,470
8,19475,24947,50,scholen,word,word,1,478
8,5853,24948,50,figuur,word,word,1,465
8,4329,24949,50,dode,word,word,1,516
8,20991,24870,50,sperde,word,nonword,0,NA
8,3293,25058,50,chirurg,word,word,1,512
8,15655,25033,50,onthaal,word,word,1,466
8,5825,25034,50,fictie,word,word,1,420
8,3615,25116,50,cursors,word,nonword,0,NA
8,21837,24915,50,stijl,word,word,1,412
8,8543,25130,50,halten,word,word,1,440
8,27003,24998,50,woning,word,word,1,467
8,11585,24958,50,komma,word,word,1,463
8,23433,24959,50,trant,word,nonword,0,NA
8,17339,24893,50,prent,word,word,1,NA
8,23151,25163,50,toegaan,word,word,1,439
8,3915,25003,50,deftig,word,word,1,611
8,19497,25124,50,schoof,word,word,1,600
8,4481,24910,50,doodop,word,word,1,484
8,8471,25005,50,hagel,word,word,1,549
8,13703,25006,50,lyrisch,word,word,1,613
8,21721,25048,50,sterkst,word,word,1,477
8,20357,25049,50,sloot,word,nonword,0,NA
8,4583,24902,50,doortocht,word,word,1,748
8,19851,25064,50,sein,word,word,1,592
8,1709,24944,50,bezoek,word,word,1,444
8,4971,25053,50,drukte,word,word,1,651
8,12483,24906,50,laakbaar,word,nonword,0,NA
8,22653,24934,50,tandarts,word,word,1,474
8,18569,25016,50,romers,word,nonword,0,NA
8,5199,25017,50,dwingt,word,word,1,449
8,14047,25043,50,maxi,word,word,1,433
8,4921,25180,50,droombeeld,word,word,1,588
8,16877,24979,50,pleintjes,word,word,1,525
8,25183,25101,50,vlegels,word,word,1,808
8,8163,24901,50,groefje,word,word,1,NA
8,12855,25075,50,leg,word,word,1,435
8,24817,24916,50,verviel,word,word,1,497
8,5355,24917,50,eiland,word,word,1,515
8,18925,24985,50,salons,word,word,1,477
8,5749,25052,50,fataal,word,word,1,488
8,11961,25188,50,kreeften,word,word,1,818
8,8497,25028,50,halfbroer,word,word,1,440
8,23061,25069,50,tik,word,word,1,438
8,5849,24936,50,fietste,word,word,1,523
8,16243,25098,50,parket,word,word,1,463
8,26167,24952,50,walnoot,word,word,1,552
8,26565,25195,50,werker,word,word,1,397
8,1397,25035,50,beroep,word,word,1,474
8,15939,25142,50,optocht,word,word,1,670
8,6007,25022,50,flitsend,word,word,1,511
8,21809,25198,50,stiertje,word,word,1,679
8,659,25119,50,baas,word,word,1,430
8,5347,25186,50,eik,word,word,1,530
8,2915,24933,50,bruid,word,word,1,623
8,1087,24961,50,beesten,word,word,1,604
8,17361,24922,50,prettig,word,word,1,464
8,12851,25149,50,leeuwtjes,word,word,1,409
8,18411,24976,50,rivaal,word,word,1,538
8,15619,25099,50,ons,word,word,1,435
8,11279,25139,50,knappen,word,word,1,589
8,13281,25127,50,linkse,word,word,1,638
8,14365,24954,50,mijlpaal,word,word,1,488
8,19173,24946,50,scheepsbouw,word,word,1,559
8,2463,25014,50,borrel,word,word,1,477
8,25793,25024,50,vraten,word,nonword,0,NA
8,1443,25037,50,beschut,word,word,1,559
8,20709,25189,50,soep,word,word,1,440
8,24587,25138,50,vermeld,word,word,1,492
8,15373,24935,50,norse,word,word,1,621
8,22497,25136,50,sufferd,word,word,1,571
8,20061,25100,50,sjaaltjes,word,word,1,680
8,22203,25145,50,streepje,word,word,1,502
8,13251,25097,50,likken,word,word,1,544
8,10515,25060,50,keeper,word,word,1,589
8,19055,25073,50,schaarser,word,word,1,778
8,20099,25176,50,skylab,word,nonword,0,NA
8,937,25173,50,bats,word,nonword,0,NA
8,17973,25199,50,reden,word,word,1,498
8,7623,25054,50,gillend,word,word,1,549
8,8771,25175,50,heer,word,word,1,565
8,10787,25068,50,kijkt,word,word,1,466
8,1757,25107,50,biertje,word,word,1,540
9,8404,24705,50,naal,nonword,nonword,1,667
9,6052,24830,50,foudjes,nonword,nonword,1,572
9,15310,24710,50,nogbeels,nonword,nonword,1,629
9,578,24709,50,akkent,nonword,nonword,1,534
9,22436,24914,50,bluksen,nonword,nonword,1,474
9,17942,24892,50,rechtstrooms,nonword,nonword,1,583
9,180,24703,50,ocht,nonword,nonword,1,663
9,18446,24855,50,doewels,nonword,nonword,1,418
9,1378,24802,50,belpt,nonword,nonword,1,490
9,16954,24872,50,drot,nonword,nonword,1,420
9,14994,24922,50,satoen,nonword,nonword,1,539
9,22360,24726,50,stremer,nonword,nonword,1,635
9,14404,24887,50,wolde,nonword,nonword,1,694
9,24814,24783,50,verdoelt,nonword,nonword,1,565
9,10872,24717,50,greerde,nonword,nonword,1,596
9,18892,24903,50,fafel,nonword,nonword,1,511
9,3880,24904,50,keed,nonword,nonword,1,433
9,20298,24905,50,slortse,nonword,nonword,1,454
9,19912,24882,50,segim,nonword,nonword,1,470
9,8154,24841,50,grink,nonword,nonword,1,535
9,13210,24706,50,hijk,nonword,nonword,1,533
9,10396,24708,50,masjes,nonword,nonword,1,599
9,6004,24831,50,kwits,nonword,nonword,1,523
9,4524,24912,50,diek,nonword,nonword,1,453
9,8560,24712,50,lapster,nonword,nonword,1,723
9,28172,24913,50,zwal,nonword,nonword,1,472
9,3862,24954,50,dools,nonword,nonword,1,477
9,27588,24823,50,zeuten,nonword,nonword,1,526
9,19542,24715,50,schuitste,nonword,nonword,1,645
9,20618,24957,50,zwijdt,nonword,nonword,1,580
9,13700,24838,50,hynxen,nonword,nonword,1,515
9,2698,24704,50,braamtes,nonword,nonword,1,738
9,19094,24826,50,schemen,nonword,nonword,1,694
9,22268,24840,50,stroofmacht,nonword,nonword,1,717
9,7784,24962,50,zod,nonword,nonword,1,481
9,1328,24910,50,bedit,nonword,nonword,1,517
9,14426,24951,50,mils,nonword,nonword,1,NA
9,12892,24766,50,heigraad,nonword,nonword,1,518
9,15782,24724,50,eeklid,nonword,nonword,1,641
9,6744,24927,50,gieve,nonword,nonword,1,576
9,762,24849,50,bancon,nonword,word,0,NA
9,3876,24889,50,desnuit,nonword,nonword,1,768
9,3840,24970,50,retje,nonword,nonword,1,522
9,18408,24850,50,kutsen,nonword,nonword,1,NA
9,16180,24811,50,ponzies,nonword,nonword,1,451
9,25734,24759,50,morving,nonword,nonword,1,591
9,21242,24854,50,spleedde,nonword,nonword,1,513
9,27988,24975,50,knaatsvis,nonword,nonword,1,554
9,16096,24721,50,parwen,nonword,nonword,1,549
9,13282,24964,50,honkse,nonword,nonword,1,480
9,26628,24859,50,wenzels,nonword,nonword,1,449
9,9646,24737,50,luksten,nonword,nonword,1,889
9,8712,24860,50,lale,nonword,nonword,1,469
9,3904,24768,50,meinse,nonword,nonword,1,545
9,5284,24822,50,eerleed,nonword,nonword,1,710
9,3200,24943,50,courtuur,nonword,nonword,1,537
9,24860,24944,50,vertoot,nonword,nonword,1,490
9,14602,24824,50,moos,nonword,nonword,1,479
9,20186,24865,50,klasers,nonword,nonword,1,398
9,11212,24866,50,klarten,nonword,nonword,1,436
9,22838,24988,50,piller,nonword,nonword,1,742
9,5808,24707,50,nille,nonword,nonword,1,518
9,23376,24829,50,vlichten,nonword,nonword,1,690
9,22460,24952,50,stoodden,nonword,nonword,1,539
9,14984,24871,50,sadaal,nonword,nonword,1,699
9,7488,24993,50,gemerst,nonword,nonword,1,531
9,13656,24752,50,lunks,nonword,nonword,1,465
9,26270,24753,50,dakten,nonword,nonword,1,532
9,23258,24996,50,pomen,nonword,nonword,1,656
9,10774,24876,50,mijk,nonword,nonword,1,462
9,13298,24958,50,litsmorm,nonword,nonword,1,451
9,14448,24959,50,runi,nonword,nonword,1,710
9,18314,24839,50,rijnszienst,nonword,nonword,1,725
9,590,25001,50,ooka's,nonword,nonword,1,544
9,46,24881,50,aanrof,nonword,nonword,1,649
9,2432,25003,50,baartlui,nonword,nonword,1,557
9,1068,24870,50,beestschaak,nonword,nonword,1,622
9,26894,24844,50,wont,nonword,nonword,1,852
9,18068,24885,50,kijsde,nonword,nonword,1,479
9,17432,24967,50,pretsjes,nonword,nonword,1,597
9,8730,24847,50,beb,nonword,nonword,1,444
9,15638,24848,50,onthaat,nonword,nonword,1,720
9,26748,25010,50,koede,nonword,nonword,1,506
9,21962,25011,50,stomzis,nonword,nonword,1,475
9,14070,24851,50,reedien,nonword,nonword,1,NA
9,26924,25013,50,nin,nonword,nonword,1,435
9,8074,24853,50,groek,nonword,nonword,1,461
9,10340,24894,50,kansmuur,nonword,nonword,1,523
9,26490,24976,50,wels,nonword,nonword,1,570
9,16614,24883,50,toenen,nonword,nonword,1,488
9,8842,24817,50,hijl,nonword,nonword,1,823
9,23882,24898,50,ientjes,nonword,nonword,1,499
9,18354,24980,50,rijbuil,nonword,nonword,1,NA
9,998,24981,50,bevaalt,nonword,nonword,1,661
9,15900,24741,50,asmars,nonword,nonword,1,550
9,9878,24862,50,erter,nonword,nonword,1,476
9,4396,25024,50,meken,nonword,nonword,1,541
9,27864,25025,50,zoutmoer,nonword,nonword,1,557
9,27158,25026,50,kuirend,nonword,nonword,1,508
9,23626,25027,50,slussen,nonword,nonword,1,525
9,16650,24786,50,zellen,nonword,nonword,1,NA
9,2180,24868,50,boggy's,nonword,nonword,1,540
9,26784,24909,50,doenen,nonword,nonword,1,466
9,3736,25031,50,wakgan,nonword,nonword,1,470
9,10710,24790,50,reize,nonword,nonword,1,604
9,6340,25033,50,taar,nonword,nonword,1,633
9,24170,25034,50,vekte,nonword,nonword,1,518
9,15336,25035,50,nootmeer,nonword,nonword,1,487
9,12786,24915,50,liem,nonword,nonword,1,461
9,110,24916,50,oosje,nonword,nonword,1,448
9,2370,24756,50,lanten,nonword,nonword,1,NA
9,25034,24878,50,moevers,nonword,nonword,1,454
9,14286,24758,50,hoter,nonword,nonword,1,576
9,23242,24799,50,zallen,nonword,nonword,1,614
9,11406,25042,50,plapjes,nonword,nonword,1,487
9,19120,25043,50,schowen,nonword,nonword,1,522
9,24826,24923,50,vervield,nonword,nonword,1,NA
9,2600,25005,50,bene,nonword,nonword,1,588
9,3034,25046,50,huimen,nonword,nonword,1,505
9,6508,25047,50,gekwam,nonword,word,0,NA
9,27250,25008,50,tikgeld,nonword,nonword,1,620
9,17632,24928,50,pusts,nonword,nonword,1,572
9,748,25050,50,hakies,nonword,nonword,1,547
9,19464,24809,50,schinkend,nonword,nonword,1,561
9,834,25052,50,bankeert,nonword,nonword,1,844
9,17638,25053,50,pulks,nonword,nonword,1,656
9,25050,24893,50,hin,nonword,nonword,1,421
9,19132,24934,50,schosrijk,nonword,nonword,1,573
9,1490,24895,50,bedraat,nonword,nonword,1,619
9,1658,25057,50,bemaagt,nonword,nonword,1,501
9,10908,24897,50,grangbord,nonword,nonword,1,648
9,20882,24938,50,krecieus,nonword,nonword,1,503
9,11174,24939,50,grentje,nonword,nonword,1,472
9,11348,25021,50,prakker,nonword,nonword,1,704
9,13824,24942,50,kakisch,nonword,nonword,1,654
9,18230,25023,50,micht,nonword,nonword,1,508
9,2926,25064,50,briefleen,nonword,nonword,1,521
9,21802,25065,50,stuiket,nonword,nonword,1,587
9,20110,25066,50,kraafs,nonword,nonword,1,521
9,8546,25067,50,boltes,nonword,nonword,1,650
9,20448,24947,50,shal,nonword,nonword,1,694
9,8380,25069,50,baaf,nonword,nonword,1,490
9,10126,24949,50,jourwaasd,nonword,nonword,1,535
9,25642,25071,50,maarrecht,nonword,nonword,1,538
9,3454,25072,50,comfept,nonword,nonword,1,490
9,25652,25073,50,maarschrift,nonword,nonword,1,636
9,13732,25074,50,roekte,nonword,nonword,1,489
9,21888,24711,50,stelkers,nonword,nonword,1,530
9,2296,24834,50,laffen,nonword,nonword,1,576
9,16366,25077,50,poonen,nonword,nonword,1,446
9,17282,25078,50,bluchtig,nonword,nonword,1,545
9,22328,25079,50,strelten,nonword,nonword,1,529
9,16808,24716,50,ples,nonword,nonword,1,481
9,13898,25081,50,marten,nonword,nonword,1,571
9,518,25082,50,ampland,nonword,nonword,1,474
9,15426,24719,50,odkult,nonword,nonword,1,483
9,17134,24963,50,tool,nonword,nonword,1,644
9,9496,25085,50,bolen,nonword,nonword,1,576
9,14564,25086,50,vijde,nonword,nonword,1,606
9,27784,24845,50,zolt,nonword,nonword,1,790
9,7154,25048,50,gestrit,nonword,nonword,1,648
9,810,24968,50,hantje,nonword,nonword,1,500
9,9776,25090,50,igdelf,nonword,nonword,1,494
9,18300,25091,50,koeen,nonword,nonword,1,481
9,26438,25092,50,vaken,nonword,nonword,1,740
9,11356,25093,50,prokten,nonword,nonword,1,512
9,10566,24731,50,kolsje,nonword,nonword,1,536
9,8090,25095,50,grijt,nonword,nonword,1,464
9,17688,24732,50,roed,nonword,nonword,1,520
9,28174,24733,50,knillen,nonword,nonword,1,617
9,16436,24937,50,pilgje,nonword,nonword,1,550
9,10750,24735,50,doertjes,nonword,nonword,1,521
9,3384,25100,50,clobs,nonword,nonword,1,519
9,246,25101,50,afdrijk,nonword,nonword,1,646
9,4750,25022,50,snapa's,nonword,nonword,1,490
9,1186,25063,50,besaald,nonword,nonword,1,486
9,8486,24983,50,basmes,nonword,nonword,1,628
9,26118,25105,50,dachtboord,nonword,nonword,1,585
9,23052,24743,50,toosvak,nonword,nonword,1,491
9,8988,25107,50,herhoord,nonword,nonword,1,NA
9,21296,25108,50,splingen,nonword,nonword,1,467
9,1602,25109,50,builzen,nonword,nonword,1,454
9,21032,24746,50,spuiven,nonword,nonword,1,636
9,18992,24990,50,wraga,nonword,nonword,1,466
9,18820,25112,50,mutten,nonword,nonword,1,608
9,10618,24992,50,kerkwoonst,nonword,word,0,NA
9,12382,24750,50,wrollen,nonword,nonword,1,559
9,7736,25115,50,flowe,nonword,nonword,1,536
9,21466,25116,50,sterpend,nonword,nonword,1,NA
9,23332,25117,50,polens,nonword,nonword,1,440
9,19780,24997,50,schulskraag,nonword,nonword,1,620
9,1636,24998,50,bekruisd,nonword,nonword,1,617
9,2982,25120,50,bufty,nonword,nonword,1,506
9,5850,24757,50,foenste,nonword,nonword,1,679
9,4558,25122,50,daargeen,nonword,word,0,NA
9,6092,25123,50,foft,nonword,nonword,1,498
9,2856,24760,50,bromvoots,nonword,nonword,1,669
9,16402,25004,50,puiloom,nonword,nonword,1,589
9,2456,24762,50,belen,nonword,nonword,1,699
9,26596,25006,50,werkdrak,nonword,nonword,1,603
9,26562,25088,50,dorken,nonword,nonword,1,525
9,4518,24765,50,diesheid,nonword,nonword,1,683
9,4862,25130,50,broeg,nonword,nonword,1,643
9,2284,24767,50,bijliek,nonword,nonword,1,NA
9,8868,25132,50,dukken,nonword,word,0,NA
9,12294,24891,50,kenst,nonword,nonword,1,534
9,15186,25134,50,semel,nonword,nonword,1,632
9,25356,24771,50,didden,nonword,nonword,1,478
9,15494,25136,50,arsels,nonword,nonword,1,503
9,4544,24773,50,daarvacht,nonword,nonword,1,545
9,18370,25098,50,rimdee,nonword,nonword,1,520
9,640,24775,50,baagt,nonword,nonword,1,454
9,26702,24776,50,kuigend,nonword,nonword,1,553
9,18578,24778,50,wampen,nonword,nonword,1,506
9,13666,25102,50,hukje,nonword,nonword,1,498
9,7638,24779,50,ninpeng,nonword,nonword,1,540
9,25864,24780,50,snoeheid,nonword,nonword,1,523
9,8082,24781,50,graap,nonword,nonword,1,476
9,18016,25146,50,refern,nonword,nonword,1,605
9,21948,25147,50,klaker,nonword,nonword,1,570
9,7624,25148,50,nollend,nonword,nonword,1,506
9,23572,24907,50,grofij,nonword,nonword,1,508
9,3762,25150,50,dastpring,nonword,nonword,1,588
9,8388,25030,50,hooden,nonword,nonword,1,567
9,2670,25152,50,slandstaf,nonword,nonword,1,NA
9,15234,25032,50,nieuwjoegd,nonword,nonword,1,554
9,18764,25154,50,buim,nonword,nonword,1,583
9,20470,25155,50,twaakten,nonword,nonword,1,533
9,19888,25156,50,serror,nonword,nonword,1,502
9,27460,24793,50,telme,nonword,nonword,1,506
9,4532,24794,50,koomsels,nonword,nonword,1,507
9,20426,24795,50,smaag,nonword,word,0,NA
9,5504,24918,50,ergweel,nonword,nonword,1,566
9,3348,25161,50,wran,nonword,nonword,1,490
9,10534,24798,50,kiet,nonword,word,0,NA
9,17612,25163,50,guk,nonword,nonword,1,532
9,9742,25164,50,ous,nonword,nonword,1,532
9,4746,24801,50,greken,nonword,nonword,1,487
9,25108,25166,50,mossers,nonword,nonword,1,718
9,26956,24803,50,woegt,nonword,nonword,1,668
9,22852,24804,50,zimpels,nonword,nonword,1,471
9,10190,24805,50,jark,nonword,nonword,1,442
9,15536,24806,50,omheem,nonword,nonword,1,606
9,3478,25171,50,cendars,nonword,nonword,1,684
9,16002,24808,50,ooters,nonword,nonword,1,479
9,174,25173,50,aghu,nonword,nonword,1,507
9,24242,24810,50,verm,nonword,nonword,1,464
9,17042,25175,50,poetvas,nonword,nonword,1,547
9,5736,25055,50,fatts,nonword,nonword,1,636
9,23336,25177,50,tat,nonword,nonword,1,546
9,4058,24814,50,keinen,nonword,nonword,1,534
9,1722,25179,50,befluit,nonword,nonword,1,690
9,27632,25180,50,zukken,nonword,nonword,1,636
9,7658,25181,50,gitiel,nonword,nonword,1,505
9,6844,25142,50,gekand,nonword,word,0,NA
9,2746,25062,50,cherons,nonword,nonword,1,484
9,14512,25184,50,dessies,nonword,nonword,1,620
9,8834,24821,50,leubels,nonword,nonword,1,NA
9,3430,25186,50,cul,nonword,nonword,1,494
9,24440,25187,50,verhuit,nonword,nonword,1,528
9,17762,25188,50,kadir,nonword,nonword,1,449
9,18,25068,50,aaf,nonword,nonword,1,454
9,1854,25190,50,bilts,nonword,nonword,1,584
9,13942,25070,50,zaven,nonword,nonword,1,604
9,7198,25192,50,gopels,nonword,nonword,1,472
9,24554,25193,50,verveed,nonword,nonword,1,476
9,13134,25194,50,lijdsten,nonword,nonword,1,575
9,12482,25195,50,loomde,nonword,word,0,NA
9,8196,24832,50,spientjes,nonword,nonword,1,476
9,6390,25076,50,gakes,nonword,nonword,1,475
9,4326,25198,50,mogtor,nonword,nonword,1,514
9,16192,25199,50,pum,nonword,nonword,1,500
9,8202,25200,50,kraapje,nonword,nonword,1,534
9,12255,24701,50,kuiper,word,nonword,0,NA
9,21469,24702,50,stampten,word,word,1,601
9,25307,24945,50,vlooien,word,word,1,428
9,24805,24825,50,verval,word,word,1,450
9,9897,25189,50,inzet,word,word,1,469
9,5485,24827,50,epos,word,nonword,0,NA
9,11613,24828,50,konten,word,word,1,529
9,27087,24950,50,wraakzucht,word,word,1,471
9,9753,24749,50,ijskast,word,word,1,477
9,17849,25114,50,ransels,word,nonword,0,NA
9,15375,25075,50,nota,word,word,1,555
9,4467,24833,50,doña's,word,nonword,0,NA
9,22375,24713,50,strotten,word,word,1,620
9,8993,24714,50,herkend,word,word,1,632
9,24677,24836,50,verschoot,word,word,1,880
9,21841,25080,50,stijltje,word,nonword,0,NA
9,14489,25121,50,misdrijf,word,word,1,444
9,10215,24718,50,kaap,word,word,1,497
9,16637,25083,50,pikant,word,word,1,557
9,7773,24720,50,gnomen,word,nonword,0,NA
9,27489,24842,50,zesje,word,word,1,727
9,21353,24722,50,staakte,word,word,1,644
9,19505,24723,50,schoolbord,word,word,1,529
9,18885,24966,50,saai,word,word,1,516
9,19495,24725,50,schonken,word,word,1,573
9,19071,25089,50,schade,word,word,1,510
9,3851,24727,50,de,word,nonword,0,NA
9,20597,24728,50,snelle,word,word,1,477
9,6379,24729,50,gallen,word,word,1,815
9,23543,24730,50,trio,word,word,1,468
9,24865,24852,50,verwerft,word,word,1,525
9,23727,25096,50,tuinslang,word,word,1,532
9,2421,25097,50,boot,word,word,1,436
9,5165,24734,50,dwaling,word,word,1,502
9,27981,25099,50,zwaard,word,word,1,634
9,19731,24736,50,schud,word,nonword,0,NA
9,24463,24858,50,verhaal,word,word,1,395
9,21133,24738,50,spoetnik,word,word,1,716
9,19761,24739,50,schuit,word,word,1,565
9,26717,24740,50,wier,word,word,1,500
9,16941,25104,50,plooide,word,word,1,453
9,25277,24742,50,vloeken,word,word,1,438
9,28089,24864,50,zwempak,word,word,1,493
9,2115,24744,50,blonden,word,word,1,556
9,189,24745,50,achtte,word,word,1,540
9,1647,25110,50,bewaakt,word,word,1,490
9,12869,24747,50,leggen,word,word,1,440
9,20265,24748,50,slijmen,word,word,1,507
9,7895,24789,50,goten,word,word,1,741
9,21411,24911,50,stads,word,nonword,0,NA
9,9575,24751,50,huifkar,word,word,1,478
9,27609,24873,50,zijwand,word,word,1,586
9,24571,24874,50,verloofd,word,word,1,472
9,24289,24754,50,venten,word,word,1,469
9,26317,24755,50,weekeind,word,word,1,NA
9,24633,24877,50,verraad,word,word,1,450
9,24041,24797,50,vader,word,word,1,445
9,13787,24879,50,maatschap,word,word,1,506
9,943,24880,50,bazel,word,nonword,0,NA
9,23819,25124,50,tweemaal,word,word,1,484
9,6749,24761,50,geintjes,word,word,1,489
9,11327,25126,50,knietje,word,word,1,537
9,6283,24763,50,fuik,word,word,1,949
9,21225,24764,50,spreekt,word,word,1,757
9,135,25129,50,aardse,word,word,1,514
9,21893,25170,50,stippen,word,word,1,624
9,12901,25131,50,leien,word,word,1,495
9,20689,25172,50,snuitje,word,word,1,806
9,22811,24769,50,tekent,word,word,1,449
9,18589,24770,50,rondgang,word,word,1,731
9,3697,25135,50,dadel,word,word,1,501
9,16297,24772,50,passief,word,word,1,512
9,22085,25137,50,stort,word,word,1,680
9,26077,24774,50,waarom,word,word,1,449
9,27229,25139,50,zadels,word,word,1,675
9,10595,25140,50,kennen,word,word,1,556
9,20235,24777,50,sletje,word,word,1,521
9,19905,24899,50,serpent,word,word,1,629
9,26877,25143,50,winkel,word,word,1,789
9,2717,25144,50,breiwerk,word,word,1,522
9,13,25145,50,aaltje,word,nonword,0,NA
9,4809,24782,50,driekleur,word,word,1,783
9,24575,24863,50,verloopt,word,word,1,575
9,9111,24784,50,hieruit,word,word,1,516
9,10067,24785,50,joeg,word,word,1,598
9,3911,25028,50,deernis,word,word,1,718
9,14515,24787,50,mist,word,word,1,648
9,1217,24788,50,bekkens,word,word,1,916
9,20873,24869,50,spatte,word,word,1,508
9,24971,24991,50,vier,word,word,1,421
9,3091,24791,50,butler,word,word,1,490
9,13643,24792,50,lukraak,word,word,1,621
9,8037,25157,50,greinen,word,nonword,0,NA
9,27873,25158,50,zowel,word,word,1,561
9,25713,25159,50,voren,word,word,1,496
9,14987,24796,50,nader,word,word,1,624
9,21681,24837,50,stemt,word,word,1,515
9,9113,25162,50,hiervan,word,word,1,731
9,20653,24920,50,snoer,word,word,1,505
9,3491,24800,50,constant,word,word,1,547
9,13949,25165,50,mark,word,nonword,0,NA
9,18775,25044,50,ruimste,word,word,1,475
9,3441,25167,50,cols,word,nonword,0,NA
9,17459,25168,50,produkt,word,word,1,474
9,14197,25169,50,mengsels,word,word,1,493
9,18129,24846,50,renners,word,word,1,557
9,2451,24807,50,bordje,word,word,1,460
9,22791,24969,50,tegen,word,word,1,422
9,20519,24930,50,smokings,word,word,1,592
9,18671,25174,50,rotors,word,nonword,0,NA
9,17565,24932,50,psyche,word,word,1,572
9,22051,24812,50,stoppels,word,word,1,679
9,843,24813,50,bankstel,word,word,1,833
9,21205,25178,50,spottend,word,word,1,514
9,17967,24815,50,redders,word,word,1,503
9,19423,24816,50,schimmen,word,word,1,568
9,10925,25059,50,klappers,word,word,1,443
9,19121,24818,50,scharnier,word,word,1,716
9,20147,24819,50,slag,word,word,1,757
9,21843,24820,50,stijltjes,word,word,1,700
9,2229,25185,50,boeiend,word,word,1,393
9,12625,24902,50,landkaart,word,word,1,510
9,10187,25103,50,jurist,word,word,1,515
9,27453,24985,50,zelfs,word,word,1,790
9,16759,24946,50,plak,word,word,1,401
9,26715,24987,50,wieltjes,word,word,1,517
9,15329,24948,50,nood,word,word,1,400
9,26719,25191,50,wieren,word,word,1,502
9,10825,25151,50,kinds,word,word,1,697
9,10687,25111,50,keuken,word,word,1,444
9,8477,25113,50,haha,word,word,1,446
9,2509,25196,50,botje,word,word,1,430
9,23093,24994,50,time,word,nonword,0,NA
9,18641,24955,50,roomse,word,word,1,559
9,16781,24835,50,plankje,word,word,1,494
9,4207,25118,50,diesel,word,word,1,635
9,12061,25119,50,kritiek,word,word,1,520
9,11101,24999,50,klif,word,word,1,598
9,4587,24960,50,doorzag,word,word,1,592
9,24953,24961,50,vettig,word,word,1,446
9,1385,25002,50,berk,word,word,1,559
9,15377,25084,50,nota's,word,word,1,460
9,2551,24843,50,bouw,word,word,1,447
9,4633,24965,50,dorre,word,word,1,499
9,23513,25087,50,trema's,word,word,1,508
9,13381,24886,50,loges,word,nonword,0,NA
9,27401,25007,50,zeggend,word,word,1,824
9,16443,24888,50,pence,word,nonword,0,NA
9,25951,24929,50,vul,word,word,1,427
9,21279,24971,50,sprinkhaan,word,word,1,460
9,25351,24972,50,vod,word,word,1,527
9,21297,24973,50,sprookje,word,word,1,608
9,9853,24974,50,innig,word,word,1,621
9,10379,25015,50,kantoor,word,word,1,474
9,23227,25016,50,togen,word,nonword,0,NA
9,7855,24856,50,gondels,word,word,1,567
9,5991,24857,50,flink,word,word,1,438
9,665,24979,50,baat,word,word,1,453
9,6101,25020,50,formeel,word,word,1,494
9,26841,24900,50,wilgen,word,word,1,498
9,19555,24861,50,schoppen,word,word,1,440
9,14917,24982,50,naaister,word,word,1,448
9,5511,25037,50,erge,word,word,1,540
9,19333,24984,50,scheutje,word,word,1,NA
9,18461,24986,50,roem,word,word,1,700
9,4497,24906,50,doodslag,word,word,1,457
9,21413,24867,50,stadsbeeld,word,word,1,457
9,649,24989,50,baars,word,word,1,862
9,3881,25029,50,deeg,word,word,1,551
9,5327,25125,50,effen,word,word,1,471
9,5711,25153,50,fakkel,word,word,1,467
9,13395,25127,50,lok,word,word,1,554
9,16301,24953,50,past,word,word,1,508
9,10867,24995,50,klaagt,word,word,1,611
9,22957,24875,50,theedoek,word,word,1,460
9,22349,25009,50,stroop,word,word,1,538
9,9529,24917,50,houd,word,nonword,0,NA
9,11389,25039,50,knoop,word,word,1,618
9,24631,25000,50,verplicht,word,word,1,532
9,953,25041,50,bed,word,word,1,617
9,5477,24921,50,entree,word,word,1,506
9,20389,24935,50,sluipen,word,word,1,NA
9,11523,24896,50,koevoet,word,word,1,568
9,9841,24884,50,inkeer,word,word,1,810
9,19953,25019,50,sfinxen,word,word,1,542
9,18495,24926,50,roesten,word,word,1,559
9,5575,24940,50,ervoor,word,word,1,491
9,16923,25049,50,plofte,word,word,1,564
9,17515,25183,50,prop,word,word,1,640
9,687,24890,50,badend,word,word,1,568
9,21067,25012,50,spillen,word,nonword,0,NA
9,21597,25133,50,steeltjes,word,word,1,868
9,26015,25014,50,waaier,word,word,1,487
9,1383,25176,50,beriep,word,nonword,0,NA
9,20673,24908,50,snor,word,word,1,446
9,18477,25045,50,roeren,word,word,1,653
9,20101,25018,50,skylabs,word,word,1,559
9,2083,24924,50,bloems,word,nonword,0,NA
9,21801,25060,50,stiekem,word,word,1,479
9,14671,25051,50,money,word,word,1,NA
9,7013,24901,50,genen,word,word,1,509
9,19529,25036,50,schooltjes,word,nonword,0,NA
9,2071,24956,50,bloemen,word,word,1,398
9,22359,25054,50,stroper,word,word,1,524
9,2921,25106,50,bruidsschat,word,word,1,504
9,16621,24919,50,pijpen,word,word,1,486
9,12345,25149,50,kutten,word,nonword,0,NA
9,7255,24925,50,gestaan,word,word,1,NA
9,5025,25138,50,duigen,word,nonword,0,NA
9,8173,24936,50,groeien,word,word,1,433
9,14779,25058,50,motief,word,word,1,423
9,12447,25182,50,kwijl,word,word,1,411
9,6565,25094,50,gedicht,word,word,1,444
9,12459,25141,50,la,word,word,1,604
9,1921,25128,50,blaften,word,nonword,0,NA
9,255,25040,50,afdruk,word,word,1,488
9,15507,24978,50,olmpje,word,nonword,0,NA
9,8779,25038,50,heerser,word,word,1,604
9,2011,24931,50,bliksems,word,word,1,574
9,18431,25056,50,rockers,word,word,1,649
9,923,25197,50,bastaards,word,word,1,547
9,861,25017,50,baren,word,word,1,478
9,6849,24941,50,gekrenkt,word,word,1,525
9,5667,24933,50,expres,word,word,1,507
9,613,24977,50,baaien,word,word,1,714
9,3067,25061,50,bureau,word,word,1,482
9,24935,25160,50,vete,word,word,1,770
