trial_order,condition,stimulus,sentence_extraction,comprehension_probe,probe_clause,response,accuracy,rt,participant_id,handedness,gender,first_language,age,other_languages,country_of_residence,rt_measure
1,congruent,"['The', 'MAN', 'that the', 'nurse', 'PHONED', 'left', 'his', 'PILLS', 'at', 'the', 'OFFICE']",object,The nurse left the pills?,main_clause,n,1,1.2531318680003096,001,right,female,English,26,NA,Australia,keypress
2,other,"['The', 'WINE', 'that was', 'FANCY', 'was', 'KEPT', 'in the', 'CELLAR', 'for', 'NEARLY', 'ten', 'YEARS', 'and five', 'MONTHS']",assorted,The wine was fancy?,other,y,1,2.6927643500002887,001,right,female,English,26,NA,Australia,keypress
3,incongruent,"['THE', 'crook', 'that the', 'THIEF', 'warned', 'fled', 'THE', 'town', 'the', 'NEXT', 'morning']",object,The thief fled the town?,main_clause,y,0,3.579832213000373,001,right,female,English,26,NA,Australia,keypress
4,incongruent,"['THE', 'friend', 'that the', 'BRIDE', 'teased', 'told', 'A', 'joke', 'about', 'THE', 'past']",object,The friend teased the bride?,relative_clause,n,1,11.350573824000094,001,right,female,English,26,NA,Australia,keypress
5,incongruent,"['THE', 'niece', 'THAT', 'kissed', 'THE', 'aunt', 'SANG A', 'song', 'FOR THE', 'guests']",subject,The aunt kissed the niece?,relative_clause,y,0,1.5215043919997695,001,right,female,English,26,NA,Australia,keypress
6,incongruent,"['THE', 'priest', 'that the', 'COOK', 'paid', 'signed', 'THE', 'check', 'at', 'THE', 'bank']",object,The cook paid the priest?,relative_clause,n,0,2.891191926999454,001,right,female,English,26,NA,Australia,keypress
7,incongruent,"['THE', 'maid', 'THAT', 'loved', 'THE', 'chef', 'QUIT THE', 'job', 'AT THE', 'house']",subject,The chef loved the maid?,relative_clause,n,1,2.743609536000804,001,right,female,English,26,NA,Australia,keypress
8,incongruent,"['THE', 'prince', 'THAT', 'helped', 'THE', 'girl', 'HAD A', 'head', 'OF BLONDE', 'hair']",subject,The prince had blonde hair?,main_clause,y,1,1.7739194969999517,001,right,female,English,26,NA,Australia,keypress
9,congruent,"['The', 'DAD', 'that', 'KNEW', 'the', 'CHEF', 'had a', 'SON', 'with a', 'LIMP']",subject,The dad had a son with a limp?,main_clause,y,1,1.8584467780001432,001,right,female,English,26,NA,Australia,keypress
10,other,"['The', 'CUP', 'was', 'MADE', 'from green', 'PLASTIC', 'and was', 'FILLED', 'with', 'JUICE']",assorted,The cup was made from plastic?,other,y,1,1.4409162850006396,001,right,female,English,26,NA,Australia,keypress
11,other,"['The', 'GIRL', 'and the', 'BOY', 'that', 'OWNED', 'the', 'HORSE', 'had', 'MUD', 'on their', 'CLOTHES']",assorted,The boy and girl own a horse?,other,y,1,1.3237389290006831,001,right,female,English,26,NA,Australia,keypress
12,congruent,"['The', 'NUN', 'that', 'BLESSED', 'the', 'MONK', 'lit a', 'CANDLE', 'on the', 'TABLE']",subject,The monk lit a candle?,main_clause,n,1,1.8568885610002328,001,right,female,English,26,NA,Australia,keypress
13,incongruent,"['THE', 'kid', 'THAT', 'followed', 'THE', 'dad', 'HAD SOME', 'mud', 'ON HIS', 'shoes']",subject,The kid followed the dad?,relative_clause,y,1,0.9724424899995938,001,right,female,English,26,NA,Australia,keypress
14,other,"['The', 'MAN', 'was very', 'HUNGRY', 'after the', 'MEETING', 'so', 'HAD', 'lunch', 'EARLY']",assorted,The man was hungry?,other,y,1,1.390738665999379,001,right,female,English,26,NA,Australia,keypress
15,congruent,"['The', 'SAILOR', 'that', 'PUSHED', 'the', 'BANKER', 'hurt his', 'FOOT', 'in the', 'BRAWL']",subject,The banker hurt his foot?,main_clause,n,1,1.9912694710001233,001,right,female,English,26,NA,Australia,keypress
16,incongruent,"['THE', 'rod', 'that the', 'PIPE', 'bent', 'had', 'A', 'hole', 'in', 'THE', 'middle']",object,The rod had a hole?,main_clause,n,0,2.392474599000707,001,right,female,English,26,NA,Australia,keypress
17,other,"['The', 'APPLES', 'that', 'THE', 'couple', 'BOUGHT', 'at the', 'MARKET', 'were', 'RED']",assorted,The couple bought some apples?,other,y,1,1.089397296000243,001,right,female,English,26,NA,Australia,keypress
18,other,"['The', 'HAT', 'that was', 'WORN', 'by the', 'BOY', 'with a', 'JACKET', 'was too', 'SMALL', 'for the', 'MAN']",assorted,The jacket was too small?,other,y,0,1.6409057849996316,001,right,female,English,26,NA,Australia,keypress
19,other,"['The', 'DESSERT', 'was', 'SERVED', 'with', 'CUSTARD', 'and', 'FRUIT', 'then', 'THERE', 'was', 'COFFEE']",assorted,The coffee was before dessert?,other,n,1,1.5410453120002785,001,right,female,English,26,NA,Australia,keypress
20,congruent,"['The', 'KNIGHT', 'that the', 'king', 'HELPED', 'sent', 'a', 'GIFT', 'from', 'his', 'CASTLE']",object,The knight helped the king?,relative_clause,y,0,3.462523300000612,001,right,female,English,26,NA,Australia,keypress
21,incongruent,"['THE', 'groom', 'THAT', 'charmed', 'THE', 'aunt', 'RAISED A', 'toast', 'TO THE', 'parents']",subject,The groom charmed the aunt?,relative_clause,n,0,1.5070771780010546,001,right,female,English,26,NA,Australia,keypress
22,congruent,"['The', 'NURSE', 'that the', 'coach', 'BLAMED', 'checked', 'the', 'FILE', 'of', 'the', 'GYMNAST']",object,The coach checked the file?,main_clause,y,0,1.97207981199972,001,right,female,English,26,NA,Australia,keypress
23,incongruent,"['THE', 'bum', 'THAT', 'scared', 'THE', 'cop', 'CROSSED THE', 'street', 'AT THE', 'light']",subject,The bum scared the cop?,relative_clause,y,1,1.0058556290005072,001,right,female,English,26,NA,Australia,keypress
24,other,"['The', 'JOB', 'that was', 'GIVEN', 'was', 'DIFFERENT', 'to', 'WHAT', 'she', 'EXPECTED']",assorted,The job was as expected?,other,n,1,1.4066734080006429,001,right,female,English,26,NA,Australia,keypress
25,other,"['The', 'BOOK', 'that the', 'LADY', 'with a', 'TATTOO', 'had', 'WRITTEN', 'was her', 'BEST', 'book', 'YET']",assorted,The man wrote a book?,other,n,1,1.155120026998702,001,right,female,English,26,NA,Australia,keypress
26,other,"['The', 'BOY', 'who', 'HAD', 'a', 'BIRTHDAY', 'called', 'HIS', 'best', 'FRIEND', 'for a', 'CHAT']",assorted,The friend called the boy?,other,y,0,1.5401511060008488,001,right,female,English,26,NA,Australia,keypress
27,other,"['The', 'CAR', 'that was', 'NEW', 'had', 'JUST', 'been', 'CLEANED', 'by', 'THE', 'old', 'LADY']",assorted,The car was new?,other,y,1,1.607362724000268,001,right,female,English,26,NA,Australia,keypress
28,congruent,"['The', 'GIRL', 'that the', 'nerd', 'THANKED', 'broke', 'the', 'VASE', 'with', 'the', 'FLOWERS']",object,The girl broke the vase?,main_clause,y,1,3.144793702998868,001,right,female,English,26,NA,Australia,keypress
29,other,"['The', 'PIANO', 'was well', 'PLAYED', 'by', 'THE', 'old', 'LADY', 'but', 'IT', 'was', 'NOT', 'in', 'TUNE']",assorted,The piano was well played?,other,y,1,1.9584280569997643,001,right,female,English,26,NA,Australia,keypress
30,incongruent,"['THE', 'boat', 'THAT', 'chased', 'THE', 'yacht', 'MADE A', 'turn', 'AT THE', 'boathouse']",subject,The yacht made a turn?,main_clause,y,0,2.1259672320011305,001,right,female,English,26,NA,Australia,keypress
31,other,"['The', 'GIRL', 'on', 'THE', 'school', 'TRIP', 'saw a', 'FROG', 'and', 'LATER', 'she', 'SAW', 'a', 'MOUSE']",assorted,The girl saw a frog?,other,y,1,1.8245354789996784,001,right,female,English,26,NA,Australia,keypress
32,incongruent,"['THE', 'tradie', 'that the', 'MAN', 'thanked', 'left', 'HIS', 'wallet', 'in', 'THE', 'car']",object,The man left his wallet?,main_clause,n,1,2.2425547360016935,001,right,female,English,26,NA,Australia,keypress
33,congruent,"['The', 'KING', 'that', 'PLEASED', 'the', 'GUEST', 'poured the', 'WINE', 'from the', 'JUG']",subject,The king pleased the guest?,relative_clause,y,1,1.9229160369995952,001,right,female,English,26,NA,Australia,keypress
34,congruent,"['The', 'COP', 'that the', 'spy', 'MET', 'wrote', 'a', 'BOOK', 'about', 'the', 'CASE']",object,The spy wrote a book?,main_clause,n,1,1.691165969999929,001,right,female,English,26,NA,Australia,keypress
35,other,"['The', 'CAT', 'chased the', 'BIRD', 'but', 'IT', 'flew', 'AWAY', 'into the', 'SUNSET']",assorted,The cat caught the bird?,other,n,1,1.9083050850003929,001,right,female,English,26,NA,Australia,keypress
36,congruent,"['The', 'FOX', 'that the', 'wolf', 'CHASED', 'hurt', 'its', 'PAWS', 'on', 'the', 'WAY']",object,The wolf chased the fox?,relative_clause,y,1,1.738927607999358,001,right,female,English,26,NA,Australia,keypress
37,incongruent,"['THE', 'car', 'that the', 'TRUCK', 'pulled', 'had', 'A', 'scratch', 'on', 'THE', 'door']",object,The truck pulled the car?,relative_clause,y,1,1.1568316140001116,001,right,female,English,26,NA,Australia,keypress
38,incongruent,"['THE', 'boss', 'that the', 'CLERK', 'mocked', 'had', 'A', 'crush', 'on', 'THE', 'intern']",object,The clerk had a crush?,main_clause,n,1,1.105062900998746,001,right,female,English,26,NA,Australia,keypress
39,incongruent,"['THE', 'guy', 'THAT', 'thanked', 'THE', 'judge', 'LEFT THE', 'room', 'WITH A', 'smile']",subject,The judge left the room?,main_clause,n,1,0.9723888070002432,001,right,female,English,26,NA,Australia,keypress
40,incongruent,"['THE', 'dean', 'that the', 'GUARD', 'heard', 'made', 'A', 'call', 'about', 'THE', 'matter']",object,The dean made a call?,main_clause,y,1,1.9918057169998065,001,right,female,English,26,NA,Australia,keypress
41,other,"['The', 'COLOUR', 'of the', 'HOUSE', 'was', 'BRIGHTER', 'than the', 'MEN', 'who travelled', 'EXPECTED']",assorted,The men were colourfully dressed?,other,n,1,1.6239080099985586,001,right,female,English,26,NA,Australia,keypress
42,incongruent,"['THE', 'fruit', 'that the', 'CAKE', 'squashed', 'made', 'A', 'mess', 'in', 'THE', 'bag']",object,The fruit made a mess?,main_clause,n,0,1.8911824930000876,001,right,female,English,26,NA,Australia,keypress
43,congruent,"['The', 'BUG', 'that the', 'ant', 'ATTACKED', 'was', 'as', 'BIG', 'as', 'a', 'COIN']",object,The ant attacked the bug?,relative_clause,y,1,1.2224953150016518,001,right,female,English,26,NA,Australia,keypress
44,other,"['The', 'FISH', 'was', 'CAUGHT', 'by the', 'GIRL', 'on the', 'BOAT', 'on a', 'FRIDAY']",assorted,The fish was caught by the boy?,other,n,1,1.1564886779997323,001,right,female,English,26,NA,Australia,keypress
45,congruent,"['The', 'COUNT', 'that', 'KNEW', 'the', 'QUEEN', 'owned a', 'CASTLE', 'by the', 'LAKE']",subject,The count knew the queen?,relative_clause,y,1,2.0087710400002834,001,right,female,English,26,NA,Australia,keypress
46,other,"['The', 'BOX', 'was', 'MADE', 'from', 'WOOD', 'and was', 'FULL', 'of', 'THINGS', 'that', 'SHINED']",assorted,The box was shiny?,other,n,1,1.5899833519997628,001,right,female,English,26,NA,Australia,keypress
47,incongruent,"['THE', 'thug', 'THAT', 'saw', 'THE', 'man', 'HAD A', 'hat', 'ON HIS', 'head']",subject,The thug had a hat on his head?,main_clause,y,1,1.272900944999492,001,right,female,English,26,NA,Australia,keypress
48,incongruent,"['THE', 'cat', 'that the', 'DOG', 'fought', 'licked', 'ITS', 'wounds', 'in', 'THE', 'corner']",object,The cat fought the dog?,relative_clause,n,1,3.1780524169989803,001,right,female,English,26,NA,Australia,keypress
49,congruent,"['The', 'BOY', 'that the', 'girl', 'HELPED', 'got', 'an', 'A', 'on', 'the', 'TEST']",object,The boy got an A?,main_clause,y,1,1.1397082160001446,001,right,female,English,26,NA,Australia,keypress
50,congruent,"['The', 'GUEST', 'that', 'KISSED', 'the', 'HOST', 'brought a', 'CAKE', 'to the', 'PARTY']",subject,The guest brought a cake?,main_clause,d,0,1.7217050449999078,001,right,female,English,26,NA,Australia,keypress
51,congruent,"['The', 'COOK', 'that the', 'maid', 'HUGGED', 'had', 'a', 'TEAR', 'on', 'her', 'CHEEK']",object,The cook hugged the maid?,relative_clause,n,1,1.774184616000639,001,right,female,English,26,NA,Australia,keypress
52,congruent,"['The', 'CLERK', 'that the', 'boss', 'LIKED', 'had', 'a', 'DESK', 'by', 'the', 'WINDOW']",object,The clerk liked the boss?,relative_clause,n,1,2.4932684510004037,001,right,female,English,26,NA,Australia,keypress
53,other,"['The', 'GIRL', 'kicked the', 'BALL', 'into the', 'WINDOW', 'but it', 'DID', 'not', 'BREAK']",assorted,The girl kicked the ball?,other,y,1,0.9716894749999484,001,right,female,English,26,NA,Australia,keypress
54,other,"['The', 'BIKE', 'that was', 'YELLOW', 'and', 'SHINY', 'belonged', 'TO', 'the', 'BOY', 'with the', 'HAT']",assorted,The bike was shiny?,other,y,1,1.2564897410011326,001,right,female,English,26,NA,Australia,keypress
55,congruent,"['The', 'THIEF', 'that', 'SAW', 'the', 'GUARD', 'had a', 'GUN', 'in his', 'HOLSTER']",subject,The guard saw the thief?,relative_clause,y,0,2.5757360299994616,001,right,female,English,26,NA,Australia,keypress
56,other,"['The', 'MAN', 'who was', 'SHORT', 'gave his', 'WIFE', 'some red', 'CANDLES', 'for her', 'BIRTHDAY']",assorted,The man was short?,other,y,1,1.5236554660004913,001,right,female,English,26,NA,Australia,keypress
57,other,"['The', 'DESK', 'was', 'NEW', 'but', 'DUSTY', 'and', 'COVERED', 'with old', 'BOOKS']",assorted,The desk was old?,other,y,0,0.8044213590001164,001,right,female,English,26,NA,Australia,keypress
58,congruent,"['The', 'BLOKE', 'that', 'HELPED', 'the', 'MUM', 'gave a', 'GIFT', 'to say', 'THANKS']",subject,The mum helped the bloke?,relative_clause,y,0,2.1921008310000616,001,right,female,English,26,NA,Australia,keypress
59,incongruent,"['THE', 'whale', 'THAT', 'bit', 'THE', 'shark', 'WON THE', 'fight', 'IN THE', 'end']",subject,The whale won the fight?,main_clause,y,1,1.223031350000383,001,right,female,English,26,NA,Australia,keypress
60,incongruent,"['THE', 'dean', 'that the', 'BOY', 'called', 'had', 'A', 'voice', 'full', 'OF', 'anger']",object,The boy called the dean?,relative_clause,y,1,1.1891410749994975,001,right,female,English,26,NA,Australia,keypress
61,congruent,"['The', 'SHELF', 'that', 'BUMPED', 'the', 'PIANO', 'had some', 'DUST', 'on its', 'TOP']",subject,The shelf bumped the piano?,relative_clause,y,1,1.6234794720003265,001,right,female,English,26,NA,Australia,keypress
62,other,"['The', 'DOG', 'that', 'BARKED', 'is very', 'BIG', 'and very', 'FRIENDLY', 'but', 'DOESN’T', 'like', 'CATS']",assorted,The dog is very fluffy?,other,n,1,1.2708677139999054,001,right,female,English,26,NA,Australia,keypress
63,congruent,"['The', 'DANCER', 'that the', 'guy', 'LIKED', 'was', 'a', 'CHEF', 'in', 'the', 'CITY']",object,The dancer was a chef?,main_clause,y,1,1.323101558999042,001,right,female,English,26,NA,Australia,keypress
64,congruent,"['The', 'CHIEF', 'that', 'THANKED', 'the', 'GIRL', 'was too', 'LATE', 'for the', 'BUS']",subject,The chief was too late?,main_clause,y,1,1.523844287001339,001,right,female,English,26,NA,Australia,keypress
65,congruent,"['The', 'TRUCK', 'that the', 'car', 'BUMPED', 'had', 'a', 'MAN', 'at', 'the', 'WHEEL']",object,The car bumped the truck?,relative_clause,y,1,1.7239205930000026,001,right,female,English,26,NA,Australia,keypress
66,congruent,"['The', 'HAT', 'that', 'MATCHED', 'the', 'SKIRT', 'had a', 'BOW', 'in the', 'BACK']",subject,The skirt had a bow?,main_clause,n,1,2.275874056998873,001,right,female,English,26,NA,Australia,keypress
67,other,"['The', 'BOSS', 'was', 'HAPPY', 'to', 'SEE', 'the', 'WORK', 'that', 'THE', 'two', 'GIRLS', 'had', 'DONE']",assorted,The girls were happy?,other,n,1,1.1227100629985216,001,right,female,English,26,NA,Australia,keypress
68,incongruent,"['THE', 'owl', 'THAT', 'scared', 'THE', 'bat', 'MADE A', 'loop', 'IN THE', 'air']",subject,The bat scared the owl?,relative_clause,n,1,1.556925548999061,001,right,female,English,26,NA,Australia,keypress
69,other,"['The', 'RING', 'that', 'WAS', 'sadly', 'LOST', 'was', 'FOUND', 'by the', 'FAT', 'and', 'VERY', 'happy', 'PRIEST']",assorted,The priest found the ring?,other,y,1,1.088926234999235,001,right,female,English,26,NA,Australia,keypress
70,incongruent,"['THE', 'scout', 'THAT', 'punched', 'THE', 'coach', 'HAD A', 'fight', 'WITH A', 'manager']",subject,The coach had a fight?,main_clause,n,1,1.7557325699999635,001,right,female,English,26,NA,Australia,keypress
71,incongruent,"['THE', 'priest', 'that the', 'NUN', 'thanked', 'left', 'THE', 'church', 'in', 'A', 'hurry']",object,The priest thanked the nun?,relative_clause,y,0,1.5898243930005265,001,right,female,English,26,NA,Australia,keypress
72,other,"['The', 'CONCERT', 'started', 'LATER', 'than', 'WHAT', 'the', 'LADY', 'told the', 'TRAVELER']",assorted,The concert started later than the travellers expected?,other,y,1,3.479240034999748,001,right,female,English,26,NA,Australia,keypress
73,congruent,"['The', 'DESK', 'that', 'SCRATCHED', 'the', 'BED', 'was too', 'OLD', 'to be', 'MOVED']",subject,The bed scratched the desk?,relative_clause,y,0,2.3757459859989467,001,right,female,English,26,NA,Australia,keypress
1,incongruent,"['THE', 'boy', 'THAT', 'helped', 'THE', 'girl', 'GOT AN', 'A', 'ON THE', 'test']",subject,The girl helped the boy?,relative_clause,y,0,5.735363747997326,002,right,male,English,26,NA,Australia,keypress
2,incongruent,"['THE', 'cook', 'that the', 'MAID', 'hugged', 'had', 'A', 'tear', 'on', 'HER', 'cheek']",object,The cook had a son?,main_clause,n,0,1.7743655480007874,002,right,male,English,26,NA,Australia,keypress
3,other,"['The', 'CAR', 'that was', 'NEW', 'had', 'JUST', 'been', 'CLEANED', 'by', 'THE', 'old', 'LADY']",assorted,The car was old?,other,n,1,1.8751867750106612,002,right,male,English,26,NA,Australia,keypress
4,congruent,"['The', 'SAILOR', 'that', 'PUSHED', 'the', 'BANKER', 'hurt his', 'FOOT', 'in the', 'BRAWL']",subject,The banker pushed the sailor?,relative_clause,n,1,2.476362432993483,002,right,male,English,26,NA,Australia,keypress
5,other,"['The', 'GIRL', 'kicked the', 'BALL', 'into the', 'WINDOW', 'but it', 'DID', 'not', 'BREAK']",assorted,The girl broke the window?,other,n,1,1.805422951001674,002,right,male,English,26,NA,Australia,keypress
6,incongruent,"['THE', 'tradie', 'THAT', 'thanked', 'THE', 'man', 'LEFT HIS', 'wallet', 'IN THE', 'car']",subject,The man left his wallet?,main_clause,n,1,2.8112782320094993,002,right,male,English,26,NA,Australia,keypress
7,congruent,"['The', 'PRINCE', 'that', 'HELPED', 'the', 'GIRL', 'had a', 'HEAD', 'of blonde', 'HAIR']",subject,The prince had blonde hair?,main_clause,y,1,3.2950946150085656,002,right,male,English,26,NA,Australia,keypress
8,congruent,"['The', 'KID', 'that the', 'dad', 'FOLLOWED', 'had', 'some', 'MUD', 'on', 'his', 'SHOES']",object,The kid followed the dad?,relative_clause,n,1,3.2786807480006246,002,right,male,English,26,NA,Australia,keypress
9,other,"['The', 'PIANO', 'was well', 'PLAYED', 'by', 'THE', 'old', 'LADY', 'but', 'IT', 'was', 'NOT', 'in', 'TUNE']",assorted,The piano was badly played?,other,n,1,1.540547622993472,002,right,male,English,26,NA,Australia,keypress
10,congruent,"['The', 'OWL', 'that', 'SCARED', 'the', 'BAT', 'made a', 'LOOP', 'in the', 'AIR']",subject,The bat made a loop?,main_clause,n,1,2.090197308003553,002,right,male,English,26,NA,Australia,keypress
11,other,"['The', 'GIRL', 'on', 'THE', 'school', 'TRIP', 'saw a', 'FROG', 'and', 'LATER', 'she', 'SAW', 'a', 'MOUSE']",assorted,The girl saw a mouse first?,other,n,1,1.323816057993099,002,right,male,English,26,NA,Australia,keypress
12,incongruent,"['THE', 'truck', 'THAT', 'bumped', 'THE', 'car', 'HAD A', 'man', 'AT THE', 'wheel']",subject,The truck bumped the car?,relative_clause,y,1,2.2769922860024963,002,right,male,English,26,NA,Australia,keypress
13,incongruent,"['THE', 'girl', 'THAT', 'pushed', 'THE', 'nerd', 'BROKE THE', 'vase', 'WITH THE', 'flowers']",subject,The nerd broke the vase?,main_clause,n,1,2.409151297993958,002,right,male,English,26,NA,Australia,keypress
14,other,"['The', 'DESK', 'was', 'NEW', 'but', 'DUSTY', 'and', 'COVERED', 'with old', 'BOOKS']",assorted,The desk was new?,other,y,1,1.524518710008124,002,right,male,English,26,NA,Australia,keypress
15,incongruent,"['THE', 'whale', 'that the', 'SHARK', 'bit', 'won', 'THE', 'fight', 'in', 'THE', 'end']",object,The shark won the fight?,main_clause,n,1,1.9404379879997575,002,right,male,English,26,NA,Australia,keypress
16,congruent,"['The', 'THIEF', 'that the', 'guard', 'SAW', 'had', 'a', 'GUN', 'in', 'his', 'HOLSTER']",object,The guard saw the thief?,relative_clause,y,1,2.1750432739936514,002,right,male,English,26,NA,Australia,keypress
17,incongruent,"['THE', 'crook', 'THAT', 'warned', 'THE', 'thief', 'FLED THE', 'town', 'THE NEXT', 'morning']",subject,The crook warned the thief?,relative_clause,y,1,2.025829534002696,002,right,male,English,26,NA,Australia,keypress
18,other,"['The', 'CONCERT', 'started', 'LATER', 'than', 'WHAT', 'the', 'LADY', 'told the', 'TRAVELER']",assorted,The concert started early?,other,n,1,2.07469682500232,002,right,male,English,26,NA,Australia,keypress
19,incongruent,"['THE', 'knight', 'THAT', 'helped', 'THE', 'king', 'SENT A', 'gift', 'FROM HIS', 'castle']",subject,The knight sent a gift?,main_clause,y,1,1.9248952799971448,002,right,male,English,26,NA,Australia,keypress
20,incongruent,"['THE', 'bloke', 'that the', 'MUM', 'helped', 'gave', 'A', 'gift', 'to', 'SAY', 'thanks']",object,The mum gave a gift?,main_clause,n,1,1.574655840988271,002,right,male,English,26,NA,Australia,keypress
21,other,"['The', 'RING', 'that', 'WAS', 'sadly', 'LOST', 'was', 'FOUND', 'by the', 'FAT', 'and', 'VERY', 'happy', 'PRIEST']",assorted,The priest found the ring?,other,y,1,3.72992455799249,002,right,male,English,26,NA,Australia,keypress
22,congruent,"['The', 'BUM', 'that the', 'cop', 'SCARED', 'crossed', 'the', 'STREET', 'at', 'the', 'LIGHT']",object,The cop scared the bum?,relative_clause,y,1,1.8887800670054276,002,right,male,English,26,NA,Australia,keypress
23,congruent,"['The', 'BOSS', 'that', 'MOCKED', 'the', 'CLERK', 'had a', 'CRUSH', 'on the', 'INTERN']",subject,The boss mocked the clerk?,relative_clause,y,1,1.457239365001442,002,right,male,English,26,NA,Australia,keypress
24,incongruent,"['THE', 'bug', 'THAT', 'attacked', 'THE', 'ant', 'WAS AS', 'big', 'AS A', 'coin']",subject,The ant attacked the bug?,relative_clause,n,1,1.7403960439987711,002,right,male,English,26,NA,Australia,keypress
25,other,"['The', 'CAT', 'chased the', 'BIRD', 'but', 'IT', 'flew', 'AWAY', 'into the', 'SUNSET']",assorted,The cat caught the bird?,other,n,1,2.024057079004706,002,right,male,English,26,NA,Australia,keypress
26,congruent,"['The', 'FRUIT', 'that the', 'cake', 'SQUASHED', 'made', 'a', 'MESS', 'in', 'the', 'BAG']",object,The cake made a mess?,main_clause,n,1,1.8083356990100583,002,right,male,English,26,NA,Australia,keypress
27,other,"['The', 'HAT', 'that was', 'WORN', 'by the', 'BOY', 'with a', 'JACKET', 'was too', 'SMALL', 'for the', 'MAN']",assorted,The hat was too small?,other,y,1,1.9080581460002577,002,right,male,English,26,NA,Australia,keypress
28,other,"['The', 'DESSERT', 'was', 'SERVED', 'with', 'CUSTARD', 'and', 'FRUIT', 'then', 'THERE', 'was', 'COFFEE']",assorted,The coffee was before dessert?,other,n,1,2.4757198250008514,002,right,male,English,26,NA,Australia,keypress
29,other,"['The', 'BOSS', 'was', 'HAPPY', 'to', 'SEE', 'the', 'WORK', 'that', 'THE', 'two', 'GIRLS', 'had', 'DONE']",assorted,The boss was happy?,other,y,1,1.1223994199972367,002,right,male,English,26,NA,Australia,keypress
30,congruent,"['The', 'DAD', 'that the', 'chef', 'KNEW', 'had', 'a', 'SON', 'with', 'a', 'LIMP']",object,The chef had a son?,main_clause,n,1,1.9069275849906264,002,right,male,English,26,NA,Australia,keypress
31,other,"['The', 'FISH', 'was', 'CAUGHT', 'by the', 'GIRL', 'on the', 'BOAT', 'on a', 'FRIDAY']",assorted,The fish was caught by the boy?,other,n,1,1.5078250340011436,002,right,male,English,26,NA,Australia,keypress
32,congruent,"['The', 'DESK', 'that', 'SCRATCHED', 'the', 'BED', 'was too', 'OLD', 'to be', 'MOVED']",subject,The desk was too old?,main_clause,y,1,2.0749802950012963,002,right,male,English,26,NA,Australia,keypress
33,congruent,"['The', 'DANCER', 'that the', 'guy', 'LIKED', 'was', 'a', 'CHEF', 'in', 'the', 'CITY']",object,The dancer liked the guy?,relative_clause,n,1,2.225427329001832,002,right,male,English,26,NA,Australia,keypress
34,incongruent,"['THE', 'king', 'that the', 'GUEST', 'pleased', 'poured', 'THE', 'wine', 'from', 'THE', 'jug']",object,The king pleased the guest?,relative_clause,y,0,5.197866618007538,002,right,male,English,26,NA,Australia,keypress
35,incongruent,"['THE', 'dean', 'that the', 'GUARD', 'heard', 'made', 'A', 'call', 'about', 'THE', 'matter']",object,The guard made a call?,main_clause,n,1,1.573600160991191,002,right,male,English,26,NA,Australia,keypress
36,congruent,"['The', 'THUG', 'that', 'SAW', 'the', 'MAN', 'had a', 'HAT', 'on his', 'HEAD']",subject,The thug saw the man?,relative_clause,y,1,1.4737844140036032,002,right,male,English,26,NA,Australia,keypress
37,congruent,"['The', 'PRIEST', 'that', 'THANKED', 'the', 'NUN', 'left the', 'CHURCH', 'in a', 'HURRY']",subject,The priest left the church?,main_clause,y,1,1.1556823079881724,002,right,male,English,26,NA,Australia,keypress
38,other,"['The', 'WINE', 'that was', 'FANCY', 'was', 'KEPT', 'in the', 'CELLAR', 'for', 'NEARLY', 'ten', 'YEARS', 'and five', 'MONTHS']",assorted,The wine was bad?,other,n,1,2.008291518999613,002,right,male,English,26,NA,Australia,keypress
39,incongruent,"['THE', 'rod', 'that the', 'PIPE', 'bent', 'had', 'A', 'hole', 'in', 'THE', 'middle']",object,The rod had a hole?,main_clause,y,1,1.2059850730001926,002,right,male,English,26,NA,Australia,keypress
40,congruent,"['The', 'SCOUT', 'that the', 'coach', 'PUNCHED', 'had', 'a', 'FIGHT', 'with', 'a', 'MANAGER']",object,The coach had a fight?,main_clause,n,1,1.1558506750006927,002,right,male,English,26,NA,Australia,keypress
41,incongruent,"['THE', 'niece', 'that the', 'AUNT', 'kissed', 'sang', 'A', 'song', 'for', 'THE', 'guests']",object,The aunt kissed the niece?,relative_clause,y,1,2.058594135000021,002,right,male,English,26,NA,Australia,keypress
42,other,"['The', 'BOOK', 'that the', 'LADY', 'with a', 'TATTOO', 'had', 'WRITTEN', 'was her', 'BEST', 'book', 'YET']",assorted,The lady wrote a book?,other,y,1,2.526294706010958,002,right,male,English,26,NA,Australia,keypress
43,congruent,"['The', 'PRIEST', 'that', 'PAID', 'the', 'COOK', 'signed the', 'CHECK', 'at the', 'BANK']",subject,The priest paid the cook?,relative_clause,y,1,2.309430732988403,002,right,male,English,26,NA,Australia,keypress
44,congruent,"['The', 'MAN', 'that', 'PHONED', 'the', 'NURSE', 'left his', 'PILLS', 'at the', 'OFFICE']",subject,The nurse left the pills?,main_clause,n,1,1.3396546610019868,002,right,male,English,26,NA,Australia,keypress
45,other,"['The', 'APPLES', 'that', 'THE', 'couple', 'BOUGHT', 'at the', 'MARKET', 'were', 'RED']",assorted,The couple bought some apples?,other,y,1,1.691318035009317,002,right,male,English,26,NA,Australia,keypress
46,incongruent,"['THE', 'clerk', 'THAT', 'liked', 'THE', 'boss', 'HAD A', 'desk', 'BY THE', 'window']",subject,The clerk liked the boss?,relative_clause,y,1,1.841072348994203,002,right,male,English,26,NA,Australia,keypress
47,congruent,"['The', 'GROOM', 'that the', 'aunt', 'CHARMED', 'raised', 'a', 'TOAST', 'to', 'the', 'PARENTS']",object,The aunt charmed the groom?,relative_clause,y,1,1.6068507509917254,002,right,male,English,26,NA,Australia,keypress
48,other,"['The', 'DOG', 'that', 'BARKED', 'is very', 'BIG', 'and very', 'FRIENDLY', 'but', 'DOESN’T', 'like', 'CATS']",assorted,The dog is very big?,other,y,1,1.2888257520098705,002,right,male,English,26,NA,Australia,keypress
49,congruent,"['The', 'CAR', 'that', 'PULLED', 'the', 'TRUCK', 'had a', 'SCRATCH', 'on the', 'DOOR']",subject,The truck pulled the car?,relative_clause,n,1,1.623722567994264,002,right,male,English,26,NA,Australia,keypress
50,congruent,"['The', 'GUEST', 'that the', 'host', 'KISSED', 'brought', 'a', 'CAKE', 'to', 'the', 'PARTY']",object,The guest kissed the host?,relative_clause,y,0,3.4293631269974867,002,right,male,English,26,NA,Australia,keypress
51,other,"['The', 'JOB', 'that was', 'GIVEN', 'was', 'DIFFERENT', 'to', 'WHAT', 'she', 'EXPECTED']",assorted,The job was as expected?,other,n,1,1.74096425800235,002,right,male,English,26,NA,Australia,keypress
52,congruent,"['The', 'HAT', 'that the', 'skirt', 'MATCHED', 'had', 'a', 'BOW', 'in', 'the', 'BACK']",object,The hat had a bow?,main_clause,y,1,1.9075463059998583,002,right,male,English,26,NA,Australia,keypress
53,incongruent,"['THE', 'cat', 'that the', 'DOG', 'fought', 'licked', 'ITS', 'wounds', 'in', 'THE', 'corner']",object,The dog fought the cat?,relative_clause,y,1,2.0927312540006824,002,right,male,English,26,NA,Australia,keypress
54,incongruent,"['THE', 'chief', 'THAT', 'thanked', 'THE', 'girl', 'WAS TOO', 'late', 'FOR THE', 'bus']",subject,The girl thanked the chief?,relative_clause,n,1,1.8239772529923357,002,right,male,English,26,NA,Australia,keypress
55,incongruent,"['THE', 'boat', 'THAT', 'chased', 'THE', 'yacht', 'MADE A', 'turn', 'AT THE', 'boathouse']",subject,The boat made a turn?,main_clause,y,1,1.889037917004316,002,right,male,English,26,NA,Australia,keypress
56,congruent,"['The', 'COP', 'that', 'MET', 'the', 'SPY', 'wrote a', 'BOOK', 'about the', 'CASE']",subject,The spy met the cop?,relative_clause,n,1,2.024638287999551,002,right,male,English,26,NA,Australia,keypress
57,incongruent,"['THE', 'guy', 'that the', 'JUDGE', 'thanked', 'left', 'THE', 'room', 'with', 'A', 'smile']",object,The guy thanked the judge?,relative_clause,n,1,2.811325009999564,002,right,male,English,26,NA,Australia,keypress
58,incongruent,"['THE', 'friend', 'that the', 'BRIDE', 'teased', 'told', 'A', 'joke', 'about', 'THE', 'past']",object,The friend told a joke?,main_clause,y,1,2.6270530379988486,002,right,male,English,26,NA,Australia,keypress
59,other,"['The', 'BIKE', 'that was', 'YELLOW', 'and', 'SHINY', 'belonged', 'TO', 'the', 'BOY', 'with the', 'HAT']",assorted,The bike was red?,other,n,1,1.2543902780016651,002,right,male,English,26,NA,Australia,keypress
60,congruent,"['The', 'NUN', 'that the', 'monk', 'BLESSED', 'lit', 'a', 'CANDLE', 'on', 'the', 'TABLE']",object,The nun lit a candle?,main_clause,y,1,1.1364255490043431,002,right,male,English,26,NA,Australia,keypress
61,other,"['The', 'BOX', 'was', 'MADE', 'from', 'WOOD', 'and was', 'FULL', 'of', 'THINGS', 'that', 'SHINED']",assorted,The box was full of things?,other,y,1,1.657984714009217,002,right,male,English,26,NA,Australia,keypress
62,other,"['The', 'GIRL', 'and the', 'BOY', 'that', 'OWNED', 'the', 'HORSE', 'had', 'MUD', 'on their', 'CLOTHES']",assorted,The boy and girl own a horse?,other,y,1,1.8076441020093623,002,right,male,English,26,NA,Australia,keypress
63,other,"['The', 'BOY', 'who', 'HAD', 'a', 'BIRTHDAY', 'called', 'HIS', 'best', 'FRIEND', 'for a', 'CHAT']",assorted,The boy called his best friend?,other,y,1,1.3731786720018135,002,right,male,English,26,NA,Australia,keypress
64,other,"['The', 'MAN', 'who was', 'SHORT', 'gave his', 'WIFE', 'some red', 'CANDLES', 'for her', 'BIRTHDAY']",assorted,The man was short?,other,y,1,0.8891711960022803,002,right,male,English,26,NA,Australia,keypress
65,congruent,"['The', 'COUNT', 'that the', 'queen', 'KNEW', 'owned', 'a', 'CASTLE', 'by', 'the', 'LAKE']",object,The count owned a castle?,main_clause,y,1,0.9709811239881674,002,right,male,English,26,NA,Australia,keypress
66,incongruent,"['THE', 'fox', 'that the', 'WOLF', 'chased', 'hurt', 'ITS', 'paws', 'on', 'THE', 'way']",object,The fox chased the wolf?,relative_clause,n,1,1.8067918500019005,002,right,male,English,26,NA,Australia,keypress
67,other,"['The', 'CUP', 'was', 'MADE', 'from green', 'PLASTIC', 'and was', 'FILLED', 'with', 'JUICE']",assorted,The cup was made from plastic?,other,y,1,1.6073374489933483,002,right,male,English,26,NA,Australia,keypress
68,congruent,"['The', 'MAID', 'that', 'LOVED', 'the', 'CHEF', 'quit the', 'JOB', 'at the', 'HOUSE']",subject,The chef quit the job?,main_clause,n,1,2.475159192996216,002,right,male,English,26,NA,Australia,keypress
69,incongruent,"['THE', 'nurse', 'THAT', 'blamed', 'THE', 'coach', 'CHECKED THE', 'file', 'OF THE', 'gymnast']",subject,The coach checked the file?,main_clause,n,1,1.2063681860017823,002,right,male,English,26,NA,Australia,keypress
70,incongruent,"['THE', 'dean', 'that the', 'BOY', 'called', 'had', 'A', 'voice', 'full', 'OF', 'anger']",object,The boy called the dean?,relative_clause,y,1,1.9748008940077852,002,right,male,English,26,NA,Australia,keypress
71,other,"['The', 'COLOUR', 'of the', 'HOUSE', 'was', 'BRIGHTER', 'than the', 'MEN', 'who travelled', 'EXPECTED']",assorted,The men were colourfully dressed?,other,n,1,2.1259653770102886,002,right,male,English,26,NA,Australia,keypress
72,incongruent,"['THE', 'shelf', 'THAT', 'bumped', 'THE', 'piano', 'HAD SOME', 'dust', 'ON ITS', 'top']",subject,The shelf had some dust on its top?,main_clause,y,1,1.4900155840005027,002,right,male,English,26,NA,Australia,keypress
73,other,"['The', 'MAN', 'was very', 'HUNGRY', 'after the', 'MEETING', 'so', 'HAD', 'lunch', 'EARLY']",assorted,The man was hungry?,other,y,1,0.9549745359981898,002,right,male,English,26,NA,Australia,keypress
1,incongruent,"['THE', 'knight', 'THAT', 'helped', 'THE', 'king', 'SENT A', 'gift', 'FROM HIS', 'castle']",subject,The king sent a gift?,main_clause,n,1,1.6074149590131128,003,left,male,English,26,NA,Australia,keypress
2,incongruent,"['THE', 'cook', 'THAT', 'hugged', 'THE', 'maid', 'HAD A', 'tear', 'ON HER', 'cheek']",subject,The cook had a son?,main_clause,n,0,1.121953374997247,003,left,male,English,26,NA,Australia,keypress
3,incongruent,"['THE', 'whale', 'THAT', 'bit', 'THE', 'shark', 'WON THE', 'fight', 'IN THE', 'end']",subject,The whale bit the shark?,relative_clause,y,1,0.9896123669896042,003,left,male,English,26,NA,Australia,keypress
4,other,"['The', 'BOSS', 'was', 'HAPPY', 'to', 'SEE', 'the', 'WORK', 'that', 'THE', 'two', 'GIRLS', 'had', 'DONE']",assorted,The boss was happy?,other,y,1,0.7550434550066711,003,left,male,English,26,NA,Australia,keypress
5,congruent,"['The', 'DEAN', 'that', 'CALLED', 'the', 'BOY', 'had a', 'VOICE', 'full of', 'ANGER']",subject,The dean called the boy?,relative_clause,y,1,0.7549761980044423,003,left,male,English,26,NA,Australia,keypress
6,other,"['The', 'CAT', 'chased the', 'BIRD', 'but', 'IT', 'flew', 'AWAY', 'into the', 'SUNSET']",assorted,The cat caught the bird?,other,n,1,0.9563001249916852,003,left,male,English,26,NA,Australia,keypress
7,other,"['The', 'DESK', 'was', 'NEW', 'but', 'DUSTY', 'and', 'COVERED', 'with old', 'BOOKS']",assorted,The desk was new?,other,y,1,1.8238179640029557,003,left,male,English,26,NA,Australia,keypress
8,incongruent,"['THE', 'dad', 'that the', 'CHEF', 'knew', 'had', 'A', 'son', 'with', 'A', 'limp']",object,The dad had a son with a limp?,main_clause,y,1,2.707619288004935,003,left,male,English,26,NA,Australia,keypress
9,other,"['The', 'MAN', 'was very', 'HUNGRY', 'after the', 'MEETING', 'so', 'HAD', 'lunch', 'EARLY']",assorted,The man was hungry?,other,y,1,0.6212217779975617,003,left,male,English,26,NA,Australia,keypress
10,incongruent,"['THE', 'truck', 'THAT', 'bumped', 'THE', 'car', 'HAD A', 'man', 'AT THE', 'wheel']",subject,The truck bumped the car?,relative_clause,y,1,0.7721023580088513,003,left,male,English,26,NA,Australia,keypress
11,other,"['The', 'DESSERT', 'was', 'SERVED', 'with', 'CUSTARD', 'and', 'FRUIT', 'then', 'THERE', 'was', 'COFFEE']",assorted,The coffee was before dessert?,other,n,1,1.0225511559983715,003,left,male,English,26,NA,Australia,keypress
12,incongruent,"['THE', 'niece', 'that the', 'AUNT', 'kissed', 'sang', 'A', 'song', 'for', 'THE', 'guests']",object,The niece kissed the aunt?,relative_clause,n,1,1.055502686998807,003,left,male,English,26,NA,Australia,keypress
13,incongruent,"['THE', 'king', 'that the', 'GUEST', 'pleased', 'poured', 'THE', 'wine', 'from', 'THE', 'jug']",object,The king poured the wine?,main_clause,n,0,0.8212754309934098,003,left,male,English,26,NA,Australia,keypress
14,congruent,"['The', 'GIRL', 'that the', 'nerd', 'THANKED', 'broke', 'the', 'VASE', 'with', 'the', 'FLOWERS']",object,The nerd broke the vase?,main_clause,y,0,2.1420817010075552,003,left,male,English,26,NA,Australia,keypress
15,congruent,"['The', 'COP', 'that the', 'spy', 'MET', 'wrote', 'a', 'BOOK', 'about', 'the', 'CASE']",object,The cop wrote a book?,main_clause,y,1,1.3568576899997424,003,left,male,English,26,NA,Australia,keypress
16,other,"['The', 'PIANO', 'was well', 'PLAYED', 'by', 'THE', 'old', 'LADY', 'but', 'IT', 'was', 'NOT', 'in', 'TUNE']",assorted,The piano was well played?,other,y,1,1.2894353079900611,003,left,male,English,26,NA,Australia,keypress
17,other,"['The', 'GIRL', 'on', 'THE', 'school', 'TRIP', 'saw a', 'FROG', 'and', 'LATER', 'she', 'SAW', 'a', 'MOUSE']",assorted,The girl saw a mouse first?,other,n,1,1.0723165810049975,003,left,male,English,26,NA,Australia,keypress
18,other,"['The', 'RING', 'that', 'WAS', 'sadly', 'LOST', 'was', 'FOUND', 'by the', 'FAT', 'and', 'VERY', 'happy', 'PRIEST']",assorted,The priest found the ring?,other,y,1,1.289922978990944,003,left,male,English,26,NA,Australia,keypress
19,congruent,"['The', 'NUN', 'that', 'BLESSED', 'the', 'MONK', 'lit a', 'CANDLE', 'on the', 'TABLE']",subject,The monk blessed the nun?,relative_clause,y,0,3.31196736000129,003,left,male,English,26,NA,Australia,keypress
20,incongruent,"['THE', 'thief', 'that the', 'GUARD', 'saw', 'had', 'A', 'gun', 'in', 'HIS', 'holster']",object,The thief saw the guard?,relative_clause,n,1,2.02522019900789,003,left,male,English,26,NA,Australia,keypress
21,congruent,"['The', 'HAT', 'that the', 'skirt', 'MATCHED', 'had', 'a', 'BOW', 'in', 'the', 'BACK']",object,The skirt had a bow?,main_clause,n,1,1.055967434993363,003,left,male,English,26,NA,Australia,keypress
22,congruent,"['The', 'BOAT', 'that', 'CHASED', 'the', 'YACHT', 'made a', 'TURN', 'at the', 'BOATHOUSE']",subject,The boat made a turn?,main_clause,y,1,1.372770442001638,003,left,male,English,26,NA,Australia,keypress
23,other,"['The', 'CONCERT', 'started', 'LATER', 'than', 'WHAT', 'the', 'LADY', 'told the', 'TRAVELER']",assorted,The concert started later than the travellers expected?,other,y,1,1.2402827399928356,003,left,male,English,26,NA,Australia,keypress
24,incongruent,"['THE', 'fox', 'THAT', 'chased', 'THE', 'wolf', 'HURT ITS', 'paws', 'ON THE', 'way']",subject,The fox hurt its paws?,main_clause,y,1,1.4557228640042013,003,left,male,English,26,NA,Australia,keypress
25,other,"['The', 'APPLES', 'that', 'THE', 'couple', 'BOUGHT', 'at the', 'MARKET', 'were', 'RED']",assorted,The couple bought green apples?,other,n,1,1.15556730600656,003,left,male,English,26,NA,Australia,keypress
26,congruent,"['The', 'CAR', 'that', 'PULLED', 'the', 'TRUCK', 'had a', 'SCRATCH', 'on the', 'DOOR']",subject,The car pulled the truck?,relative_clause,y,1,0.8049519100022735,003,left,male,English,26,NA,Australia,keypress
27,congruent,"['The', 'ROD', 'that the', 'pipe', 'BENT', 'had', 'a', 'HOLE', 'in', 'the', 'MIDDLE']",object,The pipe bent the rod?,relative_clause,y,1,3.210990909006796,003,left,male,English,26,NA,Australia,keypress
28,congruent,"['The', 'PRIEST', 'that the', 'cook', 'PAID', 'signed', 'the', 'CHECK', 'at', 'the', 'BANK']",object,The priest paid the cook?,relative_clause,y,0,1.3228731650015106,003,left,male,English,26,NA,Australia,keypress
29,incongruent,"['THE', 'boy', 'that the', 'GIRL', 'helped', 'got', 'AN', 'A', 'on', 'THE', 'test']",object,The boy got an A?,main_clause,y,1,2.0927116419916274,003,left,male,English,26,NA,Australia,keypress
30,other,"['The', 'CUP', 'was', 'MADE', 'from green', 'PLASTIC', 'and was', 'FILLED', 'with', 'JUICE']",assorted,The cup was full of green juice?,other,y,0,1.5407763620023616,003,left,male,English,26,NA,Australia,keypress
31,other,"['The', 'BOY', 'who', 'HAD', 'a', 'BIRTHDAY', 'called', 'HIS', 'best', 'FRIEND', 'for a', 'CHAT']",assorted,The friend called the boy?,other,y,0,1.356603823005571,003,left,male,English,26,NA,Australia,keypress
32,incongruent,"['THE', 'man', 'that the', 'NURSE', 'phoned', 'left', 'HIS', 'pills', 'at', 'THE', 'office']",object,The nurse left the pills?,main_clause,n,1,0.805225900010555,003,left,male,English,26,NA,Australia,keypress
33,other,"['The', 'DOG', 'that', 'BARKED', 'is very', 'BIG', 'and very', 'FRIENDLY', 'but', 'DOESN’T', 'like', 'CATS']",assorted,The dog is very fluffy?,other,n,1,0.9386743840004784,003,left,male,English,26,NA,Australia,keypress
34,congruent,"['The', 'OWL', 'that the', 'bat', 'SCARED', 'made', 'a', 'LOOP', 'in', 'the', 'AIR']",object,The bat scared the owl?,relative_clause,n,0,2.259700751004857,003,left,male,English,26,NA,Australia,keypress
35,other,"['The', 'BOOK', 'that the', 'LADY', 'with a', 'TATTOO', 'had', 'WRITTEN', 'was her', 'BEST', 'book', 'YET']",assorted,The lady wrote a book?,other,d,0,37.05164655999397,003,left,male,English,26,NA,Australia,keypress
36,congruent,"['The', 'TRADIE', 'that the', 'man', 'THANKED', 'left', 'his', 'WALLET', 'in', 'the', 'CAR']",object,The tradie left his wallet?,main_clause,y,1,1.7068547630042303,003,left,male,English,26,NA,Australia,keypress
37,congruent,"['The', 'KID', 'that', 'FOLLOWED', 'the', 'DAD', 'had some', 'MUD', 'on his', 'SHOES']",subject,The kid had some mud on his shoes?,main_clause,y,1,1.073790291993646,003,left,male,English,26,NA,Australia,keypress
38,other,"['The', 'FISH', 'was', 'CAUGHT', 'by the', 'GIRL', 'on the', 'BOAT', 'on a', 'FRIDAY']",assorted,The fish was caught by the girl?,other,y,1,1.2730350609926973,003,left,male,English,26,NA,Australia,keypress
39,congruent,"['The', 'SCOUT', 'that', 'PUNCHED', 'the', 'COACH', 'had a', 'FIGHT', 'with a', 'MANAGER']",subject,The coach had a fight?,main_clause,n,1,1.4735564269940369,003,left,male,English,26,NA,Australia,keypress
40,incongruent,"['THE', 'bloke', 'THAT', 'helped', 'THE', 'mum', 'GAVE A', 'gift', 'TO SAY', 'thanks']",subject,The mum gave a gift?,main_clause,n,1,1.6573544340062654,003,left,male,English,26,NA,Australia,keypress
41,incongruent,"['THE', 'prince', 'that the', 'GIRL', 'helped', 'had', 'A', 'head', 'of', 'BLONDE', 'hair']",object,The girl had blonde hair?,main_clause,n,1,1.0567244260018924,003,left,male,English,26,NA,Australia,keypress
42,incongruent,"['THE', 'priest', 'THAT', 'thanked', 'THE', 'nun', 'LEFT THE', 'church', 'IN A', 'hurry']",subject,The priest thanked the nun?,relative_clause,y,1,1.1902937369886786,003,left,male,English,26,NA,Australia,keypress
43,congruent,"['The', 'BUG', 'that the', 'ant', 'ATTACKED', 'was', 'as', 'BIG', 'as', 'a', 'COIN']",object,The ant attacked the bug?,relative_clause,n,0,0.8390581290004775,003,left,male,English,26,NA,Australia,keypress
44,other,"['The', 'BOX', 'was', 'MADE', 'from', 'WOOD', 'and was', 'FULL', 'of', 'THINGS', 'that', 'SHINED']",assorted,The box was full of things?,other,y,1,1.390162673997111,003,left,male,English,26,NA,Australia,keypress
45,other,"['The', 'BIKE', 'that was', 'YELLOW', 'and', 'SHINY', 'belonged', 'TO', 'the', 'BOY', 'with the', 'HAT']",assorted,The bike was red?,other,n,1,1.0899409520061454,003,left,male,English,26,NA,Australia,keypress
46,incongruent,"['THE', 'dean', 'THAT', 'heard', 'THE', 'guard', 'MADE A', 'call', 'ABOUT THE', 'matter']",subject,The guard made a call?,main_clause,n,1,1.0723153180006193,003,left,male,English,26,NA,Australia,keypress
47,other,"['The', 'CAR', 'that was', 'NEW', 'had', 'JUST', 'been', 'CLEANED', 'by', 'THE', 'old', 'LADY']",assorted,The car was new?,other,y,1,2.459040607995121,003,left,male,English,26,NA,Australia,keypress
48,congruent,"['The', 'THUG', 'that', 'SAW', 'the', 'MAN', 'had a', 'HAT', 'on his', 'HEAD']",subject,The man saw the thug?,relative_clause,n,1,1.0058538140001474,003,left,male,English,26,NA,Australia,keypress
49,other,"['The', 'JOB', 'that was', 'GIVEN', 'was', 'DIFFERENT', 'to', 'WHAT', 'she', 'EXPECTED']",assorted,The job was unexpected?,other,y,1,1.0903171969985124,003,left,male,English,26,NA,Australia,keypress
50,other,"['The', 'WINE', 'that was', 'FANCY', 'was', 'KEPT', 'in the', 'CELLAR', 'for', 'NEARLY', 'ten', 'YEARS', 'and five', 'MONTHS']",assorted,The wine was bad?,other,n,1,0.7893476979952538,003,left,male,English,26,NA,Australia,keypress
51,incongruent,"['THE', 'maid', 'that the', 'CHEF', 'loved', 'quit', 'THE', 'job', 'at', 'THE', 'house']",object,The maid loved the chef?,relative_clause,n,1,1.873841195993009,003,left,male,English,26,NA,Australia,keypress
52,incongruent,"['THE', 'clerk', 'that the', 'BOSS', 'liked', 'had', 'A', 'desk', 'by', 'THE', 'window']",object,The boss liked the clerk?,relative_clause,y,1,1.524170223987312,003,left,male,English,26,NA,Australia,keypress
53,congruent,"['The', 'GROOM', 'that the', 'aunt', 'CHARMED', 'raised', 'a', 'TOAST', 'to', 'the', 'PARENTS']",object,The groom raised a toast?,main_clause,y,1,0.9888089500018395,003,left,male,English,26,NA,Australia,keypress
54,other,"['The', 'GIRL', 'and the', 'BOY', 'that', 'OWNED', 'the', 'HORSE', 'had', 'MUD', 'on their', 'CLOTHES']",assorted,The horse was muddy?,other,n,1,1.8914667600038229,003,left,male,English,26,NA,Australia,keypress
55,congruent,"['The', 'SHELF', 'that', 'BUMPED', 'the', 'PIANO', 'had some', 'DUST', 'on its', 'TOP']",subject,The piano had dust on its top?,main_clause,n,1,1.5234263240126893,003,left,male,English,26,NA,Australia,keypress
56,other,"['The', 'HAT', 'that was', 'WORN', 'by the', 'BOY', 'with a', 'JACKET', 'was too', 'SMALL', 'for the', 'MAN']",assorted,The hat was too small?,other,y,1,1.123614833006286,003,left,male,English,26,NA,Australia,keypress
57,incongruent,"['THE', 'count', 'that the', 'QUEEN', 'knew', 'owned', 'A', 'castle', 'by', 'THE', 'lake']",object,The queen knew the count?,relative_clause,y,1,1.523925828994834,003,left,male,English,26,NA,Australia,keypress
58,congruent,"['The', 'GUY', 'that', 'THANKED', 'the', 'JUDGE', 'left the', 'ROOM', 'with a', 'SMILE']",subject,The guy thanked the judge?,relative_clause,y,1,1.6739269499958027,003,left,male,English,26,NA,Australia,keypress
59,incongruent,"['THE', 'friend', 'THAT', 'teased', 'THE', 'bride', 'TOLD A', 'joke', 'ABOUT THE', 'past']",subject,The bride teased the friend?,relative_clause,y,0,3.713641757000005,003,left,male,English,26,NA,Australia,keypress
60,congruent,"['The', 'DESK', 'that the', 'bed', 'SCRATCHED', 'was', 'too', 'OLD', 'to', 'be', 'MOVED']",object,The desk scratched the bed?,relative_clause,n,1,1.2224856600078056,003,left,male,English,26,NA,Australia,keypress
61,incongruent,"['THE', 'bum', 'that the', 'COP', 'scared', 'crossed', 'THE', 'street', 'at', 'THE', 'light']",object,The cop scared the bum?,relative_clause,y,1,1.0897789010050474,003,left,male,English,26,NA,Australia,keypress
62,congruent,"['The', 'CROOK', 'that', 'WARNED', 'the', 'THIEF', 'fled the', 'TOWN', 'the next', 'MORNING']",subject,The crook fled the town?,main_clause,y,1,1.6734865180042109,003,left,male,English,26,NA,Australia,keypress
63,congruent,"['The', 'NURSE', 'that the', 'coach', 'BLAMED', 'checked', 'the', 'FILE', 'of', 'the', 'GYMNAST']",object,The nurse blamed the coach?,relative_clause,y,0,0.9380261629994492,003,left,male,English,26,NA,Australia,keypress
64,incongruent,"['THE', 'dancer', 'THAT', 'liked', 'THE', 'guy', 'WAS A', 'chef', 'IN THE', 'city']",subject,The dancer was a chef?,main_clause,y,1,0.8375369209970813,003,left,male,English,26,NA,Australia,keypress
65,congruent,"['The', 'SAILOR', 'that the', 'banker', 'PUSHED', 'hurt', 'his', 'FOOT', 'in', 'the', 'BRAWL']",object,The banker hurt his foot?,main_clause,y,0,1.0890013460011687,003,left,male,English,26,NA,Australia,keypress
66,other,"['The', 'GIRL', 'kicked the', 'BALL', 'into the', 'WINDOW', 'but it', 'DID', 'not', 'BREAK']",assorted,The girl broke the window?,other,y,0,1.623767607001355,003,left,male,English,26,NA,Australia,keypress
67,incongruent,"['THE', 'chief', 'THAT', 'thanked', 'THE', 'girl', 'WAS TOO', 'late', 'FOR THE', 'bus']",subject,The girl thanked the chief?,relative_clause,n,1,1.656969546995242,003,left,male,English,26,NA,Australia,keypress
68,incongruent,"['THE', 'cat', 'that the', 'DOG', 'fought', 'licked', 'ITS', 'wounds', 'in', 'THE', 'corner']",object,The dog licked its wounds?,main_clause,n,1,0.9390094029949978,003,left,male,English,26,NA,Australia,keypress
69,incongruent,"['THE', 'boss', 'THAT', 'mocked', 'THE', 'clerk', 'HAD A', 'crush', 'ON THE', 'intern']",subject,The clerk mocked the boss?,relative_clause,n,1,2.258792569002253,003,left,male,English,26,NA,Australia,keypress
70,congruent,"['The', 'FRUIT', 'that', 'SQUASHED', 'the', 'CAKE', 'made a', 'MESS', 'in the', 'BAG']",subject,The cake made a mess?,main_clause,n,1,1.757742011002847,003,left,male,English,26,NA,Australia,keypress
71,congruent,"['The', 'GUEST', 'that', 'KISSED', 'the', 'HOST', 'brought a', 'CAKE', 'to the', 'PARTY']",subject,The host kissed the guest?,relative_clause,n,1,1.60646564498893,003,left,male,English,26,NA,Australia,keypress
72,other,"['The', 'MAN', 'who was', 'SHORT', 'gave his', 'WIFE', 'some red', 'CANDLES', 'for her', 'BIRTHDAY']",assorted,The man was tall?,other,n,1,0.9556709769967712,003,left,male,English,26,NA,Australia,keypress
73,other,"['The', 'COLOUR', 'of the', 'HOUSE', 'was', 'BRIGHTER', 'than the', 'MEN', 'who travelled', 'EXPECTED']",assorted,The men travelled?,other,y,1,1.4563573869963875,003,left,male,English,26,NA,Australia,keypress
1,other,"['The', 'DESSERT', 'was', 'SERVED', 'with', 'CUSTARD', 'and', 'FRUIT', 'then', 'THERE', 'was', 'COFFEE']",assorted,The coffee was after dessert?,other,y,1,1.1903079160110792,004,right,male,English,25,NA,Australia,keypress
2,congruent,"['The', 'KID', 'that the', 'dad', 'FOLLOWED', 'had', 'some', 'MUD', 'on', 'his', 'SHOES']",object,The kid followed the dad?,relative_clause,n,1,3.361719335007365,004,right,male,English,25,NA,Australia,keypress
3,incongruent,"['THE', 'car', 'THAT', 'pulled', 'THE', 'truck', 'HAD A', 'scratch', 'ON THE', 'door']",subject,The truck had a scratch?,main_clause,n,1,1.4570941029960522,004,right,male,English,25,NA,Australia,keypress
4,congruent,"['The', 'DAD', 'that the', 'chef', 'KNEW', 'had', 'a', 'SON', 'with', 'a', 'LIMP']",object,The dad knew the chef?,relative_clause,y,0,1.5072996160015464,004,right,male,English,25,NA,Australia,keypress
5,other,"['The', 'JOB', 'that was', 'GIVEN', 'was', 'DIFFERENT', 'to', 'WHAT', 'she', 'EXPECTED']",assorted,The job was as expected?,other,n,1,0.8880559500103118,004,right,male,English,25,NA,Australia,keypress
6,incongruent,"['THE', 'clerk', 'THAT', 'liked', 'THE', 'boss', 'HAD A', 'desk', 'BY THE', 'window']",subject,The boss had a desk by the window?,main_clause,n,1,1.0212023060012143,004,right,male,English,25,NA,Australia,keypress
7,congruent,"['The', 'COOK', 'that', 'HUGGED', 'the', 'MAID', 'had a', 'TEAR', 'on her', 'CHEEK']",subject,The cook hugged the maid?,relative_clause,y,1,1.4881908819952514,004,right,male,English,25,NA,Australia,keypress
8,congruent,"['The', 'BOSS', 'that', 'MOCKED', 'the', 'CLERK', 'had a', 'CRUSH', 'on the', 'INTERN']",subject,The clerk mocked the boss?,relative_clause,n,1,1.1393388680007774,004,right,male,English,25,NA,Australia,keypress
9,other,"['The', 'HAT', 'that was', 'WORN', 'by the', 'BOY', 'with a', 'JACKET', 'was too', 'SMALL', 'for the', 'MAN']",assorted,The jacket was too small?,other,n,1,0.6888005189975956,004,right,male,English,25,NA,Australia,keypress
10,incongruent,"['THE', 'niece', 'that the', 'AUNT', 'kissed', 'sang', 'A', 'song', 'for', 'THE', 'guests']",object,The aunt kissed the niece?,relative_clause,n,0,2.526041688004625,004,right,male,English,25,NA,Australia,keypress
11,incongruent,"['THE', 'dancer', 'THAT', 'liked', 'THE', 'guy', 'WAS A', 'chef', 'IN THE', 'city']",subject,The dancer was a chef?,main_clause,n,0,2.525419867990422,004,right,male,English,25,NA,Australia,keypress
12,incongruent,"['THE', 'fruit', 'that the', 'CAKE', 'squashed', 'made', 'A', 'mess', 'in', 'THE', 'bag']",object,The cake made a mess?,main_clause,n,1,1.4888986129953992,004,right,male,English,25,NA,Australia,keypress
13,other,"['The', 'MAN', 'was very', 'HUNGRY', 'after the', 'MEETING', 'so', 'HAD', 'lunch', 'EARLY']",assorted,The boy was hungry?,other,n,1,1.1892314369906671,004,right,male,English,25,NA,Australia,keypress
14,congruent,"['The', 'KING', 'that the', 'guest', 'PLEASED', 'poured', 'the', 'WINE', 'from', 'the', 'JUG']",object,The king pleased the guest?,relative_clause,n,1,2.844051442007185,004,right,male,English,25,NA,Australia,keypress
15,congruent,"['The', 'SHELF', 'that', 'BUMPED', 'the', 'PIANO', 'had some', 'DUST', 'on its', 'TOP']",subject,The piano had dust on its top?,main_clause,y,0,0.939274509990355,004,right,male,English,25,NA,Australia,keypress
16,incongruent,"['THE', 'knight', 'THAT', 'helped', 'THE', 'king', 'SENT A', 'gift', 'FROM HIS', 'castle']",subject,The knight helped the king?,relative_clause,y,1,1.4902979189937469,004,right,male,English,25,NA,Australia,keypress
17,congruent,"['The', 'COUNT', 'that the', 'queen', 'KNEW', 'owned', 'a', 'CASTLE', 'by', 'the', 'LAKE']",object,The count owned a castle?,main_clause,y,1,1.0378430410055444,004,right,male,English,25,NA,Australia,keypress
18,congruent,"['The', 'ROD', 'that', 'BENT', 'the', 'PIPE', 'had a', 'HOLE', 'in the', 'MIDDLE']",subject,The rod had a hole?,main_clause,y,1,1.0727218960091705,004,right,male,English,25,NA,Australia,keypress
19,congruent,"['The', 'BUM', 'that the', 'cop', 'SCARED', 'crossed', 'the', 'STREET', 'at', 'the', 'LIGHT']",object,The cop crossed the street?,main_clause,n,1,0.8558095170010347,004,right,male,English,25,NA,Australia,keypress
20,incongruent,"['THE', 'sailor', 'that the', 'BANKER', 'pushed', 'hurt', 'HIS', 'foot', 'in', 'THE', 'brawl']",object,The banker pushed the sailor?,relative_clause,n,0,2.2091615560057107,004,right,male,English,25,NA,Australia,keypress
21,congruent,"['The', 'BOAT', 'that', 'CHASED', 'the', 'YACHT', 'made a', 'TURN', 'at the', 'BOATHOUSE']",subject,The yacht made a turn?,main_clause,n,1,1.3876517610042356,004,right,male,English,25,NA,Australia,keypress
22,incongruent,"['THE', 'chief', 'THAT', 'thanked', 'THE', 'girl', 'WAS TOO', 'late', 'FOR THE', 'bus']",subject,The chief thanked the girl?,relative_clause,y,1,1.2074024280009326,004,right,male,English,25,NA,Australia,keypress
23,other,"['The', 'BOY', 'who', 'HAD', 'a', 'BIRTHDAY', 'called', 'HIS', 'best', 'FRIEND', 'for a', 'CHAT']",assorted,The boy called his best friend?,other,y,1,1.2556555710034445,004,right,male,English,25,NA,Australia,keypress
24,other,"['The', 'DESK', 'was', 'NEW', 'but', 'DUSTY', 'and', 'COVERED', 'with old', 'BOOKS']",assorted,The desk was new?,other,y,1,1.1226091909920797,004,right,male,English,25,NA,Australia,keypress
25,incongruent,"['THE', 'friend', 'that the', 'BRIDE', 'teased', 'told', 'A', 'joke', 'about', 'THE', 'past']",object,The friend told a joke?,main_clause,y,1,0.6534897310048109,004,right,male,English,25,NA,Australia,keypress
26,other,"['The', 'WINE', 'that was', 'FANCY', 'was', 'KEPT', 'in the', 'CELLAR', 'for', 'NEARLY', 'ten', 'YEARS', 'and five', 'MONTHS']",assorted,The wine was bad?,other,n,1,1.1890177450113697,004,right,male,English,25,NA,Australia,keypress
27,incongruent,"['THE', 'bug', 'THAT', 'attacked', 'THE', 'ant', 'WAS AS', 'big', 'AS A', 'coin']",subject,The bug attacked the ant?,relative_clause,y,1,1.290183752993471,004,right,male,English,25,NA,Australia,keypress
28,incongruent,"['THE', 'man', 'that the', 'NURSE', 'phoned', 'left', 'HIS', 'pills', 'at', 'THE', 'office']",object,The man phoned the nurse?,relative_clause,y,0,1.0725704150099773,004,right,male,English,25,NA,Australia,keypress
29,congruent,"['The', 'FOX', 'that', 'CHASED', 'the', 'WOLF', 'hurt its', 'PAWS', 'on the', 'WAY']",subject,The wolf chased the fox?,relative_clause,y,0,1.8245609620062169,004,right,male,English,25,NA,Australia,keypress
30,other,"['The', 'BIKE', 'that was', 'YELLOW', 'and', 'SHINY', 'belonged', 'TO', 'the', 'BOY', 'with the', 'HAT']",assorted,The bike was shiny?,other,y,1,1.003519931997289,004,right,male,English,25,NA,Australia,keypress
31,other,"['The', 'GIRL', 'and the', 'BOY', 'that', 'OWNED', 'the', 'HORSE', 'had', 'MUD', 'on their', 'CLOTHES']",assorted,The boy and girl own a horse?,other,y,1,1.7575499070080696,004,right,male,English,25,NA,Australia,keypress
32,congruent,"['The', 'GROOM', 'that', 'CHARMED', 'the', 'AUNT', 'raised a', 'TOAST', 'to the', 'PARENTS']",subject,The aunt raised a toast?,main_clause,n,1,0.7039857299969299,004,right,male,English,25,NA,Australia,keypress
33,congruent,"['The', 'SCOUT', 'that the', 'coach', 'PUNCHED', 'had', 'a', 'FIGHT', 'with', 'a', 'MANAGER']",object,The scout had a fight?,main_clause,y,1,0.9900844399962808,004,right,male,English,25,NA,Australia,keypress
34,other,"['The', 'RING', 'that', 'WAS', 'sadly', 'LOST', 'was', 'FOUND', 'by the', 'FAT', 'and', 'VERY', 'happy', 'PRIEST']",assorted,The priest was sad?,other,n,1,0.7715511200076435,004,right,male,English,25,NA,Australia,keypress
35,congruent,"['The', 'DESK', 'that the', 'bed', 'SCRATCHED', 'was', 'too', 'OLD', 'to', 'be', 'MOVED']",object,The bed scratched the desk?,relative_clause,n,0,2.1914645950018894,004,right,male,English,25,NA,Australia,keypress
36,incongruent,"['THE', 'whale', 'THAT', 'bit', 'THE', 'shark', 'WON THE', 'fight', 'IN THE', 'end']",subject,The whale won the fight?,main_clause,y,1,1.0573862369928977,004,right,male,English,25,NA,Australia,keypress
37,congruent,"['The', 'NUN', 'that the', 'monk', 'BLESSED', 'lit', 'a', 'CANDLE', 'on', 'the', 'TABLE']",object,The monk lit a candle?,main_clause,n,1,0.7187287810083944,004,right,male,English,25,NA,Australia,keypress
38,incongruent,"['THE', 'nurse', 'that the', 'COACH', 'blamed', 'checked', 'THE', 'file', 'of', 'THE', 'gymnast']",object,The nurse checked the file?,main_clause,y,1,0.923103799999808,004,right,male,English,25,NA,Australia,keypress
39,incongruent,"['THE', 'dean', 'THAT', 'heard', 'THE', 'guard', 'MADE A', 'call', 'ABOUT THE', 'matter']",subject,The guard heard the dean?,relative_clause,y,0,2.2751265810074983,004,right,male,English,25,NA,Australia,keypress
40,other,"['The', 'COLOUR', 'of the', 'HOUSE', 'was', 'BRIGHTER', 'than the', 'MEN', 'who travelled', 'EXPECTED']",assorted,The men travelled?,other,y,1,1.122960991007858,004,right,male,English,25,NA,Australia,keypress
41,other,"['The', 'BOSS', 'was', 'HAPPY', 'to', 'SEE', 'the', 'WORK', 'that', 'THE', 'two', 'GIRLS', 'had', 'DONE']",assorted,The boss was happy?,other,y,1,0.9551141340052708,004,right,male,English,25,NA,Australia,keypress
42,incongruent,"['THE', 'cop', 'that the', 'SPY', 'met', 'wrote', 'A', 'book', 'about', 'THE', 'case']",object,The spy met the cop?,relative_clause,y,1,4.349203534002299,004,right,male,English,25,NA,Australia,keypress
43,incongruent,"['THE', 'crook', 'that the', 'THIEF', 'warned', 'fled', 'THE', 'town', 'the', 'NEXT', 'morning']",object,The thief fled the town?,main_clause,n,1,2.240111405000789,004,right,male,English,25,NA,Australia,keypress
44,incongruent,"['THE', 'owl', 'THAT', 'scared', 'THE', 'bat', 'MADE A', 'loop', 'IN THE', 'air']",subject,The bat made a loop?,main_clause,n,1,2.342321282994817,004,right,male,English,25,NA,Australia,keypress
45,other,"['The', 'GIRL', 'on', 'THE', 'school', 'TRIP', 'saw a', 'FROG', 'and', 'LATER', 'she', 'SAW', 'a', 'MOUSE']",assorted,The girl saw a mouse first?,other,n,1,0.9227513649966568,004,right,male,English,25,NA,Australia,keypress
46,other,"['The', 'BOX', 'was', 'MADE', 'from', 'WOOD', 'and was', 'FULL', 'of', 'THINGS', 'that', 'SHINED']",assorted,The box was full of things?,other,y,1,0.9066763799928594,004,right,male,English,25,NA,Australia,keypress
47,congruent,"['The', 'MAID', 'that', 'LOVED', 'the', 'CHEF', 'quit the', 'JOB', 'at the', 'HOUSE']",subject,The maid loved the chef?,relative_clause,y,1,2.3444003829936264,004,right,male,English,25,NA,Australia,keypress
48,congruent,"['The', 'GIRL', 'that', 'PUSHED', 'the', 'NERD', 'broke the', 'VASE', 'with the', 'FLOWERS']",subject,The girl broke the vase?,main_clause,y,1,0.8557923219923396,004,right,male,English,25,NA,Australia,keypress
49,incongruent,"['THE', 'prince', 'that the', 'GIRL', 'helped', 'had', 'A', 'head', 'of', 'BLONDE', 'hair']",object,The prince had blonde hair?,main_clause,y,1,2.0433113619947108,004,right,male,English,25,NA,Australia,keypress
50,other,"['The', 'CONCERT', 'started', 'LATER', 'than', 'WHAT', 'the', 'LADY', 'told the', 'TRAVELER']",assorted,The concert started later than the travellers expected?,other,y,1,4.2312450549943605,004,right,male,English,25,NA,Australia,keypress
51,congruent,"['The', 'THUG', 'that the', 'man', 'SAW', 'had', 'a', 'HAT', 'on', 'his', 'HEAD']",object,The man saw the thug?,relative_clause,y,1,2.7436255880020326,004,right,male,English,25,NA,Australia,keypress
52,congruent,"['The', 'THIEF', 'that the', 'guard', 'SAW', 'had', 'a', 'GUN', 'in', 'his', 'HOLSTER']",object,The guard saw the thief?,relative_clause,y,1,2.4758095300057903,004,right,male,English,25,NA,Australia,keypress
53,congruent,"['The', 'BLOKE', 'that', 'HELPED', 'the', 'MUM', 'gave a', 'GIFT', 'to say', 'THANKS']",subject,The bloke gave a gift?,main_clause,y,1,1.6074089739995543,004,right,male,English,25,NA,Australia,keypress
54,incongruent,"['THE', 'hat', 'THAT', 'matched', 'THE', 'skirt', 'HAD A', 'bow', 'IN THE', 'back']",subject,The hat had a bow?,main_clause,y,1,2.4424394259986,004,right,male,English,25,NA,Australia,keypress
55,other,"['The', 'APPLES', 'that', 'THE', 'couple', 'BOUGHT', 'at the', 'MARKET', 'were', 'RED']",assorted,The couple bought some apples?,other,y,1,2.0246725210017757,004,right,male,English,25,NA,Australia,keypress
56,other,"['The', 'MAN', 'who was', 'SHORT', 'gave his', 'WIFE', 'some red', 'CANDLES', 'for her', 'BIRTHDAY']",assorted,The man was short?,other,y,1,0.9558520739956292,004,right,male,English,25,NA,Australia,keypress
57,congruent,"['The', 'PRIEST', 'that', 'THANKED', 'the', 'NUN', 'left the', 'CHURCH', 'in a', 'HURRY']",subject,The nun thanked the priest?,relative_clause,n,1,2.643334277003305,004,right,male,English,25,NA,Australia,keypress
58,other,"['The', 'CAT', 'chased the', 'BIRD', 'but', 'IT', 'flew', 'AWAY', 'into the', 'SUNSET']",assorted,The cat caught the bird?,other,n,1,3.161135361995548,004,right,male,English,25,NA,Australia,keypress
59,other,"['The', 'FISH', 'was', 'CAUGHT', 'by the', 'GIRL', 'on the', 'BOAT', 'on a', 'FRIDAY']",assorted,The fish was caught by the boy?,other,y,0,1.8738531720009632,004,right,male,English,25,NA,Australia,keypress
60,other,"['The', 'PIANO', 'was well', 'PLAYED', 'by', 'THE', 'old', 'LADY', 'but', 'IT', 'was', 'NOT', 'in', 'TUNE']",assorted,The piano was badly played?,other,n,1,1.137089632000425,004,right,male,English,25,NA,Australia,keypress
61,incongruent,"['THE', 'boy', 'that the', 'GIRL', 'helped', 'got', 'AN', 'A', 'on', 'THE', 'test']",object,The girl got an A?,main_clause,n,1,0.754476545000216,004,right,male,English,25,NA,Australia,keypress
62,other,"['The', 'DOG', 'that', 'BARKED', 'is very', 'BIG', 'and very', 'FRIENDLY', 'but', 'DOESN’T', 'like', 'CATS']",assorted,The dog is very fluffy?,other,n,1,1.5384970539889764,004,right,male,English,25,NA,Australia,keypress
63,incongruent,"['THE', 'dean', 'that the', 'BOY', 'called', 'had', 'A', 'voice', 'full', 'OF', 'anger']",object,The dean called the boy?,relative_clause,n,1,3.37773516800371,004,right,male,English,25,NA,Australia,keypress
64,congruent,"['The', 'GUY', 'that the', 'judge', 'THANKED', 'left', 'the', 'ROOM', 'with', 'a', 'SMILE']",object,The guy left the room?,main_clause,y,1,1.7409660760022234,004,right,male,English,25,NA,Australia,keypress
65,incongruent,"['THE', 'cat', 'THAT', 'fought', 'THE', 'dog', 'LICKED ITS', 'wounds', 'IN THE', 'corner']",subject,The dog fought the cat?,relative_clause,n,1,2.125235409999732,004,right,male,English,25,NA,Australia,keypress
66,other,"['The', 'BOOK', 'that the', 'LADY', 'with a', 'TATTOO', 'had', 'WRITTEN', 'was her', 'BEST', 'book', 'YET']",assorted,The man wrote a book?,other,n,1,1.2220732449932257,004,right,male,English,25,NA,Australia,keypress
67,other,"['The', 'CUP', 'was', 'MADE', 'from green', 'PLASTIC', 'and was', 'FILLED', 'with', 'JUICE']",assorted,The cup was full of green juice?,other,n,1,1.1404725850006798,004,right,male,English,25,NA,Australia,keypress
68,other,"['The', 'CAR', 'that was', 'NEW', 'had', 'JUST', 'been', 'CLEANED', 'by', 'THE', 'old', 'LADY']",assorted,The car was new?,other,y,1,1.1897320419957396,004,right,male,English,25,NA,Australia,keypress
69,congruent,"['The', 'PRIEST', 'that', 'PAID', 'the', 'COOK', 'signed the', 'CHECK', 'at the', 'BANK']",subject,The priest paid the cook?,relative_clause,y,1,1.4553932580020046,004,right,male,English,25,NA,Australia,keypress
70,other,"['The', 'GIRL', 'kicked the', 'BALL', 'into the', 'WINDOW', 'but it', 'DID', 'not', 'BREAK']",assorted,The girl kicked the ball?,other,y,1,1.0059929760027444,004,right,male,English,25,NA,Australia,keypress
71,congruent,"['The', 'GUEST', 'that the', 'host', 'KISSED', 'brought', 'a', 'CAKE', 'to', 'the', 'PARTY']",object,The host brought a cake?,main_clause,n,1,1.791420035995543,004,right,male,English,25,NA,Australia,keypress
72,incongruent,"['THE', 'tradie', 'that the', 'MAN', 'thanked', 'left', 'HIS', 'wallet', 'in', 'THE', 'car']",object,The tradie thanked the man?,relative_clause,n,1,2.425623330011149,004,right,male,English,25,NA,Australia,keypress
73,incongruent,"['THE', 'truck', 'THAT', 'bumped', 'THE', 'car', 'HAD A', 'man', 'AT THE', 'wheel']",subject,The car bumped the truck?,relative_clause,n,1,2.1123688879888505,004,right,male,English,25,NA,Australia,keypress
1,other,"['The', 'GIRL', 'kicked the', 'BALL', 'into the', 'WINDOW', 'but it', 'DID', 'not', 'BREAK']",assorted,The girl kicked the ball?,other,y,1,1.1896463009999252,005,right,female,English and Greek,24,NA,Australia,keypress
2,congruent,"['The', 'DEAN', 'that the', 'boy', 'CALLED', 'had', 'a', 'VOICE', 'full', 'of', 'ANGER']",object,The dean called the boy?,relative_clause,y,0,1.2739260579999154,005,right,female,English and Greek,24,NA,Australia,keypress
3,congruent,"['The', 'GUY', 'that', 'THANKED', 'the', 'JUDGE', 'left the', 'ROOM', 'with a', 'SMILE']",subject,The guy left the room?,main_clause,y,1,2.29286838500002,005,right,female,English and Greek,24,NA,Australia,keypress
4,congruent,"['The', 'BLOKE', 'that', 'HELPED', 'the', 'MUM', 'gave a', 'GIFT', 'to say', 'THANKS']",subject,The mum helped the bloke?,relative_clause,n,1,1.4564425969999777,005,right,female,English and Greek,24,NA,Australia,keypress
5,other,"['The', 'FISH', 'was', 'CAUGHT', 'by the', 'GIRL', 'on the', 'BOAT', 'on a', 'FRIDAY']",assorted,The fish was caught by the girl?,other,y,1,2.225434453000048,005,right,female,English and Greek,24,NA,Australia,keypress
6,incongruent,"['THE', 'nurse', 'THAT', 'blamed', 'THE', 'coach', 'CHECKED THE', 'file', 'OF THE', 'gymnast']",subject,The nurse blamed the coach?,relative_clause,n,0,1.2568687289999616,005,right,female,English and Greek,24,NA,Australia,keypress
7,incongruent,"['THE', 'scout', 'THAT', 'punched', 'THE', 'coach', 'HAD A', 'fight', 'WITH A', 'manager']",subject,The scout punched the coach?,relative_clause,y,1,2.426656732999959,005,right,female,English and Greek,24,NA,Australia,keypress
8,other,"['The', 'MAN', 'who was', 'SHORT', 'gave his', 'WIFE', 'some red', 'CANDLES', 'for her', 'BIRTHDAY']",assorted,The man was tall?,other,n,1,1.4062377599999536,005,right,female,English and Greek,24,NA,Australia,keypress
9,other,"['The', 'DESSERT', 'was', 'SERVED', 'with', 'CUSTARD', 'and', 'FRUIT', 'then', 'THERE', 'was', 'COFFEE']",assorted,The coffee was after dessert?,other,y,1,5.885362775999965,005,right,female,English and Greek,24,NA,Australia,keypress
10,incongruent,"['THE', 'thug', 'THAT', 'saw', 'THE', 'man', 'HAD A', 'hat', 'ON HIS', 'head']",subject,The man saw the thug?,relative_clause,n,1,1.8576983209999296,005,right,female,English and Greek,24,NA,Australia,keypress
11,other,"['The', 'MAN', 'was very', 'HUNGRY', 'after the', 'MEETING', 'so', 'HAD', 'lunch', 'EARLY']",assorted,The boy was hungry?,other,n,1,1.2063716339999928,005,right,female,English and Greek,24,NA,Australia,keypress
12,incongruent,"['THE', 'fox', 'that the', 'WOLF', 'chased', 'hurt', 'ITS', 'paws', 'on', 'THE', 'way']",object,The fox chased the wolf?,relative_clause,n,1,1.6912373830000431,005,right,female,English and Greek,24,NA,Australia,keypress
13,congruent,"['The', 'TRADIE', 'that the', 'man', 'THANKED', 'left', 'his', 'WALLET', 'in', 'the', 'CAR']",object,The tradie left his wallet?,main_clause,y,1,1.3739762069999415,005,right,female,English and Greek,24,NA,Australia,keypress
14,incongruent,"['THE', 'owl', 'that the', 'BAT', 'scared', 'made', 'A', 'loop', 'in', 'THE', 'air']",object,The owl scared the bat?,relative_clause,y,0,3.278319689,005,right,female,English and Greek,24,NA,Australia,keypress
15,other,"['The', 'CAR', 'that was', 'NEW', 'had', 'JUST', 'been', 'CLEANED', 'by', 'THE', 'old', 'LADY']",assorted,The car was old?,other,n,1,1.0865367549999974,005,right,female,English and Greek,24,NA,Australia,keypress
16,congruent,"['The', 'MAID', 'that', 'LOVED', 'the', 'CHEF', 'quit the', 'JOB', 'at the', 'HOUSE']",subject,The chef loved the maid?,relative_clause,n,1,1.5061960200000613,005,right,female,English and Greek,24,NA,Australia,keypress
17,other,"['The', 'COLOUR', 'of the', 'HOUSE', 'was', 'BRIGHTER', 'than the', 'MEN', 'who travelled', 'EXPECTED']",assorted,The men travelled?,other,y,1,1.3712497400001666,005,right,female,English and Greek,24,NA,Australia,keypress
18,incongruent,"['THE', 'thief', 'THAT', 'saw', 'THE', 'guard', 'HAD A', 'gun', 'IN HIS', 'holster']",subject,The guard saw the thief?,relative_clause,y,0,1.6914143789999798,005,right,female,English and Greek,24,NA,Australia,keypress
19,congruent,"['The', 'CHIEF', 'that the', 'girl', 'THANKED', 'was', 'too', 'LATE', 'for', 'the', 'BUS']",object,The chief was too late?,main_clause,y,1,1.406399742000076,005,right,female,English and Greek,24,NA,Australia,keypress
20,other,"['The', 'HAT', 'that was', 'WORN', 'by the', 'BOY', 'with a', 'JACKET', 'was too', 'SMALL', 'for the', 'MAN']",assorted,The hat was too small?,other,y,1,0.9888472860000092,005,right,female,English and Greek,24,NA,Australia,keypress
21,incongruent,"['THE', 'boy', 'that the', 'GIRL', 'helped', 'got', 'AN', 'A', 'on', 'THE', 'test']",object,The boy helped the girl?,relative_clause,y,0,1.2393851019999147,005,right,female,English and Greek,24,NA,Australia,keypress
22,other,"['The', 'CUP', 'was', 'MADE', 'from green', 'PLASTIC', 'and was', 'FILLED', 'with', 'JUICE']",assorted,The cup was full of green juice?,other,y,0,1.4403941840000698,005,right,female,English and Greek,24,NA,Australia,keypress
23,incongruent,"['THE', 'cop', 'that the', 'SPY', 'met', 'wrote', 'A', 'book', 'about', 'THE', 'case']",object,The spy met the cop?,relative_clause,y,1,1.222307457999932,005,right,female,English and Greek,24,NA,Australia,keypress
24,incongruent,"['THE', 'car', 'that the', 'TRUCK', 'pulled', 'had', 'A', 'scratch', 'on', 'THE', 'door']",object,The car had a scratch?,main_clause,y,1,2.9446162710000863,005,right,female,English and Greek,24,NA,Australia,keypress
25,congruent,"['The', 'BOSS', 'that', 'MOCKED', 'the', 'CLERK', 'had a', 'CRUSH', 'on the', 'INTERN']",subject,The clerk mocked the boss?,relative_clause,y,0,1.7249462629999923,005,right,female,English and Greek,24,NA,Australia,keypress
26,congruent,"['The', 'COUNT', 'that the', 'queen', 'KNEW', 'owned', 'a', 'CASTLE', 'by', 'the', 'LAKE']",object,The queen owned a castle?,main_clause,y,0,1.3893708640000568,005,right,female,English and Greek,24,NA,Australia,keypress
27,incongruent,"['THE', 'dean', 'that the', 'GUARD', 'heard', 'made', 'A', 'call', 'about', 'THE', 'matter']",object,The guard made a call?,main_clause,y,0,2.0408707980000145,005,right,female,English and Greek,24,NA,Australia,keypress
28,incongruent,"['THE', 'groom', 'THAT', 'charmed', 'THE', 'aunt', 'RAISED A', 'toast', 'TO THE', 'parents']",subject,The aunt charmed the groom?,relative_clause,n,1,1.439644016000102,005,right,female,English and Greek,24,NA,Australia,keypress
29,congruent,"['The', 'GIRL', 'that the', 'nerd', 'THANKED', 'broke', 'the', 'VASE', 'with', 'the', 'FLOWERS']",object,The nerd pushed the girl?,relative_clause,n,0,1.3064825280000605,005,right,female,English and Greek,24,NA,Australia,keypress
30,congruent,"['The', 'NIECE', 'that the', 'aunt', 'KISSED', 'sang', 'a', 'SONG', 'for', 'the', 'GUESTS']",object,The aunt kissed the niece?,relative_clause,n,0,1.638122949000035,005,right,female,English and Greek,24,NA,Australia,keypress
31,incongruent,"['THE', 'rod', 'that the', 'PIPE', 'bent', 'had', 'A', 'hole', 'in', 'THE', 'middle']",object,The pipe bent the rod?,relative_clause,n,0,1.3235813259998397,005,right,female,English and Greek,24,NA,Australia,keypress
32,congruent,"['The', 'DESK', 'that the', 'bed', 'SCRATCHED', 'was', 'too', 'OLD', 'to', 'be', 'MOVED']",object,The bed was too old?,main_clause,y,0,1.4907563899998877,005,right,female,English and Greek,24,NA,Australia,keypress
33,other,"['The', 'DESK', 'was', 'NEW', 'but', 'DUSTY', 'and', 'COVERED', 'with old', 'BOOKS']",assorted,The desk was new?,other,y,1,1.0395215569999436,005,right,female,English and Greek,24,NA,Australia,keypress
34,congruent,"['The', 'BUG', 'that', 'ATTACKED', 'the', 'ANT', 'was as', 'BIG', 'as a', 'COIN']",subject,The bug attacked the ant?,relative_clause,y,1,0.8862241409999569,005,right,female,English and Greek,24,NA,Australia,keypress
35,congruent,"['The', 'DANCER', 'that', 'LIKED', 'the', 'GUY', 'was a', 'CHEF', 'in the', 'CITY']",subject,The guy was a chef?,main_clause,y,0,1.323402772999998,005,right,female,English and Greek,24,NA,Australia,keypress
36,incongruent,"['THE', 'crook', 'THAT', 'warned', 'THE', 'thief', 'FLED THE', 'town', 'THE NEXT', 'morning']",subject,The crook fled the town?,main_clause,y,1,1.3728147520000675,005,right,female,English and Greek,24,NA,Australia,keypress
37,other,"['The', 'BOSS', 'was', 'HAPPY', 'to', 'SEE', 'the', 'WORK', 'that', 'THE', 'two', 'GIRLS', 'had', 'DONE']",assorted,The boss was happy?,other,y,1,0.7564028580000013,005,right,female,English and Greek,24,NA,Australia,keypress
38,other,"['The', 'CONCERT', 'started', 'LATER', 'than', 'WHAT', 'the', 'LADY', 'told the', 'TRAVELER']",assorted,The concert started later than the travellers expected?,other,y,1,2.476044879000028,005,right,female,English and Greek,24,NA,Australia,keypress
39,incongruent,"['THE', 'dad', 'that the', 'CHEF', 'knew', 'had', 'A', 'son', 'with', 'A', 'limp']",object,The dad had a son with a limp?,main_clause,y,1,1.6906855479999194,005,right,female,English and Greek,24,NA,Australia,keypress
40,other,"['The', 'DOG', 'that', 'BARKED', 'is very', 'BIG', 'and very', 'FRIENDLY', 'but', 'DOESN’T', 'like', 'CATS']",assorted,The dog is very fluffy?,other,n,1,1.0388838100000155,005,right,female,English and Greek,24,NA,Australia,keypress
41,other,"['The', 'BOX', 'was', 'MADE', 'from', 'WOOD', 'and was', 'FULL', 'of', 'THINGS', 'that', 'SHINED']",assorted,The box was shiny?,other,y,0,0.9204670009999064,005,right,female,English and Greek,24,NA,Australia,keypress
42,incongruent,"['THE', 'whale', 'THAT', 'bit', 'THE', 'shark', 'WON THE', 'fight', 'IN THE', 'end']",subject,The shark won the fight?,main_clause,n,1,2.024731931000133,005,right,female,English and Greek,24,NA,Australia,keypress
43,congruent,"['The', 'FRIEND', 'that the', 'bride', 'TEASED', 'told', 'a', 'JOKE', 'about', 'the', 'PAST']",object,The friend teased the bride?,relative_clause,y,0,0.989193231999934,005,right,female,English and Greek,24,NA,Australia,keypress
44,other,"['The', 'WINE', 'that was', 'FANCY', 'was', 'KEPT', 'in the', 'CELLAR', 'for', 'NEARLY', 'ten', 'YEARS', 'and five', 'MONTHS']",assorted,The wine was bad?,other,n,1,1.139435019000075,005,right,female,English and Greek,24,NA,Australia,keypress
45,congruent,"['The', 'HAT', 'that', 'MATCHED', 'the', 'SKIRT', 'had a', 'BOW', 'in the', 'BACK']",subject,The hat had a bow?,main_clause,y,1,1.2728270610000436,005,right,female,English and Greek,24,NA,Australia,keypress
46,other,"['The', 'GIRL', 'and the', 'BOY', 'that', 'OWNED', 'the', 'HORSE', 'had', 'MUD', 'on their', 'CLOTHES']",assorted,The horse was muddy?,other,y,0,1.1218970940001327,005,right,female,English and Greek,24,NA,Australia,keypress
47,other,"['The', 'GIRL', 'on', 'THE', 'school', 'TRIP', 'saw a', 'FROG', 'and', 'LATER', 'she', 'SAW', 'a', 'MOUSE']",assorted,The girl saw a mouse first?,other,n,1,1.5573352800001885,005,right,female,English and Greek,24,NA,Australia,keypress
48,incongruent,"['THE', 'nun', 'THAT', 'blessed', 'THE', 'monk', 'LIT A', 'candle', 'ON THE', 'table']",subject,The nun lit a candle?,main_clause,y,1,0.9887982120001196,005,right,female,English and Greek,24,NA,Australia,keypress
49,congruent,"['The', 'SAILOR', 'that the', 'banker', 'PUSHED', 'hurt', 'his', 'FOOT', 'in', 'the', 'BRAWL']",object,The banker hurt his foot?,main_clause,y,0,0.9888124199999312,005,right,female,English and Greek,24,NA,Australia,keypress
50,congruent,"['The', 'GUEST', 'that', 'KISSED', 'the', 'HOST', 'brought a', 'CAKE', 'to the', 'PARTY']",subject,The guest brought a cake?,main_clause,y,1,0.9392359739999848,005,right,female,English and Greek,24,NA,Australia,keypress
51,incongruent,"['THE', 'truck', 'THAT', 'bumped', 'THE', 'car', 'HAD A', 'man', 'AT THE', 'wheel']",subject,The truck had a man at the wheel?,main_clause,y,1,1.323762402000057,005,right,female,English and Greek,24,NA,Australia,keypress
52,congruent,"['The', 'MAN', 'that', 'PHONED', 'the', 'NURSE', 'left his', 'PILLS', 'at the', 'OFFICE']",subject,The nurse left the pills?,main_clause,n,1,0.9720953650000864,005,right,female,English and Greek,24,NA,Australia,keypress
53,congruent,"['The', 'KING', 'that the', 'guest', 'PLEASED', 'poured', 'the', 'WINE', 'from', 'the', 'JUG']",object,The guest pleased the king?,relative_clause,n,0,1.4565016409999316,005,right,female,English and Greek,24,NA,Australia,keypress
54,congruent,"['The', 'CLERK', 'that', 'LIKED', 'the', 'BOSS', 'had a', 'DESK', 'by the', 'WINDOW']",subject,The clerk liked the boss?,relative_clause,y,1,1.0561824809999507,005,right,female,English and Greek,24,NA,Australia,keypress
55,congruent,"['The', 'KID', 'that', 'FOLLOWED', 'the', 'DAD', 'had some', 'MUD', 'on his', 'SHOES']",subject,The kid followed the dad?,relative_clause,y,1,0.8887776880001184,005,right,female,English and Greek,24,NA,Australia,keypress
56,incongruent,"['THE', 'cat', 'THAT', 'fought', 'THE', 'dog', 'LICKED ITS', 'wounds', 'IN THE', 'corner']",subject,The dog licked its wounds?,main_clause,n,1,1.0222001560000535,005,right,female,English and Greek,24,NA,Australia,keypress
57,other,"['The', 'PIANO', 'was well', 'PLAYED', 'by', 'THE', 'old', 'LADY', 'but', 'IT', 'was', 'NOT', 'in', 'TUNE']",assorted,The piano was well played?,other,y,1,1.1225172179999845,005,right,female,English and Greek,24,NA,Australia,keypress
58,incongruent,"['THE', 'priest', 'THAT', 'paid', 'THE', 'cook', 'SIGNED THE', 'check', 'AT THE', 'bank']",subject,The priest paid the cook?,relative_clause,y,1,0.8887464140000247,005,right,female,English and Greek,24,NA,Australia,keypress
59,other,"['The', 'APPLES', 'that', 'THE', 'couple', 'BOUGHT', 'at the', 'MARKET', 'were', 'RED']",assorted,The couple bought green apples?,other,n,1,1.574049253999874,005,right,female,English and Greek,24,NA,Australia,keypress
60,incongruent,"['THE', 'prince', 'that the', 'GIRL', 'helped', 'had', 'A', 'head', 'of', 'BLONDE', 'hair']",object,The prince had blonde hair?,main_clause,n,0,1.4567510939998556,005,right,female,English and Greek,24,NA,Australia,keypress
61,incongruent,"['THE', 'knight', 'that the', 'KING', 'helped', 'sent', 'A', 'gift', 'from', 'HIS', 'castle']",object,The king helped the knight?,relative_clause,y,1,5.2507459130001735,005,right,female,English and Greek,24,NA,Australia,keypress
62,incongruent,"['THE', 'cook', 'that the', 'MAID', 'hugged', 'had', 'A', 'tear', 'on', 'HER', 'cheek']",object,The maid had a son?,main_clause,n,1,1.8078882149998208,005,right,female,English and Greek,24,NA,Australia,keypress
63,other,"['The', 'BOY', 'who', 'HAD', 'a', 'BIRTHDAY', 'called', 'HIS', 'best', 'FRIEND', 'for a', 'CHAT']",assorted,The boy called his best friend?,other,y,1,1.322856227999864,005,right,female,English and Greek,24,NA,Australia,keypress
64,congruent,"['The', 'SHELF', 'that', 'BUMPED', 'the', 'PIANO', 'had some', 'DUST', 'on its', 'TOP']",subject,The piano had dust on its top?,main_clause,y,0,1.1224479509999128,005,right,female,English and Greek,24,NA,Australia,keypress
65,other,"['The', 'BIKE', 'that was', 'YELLOW', 'and', 'SHINY', 'belonged', 'TO', 'the', 'BOY', 'with the', 'HAT']",assorted,The bike was shiny?,other,y,1,0.8694768589998603,005,right,female,English and Greek,24,NA,Australia,keypress
66,other,"['The', 'BOOK', 'that the', 'LADY', 'with a', 'TATTOO', 'had', 'WRITTEN', 'was her', 'BEST', 'book', 'YET']",assorted,The lady wrote a book?,other,y,1,0.905799664000142,005,right,female,English and Greek,24,NA,Australia,keypress
67,congruent,"['The', 'BOAT', 'that the', 'yacht', 'CHASED', 'made', 'a', 'TURN', 'at', 'the', 'BOATHOUSE']",object,The boat made a turn?,main_clause,y,1,0.8219333550000556,005,right,female,English and Greek,24,NA,Australia,keypress
68,incongruent,"['THE', 'bum', 'THAT', 'scared', 'THE', 'cop', 'CROSSED THE', 'street', 'AT THE', 'light']",subject,The cop crossed the street?,main_clause,y,0,1.2869697569999516,005,right,female,English and Greek,24,NA,Australia,keypress
69,congruent,"['The', 'FRUIT', 'that the', 'cake', 'SQUASHED', 'made', 'a', 'MESS', 'in', 'the', 'BAG']",object,The fruit squashed the cake?,relative_clause,y,0,0.9865926779998516,005,right,female,English and Greek,24,NA,Australia,keypress
70,other,"['The', 'JOB', 'that was', 'GIVEN', 'was', 'DIFFERENT', 'to', 'WHAT', 'she', 'EXPECTED']",assorted,The job was as expected?,other,n,1,1.37236016199995,005,right,female,English and Greek,24,NA,Australia,keypress
71,other,"['The', 'CAT', 'chased the', 'BIRD', 'but', 'IT', 'flew', 'AWAY', 'into the', 'SUNSET']",assorted,The cat chased the bird?,other,y,1,0.9048766169999,005,right,female,English and Greek,24,NA,Australia,keypress
72,incongruent,"['THE', 'priest', 'that the', 'NUN', 'thanked', 'left', 'THE', 'church', 'in', 'A', 'hurry']",object,The nun left the church?,main_clause,n,1,1.473641576000091,005,right,female,English and Greek,24,NA,Australia,keypress
73,other,"['The', 'RING', 'that', 'WAS', 'sadly', 'LOST', 'was', 'FOUND', 'by the', 'FAT', 'and', 'VERY', 'happy', 'PRIEST']",assorted,The priest was sad?,other,n,1,1.9752294590000472,005,right,female,English and Greek,24,NA,Australia,keypress
1,other,"['The', 'DOG', 'that', 'BARKED', 'is very', 'BIG', 'and very', 'FRIENDLY', 'but', 'DOESN’T', 'like', 'CATS']",assorted,The dog is very big?,other,y,1,1.5228408259999924,006,right,male,English,28,NA,Australia,keypress
2,incongruent,"['THE', 'bum', 'that the', 'COP', 'scared', 'crossed', 'THE', 'street', 'at', 'THE', 'light']",object,The bum crossed the street?,main_clause,y,1,1.274050779999925,006,right,male,English,28,NA,Australia,keypress
3,incongruent,"['THE', 'king', 'THAT', 'pleased', 'THE', 'guest', 'POURED THE', 'wine', 'FROM THE', 'jug']",subject,The king pleased the guest?,relative_clause,y,1,1.3902164979999725,006,right,male,English,28,NA,Australia,keypress
4,incongruent,"['THE', 'cook', 'that the', 'MAID', 'hugged', 'had', 'A', 'tear', 'on', 'HER', 'cheek']",object,The cook hugged the maid?,relative_clause,n,1,2.958244972999637,006,right,male,English,28,NA,Australia,keypress
5,incongruent,"['THE', 'dad', 'THAT', 'knew', 'THE', 'chef', 'HAD A', 'son', 'WITH A', 'limp']",subject,The chef had a son?,main_clause,n,1,4.080094910999833,006,right,male,English,28,NA,Australia,keypress
6,incongruent,"['THE', 'shelf', 'that the', 'PIANO', 'bumped', 'had', 'SOME', 'dust', 'on', 'ITS', 'top']",object,The piano had dust on its top?,main_clause,n,1,2.476688931999888,006,right,male,English,28,NA,Australia,keypress
7,other,"['The', 'MAN', 'who was', 'SHORT', 'gave his', 'WIFE', 'some red', 'CANDLES', 'for her', 'BIRTHDAY']",assorted,The man was tall?,other,n,1,1.6738819790007256,006,right,male,English,28,NA,Australia,keypress
8,incongruent,"['THE', 'whale', 'THAT', 'bit', 'THE', 'shark', 'WON THE', 'fight', 'IN THE', 'end']",subject,The whale won the fight?,main_clause,y,1,2.7273867309995694,006,right,male,English,28,NA,Australia,keypress
9,incongruent,"['THE', 'guest', 'that the', 'HOST', 'kissed', 'brought', 'A', 'cake', 'to', 'THE', 'party']",object,The guest brought a cake?,main_clause,y,1,3.3780226429998947,006,right,male,English,28,NA,Australia,keypress
10,other,"['The', 'APPLES', 'that', 'THE', 'couple', 'BOUGHT', 'at the', 'MARKET', 'were', 'RED']",assorted,The couple bought some apples?,other,y,1,2.3584940829996413,006,right,male,English,28,NA,Australia,keypress
11,incongruent,"['THE', 'tradie', 'THAT', 'thanked', 'THE', 'man', 'LEFT HIS', 'wallet', 'IN THE', 'car']",subject,The man thanked the tradie?,relative_clause,n,1,1.8410134850000761,006,right,male,English,28,NA,Australia,keypress
12,congruent,"['The', 'TRUCK', 'that', 'BUMPED', 'the', 'CAR', 'had a', 'MAN', 'at the', 'WHEEL']",subject,The truck had a man at the wheel?,main_clause,y,1,3.208873030999712,006,right,male,English,28,NA,Australia,keypress
13,other,"['The', 'CONCERT', 'started', 'LATER', 'than', 'WHAT', 'the', 'LADY', 'told the', 'TRAVELER']",assorted,The concert started early?,other,n,1,2.1419347159999234,006,right,male,English,28,NA,Australia,keypress
14,incongruent,"['THE', 'hat', 'THAT', 'matched', 'THE', 'skirt', 'HAD A', 'bow', 'IN THE', 'back']",subject,The hat had a bow?,main_clause,y,1,3.99771587899977,006,right,male,English,28,NA,Australia,keypress
15,congruent,"['The', 'DEAN', 'that the', 'guard', 'HEARD', 'made', 'a', 'CALL', 'about', 'the', 'MATTER']",object,The dean heard the guard?,relative_clause,n,1,2.7107171269999526,006,right,male,English,28,NA,Australia,keypress
16,other,"['The', 'MAN', 'was very', 'HUNGRY', 'after the', 'MEETING', 'so', 'HAD', 'lunch', 'EARLY']",assorted,The man was hungry?,other,y,1,1.7744290780001393,006,right,male,English,28,NA,Australia,keypress
17,incongruent,"['THE', 'thief', 'that the', 'GUARD', 'saw', 'had', 'A', 'gun', 'in', 'HIS', 'holster']",object,The guard saw the thief?,relative_clause,y,1,2.4922066500002984,006,right,male,English,28,NA,Australia,keypress
18,other,"['The', 'BOOK', 'that the', 'LADY', 'with a', 'TATTOO', 'had', 'WRITTEN', 'was her', 'BEST', 'book', 'YET']",assorted,The man wrote a book?,other,n,1,1.3897059060000174,006,right,male,English,28,NA,Australia,keypress
19,incongruent,"['THE', 'knight', 'THAT', 'helped', 'THE', 'king', 'SENT A', 'gift', 'FROM HIS', 'castle']",subject,The knight helped the king?,relative_clause,y,1,2.1088893079995614,006,right,male,English,28,NA,Australia,keypress
20,congruent,"['The', 'KID', 'that', 'FOLLOWED', 'the', 'DAD', 'had some', 'MUD', 'on his', 'SHOES']",subject,The dad followed the kid?,relative_clause,n,1,1.3229574309998495,006,right,male,English,28,NA,Australia,keypress
21,other,"['The', 'WINE', 'that was', 'FANCY', 'was', 'KEPT', 'in the', 'CELLAR', 'for', 'NEARLY', 'ten', 'YEARS', 'and five', 'MONTHS']",assorted,The wine was fancy?,other,y,1,2.1081084580000606,006,right,male,English,28,NA,Australia,keypress
22,congruent,"['The', 'BOY', 'that', 'HELPED', 'the', 'GIRL', 'got an', 'A', 'on the', 'TEST']",subject,The boy helped the girl?,relative_clause,y,1,1.456585281000116,006,right,male,English,28,NA,Australia,keypress
23,other,"['The', 'PIANO', 'was well', 'PLAYED', 'by', 'THE', 'old', 'LADY', 'but', 'IT', 'was', 'NOT', 'in', 'TUNE']",assorted,The piano was well played?,other,y,1,1.0539229240002896,006,right,male,English,28,NA,Australia,keypress
24,congruent,"['The', 'NUN', 'that', 'BLESSED', 'the', 'MONK', 'lit a', 'CANDLE', 'on the', 'TABLE']",subject,The monk blessed the nun?,relative_clause,n,1,2.7279037099997367,006,right,male,English,28,NA,Australia,keypress
25,congruent,"['The', 'DANCER', 'that', 'LIKED', 'the', 'GUY', 'was a', 'CHEF', 'in the', 'CITY']",subject,The dancer liked the guy?,relative_clause,y,1,3.1610829399996874,006,right,male,English,28,NA,Australia,keypress
26,other,"['The', 'RING', 'that', 'WAS', 'sadly', 'LOST', 'was', 'FOUND', 'by the', 'FAT', 'and', 'VERY', 'happy', 'PRIEST']",assorted,The priest was sad?,other,n,1,2.5926989850004247,006,right,male,English,28,NA,Australia,keypress
27,other,"['The', 'BIKE', 'that was', 'YELLOW', 'and', 'SHINY', 'belonged', 'TO', 'the', 'BOY', 'with the', 'HAT']",assorted,The bike was shiny?,other,y,1,1.3901976380002452,006,right,male,English,28,NA,Australia,keypress
28,other,"['The', 'FISH', 'was', 'CAUGHT', 'by the', 'GIRL', 'on the', 'BOAT', 'on a', 'FRIDAY']",assorted,The fish was caught by the boy?,other,n,1,1.4226398540004084,006,right,male,English,28,NA,Australia,keypress
29,congruent,"['The', 'DESK', 'that the', 'bed', 'SCRATCHED', 'was', 'too', 'OLD', 'to', 'be', 'MOVED']",object,The bed scratched the desk?,relative_clause,n,0,2.7587437299998783,006,right,male,English,28,NA,Australia,keypress
30,congruent,"['The', 'SAILOR', 'that the', 'banker', 'PUSHED', 'hurt', 'his', 'FOOT', 'in', 'the', 'BRAWL']",object,The banker hurt his foot?,main_clause,n,1,2.861490293000315,006,right,male,English,28,NA,Australia,keypress
31,congruent,"['The', 'ROD', 'that the', 'pipe', 'BENT', 'had', 'a', 'HOLE', 'in', 'the', 'MIDDLE']",object,The rod bent the pipe?,relative_clause,y,0,2.6254803179999726,006,right,male,English,28,NA,Australia,keypress
32,incongruent,"['THE', 'prince', 'THAT', 'helped', 'THE', 'girl', 'HAD A', 'head', 'OF BLONDE', 'hair']",subject,The prince had blonde hair?,main_clause,y,1,2.042488439999943,006,right,male,English,28,NA,Australia,keypress
33,other,"['The', 'CAR', 'that was', 'NEW', 'had', 'JUST', 'been', 'CLEANED', 'by', 'THE', 'old', 'LADY']",assorted,The car was new?,other,y,1,1.3400232600006348,006,right,male,English,28,NA,Australia,keypress
34,other,"['The', 'CUP', 'was', 'MADE', 'from green', 'PLASTIC', 'and was', 'FILLED', 'with', 'JUICE']",assorted,The cup was full of green juice?,other,n,1,1.7576820859994768,006,right,male,English,28,NA,Australia,keypress
35,incongruent,"['THE', 'count', 'THAT', 'knew', 'THE', 'queen', 'OWNED A', 'castle', 'BY THE', 'lake']",subject,The count knew the queen?,relative_clause,y,1,1.3901281720000045,006,right,male,English,28,NA,Australia,keypress
36,other,"['The', 'GIRL', 'kicked the', 'BALL', 'into the', 'WINDOW', 'but it', 'DID', 'not', 'BREAK']",assorted,The girl broke the window?,other,n,1,3.144341234999956,006,right,male,English,28,NA,Australia,keypress
37,congruent,"['The', 'BOAT', 'that', 'CHASED', 'the', 'YACHT', 'made a', 'TURN', 'at the', 'BOATHOUSE']",subject,The boat made a turn?,main_clause,y,1,1.0551913690005676,006,right,male,English,28,NA,Australia,keypress
38,incongruent,"['THE', 'maid', 'THAT', 'loved', 'THE', 'chef', 'QUIT THE', 'job', 'AT THE', 'house']",subject,The chef quit the job?,main_clause,n,1,1.5240531910003483,006,right,male,English,28,NA,Australia,keypress
39,other,"['The', 'DESK', 'was', 'NEW', 'but', 'DUSTY', 'and', 'COVERED', 'with old', 'BOOKS']",assorted,The desk was new?,other,y,1,1.3738353839999036,006,right,male,English,28,NA,Australia,keypress
40,other,"['The', 'DESSERT', 'was', 'SERVED', 'with', 'CUSTARD', 'and', 'FRUIT', 'then', 'THERE', 'was', 'COFFEE']",assorted,The coffee was after dessert?,other,y,1,2.1922773320002307,006,right,male,English,28,NA,Australia,keypress
41,congruent,"['The', 'FOX', 'that the', 'wolf', 'CHASED', 'hurt', 'its', 'PAWS', 'on', 'the', 'WAY']",object,The fox chased the wolf?,relative_clause,n,1,3.261318451999614,006,right,male,English,28,NA,Australia,keypress
42,incongruent,"['THE', 'man', 'that the', 'NURSE', 'phoned', 'left', 'HIS', 'pills', 'at', 'THE', 'office']",object,The nurse phoned the man?,relative_clause,y,1,2.20842490799987,006,right,male,English,28,NA,Australia,keypress
43,congruent,"['The', 'GIRL', 'that the', 'nerd', 'THANKED', 'broke', 'the', 'VASE', 'with', 'the', 'FLOWERS']",object,The nerd pushed the girl?,relative_clause,n,0,1.9744786740002385,006,right,male,English,28,NA,Australia,keypress
44,congruent,"['The', 'CLERK', 'that the', 'boss', 'LIKED', 'had', 'a', 'DESK', 'by', 'the', 'WINDOW']",object,The clerk had a desk by the window?,main_clause,n,0,3.162126348000129,006,right,male,English,28,NA,Australia,keypress
45,incongruent,"['THE', 'fruit', 'that the', 'CAKE', 'squashed', 'made', 'A', 'mess', 'in', 'THE', 'bag']",object,The cake made a mess?,main_clause,n,1,2.3089359189998504,006,right,male,English,28,NA,Australia,keypress
46,congruent,"['The', 'BUG', 'that the', 'ant', 'ATTACKED', 'was', 'as', 'BIG', 'as', 'a', 'COIN']",object,The ant attacked the bug?,relative_clause,n,0,2.676840373000232,006,right,male,English,28,NA,Australia,keypress
47,incongruent,"['THE', 'friend', 'THAT', 'teased', 'THE', 'bride', 'TOLD A', 'joke', 'ABOUT THE', 'past']",subject,The bride teased the friend?,relative_clause,n,1,3.610433288999957,006,right,male,English,28,NA,Australia,keypress
48,incongruent,"['THE', 'boss', 'that the', 'CLERK', 'mocked', 'had', 'A', 'crush', 'on', 'THE', 'intern']",object,The boss mocked the clerk?,relative_clause,n,1,2.626945601999978,006,right,male,English,28,NA,Australia,keypress
49,other,"['The', 'COLOUR', 'of the', 'HOUSE', 'was', 'BRIGHTER', 'than the', 'MEN', 'who travelled', 'EXPECTED']",assorted,The men were colourfully dressed?,other,n,1,2.4602453099996637,006,right,male,English,28,NA,Australia,keypress
50,incongruent,"['THE', 'guy', 'that the', 'JUDGE', 'thanked', 'left', 'THE', 'room', 'with', 'A', 'smile']",object,The judge thanked the guy?,relative_clause,y,1,1.105987482999808,006,right,male,English,28,NA,Australia,keypress
51,other,"['The', 'BOSS', 'was', 'HAPPY', 'to', 'SEE', 'the', 'WORK', 'that', 'THE', 'two', 'GIRLS', 'had', 'DONE']",assorted,The girls were happy?,other,n,1,1.45655317299952,006,right,male,English,28,NA,Australia,keypress
52,other,"['The', 'HAT', 'that was', 'WORN', 'by the', 'BOY', 'with a', 'JACKET', 'was too', 'SMALL', 'for the', 'MAN']",assorted,The jacket was too small?,other,y,0,1.2866836809998858,006,right,male,English,28,NA,Australia,keypress
53,other,"['The', 'GIRL', 'and the', 'BOY', 'that', 'OWNED', 'the', 'HORSE', 'had', 'MUD', 'on their', 'CLOTHES']",assorted,The horse was muddy?,other,n,1,1.122383124999942,006,right,male,English,28,NA,Australia,keypress
54,congruent,"['The', 'CAT', 'that', 'FOUGHT', 'the', 'DOG', 'licked its', 'WOUNDS', 'in the', 'CORNER']",subject,The dog fought the cat?,relative_clause,y,0,1.5738356950005254,006,right,male,English,28,NA,Australia,keypress
55,incongruent,"['THE', 'owl', 'that the', 'BAT', 'scared', 'made', 'A', 'loop', 'in', 'THE', 'air']",object,The bat made a loop?,main_clause,n,1,1.824939969999832,006,right,male,English,28,NA,Australia,keypress
56,other,"['The', 'BOX', 'was', 'MADE', 'from', 'WOOD', 'and was', 'FULL', 'of', 'THINGS', 'that', 'SHINED']",assorted,The box was full of things?,other,y,1,1.6206765070000984,006,right,male,English,28,NA,Australia,keypress
57,incongruent,"['THE', 'nurse', 'THAT', 'blamed', 'THE', 'coach', 'CHECKED THE', 'file', 'OF THE', 'gymnast']",subject,The coach checked the file?,main_clause,n,1,2.2926132580005287,006,right,male,English,28,NA,Australia,keypress
58,other,"['The', 'GIRL', 'on', 'THE', 'school', 'TRIP', 'saw a', 'FROG', 'and', 'LATER', 'she', 'SAW', 'a', 'MOUSE']",assorted,The girl saw a mouse first?,other,n,1,1.4238643440003216,006,right,male,English,28,NA,Australia,keypress
59,congruent,"['The', 'COP', 'that the', 'spy', 'MET', 'wrote', 'a', 'BOOK', 'about', 'the', 'CASE']",object,The cop wrote a book?,main_clause,y,1,3.0757269149999047,006,right,male,English,28,NA,Australia,keypress
60,congruent,"['The', 'THUG', 'that', 'SAW', 'the', 'MAN', 'had a', 'HAT', 'on his', 'HEAD']",subject,The man had a hat on his head?,main_clause,n,1,2.9417899879999823,006,right,male,English,28,NA,Australia,keypress
61,other,"['The', 'CAT', 'chased the', 'BIRD', 'but', 'IT', 'flew', 'AWAY', 'into the', 'SUNSET']",assorted,The cat chased the bird?,other,y,1,1.6073512499997378,006,right,male,English,28,NA,Australia,keypress
62,congruent,"['The', 'DEAN', 'that the', 'boy', 'CALLED', 'had', 'a', 'VOICE', 'full', 'of', 'ANGER']",object,The boy had a voice full of anger?,main_clause,n,1,2.241638678000527,006,right,male,English,28,NA,Australia,keypress
63,congruent,"['The', 'NIECE', 'that', 'KISSED', 'the', 'AUNT', 'sang a', 'SONG', 'for the', 'GUESTS']",subject,The aunt sang a song?,main_clause,n,1,2.492828542999632,006,right,male,English,28,NA,Australia,keypress
64,other,"['The', 'BOY', 'who', 'HAD', 'a', 'BIRTHDAY', 'called', 'HIS', 'best', 'FRIEND', 'for a', 'CHAT']",assorted,The boy called his best friend?,other,y,1,1.8724979990001884,006,right,male,English,28,NA,Australia,keypress
65,incongruent,"['THE', 'groom', 'that the', 'AUNT', 'charmed', 'raised', 'A', 'toast', 'to', 'THE', 'parents']",object,The groom charmed the aunt?,relative_clause,n,1,2.709571895999943,006,right,male,English,28,NA,Australia,keypress
66,incongruent,"['THE', 'chief', 'THAT', 'thanked', 'THE', 'girl', 'WAS TOO', 'late', 'FOR THE', 'bus']",subject,The girl thanked the chief?,relative_clause,n,1,1.8574357190000228,006,right,male,English,28,NA,Australia,keypress
67,congruent,"['The', 'PRIEST', 'that the', 'nun', 'THANKED', 'left', 'the', 'CHURCH', 'in', 'a', 'HURRY']",object,The priest left the church?,main_clause,y,1,4.264598747000491,006,right,male,English,28,NA,Australia,keypress
68,incongruent,"['THE', 'priest', 'that the', 'COOK', 'paid', 'signed', 'THE', 'check', 'at', 'THE', 'bank']",object,The priest signed the check?,main_clause,y,1,3.3287483430003704,006,right,male,English,28,NA,Australia,keypress
69,congruent,"['The', 'CAR', 'that the', 'truck', 'PULLED', 'had', 'a', 'SCRATCH', 'on', 'the', 'DOOR']",object,The truck had a scratch?,main_clause,n,1,3.2616905599998063,006,right,male,English,28,NA,Australia,keypress
70,congruent,"['The', 'SCOUT', 'that', 'PUNCHED', 'the', 'COACH', 'had a', 'FIGHT', 'with a', 'MANAGER']",subject,The scout punched the coach?,relative_clause,y,1,3.528564374999405,006,right,male,English,28,NA,Australia,keypress
71,congruent,"['The', 'CROOK', 'that', 'WARNED', 'the', 'THIEF', 'fled the', 'TOWN', 'the next', 'MORNING']",subject,The crook fled the town?,main_clause,y,1,3.4090023469998414,006,right,male,English,28,NA,Australia,keypress
72,congruent,"['The', 'BLOKE', 'that', 'HELPED', 'the', 'MUM', 'gave a', 'GIFT', 'to say', 'THANKS']",subject,The mum gave a gift?,main_clause,n,1,1.6743400360001033,006,right,male,English,28,NA,Australia,keypress
73,other,"['The', 'JOB', 'that was', 'GIVEN', 'was', 'DIFFERENT', 'to', 'WHAT', 'she', 'EXPECTED']",assorted,The job was as expected?,other,n,1,1.757010930999968,006,right,male,English,28,NA,Australia,keypress
1,incongruent,"['THE', 'nun', 'that the', 'MONK', 'blessed', 'lit', 'A', 'candle', 'on', 'THE', 'table']",object,The nun lit a candle?,main_clause,y,1,1.2238600940036122,007,left,female,English,24,NA,Australia,keypress
2,congruent,"['The', 'TRADIE', 'that', 'THANKED', 'the', 'MAN', 'left his', 'WALLET', 'in the', 'CAR']",subject,The man thanked the tradie?,relative_clause,n,1,2.107988216012018,007,left,female,English,24,NA,Australia,keypress
3,congruent,"['The', 'GROOM', 'that', 'CHARMED', 'the', 'AUNT', 'raised a', 'TOAST', 'to the', 'PARENTS']",subject,The groom raised a toast?,main_clause,y,1,1.4904462499835065,007,left,female,English,24,NA,Australia,keypress
4,incongruent,"['THE', 'count', 'THAT', 'knew', 'THE', 'queen', 'OWNED A', 'castle', 'BY THE', 'lake']",subject,The queen knew the count?,relative_clause,n,1,2.9280200770008378,007,left,female,English,24,NA,Australia,keypress
5,congruent,"['The', 'BLOKE', 'that', 'HELPED', 'the', 'MUM', 'gave a', 'GIFT', 'to say', 'THANKS']",subject,The mum gave a gift?,main_clause,n,1,2.9779271979932673,007,left,female,English,24,NA,Australia,keypress
6,congruent,"['The', 'PRINCE', 'that', 'HELPED', 'the', 'GIRL', 'had a', 'HEAD', 'of blonde', 'HAIR']",subject,The prince had blonde hair?,main_clause,y,1,2.9605660649831407,007,left,female,English,24,NA,Australia,keypress
7,other,"['The', 'CONCERT', 'started', 'LATER', 'than', 'WHAT', 'the', 'LADY', 'told the', 'TRAVELER']",assorted,The concert started early?,other,n,1,2.509891887981212,007,left,female,English,24,NA,Australia,keypress
8,congruent,"['The', 'BUG', 'that the', 'ant', 'ATTACKED', 'was', 'as', 'BIG', 'as', 'a', 'COIN']",object,The bug was as big as a coin?,main_clause,y,1,1.4073690230143256,007,left,female,English,24,NA,Australia,keypress
9,incongruent,"['THE', 'priest', 'that the', 'NUN', 'thanked', 'left', 'THE', 'church', 'in', 'A', 'hurry']",object,The nun thanked the priest?,relative_clause,y,1,4.080624596012058,007,left,female,English,24,NA,Australia,keypress
10,incongruent,"['THE', 'shelf', 'that the', 'PIANO', 'bumped', 'had', 'SOME', 'dust', 'on', 'ITS', 'top']",object,The piano bumped the shelf?,relative_clause,n,0,1.9253162980021443,007,left,female,English,24,NA,Australia,keypress
11,congruent,"['The', 'KID', 'that', 'FOLLOWED', 'the', 'DAD', 'had some', 'MUD', 'on his', 'SHOES']",subject,The kid followed the dad?,relative_clause,y,1,1.3068911230075173,007,left,female,English,24,NA,Australia,keypress
12,other,"['The', 'RING', 'that', 'WAS', 'sadly', 'LOST', 'was', 'FOUND', 'by the', 'FAT', 'and', 'VERY', 'happy', 'PRIEST']",assorted,The priest found the ring?,other,y,1,2.306255945994053,007,left,female,English,24,NA,Australia,keypress
13,other,"['The', 'MAN', 'was very', 'HUNGRY', 'after the', 'MEETING', 'so', 'HAD', 'lunch', 'EARLY']",assorted,The man was hungry?,other,y,1,1.406887889985228,007,left,female,English,24,NA,Australia,keypress
14,other,"['The', 'GIRL', 'and the', 'BOY', 'that', 'OWNED', 'the', 'HORSE', 'had', 'MUD', 'on their', 'CLOTHES']",assorted,The horse was muddy?,other,n,1,1.5909048279863782,007,left,female,English,24,NA,Australia,keypress
15,other,"['The', 'COLOUR', 'of the', 'HOUSE', 'was', 'BRIGHTER', 'than the', 'MEN', 'who travelled', 'EXPECTED']",assorted,The men were colourfully dressed?,other,n,1,2.0226759659999516,007,left,female,English,24,NA,Australia,keypress
16,congruent,"['The', 'ROD', 'that', 'BENT', 'the', 'PIPE', 'had a', 'HOLE', 'in the', 'MIDDLE']",subject,The pipe had a hole?,main_clause,n,1,3.1121096439892426,007,left,female,English,24,NA,Australia,keypress
17,congruent,"['The', 'MAID', 'that the', 'chef', 'LOVED', 'quit', 'the', 'JOB', 'at', 'the', 'HOUSE']",object,The chef quit the job?,main_clause,n,1,1.8409253130084835,007,left,female,English,24,NA,Australia,keypress
18,congruent,"['The', 'HAT', 'that the', 'skirt', 'MATCHED', 'had', 'a', 'BOW', 'in', 'the', 'BACK']",object,The skirt matched the hat?,relative_clause,y,1,3.0613104320073035,007,left,female,English,24,NA,Australia,keypress
19,congruent,"['The', 'CHIEF', 'that', 'THANKED', 'the', 'GIRL', 'was too', 'LATE', 'for the', 'BUS']",subject,The girl was too late?,main_clause,n,1,1.9393581800104585,007,left,female,English,24,NA,Australia,keypress
20,incongruent,"['THE', 'friend', 'that the', 'BRIDE', 'teased', 'told', 'A', 'joke', 'about', 'THE', 'past']",object,The bride told a joke?,main_clause,d,0,5.149929888983024,007,left,female,English,24,NA,Australia,keypress
21,other,"['The', 'JOB', 'that was', 'GIVEN', 'was', 'DIFFERENT', 'to', 'WHAT', 'she', 'EXPECTED']",assorted,The job was unexpected?,other,n,0,2.341833073005546,007,left,female,English,24,NA,Australia,keypress
22,congruent,"['The', 'BOAT', 'that the', 'yacht', 'CHASED', 'made', 'a', 'TURN', 'at', 'the', 'BOATHOUSE']",object,The yacht chased the boat?,relative_clause,y,1,3.59562129699043,007,left,female,English,24,NA,Australia,keypress
23,other,"['The', 'DOG', 'that', 'BARKED', 'is very', 'BIG', 'and very', 'FRIENDLY', 'but', 'DOESN’T', 'like', 'CATS']",assorted,The dog is very fluffy?,other,n,1,1.3734919179987628,007,left,female,English,24,NA,Australia,keypress
24,other,"['The', 'DESK', 'was', 'NEW', 'but', 'DUSTY', 'and', 'COVERED', 'with old', 'BOOKS']",assorted,The desk was old?,other,n,1,2.4598738430067897,007,left,female,English,24,NA,Australia,keypress
25,incongruent,"['THE', 'truck', 'that the', 'CAR', 'bumped', 'had', 'A', 'man', 'at', 'THE', 'wheel']",object,The truck bumped the car?,relative_clause,n,1,3.7787475930235814,007,left,female,English,24,NA,Australia,keypress
26,congruent,"['The', 'BOSS', 'that the', 'clerk', 'MOCKED', 'had', 'a', 'CRUSH', 'on', 'the', 'INTERN']",object,The boss mocked the clerk?,relative_clause,n,1,4.381677363999188,007,left,female,English,24,NA,Australia,keypress
27,other,"['The', 'GIRL', 'kicked the', 'BALL', 'into the', 'WINDOW', 'but it', 'DID', 'not', 'BREAK']",assorted,The girl broke the window?,other,n,1,1.7072912869916763,007,left,female,English,24,NA,Australia,keypress
28,other,"['The', 'BOY', 'who', 'HAD', 'a', 'BIRTHDAY', 'called', 'HIS', 'best', 'FRIEND', 'for a', 'CHAT']",assorted,The friend called the boy?,other,n,1,3.828924792003818,007,left,female,English,24,NA,Australia,keypress
29,incongruent,"['THE', 'dad', 'THAT', 'knew', 'THE', 'chef', 'HAD A', 'son', 'WITH A', 'limp']",subject,The chef had a son?,main_clause,n,1,1.3392053249990568,007,left,female,English,24,NA,Australia,keypress
30,congruent,"['The', 'KING', 'that the', 'guest', 'PLEASED', 'poured', 'the', 'WINE', 'from', 'the', 'JUG']",object,The guest poured the wine?,main_clause,n,1,2.106260258995462,007,left,female,English,24,NA,Australia,keypress
31,incongruent,"['THE', 'girl', 'THAT', 'pushed', 'THE', 'nerd', 'BROKE THE', 'vase', 'WITH THE', 'flowers']",subject,The girl broke the vase?,main_clause,n,0,3.659679561998928,007,left,female,English,24,NA,Australia,keypress
32,other,"['The', 'BOOK', 'that the', 'LADY', 'with a', 'TATTOO', 'had', 'WRITTEN', 'was her', 'BEST', 'book', 'YET']",assorted,The man wrote a book?,other,n,1,1.1388582960062197,007,left,female,English,24,NA,Australia,keypress
33,other,"['The', 'CAT', 'chased the', 'BIRD', 'but', 'IT', 'flew', 'AWAY', 'into the', 'SUNSET']",assorted,The cat caught the bird?,other,n,1,1.0388382349919991,007,left,female,English,24,NA,Australia,keypress
34,congruent,"['The', 'GUY', 'that the', 'judge', 'THANKED', 'left', 'the', 'ROOM', 'with', 'a', 'SMILE']",object,The guy thanked the judge?,relative_clause,y,0,1.588228862994583,007,left,female,English,24,NA,Australia,keypress
35,congruent,"['The', 'NIECE', 'that', 'KISSED', 'the', 'AUNT', 'sang a', 'SONG', 'for the', 'GUESTS']",subject,The niece sang a song?,main_clause,y,1,0.8887571450031828,007,left,female,English,24,NA,Australia,keypress
36,congruent,"['The', 'CAR', 'that the', 'truck', 'PULLED', 'had', 'a', 'SCRATCH', 'on', 'the', 'DOOR']",object,The car pulled the truck?,relative_clause,n,1,2.1753543950035237,007,left,female,English,24,NA,Australia,keypress
37,congruent,"['The', 'CLERK', 'that the', 'boss', 'LIKED', 'had', 'a', 'DESK', 'by', 'the', 'WINDOW']",object,The clerk had a desk by the window?,main_clause,y,1,3.144570469012251,007,left,female,English,24,NA,Australia,keypress
38,other,"['The', 'CAR', 'that was', 'NEW', 'had', 'JUST', 'been', 'CLEANED', 'by', 'THE', 'old', 'LADY']",assorted,The car was old?,other,n,1,2.8274020270037,007,left,female,English,24,NA,Australia,keypress
39,other,"['The', 'WINE', 'that was', 'FANCY', 'was', 'KEPT', 'in the', 'CELLAR', 'for', 'NEARLY', 'ten', 'YEARS', 'and five', 'MONTHS']",assorted,The wine was fancy?,other,y,1,0.9188867369957734,007,left,female,English,24,NA,Australia,keypress
40,other,"['The', 'BOSS', 'was', 'HAPPY', 'to', 'SEE', 'the', 'WORK', 'that', 'THE', 'two', 'GIRLS', 'had', 'DONE']",assorted,The boss was happy?,other,y,1,0.7894385429972317,007,left,female,English,24,NA,Australia,keypress
41,other,"['The', 'PIANO', 'was well', 'PLAYED', 'by', 'THE', 'old', 'LADY', 'but', 'IT', 'was', 'NOT', 'in', 'TUNE']",assorted,The piano was well played?,other,n,0,3.8141304820019286,007,left,female,English,24,NA,Australia,keypress
42,incongruent,"['THE', 'sailor', 'THAT', 'pushed', 'THE', 'banker', 'HURT HIS', 'foot', 'IN THE', 'brawl']",subject,The sailor pushed the banker?,relative_clause,y,1,1.256867689982755,007,left,female,English,24,NA,Australia,keypress
43,other,"['The', 'BOX', 'was', 'MADE', 'from', 'WOOD', 'and was', 'FULL', 'of', 'THINGS', 'that', 'SHINED']",assorted,The box was full of things?,other,y,1,1.5543874590075577,007,left,female,English,24,NA,Australia,keypress
44,incongruent,"['THE', 'crook', 'THAT', 'warned', 'THE', 'thief', 'FLED THE', 'town', 'THE NEXT', 'morning']",subject,The thief warned the crook?,relative_clause,n,1,3.379124972008867,007,left,female,English,24,NA,Australia,keypress
45,congruent,"['The', 'DEAN', 'that the', 'boy', 'CALLED', 'had', 'a', 'VOICE', 'full', 'of', 'ANGER']",object,The boy had a voice full of anger?,main_clause,n,1,1.1227342280035373,007,left,female,English,24,NA,Australia,keypress
46,incongruent,"['THE', 'scout', 'THAT', 'punched', 'THE', 'coach', 'HAD A', 'fight', 'WITH A', 'manager']",subject,The coach had a fight?,main_clause,n,1,1.975002849008888,007,left,female,English,24,NA,Australia,keypress
47,other,"['The', 'FISH', 'was', 'CAUGHT', 'by the', 'GIRL', 'on the', 'BOAT', 'on a', 'FRIDAY']",assorted,The fish was caught by the girl?,other,y,1,1.5237864590017125,007,left,female,English,24,NA,Australia,keypress
48,congruent,"['The', 'DANCER', 'that the', 'guy', 'LIKED', 'was', 'a', 'CHEF', 'in', 'the', 'CITY']",object,The dancer was a chef?,main_clause,y,1,1.306142515008105,007,left,female,English,24,NA,Australia,keypress
49,incongruent,"['THE', 'desk', 'that the', 'BED', 'scratched', 'was', 'TOO', 'old', 'to', 'BE', 'moved']",object,The desk scratched the bed?,relative_clause,y,0,1.139232308982173,007,left,female,English,24,NA,Australia,keypress
50,other,"['The', 'CUP', 'was', 'MADE', 'from green', 'PLASTIC', 'and was', 'FILLED', 'with', 'JUICE']",assorted,The cup was full of green juice?,other,y,0,3.7963868049846496,007,left,female,English,24,NA,Australia,keypress
51,congruent,"['The', 'BUM', 'that', 'SCARED', 'the', 'COP', 'crossed the', 'STREET', 'at the', 'LIGHT']",subject,The bum scared the cop?,relative_clause,y,1,1.3907401369942818,007,left,female,English,24,NA,Australia,keypress
52,incongruent,"['THE', 'dean', 'THAT', 'heard', 'THE', 'guard', 'MADE A', 'call', 'ABOUT THE', 'matter']",subject,The guard heard the dean?,relative_clause,n,1,3.0105031580023933,007,left,female,English,24,NA,Australia,keypress
53,incongruent,"['THE', 'owl', 'that the', 'BAT', 'scared', 'made', 'A', 'loop', 'in', 'THE', 'air']",object,The owl made a loop?,main_clause,y,1,1.9912625450233463,007,left,female,English,24,NA,Australia,keypress
54,other,"['The', 'BIKE', 'that was', 'YELLOW', 'and', 'SHINY', 'belonged', 'TO', 'the', 'BOY', 'with the', 'HAT']",assorted,The bike was shiny?,other,y,1,1.2896656169905327,007,left,female,English,24,NA,Australia,keypress
55,incongruent,"['THE', 'whale', 'that the', 'SHARK', 'bit', 'won', 'THE', 'fight', 'in', 'THE', 'end']",object,The shark bit the whale?,relative_clause,y,1,3.913263099006144,007,left,female,English,24,NA,Australia,keypress
56,incongruent,"['THE', 'knight', 'that the', 'KING', 'helped', 'sent', 'A', 'gift', 'from', 'HIS', 'castle']",object,The king sent a gift?,main_clause,n,1,2.9942526030063163,007,left,female,English,24,NA,Australia,keypress
57,incongruent,"['THE', 'thief', 'that the', 'GUARD', 'saw', 'had', 'A', 'gun', 'in', 'HIS', 'holster']",object,The thief saw the guard?,relative_clause,y,0,1.257043570978567,007,left,female,English,24,NA,Australia,keypress
58,congruent,"['The', 'BOY', 'that', 'HELPED', 'the', 'GIRL', 'got an', 'A', 'on the', 'TEST']",subject,The girl helped the boy?,relative_clause,n,1,3.2113100980059244,007,left,female,English,24,NA,Australia,keypress
59,congruent,"['The', 'COP', 'that', 'MET', 'the', 'SPY', 'wrote a', 'BOOK', 'about the', 'CASE']",subject,The cop met the spy?,relative_clause,y,1,1.3563298200024292,007,left,female,English,24,NA,Australia,keypress
60,other,"['The', 'DESSERT', 'was', 'SERVED', 'with', 'CUSTARD', 'and', 'FRUIT', 'then', 'THERE', 'was', 'COFFEE']",assorted,The coffee was after dessert?,other,y,1,2.2582860569818877,007,left,female,English,24,NA,Australia,keypress
61,other,"['The', 'HAT', 'that was', 'WORN', 'by the', 'BOY', 'with a', 'JACKET', 'was too', 'SMALL', 'for the', 'MAN']",assorted,The jacket was too small?,other,n,1,2.4087945710052736,007,left,female,English,24,NA,Australia,keypress
62,congruent,"['The', 'FRUIT', 'that the', 'cake', 'SQUASHED', 'made', 'a', 'MESS', 'in', 'the', 'BAG']",object,The cake squashed the fruit?,relative_clause,n,0,3.1949032889970113,007,left,female,English,24,NA,Australia,keypress
63,other,"['The', 'MAN', 'who was', 'SHORT', 'gave his', 'WIFE', 'some red', 'CANDLES', 'for her', 'BIRTHDAY']",assorted,The man was short?,other,y,1,1.2062470800010487,007,left,female,English,24,NA,Australia,keypress
64,congruent,"['The', 'COOK', 'that', 'HUGGED', 'the', 'MAID', 'had a', 'TEAR', 'on her', 'CHEEK']",subject,The maid hugged the cook?,relative_clause,n,1,3.5448111849837005,007,left,female,English,24,NA,Australia,keypress
65,incongruent,"['THE', 'guest', 'that the', 'HOST', 'kissed', 'brought', 'A', 'cake', 'to', 'THE', 'party']",object,The guest brought a cake?,main_clause,y,1,5.150579523004126,007,left,female,English,24,NA,Australia,keypress
66,incongruent,"['THE', 'thug', 'THAT', 'saw', 'THE', 'man', 'HAD A', 'hat', 'ON HIS', 'head']",subject,The man had a hat on his head?,main_clause,n,1,1.7075871309789363,007,left,female,English,24,NA,Australia,keypress
67,incongruent,"['THE', 'nurse', 'THAT', 'blamed', 'THE', 'coach', 'CHECKED THE', 'file', 'OF THE', 'gymnast']",subject,The nurse blamed the coach?,relative_clause,y,1,1.5745920769986697,007,left,female,English,24,NA,Australia,keypress
68,other,"['The', 'APPLES', 'that', 'THE', 'couple', 'BOUGHT', 'at the', 'MARKET', 'were', 'RED']",assorted,The couple bought some apples?,other,y,1,1.2390118679904845,007,left,female,English,24,NA,Australia,keypress
69,incongruent,"['THE', 'cat', 'THAT', 'fought', 'THE', 'dog', 'LICKED ITS', 'wounds', 'IN THE', 'corner']",subject,The cat licked its wounds?,main_clause,y,1,0.7388709219812881,007,left,female,English,24,NA,Australia,keypress
70,incongruent,"['THE', 'man', 'that the', 'NURSE', 'phoned', 'left', 'HIS', 'pills', 'at', 'THE', 'office']",object,The nurse left the pills?,main_clause,n,1,1.1203186549828388,007,left,female,English,24,NA,Australia,keypress
71,other,"['The', 'GIRL', 'on', 'THE', 'school', 'TRIP', 'saw a', 'FROG', 'and', 'LATER', 'she', 'SAW', 'a', 'MOUSE']",assorted,The girl saw a frog?,other,y,1,0.9225725620053709,007,left,female,English,24,NA,Australia,keypress
72,incongruent,"['THE', 'fox', 'THAT', 'chased', 'THE', 'wolf', 'HURT ITS', 'paws', 'ON THE', 'way']",subject,The fox hurt its paws?,main_clause,y,1,1.5403313639981209,007,left,female,English,24,NA,Australia,keypress
73,incongruent,"['THE', 'priest', 'THAT', 'paid', 'THE', 'cook', 'SIGNED THE', 'check', 'AT THE', 'bank']",subject,The priest paid the cook?,relative_clause,y,1,1.7407295090088155,007,left,female,English,24,NA,Australia,keypress
1,other,"['The', 'WINE', 'that was', 'FANCY', 'was', 'KEPT', 'in the', 'CELLAR', 'for', 'NEARLY', 'ten', 'YEARS', 'and five', 'MONTHS']",assorted,The wine was bad?,other,n,1,4.364048641000409,008,right,male,English,27,NA,Australia,keypress
2,other,"['The', 'CAR', 'that was', 'NEW', 'had', 'JUST', 'been', 'CLEANED', 'by', 'THE', 'old', 'LADY']",assorted,The car was old?,other,n,1,1.8411646239983384,008,right,male,English,27,NA,Australia,keypress
3,congruent,"['The', 'COOK', 'that the', 'maid', 'HUGGED', 'had', 'a', 'TEAR', 'on', 'her', 'CHEEK']",object,The maid had a tear on her cheek?,main_clause,n,1,2.8617801180225797,008,right,male,English,27,NA,Australia,keypress
4,congruent,"['The', 'WHALE', 'that', 'BIT', 'the', 'SHARK', 'won the', 'FIGHT', 'in the', 'END']",subject,The shark won the fight?,main_clause,n,1,2.760339986998588,008,right,male,English,27,NA,Australia,keypress
5,congruent,"['The', 'FRIEND', 'that', 'TEASED', 'the', 'BRIDE', 'told a', 'JOKE', 'about the', 'PAST']",subject,The friend told a joke?,main_clause,y,1,2.27340423600981,008,right,male,English,27,NA,Australia,keypress
6,other,"['The', 'MAN', 'who was', 'SHORT', 'gave his', 'WIFE', 'some red', 'CANDLES', 'for her', 'BIRTHDAY']",assorted,The man was tall?,other,n,1,2.059084829990752,008,right,male,English,27,NA,Australia,keypress
7,incongruent,"['THE', 'cat', 'THAT', 'fought', 'THE', 'dog', 'LICKED ITS', 'wounds', 'IN THE', 'corner']",subject,The dog fought the cat?,relative_clause,n,1,3.646176145004574,008,right,male,English,27,NA,Australia,keypress
8,congruent,"['The', 'CAR', 'that', 'PULLED', 'the', 'TRUCK', 'had a', 'SCRATCH', 'on the', 'DOOR']",subject,The car pulled the truck?,relative_clause,y,1,2.343375645985361,008,right,male,English,27,NA,Australia,keypress
9,congruent,"['The', 'KNIGHT', 'that', 'HELPED', 'the', 'KING', 'sent a', 'GIFT', 'from his', 'CASTLE']",subject,The knight helped the king?,relative_clause,y,1,1.1899036269751375,008,right,male,English,27,NA,Australia,keypress
10,congruent,"['The', 'THUG', 'that', 'SAW', 'the', 'MAN', 'had a', 'HAT', 'on his', 'HEAD']",subject,The man had a hat on his head?,main_clause,y,0,1.657608242996503,008,right,male,English,27,NA,Australia,keypress
11,other,"['The', 'HAT', 'that was', 'WORN', 'by the', 'BOY', 'with a', 'JACKET', 'was too', 'SMALL', 'for the', 'MAN']",assorted,The jacket was too small?,other,n,1,2.341760064009577,008,right,male,English,27,NA,Australia,keypress
12,congruent,"['The', 'BUM', 'that', 'SCARED', 'the', 'COP', 'crossed the', 'STREET', 'at the', 'LIGHT']",subject,The cop scared the bum?,relative_clause,n,1,2.3762111859978177,008,right,male,English,27,NA,Australia,keypress
13,other,"['The', 'GIRL', 'on', 'THE', 'school', 'TRIP', 'saw a', 'FROG', 'and', 'LATER', 'she', 'SAW', 'a', 'MOUSE']",assorted,The girl saw a frog?,other,y,1,1.1732165989815255,008,right,male,English,27,NA,Australia,keypress
14,congruent,"['The', 'BOY', 'that the', 'girl', 'HELPED', 'got', 'an', 'A', 'on', 'the', 'TEST']",object,The boy helped the girl?,relative_clause,y,0,4.297987952973926,008,right,male,English,27,NA,Australia,keypress
15,other,"['The', 'DESK', 'was', 'NEW', 'but', 'DUSTY', 'and', 'COVERED', 'with old', 'BOOKS']",assorted,The desk was old?,other,n,1,2.292400711972732,008,right,male,English,27,NA,Australia,keypress
16,incongruent,"['THE', 'guy', 'THAT', 'thanked', 'THE', 'judge', 'LEFT THE', 'room', 'WITH A', 'smile']",subject,The guy left the room?,main_clause,y,1,3.980242066027131,008,right,male,English,27,NA,Australia,keypress
17,congruent,"['The', 'PRIEST', 'that', 'THANKED', 'the', 'NUN', 'left the', 'CHURCH', 'in a', 'HURRY']",subject,The priest left the church?,main_clause,y,1,4.565440423000837,008,right,male,English,27,NA,Australia,keypress
18,congruent,"['The', 'GUEST', 'that the', 'host', 'KISSED', 'brought', 'a', 'CAKE', 'to', 'the', 'PARTY']",object,The host brought a cake?,main_clause,n,1,4.414750485011609,008,right,male,English,27,NA,Australia,keypress
19,other,"['The', 'BIKE', 'that was', 'YELLOW', 'and', 'SHINY', 'belonged', 'TO', 'the', 'BOY', 'with the', 'HAT']",assorted,The bike was red?,other,n,1,1.8916651110048408,008,right,male,English,27,NA,Australia,keypress
20,other,"['The', 'MAN', 'was very', 'HUNGRY', 'after the', 'MEETING', 'so', 'HAD', 'lunch', 'EARLY']",assorted,The man was hungry?,other,y,1,1.1391134689911269,008,right,male,English,27,NA,Australia,keypress
21,other,"['The', 'CAT', 'chased the', 'BIRD', 'but', 'IT', 'flew', 'AWAY', 'into the', 'SUNSET']",assorted,The cat caught the bird?,other,y,0,2.0419857679808047,008,right,male,English,27,NA,Australia,keypress
22,congruent,"['The', 'DEAN', 'that the', 'boy', 'CALLED', 'had', 'a', 'VOICE', 'full', 'of', 'ANGER']",object,The dean had a voice full of anger?,main_clause,y,1,1.8920801840140484,008,right,male,English,27,NA,Australia,keypress
23,other,"['The', 'GIRL', 'and the', 'BOY', 'that', 'OWNED', 'the', 'HORSE', 'had', 'MUD', 'on their', 'CLOTHES']",assorted,The horse was muddy?,other,n,1,3.643341390008573,008,right,male,English,27,NA,Australia,keypress
24,congruent,"['The', 'NIECE', 'that', 'KISSED', 'the', 'AUNT', 'sang a', 'SONG', 'for the', 'GUESTS']",subject,The aunt kissed the niece?,relative_clause,n,1,3.663471155974548,008,right,male,English,27,NA,Australia,keypress
25,incongruent,"['THE', 'dancer', 'that the', 'GUY', 'liked', 'was', 'A', 'chef', 'in', 'THE', 'city']",object,The guy liked the dancer?,relative_clause,y,1,6.337476292013889,008,right,male,English,27,NA,Australia,keypress
26,other,"['The', 'JOB', 'that was', 'GIVEN', 'was', 'DIFFERENT', 'to', 'WHAT', 'she', 'EXPECTED']",assorted,The job was unexpected?,other,y,1,1.2891849239822477,008,right,male,English,27,NA,Australia,keypress
27,congruent,"['The', 'TRADIE', 'that the', 'man', 'THANKED', 'left', 'his', 'WALLET', 'in', 'the', 'CAR']",object,The tradie left his wallet?,main_clause,y,1,2.476415386016015,008,right,male,English,27,NA,Australia,keypress
28,other,"['The', 'FISH', 'was', 'CAUGHT', 'by the', 'GIRL', 'on the', 'BOAT', 'on a', 'FRIDAY']",assorted,The fish was caught by the girl?,other,y,1,1.2568540850188583,008,right,male,English,27,NA,Australia,keypress
29,incongruent,"['THE', 'nun', 'THAT', 'blessed', 'THE', 'monk', 'LIT A', 'candle', 'ON THE', 'table']",subject,The nun blessed the monk?,relative_clause,y,1,2.2421338529966306,008,right,male,English,27,NA,Australia,keypress
30,other,"['The', 'DOG', 'that', 'BARKED', 'is very', 'BIG', 'and very', 'FRIENDLY', 'but', 'DOESN’T', 'like', 'CATS']",assorted,The dog is very big?,other,y,1,0.7889284370176028,008,right,male,English,27,NA,Australia,keypress
31,other,"['The', 'BOSS', 'was', 'HAPPY', 'to', 'SEE', 'the', 'WORK', 'that', 'THE', 'two', 'GIRLS', 'had', 'DONE']",assorted,The boss was happy?,other,y,1,0.7051334860152565,008,right,male,English,27,NA,Australia,keypress
32,incongruent,"['THE', 'maid', 'THAT', 'loved', 'THE', 'chef', 'QUIT THE', 'job', 'AT THE', 'house']",subject,The chef quit the job?,main_clause,n,1,3.2787220679747406,008,right,male,English,27,NA,Australia,keypress
33,other,"['The', 'COLOUR', 'of the', 'HOUSE', 'was', 'BRIGHTER', 'than the', 'MEN', 'who travelled', 'EXPECTED']",assorted,The men were colourfully dressed?,other,n,1,2.510007108998252,008,right,male,English,27,NA,Australia,keypress
34,congruent,"['The', 'THIEF', 'that the', 'guard', 'SAW', 'had', 'a', 'GUN', 'in', 'his', 'HOLSTER']",object,The guard saw the thief?,relative_clause,y,1,3.745955040008994,008,right,male,English,27,NA,Australia,keypress
35,incongruent,"['THE', 'crook', 'THAT', 'warned', 'THE', 'thief', 'FLED THE', 'town', 'THE NEXT', 'morning']",subject,The crook warned the thief?,relative_clause,y,1,1.439561761013465,008,right,male,English,27,NA,Australia,keypress
36,other,"['The', 'CUP', 'was', 'MADE', 'from green', 'PLASTIC', 'and was', 'FILLED', 'with', 'JUICE']",assorted,The cup was full of green juice?,other,y,0,3.1588980139931664,008,right,male,English,27,NA,Australia,keypress
37,incongruent,"['THE', 'fruit', 'that the', 'CAKE', 'squashed', 'made', 'A', 'mess', 'in', 'THE', 'bag']",object,The fruit made a mess?,main_clause,y,1,1.2901475300022869,008,right,male,English,27,NA,Australia,keypress
38,incongruent,"['THE', 'owl', 'that the', 'BAT', 'scared', 'made', 'A', 'loop', 'in', 'THE', 'air']",object,The bat made a loop?,main_clause,n,1,1.3200737599981949,008,right,male,English,27,NA,Australia,keypress
39,incongruent,"['THE', 'scout', 'that the', 'COACH', 'punched', 'had', 'A', 'fight', 'with', 'A', 'manager']",object,The scout had a fight?,main_clause,y,1,0.939053445996251,008,right,male,English,27,NA,Australia,keypress
40,other,"['The', 'BOOK', 'that the', 'LADY', 'with a', 'TATTOO', 'had', 'WRITTEN', 'was her', 'BEST', 'book', 'YET']",assorted,The man wrote a book?,other,n,1,0.9396139069867786,008,right,male,English,27,NA,Australia,keypress
41,other,"['The', 'APPLES', 'that', 'THE', 'couple', 'BOUGHT', 'at the', 'MARKET', 'were', 'RED']",assorted,The couple bought some apples?,other,y,1,1.1395131590252277,008,right,male,English,27,NA,Australia,keypress
42,incongruent,"['THE', 'fox', 'THAT', 'chased', 'THE', 'wolf', 'HURT ITS', 'paws', 'ON THE', 'way']",subject,The wolf chased the fox?,relative_clause,n,1,1.8575009109918028,008,right,male,English,27,NA,Australia,keypress
43,incongruent,"['THE', 'dad', 'THAT', 'knew', 'THE', 'chef', 'HAD A', 'son', 'WITH A', 'limp']",subject,The dad had a son with a limp?,main_clause,y,1,1.6404244999866933,008,right,male,English,27,NA,Australia,keypress
44,congruent,"['The', 'PRINCE', 'that the', 'girl', 'HELPED', 'had', 'a', 'HEAD', 'of', 'blonde', 'HAIR']",object,The prince helped the girl?,relative_clause,y,0,1.3242755340179428,008,right,male,English,27,NA,Australia,keypress
45,incongruent,"['THE', 'bloke', 'that the', 'MUM', 'helped', 'gave', 'A', 'gift', 'to', 'SAY', 'thanks']",object,The bloke helped the mum?,relative_clause,n,1,3.3263262679975014,008,right,male,English,27,NA,Australia,keypress
46,congruent,"['The', 'CHIEF', 'that', 'THANKED', 'the', 'GIRL', 'was too', 'LATE', 'for the', 'BUS']",subject,The chief was too late?,main_clause,y,1,0.8718779050104786,008,right,male,English,27,NA,Australia,keypress
47,other,"['The', 'CONCERT', 'started', 'LATER', 'than', 'WHAT', 'the', 'LADY', 'told the', 'TRAVELER']",assorted,The concert started later than the travellers expected?,other,y,1,2.5438497840077616,008,right,male,English,27,NA,Australia,keypress
48,congruent,"['The', 'BOAT', 'that the', 'yacht', 'CHASED', 'made', 'a', 'TURN', 'at', 'the', 'BOATHOUSE']",object,The yacht chased the boat?,relative_clause,n,0,1.3571056999790017,008,right,male,English,27,NA,Australia,keypress
49,incongruent,"['THE', 'man', 'that the', 'NURSE', 'phoned', 'left', 'HIS', 'pills', 'at', 'THE', 'office']",object,The nurse phoned the man?,relative_clause,n,0,2.960870092996629,008,right,male,English,27,NA,Australia,keypress
50,incongruent,"['THE', 'rod', 'THAT', 'bent', 'THE', 'pipe', 'HAD A', 'hole', 'IN THE', 'middle']",subject,The pipe had a hole?,main_clause,n,1,3.71268455000245,008,right,male,English,27,NA,Australia,keypress
51,congruent,"['The', 'HAT', 'that the', 'skirt', 'MATCHED', 'had', 'a', 'BOW', 'in', 'the', 'BACK']",object,The hat had a bow?,main_clause,y,1,1.4901858060038649,008,right,male,English,27,NA,Australia,keypress
52,other,"['The', 'BOY', 'who', 'HAD', 'a', 'BIRTHDAY', 'called', 'HIS', 'best', 'FRIEND', 'for a', 'CHAT']",assorted,The boy called his best friend?,other,y,1,1.2896092029986903,008,right,male,English,27,NA,Australia,keypress
53,incongruent,"['THE', 'kid', 'THAT', 'followed', 'THE', 'dad', 'HAD SOME', 'mud', 'ON HIS', 'shoes']",subject,The dad followed the kid?,relative_clause,n,1,2.509604199003661,008,right,male,English,27,NA,Australia,keypress
54,incongruent,"['THE', 'dean', 'that the', 'GUARD', 'heard', 'made', 'A', 'call', 'about', 'THE', 'matter']",object,The guard heard the dean?,relative_clause,y,1,2.8614947059832048,008,right,male,English,27,NA,Australia,keypress
55,incongruent,"['THE', 'king', 'THAT', 'pleased', 'THE', 'guest', 'POURED THE', 'wine', 'FROM THE', 'jug']",subject,The king poured the wine?,main_clause,y,1,2.0088042540010065,008,right,male,English,27,NA,Australia,keypress
56,congruent,"['The', 'SAILOR', 'that', 'PUSHED', 'the', 'BANKER', 'hurt his', 'FOOT', 'in the', 'BRAWL']",subject,The banker hurt his foot?,main_clause,y,0,1.3232469510112423,008,right,male,English,27,NA,Australia,keypress
57,congruent,"['The', 'SHELF', 'that the', 'piano', 'BUMPED', 'had', 'some', 'DUST', 'on', 'its', 'TOP']",object,The piano bumped the shelf?,relative_clause,y,1,1.9247767399938311,008,right,male,English,27,NA,Australia,keypress
58,incongruent,"['THE', 'girl', 'THAT', 'pushed', 'THE', 'nerd', 'BROKE THE', 'vase', 'WITH THE', 'flowers']",subject,The girl pushed the nerd?,relative_clause,y,1,1.657832465978572,008,right,male,English,27,NA,Australia,keypress
59,incongruent,"['THE', 'priest', 'that the', 'COOK', 'paid', 'signed', 'THE', 'check', 'at', 'THE', 'bank']",object,The priest paid the cook?,relative_clause,n,1,3.779508182022255,008,right,male,English,27,NA,Australia,keypress
60,congruent,"['The', 'GROOM', 'that the', 'aunt', 'CHARMED', 'raised', 'a', 'TOAST', 'to', 'the', 'PARENTS']",object,The groom charmed the aunt?,relative_clause,n,1,2.8104148560087197,008,right,male,English,27,NA,Australia,keypress
61,incongruent,"['THE', 'clerk', 'that the', 'BOSS', 'liked', 'had', 'A', 'desk', 'by', 'THE', 'window']",object,The boss had a desk by the window?,main_clause,n,1,3.98052738601109,008,right,male,English,27,NA,Australia,keypress
62,congruent,"['The', 'DESK', 'that', 'SCRATCHED', 'the', 'BED', 'was too', 'OLD', 'to be', 'MOVED']",subject,The desk scratched the bed?,relative_clause,y,1,1.8082787680032195,008,right,male,English,27,NA,Australia,keypress
63,other,"['The', 'DESSERT', 'was', 'SERVED', 'with', 'CUSTARD', 'and', 'FRUIT', 'then', 'THERE', 'was', 'COFFEE']",assorted,The coffee was after dessert?,other,y,1,1.9596398310095535,008,right,male,English,27,NA,Australia,keypress
64,other,"['The', 'RING', 'that', 'WAS', 'sadly', 'LOST', 'was', 'FOUND', 'by the', 'FAT', 'and', 'VERY', 'happy', 'PRIEST']",assorted,The priest found the ring?,other,y,1,1.6070082079968415,008,right,male,English,27,NA,Australia,keypress
65,congruent,"['The', 'COUNT', 'that', 'KNEW', 'the', 'QUEEN', 'owned a', 'CASTLE', 'by the', 'LAKE']",subject,The queen knew the count?,relative_clause,n,1,2.6098091489984654,008,right,male,English,27,NA,Australia,keypress
66,incongruent,"['THE', 'truck', 'THAT', 'bumped', 'THE', 'car', 'HAD A', 'man', 'AT THE', 'wheel']",subject,The car had a man at the wheel?,main_clause,y,0,3.896740089985542,008,right,male,English,27,NA,Australia,keypress
67,other,"['The', 'BOX', 'was', 'MADE', 'from', 'WOOD', 'and was', 'FULL', 'of', 'THINGS', 'that', 'SHINED']",assorted,The box was shiny?,other,n,1,2.3921373749908525,008,right,male,English,27,NA,Australia,keypress
68,other,"['The', 'PIANO', 'was well', 'PLAYED', 'by', 'THE', 'old', 'LADY', 'but', 'IT', 'was', 'NOT', 'in', 'TUNE']",assorted,The piano was well played?,other,y,1,1.13925980500062,008,right,male,English,27,NA,Australia,keypress
69,incongruent,"['THE', 'cop', 'that the', 'SPY', 'met', 'wrote', 'A', 'book', 'about', 'THE', 'case']",object,The cop met the spy?,relative_clause,n,1,4.713612490013475,008,right,male,English,27,NA,Australia,keypress
70,incongruent,"['THE', 'bug', 'that the', 'ANT', 'attacked', 'was', 'AS', 'big', 'as', 'A', 'coin']",object,The ant was as big as a coin?,main_clause,y,0,3.526858479017392,008,right,male,English,27,NA,Australia,keypress
71,other,"['The', 'GIRL', 'kicked the', 'BALL', 'into the', 'WINDOW', 'but it', 'DID', 'not', 'BREAK']",assorted,The girl broke the window?,other,n,1,2.075314415997127,008,right,male,English,27,NA,Australia,keypress
72,incongruent,"['THE', 'boss', 'that the', 'CLERK', 'mocked', 'had', 'A', 'crush', 'on', 'THE', 'intern']",object,The boss had a crush?,main_clause,y,1,4.766768820001744,008,right,male,English,27,NA,Australia,keypress
73,congruent,"['The', 'NURSE', 'that the', 'coach', 'BLAMED', 'checked', 'the', 'FILE', 'of', 'the', 'GYMNAST']",object,The coach checked the file?,main_clause,y,0,1.4406533860019408,008,right,male,English,27,NA,Australia,keypress
1,incongruent,"['THE', 'girl', 'THAT', 'pushed', 'THE', 'nerd', 'BROKE THE', 'vase', 'WITH THE', 'flowers']",subject,The nerd pushed the girl?,relative_clause,y,0,2.459308159974171,009,right,female,English,28,NA,Australia,keypress
2,congruent,"['The', 'KNIGHT', 'that the', 'king', 'HELPED', 'sent', 'a', 'GIFT', 'from', 'his', 'CASTLE']",object,The knight helped the king?,relative_clause,n,1,1.808055755973328,009,right,female,English,28,NA,Australia,keypress
3,incongruent,"['THE', 'boat', 'that the', 'YACHT', 'chased', 'made', 'A', 'turn', 'at', 'THE', 'boathouse']",object,The yacht made a turn?,main_clause,y,0,1.690596539992839,009,right,female,English,28,NA,Australia,keypress
4,incongruent,"['THE', 'dad', 'THAT', 'knew', 'THE', 'chef', 'HAD A', 'son', 'WITH A', 'limp']",subject,The chef knew the dad?,relative_clause,y,0,1.724123060994316,009,right,female,English,28,NA,Australia,keypress
5,congruent,"['The', 'GUY', 'that', 'THANKED', 'the', 'JUDGE', 'left the', 'ROOM', 'with a', 'SMILE']",subject,The judge thanked the guy?,relative_clause,n,1,3.6287189650174696,009,right,female,English,28,NA,Australia,keypress
6,incongruent,"['THE', 'car', 'that the', 'TRUCK', 'pulled', 'had', 'A', 'scratch', 'on', 'THE', 'door']",object,The car had a scratch?,main_clause,y,1,0.8384795270103496,009,right,female,English,28,NA,Australia,keypress
7,other,"['The', 'WINE', 'that was', 'FANCY', 'was', 'KEPT', 'in the', 'CELLAR', 'for', 'NEARLY', 'ten', 'YEARS', 'and five', 'MONTHS']",assorted,The wine was fancy?,other,y,1,2.058339145994978,009,right,female,English,28,NA,Australia,keypress
8,other,"['The', 'JOB', 'that was', 'GIVEN', 'was', 'DIFFERENT', 'to', 'WHAT', 'she', 'EXPECTED']",assorted,The job was as expected?,other,n,1,1.97482030899846,009,right,female,English,28,NA,Australia,keypress
9,other,"['The', 'CAR', 'that was', 'NEW', 'had', 'JUST', 'been', 'CLEANED', 'by', 'THE', 'old', 'LADY']",assorted,The car was old?,other,y,0,3.4127636420016643,009,right,female,English,28,NA,Australia,keypress
10,other,"['The', 'PIANO', 'was well', 'PLAYED', 'by', 'THE', 'old', 'LADY', 'but', 'IT', 'was', 'NOT', 'in', 'TUNE']",assorted,The piano was well played?,other,y,1,2.310319279989926,009,right,female,English,28,NA,Australia,keypress
11,other,"['The', 'MAN', 'who was', 'SHORT', 'gave his', 'WIFE', 'some red', 'CANDLES', 'for her', 'BIRTHDAY']",assorted,The man was short?,other,y,1,1.641114091995405,009,right,female,English,28,NA,Australia,keypress
12,congruent,"['The', 'THUG', 'that', 'SAW', 'the', 'MAN', 'had a', 'HAT', 'on his', 'HEAD']",subject,The man saw the thug?,relative_clause,y,0,3.678854058991419,009,right,female,English,28,NA,Australia,keypress
13,congruent,"['The', 'WHALE', 'that', 'BIT', 'the', 'SHARK', 'won the', 'FIGHT', 'in the', 'END']",subject,The whale bit the shark?,relative_clause,y,1,1.7912985250004567,009,right,female,English,28,NA,Australia,keypress
14,other,"['The', 'GIRL', 'on', 'THE', 'school', 'TRIP', 'saw a', 'FROG', 'and', 'LATER', 'she', 'SAW', 'a', 'MOUSE']",assorted,The girl saw a mouse first?,other,d,0,3.578900483000325,009,right,female,English,28,NA,Australia,keypress
15,incongruent,"['THE', 'tradie', 'that the', 'MAN', 'thanked', 'left', 'HIS', 'wallet', 'in', 'THE', 'car']",object,The tradie thanked the man?,relative_clause,y,0,2.238907821010798,009,right,female,English,28,NA,Australia,keypress
16,incongruent,"['THE', 'dean', 'that the', 'GUARD', 'heard', 'made', 'A', 'call', 'about', 'THE', 'matter']",object,The dean heard the guard?,relative_clause,d,0,4.013103149976814,009,right,female,English,28,NA,Australia,keypress
17,congruent,"['The', 'DESK', 'that the', 'bed', 'SCRATCHED', 'was', 'too', 'OLD', 'to', 'be', 'MOVED']",object,The desk scratched the bed?,relative_clause,n,1,1.790768147999188,009,right,female,English,28,NA,Australia,keypress
18,congruent,"['The', 'PRIEST', 'that', 'PAID', 'the', 'COOK', 'signed the', 'CHECK', 'at the', 'BANK']",subject,The priest signed the check?,main_clause,y,1,2.559694388008211,009,right,female,English,28,NA,Australia,keypress
19,other,"['The', 'HAT', 'that was', 'WORN', 'by the', 'BOY', 'with a', 'JACKET', 'was too', 'SMALL', 'for the', 'MAN']",assorted,The jacket was too small?,other,y,0,2.2086241250217427,009,right,female,English,28,NA,Australia,keypress
20,congruent,"['The', 'THIEF', 'that the', 'guard', 'SAW', 'had', 'a', 'GUN', 'in', 'his', 'HOLSTER']",object,The thief had a gun?,main_clause,y,1,1.205702800187282,009,right,female,English,28,NA,Australia,keypress
21,other,"['The', 'BIKE', 'that was', 'YELLOW', 'and', 'SHINY', 'belonged', 'TO', 'the', 'BOY', 'with the', 'HAT']",assorted,The bike was red?,other,d,0,1.5246113789908122,009,right,female,English,28,NA,Australia,keypress
22,other,"['The', 'RING', 'that', 'WAS', 'sadly', 'LOST', 'was', 'FOUND', 'by the', 'FAT', 'and', 'VERY', 'happy', 'PRIEST']",assorted,The priest found the ring?,other,n,0,2.460130923980614,009,right,female,English,28,NA,Australia,keypress
23,incongruent,"['THE', 'count', 'THAT', 'knew', 'THE', 'queen', 'OWNED A', 'castle', 'BY THE', 'lake']",subject,The count knew the queen?,relative_clause,y,1,1.4895999590225983,009,right,female,English,28,NA,Australia,keypress
24,other,"['The', 'GIRL', 'and the', 'BOY', 'that', 'OWNED', 'the', 'HORSE', 'had', 'MUD', 'on their', 'CLOTHES']",assorted,The horse was muddy?,other,n,1,1.623722160991747,009,right,female,English,28,NA,Australia,keypress
25,incongruent,"['THE', 'boy', 'THAT', 'helped', 'THE', 'girl', 'GOT AN', 'A', 'ON THE', 'test']",subject,The boy got an A?,main_clause,y,1,1.9924960039788857,009,right,female,English,28,NA,Australia,keypress
26,other,"['The', 'MAN', 'was very', 'HUNGRY', 'after the', 'MEETING', 'so', 'HAD', 'lunch', 'EARLY']",assorted,The boy was hungry?,other,n,1,1.9414795339980628,009,right,female,English,28,NA,Australia,keypress
27,congruent,"['The', 'OWL', 'that', 'SCARED', 'the', 'BAT', 'made a', 'LOOP', 'in the', 'AIR']",subject,The bat made a loop?,main_clause,n,1,3.128454032994341,009,right,female,English,28,NA,Australia,keypress
28,incongruent,"['THE', 'crook', 'THAT', 'warned', 'THE', 'thief', 'FLED THE', 'town', 'THE NEXT', 'morning']",subject,The thief fled the town?,main_clause,n,1,2.60938458002056,009,right,female,English,28,NA,Australia,keypress
29,incongruent,"['THE', 'man', 'that the', 'NURSE', 'phoned', 'left', 'HIS', 'pills', 'at', 'THE', 'office']",object,The man left the pills?,main_clause,y,1,3.0616627070121467,009,right,female,English,28,NA,Australia,keypress
30,other,"['The', 'CAT', 'chased the', 'BIRD', 'but', 'IT', 'flew', 'AWAY', 'into the', 'SUNSET']",assorted,The cat chased the bird?,other,y,1,1.691163362993393,009,right,female,English,28,NA,Australia,keypress
31,congruent,"['The', 'DEAN', 'that the', 'boy', 'CALLED', 'had', 'a', 'VOICE', 'full', 'of', 'ANGER']",object,The dean called the boy?,relative_clause,y,0,3.580151529982686,009,right,female,English,28,NA,Australia,keypress
32,other,"['The', 'BOY', 'who', 'HAD', 'a', 'BIRTHDAY', 'called', 'HIS', 'best', 'FRIEND', 'for a', 'CHAT']",assorted,The friend called the boy?,other,d,0,4.397596225026064,009,right,female,English,28,NA,Australia,keypress
33,incongruent,"['THE', 'boss', 'THAT', 'mocked', 'THE', 'clerk', 'HAD A', 'crush', 'ON THE', 'intern']",subject,The boss had a crush?,main_clause,n,0,3.0111507900001016,009,right,female,English,28,NA,Australia,keypress
34,other,"['The', 'CUP', 'was', 'MADE', 'from green', 'PLASTIC', 'and was', 'FILLED', 'with', 'JUICE']",assorted,The cup was made from plastic?,other,y,1,2.07302026898833,009,right,female,English,28,NA,Australia,keypress
35,other,"['The', 'APPLES', 'that', 'THE', 'couple', 'BOUGHT', 'at the', 'MARKET', 'were', 'RED']",assorted,The couple bought some apples?,other,y,1,1.5073292889865115,009,right,female,English,28,NA,Australia,keypress
36,congruent,"['The', 'COP', 'that the', 'spy', 'MET', 'wrote', 'a', 'BOOK', 'about', 'the', 'CASE']",object,The spy met the cop?,relative_clause,y,1,1.5550322199997026,009,right,female,English,28,NA,Australia,keypress
37,incongruent,"['THE', 'groom', 'THAT', 'charmed', 'THE', 'aunt', 'RAISED A', 'toast', 'TO THE', 'parents']",subject,The groom charmed the aunt?,relative_clause,y,1,2.5102278419944923,009,right,female,English,28,NA,Australia,keypress
38,incongruent,"['THE', 'bum', 'that the', 'COP', 'scared', 'crossed', 'THE', 'street', 'at', 'THE', 'light']",object,The cop scared the bum?,relative_clause,y,1,3.261237531987718,009,right,female,English,28,NA,Australia,keypress
39,other,"['The', 'BOSS', 'was', 'HAPPY', 'to', 'SEE', 'the', 'WORK', 'that', 'THE', 'two', 'GIRLS', 'had', 'DONE']",assorted,The boss was happy?,other,y,1,0.9900987580185756,009,right,female,English,28,NA,Australia,keypress
40,congruent,"['The', 'BLOKE', 'that', 'HELPED', 'the', 'MUM', 'gave a', 'GIFT', 'to say', 'THANKS']",subject,The bloke helped the mum?,relative_clause,n,0,8.074637403013185,009,right,female,English,28,NA,Australia,keypress
41,incongruent,"['THE', 'fox', 'that the', 'WOLF', 'chased', 'hurt', 'ITS', 'paws', 'on', 'THE', 'way']",object,The wolf chased the fox?,relative_clause,y,1,1.6084814149944575,009,right,female,English,28,NA,Australia,keypress
42,congruent,"['The', 'SHELF', 'that the', 'piano', 'BUMPED', 'had', 'some', 'DUST', 'on', 'its', 'TOP']",object,The piano bumped the shelf?,relative_clause,n,0,1.3904594299965538,009,right,female,English,28,NA,Australia,keypress
43,congruent,"['The', 'DANCER', 'that', 'LIKED', 'the', 'GUY', 'was a', 'CHEF', 'in the', 'CITY']",subject,The dancer liked the guy?,relative_clause,y,1,1.5539297680079471,009,right,female,English,28,NA,Australia,keypress
44,incongruent,"['THE', 'rod', 'THAT', 'bent', 'THE', 'pipe', 'HAD A', 'hole', 'IN THE', 'middle']",subject,The pipe had a hole?,main_clause,n,1,3.1446077119908296,009,right,female,English,28,NA,Australia,keypress
45,incongruent,"['THE', 'cook', 'that the', 'MAID', 'hugged', 'had', 'A', 'tear', 'on', 'HER', 'cheek']",object,The cook hugged the maid?,relative_clause,y,0,1.7898756130016409,009,right,female,English,28,NA,Australia,keypress
46,incongruent,"['THE', 'kid', 'THAT', 'followed', 'THE', 'dad', 'HAD SOME', 'mud', 'ON HIS', 'shoes']",subject,The kid followed the dad?,relative_clause,y,1,2.876576112001203,009,right,female,English,28,NA,Australia,keypress
47,congruent,"['The', 'BUG', 'that the', 'ant', 'ATTACKED', 'was', 'as', 'BIG', 'as', 'a', 'COIN']",object,The bug was as big as a coin?,main_clause,y,1,3.964375884999754,009,right,female,English,28,NA,Australia,keypress
48,congruent,"['The', 'GUEST', 'that the', 'host', 'KISSED', 'brought', 'a', 'CAKE', 'to', 'the', 'PARTY']",object,The host kissed the guest?,relative_clause,y,1,2.6929755359888077,009,right,female,English,28,NA,Australia,keypress
49,incongruent,"['THE', 'scout', 'that the', 'COACH', 'punched', 'had', 'A', 'fight', 'with', 'A', 'manager']",object,The scout had a fight?,main_clause,y,1,1.7576654629956463,009,right,female,English,28,NA,Australia,keypress
50,congruent,"['The', 'TRUCK', 'that the', 'car', 'BUMPED', 'had', 'a', 'MAN', 'at', 'the', 'WHEEL']",object,The car had a man at the wheel?,main_clause,y,0,2.0050102669920307,009,right,female,English,28,NA,Australia,keypress
51,other,"['The', 'BOOK', 'that the', 'LADY', 'with a', 'TATTOO', 'had', 'WRITTEN', 'was her', 'BEST', 'book', 'YET']",assorted,The lady wrote a book?,other,n,0,1.808713506005006,009,right,female,English,28,NA,Australia,keypress
52,congruent,"['The', 'CLERK', 'that', 'LIKED', 'the', 'BOSS', 'had a', 'DESK', 'by the', 'WINDOW']",subject,The boss liked the clerk?,relative_clause,n,1,3.595602843008237,009,right,female,English,28,NA,Australia,keypress
53,incongruent,"['THE', 'friend', 'that the', 'BRIDE', 'teased', 'told', 'A', 'joke', 'about', 'THE', 'past']",object,The bride told a joke?,main_clause,d,0,3.895747086993651,009,right,female,English,28,NA,Australia,keypress
54,incongruent,"['THE', 'priest', 'THAT', 'thanked', 'THE', 'nun', 'LEFT THE', 'church', 'IN A', 'hurry']",subject,The nun thanked the priest?,relative_clause,n,1,2.659701722994214,009,right,female,English,28,NA,Australia,keypress
55,congruent,"['The', 'CHIEF', 'that', 'THANKED', 'the', 'GIRL', 'was too', 'LATE', 'for the', 'BUS']",subject,The chief was too late?,main_clause,d,0,4.796215590002248,009,right,female,English,28,NA,Australia,keypress
56,congruent,"['The', 'KING', 'that the', 'guest', 'PLEASED', 'poured', 'the', 'WINE', 'from', 'the', 'JUG']",object,The guest poured the wine?,main_clause,y,0,3.359662856993964,009,right,female,English,28,NA,Australia,keypress
57,other,"['The', 'CONCERT', 'started', 'LATER', 'than', 'WHAT', 'the', 'LADY', 'told the', 'TRAVELER']",assorted,The concert started later than the travellers expected?,other,d,0,3.3280624779872596,009,right,female,English,28,NA,Australia,keypress
58,incongruent,"['THE', 'nurse', 'THAT', 'blamed', 'THE', 'coach', 'CHECKED THE', 'file', 'OF THE', 'gymnast']",subject,The coach checked the file?,main_clause,y,0,1.7906186289910693,009,right,female,English,28,NA,Australia,keypress
59,other,"['The', 'DOG', 'that', 'BARKED', 'is very', 'BIG', 'and very', 'FRIENDLY', 'but', 'DOESN’T', 'like', 'CATS']",assorted,The dog is very fluffy?,other,n,1,1.1894725809979718,009,right,female,English,28,NA,Australia,keypress
60,congruent,"['The', 'FRUIT', 'that', 'SQUASHED', 'the', 'CAKE', 'made a', 'MESS', 'in the', 'BAG']",subject,The fruit made a mess?,main_clause,y,1,4.081050368986325,009,right,female,English,28,NA,Australia,keypress
61,other,"['The', 'FISH', 'was', 'CAUGHT', 'by the', 'GIRL', 'on the', 'BOAT', 'on a', 'FRIDAY']",assorted,The fish was caught by the boy?,other,n,1,1.5906086250033695,009,right,female,English,28,NA,Australia,keypress
62,congruent,"['The', 'HAT', 'that', 'MATCHED', 'the', 'SKIRT', 'had a', 'BOW', 'in the', 'BACK']",subject,The skirt had a bow?,main_clause,n,1,2.058862773992587,009,right,female,English,28,NA,Australia,keypress
63,other,"['The', 'DESK', 'was', 'NEW', 'but', 'DUSTY', 'and', 'COVERED', 'with old', 'BOOKS']",assorted,The desk was old?,other,n,1,1.6734566309896763,009,right,female,English,28,NA,Australia,keypress
64,congruent,"['The', 'NIECE', 'that', 'KISSED', 'the', 'AUNT', 'sang a', 'SONG', 'for the', 'GUESTS']",subject,The aunt sang a song?,main_clause,n,1,1.7070083419966977,009,right,female,English,28,NA,Australia,keypress
65,incongruent,"['THE', 'sailor', 'that the', 'BANKER', 'pushed', 'hurt', 'HIS', 'foot', 'in', 'THE', 'brawl']",object,The banker hurt his foot?,main_clause,n,1,3.2789992289908696,009,right,female,English,28,NA,Australia,keypress
66,other,"['The', 'GIRL', 'kicked the', 'BALL', 'into the', 'WINDOW', 'but it', 'DID', 'not', 'BREAK']",assorted,The girl broke the window?,other,n,1,1.539727708994178,009,right,female,English,28,NA,Australia,keypress
67,other,"['The', 'COLOUR', 'of the', 'HOUSE', 'was', 'BRIGHTER', 'than the', 'MEN', 'who travelled', 'EXPECTED']",assorted,The men travelled?,other,y,1,2.6106016380072106,009,right,female,English,28,NA,Australia,keypress
68,incongruent,"['THE', 'prince', 'that the', 'GIRL', 'helped', 'had', 'A', 'head', 'of', 'BLONDE', 'hair']",object,The girl helped the prince?,relative_clause,n,0,1.7407296879973728,009,right,female,English,28,NA,Australia,keypress
69,other,"['The', 'DESSERT', 'was', 'SERVED', 'with', 'CUSTARD', 'and', 'FRUIT', 'then', 'THERE', 'was', 'COFFEE']",assorted,The coffee was after dessert?,other,n,0,2.0929073659935966,009,right,female,English,28,NA,Australia,keypress
70,congruent,"['The', 'NUN', 'that the', 'monk', 'BLESSED', 'lit', 'a', 'CANDLE', 'on', 'the', 'TABLE']",object,The nun lit a candle?,main_clause,n,0,2.9274138410110027,009,right,female,English,28,NA,Australia,keypress
71,incongruent,"['THE', 'cat', 'THAT', 'fought', 'THE', 'dog', 'LICKED ITS', 'wounds', 'IN THE', 'corner']",subject,The cat licked its wounds?,main_clause,y,1,1.6747515030147042,009,right,female,English,28,NA,Australia,keypress
72,other,"['The', 'BOX', 'was', 'MADE', 'from', 'WOOD', 'and was', 'FULL', 'of', 'THINGS', 'that', 'SHINED']",assorted,The box was shiny?,other,n,1,2.2761274079966825,009,right,female,English,28,NA,Australia,keypress
73,congruent,"['The', 'MAID', 'that the', 'chef', 'LOVED', 'quit', 'the', 'JOB', 'at', 'the', 'HOUSE']",object,The chef quit the job?,main_clause,n,1,1.1900897530140355,009,right,female,English,28,NA,Australia,keypress
1,congruent,"['The', 'THUG', 'that the', 'man', 'SAW', 'had', 'a', 'HAT', 'on', 'his', 'HEAD']",object,The thug saw the man?,relative_clause,n,1,1.6903490699769463,010,right,male,English,34,NA,Australia,keypress
2,incongruent,"['THE', 'owl', 'that the', 'BAT', 'scared', 'made', 'A', 'loop', 'in', 'THE', 'air']",object,The owl scared the bat?,relative_clause,n,1,1.6066100929747336,010,right,male,English,34,NA,Australia,keypress
3,other,"['The', 'JOB', 'that was', 'GIVEN', 'was', 'DIFFERENT', 'to', 'WHAT', 'she', 'EXPECTED']",assorted,The job was as expected?,other,n,1,1.3230221639969386,010,right,male,English,34,NA,Australia,keypress
4,incongruent,"['THE', 'clerk', 'that the', 'BOSS', 'liked', 'had', 'A', 'desk', 'by', 'THE', 'window']",object,The clerk liked the boss?,relative_clause,n,1,1.339445057004923,010,right,male,English,34,NA,Australia,keypress
5,congruent,"['The', 'BOY', 'that', 'HELPED', 'the', 'GIRL', 'got an', 'A', 'on the', 'TEST']",subject,The girl helped the boy?,relative_clause,n,1,1.491157762997318,010,right,male,English,34,NA,Australia,keypress
6,incongruent,"['THE', 'cop', 'that the', 'SPY', 'met', 'wrote', 'A', 'book', 'about', 'THE', 'case']",object,The cop met the spy?,relative_clause,y,0,1.3069792390160728,010,right,male,English,34,NA,Australia,keypress
7,incongruent,"['THE', 'shelf', 'that the', 'PIANO', 'bumped', 'had', 'SOME', 'dust', 'on', 'ITS', 'top']",object,The piano had dust on its top?,main_clause,d,0,1.857498512021266,010,right,male,English,34,NA,Australia,keypress
8,incongruent,"['THE', 'friend', 'that the', 'BRIDE', 'teased', 'told', 'A', 'joke', 'about', 'THE', 'past']",object,The bride told a joke?,main_clause,n,1,1.7549013599928005,010,right,male,English,34,NA,Australia,keypress
9,incongruent,"['THE', 'bug', 'THAT', 'attacked', 'THE', 'ant', 'WAS AS', 'big', 'AS A', 'coin']",subject,The bug was as big as a coin?,main_clause,y,1,1.54085607198067,010,right,male,English,34,NA,Australia,keypress
10,congruent,"['The', 'GIRL', 'that', 'PUSHED', 'the', 'NERD', 'broke the', 'VASE', 'with the', 'FLOWERS']",subject,The girl pushed the nerd?,relative_clause,y,1,1.1722802870208398,010,right,male,English,34,NA,Australia,keypress
11,other,"['The', 'PIANO', 'was well', 'PLAYED', 'by', 'THE', 'old', 'LADY', 'but', 'IT', 'was', 'NOT', 'in', 'TUNE']",assorted,The piano was well played?,other,y,1,1.2370847220008727,010,right,male,English,34,NA,Australia,keypress
12,other,"['The', 'GIRL', 'on', 'THE', 'school', 'TRIP', 'saw a', 'FROG', 'and', 'LATER', 'she', 'SAW', 'a', 'MOUSE']",assorted,The girl saw a frog?,other,y,1,0.8717541340156458,010,right,male,English,34,NA,Australia,keypress
13,other,"['The', 'DOG', 'that', 'BARKED', 'is very', 'BIG', 'and very', 'FRIENDLY', 'but', 'DOESN’T', 'like', 'CATS']",assorted,The dog is very fluffy?,other,n,1,1.223298180004349,010,right,male,English,34,NA,Australia,keypress
14,other,"['The', 'DESK', 'was', 'NEW', 'but', 'DUSTY', 'and', 'COVERED', 'with old', 'BOOKS']",assorted,The desk was old?,other,y,0,0.9057051699783188,010,right,male,English,34,NA,Australia,keypress
15,congruent,"['The', 'MAID', 'that', 'LOVED', 'the', 'CHEF', 'quit the', 'JOB', 'at the', 'HOUSE']",subject,The chef quit the job?,main_clause,n,1,1.8069808189757168,010,right,male,English,34,NA,Australia,keypress
16,incongruent,"['THE', 'boss', 'THAT', 'mocked', 'THE', 'clerk', 'HAD A', 'crush', 'ON THE', 'intern']",subject,The clerk had a crush?,main_clause,n,1,1.287470907001989,010,right,male,English,34,NA,Australia,keypress
17,incongruent,"['THE', 'cat', 'THAT', 'fought', 'THE', 'dog', 'LICKED ITS', 'wounds', 'IN THE', 'corner']",subject,The cat licked its wounds?,main_clause,n,0,1.5402587550051976,010,right,male,English,34,NA,Australia,keypress
18,other,"['The', 'BIKE', 'that was', 'YELLOW', 'and', 'SHINY', 'belonged', 'TO', 'the', 'BOY', 'with the', 'HAT']",assorted,The bike was red?,other,n,1,1.2066223489819097,010,right,male,English,34,NA,Australia,keypress
19,incongruent,"['THE', 'groom', 'THAT', 'charmed', 'THE', 'aunt', 'RAISED A', 'toast', 'TO THE', 'parents']",subject,The groom charmed the aunt?,relative_clause,n,0,2.0078908819996286,010,right,male,English,34,NA,Australia,keypress
20,other,"['The', 'COLOUR', 'of the', 'HOUSE', 'was', 'BRIGHTER', 'than the', 'MEN', 'who travelled', 'EXPECTED']",assorted,The men were colourfully dressed?,other,n,1,1.539727980009047,010,right,male,English,34,NA,Australia,keypress
21,incongruent,"['THE', 'tradie', 'that the', 'MAN', 'thanked', 'left', 'HIS', 'wallet', 'in', 'THE', 'car']",object,The tradie left his wallet?,main_clause,y,1,0.9390810419863556,010,right,male,English,34,NA,Australia,keypress
22,congruent,"['The', 'PRINCE', 'that the', 'girl', 'HELPED', 'had', 'a', 'HEAD', 'of', 'blonde', 'HAIR']",object,The girl helped the prince?,relative_clause,n,0,2.7944003519951366,010,right,male,English,34,NA,Australia,keypress
23,other,"['The', 'GIRL', 'and the', 'BOY', 'that', 'OWNED', 'the', 'HORSE', 'had', 'MUD', 'on their', 'CLOTHES']",assorted,The horse was muddy?,other,n,1,1.656410826020874,010,right,male,English,34,NA,Australia,keypress
24,congruent,"['The', 'DEAN', 'that', 'CALLED', 'the', 'BOY', 'had a', 'VOICE', 'full of', 'ANGER']",subject,The dean had a voice full of anger?,main_clause,y,1,1.1565001249837223,010,right,male,English,34,NA,Australia,keypress
25,other,"['The', 'WINE', 'that was', 'FANCY', 'was', 'KEPT', 'in the', 'CELLAR', 'for', 'NEARLY', 'ten', 'YEARS', 'and five', 'MONTHS']",assorted,The wine was fancy?,other,y,1,0.9195050630078184,010,right,male,English,34,NA,Australia,keypress
26,congruent,"['The', 'ROD', 'that the', 'pipe', 'BENT', 'had', 'a', 'HOLE', 'in', 'the', 'MIDDLE']",object,The pipe had a hole?,main_clause,n,1,5.416843892016914,010,right,male,English,34,NA,Australia,keypress
27,congruent,"['The', 'HAT', 'that', 'MATCHED', 'the', 'SKIRT', 'had a', 'BOW', 'in the', 'BACK']",subject,The hat had a bow?,main_clause,y,1,1.4231263390101958,010,right,male,English,34,NA,Australia,keypress
28,congruent,"['The', 'COUNT', 'that', 'KNEW', 'the', 'QUEEN', 'owned a', 'CASTLE', 'by the', 'LAKE']",subject,The count knew the queen?,relative_clause,y,1,1.289405418006936,010,right,male,English,34,NA,Australia,keypress
29,other,"['The', 'DESSERT', 'was', 'SERVED', 'with', 'CUSTARD', 'and', 'FRUIT', 'then', 'THERE', 'was', 'COFFEE']",assorted,The coffee was before dessert?,other,n,1,3.07772778000799,010,right,male,English,34,NA,Australia,keypress
30,congruent,"['The', 'DEAN', 'that the', 'guard', 'HEARD', 'made', 'a', 'CALL', 'about', 'the', 'MATTER']",object,The dean made a call?,main_clause,y,1,2.3097023949958384,010,right,male,English,34,NA,Australia,keypress
31,incongruent,"['THE', 'fruit', 'THAT', 'squashed', 'THE', 'cake', 'MADE A', 'mess', 'IN THE', 'bag']",subject,The fruit squashed the cake?,relative_clause,y,1,1.1220945639943238,010,right,male,English,34,NA,Australia,keypress
32,congruent,"['The', 'KING', 'that', 'PLEASED', 'the', 'GUEST', 'poured the', 'WINE', 'from the', 'JUG']",subject,The guest pleased the king?,relative_clause,n,1,1.3899238189915195,010,right,male,English,34,NA,Australia,keypress
33,other,"['The', 'BOY', 'who', 'HAD', 'a', 'BIRTHDAY', 'called', 'HIS', 'best', 'FRIEND', 'for a', 'CHAT']",assorted,The boy called his best friend?,other,y,1,1.5213214219838846,010,right,male,English,34,NA,Australia,keypress
34,congruent,"['The', 'TRUCK', 'that the', 'car', 'BUMPED', 'had', 'a', 'MAN', 'at', 'the', 'WHEEL']",object,The truck bumped the car?,relative_clause,n,1,2.275200964009855,010,right,male,English,34,NA,Australia,keypress
35,incongruent,"['THE', 'bloke', 'that the', 'MUM', 'helped', 'gave', 'A', 'gift', 'to', 'SAY', 'thanks']",object,The mum helped the bloke?,relative_clause,y,1,1.8740373910113703,010,right,male,English,34,NA,Australia,keypress
36,congruent,"['The', 'GUEST', 'that', 'KISSED', 'the', 'HOST', 'brought a', 'CAKE', 'to the', 'PARTY']",subject,The host brought a cake?,main_clause,n,1,1.5909602949977852,010,right,male,English,34,NA,Australia,keypress
37,congruent,"['The', 'KNIGHT', 'that the', 'king', 'HELPED', 'sent', 'a', 'GIFT', 'from', 'his', 'CASTLE']",object,The knight sent a gift?,main_clause,y,1,1.223214828001801,010,right,male,English,34,NA,Australia,keypress
38,congruent,"['The', 'DAD', 'that', 'KNEW', 'the', 'CHEF', 'had a', 'SON', 'with a', 'LIMP']",subject,The dad knew the chef?,relative_clause,y,1,0.9713802410115022,010,right,male,English,34,NA,Australia,keypress
39,other,"['The', 'CAR', 'that was', 'NEW', 'had', 'JUST', 'been', 'CLEANED', 'by', 'THE', 'old', 'LADY']",assorted,The car was old?,other,n,1,1.3069450490002057,010,right,male,English,34,NA,Australia,keypress
40,other,"['The', 'MAN', 'was very', 'HUNGRY', 'after the', 'MEETING', 'so', 'HAD', 'lunch', 'EARLY']",assorted,The man was hungry?,other,y,1,0.8558386419899762,010,right,male,English,34,NA,Australia,keypress
41,congruent,"['The', 'CAR', 'that the', 'truck', 'PULLED', 'had', 'a', 'SCRATCH', 'on', 'the', 'DOOR']",object,The car pulled the truck?,relative_clause,n,1,1.356291139003588,010,right,male,English,34,NA,Australia,keypress
42,other,"['The', 'HAT', 'that was', 'WORN', 'by the', 'BOY', 'with a', 'JACKET', 'was too', 'SMALL', 'for the', 'MAN']",assorted,The hat was too small?,other,y,1,1.3736799120088108,010,right,male,English,34,NA,Australia,keypress
43,other,"['The', 'APPLES', 'that', 'THE', 'couple', 'BOUGHT', 'at the', 'MARKET', 'were', 'RED']",assorted,The couple bought green apples?,other,n,1,1.290402257000096,010,right,male,English,34,NA,Australia,keypress
44,incongruent,"['THE', 'thief', 'THAT', 'saw', 'THE', 'guard', 'HAD A', 'gun', 'IN HIS', 'holster']",subject,The guard saw the thief?,relative_clause,n,1,1.624245831015287,010,right,male,English,34,NA,Australia,keypress
45,other,"['The', 'CAT', 'chased the', 'BIRD', 'but', 'IT', 'flew', 'AWAY', 'into the', 'SUNSET']",assorted,The cat caught the bird?,other,n,1,1.1223134089959783,010,right,male,English,34,NA,Australia,keypress
46,other,"['The', 'BOX', 'was', 'MADE', 'from', 'WOOD', 'and was', 'FULL', 'of', 'THINGS', 'that', 'SHINED']",assorted,The box was shiny?,other,n,1,0.9893529130204116,010,right,male,English,34,NA,Australia,keypress
47,other,"['The', 'BOOK', 'that the', 'LADY', 'with a', 'TATTOO', 'had', 'WRITTEN', 'was her', 'BEST', 'book', 'YET']",assorted,The lady wrote a book?,other,y,1,1.2564103130134754,010,right,male,English,34,NA,Australia,keypress
48,congruent,"['The', 'FOX', 'that the', 'wolf', 'CHASED', 'hurt', 'its', 'PAWS', 'on', 'the', 'WAY']",object,The wolf chased the fox?,relative_clause,y,1,1.188660895015346,010,right,male,English,34,NA,Australia,keypress
49,congruent,"['The', 'CROOK', 'that the', 'thief', 'WARNED', 'fled', 'the', 'TOWN', 'the', 'next', 'MORNING']",object,The thief fled the town?,main_clause,n,1,2.0586564829864074,010,right,male,English,34,NA,Australia,keypress
50,incongruent,"['THE', 'kid', 'THAT', 'followed', 'THE', 'dad', 'HAD SOME', 'mud', 'ON HIS', 'shoes']",subject,The kid followed the dad?,relative_clause,n,0,1.3564049809938297,010,right,male,English,34,NA,Australia,keypress
51,congruent,"['The', 'NURSE', 'that the', 'coach', 'BLAMED', 'checked', 'the', 'FILE', 'of', 'the', 'GYMNAST']",object,The coach checked the file?,main_clause,n,1,1.7738149399810936,010,right,male,English,34,NA,Australia,keypress
52,other,"['The', 'RING', 'that', 'WAS', 'sadly', 'LOST', 'was', 'FOUND', 'by the', 'FAT', 'and', 'VERY', 'happy', 'PRIEST']",assorted,The priest found the ring?,other,y,1,1.4231449299841188,010,right,male,English,34,NA,Australia,keypress
53,congruent,"['The', 'WHALE', 'that', 'BIT', 'the', 'SHARK', 'won the', 'FIGHT', 'in the', 'END']",subject,The shark bit the whale?,relative_clause,n,1,2.7110916420060676,010,right,male,English,34,NA,Australia,keypress
54,incongruent,"['THE', 'priest', 'that the', 'NUN', 'thanked', 'left', 'THE', 'church', 'in', 'A', 'hurry']",object,The nun left the church?,main_clause,n,1,2.0896288419899065,010,right,male,English,34,NA,Australia,keypress
55,incongruent,"['THE', 'guy', 'THAT', 'thanked', 'THE', 'judge', 'LEFT THE', 'room', 'WITH A', 'smile']",subject,The judge left the room?,main_clause,n,1,1.4739597720035815,010,right,male,English,34,NA,Australia,keypress
56,congruent,"['The', 'NIECE', 'that', 'KISSED', 'the', 'AUNT', 'sang a', 'SONG', 'for the', 'GUESTS']",subject,The aunt sang a song?,main_clause,n,1,1.1554358749999665,010,right,male,English,34,NA,Australia,keypress
57,other,"['The', 'MAN', 'who was', 'SHORT', 'gave his', 'WIFE', 'some red', 'CANDLES', 'for her', 'BIRTHDAY']",assorted,The man was tall?,other,n,1,1.3729383969912303,010,right,male,English,34,NA,Australia,keypress
58,other,"['The', 'CONCERT', 'started', 'LATER', 'than', 'WHAT', 'the', 'LADY', 'told the', 'TRAVELER']",assorted,The concert started later than the travellers expected?,other,y,1,2.5568591190094594,010,right,male,English,34,NA,Australia,keypress
59,incongruent,"['THE', 'man', 'THAT', 'phoned', 'THE', 'nurse', 'LEFT HIS', 'pills', 'AT THE', 'office']",subject,The nurse phoned the man?,relative_clause,n,1,1.8248016969882883,010,right,male,English,34,NA,Australia,keypress
60,other,"['The', 'GIRL', 'kicked the', 'BALL', 'into the', 'WINDOW', 'but it', 'DID', 'not', 'BREAK']",assorted,The girl kicked the ball?,other,y,1,1.0888437670073472,010,right,male,English,34,NA,Australia,keypress
61,incongruent,"['THE', 'sailor', 'that the', 'BANKER', 'pushed', 'hurt', 'HIS', 'foot', 'in', 'THE', 'brawl']",object,The banker pushed the sailor?,relative_clause,y,1,2.7764022549963556,010,right,male,English,34,NA,Australia,keypress
62,congruent,"['The', 'SCOUT', 'that', 'PUNCHED', 'the', 'COACH', 'had a', 'FIGHT', 'with a', 'MANAGER']",subject,The scout had a fight?,main_clause,y,1,1.9580142860068008,010,right,male,English,34,NA,Australia,keypress
63,incongruent,"['THE', 'desk', 'THAT', 'scratched', 'THE', 'bed', 'WAS TOO', 'old', 'TO BE', 'moved']",subject,The bed scratched the desk?,relative_clause,y,0,1.8091566859802697,010,right,male,English,34,NA,Australia,keypress
64,other,"['The', 'FISH', 'was', 'CAUGHT', 'by the', 'GIRL', 'on the', 'BOAT', 'on a', 'FRIDAY']",assorted,The fish was caught by the girl?,other,y,1,1.4581357650167774,010,right,male,English,34,NA,Australia,keypress
65,incongruent,"['THE', 'nun', 'THAT', 'blessed', 'THE', 'monk', 'LIT A', 'candle', 'ON THE', 'table']",subject,The monk lit a candle?,main_clause,n,1,1.439759544999106,010,right,male,English,34,NA,Australia,keypress
66,congruent,"['The', 'COOK', 'that the', 'maid', 'HUGGED', 'had', 'a', 'TEAR', 'on', 'her', 'CHEEK']",object,The maid hugged the cook?,relative_clause,y,1,2.1089880850049667,010,right,male,English,34,NA,Australia,keypress
67,other,"['The', 'BOSS', 'was', 'HAPPY', 'to', 'SEE', 'the', 'WORK', 'that', 'THE', 'two', 'GIRLS', 'had', 'DONE']",assorted,The girls were happy?,other,n,1,1.2060141959809698,010,right,male,English,34,NA,Australia,keypress
68,incongruent,"['THE', 'priest', 'THAT', 'paid', 'THE', 'cook', 'SIGNED THE', 'check', 'AT THE', 'bank']",subject,The priest signed the check?,main_clause,y,1,1.6245236480026506,010,right,male,English,34,NA,Australia,keypress
69,other,"['The', 'CUP', 'was', 'MADE', 'from green', 'PLASTIC', 'and was', 'FILLED', 'with', 'JUICE']",assorted,The cup was made from plastic?,other,y,1,1.2233275750186294,010,right,male,English,34,NA,Australia,keypress
70,incongruent,"['THE', 'dancer', 'that the', 'GUY', 'liked', 'was', 'A', 'chef', 'in', 'THE', 'city']",object,The guy liked the dancer?,relative_clause,y,1,4.464915082993684,010,right,male,English,34,NA,Australia,keypress
71,congruent,"['The', 'CHIEF', 'that the', 'girl', 'THANKED', 'was', 'too', 'LATE', 'for', 'the', 'BUS']",object,The chief was too late?,main_clause,y,1,2.192043996998109,010,right,male,English,34,NA,Australia,keypress
72,incongruent,"['THE', 'bum', 'that the', 'COP', 'scared', 'crossed', 'THE', 'street', 'at', 'THE', 'light']",object,The bum crossed the street?,main_clause,y,1,0.7884033170121256,010,right,male,English,34,NA,Australia,keypress
73,incongruent,"['THE', 'boat', 'that the', 'YACHT', 'chased', 'made', 'A', 'turn', 'at', 'THE', 'boathouse']",object,The boat made a turn?,main_clause,y,1,1.3062579710094724,010,right,male,English,34,NA,Australia,keypress
1,congruent,"['The', 'DEAN', 'that', 'CALLED', 'the', 'BOY', 'had a', 'VOICE', 'full of', 'ANGER']",subject,The boy had a voice full of anger?,main_clause,n,1,1.7236717189953197,011,right,female,English,29,NA,Australia,keypress
2,incongruent,"['THE', 'bloke', 'that the', 'MUM', 'helped', 'gave', 'A', 'gift', 'to', 'SAY', 'thanks']",object,The mum helped the bloke?,relative_clause,y,1,3.2292928639799356,011,right,female,English,29,NA,Australia,keypress
3,other,"['The', 'COLOUR', 'of the', 'HOUSE', 'was', 'BRIGHTER', 'than the', 'MEN', 'who travelled', 'EXPECTED']",assorted,The men travelled?,other,y,1,4.146931346011115,011,right,female,English,29,NA,Australia,keypress
4,incongruent,"['THE', 'dancer', 'THAT', 'liked', 'THE', 'guy', 'WAS A', 'chef', 'IN THE', 'city']",subject,The dancer liked the guy?,relative_clause,y,1,1.3736348200181965,011,right,female,English,29,NA,Australia,keypress
5,other,"['The', 'BIKE', 'that was', 'YELLOW', 'and', 'SHINY', 'belonged', 'TO', 'the', 'BOY', 'with the', 'HAT']",assorted,The bike was shiny?,other,y,1,1.2872906610136852,011,right,female,English,29,NA,Australia,keypress
6,congruent,"['The', 'COUNT', 'that', 'KNEW', 'the', 'QUEEN', 'owned a', 'CASTLE', 'by the', 'LAKE']",subject,The count owned a castle?,main_clause,y,1,1.6248625130101573,011,right,female,English,29,NA,Australia,keypress
7,other,"['The', 'DESK', 'was', 'NEW', 'but', 'DUSTY', 'and', 'COVERED', 'with old', 'BOOKS']",assorted,The desk was new?,other,y,1,0.8552395980223082,011,right,female,English,29,NA,Australia,keypress
8,other,"['The', 'MAN', 'was very', 'HUNGRY', 'after the', 'MEETING', 'so', 'HAD', 'lunch', 'EARLY']",assorted,The boy was hungry?,other,n,1,2.3096727560041472,011,right,female,English,29,NA,Australia,keypress
9,congruent,"['The', 'WHALE', 'that the', 'shark', 'BIT', 'won', 'the', 'FIGHT', 'in', 'the', 'END']",object,The whale won the fight?,main_clause,y,1,1.0732829250046052,011,right,female,English,29,NA,Australia,keypress
10,congruent,"['The', 'KID', 'that the', 'dad', 'FOLLOWED', 'had', 'some', 'MUD', 'on', 'his', 'SHOES']",object,The dad had some mud on his shoes?,main_clause,n,1,2.191289296984906,011,right,female,English,29,NA,Australia,keypress
11,congruent,"['The', 'NIECE', 'that', 'KISSED', 'the', 'AUNT', 'sang a', 'SONG', 'for the', 'GUESTS']",subject,The niece sang a song?,main_clause,y,1,0.905283836997114,011,right,female,English,29,NA,Australia,keypress
12,congruent,"['The', 'PRIEST', 'that', 'PAID', 'the', 'COOK', 'signed the', 'CHECK', 'at the', 'BANK']",subject,The cook paid the priest?,relative_clause,n,1,2.542813779989956,011,right,female,English,29,NA,Australia,keypress
13,incongruent,"['THE', 'bug', 'THAT', 'attacked', 'THE', 'ant', 'WAS AS', 'big', 'AS A', 'coin']",subject,The ant was as big as a coin?,main_clause,n,1,1.891187417000765,011,right,female,English,29,NA,Australia,keypress
14,other,"['The', 'HAT', 'that was', 'WORN', 'by the', 'BOY', 'with a', 'JACKET', 'was too', 'SMALL', 'for the', 'MAN']",assorted,The hat was too small?,other,n,0,2.5420970839913934,011,right,female,English,29,NA,Australia,keypress
15,congruent,"['The', 'PRINCE', 'that the', 'girl', 'HELPED', 'had', 'a', 'HEAD', 'of', 'blonde', 'HAIR']",object,The girl helped the prince?,relative_clause,y,1,3.6457647730130702,011,right,female,English,29,NA,Australia,keypress
16,congruent,"['The', 'DEAN', 'that the', 'guard', 'HEARD', 'made', 'a', 'CALL', 'about', 'the', 'MATTER']",object,The dean made a call?,main_clause,y,1,2.242023290018551,011,right,female,English,29,NA,Australia,keypress
17,incongruent,"['THE', 'nurse', 'THAT', 'blamed', 'THE', 'coach', 'CHECKED THE', 'file', 'OF THE', 'gymnast']",subject,The nurse blamed the coach?,relative_clause,y,1,2.0581665089994203,011,right,female,English,29,NA,Australia,keypress
18,incongruent,"['THE', 'girl', 'that the', 'NERD', 'thanked', 'broke', 'THE', 'vase', 'with', 'THE', 'flowers']",object,The nerd broke the vase?,main_clause,y,0,1.2726129810034763,011,right,female,English,29,NA,Australia,keypress
19,incongruent,"['THE', 'fox', 'that the', 'WOLF', 'chased', 'hurt', 'ITS', 'paws', 'on', 'THE', 'way']",object,The fox hurt its paws?,main_clause,y,1,1.0396540999936406,011,right,female,English,29,NA,Australia,keypress
20,congruent,"['The', 'PRIEST', 'that', 'THANKED', 'the', 'NUN', 'left the', 'CHURCH', 'in a', 'HURRY']",subject,The nun thanked the priest?,relative_clause,n,1,1.205984467989765,011,right,female,English,29,NA,Australia,keypress
21,other,"['The', 'DESSERT', 'was', 'SERVED', 'with', 'CUSTARD', 'and', 'FRUIT', 'then', 'THERE', 'was', 'COFFEE']",assorted,The coffee was before dessert?,other,n,1,1.4396812380000483,011,right,female,English,29,NA,Australia,keypress
22,other,"['The', 'GIRL', 'on', 'THE', 'school', 'TRIP', 'saw a', 'FROG', 'and', 'LATER', 'she', 'SAW', 'a', 'MOUSE']",assorted,The girl saw a mouse first?,other,n,1,1.173340552020818,011,right,female,English,29,NA,Australia,keypress
23,other,"['The', 'MAN', 'who was', 'SHORT', 'gave his', 'WIFE', 'some red', 'CANDLES', 'for her', 'BIRTHDAY']",assorted,The man was short?,other,y,1,0.8698219679936301,011,right,female,English,29,NA,Australia,keypress
24,other,"['The', 'BOSS', 'was', 'HAPPY', 'to', 'SEE', 'the', 'WORK', 'that', 'THE', 'two', 'GIRLS', 'had', 'DONE']",assorted,The girls were happy?,other,n,1,1.52126217802288,011,right,female,English,29,NA,Australia,keypress
25,other,"['The', 'PIANO', 'was well', 'PLAYED', 'by', 'THE', 'old', 'LADY', 'but', 'IT', 'was', 'NOT', 'in', 'TUNE']",assorted,The piano was well played?,other,y,1,1.7077588789979927,011,right,female,English,29,NA,Australia,keypress
26,congruent,"['The', 'DAD', 'that the', 'chef', 'KNEW', 'had', 'a', 'SON', 'with', 'a', 'LIMP']",object,The dad had a son with a limp?,main_clause,n,0,1.6915646709967405,011,right,female,English,29,NA,Australia,keypress
27,congruent,"['The', 'FRUIT', 'that the', 'cake', 'SQUASHED', 'made', 'a', 'MESS', 'in', 'the', 'BAG']",object,The cake made a mess?,main_clause,n,1,2.0255656259832904,011,right,female,English,29,NA,Australia,keypress
28,incongruent,"['THE', 'truck', 'that the', 'CAR', 'bumped', 'had', 'A', 'man', 'at', 'THE', 'wheel']",object,The car bumped the truck?,relative_clause,y,1,1.2067888769961428,011,right,female,English,29,NA,Australia,keypress
29,congruent,"['The', 'BOAT', 'that', 'CHASED', 'the', 'YACHT', 'made a', 'TURN', 'at the', 'BOATHOUSE']",subject,The yacht chased the boat?,relative_clause,y,0,0.8554288849991281,011,right,female,English,29,NA,Australia,keypress
30,incongruent,"['THE', 'man', 'that the', 'NURSE', 'phoned', 'left', 'HIS', 'pills', 'at', 'THE', 'office']",object,The man phoned the nurse?,relative_clause,y,0,1.3573925450036768,011,right,female,English,29,NA,Australia,keypress
31,incongruent,"['THE', 'thief', 'THAT', 'saw', 'THE', 'guard', 'HAD A', 'gun', 'IN HIS', 'holster']",subject,The guard saw the thief?,relative_clause,n,1,1.20607871102402,011,right,female,English,29,NA,Australia,keypress
32,incongruent,"['THE', 'clerk', 'THAT', 'liked', 'THE', 'boss', 'HAD A', 'desk', 'BY THE', 'window']",subject,The boss liked the clerk?,relative_clause,n,1,1.4238428710086737,011,right,female,English,29,NA,Australia,keypress
33,other,"['The', 'CUP', 'was', 'MADE', 'from green', 'PLASTIC', 'and was', 'FILLED', 'with', 'JUICE']",assorted,The cup was made from plastic?,other,y,1,1.5403638209972996,011,right,female,English,29,NA,Australia,keypress
34,congruent,"['The', 'GROOM', 'that', 'CHARMED', 'the', 'AUNT', 'raised a', 'TOAST', 'to the', 'PARENTS']",subject,The groom charmed the aunt?,relative_clause,y,1,1.106388141983189,011,right,female,English,29,NA,Australia,keypress
35,other,"['The', 'CAT', 'chased the', 'BIRD', 'but', 'IT', 'flew', 'AWAY', 'into the', 'SUNSET']",assorted,The cat caught the bird?,other,n,1,1.2895907310012262,011,right,female,English,29,NA,Australia,keypress
36,incongruent,"['THE', 'owl', 'THAT', 'scared', 'THE', 'bat', 'MADE A', 'loop', 'IN THE', 'air']",subject,The owl scared the bat?,relative_clause,y,1,1.1223438000015449,011,right,female,English,29,NA,Australia,keypress
37,incongruent,"['THE', 'cop', 'THAT', 'met', 'THE', 'spy', 'WROTE A', 'book', 'ABOUT THE', 'case']",subject,The spy met the cop?,relative_clause,y,0,1.8383963289961684,011,right,female,English,29,NA,Australia,keypress
38,other,"['The', 'BOX', 'was', 'MADE', 'from', 'WOOD', 'and was', 'FULL', 'of', 'THINGS', 'that', 'SHINED']",assorted,The box was shiny?,other,n,1,0.8552814540162217,011,right,female,English,29,NA,Australia,keypress
39,incongruent,"['THE', 'tradie', 'THAT', 'thanked', 'THE', 'man', 'LEFT HIS', 'wallet', 'IN THE', 'car']",subject,The tradie left his wallet?,main_clause,y,1,4.415187122009229,011,right,female,English,29,NA,Australia,keypress
40,incongruent,"['THE', 'crook', 'THAT', 'warned', 'THE', 'thief', 'FLED THE', 'town', 'THE NEXT', 'morning']",subject,The thief fled the town?,main_clause,n,1,2.978430524992291,011,right,female,English,29,NA,Australia,keypress
41,incongruent,"['THE', 'rod', 'that the', 'PIPE', 'bent', 'had', 'A', 'hole', 'in', 'THE', 'middle']",object,The rod had a hole?,main_clause,n,0,1.9745467949833255,011,right,female,English,29,NA,Australia,keypress
42,other,"['The', 'BOY', 'who', 'HAD', 'a', 'BIRTHDAY', 'called', 'HIS', 'best', 'FRIEND', 'for a', 'CHAT']",assorted,The friend called the boy?,other,n,1,3.1118436099786777,011,right,female,English,29,NA,Australia,keypress
43,congruent,"['The', 'SCOUT', 'that the', 'coach', 'PUNCHED', 'had', 'a', 'FIGHT', 'with', 'a', 'MANAGER']",object,The coach punched the scout?,relative_clause,y,1,1.5379529779893346,011,right,female,English,29,NA,Australia,keypress
44,incongruent,"['THE', 'boy', 'THAT', 'helped', 'THE', 'girl', 'GOT AN', 'A', 'ON THE', 'test']",subject,The boy got an A?,main_clause,y,1,2.0757318249961827,011,right,female,English,29,NA,Australia,keypress
45,incongruent,"['THE', 'cat', 'that the', 'DOG', 'fought', 'licked', 'ITS', 'wounds', 'in', 'THE', 'corner']",object,The cat fought the dog?,relative_clause,y,0,1.256330729986075,011,right,female,English,29,NA,Australia,keypress
46,incongruent,"['THE', 'bum', 'that the', 'COP', 'scared', 'crossed', 'THE', 'street', 'at', 'THE', 'light']",object,The cop crossed the street?,main_clause,n,1,1.0719651769904883,011,right,female,English,29,NA,Australia,keypress
47,other,"['The', 'RING', 'that', 'WAS', 'sadly', 'LOST', 'was', 'FOUND', 'by the', 'FAT', 'and', 'VERY', 'happy', 'PRIEST']",assorted,The priest was sad?,other,n,1,1.2060721469752025,011,right,female,English,29,NA,Australia,keypress
48,other,"['The', 'GIRL', 'and the', 'BOY', 'that', 'OWNED', 'the', 'HORSE', 'had', 'MUD', 'on their', 'CLOTHES']",assorted,The horse was muddy?,other,n,1,1.0061621259956155,011,right,female,English,29,NA,Australia,keypress
49,congruent,"['The', 'CHIEF', 'that', 'THANKED', 'the', 'GIRL', 'was too', 'LATE', 'for the', 'BUS']",subject,The chief thanked the girl?,relative_clause,y,1,1.1734227190027011,011,right,female,English,29,NA,Australia,keypress
50,incongruent,"['THE', 'car', 'THAT', 'pulled', 'THE', 'truck', 'HAD A', 'scratch', 'ON THE', 'door']",subject,The car had a scratch?,main_clause,y,1,0.7391970150056295,011,right,female,English,29,NA,Australia,keypress
51,congruent,"['The', 'COOK', 'that', 'HUGGED', 'the', 'MAID', 'had a', 'TEAR', 'on her', 'CHEEK']",subject,The cook had a tear on her cheek?,main_clause,y,1,1.069827194995014,011,right,female,English,29,NA,Australia,keypress
52,other,"['The', 'WINE', 'that was', 'FANCY', 'was', 'KEPT', 'in the', 'CELLAR', 'for', 'NEARLY', 'ten', 'YEARS', 'and five', 'MONTHS']",assorted,The wine was fancy?,other,y,1,0.9553533459838944,011,right,female,English,29,NA,Australia,keypress
53,congruent,"['The', 'KNIGHT', 'that the', 'king', 'HELPED', 'sent', 'a', 'GIFT', 'from', 'his', 'CASTLE']",object,The king helped the knight?,relative_clause,y,1,0.9361732610268518,011,right,female,English,29,NA,Australia,keypress
54,congruent,"['The', 'MAID', 'that', 'LOVED', 'the', 'CHEF', 'quit the', 'JOB', 'at the', 'HOUSE']",subject,The chef quit the job?,main_clause,n,1,1.2222726760082878,011,right,female,English,29,NA,Australia,keypress
55,congruent,"['The', 'SAILOR', 'that the', 'banker', 'PUSHED', 'hurt', 'his', 'FOOT', 'in', 'the', 'BRAWL']",object,The sailor pushed the banker?,relative_clause,y,0,1.623755591979716,011,right,female,English,29,NA,Australia,keypress
56,other,"['The', 'JOB', 'that was', 'GIVEN', 'was', 'DIFFERENT', 'to', 'WHAT', 'she', 'EXPECTED']",assorted,The job was unexpected?,other,y,1,2.3429033560096286,011,right,female,English,29,NA,Australia,keypress
57,other,"['The', 'DOG', 'that', 'BARKED', 'is very', 'BIG', 'and very', 'FRIENDLY', 'but', 'DOESN’T', 'like', 'CATS']",assorted,The dog is very fluffy?,other,n,1,1.0888898240227718,011,right,female,English,29,NA,Australia,keypress
58,congruent,"['The', 'FRIEND', 'that', 'TEASED', 'the', 'BRIDE', 'told a', 'JOKE', 'about the', 'PAST']",subject,The bride told a joke?,main_clause,y,0,1.6734691429883242,011,right,female,English,29,NA,Australia,keypress
59,other,"['The', 'APPLES', 'that', 'THE', 'couple', 'BOUGHT', 'at the', 'MARKET', 'were', 'RED']",assorted,The couple bought green apples?,other,n,1,1.3554689919983502,011,right,female,English,29,NA,Australia,keypress
60,congruent,"['The', 'GUEST', 'that', 'KISSED', 'the', 'HOST', 'brought a', 'CAKE', 'to the', 'PARTY']",subject,The guest kissed the host?,relative_clause,y,1,2.0593795390159357,011,right,female,English,29,NA,Australia,keypress
61,incongruent,"['THE', 'king', 'that the', 'GUEST', 'pleased', 'poured', 'THE', 'wine', 'from', 'THE', 'jug']",object,The guest pleased the king?,relative_clause,y,1,1.473756378982216,011,right,female,English,29,NA,Australia,keypress
62,incongruent,"['THE', 'shelf', 'that the', 'PIANO', 'bumped', 'had', 'SOME', 'dust', 'on', 'ITS', 'top']",object,The shelf bumped the piano?,relative_clause,n,1,3.3280816359911114,011,right,female,English,29,NA,Australia,keypress
63,other,"['The', 'BOOK', 'that the', 'LADY', 'with a', 'TATTOO', 'had', 'WRITTEN', 'was her', 'BEST', 'book', 'YET']",assorted,The lady wrote a book?,other,y,1,0.8040105609979946,011,right,female,English,29,NA,Australia,keypress
64,other,"['The', 'CAR', 'that was', 'NEW', 'had', 'JUST', 'been', 'CLEANED', 'by', 'THE', 'old', 'LADY']",assorted,The car was new?,other,y,1,0.805007128015859,011,right,female,English,29,NA,Australia,keypress
65,congruent,"['The', 'HAT', 'that the', 'skirt', 'MATCHED', 'had', 'a', 'BOW', 'in', 'the', 'BACK']",object,The skirt had a bow?,main_clause,n,1,0.7882040340045933,011,right,female,English,29,NA,Australia,keypress
66,other,"['The', 'CONCERT', 'started', 'LATER', 'than', 'WHAT', 'the', 'LADY', 'told the', 'TRAVELER']",assorted,The concert started later than the travellers expected?,other,y,1,4.14746633998584,011,right,female,English,29,NA,Australia,keypress
67,incongruent,"['THE', 'desk', 'THAT', 'scratched', 'THE', 'bed', 'WAS TOO', 'old', 'TO BE', 'moved']",subject,The bed was too old?,main_clause,n,1,1.205728981003631,011,right,female,English,29,NA,Australia,keypress
68,incongruent,"['THE', 'thug', 'that the', 'MAN', 'saw', 'had', 'A', 'hat', 'on', 'HIS', 'head']",object,The man had a hat on his head?,main_clause,n,1,0.8894803030125331,011,right,female,English,29,NA,Australia,keypress
69,congruent,"['The', 'NUN', 'that the', 'monk', 'BLESSED', 'lit', 'a', 'CANDLE', 'on', 'the', 'TABLE']",object,The nun blessed the monk?,relative_clause,n,1,3.010263719013892,011,right,female,English,29,NA,Australia,keypress
70,other,"['The', 'FISH', 'was', 'CAUGHT', 'by the', 'GIRL', 'on the', 'BOAT', 'on a', 'FRIDAY']",assorted,The fish was caught by the boy?,other,n,1,1.021934357995633,011,right,female,English,29,NA,Australia,keypress
71,congruent,"['The', 'GUY', 'that the', 'judge', 'THANKED', 'left', 'the', 'ROOM', 'with', 'a', 'SMILE']",object,The guy thanked the judge?,relative_clause,y,0,1.1228544280165806,011,right,female,English,29,NA,Australia,keypress
72,other,"['The', 'GIRL', 'kicked the', 'BALL', 'into the', 'WINDOW', 'but it', 'DID', 'not', 'BREAK']",assorted,The girl broke the window?,other,n,1,0.8884737829794176,011,right,female,English,29,NA,Australia,keypress
73,incongruent,"['THE', 'boss', 'that the', 'CLERK', 'mocked', 'had', 'A', 'crush', 'on', 'THE', 'intern']",object,The boss had a crush?,main_clause,y,1,2.92812425098964,011,right,female,English,29,NA,Australia,keypress
1,other,"['The', 'CONCERT', 'started', 'LATER', 'than', 'WHAT', 'the', 'LADY', 'told the', 'TRAVELER']",assorted,The concert started early?,other,n,1,1.706024345000003,012,right,female,Dutch,23,English (Fluent),Australia,keypress
2,other,"['The', 'GIRL', 'on', 'THE', 'school', 'TRIP', 'saw a', 'FROG', 'and', 'LATER', 'she', 'SAW', 'a', 'MOUSE']",assorted,The girl saw a frog?,other,y,1,1.4734115329999895,012,right,female,Dutch,23,English (Fluent),Australia,keypress
3,incongruent,"['THE', 'car', 'that the', 'TRUCK', 'pulled', 'had', 'A', 'scratch', 'on', 'THE', 'door']",object,The car had a scratch?,main_clause,y,1,1.136133378000011,012,right,female,Dutch,23,English (Fluent),Australia,keypress
4,congruent,"['The', 'DAD', 'that', 'KNEW', 'the', 'CHEF', 'had a', 'SON', 'with a', 'LIMP']",subject,The chef had a son?,main_clause,n,1,2.0914273719999983,012,right,female,Dutch,23,English (Fluent),Australia,keypress
5,congruent,"['The', 'FRUIT', 'that the', 'cake', 'SQUASHED', 'made', 'a', 'MESS', 'in', 'the', 'BAG']",object,The fruit made a mess?,main_clause,y,1,2.259035363999999,012,right,female,Dutch,23,English (Fluent),Australia,keypress
6,incongruent,"['THE', 'clerk', 'that the', 'BOSS', 'liked', 'had', 'A', 'desk', 'by', 'THE', 'window']",object,The clerk had a desk by the window?,main_clause,y,1,3.860182831999964,012,right,female,Dutch,23,English (Fluent),Australia,keypress
7,congruent,"['The', 'PRINCE', 'that', 'HELPED', 'the', 'GIRL', 'had a', 'HEAD', 'of blonde', 'HAIR']",subject,The prince had blonde hair?,main_clause,y,1,3.896293160000027,012,right,female,Dutch,23,English (Fluent),Australia,keypress
8,incongruent,"['THE', 'thug', 'that the', 'MAN', 'saw', 'had', 'A', 'hat', 'on', 'HIS', 'head']",object,The man saw the thug?,relative_clause,n,0,2.375746154000012,012,right,female,Dutch,23,English (Fluent),Australia,keypress
9,other,"['The', 'WINE', 'that was', 'FANCY', 'was', 'KEPT', 'in the', 'CELLAR', 'for', 'NEARLY', 'ten', 'YEARS', 'and five', 'MONTHS']",assorted,The wine was bad?,other,n,1,1.372371107000049,012,right,female,Dutch,23,English (Fluent),Australia,keypress
10,other,"['The', 'FISH', 'was', 'CAUGHT', 'by the', 'GIRL', 'on the', 'BOAT', 'on a', 'FRIDAY']",assorted,The fish was caught by the girl?,other,y,1,2.1420805669999936,012,right,female,Dutch,23,English (Fluent),Australia,keypress
11,incongruent,"['THE', 'desk', 'that the', 'BED', 'scratched', 'was', 'TOO', 'old', 'to', 'BE', 'moved']",object,The bed was too old?,main_clause,n,1,2.5574715349999906,012,right,female,Dutch,23,English (Fluent),Australia,keypress
12,other,"['The', 'DESSERT', 'was', 'SERVED', 'with', 'CUSTARD', 'and', 'FRUIT', 'then', 'THERE', 'was', 'COFFEE']",assorted,The coffee was before dessert?,other,n,1,1.691326177999997,012,right,female,Dutch,23,English (Fluent),Australia,keypress
13,congruent,"['The', 'NUN', 'that the', 'monk', 'BLESSED', 'lit', 'a', 'CANDLE', 'on', 'the', 'TABLE']",object,The monk lit a candle?,main_clause,n,1,1.740695340000002,012,right,female,Dutch,23,English (Fluent),Australia,keypress
14,other,"['The', 'PIANO', 'was well', 'PLAYED', 'by', 'THE', 'old', 'LADY', 'but', 'IT', 'was', 'NOT', 'in', 'TUNE']",assorted,The piano was badly played?,other,n,1,1.8577608599999849,012,right,female,Dutch,23,English (Fluent),Australia,keypress
15,incongruent,"['THE', 'dean', 'that the', 'GUARD', 'heard', 'made', 'A', 'call', 'about', 'THE', 'matter']",object,The guard made a call?,main_clause,y,0,3.3284968489999756,012,right,female,Dutch,23,English (Fluent),Australia,keypress
16,congruent,"['The', 'DANCER', 'that the', 'guy', 'LIKED', 'was', 'a', 'CHEF', 'in', 'the', 'CITY']",object,The dancer liked the guy?,relative_clause,n,1,1.6573494920000371,012,right,female,Dutch,23,English (Fluent),Australia,keypress
17,incongruent,"['THE', 'crook', 'THAT', 'warned', 'THE', 'thief', 'FLED THE', 'town', 'THE NEXT', 'morning']",subject,The crook fled the town?,main_clause,n,0,4.464784440000017,012,right,female,Dutch,23,English (Fluent),Australia,keypress
18,incongruent,"['THE', 'shelf', 'THAT', 'bumped', 'THE', 'piano', 'HAD SOME', 'dust', 'ON ITS', 'top']",subject,The piano bumped the shelf?,relative_clause,n,1,3.0448239950000016,012,right,female,Dutch,23,English (Fluent),Australia,keypress
19,other,"['The', 'BIKE', 'that was', 'YELLOW', 'and', 'SHINY', 'belonged', 'TO', 'the', 'BOY', 'with the', 'HAT']",assorted,The bike was shiny?,other,y,1,1.4392581550000043,012,right,female,Dutch,23,English (Fluent),Australia,keypress
20,other,"['The', 'GIRL', 'kicked the', 'BALL', 'into the', 'WINDOW', 'but it', 'DID', 'not', 'BREAK']",assorted,The girl broke the window?,other,n,1,2.1727767760000347,012,right,female,Dutch,23,English (Fluent),Australia,keypress
21,incongruent,"['THE', 'count', 'THAT', 'knew', 'THE', 'queen', 'OWNED A', 'castle', 'BY THE', 'lake']",subject,The queen owned a castle?,main_clause,n,1,1.7722825289999946,012,right,female,Dutch,23,English (Fluent),Australia,keypress
22,other,"['The', 'BOOK', 'that the', 'LADY', 'with a', 'TATTOO', 'had', 'WRITTEN', 'was her', 'BEST', 'book', 'YET']",assorted,The man wrote a book?,other,n,1,1.4564373069999874,012,right,female,Dutch,23,English (Fluent),Australia,keypress
23,other,"['The', 'CAT', 'chased the', 'BIRD', 'but', 'IT', 'flew', 'AWAY', 'into the', 'SUNSET']",assorted,The cat chased the bird?,other,y,1,1.373063233000039,012,right,female,Dutch,23,English (Fluent),Australia,keypress
24,congruent,"['The', 'BUG', 'that', 'ATTACKED', 'the', 'ANT', 'was as', 'BIG', 'as a', 'COIN']",subject,The ant was as big as a coin?,main_clause,n,1,2.2921523369999477,012,right,female,Dutch,23,English (Fluent),Australia,keypress
25,other,"['The', 'MAN', 'who was', 'SHORT', 'gave his', 'WIFE', 'some red', 'CANDLES', 'for her', 'BIRTHDAY']",assorted,The man was tall?,other,n,1,1.0390115299999252,012,right,female,Dutch,23,English (Fluent),Australia,keypress
26,other,"['The', 'DESK', 'was', 'NEW', 'but', 'DUSTY', 'and', 'COVERED', 'with old', 'BOOKS']",assorted,The desk was new?,other,y,1,1.573913970000035,012,right,female,Dutch,23,English (Fluent),Australia,keypress
27,congruent,"['The', 'FRIEND', 'that the', 'bride', 'TEASED', 'told', 'a', 'JOKE', 'about', 'the', 'PAST']",object,The bride teased the friend?,relative_clause,y,1,1.5578503489999775,012,right,female,Dutch,23,English (Fluent),Australia,keypress
28,congruent,"['The', 'GUY', 'that', 'THANKED', 'the', 'JUDGE', 'left the', 'ROOM', 'with a', 'SMILE']",subject,The guy thanked the judge?,relative_clause,y,1,1.3736248740000292,012,right,female,Dutch,23,English (Fluent),Australia,keypress
29,incongruent,"['THE', 'maid', 'that the', 'CHEF', 'loved', 'quit', 'THE', 'job', 'at', 'THE', 'house']",object,The chef quit the job?,main_clause,n,1,3.175412573000017,012,right,female,Dutch,23,English (Fluent),Australia,keypress
30,incongruent,"['THE', 'girl', 'that the', 'NERD', 'thanked', 'broke', 'THE', 'vase', 'with', 'THE', 'flowers']",object,The girl pushed the nerd?,relative_clause,y,0,2.2769326359999695,012,right,female,Dutch,23,English (Fluent),Australia,keypress
31,other,"['The', 'GIRL', 'and the', 'BOY', 'that', 'OWNED', 'the', 'HORSE', 'had', 'MUD', 'on their', 'CLOTHES']",assorted,The boy and girl own a horse?,other,n,0,5.701415773000008,012,right,female,Dutch,23,English (Fluent),Australia,keypress
32,congruent,"['The', 'SAILOR', 'that', 'PUSHED', 'the', 'BANKER', 'hurt his', 'FOOT', 'in the', 'BRAWL']",subject,The sailor pushed the banker?,relative_clause,y,1,1.8582505120000403,012,right,female,Dutch,23,English (Fluent),Australia,keypress
33,congruent,"['The', 'TRADIE', 'that', 'THANKED', 'the', 'MAN', 'left his', 'WALLET', 'in the', 'CAR']",subject,The man thanked the tradie?,relative_clause,n,1,2.958129289999988,012,right,female,Dutch,23,English (Fluent),Australia,keypress
34,congruent,"['The', 'FOX', 'that', 'CHASED', 'the', 'WOLF', 'hurt its', 'PAWS', 'on the', 'WAY']",subject,The fox chased the wolf?,relative_clause,y,1,1.3395960569999943,012,right,female,Dutch,23,English (Fluent),Australia,keypress
35,other,"['The', 'BOX', 'was', 'MADE', 'from', 'WOOD', 'and was', 'FULL', 'of', 'THINGS', 'that', 'SHINED']",assorted,The box was shiny?,other,n,1,1.2227010240000027,012,right,female,Dutch,23,English (Fluent),Australia,keypress
36,congruent,"['The', 'COP', 'that the', 'spy', 'MET', 'wrote', 'a', 'BOOK', 'about', 'the', 'CASE']",object,The spy met the cop?,relative_clause,y,1,5.049265855000044,012,right,female,Dutch,23,English (Fluent),Australia,keypress
37,congruent,"['The', 'HAT', 'that', 'MATCHED', 'the', 'SKIRT', 'had a', 'BOW', 'in the', 'BACK']",subject,The skirt had a bow?,main_clause,n,1,2.5931414110000333,012,right,female,Dutch,23,English (Fluent),Australia,keypress
38,incongruent,"['THE', 'cat', 'that the', 'DOG', 'fought', 'licked', 'ITS', 'wounds', 'in', 'THE', 'corner']",object,The cat fought the dog?,relative_clause,y,0,3.328994034999937,012,right,female,Dutch,23,English (Fluent),Australia,keypress
39,incongruent,"['THE', 'cook', 'THAT', 'hugged', 'THE', 'maid', 'HAD A', 'tear', 'ON HER', 'cheek']",subject,The maid hugged the cook?,relative_clause,n,1,2.359163685999988,012,right,female,Dutch,23,English (Fluent),Australia,keypress
40,congruent,"['The', 'DEAN', 'that', 'CALLED', 'the', 'BOY', 'had a', 'VOICE', 'full of', 'ANGER']",subject,The dean had a voice full of anger?,main_clause,y,1,2.976987640999937,012,right,female,Dutch,23,English (Fluent),Australia,keypress
41,incongruent,"['THE', 'whale', 'THAT', 'bit', 'THE', 'shark', 'WON THE', 'fight', 'IN THE', 'end']",subject,The whale bit the shark?,relative_clause,y,1,2.0057409650000864,012,right,female,Dutch,23,English (Fluent),Australia,keypress
42,other,"['The', 'APPLES', 'that', 'THE', 'couple', 'BOUGHT', 'at the', 'MARKET', 'were', 'RED']",assorted,The couple bought some apples?,other,y,1,1.7574623499999689,012,right,female,Dutch,23,English (Fluent),Australia,keypress
43,congruent,"['The', 'PRIEST', 'that the', 'nun', 'THANKED', 'left', 'the', 'CHURCH', 'in', 'a', 'HURRY']",object,The nun left the church?,main_clause,n,1,3.311365870999907,012,right,female,Dutch,23,English (Fluent),Australia,keypress
44,other,"['The', 'CUP', 'was', 'MADE', 'from green', 'PLASTIC', 'and was', 'FILLED', 'with', 'JUICE']",assorted,The cup was full of green juice?,other,n,1,2.159448967000003,012,right,female,Dutch,23,English (Fluent),Australia,keypress
45,other,"['The', 'JOB', 'that was', 'GIVEN', 'was', 'DIFFERENT', 'to', 'WHAT', 'she', 'EXPECTED']",assorted,The job was unexpected?,other,y,1,2.2755052309998973,012,right,female,Dutch,23,English (Fluent),Australia,keypress
46,congruent,"['The', 'GROOM', 'that', 'CHARMED', 'the', 'AUNT', 'raised a', 'TOAST', 'to the', 'PARENTS']",subject,The aunt charmed the groom?,relative_clause,n,1,1.6247467500000994,012,right,female,Dutch,23,English (Fluent),Australia,keypress
47,incongruent,"['THE', 'priest', 'THAT', 'paid', 'THE', 'cook', 'SIGNED THE', 'check', 'AT THE', 'bank']",subject,The priest signed the check?,main_clause,y,1,1.8579151520000323,012,right,female,Dutch,23,English (Fluent),Australia,keypress
48,congruent,"['The', 'KING', 'that', 'PLEASED', 'the', 'GUEST', 'poured the', 'WINE', 'from the', 'JUG']",subject,The king poured the wine?,main_clause,y,1,2.376338824999948,012,right,female,Dutch,23,English (Fluent),Australia,keypress
49,incongruent,"['THE', 'bloke', 'THAT', 'helped', 'THE', 'mum', 'GAVE A', 'gift', 'TO SAY', 'thanks']",subject,The bloke helped the mum?,relative_clause,y,1,1.59043546099997,012,right,female,Dutch,23,English (Fluent),Australia,keypress
50,congruent,"['The', 'CHIEF', 'that the', 'girl', 'THANKED', 'was', 'too', 'LATE', 'for', 'the', 'BUS']",object,The chief was too late?,main_clause,y,1,1.1400489690000768,012,right,female,Dutch,23,English (Fluent),Australia,keypress
51,incongruent,"['THE', 'bum', 'THAT', 'scared', 'THE', 'cop', 'CROSSED THE', 'street', 'AT THE', 'light']",subject,The cop scared the bum?,relative_clause,n,1,1.4734108990001005,012,right,female,Dutch,23,English (Fluent),Australia,keypress
52,incongruent,"['THE', 'thief', 'that the', 'GUARD', 'saw', 'had', 'A', 'gun', 'in', 'HIS', 'holster']",object,The guard saw the thief?,relative_clause,y,1,1.7241175439999097,012,right,female,Dutch,23,English (Fluent),Australia,keypress
53,other,"['The', 'CAR', 'that was', 'NEW', 'had', 'JUST', 'been', 'CLEANED', 'by', 'THE', 'old', 'LADY']",assorted,The car was old?,other,n,1,1.1556445740000072,012,right,female,Dutch,23,English (Fluent),Australia,keypress
54,congruent,"['The', 'KID', 'that the', 'dad', 'FOLLOWED', 'had', 'some', 'MUD', 'on', 'his', 'SHOES']",object,The dad followed the kid?,relative_clause,y,1,1.3370162449999723,012,right,female,Dutch,23,English (Fluent),Australia,keypress
55,other,"['The', 'COLOUR', 'of the', 'HOUSE', 'was', 'BRIGHTER', 'than the', 'MEN', 'who travelled', 'EXPECTED']",assorted,The men travelled?,other,y,1,1.9585008169999585,012,right,female,Dutch,23,English (Fluent),Australia,keypress
56,incongruent,"['THE', 'guest', 'THAT', 'kissed', 'THE', 'host', 'BROUGHT A', 'cake', 'TO THE', 'party']",subject,The guest kissed the host?,relative_clause,y,1,1.4226814769999692,012,right,female,Dutch,23,English (Fluent),Australia,keypress
57,congruent,"['The', 'ROD', 'that', 'BENT', 'the', 'PIPE', 'had a', 'HOLE', 'in the', 'MIDDLE']",subject,The pipe bent the rod?,relative_clause,n,1,1.456564058999902,012,right,female,Dutch,23,English (Fluent),Australia,keypress
58,incongruent,"['THE', 'scout', 'THAT', 'punched', 'THE', 'coach', 'HAD A', 'fight', 'WITH A', 'manager']",subject,The coach had a fight?,main_clause,n,1,2.6433258499999965,012,right,female,Dutch,23,English (Fluent),Australia,keypress
59,other,"['The', 'BOSS', 'was', 'HAPPY', 'to', 'SEE', 'the', 'WORK', 'that', 'THE', 'two', 'GIRLS', 'had', 'DONE']",assorted,The boss was happy?,other,y,1,1.0729179459999614,012,right,female,Dutch,23,English (Fluent),Australia,keypress
60,congruent,"['The', 'MAN', 'that the', 'nurse', 'PHONED', 'left', 'his', 'PILLS', 'at', 'the', 'OFFICE']",object,The nurse left the pills?,main_clause,n,1,1.1719694120000668,012,right,female,Dutch,23,English (Fluent),Australia,keypress
61,other,"['The', 'RING', 'that', 'WAS', 'sadly', 'LOST', 'was', 'FOUND', 'by the', 'FAT', 'and', 'VERY', 'happy', 'PRIEST']",assorted,The priest was sad?,other,n,1,1.557618783999942,012,right,female,Dutch,23,English (Fluent),Australia,keypress
62,incongruent,"['THE', 'truck', 'THAT', 'bumped', 'THE', 'car', 'HAD A', 'man', 'AT THE', 'wheel']",subject,The truck had a man at the wheel?,main_clause,y,1,2.342336500999977,012,right,female,Dutch,23,English (Fluent),Australia,keypress
63,incongruent,"['THE', 'owl', 'THAT', 'scared', 'THE', 'bat', 'MADE A', 'loop', 'IN THE', 'air']",subject,The bat made a loop?,main_clause,n,1,2.0725194719999536,012,right,female,Dutch,23,English (Fluent),Australia,keypress
64,incongruent,"['THE', 'boss', 'that the', 'CLERK', 'mocked', 'had', 'A', 'crush', 'on', 'THE', 'intern']",object,The boss mocked the clerk?,relative_clause,n,1,3.295239567000067,012,right,female,Dutch,23,English (Fluent),Australia,keypress
65,congruent,"['The', 'BOY', 'that the', 'girl', 'HELPED', 'got', 'an', 'A', 'on', 'the', 'TEST']",object,The boy got an A?,main_clause,y,1,3.529417950000152,012,right,female,Dutch,23,English (Fluent),Australia,keypress
66,other,"['The', 'MAN', 'was very', 'HUNGRY', 'after the', 'MEETING', 'so', 'HAD', 'lunch', 'EARLY']",assorted,The boy was hungry?,other,n,1,1.5904764950000754,012,right,female,Dutch,23,English (Fluent),Australia,keypress
67,congruent,"['The', 'NIECE', 'that the', 'aunt', 'KISSED', 'sang', 'a', 'SONG', 'for', 'the', 'GUESTS']",object,The niece kissed the aunt?,relative_clause,y,0,1.873372560000007,012,right,female,Dutch,23,English (Fluent),Australia,keypress
68,other,"['The', 'HAT', 'that was', 'WORN', 'by the', 'BOY', 'with a', 'JACKET', 'was too', 'SMALL', 'for the', 'MAN']",assorted,The hat was too small?,other,y,1,4.816050282000106,012,right,female,Dutch,23,English (Fluent),Australia,keypress
69,incongruent,"['THE', 'boat', 'that the', 'YACHT', 'chased', 'made', 'A', 'turn', 'at', 'THE', 'boathouse']",object,The boat made a turn?,main_clause,n,0,3.1777201490001517,012,right,female,Dutch,23,English (Fluent),Australia,keypress
70,other,"['The', 'DOG', 'that', 'BARKED', 'is very', 'BIG', 'and very', 'FRIENDLY', 'but', 'DOESN’T', 'like', 'CATS']",assorted,The dog is very big?,other,y,1,1.7232883300000594,012,right,female,Dutch,23,English (Fluent),Australia,keypress
71,other,"['The', 'BOY', 'who', 'HAD', 'a', 'BIRTHDAY', 'called', 'HIS', 'best', 'FRIEND', 'for a', 'CHAT']",assorted,The boy called his best friend?,other,y,1,1.6235423900000114,012,right,female,Dutch,23,English (Fluent),Australia,keypress
72,congruent,"['The', 'NURSE', 'that the', 'coach', 'BLAMED', 'checked', 'the', 'FILE', 'of', 'the', 'GYMNAST']",object,The nurse blamed the coach?,relative_clause,y,0,4.211142765999966,012,right,female,Dutch,23,English (Fluent),Australia,keypress
73,incongruent,"['THE', 'knight', 'that the', 'KING', 'helped', 'sent', 'A', 'gift', 'from', 'HIS', 'castle']",object,The king helped the knight?,relative_clause,n,0,3.1111519669998415,012,right,female,Dutch,23,English (Fluent),Australia,keypress
1,incongruent,"['THE', 'guy', 'THAT', 'thanked', 'THE', 'judge', 'LEFT THE', 'room', 'WITH A', 'smile']",subject,The judge left the room?,main_clause,y,0,0.9385352980000334,013,left,male,English,26,NA,Australia,keypress
2,other,"['The', 'DESK', 'was', 'NEW', 'but', 'DUSTY', 'and', 'COVERED', 'with old', 'BOOKS']",assorted,The desk was old?,other,n,1,1.4042769640000188,013,left,male,English,26,NA,Australia,keypress
3,other,"['The', 'JOB', 'that was', 'GIVEN', 'was', 'DIFFERENT', 'to', 'WHAT', 'she', 'EXPECTED']",assorted,The job was unexpected?,other,n,0,0.922252329999992,013,left,male,English,26,NA,Australia,keypress
4,congruent,"['The', 'DESK', 'that', 'SCRATCHED', 'the', 'BED', 'was too', 'OLD', 'to be', 'MOVED']",subject,The bed scratched the desk?,relative_clause,y,0,4.731579213000032,013,left,male,English,26,NA,Australia,keypress
5,incongruent,"['THE', 'crook', 'THAT', 'warned', 'THE', 'thief', 'FLED THE', 'town', 'THE NEXT', 'morning']",subject,The crook fled the town?,main_clause,y,1,1.390104640000004,013,left,male,English,26,NA,Australia,keypress
6,congruent,"['The', 'MAID', 'that the', 'chef', 'LOVED', 'quit', 'the', 'JOB', 'at', 'the', 'HOUSE']",object,The maid quit the job?,main_clause,y,1,0.952649210000004,013,left,male,English,26,NA,Australia,keypress
7,other,"['The', 'BIKE', 'that was', 'YELLOW', 'and', 'SHINY', 'belonged', 'TO', 'the', 'BOY', 'with the', 'HAT']",assorted,The bike was red?,other,n,1,1.089202023000098,013,left,male,English,26,NA,Australia,keypress
8,other,"['The', 'GIRL', 'on', 'THE', 'school', 'TRIP', 'saw a', 'FROG', 'and', 'LATER', 'she', 'SAW', 'a', 'MOUSE']",assorted,The girl saw a frog?,other,y,1,0.7887180039999748,013,left,male,English,26,NA,Australia,keypress
9,other,"['The', 'CONCERT', 'started', 'LATER', 'than', 'WHAT', 'the', 'LADY', 'told the', 'TRAVELER']",assorted,The concert started later than the travellers expected?,other,y,1,2.693831667999916,013,left,male,English,26,NA,Australia,keypress
10,incongruent,"['THE', 'car', 'THAT', 'pulled', 'THE', 'truck', 'HAD A', 'scratch', 'ON THE', 'door']",subject,The truck pulled the car?,relative_clause,n,1,2.907931469999994,013,left,male,English,26,NA,Australia,keypress
11,incongruent,"['THE', 'bloke', 'that the', 'MUM', 'helped', 'gave', 'A', 'gift', 'to', 'SAY', 'thanks']",object,The mum helped the bloke?,relative_clause,y,1,1.7415393580000682,013,left,male,English,26,NA,Australia,keypress
12,incongruent,"['THE', 'nurse', 'THAT', 'blamed', 'THE', 'coach', 'CHECKED THE', 'file', 'OF THE', 'gymnast']",subject,The nurse blamed the coach?,relative_clause,y,1,3.445412367999893,013,left,male,English,26,NA,Australia,keypress
13,other,"['The', 'MAN', 'was very', 'HUNGRY', 'after the', 'MEETING', 'so', 'HAD', 'lunch', 'EARLY']",assorted,The boy was hungry?,other,n,1,0.985877553000023,013,left,male,English,26,NA,Australia,keypress
14,other,"['The', 'COLOUR', 'of the', 'HOUSE', 'was', 'BRIGHTER', 'than the', 'MEN', 'who travelled', 'EXPECTED']",assorted,The men travelled?,other,y,1,1.6748737149999895,013,left,male,English,26,NA,Australia,keypress
15,congruent,"['The', 'CHIEF', 'that', 'THANKED', 'the', 'GIRL', 'was too', 'LATE', 'for the', 'BUS']",subject,The girl was too late?,main_clause,n,1,1.6883794750000334,013,left,male,English,26,NA,Australia,keypress
16,other,"['The', 'GIRL', 'and the', 'BOY', 'that', 'OWNED', 'the', 'HORSE', 'had', 'MUD', 'on their', 'CLOTHES']",assorted,The horse was muddy?,other,n,1,1.791162417999999,013,left,male,English,26,NA,Australia,keypress
17,congruent,"['The', 'GUEST', 'that', 'KISSED', 'the', 'HOST', 'brought a', 'CAKE', 'to the', 'PARTY']",subject,The guest kissed the host?,relative_clause,y,1,0.8214076860000432,013,left,male,English,26,NA,Australia,keypress
18,congruent,"['The', 'DAD', 'that', 'KNEW', 'the', 'CHEF', 'had a', 'SON', 'with a', 'LIMP']",subject,The dad knew the chef?,relative_clause,y,1,1.089098482000054,013,left,male,English,26,NA,Australia,keypress
19,congruent,"['The', 'CLERK', 'that', 'LIKED', 'the', 'BOSS', 'had a', 'DESK', 'by the', 'WINDOW']",subject,The clerk liked the boss?,relative_clause,y,1,1.406582780000008,013,left,male,English,26,NA,Australia,keypress
20,incongruent,"['THE', 'priest', 'that the', 'COOK', 'paid', 'signed', 'THE', 'check', 'at', 'THE', 'bank']",object,The priest paid the cook?,relative_clause,y,0,1.774695720000068,013,left,male,English,26,NA,Australia,keypress
21,incongruent,"['THE', 'kid', 'THAT', 'followed', 'THE', 'dad', 'HAD SOME', 'mud', 'ON HIS', 'shoes']",subject,The dad followed the kid?,relative_clause,n,1,2.025217252999937,013,left,male,English,26,NA,Australia,keypress
22,congruent,"['The', 'COOK', 'that', 'HUGGED', 'the', 'MAID', 'had a', 'TEAR', 'on her', 'CHEEK']",subject,The cook had a tear on her cheek?,main_clause,y,1,1.4735987459999933,013,left,male,English,26,NA,Australia,keypress
23,incongruent,"['THE', 'dancer', 'that the', 'GUY', 'liked', 'was', 'A', 'chef', 'in', 'THE', 'city']",object,The dancer was a chef?,main_clause,y,1,1.456354315999988,013,left,male,English,26,NA,Australia,keypress
24,other,"['The', 'BOSS', 'was', 'HAPPY', 'to', 'SEE', 'the', 'WORK', 'that', 'THE', 'two', 'GIRLS', 'had', 'DONE']",assorted,The girls were happy?,other,n,1,1.2063985180000143,013,left,male,English,26,NA,Australia,keypress
25,congruent,"['The', 'BUM', 'that the', 'cop', 'SCARED', 'crossed', 'the', 'STREET', 'at', 'the', 'LIGHT']",object,The cop scared the bum?,relative_clause,y,1,1.0393987280000374,013,left,male,English,26,NA,Australia,keypress
26,other,"['The', 'CUP', 'was', 'MADE', 'from green', 'PLASTIC', 'and was', 'FILLED', 'with', 'JUICE']",assorted,The cup was full of green juice?,other,n,1,1.3898782960000062,013,left,male,English,26,NA,Australia,keypress
27,other,"['The', 'DESSERT', 'was', 'SERVED', 'with', 'CUSTARD', 'and', 'FRUIT', 'then', 'THERE', 'was', 'COFFEE']",assorted,The coffee was before dessert?,other,n,1,1.6072881410000264,013,left,male,English,26,NA,Australia,keypress
28,incongruent,"['THE', 'prince', 'THAT', 'helped', 'THE', 'girl', 'HAD A', 'head', 'OF BLONDE', 'hair']",subject,The prince had blonde hair?,main_clause,y,1,0.9055996260000256,013,left,male,English,26,NA,Australia,keypress
29,incongruent,"['THE', 'count', 'that the', 'QUEEN', 'knew', 'owned', 'A', 'castle', 'by', 'THE', 'lake']",object,The queen owned a castle?,main_clause,n,1,0.8546485209999446,013,left,male,English,26,NA,Australia,keypress
30,other,"['The', 'FISH', 'was', 'CAUGHT', 'by the', 'GIRL', 'on the', 'BOAT', 'on a', 'FRIDAY']",assorted,The fish was caught by the boy?,other,n,1,1.573580588000027,013,left,male,English,26,NA,Australia,keypress
31,incongruent,"['THE', 'whale', 'that the', 'SHARK', 'bit', 'won', 'THE', 'fight', 'in', 'THE', 'end']",object,The shark won the fight?,main_clause,n,1,0.7193964499999765,013,left,male,English,26,NA,Australia,keypress
32,incongruent,"['THE', 'cop', 'that the', 'SPY', 'met', 'wrote', 'A', 'book', 'about', 'THE', 'case']",object,The cop met the spy?,relative_clause,y,0,1.5732090359999802,013,left,male,English,26,NA,Australia,keypress
33,congruent,"['The', 'BUG', 'that the', 'ant', 'ATTACKED', 'was', 'as', 'BIG', 'as', 'a', 'COIN']",object,The bug attacked the ant?,relative_clause,n,1,2.2587142950000043,013,left,male,English,26,NA,Australia,keypress
34,other,"['The', 'BOY', 'who', 'HAD', 'a', 'BIRTHDAY', 'called', 'HIS', 'best', 'FRIEND', 'for a', 'CHAT']",assorted,The boy called his best friend?,other,y,1,1.170297840000103,013,left,male,English,26,NA,Australia,keypress
35,congruent,"['The', 'GIRL', 'that', 'PUSHED', 'the', 'NERD', 'broke the', 'VASE', 'with the', 'FLOWERS']",subject,The girl broke the vase?,main_clause,y,1,1.604298758999903,013,left,male,English,26,NA,Australia,keypress
36,incongruent,"['THE', 'priest', 'that the', 'NUN', 'thanked', 'left', 'THE', 'church', 'in', 'A', 'hurry']",object,The priest left the church?,main_clause,n,0,1.4707191239999702,013,left,male,English,26,NA,Australia,keypress
37,congruent,"['The', 'ROD', 'that the', 'pipe', 'BENT', 'had', 'a', 'HOLE', 'in', 'the', 'MIDDLE']",object,The pipe had a hole?,main_clause,y,0,1.1722905200001603,013,left,male,English,26,NA,Australia,keypress
38,incongruent,"['THE', 'cat', 'that the', 'DOG', 'fought', 'licked', 'ITS', 'wounds', 'in', 'THE', 'corner']",object,The dog licked its wounds?,main_clause,n,1,0.6382381299999906,013,left,male,English,26,NA,Australia,keypress
39,congruent,"['The', 'OWL', 'that the', 'bat', 'SCARED', 'made', 'a', 'LOOP', 'in', 'the', 'AIR']",object,The owl made a loop?,main_clause,y,1,0.9214400700000168,013,left,male,English,26,NA,Australia,keypress
40,other,"['The', 'GIRL', 'kicked the', 'BALL', 'into the', 'WINDOW', 'but it', 'DID', 'not', 'BREAK']",assorted,The girl kicked the ball?,other,y,1,0.8023718509998616,013,left,male,English,26,NA,Australia,keypress
41,congruent,"['The', 'FRIEND', 'that the', 'bride', 'TEASED', 'told', 'a', 'JOKE', 'about', 'the', 'PAST']",object,The bride told a joke?,main_clause,n,1,1.6048147499998322,013,left,male,English,26,NA,Australia,keypress
42,other,"['The', 'PIANO', 'was well', 'PLAYED', 'by', 'THE', 'old', 'LADY', 'but', 'IT', 'was', 'NOT', 'in', 'TUNE']",assorted,The piano was badly played?,other,n,1,1.0220312239998748,013,left,male,English,26,NA,Australia,keypress
43,congruent,"['The', 'TRUCK', 'that the', 'car', 'BUMPED', 'had', 'a', 'MAN', 'at', 'the', 'WHEEL']",object,The truck had a man at the wheel?,main_clause,y,1,2.258624275000102,013,left,male,English,26,NA,Australia,keypress
44,other,"['The', 'WINE', 'that was', 'FANCY', 'was', 'KEPT', 'in the', 'CELLAR', 'for', 'NEARLY', 'ten', 'YEARS', 'and five', 'MONTHS']",assorted,The wine was bad?,other,n,1,0.73787685100001,013,left,male,English,26,NA,Australia,keypress
45,incongruent,"['THE', 'sailor', 'that the', 'BANKER', 'pushed', 'hurt', 'HIS', 'foot', 'in', 'THE', 'brawl']",object,The banker pushed the sailor?,relative_clause,y,1,2.527354024000033,013,left,male,English,26,NA,Australia,keypress
46,congruent,"['The', 'SCOUT', 'that the', 'coach', 'PUNCHED', 'had', 'a', 'FIGHT', 'with', 'a', 'MANAGER']",object,The coach punched the scout?,relative_clause,y,1,3.5429477909999605,013,left,male,English,26,NA,Australia,keypress
47,other,"['The', 'BOX', 'was', 'MADE', 'from', 'WOOD', 'and was', 'FULL', 'of', 'THINGS', 'that', 'SHINED']",assorted,The box was full of things?,other,y,1,0.8719158900000821,013,left,male,English,26,NA,Australia,keypress
48,other,"['The', 'HAT', 'that was', 'WORN', 'by the', 'BOY', 'with a', 'JACKET', 'was too', 'SMALL', 'for the', 'MAN']",assorted,The hat was too small?,other,n,0,1.2560903059998054,013,left,male,English,26,NA,Australia,keypress
49,incongruent,"['THE', 'dean', 'that the', 'GUARD', 'heard', 'made', 'A', 'call', 'about', 'THE', 'matter']",object,The guard heard the dean?,relative_clause,y,1,1.2395826859999488,013,left,male,English,26,NA,Australia,keypress
50,incongruent,"['THE', 'boss', 'that the', 'CLERK', 'mocked', 'had', 'A', 'crush', 'on', 'THE', 'intern']",object,The boss had a crush?,main_clause,n,0,1.3374998790000063,013,left,male,English,26,NA,Australia,keypress
51,congruent,"['The', 'KING', 'that the', 'guest', 'PLEASED', 'poured', 'the', 'WINE', 'from', 'the', 'JUG']",object,The guest poured the wine?,main_clause,n,1,1.7737211999999545,013,left,male,English,26,NA,Australia,keypress
52,incongruent,"['THE', 'thug', 'THAT', 'saw', 'THE', 'man', 'HAD A', 'hat', 'ON HIS', 'head']",subject,The man had a hat on his head?,main_clause,n,1,1.4738022380001894,013,left,male,English,26,NA,Australia,keypress
53,congruent,"['The', 'BOAT', 'that', 'CHASED', 'the', 'YACHT', 'made a', 'TURN', 'at the', 'BOATHOUSE']",subject,The yacht made a turn?,main_clause,n,1,0.9721612420000838,013,left,male,English,26,NA,Australia,keypress
54,congruent,"['The', 'FOX', 'that', 'CHASED', 'the', 'WOLF', 'hurt its', 'PAWS', 'on the', 'WAY']",subject,The wolf hurt its paws?,main_clause,n,1,1.0024325009999302,013,left,male,English,26,NA,Australia,keypress
55,other,"['The', 'CAT', 'chased the', 'BIRD', 'but', 'IT', 'flew', 'AWAY', 'into the', 'SUNSET']",assorted,The cat chased the bird?,other,y,1,1.8411593940002149,013,left,male,English,26,NA,Australia,keypress
56,incongruent,"['THE', 'nun', 'THAT', 'blessed', 'THE', 'monk', 'LIT A', 'candle', 'ON THE', 'table']",subject,The nun blessed the monk?,relative_clause,y,1,1.6739751380000598,013,left,male,English,26,NA,Australia,keypress
57,congruent,"['The', 'DEAN', 'that', 'CALLED', 'the', 'BOY', 'had a', 'VOICE', 'full of', 'ANGER']",subject,The boy called the dean?,relative_clause,n,1,1.505900580999878,013,left,male,English,26,NA,Australia,keypress
58,other,"['The', 'DOG', 'that', 'BARKED', 'is very', 'BIG', 'and very', 'FRIENDLY', 'but', 'DOESN’T', 'like', 'CATS']",assorted,The dog is very big?,other,y,1,2.1063757950000763,013,left,male,English,26,NA,Australia,keypress
59,incongruent,"['THE', 'boy', 'THAT', 'helped', 'THE', 'girl', 'GOT AN', 'A', 'ON THE', 'test']",subject,The girl helped the boy?,relative_clause,n,1,0.9404341659999318,013,left,male,English,26,NA,Australia,keypress
60,incongruent,"['THE', 'niece', 'that the', 'AUNT', 'kissed', 'sang', 'A', 'song', 'for', 'THE', 'guests']",object,The niece kissed the aunt?,relative_clause,n,1,2.05913061199999,013,left,male,English,26,NA,Australia,keypress
61,congruent,"['The', 'HAT', 'that the', 'skirt', 'MATCHED', 'had', 'a', 'BOW', 'in', 'the', 'BACK']",object,The skirt matched the hat?,relative_clause,y,1,2.1062121679999564,013,left,male,English,26,NA,Australia,keypress
62,other,"['The', 'CAR', 'that was', 'NEW', 'had', 'JUST', 'been', 'CLEANED', 'by', 'THE', 'old', 'LADY']",assorted,The car was new?,other,y,1,1.2065524689999163,013,left,male,English,26,NA,Australia,keypress
63,other,"['The', 'RING', 'that', 'WAS', 'sadly', 'LOST', 'was', 'FOUND', 'by the', 'FAT', 'and', 'VERY', 'happy', 'PRIEST']",assorted,The priest was sad?,other,n,1,0.8384435800001029,013,left,male,English,26,NA,Australia,keypress
64,congruent,"['The', 'MAN', 'that the', 'nurse', 'PHONED', 'left', 'his', 'PILLS', 'at', 'the', 'OFFICE']",object,The man phoned the nurse?,relative_clause,n,1,1.891310102000034,013,left,male,English,26,NA,Australia,keypress
65,congruent,"['The', 'GROOM', 'that', 'CHARMED', 'the', 'AUNT', 'raised a', 'TOAST', 'to the', 'PARENTS']",subject,The groom raised a toast?,main_clause,y,1,1.5741990970000188,013,left,male,English,26,NA,Australia,keypress
66,other,"['The', 'MAN', 'who was', 'SHORT', 'gave his', 'WIFE', 'some red', 'CANDLES', 'for her', 'BIRTHDAY']",assorted,The man was short?,other,y,1,1.82560652799998,013,left,male,English,26,NA,Australia,keypress
67,incongruent,"['THE', 'tradie', 'THAT', 'thanked', 'THE', 'man', 'LEFT HIS', 'wallet', 'IN THE', 'car']",subject,The tradie thanked the man?,relative_clause,y,1,0.7561510159998761,013,left,male,English,26,NA,Australia,keypress
68,other,"['The', 'BOOK', 'that the', 'LADY', 'with a', 'TATTOO', 'had', 'WRITTEN', 'was her', 'BEST', 'book', 'YET']",assorted,The lady wrote a book?,other,y,1,0.5879290259999834,013,left,male,English,26,NA,Australia,keypress
69,congruent,"['The', 'KNIGHT', 'that', 'HELPED', 'the', 'KING', 'sent a', 'GIFT', 'from his', 'CASTLE']",subject,The king helped the knight?,relative_clause,n,1,1.4559652709999682,013,left,male,English,26,NA,Australia,keypress
70,incongruent,"['THE', 'shelf', 'THAT', 'bumped', 'THE', 'piano', 'HAD SOME', 'dust', 'ON ITS', 'top']",subject,The piano had dust on its top?,main_clause,n,1,1.0564982590001364,013,left,male,English,26,NA,Australia,keypress
71,other,"['The', 'APPLES', 'that', 'THE', 'couple', 'BOUGHT', 'at the', 'MARKET', 'were', 'RED']",assorted,The couple bought green apples?,other,n,1,1.5064867940000113,013,left,male,English,26,NA,Australia,keypress
72,incongruent,"['THE', 'thief', 'THAT', 'saw', 'THE', 'guard', 'HAD A', 'gun', 'IN HIS', 'holster']",subject,The thief had a gun?,main_clause,y,1,0.6378341399999954,013,left,male,English,26,NA,Australia,keypress
73,congruent,"['The', 'FRUIT', 'that the', 'cake', 'SQUASHED', 'made', 'a', 'MESS', 'in', 'the', 'BAG']",object,The fruit squashed the cake?,relative_clause,y,0,2.0083727969999927,013,left,male,English,26,NA,Australia,keypress
1,other,"['The', 'COLOUR', 'of the', 'HOUSE', 'was', 'BRIGHTER', 'than the', 'MEN', 'who travelled', 'EXPECTED']",assorted,The men travelled?,other,y,1,2.935332088999985,014,right,female,English,25,NA,Australia,keypress
2,congruent,"['The', 'GIRL', 'that', 'PUSHED', 'the', 'NERD', 'broke the', 'VASE', 'with the', 'FLOWERS']",subject,The girl broke the vase?,main_clause,y,1,2.83866536000005,014,right,female,English,25,NA,Australia,keypress
3,other,"['The', 'PIANO', 'was well', 'PLAYED', 'by', 'THE', 'old', 'LADY', 'but', 'IT', 'was', 'NOT', 'in', 'TUNE']",assorted,The piano was well played?,other,y,1,1.3548997240000062,014,right,female,English,25,NA,Australia,keypress
4,incongruent,"['THE', 'dad', 'THAT', 'knew', 'THE', 'chef', 'HAD A', 'son', 'WITH A', 'limp']",subject,The chef knew the dad?,relative_clause,d,0,5.6418856700001925,014,right,female,English,25,NA,Australia,keypress
5,congruent,"['The', 'KING', 'that', 'PLEASED', 'the', 'GUEST', 'poured the', 'WINE', 'from the', 'JUG']",subject,The guest pleased the king?,relative_clause,y,0,4.856981829000233,014,right,female,English,25,NA,Australia,keypress
6,incongruent,"['THE', 'fox', 'THAT', 'chased', 'THE', 'wolf', 'HURT ITS', 'paws', 'ON THE', 'way']",subject,The fox chased the wolf?,relative_clause,n,0,3.152322381000431,014,right,female,English,25,NA,Australia,keypress
7,congruent,"['The', 'SAILOR', 'that the', 'banker', 'PUSHED', 'hurt', 'his', 'FOOT', 'in', 'the', 'BRAWL']",object,The banker pushed the sailor?,relative_clause,y,1,5.541251028000261,014,right,female,English,25,NA,Australia,keypress
8,congruent,"['The', 'PRINCE', 'that the', 'girl', 'HELPED', 'had', 'a', 'HEAD', 'of', 'blonde', 'HAIR']",object,The girl had blonde hair?,main_clause,y,0,1.337826210000003,014,right,female,English,25,NA,Australia,keypress
9,incongruent,"['THE', 'car', 'that the', 'TRUCK', 'pulled', 'had', 'A', 'scratch', 'on', 'THE', 'door']",object,The truck had a scratch?,main_clause,n,1,2.9700672870003473,014,right,female,English,25,NA,Australia,keypress
10,other,"['The', 'DESSERT', 'was', 'SERVED', 'with', 'CUSTARD', 'and', 'FRUIT', 'then', 'THERE', 'was', 'COFFEE']",assorted,The coffee was after dessert?,other,n,0,3.1735533289997875,014,right,female,English,25,NA,Australia,keypress
11,other,"['The', 'CAT', 'chased the', 'BIRD', 'but', 'IT', 'flew', 'AWAY', 'into the', 'SUNSET']",assorted,The cat chased the bird?,other,y,1,3.891447798000172,014,right,female,English,25,NA,Australia,keypress
12,incongruent,"['THE', 'priest', 'THAT', 'paid', 'THE', 'cook', 'SIGNED THE', 'check', 'AT THE', 'bank']",subject,The priest signed the check?,main_clause,y,1,1.6875277980002463,014,right,female,English,25,NA,Australia,keypress
13,incongruent,"['THE', 'knight', 'THAT', 'helped', 'THE', 'king', 'SENT A', 'gift', 'FROM HIS', 'castle']",subject,The king sent a gift?,main_clause,n,1,6.7103637200002595,014,right,female,English,25,NA,Australia,keypress
14,incongruent,"['THE', 'shelf', 'that the', 'PIANO', 'bumped', 'had', 'SOME', 'dust', 'on', 'ITS', 'top']",object,The shelf had some dust on its top?,main_clause,n,0,2.721371741999974,014,right,female,English,25,NA,Australia,keypress
15,incongruent,"['THE', 'tradie', 'THAT', 'thanked', 'THE', 'man', 'LEFT HIS', 'wallet', 'IN THE', 'car']",subject,The man thanked the tradie?,relative_clause,d,0,12.878781008999796,014,right,female,English,25,NA,Australia,keypress
16,congruent,"['The', 'FRIEND', 'that the', 'bride', 'TEASED', 'told', 'a', 'JOKE', 'about', 'the', 'PAST']",object,The friend teased the bride?,relative_clause,n,1,1.7054076149997854,014,right,female,English,25,NA,Australia,keypress
17,congruent,"['The', 'GUEST', 'that the', 'host', 'KISSED', 'brought', 'a', 'CAKE', 'to', 'the', 'PARTY']",object,The host kissed the guest?,relative_clause,y,1,2.2057075990001067,014,right,female,English,25,NA,Australia,keypress
18,incongruent,"['THE', 'boat', 'that the', 'YACHT', 'chased', 'made', 'A', 'turn', 'at', 'THE', 'boathouse']",object,The yacht chased the boat?,relative_clause,d,0,3.1887819489998037,014,right,female,English,25,NA,Australia,keypress
19,incongruent,"['THE', 'thief', 'that the', 'GUARD', 'saw', 'had', 'A', 'gun', 'in', 'HIS', 'holster']",object,The guard had a gun?,main_clause,y,0,2.8892597379999643,014,right,female,English,25,NA,Australia,keypress
20,congruent,"['The', 'GUY', 'that the', 'judge', 'THANKED', 'left', 'the', 'ROOM', 'with', 'a', 'SMILE']",object,The guy thanked the judge?,relative_clause,y,0,1.337639147000118,014,right,female,English,25,NA,Australia,keypress
21,other,"['The', 'CONCERT', 'started', 'LATER', 'than', 'WHAT', 'the', 'LADY', 'told the', 'TRAVELER']",assorted,The concert started early?,other,n,1,2.5556156460002057,014,right,female,English,25,NA,Australia,keypress
22,other,"['The', 'BOX', 'was', 'MADE', 'from', 'WOOD', 'and was', 'FULL', 'of', 'THINGS', 'that', 'SHINED']",assorted,The box was shiny?,other,n,1,1.1709379500002797,014,right,female,English,25,NA,Australia,keypress
23,congruent,"['The', 'NUN', 'that the', 'monk', 'BLESSED', 'lit', 'a', 'CANDLE', 'on', 'the', 'TABLE']",object,The nun lit a candle?,main_clause,y,1,4.47330164899995,014,right,female,English,25,NA,Australia,keypress
24,congruent,"['The', 'TRUCK', 'that', 'BUMPED', 'the', 'CAR', 'had a', 'MAN', 'at the', 'WHEEL']",subject,The truck had a man at the wheel?,main_clause,y,1,2.9394439010002316,014,right,female,English,25,NA,Australia,keypress
25,congruent,"['The', 'DANCER', 'that the', 'guy', 'LIKED', 'was', 'a', 'CHEF', 'in', 'the', 'CITY']",object,The guy liked the dancer?,relative_clause,y,1,5.67483700799994,014,right,female,English,25,NA,Australia,keypress
26,incongruent,"['THE', 'boy', 'that the', 'GIRL', 'helped', 'got', 'AN', 'A', 'on', 'THE', 'test']",object,The boy got an A?,main_clause,n,0,3.4067522780001127,014,right,female,English,25,NA,Australia,keypress
27,other,"['The', 'DOG', 'that', 'BARKED', 'is very', 'BIG', 'and very', 'FRIENDLY', 'but', 'DOESN’T', 'like', 'CATS']",assorted,The dog is very fluffy?,other,y,0,4.341742221000004,014,right,female,English,25,NA,Australia,keypress
28,other,"['The', 'MAN', 'was very', 'HUNGRY', 'after the', 'MEETING', 'so', 'HAD', 'lunch', 'EARLY']",assorted,The boy was hungry?,other,n,1,2.1386358290001226,014,right,female,English,25,NA,Australia,keypress
29,other,"['The', 'APPLES', 'that', 'THE', 'couple', 'BOUGHT', 'at the', 'MARKET', 'were', 'RED']",assorted,The couple bought green apples?,other,n,1,1.8048623469999256,014,right,female,English,25,NA,Australia,keypress
30,other,"['The', 'CUP', 'was', 'MADE', 'from green', 'PLASTIC', 'and was', 'FILLED', 'with', 'JUICE']",assorted,The cup was full of green juice?,other,n,1,3.5723381349998817,014,right,female,English,25,NA,Australia,keypress
31,congruent,"['The', 'DESK', 'that the', 'bed', 'SCRATCHED', 'was', 'too', 'OLD', 'to', 'be', 'MOVED']",object,The desk was too old?,main_clause,y,1,4.640711684000053,014,right,female,English,25,NA,Australia,keypress
32,incongruent,"['THE', 'whale', 'that the', 'SHARK', 'bit', 'won', 'THE', 'fight', 'in', 'THE', 'end']",object,The shark bit the whale?,relative_clause,n,0,4.289662045000114,014,right,female,English,25,NA,Australia,keypress
33,congruent,"['The', 'GROOM', 'that the', 'aunt', 'CHARMED', 'raised', 'a', 'TOAST', 'to', 'the', 'PARENTS']",object,The aunt raised a toast?,main_clause,n,1,1.2888510450002286,014,right,female,English,25,NA,Australia,keypress
34,congruent,"['The', 'DEAN', 'that', 'CALLED', 'the', 'BOY', 'had a', 'VOICE', 'full of', 'ANGER']",subject,The boy had a voice full of anger?,main_clause,n,1,1.957163873999889,014,right,female,English,25,NA,Australia,keypress
35,other,"['The', 'GIRL', 'kicked the', 'BALL', 'into the', 'WINDOW', 'but it', 'DID', 'not', 'BREAK']",assorted,The girl broke the window?,other,n,1,0.9696382160000212,014,right,female,English,25,NA,Australia,keypress
36,other,"['The', 'RING', 'that', 'WAS', 'sadly', 'LOST', 'was', 'FOUND', 'by the', 'FAT', 'and', 'VERY', 'happy', 'PRIEST']",assorted,The priest found the ring?,other,y,1,3.2049208379999072,014,right,female,English,25,NA,Australia,keypress
37,congruent,"['The', 'NURSE', 'that the', 'coach', 'BLAMED', 'checked', 'the', 'FILE', 'of', 'the', 'GYMNAST']",object,The coach checked the file?,main_clause,n,1,3.690511917999629,014,right,female,English,25,NA,Australia,keypress
38,other,"['The', 'GIRL', 'and the', 'BOY', 'that', 'OWNED', 'the', 'HORSE', 'had', 'MUD', 'on their', 'CLOTHES']",assorted,The boy and girl own a horse?,other,y,1,1.6046224239998992,014,right,female,English,25,NA,Australia,keypress
39,congruent,"['The', 'HAT', 'that the', 'skirt', 'MATCHED', 'had', 'a', 'BOW', 'in', 'the', 'BACK']",object,The hat matched the skirt?,relative_clause,y,0,4.508243055000094,014,right,female,English,25,NA,Australia,keypress
40,other,"['The', 'JOB', 'that was', 'GIVEN', 'was', 'DIFFERENT', 'to', 'WHAT', 'she', 'EXPECTED']",assorted,The job was as expected?,other,n,1,1.5046340250000867,014,right,female,English,25,NA,Australia,keypress
41,other,"['The', 'BOOK', 'that the', 'LADY', 'with a', 'TATTOO', 'had', 'WRITTEN', 'was her', 'BEST', 'book', 'YET']",assorted,The lady wrote a book?,other,y,1,1.254436281999915,014,right,female,English,25,NA,Australia,keypress
42,congruent,"['The', 'CAT', 'that', 'FOUGHT', 'the', 'DOG', 'licked its', 'WOUNDS', 'in the', 'CORNER']",subject,The dog licked its wounds?,main_clause,y,0,2.072044670000196,014,right,female,English,25,NA,Australia,keypress
43,congruent,"['The', 'CHIEF', 'that', 'THANKED', 'the', 'GIRL', 'was too', 'LATE', 'for the', 'BUS']",subject,The chief thanked the girl?,relative_clause,y,1,1.3888076549997097,014,right,female,English,25,NA,Australia,keypress
44,other,"['The', 'GIRL', 'on', 'THE', 'school', 'TRIP', 'saw a', 'FROG', 'and', 'LATER', 'she', 'SAW', 'a', 'MOUSE']",assorted,The girl saw a mouse first?,other,n,1,3.1739928550000513,014,right,female,English,25,NA,Australia,keypress
45,incongruent,"['THE', 'count', 'THAT', 'knew', 'THE', 'queen', 'OWNED A', 'castle', 'BY THE', 'lake']",subject,The queen knew the count?,relative_clause,n,1,1.6891447080001851,014,right,female,English,25,NA,Australia,keypress
46,incongruent,"['THE', 'man', 'THAT', 'phoned', 'THE', 'nurse', 'LEFT HIS', 'pills', 'AT THE', 'office']",subject,The nurse left the pills?,main_clause,y,0,2.8886617580001257,014,right,female,English,25,NA,Australia,keypress
47,congruent,"['The', 'CLERK', 'that', 'LIKED', 'the', 'BOSS', 'had a', 'DESK', 'by the', 'WINDOW']",subject,The boss liked the clerk?,relative_clause,y,0,2.5014026660001036,014,right,female,English,25,NA,Australia,keypress
48,incongruent,"['THE', 'cop', 'THAT', 'met', 'THE', 'spy', 'WROTE A', 'book', 'ABOUT THE', 'case']",subject,The cop wrote a book?,main_clause,y,1,2.071123942000213,014,right,female,English,25,NA,Australia,keypress
49,incongruent,"['THE', 'thug', 'that the', 'MAN', 'saw', 'had', 'A', 'hat', 'on', 'HIS', 'head']",object,The thug saw the man?,relative_clause,d,0,2.006172520999826,014,right,female,English,25,NA,Australia,keypress
50,other,"['The', 'HAT', 'that was', 'WORN', 'by the', 'BOY', 'with a', 'JACKET', 'was too', 'SMALL', 'for the', 'MAN']",assorted,The hat was too small?,other,n,0,4.7372750250001445,014,right,female,English,25,NA,Australia,keypress
51,incongruent,"['THE', 'priest', 'that the', 'NUN', 'thanked', 'left', 'THE', 'church', 'in', 'A', 'hurry']",object,The nun thanked the priest?,relative_clause,d,0,3.355838554999991,014,right,female,English,25,NA,Australia,keypress
52,incongruent,"['THE', 'bloke', 'THAT', 'helped', 'THE', 'mum', 'GAVE A', 'gift', 'TO SAY', 'thanks']",subject,The bloke helped the mum?,relative_clause,y,1,1.2710879669994029,014,right,female,English,25,NA,Australia,keypress
53,other,"['The', 'DESK', 'was', 'NEW', 'but', 'DUSTY', 'and', 'COVERED', 'with old', 'BOOKS']",assorted,The desk was new?,other,y,1,1.2034657770000194,014,right,female,English,25,NA,Australia,keypress
54,other,"['The', 'BOSS', 'was', 'HAPPY', 'to', 'SEE', 'the', 'WORK', 'that', 'THE', 'two', 'GIRLS', 'had', 'DONE']",assorted,The boss was happy?,other,y,1,0.9515478859993892,014,right,female,English,25,NA,Australia,keypress
55,congruent,"['The', 'BUM', 'that the', 'cop', 'SCARED', 'crossed', 'the', 'STREET', 'at', 'the', 'LIGHT']",object,The bum crossed the street?,main_clause,y,1,4.37460608299989,014,right,female,English,25,NA,Australia,keypress
56,congruent,"['The', 'ROD', 'that', 'BENT', 'the', 'PIPE', 'had a', 'HOLE', 'in the', 'MIDDLE']",subject,The rod had a hole?,main_clause,y,1,4.406288196999412,014,right,female,English,25,NA,Australia,keypress
57,congruent,"['The', 'COOK', 'that', 'HUGGED', 'the', 'MAID', 'had a', 'TEAR', 'on her', 'CHEEK']",subject,The maid hugged the cook?,relative_clause,n,1,1.988567718000013,014,right,female,English,25,NA,Australia,keypress
58,incongruent,"['THE', 'fruit', 'that the', 'CAKE', 'squashed', 'made', 'A', 'mess', 'in', 'THE', 'bag']",object,The fruit squashed the cake?,relative_clause,n,1,2.1194843860002948,014,right,female,English,25,NA,Australia,keypress
59,other,"['The', 'MAN', 'who was', 'SHORT', 'gave his', 'WIFE', 'some red', 'CANDLES', 'for her', 'BIRTHDAY']",assorted,The man was tall?,other,y,0,3.0226760710002054,014,right,female,English,25,NA,Australia,keypress
60,other,"['The', 'BOY', 'who', 'HAD', 'a', 'BIRTHDAY', 'called', 'HIS', 'best', 'FRIEND', 'for a', 'CHAT']",assorted,The friend called the boy?,other,y,0,3.2862603450003007,014,right,female,English,25,NA,Australia,keypress
61,other,"['The', 'CAR', 'that was', 'NEW', 'had', 'JUST', 'been', 'CLEANED', 'by', 'THE', 'old', 'LADY']",assorted,The car was new?,other,y,1,1.0881785660003516,014,right,female,English,25,NA,Australia,keypress
62,incongruent,"['THE', 'dean', 'that the', 'GUARD', 'heard', 'made', 'A', 'call', 'about', 'THE', 'matter']",object,The dean made a call?,main_clause,y,1,1.8389221520001229,014,right,female,English,25,NA,Australia,keypress
63,incongruent,"['THE', 'kid', 'that the', 'DAD', 'followed', 'had', 'SOME', 'mud', 'on', 'HIS', 'shoes']",object,The dad had some mud on his shoes?,main_clause,y,0,1.855132186999981,014,right,female,English,25,NA,Australia,keypress
64,congruent,"['The', 'NIECE', 'that', 'KISSED', 'the', 'AUNT', 'sang a', 'SONG', 'for the', 'GUESTS']",subject,The aunt sang a song?,main_clause,y,0,1.5047630480003136,014,right,female,English,25,NA,Australia,keypress
65,congruent,"['The', 'BOSS', 'that', 'MOCKED', 'the', 'CLERK', 'had a', 'CRUSH', 'on the', 'INTERN']",subject,The boss mocked the clerk?,relative_clause,y,1,2.4726072280000153,014,right,female,English,25,NA,Australia,keypress
66,other,"['The', 'WINE', 'that was', 'FANCY', 'was', 'KEPT', 'in the', 'CELLAR', 'for', 'NEARLY', 'ten', 'YEARS', 'and five', 'MONTHS']",assorted,The wine was fancy?,other,y,1,0.7205267489998732,014,right,female,English,25,NA,Australia,keypress
67,incongruent,"['THE', 'bug', 'that the', 'ANT', 'attacked', 'was', 'AS', 'big', 'as', 'A', 'coin']",object,The bug attacked the ant?,relative_clause,y,0,1.7213707019991489,014,right,female,English,25,NA,Australia,keypress
68,incongruent,"['THE', 'maid', 'THAT', 'loved', 'THE', 'chef', 'QUIT THE', 'job', 'AT THE', 'house']",subject,The maid loved the chef?,relative_clause,n,0,1.6872292770003696,014,right,female,English,25,NA,Australia,keypress
69,congruent,"['The', 'CROOK', 'that', 'WARNED', 'the', 'THIEF', 'fled the', 'TOWN', 'the next', 'MORNING']",subject,The crook warned the thief?,relative_clause,y,1,3.6199795760003326,014,right,female,English,25,NA,Australia,keypress
70,other,"['The', 'BIKE', 'that was', 'YELLOW', 'and', 'SHINY', 'belonged', 'TO', 'the', 'BOY', 'with the', 'HAT']",assorted,The bike was red?,other,n,1,1.387655991000429,014,right,female,English,25,NA,Australia,keypress
71,incongruent,"['THE', 'owl', 'THAT', 'scared', 'THE', 'bat', 'MADE A', 'loop', 'IN THE', 'air']",subject,The bat made a loop?,main_clause,n,1,0.9529844809994756,014,right,female,English,25,NA,Australia,keypress
72,other,"['The', 'FISH', 'was', 'CAUGHT', 'by the', 'GIRL', 'on the', 'BOAT', 'on a', 'FRIDAY']",assorted,The fish was caught by the boy?,other,n,1,1.9055944390001969,014,right,female,English,25,NA,Australia,keypress
73,incongruent,"['THE', 'scout', 'THAT', 'punched', 'THE', 'coach', 'HAD A', 'fight', 'WITH A', 'manager']",subject,The scout had a fight?,main_clause,y,1,1.1509151179998298,014,right,female,English,25,NA,Australia,keypress
1,congruent,"['The', 'DESK', 'that the', 'bed', 'SCRATCHED', 'was', 'too', 'OLD', 'to', 'be', 'MOVED']",object,The desk scratched the bed?,relative_clause,n,1,1.6742531089994372,015,right,female,English,31,NA,Australia,keypress
2,incongruent,"['THE', 'whale', 'THAT', 'bit', 'THE', 'shark', 'WON THE', 'fight', 'IN THE', 'end']",subject,The whale won the fight?,main_clause,y,1,1.0230741329996818,015,right,female,English,31,NA,Australia,keypress
3,congruent,"['The', 'TRADIE', 'that the', 'man', 'THANKED', 'left', 'his', 'WALLET', 'in', 'the', 'CAR']",object,The man thanked the tradie?,relative_clause,y,1,2.275555827000062,015,right,female,English,31,NA,Australia,keypress
4,incongruent,"['THE', 'cook', 'that the', 'MAID', 'hugged', 'had', 'A', 'tear', 'on', 'HER', 'cheek']",object,The cook had a tear on her cheek?,main_clause,y,1,1.523856223000621,015,right,female,English,31,NA,Australia,keypress
5,other,"['The', 'HAT', 'that was', 'WORN', 'by the', 'BOY', 'with a', 'JACKET', 'was too', 'SMALL', 'for the', 'MAN']",assorted,The hat was too small?,other,n,0,2.3085697360002086,015,right,female,English,31,NA,Australia,keypress
6,congruent,"['The', 'SHELF', 'that', 'BUMPED', 'the', 'PIANO', 'had some', 'DUST', 'on its', 'TOP']",subject,The shelf had some dust on its top?,main_clause,y,1,1.156354330000795,015,right,female,English,31,NA,Australia,keypress
7,other,"['The', 'MAN', 'who was', 'SHORT', 'gave his', 'WIFE', 'some red', 'CANDLES', 'for her', 'BIRTHDAY']",assorted,The man was short?,other,y,1,1.0049986770000032,015,right,female,English,31,NA,Australia,keypress
8,other,"['The', 'MAN', 'was very', 'HUNGRY', 'after the', 'MEETING', 'so', 'HAD', 'lunch', 'EARLY']",assorted,The man was hungry?,other,y,1,0.7208473709997634,015,right,female,English,31,NA,Australia,keypress
9,other,"['The', 'APPLES', 'that', 'THE', 'couple', 'BOUGHT', 'at the', 'MARKET', 'were', 'RED']",assorted,The couple bought green apples?,other,n,1,1.039095983000152,015,right,female,English,31,NA,Australia,keypress
10,congruent,"['The', 'DAD', 'that the', 'chef', 'KNEW', 'had', 'a', 'SON', 'with', 'a', 'LIMP']",object,The dad had a son with a limp?,main_clause,y,1,1.2231821400000626,015,right,female,English,31,NA,Australia,keypress
11,incongruent,"['THE', 'boy', 'THAT', 'helped', 'THE', 'girl', 'GOT AN', 'A', 'ON THE', 'test']",subject,The girl helped the boy?,relative_clause,n,1,1.64180897299957,015,right,female,English,31,NA,Australia,keypress
12,other,"['The', 'CONCERT', 'started', 'LATER', 'than', 'WHAT', 'the', 'LADY', 'told the', 'TRAVELER']",assorted,The concert started later than the travellers expected?,other,y,1,1.707026168000084,015,right,female,English,31,NA,Australia,keypress
13,congruent,"['The', 'NURSE', 'that', 'BLAMED', 'the', 'COACH', 'checked the', 'FILE', 'of the', 'GYMNAST']",subject,The coach checked the file?,main_clause,n,1,1.740934861999449,015,right,female,English,31,NA,Australia,keypress
14,other,"['The', 'BOY', 'who', 'HAD', 'a', 'BIRTHDAY', 'called', 'HIS', 'best', 'FRIEND', 'for a', 'CHAT']",assorted,The friend called the boy?,other,n,1,1.872393595000176,015,right,female,English,31,NA,Australia,keypress
15,other,"['The', 'PIANO', 'was well', 'PLAYED', 'by', 'THE', 'old', 'LADY', 'but', 'IT', 'was', 'NOT', 'in', 'TUNE']",assorted,The piano was well played?,other,n,0,1.5740783420005755,015,right,female,English,31,NA,Australia,keypress
16,other,"['The', 'BOSS', 'was', 'HAPPY', 'to', 'SEE', 'the', 'WORK', 'that', 'THE', 'two', 'GIRLS', 'had', 'DONE']",assorted,The boss was happy?,other,y,1,1.2237271350004448,015,right,female,English,31,NA,Australia,keypress
17,other,"['The', 'BIKE', 'that was', 'YELLOW', 'and', 'SHINY', 'belonged', 'TO', 'the', 'BOY', 'with the', 'HAT']",assorted,The bike was red?,other,n,1,0.972647636000147,015,right,female,English,31,NA,Australia,keypress
18,incongruent,"['THE', 'guest', 'that the', 'HOST', 'kissed', 'brought', 'A', 'cake', 'to', 'THE', 'party']",object,The host brought a cake?,main_clause,n,1,1.5401588510003421,015,right,female,English,31,NA,Australia,keypress
19,congruent,"['The', 'OWL', 'that', 'SCARED', 'the', 'BAT', 'made a', 'LOOP', 'in the', 'AIR']",subject,The owl made a loop?,main_clause,n,0,1.1218844880004326,015,right,female,English,31,NA,Australia,keypress
20,congruent,"['The', 'DEAN', 'that the', 'boy', 'CALLED', 'had', 'a', 'VOICE', 'full', 'of', 'ANGER']",object,The boy had a voice full of anger?,main_clause,d,0,2.4765690000003815,015,right,female,English,31,NA,Australia,keypress
21,other,"['The', 'DOG', 'that', 'BARKED', 'is very', 'BIG', 'and very', 'FRIENDLY', 'but', 'DOESN’T', 'like', 'CATS']",assorted,The dog is very fluffy?,other,n,1,1.0055380710000463,015,right,female,English,31,NA,Australia,keypress
22,incongruent,"['THE', 'guy', 'that the', 'JUDGE', 'thanked', 'left', 'THE', 'room', 'with', 'A', 'smile']",object,The judge left the room?,main_clause,y,0,1.172676418000265,015,right,female,English,31,NA,Australia,keypress
23,incongruent,"['THE', 'groom', 'that the', 'AUNT', 'charmed', 'raised', 'A', 'toast', 'to', 'THE', 'parents']",object,The groom charmed the aunt?,relative_clause,y,0,1.8408000119998176,015,right,female,English,31,NA,Australia,keypress
24,incongruent,"['THE', 'niece', 'THAT', 'kissed', 'THE', 'aunt', 'SANG A', 'song', 'FOR THE', 'guests']",subject,The niece kissed the aunt?,relative_clause,y,1,1.022377155999493,015,right,female,English,31,NA,Australia,keypress
25,incongruent,"['THE', 'chief', 'that the', 'GIRL', 'thanked', 'was', 'TOO', 'late', 'for', 'THE', 'bus']",object,The chief thanked the girl?,relative_clause,n,1,1.624412602999655,015,right,female,English,31,NA,Australia,keypress
26,incongruent,"['THE', 'fox', 'THAT', 'chased', 'THE', 'wolf', 'HURT ITS', 'paws', 'ON THE', 'way']",subject,The wolf chased the fox?,relative_clause,n,1,1.155792460000157,015,right,female,English,31,NA,Australia,keypress
27,other,"['The', 'DESK', 'was', 'NEW', 'but', 'DUSTY', 'and', 'COVERED', 'with old', 'BOOKS']",assorted,The desk was new?,other,n,0,0.9364035599992347,015,right,female,English,31,NA,Australia,keypress
28,other,"['The', 'BOX', 'was', 'MADE', 'from', 'WOOD', 'and was', 'FULL', 'of', 'THINGS', 'that', 'SHINED']",assorted,The box was shiny?,other,n,1,1.323033724999732,015,right,female,English,31,NA,Australia,keypress
29,incongruent,"['THE', 'clerk', 'THAT', 'liked', 'THE', 'boss', 'HAD A', 'desk', 'BY THE', 'window']",subject,The boss had a desk by the window?,main_clause,y,0,1.272977272999924,015,right,female,English,31,NA,Australia,keypress
30,congruent,"['The', 'SAILOR', 'that', 'PUSHED', 'the', 'BANKER', 'hurt his', 'FOOT', 'in the', 'BRAWL']",subject,The banker pushed the sailor?,relative_clause,n,1,1.202850863999629,015,right,female,English,31,NA,Australia,keypress
31,congruent,"['The', 'MAN', 'that', 'PHONED', 'the', 'NURSE', 'left his', 'PILLS', 'at the', 'OFFICE']",subject,The nurse phoned the man?,relative_clause,n,1,1.7409961069997737,015,right,female,English,31,NA,Australia,keypress
32,other,"['The', 'FISH', 'was', 'CAUGHT', 'by the', 'GIRL', 'on the', 'BOAT', 'on a', 'FRIDAY']",assorted,The fish was caught by the boy?,other,n,1,1.406577517000187,015,right,female,English,31,NA,Australia,keypress
33,congruent,"['The', 'KID', 'that', 'FOLLOWED', 'the', 'DAD', 'had some', 'MUD', 'on his', 'SHOES']",subject,The kid followed the dad?,relative_clause,y,1,0.920168458000262,015,right,female,English,31,NA,Australia,keypress
34,congruent,"['The', 'THIEF', 'that the', 'guard', 'SAW', 'had', 'a', 'GUN', 'in', 'his', 'HOLSTER']",object,The guard saw the thief?,relative_clause,y,1,1.7407149379996554,015,right,female,English,31,NA,Australia,keypress
35,other,"['The', 'CAR', 'that was', 'NEW', 'had', 'JUST', 'been', 'CLEANED', 'by', 'THE', 'old', 'LADY']",assorted,The car was old?,other,n,1,0.8226231839998945,015,right,female,English,31,NA,Australia,keypress
36,other,"['The', 'CAT', 'chased the', 'BIRD', 'but', 'IT', 'flew', 'AWAY', 'into the', 'SUNSET']",assorted,The cat caught the bird?,other,n,1,1.0047521750002488,015,right,female,English,31,NA,Australia,keypress
37,congruent,"['The', 'FRUIT', 'that', 'SQUASHED', 'the', 'CAKE', 'made a', 'MESS', 'in the', 'BAG']",subject,The cake made a mess?,main_clause,n,1,1.4895883350000076,015,right,female,English,31,NA,Australia,keypress
38,other,"['The', 'GIRL', 'kicked the', 'BALL', 'into the', 'WINDOW', 'but it', 'DID', 'not', 'BREAK']",assorted,The girl broke the window?,other,n,1,0.855424645000312,015,right,female,English,31,NA,Australia,keypress
39,other,"['The', 'GIRL', 'and the', 'BOY', 'that', 'OWNED', 'the', 'HORSE', 'had', 'MUD', 'on their', 'CLOTHES']",assorted,The horse was muddy?,other,n,1,0.7712814119995528,015,right,female,English,31,NA,Australia,keypress
40,congruent,"['The', 'TRUCK', 'that the', 'car', 'BUMPED', 'had', 'a', 'MAN', 'at', 'the', 'WHEEL']",object,The truck bumped the car?,relative_clause,n,1,1.6052161090001391,015,right,female,English,31,NA,Australia,keypress
41,incongruent,"['THE', 'king', 'THAT', 'pleased', 'THE', 'guest', 'POURED THE', 'wine', 'FROM THE', 'jug']",subject,The king poured the wine?,main_clause,n,0,0.955386519000058,015,right,female,English,31,NA,Australia,keypress
42,incongruent,"['THE', 'car', 'THAT', 'pulled', 'THE', 'truck', 'HAD A', 'scratch', 'ON THE', 'door']",subject,The car had a scratch?,main_clause,y,1,1.139981514000283,015,right,female,English,31,NA,Australia,keypress
43,incongruent,"['THE', 'hat', 'THAT', 'matched', 'THE', 'skirt', 'HAD A', 'bow', 'IN THE', 'back']",subject,The skirt matched the hat?,relative_clause,y,0,1.607368787999803,015,right,female,English,31,NA,Australia,keypress
44,congruent,"['The', 'BOSS', 'that the', 'clerk', 'MOCKED', 'had', 'a', 'CRUSH', 'on', 'the', 'INTERN']",object,The boss had a crush?,main_clause,n,0,2.206346465999559,015,right,female,English,31,NA,Australia,keypress
45,incongruent,"['THE', 'girl', 'that the', 'NERD', 'thanked', 'broke', 'THE', 'vase', 'with', 'THE', 'flowers']",object,The girl pushed the nerd?,relative_clause,n,1,1.539905476000058,015,right,female,English,31,NA,Australia,keypress
46,incongruent,"['THE', 'dean', 'that the', 'GUARD', 'heard', 'made', 'A', 'call', 'about', 'THE', 'matter']",object,The guard made a call?,main_clause,y,0,1.1064793659998031,015,right,female,English,31,NA,Australia,keypress
47,congruent,"['The', 'NUN', 'that the', 'monk', 'BLESSED', 'lit', 'a', 'CANDLE', 'on', 'the', 'TABLE']",object,The nun lit a candle?,main_clause,y,1,1.6578939649998574,015,right,female,English,31,NA,Australia,keypress
48,incongruent,"['THE', 'prince', 'THAT', 'helped', 'THE', 'girl', 'HAD A', 'head', 'OF BLONDE', 'hair']",subject,The prince helped the girl?,relative_clause,y,1,1.206307327000104,015,right,female,English,31,NA,Australia,keypress
49,congruent,"['The', 'BLOKE', 'that the', 'mum', 'HELPED', 'gave', 'a', 'GIFT', 'to', 'say', 'THANKS']",object,The bloke helped the mum?,relative_clause,y,0,0.8550680939997619,015,right,female,English,31,NA,Australia,keypress
50,incongruent,"['THE', 'bug', 'that the', 'ANT', 'attacked', 'was', 'AS', 'big', 'as', 'A', 'coin']",object,The ant attacked the bug?,relative_clause,y,1,2.2099560999995447,015,right,female,English,31,NA,Australia,keypress
51,incongruent,"['THE', 'thug', 'that the', 'MAN', 'saw', 'had', 'A', 'hat', 'on', 'HIS', 'head']",object,The man saw the thug?,relative_clause,y,1,1.1053125859998545,015,right,female,English,31,NA,Australia,keypress
52,congruent,"['The', 'MAID', 'that the', 'chef', 'LOVED', 'quit', 'the', 'JOB', 'at', 'the', 'HOUSE']",object,The chef loved the maid?,relative_clause,y,1,1.824844912000117,015,right,female,English,31,NA,Australia,keypress
53,other,"['The', 'JOB', 'that was', 'GIVEN', 'was', 'DIFFERENT', 'to', 'WHAT', 'she', 'EXPECTED']",assorted,The job was unexpected?,other,y,1,1.5404150839995054,015,right,female,English,31,NA,Australia,keypress
54,congruent,"['The', 'PRIEST', 'that the', 'nun', 'THANKED', 'left', 'the', 'CHURCH', 'in', 'a', 'HURRY']",object,The nun left the church?,main_clause,n,1,1.6242736200001673,015,right,female,English,31,NA,Australia,keypress
55,other,"['The', 'BOOK', 'that the', 'LADY', 'with a', 'TATTOO', 'had', 'WRITTEN', 'was her', 'BEST', 'book', 'YET']",assorted,The lady wrote a book?,other,y,1,0.8712522499999977,015,right,female,English,31,NA,Australia,keypress
56,congruent,"['The', 'FRIEND', 'that', 'TEASED', 'the', 'BRIDE', 'told a', 'JOKE', 'about the', 'PAST']",subject,The friend teased the bride?,relative_clause,y,1,0.9557790989993008,015,right,female,English,31,NA,Australia,keypress
57,other,"['The', 'GIRL', 'on', 'THE', 'school', 'TRIP', 'saw a', 'FROG', 'and', 'LATER', 'she', 'SAW', 'a', 'MOUSE']",assorted,The girl saw a frog?,other,y,1,0.8387985889994525,015,right,female,English,31,NA,Australia,keypress
58,congruent,"['The', 'DANCER', 'that', 'LIKED', 'the', 'GUY', 'was a', 'CHEF', 'in the', 'CITY']",subject,The guy was a chef?,main_clause,y,0,0.9721074170001884,015,right,female,English,31,NA,Australia,keypress
59,incongruent,"['THE', 'cop', 'that the', 'SPY', 'met', 'wrote', 'A', 'book', 'about', 'THE', 'case']",object,The cop wrote a book?,main_clause,y,1,1.4905764099994483,015,right,female,English,31,NA,Australia,keypress
60,other,"['The', 'CUP', 'was', 'MADE', 'from green', 'PLASTIC', 'and was', 'FILLED', 'with', 'JUICE']",assorted,The cup was made from plastic?,other,y,1,1.3228427170006398,015,right,female,English,31,NA,Australia,keypress
61,congruent,"['The', 'CROOK', 'that', 'WARNED', 'the', 'THIEF', 'fled the', 'TOWN', 'the next', 'MORNING']",subject,The crook fled the town?,main_clause,y,1,1.139111784999841,015,right,female,English,31,NA,Australia,keypress
62,congruent,"['The', 'COUNT', 'that', 'KNEW', 'the', 'QUEEN', 'owned a', 'CASTLE', 'by the', 'LAKE']",subject,The queen knew the count?,relative_clause,y,0,1.8742752759999348,015,right,female,English,31,NA,Australia,keypress
63,other,"['The', 'RING', 'that', 'WAS', 'sadly', 'LOST', 'was', 'FOUND', 'by the', 'FAT', 'and', 'VERY', 'happy', 'PRIEST']",assorted,The priest found the ring?,other,y,1,1.0388800509999785,015,right,female,English,31,NA,Australia,keypress
64,other,"['The', 'WINE', 'that was', 'FANCY', 'was', 'KEPT', 'in the', 'CELLAR', 'for', 'NEARLY', 'ten', 'YEARS', 'and five', 'MONTHS']",assorted,The wine was bad?,other,n,1,1.055800566000471,015,right,female,English,31,NA,Australia,keypress
65,congruent,"['The', 'CAT', 'that the', 'dog', 'FOUGHT', 'licked', 'its', 'WOUNDS', 'in', 'the', 'CORNER']",object,The dog licked its wounds?,main_clause,n,1,1.5239743160000216,015,right,female,English,31,NA,Australia,keypress
66,incongruent,"['THE', 'scout', 'THAT', 'punched', 'THE', 'coach', 'HAD A', 'fight', 'WITH A', 'manager']",subject,The coach had a fight?,main_clause,n,1,1.5740099399999965,015,right,female,English,31,NA,Australia,keypress
67,incongruent,"['THE', 'knight', 'that the', 'KING', 'helped', 'sent', 'A', 'gift', 'from', 'HIS', 'castle']",object,The knight sent a gift?,main_clause,y,1,0.7553819600007046,015,right,female,English,31,NA,Australia,keypress
68,incongruent,"['THE', 'priest', 'that the', 'COOK', 'paid', 'signed', 'THE', 'check', 'at', 'THE', 'bank']",object,The cook paid the priest?,relative_clause,n,0,1.6902058400000897,015,right,female,English,31,NA,Australia,keypress
69,incongruent,"['THE', 'boat', 'THAT', 'chased', 'THE', 'yacht', 'MADE A', 'turn', 'AT THE', 'boathouse']",subject,The boat chased the yacht?,relative_clause,y,1,1.5564221289996567,015,right,female,English,31,NA,Australia,keypress
70,other,"['The', 'DESSERT', 'was', 'SERVED', 'with', 'CUSTARD', 'and', 'FRUIT', 'then', 'THERE', 'was', 'COFFEE']",assorted,The coffee was before dessert?,other,n,1,1.0722335849995943,015,right,female,English,31,NA,Australia,keypress
71,incongruent,"['THE', 'bum', 'THAT', 'scared', 'THE', 'cop', 'CROSSED THE', 'street', 'AT THE', 'light']",subject,The cop crossed the street?,main_clause,n,1,1.473756859999412,015,right,female,English,31,NA,Australia,keypress
72,other,"['The', 'COLOUR', 'of the', 'HOUSE', 'was', 'BRIGHTER', 'than the', 'MEN', 'who travelled', 'EXPECTED']",assorted,The men travelled?,other,y,1,1.1732137569997576,015,right,female,English,31,NA,Australia,keypress
73,congruent,"['The', 'ROD', 'that', 'BENT', 'the', 'PIPE', 'had a', 'HOLE', 'in the', 'MIDDLE']",subject,The rod bent the pipe?,relative_clause,y,1,1.189225136999994,015,right,female,English,31,NA,Australia,keypress
1,other,"['The', 'DESSERT', 'was', 'SERVED', 'with', 'CUSTARD', 'and', 'FRUIT', 'then', 'THERE', 'was', 'COFFEE']",assorted,The coffee was after dessert?,other,y,1,1.4900910039996234,016,right,male,English,29,NA,Australia,keypress
2,congruent,"['The', 'BOY', 'that the', 'girl', 'HELPED', 'got', 'an', 'A', 'on', 'the', 'TEST']",object,The boy got an A?,main_clause,y,1,0.6047256589990866,016,right,male,English,29,NA,Australia,keypress
3,incongruent,"['THE', 'cook', 'that the', 'MAID', 'hugged', 'had', 'A', 'tear', 'on', 'HER', 'cheek']",object,The cook hugged the maid?,relative_clause,n,1,2.5271653429990693,016,right,male,English,29,NA,Australia,keypress
4,congruent,"['The', 'KID', 'that', 'FOLLOWED', 'the', 'DAD', 'had some', 'MUD', 'on his', 'SHOES']",subject,The kid followed the dad?,relative_clause,y,1,0.8715836780011159,016,right,male,English,29,NA,Australia,keypress
5,congruent,"['The', 'CLERK', 'that the', 'boss', 'LIKED', 'had', 'a', 'DESK', 'by', 'the', 'WINDOW']",object,The clerk had a desk by the window?,main_clause,y,1,0.8387803420009732,016,right,male,English,29,NA,Australia,keypress
6,congruent,"['The', 'ROD', 'that', 'BENT', 'the', 'PIPE', 'had a', 'HOLE', 'in the', 'MIDDLE']",subject,The rod bent the pipe?,relative_clause,y,1,0.7715805640000326,016,right,male,English,29,NA,Australia,keypress
7,incongruent,"['THE', 'boss', 'that the', 'CLERK', 'mocked', 'had', 'A', 'crush', 'on', 'THE', 'intern']",object,The boss mocked the clerk?,relative_clause,n,1,1.0228817250008433,016,right,male,English,29,NA,Australia,keypress
8,incongruent,"['THE', 'fruit', 'THAT', 'squashed', 'THE', 'cake', 'MADE A', 'mess', 'IN THE', 'bag']",subject,The fruit made a mess?,main_clause,y,1,1.907082948999232,016,right,male,English,29,NA,Australia,keypress
9,incongruent,"['THE', 'dancer', 'THAT', 'liked', 'THE', 'guy', 'WAS A', 'chef', 'IN THE', 'city']",subject,The dancer liked the guy?,relative_clause,y,1,0.8552337000000989,016,right,male,English,29,NA,Australia,keypress
10,congruent,"['The', 'COUNT', 'that', 'KNEW', 'the', 'QUEEN', 'owned a', 'CASTLE', 'by the', 'LAKE']",subject,The queen knew the count?,relative_clause,n,1,1.2903083999990486,016,right,male,English,29,NA,Australia,keypress
11,other,"['The', 'GIRL', 'kicked the', 'BALL', 'into the', 'WINDOW', 'but it', 'DID', 'not', 'BREAK']",assorted,The girl broke the window?,other,n,1,1.1054654889994708,016,right,male,English,29,NA,Australia,keypress
12,congruent,"['The', 'BUG', 'that the', 'ant', 'ATTACKED', 'was', 'as', 'BIG', 'as', 'a', 'COIN']",object,The ant was as big as a coin?,main_clause,n,1,1.7216574239992042,016,right,male,English,29,NA,Australia,keypress
13,other,"['The', 'WINE', 'that was', 'FANCY', 'was', 'KEPT', 'in the', 'CELLAR', 'for', 'NEARLY', 'ten', 'YEARS', 'and five', 'MONTHS']",assorted,The wine was bad?,other,n,1,1.1740564350002387,016,right,male,English,29,NA,Australia,keypress
14,incongruent,"['THE', 'man', 'THAT', 'phoned', 'THE', 'nurse', 'LEFT HIS', 'pills', 'AT THE', 'office']",subject,The man left the pills?,main_clause,y,1,0.7549263679993601,016,right,male,English,29,NA,Australia,keypress
15,congruent,"['The', 'COP', 'that', 'MET', 'the', 'SPY', 'wrote a', 'BOOK', 'about the', 'CASE']",subject,The spy wrote a book?,main_clause,n,1,1.6379607700000631,016,right,male,English,29,NA,Australia,keypress
16,incongruent,"['THE', 'whale', 'that the', 'SHARK', 'bit', 'won', 'THE', 'fight', 'in', 'THE', 'end']",object,The shark won the fight?,main_clause,n,1,0.8053845819995331,016,right,male,English,29,NA,Australia,keypress
17,other,"['The', 'RING', 'that', 'WAS', 'sadly', 'LOST', 'was', 'FOUND', 'by the', 'FAT', 'and', 'VERY', 'happy', 'PRIEST']",assorted,The priest found the ring?,other,y,1,0.8050680200012721,016,right,male,English,29,NA,Australia,keypress
18,other,"['The', 'HAT', 'that was', 'WORN', 'by the', 'BOY', 'with a', 'JACKET', 'was too', 'SMALL', 'for the', 'MAN']",assorted,The jacket was too small?,other,y,0,0.8048765620005724,016,right,male,English,29,NA,Australia,keypress
19,incongruent,"['THE', 'girl', 'THAT', 'pushed', 'THE', 'nerd', 'BROKE THE', 'vase', 'WITH THE', 'flowers']",subject,The girl broke the vase?,main_clause,y,1,1.3232296949990996,016,right,male,English,29,NA,Australia,keypress
20,other,"['The', 'CUP', 'was', 'MADE', 'from green', 'PLASTIC', 'and was', 'FILLED', 'with', 'JUICE']",assorted,The cup was made from plastic?,other,y,1,1.190681588001098,016,right,male,English,29,NA,Australia,keypress
21,other,"['The', 'CAR', 'that was', 'NEW', 'had', 'JUST', 'been', 'CLEANED', 'by', 'THE', 'old', 'LADY']",assorted,The car was old?,other,n,1,0.9695538969990594,016,right,male,English,29,NA,Australia,keypress
22,congruent,"['The', 'OWL', 'that the', 'bat', 'SCARED', 'made', 'a', 'LOOP', 'in', 'the', 'AIR']",object,The owl scared the bat?,relative_clause,y,0,1.487894730000335,016,right,male,English,29,NA,Australia,keypress
23,other,"['The', 'CAT', 'chased the', 'BIRD', 'but', 'IT', 'flew', 'AWAY', 'into the', 'SUNSET']",assorted,The cat chased the bird?,other,y,1,1.1899887560011848,016,right,male,English,29,NA,Australia,keypress
24,other,"['The', 'JOB', 'that was', 'GIVEN', 'was', 'DIFFERENT', 'to', 'WHAT', 'she', 'EXPECTED']",assorted,The job was as expected?,other,n,1,0.8725683600005141,016,right,male,English,29,NA,Australia,keypress
25,other,"['The', 'GIRL', 'and the', 'BOY', 'that', 'OWNED', 'the', 'HORSE', 'had', 'MUD', 'on their', 'CLOTHES']",assorted,The horse was muddy?,other,n,1,0.8548446789991431,016,right,male,English,29,NA,Australia,keypress
26,congruent,"['The', 'DESK', 'that', 'SCRATCHED', 'the', 'BED', 'was too', 'OLD', 'to be', 'MOVED']",subject,The desk was too old?,main_clause,y,1,1.206339788999685,016,right,male,English,29,NA,Australia,keypress
27,other,"['The', 'GIRL', 'on', 'THE', 'school', 'TRIP', 'saw a', 'FROG', 'and', 'LATER', 'she', 'SAW', 'a', 'MOUSE']",assorted,The girl saw a mouse first?,other,n,1,0.955653627999709,016,right,male,English,29,NA,Australia,keypress
28,other,"['The', 'BOOK', 'that the', 'LADY', 'with a', 'TATTOO', 'had', 'WRITTEN', 'was her', 'BEST', 'book', 'YET']",assorted,The lady wrote a book?,other,y,1,0.7559370340004534,016,right,male,English,29,NA,Australia,keypress
29,congruent,"['The', 'CHIEF', 'that', 'THANKED', 'the', 'GIRL', 'was too', 'LATE', 'for the', 'BUS']",subject,The girl was too late?,main_clause,n,1,0.9718423180001992,016,right,male,English,29,NA,Australia,keypress
30,other,"['The', 'BOY', 'who', 'HAD', 'a', 'BIRTHDAY', 'called', 'HIS', 'best', 'FRIEND', 'for a', 'CHAT']",assorted,The friend called the boy?,other,n,1,0.956135895999978,016,right,male,English,29,NA,Australia,keypress
31,congruent,"['The', 'GROOM', 'that the', 'aunt', 'CHARMED', 'raised', 'a', 'TOAST', 'to', 'the', 'PARENTS']",object,The aunt charmed the groom?,relative_clause,y,1,2.325226613000268,016,right,male,English,29,NA,Australia,keypress
32,other,"['The', 'BOX', 'was', 'MADE', 'from', 'WOOD', 'and was', 'FULL', 'of', 'THINGS', 'that', 'SHINED']",assorted,The box was shiny?,other,n,1,0.7380037179991632,016,right,male,English,29,NA,Australia,keypress
33,congruent,"['The', 'GUEST', 'that the', 'host', 'KISSED', 'brought', 'a', 'CAKE', 'to', 'the', 'PARTY']",object,The guest kissed the host?,relative_clause,y,0,1.0889278289996582,016,right,male,English,29,NA,Australia,keypress
34,other,"['The', 'COLOUR', 'of the', 'HOUSE', 'was', 'BRIGHTER', 'than the', 'MEN', 'who travelled', 'EXPECTED']",assorted,The men travelled?,other,y,1,2.0418438899996545,016,right,male,English,29,NA,Australia,keypress
35,congruent,"['The', 'NURSE', 'that', 'BLAMED', 'the', 'COACH', 'checked the', 'FILE', 'of the', 'GYMNAST']",subject,The coach blamed the nurse?,relative_clause,y,0,2.1088780049994966,016,right,male,English,29,NA,Australia,keypress
36,congruent,"['The', 'DEAN', 'that the', 'guard', 'HEARD', 'made', 'a', 'CALL', 'about', 'the', 'MATTER']",object,The guard heard the dean?,relative_clause,y,1,2.1253133860009257,016,right,male,English,29,NA,Australia,keypress
37,other,"['The', 'BOSS', 'was', 'HAPPY', 'to', 'SEE', 'the', 'WORK', 'that', 'THE', 'two', 'GIRLS', 'had', 'DONE']",assorted,The boss was happy?,other,y,1,0.7888565749999543,016,right,male,English,29,NA,Australia,keypress
38,congruent,"['The', 'HAT', 'that', 'MATCHED', 'the', 'SKIRT', 'had a', 'BOW', 'in the', 'BACK']",subject,The skirt had a bow?,main_clause,n,1,1.4410544399997889,016,right,male,English,29,NA,Australia,keypress
39,other,"['The', 'PIANO', 'was well', 'PLAYED', 'by', 'THE', 'old', 'LADY', 'but', 'IT', 'was', 'NOT', 'in', 'TUNE']",assorted,The piano was well played?,other,y,1,0.95499530999950355,016,right,male,English,29,NA,Australia,keypress
40,other,"['The', 'APPLES', 'that', 'THE', 'couple', 'BOUGHT', 'at the', 'MARKET', 'were', 'RED']",assorted,The couple bought green apples?,other,n,1,1.474377923999782,016,right,male,English,29,NA,Australia,keypress
41,incongruent,"['THE', 'dad', 'that the', 'CHEF', 'knew', 'had', 'A', 'son', 'with', 'A', 'limp']",object,The dad had a son with a limp?,main_clause,y,1,0.9711502739992284,016,right,male,English,29,NA,Australia,keypress
42,incongruent,"['THE', 'truck', 'THAT', 'bumped', 'THE', 'car', 'HAD A', 'man', 'AT THE', 'wheel']",subject,The truck bumped the car?,relative_clause,y,1,1.205373384998893,016,right,male,English,29,NA,Australia,keypress
43,incongruent,"['THE', 'boat', 'that the', 'YACHT', 'chased', 'made', 'A', 'turn', 'at', 'THE', 'boathouse']",object,The yacht chased the boat?,relative_clause,y,1,0.9362593890000426,016,right,male,English,29,NA,Australia,keypress
44,other,"['The', 'FISH', 'was', 'CAUGHT', 'by the', 'GIRL', 'on the', 'BOAT', 'on a', 'FRIDAY']",assorted,The fish was caught by the girl?,other,y,1,1.0055764319986338,016,right,male,English,29,NA,Australia,keypress
45,incongruent,"['THE', 'priest', 'THAT', 'paid', 'THE', 'cook', 'SIGNED THE', 'check', 'AT THE', 'bank']",subject,The priest paid the cook?,relative_clause,y,1,0.8550612499984709,016,right,male,English,29,NA,Australia,keypress
46,incongruent,"['THE', 'cat', 'that the', 'DOG', 'fought', 'licked', 'ITS', 'wounds', 'in', 'THE', 'corner']",object,The cat licked its wounds?,main_clause,y,1,0.6049674789992423,016,right,male,English,29,NA,Australia,keypress
47,incongruent,"['THE', 'nun', 'that the', 'MONK', 'blessed', 'lit', 'A', 'candle', 'on', 'THE', 'table']",object,The monk blessed the nun?,relative_clause,y,1,1.0367119120001007,016,right,male,English,29,NA,Australia,keypress
48,other,"['The', 'MAN', 'was very', 'HUNGRY', 'after the', 'MEETING', 'so', 'HAD', 'lunch', 'EARLY']",assorted,The boy was hungry?,other,n,1,0.8052354400006152,016,right,male,English,29,NA,Australia,keypress
49,congruent,"['The', 'THUG', 'that the', 'man', 'SAW', 'had', 'a', 'HAT', 'on', 'his', 'HEAD']",object,The thug saw the man?,relative_clause,n,1,1.0223839549998956,016,right,male,English,29,NA,Australia,keypress
50,congruent,"['The', 'SHELF', 'that', 'BUMPED', 'the', 'PIANO', 'had some', 'DUST', 'on its', 'TOP']",subject,The shelf had some dust on its top?,main_clause,y,1,1.523331815000347,016,right,male,English,29,NA,Australia,keypress
51,congruent,"['The', 'GUY', 'that the', 'judge', 'THANKED', 'left', 'the', 'ROOM', 'with', 'a', 'SMILE']",object,The judge left the room?,main_clause,n,1,0.6210271660002036,016,right,male,English,29,NA,Australia,keypress
52,congruent,"['The', 'PRINCE', 'that', 'HELPED', 'the', 'GIRL', 'had a', 'HEAD', 'of blonde', 'HAIR']",subject,The girl helped the prince?,relative_clause,n,1,1.657324526000593,016,right,male,English,29,NA,Australia,keypress
53,other,"['The', 'BIKE', 'that was', 'YELLOW', 'and', 'SHINY', 'belonged', 'TO', 'the', 'BOY', 'with the', 'HAT']",assorted,The bike was red?,other,n,1,0.7212052150007366,016,right,male,English,29,NA,Australia,keypress
54,congruent,"['The', 'DEAN', 'that', 'CALLED', 'the', 'BOY', 'had a', 'VOICE', 'full of', 'ANGER']",subject,The dean called the boy?,relative_clause,y,1,0.7550777150008798,016,right,male,English,29,NA,Australia,keypress
55,incongruent,"['THE', 'king', 'that the', 'GUEST', 'pleased', 'poured', 'THE', 'wine', 'from', 'THE', 'jug']",object,The king poured the wine?,main_clause,y,1,0.905658356999993,016,right,male,English,29,NA,Australia,keypress
56,incongruent,"['THE', 'fox', 'THAT', 'chased', 'THE', 'wolf', 'HURT ITS', 'paws', 'ON THE', 'way']",subject,The wolf chased the fox?,relative_clause,n,1,2.9100320320012543,016,right,male,English,29,NA,Australia,keypress
57,congruent,"['The', 'THIEF', 'that', 'SAW', 'the', 'GUARD', 'had a', 'GUN', 'in his', 'HOLSTER']",subject,The thief had a gun?,main_clause,y,1,2.6088015499990433,016,right,male,English,29,NA,Australia,keypress
58,incongruent,"['THE', 'scout', 'THAT', 'punched', 'THE', 'coach', 'HAD A', 'fight', 'WITH A', 'manager']",subject,The coach had a fight?,main_clause,n,1,1.3737989320015913,016,right,male,English,29,NA,Australia,keypress
59,other,"['The', 'MAN', 'who was', 'SHORT', 'gave his', 'WIFE', 'some red', 'CANDLES', 'for her', 'BIRTHDAY']",assorted,The man was short?,other,y,1,0.5551791979996779,016,right,male,English,29,NA,Australia,keypress
60,congruent,"['The', 'BLOKE', 'that the', 'mum', 'HELPED', 'gave', 'a', 'GIFT', 'to', 'say', 'THANKS']",object,The mum gave a gift?,main_clause,n,1,1.7409340669983069,016,right,male,English,29,NA,Australia,keypress
61,other,"['The', 'DESK', 'was', 'NEW', 'but', 'DUSTY', 'and', 'COVERED', 'with old', 'BOOKS']",assorted,The desk was new?,other,y,1,0.7715859580002871,016,right,male,English,29,NA,Australia,keypress
62,congruent,"['The', 'MAID', 'that the', 'chef', 'LOVED', 'quit', 'the', 'JOB', 'at', 'the', 'HOUSE']",object,The maid quit the job?,main_clause,y,1,0.8717930220009293,016,right,male,English,29,NA,Australia,keypress
63,incongruent,"['THE', 'friend', 'that the', 'BRIDE', 'teased', 'told', 'A', 'joke', 'about', 'THE', 'past']",object,The bride told a joke?,main_clause,n,1,1.339422929000648,016,right,male,English,29,NA,Australia,keypress
64,incongruent,"['THE', 'tradie', 'that the', 'MAN', 'thanked', 'left', 'HIS', 'wallet', 'in', 'THE', 'car']",object,The tradie thanked the man?,relative_clause,n,1,1.1387509480009612,016,right,male,English,29,NA,Australia,keypress
65,incongruent,"['THE', 'niece', 'THAT', 'kissed', 'THE', 'aunt', 'SANG A', 'song', 'FOR THE', 'guests']",subject,The aunt sang a song?,main_clause,n,1,1.6401552459992672,016,right,male,English,29,NA,Australia,keypress
66,incongruent,"['THE', 'crook', 'THAT', 'warned', 'THE', 'thief', 'FLED THE', 'town', 'THE NEXT', 'morning']",subject,The thief warned the crook?,relative_clause,n,1,2.9438017400007084,016,right,male,English,29,NA,Australia,keypress
67,congruent,"['The', 'SAILOR', 'that the', 'banker', 'PUSHED', 'hurt', 'his', 'FOOT', 'in', 'the', 'BRAWL']",object,The banker pushed the sailor?,relative_clause,n,0,1.2218676910015347,016,right,male,English,29,NA,Australia,keypress
68,incongruent,"['THE', 'bum', 'THAT', 'scared', 'THE', 'cop', 'CROSSED THE', 'street', 'AT THE', 'light']",subject,The cop crossed the street?,main_clause,n,1,0.8209907629989175,016,right,male,English,29,NA,Australia,keypress
69,other,"['The', 'DOG', 'that', 'BARKED', 'is very', 'BIG', 'and very', 'FRIENDLY', 'but', 'DOESN’T', 'like', 'CATS']",assorted,The dog is very fluffy?,other,n,1,0.8219371949999186,016,right,male,English,29,NA,Australia,keypress
70,incongruent,"['THE', 'car', 'THAT', 'pulled', 'THE', 'truck', 'HAD A', 'scratch', 'ON THE', 'door']",subject,The truck pulled the car?,relative_clause,n,1,2.075356068000474,016,right,male,English,29,NA,Australia,keypress
71,incongruent,"['THE', 'priest', 'that the', 'NUN', 'thanked', 'left', 'THE', 'church', 'in', 'A', 'hurry']",object,The nun left the church?,main_clause,n,1,1.0219615449987032,016,right,male,English,29,NA,Australia,keypress
72,other,"['The', 'CONCERT', 'started', 'LATER', 'than', 'WHAT', 'the', 'LADY', 'told the', 'TRAVELER']",assorted,The concert started later than the travellers expected?,other,y,1,2.258422775999861,016,right,male,English,29,NA,Australia,keypress
73,incongruent,"['THE', 'knight', 'that the', 'KING', 'helped', 'sent', 'A', 'gift', 'from', 'HIS', 'castle']",object,The king helped the knight?,relative_clause,n,0,0.9386912370009668,016,right,male,English,29,NA,Australia,keypress
1,incongruent,"['THE', 'clerk', 'THAT', 'liked', 'THE', 'boss', 'HAD A', 'desk', 'BY THE', 'window']",subject,The clerk had a desk by the window?,main_clause,y,1,2.125308464999989,017,right,male,Hebrew,23,English (Fluent),Australia,keypress
2,incongruent,"['THE', 'knight', 'THAT', 'helped', 'THE', 'king', 'SENT A', 'gift', 'FROM HIS', 'castle']",subject,The knight sent a gift?,main_clause,y,1,2.4075827169999684,017,right,male,Hebrew,23,English (Fluent),Australia,keypress
3,other,"['The', 'JOB', 'that was', 'GIVEN', 'was', 'DIFFERENT', 'to', 'WHAT', 'she', 'EXPECTED']",assorted,The job was as expected?,other,n,1,1.420452096999952,017,right,male,Hebrew,23,English (Fluent),Australia,keypress
4,incongruent,"['THE', 'girl', 'THAT', 'pushed', 'THE', 'nerd', 'BROKE THE', 'vase', 'WITH THE', 'flowers']",subject,The nerd pushed the girl?,relative_clause,n,1,1.5716467780000585,017,right,male,Hebrew,23,English (Fluent),Australia,keypress
5,congruent,"['The', 'DANCER', 'that the', 'guy', 'LIKED', 'was', 'a', 'CHEF', 'in', 'the', 'CITY']",object,The dancer was a chef?,main_clause,n,0,2.660105736000105,017,right,male,Hebrew,23,English (Fluent),Australia,keypress
6,other,"['The', 'PIANO', 'was well', 'PLAYED', 'by', 'THE', 'old', 'LADY', 'but', 'IT', 'was', 'NOT', 'in', 'TUNE']",assorted,The piano was well played?,other,y,1,2.7773545869999907,017,right,male,Hebrew,23,English (Fluent),Australia,keypress
7,congruent,"['The', 'CHIEF', 'that', 'THANKED', 'the', 'GIRL', 'was too', 'LATE', 'for the', 'BUS']",subject,The girl was too late?,main_clause,n,1,1.506711188000054,017,right,male,Hebrew,23,English (Fluent),Australia,keypress
8,congruent,"['The', 'GUY', 'that', 'THANKED', 'the', 'JUDGE', 'left the', 'ROOM', 'with a', 'SMILE']",subject,The judge thanked the guy?,relative_clause,n,1,2.239647096999988,017,right,male,Hebrew,23,English (Fluent),Australia,keypress
9,incongruent,"['THE', 'bloke', 'THAT', 'helped', 'THE', 'mum', 'GAVE A', 'gift', 'TO SAY', 'thanks']",subject,The mum gave a gift?,main_clause,n,1,3.0449707610000587,017,right,male,Hebrew,23,English (Fluent),Australia,keypress
10,incongruent,"['THE', 'cook', 'THAT', 'hugged', 'THE', 'maid', 'HAD A', 'tear', 'ON HER', 'cheek']",subject,The maid hugged the cook?,relative_clause,y,0,3.245178299999907,017,right,male,Hebrew,23,English (Fluent),Australia,keypress
11,congruent,"['The', 'BOSS', 'that the', 'clerk', 'MOCKED', 'had', 'a', 'CRUSH', 'on', 'the', 'INTERN']",object,The boss mocked the clerk?,relative_clause,n,1,3.8109376069999144,017,right,male,Hebrew,23,English (Fluent),Australia,keypress
12,incongruent,"['THE', 'king', 'that the', 'GUEST', 'pleased', 'poured', 'THE', 'wine', 'from', 'THE', 'jug']",object,The guest pleased the king?,relative_clause,n,0,1.6049977169998328,017,right,male,Hebrew,23,English (Fluent),Australia,keypress
13,other,"['The', 'CONCERT', 'started', 'LATER', 'than', 'WHAT', 'the', 'LADY', 'told the', 'TRAVELER']",assorted,The concert started later than the travellers expected?,other,y,1,2.9438362650000727,017,right,male,Hebrew,23,English (Fluent),Australia,keypress
14,other,"['The', 'MAN', 'who was', 'SHORT', 'gave his', 'WIFE', 'some red', 'CANDLES', 'for her', 'BIRTHDAY']",assorted,The man was short?,other,y,1,1.3400004600000557,017,right,male,Hebrew,23,English (Fluent),Australia,keypress
15,congruent,"['The', 'FRIEND', 'that the', 'bride', 'TEASED', 'told', 'a', 'JOKE', 'about', 'the', 'PAST']",object,The friend teased the bride?,relative_clause,n,1,4.414636535,017,right,male,Hebrew,23,English (Fluent),Australia,keypress
16,congruent,"['The', 'GUEST', 'that', 'KISSED', 'the', 'HOST', 'brought a', 'CAKE', 'to the', 'PARTY']",subject,The host kissed the guest?,relative_clause,d,0,1.389396366000028,017,right,male,Hebrew,23,English (Fluent),Australia,keypress
17,congruent,"['The', 'NUN', 'that the', 'monk', 'BLESSED', 'lit', 'a', 'CANDLE', 'on', 'the', 'TABLE']",object,The monk lit a candle?,main_clause,n,1,2.5434718899998643,017,right,male,Hebrew,23,English (Fluent),Australia,keypress
18,incongruent,"['THE', 'dean', 'THAT', 'called', 'THE', 'boy', 'HAD A', 'voice', 'FULL OF', 'anger']",subject,The boy had a voice full of anger?,main_clause,n,1,2.9108819200000653,017,right,male,Hebrew,23,English (Fluent),Australia,keypress
19,other,"['The', 'CAR', 'that was', 'NEW', 'had', 'JUST', 'been', 'CLEANED', 'by', 'THE', 'old', 'LADY']",assorted,The car was new?,other,y,1,1.6065775940001004,017,right,male,Hebrew,23,English (Fluent),Australia,keypress
20,incongruent,"['THE', 'kid', 'THAT', 'followed', 'THE', 'dad', 'HAD SOME', 'mud', 'ON HIS', 'shoes']",subject,The kid had some mud on his shoes?,main_clause,y,1,1.523087286999953,017,right,male,Hebrew,23,English (Fluent),Australia,keypress
21,congruent,"['The', 'HAT', 'that', 'MATCHED', 'the', 'SKIRT', 'had a', 'BOW', 'in the', 'BACK']",subject,The hat matched the skirt?,relative_clause,y,1,1.7217298999999002,017,right,male,Hebrew,23,English (Fluent),Australia,keypress
22,congruent,"['The', 'NIECE', 'that the', 'aunt', 'KISSED', 'sang', 'a', 'SONG', 'for', 'the', 'GUESTS']",object,The niece kissed the aunt?,relative_clause,d,0,2.8439255460000368,017,right,male,Hebrew,23,English (Fluent),Australia,keypress
23,congruent,"['The', 'BOAT', 'that the', 'yacht', 'CHASED', 'made', 'a', 'TURN', 'at', 'the', 'BOATHOUSE']",object,The boat made a turn?,main_clause,y,1,2.891184858000088,017,right,male,Hebrew,23,English (Fluent),Australia,keypress
24,incongruent,"['THE', 'tradie', 'that the', 'MAN', 'thanked', 'left', 'HIS', 'wallet', 'in', 'THE', 'car']",object,The tradie thanked the man?,relative_clause,n,1,2.1918566609999743,017,right,male,Hebrew,23,English (Fluent),Australia,keypress
25,congruent,"['The', 'GROOM', 'that the', 'aunt', 'CHARMED', 'raised', 'a', 'TOAST', 'to', 'the', 'PARENTS']",object,The groom raised a toast?,main_clause,y,1,2.0084539160000077,017,right,male,Hebrew,23,English (Fluent),Australia,keypress
26,incongruent,"['THE', 'sailor', 'THAT', 'pushed', 'THE', 'banker', 'HURT HIS', 'foot', 'IN THE', 'brawl']",subject,The sailor pushed the banker?,relative_clause,y,1,1.6550588720001542,017,right,male,Hebrew,23,English (Fluent),Australia,keypress
27,incongruent,"['THE', 'scout', 'that the', 'COACH', 'punched', 'had', 'A', 'fight', 'with', 'A', 'manager']",object,The coach had a fight?,main_clause,y,0,1.0225513349998891,017,right,male,Hebrew,23,English (Fluent),Australia,keypress
28,congruent,"['The', 'ROD', 'that the', 'pipe', 'BENT', 'had', 'a', 'HOLE', 'in', 'the', 'MIDDLE']",object,The pipe bent the rod?,relative_clause,y,1,3.846547057999942,017,right,male,Hebrew,23,English (Fluent),Australia,keypress
29,congruent,"['The', 'WHALE', 'that', 'BIT', 'the', 'SHARK', 'won the', 'FIGHT', 'in the', 'END']",subject,The whale won the fight?,main_clause,y,1,2.1922881860000416,017,right,male,Hebrew,23,English (Fluent),Australia,keypress
30,other,"['The', 'GIRL', 'and the', 'BOY', 'that', 'OWNED', 'the', 'HORSE', 'had', 'MUD', 'on their', 'CLOTHES']",assorted,The boy and girl own a horse?,other,y,1,1.0223610570001256,017,right,male,Hebrew,23,English (Fluent),Australia,keypress
31,incongruent,"['THE', 'fruit', 'that the', 'CAKE', 'squashed', 'made', 'A', 'mess', 'in', 'THE', 'bag']",object,The cake squashed the fruit?,relative_clause,y,1,1.272550472000148,017,right,male,Hebrew,23,English (Fluent),Australia,keypress
32,incongruent,"['THE', 'dad', 'THAT', 'knew', 'THE', 'chef', 'HAD A', 'son', 'WITH A', 'limp']",subject,The chef knew the dad?,relative_clause,y,0,2.8100609729999633,017,right,male,Hebrew,23,English (Fluent),Australia,keypress
33,other,"['The', 'BOX', 'was', 'MADE', 'from', 'WOOD', 'and was', 'FULL', 'of', 'THINGS', 'that', 'SHINED']",assorted,The box was shiny?,other,n,1,4.197622897999963,017,right,male,Hebrew,23,English (Fluent),Australia,keypress
34,other,"['The', 'APPLES', 'that', 'THE', 'couple', 'BOUGHT', 'at the', 'MARKET', 'were', 'RED']",assorted,The couple bought green apples?,other,n,1,2.275927681999974,017,right,male,Hebrew,23,English (Fluent),Australia,keypress
35,incongruent,"['THE', 'desk', 'that the', 'BED', 'scratched', 'was', 'TOO', 'old', 'to', 'BE', 'moved']",object,The desk was too old?,main_clause,n,0,3.277705608000133,017,right,male,Hebrew,23,English (Fluent),Australia,keypress
36,other,"['The', 'CAT', 'chased the', 'BIRD', 'but', 'IT', 'flew', 'AWAY', 'into the', 'SUNSET']",assorted,The cat caught the bird?,other,n,1,1.5749517080000714,017,right,male,Hebrew,23,English (Fluent),Australia,keypress
37,congruent,"['The', 'BUG', 'that the', 'ant', 'ATTACKED', 'was', 'as', 'BIG', 'as', 'a', 'COIN']",object,The ant attacked the bug?,relative_clause,y,1,1.507163700999854,017,right,male,Hebrew,23,English (Fluent),Australia,keypress
38,congruent,"['The', 'COP', 'that the', 'spy', 'MET', 'wrote', 'a', 'BOOK', 'about', 'the', 'CASE']",object,The spy wrote a book?,main_clause,y,0,0.9188412470000458,017,right,male,Hebrew,23,English (Fluent),Australia,keypress
39,congruent,"['The', 'MAN', 'that', 'PHONED', 'the', 'NURSE', 'left his', 'PILLS', 'at the', 'OFFICE']",subject,The man left the pills?,main_clause,y,1,2.4091030070001125,017,right,male,Hebrew,23,English (Fluent),Australia,keypress
40,congruent,"['The', 'CROOK', 'that', 'WARNED', 'the', 'THIEF', 'fled the', 'TOWN', 'the next', 'MORNING']",subject,The crook warned the thief?,relative_clause,y,1,1.2564103899999282,017,right,male,Hebrew,23,English (Fluent),Australia,keypress
41,other,"['The', 'BOY', 'who', 'HAD', 'a', 'BIRTHDAY', 'called', 'HIS', 'best', 'FRIEND', 'for a', 'CHAT']",assorted,The friend called the boy?,other,d,0,1.9079177669998444,017,right,male,Hebrew,23,English (Fluent),Australia,keypress
42,congruent,"['The', 'BUM', 'that', 'SCARED', 'the', 'COP', 'crossed the', 'STREET', 'at the', 'LIGHT']",subject,The bum crossed the street?,main_clause,y,1,1.6910807900001146,017,right,male,Hebrew,23,English (Fluent),Australia,keypress
43,other,"['The', 'MAN', 'was very', 'HUNGRY', 'after the', 'MEETING', 'so', 'HAD', 'lunch', 'EARLY']",assorted,The boy was hungry?,other,n,1,1.5575164859999404,017,right,male,Hebrew,23,English (Fluent),Australia,keypress
44,incongruent,"['THE', 'prince', 'THAT', 'helped', 'THE', 'girl', 'HAD A', 'head', 'OF BLONDE', 'hair']",subject,The girl had blonde hair?,main_clause,n,1,1.6578737649999766,017,right,male,Hebrew,23,English (Fluent),Australia,keypress
45,congruent,"['The', 'NURSE', 'that', 'BLAMED', 'the', 'COACH', 'checked the', 'FILE', 'of the', 'GYMNAST']",subject,The coach checked the file?,main_clause,n,1,1.4740742769999997,017,right,male,Hebrew,23,English (Fluent),Australia,keypress
46,other,"['The', 'DESK', 'was', 'NEW', 'but', 'DUSTY', 'and', 'COVERED', 'with old', 'BOOKS']",assorted,The desk was new?,other,y,1,1.140054966999969,017,right,male,Hebrew,23,English (Fluent),Australia,keypress
47,incongruent,"['THE', 'cat', 'that the', 'DOG', 'fought', 'licked', 'ITS', 'wounds', 'in', 'THE', 'corner']",object,The cat licked its wounds?,main_clause,y,1,2.0916771370000333,017,right,male,Hebrew,23,English (Fluent),Australia,keypress
48,congruent,"['The', 'THUG', 'that', 'SAW', 'the', 'MAN', 'had a', 'HAT', 'on his', 'HEAD']",subject,The man saw the thug?,relative_clause,y,0,1.5735852410000462,017,right,male,Hebrew,23,English (Fluent),Australia,keypress
49,incongruent,"['THE', 'shelf', 'that the', 'PIANO', 'bumped', 'had', 'SOME', 'dust', 'on', 'ITS', 'top']",object,The piano bumped the shelf?,relative_clause,n,0,1.038628337999853,017,right,male,Hebrew,23,English (Fluent),Australia,keypress
50,congruent,"['The', 'BOY', 'that the', 'girl', 'HELPED', 'got', 'an', 'A', 'on', 'the', 'TEST']",object,The girl got an A?,main_clause,y,0,1.941989104999948,017,right,male,Hebrew,23,English (Fluent),Australia,keypress
51,other,"['The', 'BIKE', 'that was', 'YELLOW', 'and', 'SHINY', 'belonged', 'TO', 'the', 'BOY', 'with the', 'HAT']",assorted,The bike was shiny?,other,y,1,0.9720294570001896,017,right,male,Hebrew,23,English (Fluent),Australia,keypress
52,other,"['The', 'BOSS', 'was', 'HAPPY', 'to', 'SEE', 'the', 'WORK', 'that', 'THE', 'two', 'GIRLS', 'had', 'DONE']",assorted,The girls were happy?,other,n,1,0.8884532090000903,017,right,male,Hebrew,23,English (Fluent),Australia,keypress
53,incongruent,"['THE', 'priest', 'that the', 'COOK', 'paid', 'signed', 'THE', 'check', 'at', 'THE', 'bank']",object,The priest paid the cook?,relative_clause,n,1,2.3085854299999937,017,right,male,Hebrew,23,English (Fluent),Australia,keypress
54,other,"['The', 'DOG', 'that', 'BARKED', 'is very', 'BIG', 'and very', 'FRIENDLY', 'but', 'DOESN’T', 'like', 'CATS']",assorted,The dog is very fluffy?,other,n,1,1.2061211879999971,017,right,male,Hebrew,23,English (Fluent),Australia,keypress
55,incongruent,"['THE', 'dean', 'THAT', 'heard', 'THE', 'guard', 'MADE A', 'call', 'ABOUT THE', 'matter']",subject,The dean heard the guard?,relative_clause,y,1,1.3733706329999222,017,right,male,Hebrew,23,English (Fluent),Australia,keypress
56,other,"['The', 'FISH', 'was', 'CAUGHT', 'by the', 'GIRL', 'on the', 'BOAT', 'on a', 'FRIDAY']",assorted,The fish was caught by the boy?,other,n,1,2.124790216000065,017,right,male,Hebrew,23,English (Fluent),Australia,keypress
57,incongruent,"['THE', 'thief', 'that the', 'GUARD', 'saw', 'had', 'A', 'gun', 'in', 'HIS', 'holster']",object,The guard had a gun?,main_clause,n,1,2.4435895270000856,017,right,male,Hebrew,23,English (Fluent),Australia,keypress
58,other,"['The', 'HAT', 'that was', 'WORN', 'by the', 'BOY', 'with a', 'JACKET', 'was too', 'SMALL', 'for the', 'MAN']",assorted,The jacket was too small?,other,d,0,1.3892335049999929,017,right,male,Hebrew,23,English (Fluent),Australia,keypress
59,other,"['The', 'GIRL', 'kicked the', 'BALL', 'into the', 'WINDOW', 'but it', 'DID', 'not', 'BREAK']",assorted,The girl kicked the ball?,other,y,1,1.874297333999948,017,right,male,Hebrew,23,English (Fluent),Australia,keypress
60,incongruent,"['THE', 'count', 'that the', 'QUEEN', 'knew', 'owned', 'A', 'castle', 'by', 'THE', 'lake']",object,The count owned a castle?,main_clause,n,0,3.2108040190000793,017,right,male,Hebrew,23,English (Fluent),Australia,keypress
61,other,"['The', 'GIRL', 'on', 'THE', 'school', 'TRIP', 'saw a', 'FROG', 'and', 'LATER', 'she', 'SAW', 'a', 'MOUSE']",assorted,The girl saw a frog?,other,y,1,0.9054255640000974,017,right,male,Hebrew,23,English (Fluent),Australia,keypress
62,other,"['The', 'COLOUR', 'of the', 'HOUSE', 'was', 'BRIGHTER', 'than the', 'MEN', 'who travelled', 'EXPECTED']",assorted,The men were colourfully dressed?,other,n,1,1.8092442740000936,017,right,male,Hebrew,23,English (Fluent),Australia,keypress
63,incongruent,"['THE', 'priest', 'that the', 'NUN', 'thanked', 'left', 'THE', 'church', 'in', 'A', 'hurry']",object,The nun left the church?,main_clause,n,1,2.0915514280000025,017,right,male,Hebrew,23,English (Fluent),Australia,keypress
64,other,"['The', 'CUP', 'was', 'MADE', 'from green', 'PLASTIC', 'and was', 'FILLED', 'with', 'JUICE']",assorted,The cup was made from plastic?,other,y,1,1.2063114090001363,017,right,male,Hebrew,23,English (Fluent),Australia,keypress
65,incongruent,"['THE', 'owl', 'THAT', 'scared', 'THE', 'bat', 'MADE A', 'loop', 'IN THE', 'air']",subject,The owl scared the bat?,relative_clause,y,1,2.1592177590000574,017,right,male,Hebrew,23,English (Fluent),Australia,keypress
66,congruent,"['The', 'FOX', 'that', 'CHASED', 'the', 'WOLF', 'hurt its', 'PAWS', 'on the', 'WAY']",subject,The wolf hurt its paws?,main_clause,d,0,3.445623727000111,017,right,male,Hebrew,23,English (Fluent),Australia,keypress
67,incongruent,"['THE', 'car', 'that the', 'TRUCK', 'pulled', 'had', 'A', 'scratch', 'on', 'THE', 'door']",object,The car pulled the truck?,relative_clause,n,1,2.341860886999939,017,right,male,Hebrew,23,English (Fluent),Australia,keypress
68,other,"['The', 'BOOK', 'that the', 'LADY', 'with a', 'TATTOO', 'had', 'WRITTEN', 'was her', 'BEST', 'book', 'YET']",assorted,The lady wrote a book?,other,y,1,1.0394813399998384,017,right,male,Hebrew,23,English (Fluent),Australia,keypress
69,other,"['The', 'WINE', 'that was', 'FANCY', 'was', 'KEPT', 'in the', 'CELLAR', 'for', 'NEARLY', 'ten', 'YEARS', 'and five', 'MONTHS']",assorted,The wine was bad?,other,n,1,1.2558686999998372,017,right,male,Hebrew,23,English (Fluent),Australia,keypress
70,congruent,"['The', 'TRUCK', 'that the', 'car', 'BUMPED', 'had', 'a', 'MAN', 'at', 'the', 'WHEEL']",object,The car bumped the truck?,relative_clause,n,0,1.5211538070000188,017,right,male,Hebrew,23,English (Fluent),Australia,keypress
71,other,"['The', 'DESSERT', 'was', 'SERVED', 'with', 'CUSTARD', 'and', 'FRUIT', 'then', 'THERE', 'was', 'COFFEE']",assorted,The coffee was before dessert?,other,n,1,2.092292427999837,017,right,male,Hebrew,23,English (Fluent),Australia,keypress
72,congruent,"['The', 'MAID', 'that', 'LOVED', 'the', 'CHEF', 'quit the', 'JOB', 'at the', 'HOUSE']",subject,The maid loved the chef?,relative_clause,y,1,2.2756317979999494,017,right,male,Hebrew,23,English (Fluent),Australia,keypress
73,other,"['The', 'RING', 'that', 'WAS', 'sadly', 'LOST', 'was', 'FOUND', 'by the', 'FAT', 'and', 'VERY', 'happy', 'PRIEST']",assorted,The priest found the ring?,other,n,0,1.0731999309998628,017,right,male,Hebrew,23,English (Fluent),Australia,keypress
1,incongruent,"['THE', 'boat', 'THAT', 'chased', 'THE', 'yacht', 'MADE A', 'turn', 'AT THE', 'boathouse']",subject,The boat chased the yacht?,relative_clause,y,1,2.2415438770003675,018,right,male,English,24,NA,Australia,keypress
2,congruent,"['The', 'DESK', 'that', 'SCRATCHED', 'the', 'BED', 'was too', 'OLD', 'to be', 'MOVED']",subject,The desk scratched the bed?,relative_clause,y,1,1.6399840940002832,018,right,male,English,24,NA,Australia,keypress
3,incongruent,"['THE', 'bum', 'THAT', 'scared', 'THE', 'cop', 'CROSSED THE', 'street', 'AT THE', 'light']",subject,The cop scared the bum?,relative_clause,n,1,1.32318965200011,018,right,male,English,24,NA,Australia,keypress
4,other,"['The', 'BIKE', 'that was', 'YELLOW', 'and', 'SHINY', 'belonged', 'TO', 'the', 'BOY', 'with the', 'HAT']",assorted,The bike was red?,other,n,1,1.222331378000035,018,right,male,English,24,NA,Australia,keypress
5,other,"['The', 'BOX', 'was', 'MADE', 'from', 'WOOD', 'and was', 'FULL', 'of', 'THINGS', 'that', 'SHINED']",assorted,The box was full of things?,other,y,1,1.4734680230003503,018,right,male,English,24,NA,Australia,keypress
6,other,"['The', 'DOG', 'that', 'BARKED', 'is very', 'BIG', 'and very', 'FRIENDLY', 'but', 'DOESN’T', 'like', 'CATS']",assorted,The dog is very fluffy?,other,n,1,1.2734138170003462,018,right,male,English,24,NA,Australia,keypress
7,incongruent,"['THE', 'dean', 'THAT', 'called', 'THE', 'boy', 'HAD A', 'voice', 'FULL OF', 'anger']",subject,The dean had a voice full of anger?,main_clause,y,1,1.5911810020002122,018,right,male,English,24,NA,Australia,keypress
8,congruent,"['The', 'THUG', 'that', 'SAW', 'the', 'MAN', 'had a', 'HAT', 'on his', 'HEAD']",subject,The man saw the thug?,relative_clause,n,1,2.126008260999697,018,right,male,English,24,NA,Australia,keypress
9,other,"['The', 'HAT', 'that was', 'WORN', 'by the', 'BOY', 'with a', 'JACKET', 'was too', 'SMALL', 'for the', 'MAN']",assorted,The jacket was too small?,other,y,0,2.6093362589999742,018,right,male,English,24,NA,Australia,keypress
10,other,"['The', 'CAT', 'chased the', 'BIRD', 'but', 'IT', 'flew', 'AWAY', 'into the', 'SUNSET']",assorted,The cat chased the bird?,other,y,1,1.5734056109999983,018,right,male,English,24,NA,Australia,keypress
11,other,"['The', 'GIRL', 'kicked the', 'BALL', 'into the', 'WINDOW', 'but it', 'DID', 'not', 'BREAK']",assorted,The girl kicked the ball?,other,y,1,1.3038822929997878,018,right,male,English,24,NA,Australia,keypress
12,incongruent,"['THE', 'maid', 'THAT', 'loved', 'THE', 'chef', 'QUIT THE', 'job', 'AT THE', 'house']",subject,The maid loved the chef?,relative_clause,y,1,1.3730508090002331,018,right,male,English,24,NA,Australia,keypress
13,incongruent,"['THE', 'shelf', 'that the', 'PIANO', 'bumped', 'had', 'SOME', 'dust', 'on', 'ITS', 'top']",object,The shelf had some dust on its top?,main_clause,y,1,2.0560917020002307,018,right,male,English,24,NA,Australia,keypress
14,incongruent,"['THE', 'guy', 'that the', 'JUDGE', 'thanked', 'left', 'THE', 'room', 'with', 'A', 'smile']",object,The judge left the room?,main_clause,n,1,1.3739090379999652,018,right,male,English,24,NA,Australia,keypress
15,congruent,"['The', 'NURSE', 'that the', 'coach', 'BLAMED', 'checked', 'the', 'FILE', 'of', 'the', 'GYMNAST']",object,The coach checked the file?,main_clause,n,1,5.016358598000352,018,right,male,English,24,NA,Australia,keypress
16,incongruent,"['THE', 'chief', 'that the', 'GIRL', 'thanked', 'was', 'TOO', 'late', 'for', 'THE', 'bus']",object,The girl thanked the chief?,relative_clause,y,1,1.90758938099998,018,right,male,English,24,NA,Australia,keypress
17,congruent,"['The', 'CAR', 'that', 'PULLED', 'the', 'TRUCK', 'had a', 'SCRATCH', 'on the', 'DOOR']",subject,The truck pulled the car?,relative_clause,y,0,1.4416410510002606,018,right,male,English,24,NA,Australia,keypress
18,incongruent,"['THE', 'cat', 'THAT', 'fought', 'THE', 'dog', 'LICKED ITS', 'wounds', 'IN THE', 'corner']",subject,The dog fought the cat?,relative_clause,n,1,1.9725608509997985,018,right,male,English,24,NA,Australia,keypress
19,other,"['The', 'BOSS', 'was', 'HAPPY', 'to', 'SEE', 'the', 'WORK', 'that', 'THE', 'two', 'GIRLS', 'had', 'DONE']",assorted,The boss was happy?,other,y,1,1.222573730000022,018,right,male,English,24,NA,Australia,keypress
20,incongruent,"['THE', 'groom', 'that the', 'AUNT', 'charmed', 'raised', 'A', 'toast', 'to', 'THE', 'parents']",object,The aunt charmed the groom?,relative_clause,n,0,1.5236198669999794,018,right,male,English,24,NA,Australia,keypress
21,other,"['The', 'FISH', 'was', 'CAUGHT', 'by the', 'GIRL', 'on the', 'BOAT', 'on a', 'FRIDAY']",assorted,The fish was caught by the girl?,other,y,1,1.8587738219998755,018,right,male,English,24,NA,Australia,keypress
22,congruent,"['The', 'MAN', 'that the', 'nurse', 'PHONED', 'left', 'his', 'PILLS', 'at', 'the', 'OFFICE']",object,The man left the pills?,main_clause,y,1,2.5769534270002623,018,right,male,English,24,NA,Australia,keypress
23,other,"['The', 'GIRL', 'on', 'THE', 'school', 'TRIP', 'saw a', 'FROG', 'and', 'LATER', 'she', 'SAW', 'a', 'MOUSE']",assorted,The girl saw a frog?,other,y,1,1.5742435019997174,018,right,male,English,24,NA,Australia,keypress
24,other,"['The', 'PIANO', 'was well', 'PLAYED', 'by', 'THE', 'old', 'LADY', 'but', 'IT', 'was', 'NOT', 'in', 'TUNE']",assorted,The piano was badly played?,other,n,1,1.1889205190000212,018,right,male,English,24,NA,Australia,keypress
25,other,"['The', 'COLOUR', 'of the', 'HOUSE', 'was', 'BRIGHTER', 'than the', 'MEN', 'who travelled', 'EXPECTED']",assorted,The men were colourfully dressed?,other,n,1,1.5377599739999823,018,right,male,English,24,NA,Australia,keypress
26,congruent,"['The', 'BLOKE', 'that', 'HELPED', 'the', 'MUM', 'gave a', 'GIFT', 'to say', 'THANKS']",subject,The bloke gave a gift?,main_clause,y,1,2.376509880999947,018,right,male,English,24,NA,Australia,keypress
27,other,"['The', 'BOY', 'who', 'HAD', 'a', 'BIRTHDAY', 'called', 'HIS', 'best', 'FRIEND', 'for a', 'CHAT']",assorted,The boy called his best friend?,other,y,1,1.6243910559996948,018,right,male,English,24,NA,Australia,keypress
28,congruent,"['The', 'TRADIE', 'that', 'THANKED', 'the', 'MAN', 'left his', 'WALLET', 'in the', 'CAR']",subject,The man left his wallet?,main_clause,n,1,1.4898399630001222,018,right,male,English,24,NA,Australia,keypress
29,other,"['The', 'BOOK', 'that the', 'LADY', 'with a', 'TATTOO', 'had', 'WRITTEN', 'was her', 'BEST', 'book', 'YET']",assorted,The man wrote a book?,other,n,1,1.2561984300000404,018,right,male,English,24,NA,Australia,keypress
30,congruent,"['The', 'DEAN', 'that the', 'guard', 'HEARD', 'made', 'a', 'CALL', 'about', 'the', 'MATTER']",object,The dean made a call?,main_clause,y,1,2.1419442750002418,018,right,male,English,24,NA,Australia,keypress
31,incongruent,"['THE', 'priest', 'that the', 'NUN', 'thanked', 'left', 'THE', 'church', 'in', 'A', 'hurry']",object,The nun thanked the priest?,relative_clause,y,1,1.7574418909998712,018,right,male,English,24,NA,Australia,keypress
32,incongruent,"['THE', 'truck', 'that the', 'CAR', 'bumped', 'had', 'A', 'man', 'at', 'THE', 'wheel']",object,The truck bumped the car?,relative_clause,n,1,2.7269584489999943,018,right,male,English,24,NA,Australia,keypress
33,other,"['The', 'MAN', 'was very', 'HUNGRY', 'after the', 'MEETING', 'so', 'HAD', 'lunch', 'EARLY']",assorted,The man was hungry?,other,y,1,1.237237402000119,018,right,male,English,24,NA,Australia,keypress
34,congruent,"['The', 'THIEF', 'that', 'SAW', 'the', 'GUARD', 'had a', 'GUN', 'in his', 'HOLSTER']",subject,The guard saw the thief?,relative_clause,n,1,1.941450150000037,018,right,male,English,24,NA,Australia,keypress
35,congruent,"['The', 'DANCER', 'that', 'LIKED', 'the', 'GUY', 'was a', 'CHEF', 'in the', 'CITY']",subject,The dancer liked the guy?,relative_clause,y,1,1.3228392050000366,018,right,male,English,24,NA,Australia,keypress
36,congruent,"['The', 'BOY', 'that', 'HELPED', 'the', 'GIRL', 'got an', 'A', 'on the', 'TEST']",subject,The boy got an A?,main_clause,y,1,1.1729409499998835,018,right,male,English,24,NA,Australia,keypress
37,congruent,"['The', 'COOK', 'that', 'HUGGED', 'the', 'MAID', 'had a', 'TEAR', 'on her', 'CHEEK']",subject,The maid had a tear on her cheek?,main_clause,n,1,2.4261907689997315,018,right,male,English,24,NA,Australia,keypress
38,incongruent,"['THE', 'guest', 'THAT', 'kissed', 'THE', 'host', 'BROUGHT A', 'cake', 'TO THE', 'party']",subject,The host kissed the guest?,relative_clause,n,1,1.7406172040000456,018,right,male,English,24,NA,Australia,keypress
39,congruent,"['The', 'PRINCE', 'that the', 'girl', 'HELPED', 'had', 'a', 'HEAD', 'of', 'blonde', 'HAIR']",object,The prince helped the girl?,relative_clause,n,1,1.857741443000123,018,right,male,English,24,NA,Australia,keypress
40,incongruent,"['THE', 'rod', 'THAT', 'bent', 'THE', 'pipe', 'HAD A', 'hole', 'IN THE', 'middle']",subject,The pipe had a hole?,main_clause,n,1,1.489629130999674,018,right,male,English,24,NA,Australia,keypress
41,incongruent,"['THE', 'whale', 'that the', 'SHARK', 'bit', 'won', 'THE', 'fight', 'in', 'THE', 'end']",object,The whale won the fight?,main_clause,y,1,1.087554989000182,018,right,male,English,24,NA,Australia,keypress
42,congruent,"['The', 'BUG', 'that', 'ATTACKED', 'the', 'ANT', 'was as', 'BIG', 'as a', 'COIN']",subject,The ant was as big as a coin?,main_clause,n,1,1.290026533999935,018,right,male,English,24,NA,Australia,keypress
43,congruent,"['The', 'KING', 'that the', 'guest', 'PLEASED', 'poured', 'the', 'WINE', 'from', 'the', 'JUG']",object,The guest pleased the king?,relative_clause,y,1,4.829850601000089,018,right,male,English,24,NA,Australia,keypress
44,other,"['The', 'GIRL', 'and the', 'BOY', 'that', 'OWNED', 'the', 'HORSE', 'had', 'MUD', 'on their', 'CLOTHES']",assorted,The horse was muddy?,other,n,1,3.3457623900003455,018,right,male,English,24,NA,Australia,keypress
45,incongruent,"['THE', 'dad', 'that the', 'CHEF', 'knew', 'had', 'A', 'son', 'with', 'A', 'limp']",object,The dad had a son with a limp?,main_clause,y,1,2.1911872949999633,018,right,male,English,24,NA,Australia,keypress
46,incongruent,"['THE', 'girl', 'THAT', 'pushed', 'THE', 'nerd', 'BROKE THE', 'vase', 'WITH THE', 'flowers']",subject,The girl broke the vase?,main_clause,y,1,1.5236421370000244,018,right,male,English,24,NA,Australia,keypress
47,incongruent,"['THE', 'fox', 'that the', 'WOLF', 'chased', 'hurt', 'ITS', 'paws', 'on', 'THE', 'way']",object,The fox chased the wolf?,relative_clause,n,1,2.243367740999929,018,right,male,English,24,NA,Australia,keypress
48,incongruent,"['THE', 'count', 'that the', 'QUEEN', 'knew', 'owned', 'A', 'castle', 'by', 'THE', 'lake']",object,The count knew the queen?,relative_clause,n,1,2.860547117999886,018,right,male,English,24,NA,Australia,keypress
49,congruent,"['The', 'PRIEST', 'that the', 'cook', 'PAID', 'signed', 'the', 'CHECK', 'at', 'the', 'BANK']",object,The cook paid the priest?,relative_clause,y,1,4.295805891999862,018,right,male,English,24,NA,Australia,keypress
50,congruent,"['The', 'HAT', 'that the', 'skirt', 'MATCHED', 'had', 'a', 'BOW', 'in', 'the', 'BACK']",object,The skirt matched the hat?,relative_clause,n,0,2.0252123599998413,018,right,male,English,24,NA,Australia,keypress
51,congruent,"['The', 'KID', 'that', 'FOLLOWED', 'the', 'DAD', 'had some', 'MUD', 'on his', 'SHOES']",subject,The kid followed the dad?,relative_clause,y,1,2.089119257999755,018,right,male,English,24,NA,Australia,keypress
52,other,"['The', 'JOB', 'that was', 'GIVEN', 'was', 'DIFFERENT', 'to', 'WHAT', 'she', 'EXPECTED']",assorted,The job was as expected?,other,n,1,1.824819320000188,018,right,male,English,24,NA,Australia,keypress
53,other,"['The', 'RING', 'that', 'WAS', 'sadly', 'LOST', 'was', 'FOUND', 'by the', 'FAT', 'and', 'VERY', 'happy', 'PRIEST']",assorted,The priest was sad?,other,y,0,1.4897285929996542,018,right,male,English,24,NA,Australia,keypress
54,congruent,"['The', 'COP', 'that the', 'spy', 'MET', 'wrote', 'a', 'BOOK', 'about', 'the', 'CASE']",object,The spy wrote a book?,main_clause,n,1,2.0076690630003213,018,right,male,English,24,NA,Australia,keypress
55,other,"['The', 'APPLES', 'that', 'THE', 'couple', 'BOUGHT', 'at the', 'MARKET', 'were', 'RED']",assorted,The couple bought green apples?,other,n,1,2.0416102790004516,018,right,male,English,24,NA,Australia,keypress
56,congruent,"['The', 'FRUIT', 'that the', 'cake', 'SQUASHED', 'made', 'a', 'MESS', 'in', 'the', 'BAG']",object,The fruit made a mess?,main_clause,y,1,2.877432317000057,018,right,male,English,24,NA,Australia,keypress
57,other,"['The', 'CUP', 'was', 'MADE', 'from green', 'PLASTIC', 'and was', 'FILLED', 'with', 'JUICE']",assorted,The cup was made from plastic?,other,y,1,1.6577198980003232,018,right,male,English,24,NA,Australia,keypress
58,other,"['The', 'WINE', 'that was', 'FANCY', 'was', 'KEPT', 'in the', 'CELLAR', 'for', 'NEARLY', 'ten', 'YEARS', 'and five', 'MONTHS']",assorted,The wine was fancy?,other,y,1,1.0535986849999972,018,right,male,English,24,NA,Australia,keypress
59,congruent,"['The', 'SCOUT', 'that the', 'coach', 'PUNCHED', 'had', 'a', 'FIGHT', 'with', 'a', 'MANAGER']",object,The coach had a fight?,main_clause,n,1,2.1755366440002035,018,right,male,English,24,NA,Australia,keypress
60,congruent,"['The', 'FRIEND', 'that', 'TEASED', 'the', 'BRIDE', 'told a', 'JOKE', 'about the', 'PAST']",subject,The friend told a joke?,main_clause,y,1,1.5238092319996213,018,right,male,English,24,NA,Australia,keypress
61,incongruent,"['THE', 'owl', 'THAT', 'scared', 'THE', 'bat', 'MADE A', 'loop', 'IN THE', 'air']",subject,The owl scared the bat?,relative_clause,y,1,1.540614660000756,018,right,male,English,24,NA,Australia,keypress
62,incongruent,"['THE', 'niece', 'that the', 'AUNT', 'kissed', 'sang', 'A', 'song', 'for', 'THE', 'guests']",object,The aunt sang a song?,main_clause,n,1,1.7747870749999493,018,right,male,English,24,NA,Australia,keypress
63,other,"['The', 'CAR', 'that was', 'NEW', 'had', 'JUST', 'been', 'CLEANED', 'by', 'THE', 'old', 'LADY']",assorted,The car was old?,other,n,1,1.4245128000002296,018,right,male,English,24,NA,Australia,keypress
64,incongruent,"['THE', 'boss', 'that the', 'CLERK', 'mocked', 'had', 'A', 'crush', 'on', 'THE', 'intern']",object,The clerk had a crush?,main_clause,n,1,1.4042993860002753,018,right,male,English,24,NA,Australia,keypress
65,other,"['The', 'CONCERT', 'started', 'LATER', 'than', 'WHAT', 'the', 'LADY', 'told the', 'TRAVELER']",assorted,The concert started later than the travellers expected?,other,y,1,2.6601405250003154,018,right,male,English,24,NA,Australia,keypress
66,other,"['The', 'MAN', 'who was', 'SHORT', 'gave his', 'WIFE', 'some red', 'CANDLES', 'for her', 'BIRTHDAY']",assorted,The man was short?,other,y,1,1.2226569900003597,018,right,male,English,24,NA,Australia,keypress
67,congruent,"['The', 'CROOK', 'that the', 'thief', 'WARNED', 'fled', 'the', 'TOWN', 'the', 'next', 'MORNING']",object,The crook warned the thief?,relative_clause,n,1,2.0899568299992097,018,right,male,English,24,NA,Australia,keypress
68,incongruent,"['THE', 'knight', 'THAT', 'helped', 'THE', 'king', 'SENT A', 'gift', 'FROM HIS', 'castle']",subject,The king sent a gift?,main_clause,n,1,1.5912730479994934,018,right,male,English,24,NA,Australia,keypress
69,congruent,"['The', 'SAILOR', 'that the', 'banker', 'PUSHED', 'hurt', 'his', 'FOOT', 'in', 'the', 'BRAWL']",object,The sailor pushed the banker?,relative_clause,n,1,4.833115481000277,018,right,male,English,24,NA,Australia,keypress
70,other,"['The', 'DESSERT', 'was', 'SERVED', 'with', 'CUSTARD', 'and', 'FRUIT', 'then', 'THERE', 'was', 'COFFEE']",assorted,The coffee was before dessert?,other,n,1,2.7934746750006525,018,right,male,English,24,NA,Australia,keypress
71,incongruent,"['THE', 'nun', 'THAT', 'blessed', 'THE', 'monk', 'LIT A', 'candle', 'ON THE', 'table']",subject,The monk lit a candle?,main_clause,n,1,2.343379000999448,018,right,male,English,24,NA,Australia,keypress
72,incongruent,"['THE', 'clerk', 'THAT', 'liked', 'THE', 'boss', 'HAD A', 'desk', 'BY THE', 'window']",subject,The clerk had a desk by the window?,main_clause,y,1,3.3785937000002377,018,right,male,English,24,NA,Australia,keypress
73,other,"['The', 'DESK', 'was', 'NEW', 'but', 'DUSTY', 'and', 'COVERED', 'with old', 'BOOKS']",assorted,The desk was old?,other,n,1,1.8413032349999412,018,right,male,English,24,NA,Australia,keypress
1,other,"['The', 'RING', 'that', 'WAS', 'sadly', 'LOST', 'was', 'FOUND', 'by the', 'FAT', 'and', 'VERY', 'happy', 'PRIEST']",assorted,The priest found the ring?,other,y,1,2.108798160999868,019,right,female,English,26,NA,Australia,keypress
2,other,"['The', 'GIRL', 'kicked the', 'BALL', 'into the', 'WINDOW', 'but it', 'DID', 'not', 'BREAK']",assorted,The girl broke the window?,other,n,1,2.1423557429998255,019,right,female,English,26,NA,Australia,keypress
3,incongruent,"['THE', 'bum', 'THAT', 'scared', 'THE', 'cop', 'CROSSED THE', 'street', 'AT THE', 'light']",subject,The cop scared the bum?,relative_clause,y,0,3.746237038000345,019,right,female,English,26,NA,Australia,keypress
4,congruent,"['The', 'CAT', 'that the', 'dog', 'FOUGHT', 'licked', 'its', 'WOUNDS', 'in', 'the', 'CORNER']",object,The cat licked its wounds?,main_clause,y,1,2.0250743010001315,019,right,female,English,26,NA,Australia,keypress
5,other,"['The', 'CUP', 'was', 'MADE', 'from green', 'PLASTIC', 'and was', 'FILLED', 'with', 'JUICE']",assorted,The cup was made from plastic?,other,y,1,2.025566266000169,019,right,female,English,26,NA,Australia,keypress
6,other,"['The', 'HAT', 'that was', 'WORN', 'by the', 'BOY', 'with a', 'JACKET', 'was too', 'SMALL', 'for the', 'MAN']",assorted,The hat was too small?,other,y,1,1.4738967279999995,019,right,female,English,26,NA,Australia,keypress
7,other,"['The', 'BOY', 'who', 'HAD', 'a', 'BIRTHDAY', 'called', 'HIS', 'best', 'FRIEND', 'for a', 'CHAT']",assorted,The friend called the boy?,other,n,1,3.9130448470000374,019,right,female,English,26,NA,Australia,keypress
8,incongruent,"['THE', 'cook', 'that the', 'MAID', 'hugged', 'had', 'A', 'tear', 'on', 'HER', 'cheek']",object,The maid had a tear on her cheek?,main_clause,y,0,1.3564869760002694,019,right,female,English,26,NA,Australia,keypress
9,incongruent,"['THE', 'rod', 'THAT', 'bent', 'THE', 'pipe', 'HAD A', 'hole', 'IN THE', 'middle']",subject,The rod bent the pipe?,relative_clause,n,0,3.8435180370001945,019,right,female,English,26,NA,Australia,keypress
10,congruent,"['The', 'PRIEST', 'that the', 'nun', 'THANKED', 'left', 'the', 'CHURCH', 'in', 'a', 'HURRY']",object,The nun thanked the priest?,relative_clause,y,1,1.5230993840000338,019,right,female,English,26,NA,Australia,keypress
11,other,"['The', 'WINE', 'that was', 'FANCY', 'was', 'KEPT', 'in the', 'CELLAR', 'for', 'NEARLY', 'ten', 'YEARS', 'and five', 'MONTHS']",assorted,The wine was bad?,other,n,1,1.5578201260000242,019,right,female,English,26,NA,Australia,keypress
12,other,"['The', 'BIKE', 'that was', 'YELLOW', 'and', 'SHINY', 'belonged', 'TO', 'the', 'BOY', 'with the', 'HAT']",assorted,The bike was red?,other,n,1,1.9415783930003272,019,right,female,English,26,NA,Australia,keypress
13,incongruent,"['THE', 'bloke', 'THAT', 'helped', 'THE', 'mum', 'GAVE A', 'gift', 'TO SAY', 'thanks']",subject,The mum helped the bloke?,relative_clause,n,1,1.958474484999897,019,right,female,English,26,NA,Australia,keypress
14,congruent,"['The', 'BUG', 'that', 'ATTACKED', 'the', 'ANT', 'was as', 'BIG', 'as a', 'COIN']",subject,The bug attacked the ant?,relative_clause,y,1,2.358871752000141,019,right,female,English,26,NA,Australia,keypress
15,congruent,"['The', 'WHALE', 'that', 'BIT', 'the', 'SHARK', 'won the', 'FIGHT', 'in the', 'END']",subject,The shark bit the whale?,relative_clause,n,1,2.2262231919999067,019,right,female,English,26,NA,Australia,keypress
16,incongruent,"['THE', 'dad', 'THAT', 'knew', 'THE', 'chef', 'HAD A', 'son', 'WITH A', 'limp']",subject,The dad had a son with a limp?,main_clause,y,1,3.127246802999707,019,right,female,English,26,NA,Australia,keypress
17,congruent,"['The', 'DESK', 'that', 'SCRATCHED', 'the', 'BED', 'was too', 'OLD', 'to be', 'MOVED']",subject,The bed was too old?,main_clause,y,0,1.7256163790002574,019,right,female,English,26,NA,Australia,keypress
18,incongruent,"['THE', 'clerk', 'that the', 'BOSS', 'liked', 'had', 'A', 'desk', 'by', 'THE', 'window']",object,The boss had a desk by the window?,main_clause,n,1,2.0251873540000815,019,right,female,English,26,NA,Australia,keypress
19,congruent,"['The', 'THUG', 'that the', 'man', 'SAW', 'had', 'a', 'HAT', 'on', 'his', 'HEAD']",object,The thug saw the man?,relative_clause,n,1,3.595659648000037,019,right,female,English,26,NA,Australia,keypress
20,incongruent,"['THE', 'boy', 'that the', 'GIRL', 'helped', 'got', 'AN', 'A', 'on', 'THE', 'test']",object,The boy helped the girl?,relative_clause,y,0,1.4728479079999488,019,right,female,English,26,NA,Australia,keypress
21,congruent,"['The', 'SAILOR', 'that the', 'banker', 'PUSHED', 'hurt', 'his', 'FOOT', 'in', 'the', 'BRAWL']",object,The banker hurt his foot?,main_clause,n,1,2.3933718380003484,019,right,female,English,26,NA,Australia,keypress
22,other,"['The', 'GIRL', 'and the', 'BOY', 'that', 'OWNED', 'the', 'HORSE', 'had', 'MUD', 'on their', 'CLOTHES']",assorted,The horse was muddy?,other,n,1,3.8444564820001688,019,right,female,English,26,NA,Australia,keypress
23,other,"['The', 'MAN', 'was very', 'HUNGRY', 'after the', 'MEETING', 'so', 'HAD', 'lunch', 'EARLY']",assorted,The man was hungry?,other,y,1,1.5734399470002245,019,right,female,English,26,NA,Australia,keypress
24,other,"['The', 'PIANO', 'was well', 'PLAYED', 'by', 'THE', 'old', 'LADY', 'but', 'IT', 'was', 'NOT', 'in', 'TUNE']",assorted,The piano was badly played?,other,n,1,3.19462258700014,019,right,female,English,26,NA,Australia,keypress
25,incongruent,"['THE', 'man', 'that the', 'NURSE', 'phoned', 'left', 'HIS', 'pills', 'at', 'THE', 'office']",object,The nurse left the pills?,main_clause,y,0,2.760692641999867,019,right,female,English,26,NA,Australia,keypress
26,incongruent,"['THE', 'crook', 'that the', 'THIEF', 'warned', 'fled', 'THE', 'town', 'the', 'NEXT', 'morning']",object,The crook fled the town?,main_clause,y,1,1.606540343999768,019,right,female,English,26,NA,Australia,keypress
27,congruent,"['The', 'NUN', 'that the', 'monk', 'BLESSED', 'lit', 'a', 'CANDLE', 'on', 'the', 'TABLE']",object,The monk blessed the nun?,relative_clause,y,1,2.0085499780002465,019,right,female,English,26,NA,Australia,keypress
28,other,"['The', 'DOG', 'that', 'BARKED', 'is very', 'BIG', 'and very', 'FRIENDLY', 'but', 'DOESN’T', 'like', 'CATS']",assorted,The dog is very big?,other,y,1,2.121998480999991,019,right,female,English,26,NA,Australia,keypress
29,incongruent,"['THE', 'owl', 'that the', 'BAT', 'scared', 'made', 'A', 'loop', 'in', 'THE', 'air']",object,The bat scared the owl?,relative_clause,y,1,1.858015716999944,019,right,female,English,26,NA,Australia,keypress
30,incongruent,"['THE', 'guy', 'THAT', 'thanked', 'THE', 'judge', 'LEFT THE', 'room', 'WITH A', 'smile']",subject,The guy thanked the judge?,relative_clause,y,1,1.590950142999645,019,right,female,English,26,NA,Australia,keypress
31,incongruent,"['THE', 'dean', 'that the', 'BOY', 'called', 'had', 'A', 'voice', 'full', 'OF', 'anger']",object,The boy called the dean?,relative_clause,y,1,2.7912366259997725,019,right,female,English,26,NA,Australia,keypress
32,congruent,"['The', 'FRIEND', 'that the', 'bride', 'TEASED', 'told', 'a', 'JOKE', 'about', 'the', 'PAST']",object,The friend teased the bride?,relative_clause,y,0,1.9754504200000156,019,right,female,English,26,NA,Australia,keypress
33,incongruent,"['THE', 'chief', 'that the', 'GIRL', 'thanked', 'was', 'TOO', 'late', 'for', 'THE', 'bus']",object,The chief thanked the girl?,relative_clause,n,1,1.3905244840002524,019,right,female,English,26,NA,Australia,keypress
34,incongruent,"['THE', 'guest', 'THAT', 'kissed', 'THE', 'host', 'BROUGHT A', 'cake', 'TO THE', 'party']",subject,The host kissed the guest?,relative_clause,n,1,2.2759913760000927,019,right,female,English,26,NA,Australia,keypress
35,congruent,"['The', 'COP', 'that the', 'spy', 'MET', 'wrote', 'a', 'BOOK', 'about', 'the', 'CASE']",object,The cop wrote a book?,main_clause,y,1,2.0412461000000803,019,right,female,English,26,NA,Australia,keypress
36,other,"['The', 'MAN', 'who was', 'SHORT', 'gave his', 'WIFE', 'some red', 'CANDLES', 'for her', 'BIRTHDAY']",assorted,The man was short?,other,y,1,1.039159447000202,019,right,female,English,26,NA,Australia,keypress
37,incongruent,"['THE', 'maid', 'that the', 'CHEF', 'loved', 'quit', 'THE', 'job', 'at', 'THE', 'house']",object,The maid quit the job?,main_clause,y,1,1.306278685000052,019,right,female,English,26,NA,Australia,keypress
38,incongruent,"['THE', 'boss', 'THAT', 'mocked', 'THE', 'clerk', 'HAD A', 'crush', 'ON THE', 'intern']",subject,The boss mocked the clerk?,relative_clause,y,1,1.8411068319996955,019,right,female,English,26,NA,Australia,keypress
39,other,"['The', 'DESK', 'was', 'NEW', 'but', 'DUSTY', 'and', 'COVERED', 'with old', 'BOOKS']",assorted,The desk was new?,other,y,1,1.5067908900000475,019,right,female,English,26,NA,Australia,keypress
40,incongruent,"['THE', 'car', 'that the', 'TRUCK', 'pulled', 'had', 'A', 'scratch', 'on', 'THE', 'door']",object,The car pulled the truck?,relative_clause,y,0,1.0054609799999523,019,right,female,English,26,NA,Australia,keypress
41,congruent,"['The', 'KID', 'that', 'FOLLOWED', 'the', 'DAD', 'had some', 'MUD', 'on his', 'SHOES']",subject,The dad had some mud on his shoes?,main_clause,n,1,2.4772036019999177,019,right,female,English,26,NA,Australia,keypress
42,incongruent,"['THE', 'count', 'THAT', 'knew', 'THE', 'queen', 'OWNED A', 'castle', 'BY THE', 'lake']",subject,The count owned a castle?,main_clause,y,1,1.922671948000243,019,right,female,English,26,NA,Australia,keypress
43,congruent,"['The', 'GROOM', 'that the', 'aunt', 'CHARMED', 'raised', 'a', 'TOAST', 'to', 'the', 'PARENTS']",object,The aunt raised a toast?,main_clause,y,0,1.6240456460000132,019,right,female,English,26,NA,Australia,keypress
44,congruent,"['The', 'HAT', 'that', 'MATCHED', 'the', 'SKIRT', 'had a', 'BOW', 'in the', 'BACK']",subject,The skirt had a bow?,main_clause,y,0,2.0420958679997057,019,right,female,English,26,NA,Australia,keypress
45,congruent,"['The', 'SHELF', 'that', 'BUMPED', 'the', 'PIANO', 'had some', 'DUST', 'on its', 'TOP']",subject,The shelf bumped the piano?,relative_clause,y,1,3.896485930999915,019,right,female,English,26,NA,Australia,keypress
46,congruent,"['The', 'DEAN', 'that', 'HEARD', 'the', 'GUARD', 'made a', 'CALL', 'about the', 'MATTER']",subject,The dean heard the guard?,relative_clause,y,1,2.343177650999678,019,right,female,English,26,NA,Australia,keypress
47,other,"['The', 'JOB', 'that was', 'GIVEN', 'was', 'DIFFERENT', 'to', 'WHAT', 'she', 'EXPECTED']",assorted,The job was as expected?,other,n,1,2.592851071000041,019,right,female,English,26,NA,Australia,keypress
48,congruent,"['The', 'SCOUT', 'that the', 'coach', 'PUNCHED', 'had', 'a', 'FIGHT', 'with', 'a', 'MANAGER']",object,The coach punched the scout?,relative_clause,y,1,3.212515144000008,019,right,female,English,26,NA,Australia,keypress
49,other,"['The', 'APPLES', 'that', 'THE', 'couple', 'BOUGHT', 'at the', 'MARKET', 'were', 'RED']",assorted,The couple bought green apples?,other,n,1,1.4400612960002943,019,right,female,English,26,NA,Australia,keypress
50,incongruent,"['THE', 'fruit', 'THAT', 'squashed', 'THE', 'cake', 'MADE A', 'mess', 'IN THE', 'bag']",subject,The fruit made a mess?,main_clause,n,0,2.124931092999759,019,right,female,English,26,NA,Australia,keypress
51,incongruent,"['THE', 'priest', 'that the', 'COOK', 'paid', 'signed', 'THE', 'check', 'at', 'THE', 'bank']",object,The cook paid the priest?,relative_clause,y,1,2.041652476999843,019,right,female,English,26,NA,Australia,keypress
52,congruent,"['The', 'KNIGHT', 'that the', 'king', 'HELPED', 'sent', 'a', 'GIFT', 'from', 'his', 'CASTLE']",object,The knight helped the king?,relative_clause,y,0,2.7605103250002685,019,right,female,English,26,NA,Australia,keypress
53,congruent,"['The', 'PRINCE', 'that', 'HELPED', 'the', 'GIRL', 'had a', 'HEAD', 'of blonde', 'HAIR']",subject,The prince had blonde hair?,main_clause,y,1,1.5899067209998066,019,right,female,English,26,NA,Australia,keypress
54,congruent,"['The', 'NIECE', 'that the', 'aunt', 'KISSED', 'sang', 'a', 'SONG', 'for', 'the', 'GUESTS']",object,The niece sang a song?,main_clause,y,1,1.5215397909996682,019,right,female,English,26,NA,Australia,keypress
55,other,"['The', 'GIRL', 'on', 'THE', 'school', 'TRIP', 'saw a', 'FROG', 'and', 'LATER', 'she', 'SAW', 'a', 'MOUSE']",assorted,The girl saw a mouse first?,other,n,1,1.3732457319997593,019,right,female,English,26,NA,Australia,keypress
56,other,"['The', 'CAT', 'chased the', 'BIRD', 'but', 'IT', 'flew', 'AWAY', 'into the', 'SUNSET']",assorted,The cat chased the bird?,other,y,1,1.7572587020003994,019,right,female,English,26,NA,Australia,keypress
57,other,"['The', 'BOX', 'was', 'MADE', 'from', 'WOOD', 'and was', 'FULL', 'of', 'THINGS', 'that', 'SHINED']",assorted,The box was full of things?,other,y,1,2.7774238659999355,019,right,female,English,26,NA,Australia,keypress
58,other,"['The', 'FISH', 'was', 'CAUGHT', 'by the', 'GIRL', 'on the', 'BOAT', 'on a', 'FRIDAY']",assorted,The fish was caught by the boy?,other,n,1,1.556874633999996,019,right,female,English,26,NA,Australia,keypress
59,incongruent,"['THE', 'boat', 'THAT', 'chased', 'THE', 'yacht', 'MADE A', 'turn', 'AT THE', 'boathouse']",subject,The yacht made a turn?,main_clause,n,1,2.376106150999931,019,right,female,English,26,NA,Australia,keypress
60,congruent,"['The', 'NURSE', 'that the', 'coach', 'BLAMED', 'checked', 'the', 'FILE', 'of', 'the', 'GYMNAST']",object,The coach checked the file?,main_clause,n,1,1.3393004550002845,019,right,female,English,26,NA,Australia,keypress
61,other,"['The', 'BOSS', 'was', 'HAPPY', 'to', 'SEE', 'the', 'WORK', 'that', 'THE', 'two', 'GIRLS', 'had', 'DONE']",assorted,The girls were happy?,other,n,1,1.2232141219997177,019,right,female,English,26,NA,Australia,keypress
62,other,"['The', 'DESSERT', 'was', 'SERVED', 'with', 'CUSTARD', 'and', 'FRUIT', 'then', 'THERE', 'was', 'COFFEE']",assorted,The coffee was after dessert?,other,y,1,2.375369635999959,019,right,female,English,26,NA,Australia,keypress
63,congruent,"['The', 'DANCER', 'that', 'LIKED', 'the', 'GUY', 'was a', 'CHEF', 'in the', 'CITY']",subject,The dancer was a chef?,main_clause,y,1,3.745751354999811,019,right,female,English,26,NA,Australia,keypress
64,incongruent,"['THE', 'fox', 'that the', 'WOLF', 'chased', 'hurt', 'ITS', 'paws', 'on', 'THE', 'way']",object,The fox hurt its paws?,main_clause,y,1,1.3408543759996974,019,right,female,English,26,NA,Australia,keypress
65,congruent,"['The', 'GIRL', 'that', 'PUSHED', 'the', 'NERD', 'broke the', 'VASE', 'with the', 'FLOWERS']",subject,The nerd pushed the girl?,relative_clause,n,1,1.9249613000001773,019,right,female,English,26,NA,Australia,keypress
66,other,"['The', 'COLOUR', 'of the', 'HOUSE', 'was', 'BRIGHTER', 'than the', 'MEN', 'who travelled', 'EXPECTED']",assorted,The men were colourfully dressed?,other,n,1,1.7402697709999302,019,right,female,English,26,NA,Australia,keypress
67,incongruent,"['THE', 'tradie', 'THAT', 'thanked', 'THE', 'man', 'LEFT HIS', 'wallet', 'IN THE', 'car']",subject,The man left his wallet?,main_clause,n,1,1.4402444780002952,019,right,female,English,26,NA,Australia,keypress
68,other,"['The', 'BOOK', 'that the', 'LADY', 'with a', 'TATTOO', 'had', 'WRITTEN', 'was her', 'BEST', 'book', 'YET']",assorted,The man wrote a book?,other,n,1,1.1902704839999387,019,right,female,English,26,NA,Australia,keypress
69,incongruent,"['THE', 'king', 'THAT', 'pleased', 'THE', 'guest', 'POURED THE', 'wine', 'FROM THE', 'jug']",subject,The guest poured the wine?,main_clause,n,1,2.2093591410002773,019,right,female,English,26,NA,Australia,keypress
70,other,"['The', 'CONCERT', 'started', 'LATER', 'than', 'WHAT', 'the', 'LADY', 'told the', 'TRAVELER']",assorted,The concert started later than the travellers expected?,other,y,1,3.395681654999862,019,right,female,English,26,NA,Australia,keypress
71,congruent,"['The', 'THIEF', 'that', 'SAW', 'the', 'GUARD', 'had a', 'GUN', 'in his', 'HOLSTER']",subject,The guard saw the thief?,relative_clause,n,1,4.013159389000066,019,right,female,English,26,NA,Australia,keypress
72,other,"['The', 'CAR', 'that was', 'NEW', 'had', 'JUST', 'been', 'CLEANED', 'by', 'THE', 'old', 'LADY']",assorted,The car was new?,other,y,1,1.5913992959999632,019,right,female,English,26,NA,Australia,keypress
73,congruent,"['The', 'TRUCK', 'that', 'BUMPED', 'the', 'CAR', 'had a', 'MAN', 'at the', 'WHEEL']",subject,The truck had a man at the wheel?,main_clause,y,1,1.8216449040000953,019,right,female,English,26,NA,Australia,keypress
1,congruent,"['The', 'TRUCK', 'that', 'BUMPED', 'the', 'CAR', 'had a', 'MAN', 'at the', 'WHEEL']",subject,The truck bumped the car?,relative_clause,y,1,1.9921341700000992,020,right,male,English,23,NA,Australia,keypress
2,other,"['The', 'MAN', 'who was', 'SHORT', 'gave his', 'WIFE', 'some red', 'CANDLES', 'for her', 'BIRTHDAY']",assorted,The man was short?,other,y,1,1.9413651639997624,020,right,male,English,23,NA,Australia,keypress
3,incongruent,"['THE', 'guest', 'THAT', 'kissed', 'THE', 'host', 'BROUGHT A', 'cake', 'TO THE', 'party']",subject,The host kissed the guest?,relative_clause,n,1,2.7769367500000044,020,right,male,English,23,NA,Australia,keypress
4,other,"['The', 'CONCERT', 'started', 'LATER', 'than', 'WHAT', 'the', 'LADY', 'told the', 'TRAVELER']",assorted,The concert started early?,other,y,0,1.741159314000015,020,right,male,English,23,NA,Australia,keypress
5,incongruent,"['THE', 'thief', 'that the', 'GUARD', 'saw', 'had', 'A', 'gun', 'in', 'HIS', 'holster']",object,The guard saw the thief?,relative_clause,n,0,3.695493757999884,020,right,male,English,23,NA,Australia,keypress
6,congruent,"['The', 'PRINCE', 'that', 'HELPED', 'the', 'GIRL', 'had a', 'HEAD', 'of blonde', 'HAIR']",subject,The girl helped the prince?,relative_clause,n,1,2.5764426060000005,020,right,male,English,23,NA,Australia,keypress
7,congruent,"['The', 'GROOM', 'that', 'CHARMED', 'the', 'AUNT', 'raised a', 'TOAST', 'to the', 'PARENTS']",subject,The aunt raised a toast?,main_clause,n,1,2.292534799999885,020,right,male,English,23,NA,Australia,keypress
8,other,"['The', 'PIANO', 'was well', 'PLAYED', 'by', 'THE', 'old', 'LADY', 'but', 'IT', 'was', 'NOT', 'in', 'TUNE']",assorted,The piano was badly played?,other,n,1,1.6238863720000154,020,right,male,English,23,NA,Australia,keypress
9,congruent,"['The', 'TRADIE', 'that the', 'man', 'THANKED', 'left', 'his', 'WALLET', 'in', 'the', 'CAR']",object,The man left his wallet?,main_clause,n,1,1.7915555530003076,020,right,male,English,23,NA,Australia,keypress
10,other,"['The', 'DOG', 'that', 'BARKED', 'is very', 'BIG', 'and very', 'FRIENDLY', 'but', 'DOESN’T', 'like', 'CATS']",assorted,The dog is very fluffy?,other,n,1,1.657827996999913,020,right,male,English,23,NA,Australia,keypress
11,incongruent,"['THE', 'kid', 'THAT', 'followed', 'THE', 'dad', 'HAD SOME', 'mud', 'ON HIS', 'shoes']",subject,The dad had some mud on his shoes?,main_clause,n,1,3.26157999499992,020,right,male,English,23,NA,Australia,keypress
12,congruent,"['The', 'FOX', 'that', 'CHASED', 'the', 'WOLF', 'hurt its', 'PAWS', 'on the', 'WAY']",subject,The wolf chased the fox?,relative_clause,n,1,2.492968070000188,020,right,male,English,23,NA,Australia,keypress
13,congruent,"['The', 'BUM', 'that the', 'cop', 'SCARED', 'crossed', 'the', 'STREET', 'at', 'the', 'LIGHT']",object,The bum scared the cop?,relative_clause,n,1,2.5926744349999353,020,right,male,English,23,NA,Australia,keypress
14,incongruent,"['THE', 'whale', 'that the', 'SHARK', 'bit', 'won', 'THE', 'fight', 'in', 'THE', 'end']",object,The shark won the fight?,main_clause,n,1,3.07736250500011,020,right,male,English,23,NA,Australia,keypress
15,congruent,"['The', 'BLOKE', 'that', 'HELPED', 'the', 'MUM', 'gave a', 'GIFT', 'to say', 'THANKS']",subject,The mum helped the bloke?,relative_clause,n,1,2.3237860340000225,020,right,male,English,23,NA,Australia,keypress
16,incongruent,"['THE', 'knight', 'that the', 'KING', 'helped', 'sent', 'A', 'gift', 'from', 'HIS', 'castle']",object,The king helped the knight?,relative_clause,n,0,2.2756804749997173,020,right,male,English,23,NA,Australia,keypress
17,incongruent,"['THE', 'dancer', 'THAT', 'liked', 'THE', 'guy', 'WAS A', 'chef', 'IN THE', 'city']",subject,The dancer was a chef?,main_clause,y,1,3.562169102000098,020,right,male,English,23,NA,Australia,keypress
18,congruent,"['The', 'NUN', 'that', 'BLESSED', 'the', 'MONK', 'lit a', 'CANDLE', 'on the', 'TABLE']",subject,The nun lit a candle?,main_clause,y,1,2.9275068500001,020,right,male,English,23,NA,Australia,keypress
19,incongruent,"['THE', 'count', 'that the', 'QUEEN', 'knew', 'owned', 'A', 'castle', 'by', 'THE', 'lake']",object,The count knew the queen?,relative_clause,y,0,2.994527467999887,020,right,male,English,23,NA,Australia,keypress
20,other,"['The', 'BIKE', 'that was', 'YELLOW', 'and', 'SHINY', 'belonged', 'TO', 'the', 'BOY', 'with the', 'HAT']",assorted,The bike was shiny?,other,y,1,2.69385721000026,020,right,male,English,23,NA,Australia,keypress
21,other,"['The', 'RING', 'that', 'WAS', 'sadly', 'LOST', 'was', 'FOUND', 'by the', 'FAT', 'and', 'VERY', 'happy', 'PRIEST']",assorted,The priest found the ring?,other,y,1,2.241982719999669,020,right,male,English,23,NA,Australia,keypress
22,incongruent,"['THE', 'man', 'that the', 'NURSE', 'phoned', 'left', 'HIS', 'pills', 'at', 'THE', 'office']",object,The man left the pills?,main_clause,y,1,1.7425431449996722,020,right,male,English,23,NA,Australia,keypress
23,congruent,"['The', 'BOAT', 'that the', 'yacht', 'CHASED', 'made', 'a', 'TURN', 'at', 'the', 'BOATHOUSE']",object,The boat made a turn?,main_clause,n,0,3.095762678000028,020,right,male,English,23,NA,Australia,keypress
24,congruent,"['The', 'GIRL', 'that the', 'nerd', 'THANKED', 'broke', 'the', 'VASE', 'with', 'the', 'FLOWERS']",object,The girl pushed the nerd?,relative_clause,n,1,1.9080272289997993,020,right,male,English,23,NA,Australia,keypress
25,other,"['The', 'CAT', 'chased the', 'BIRD', 'but', 'IT', 'flew', 'AWAY', 'into the', 'SUNSET']",assorted,The cat caught the bird?,other,n,1,2.3068030439999347,020,right,male,English,23,NA,Australia,keypress
26,congruent,"['The', 'FRIEND', 'that', 'TEASED', 'the', 'BRIDE', 'told a', 'JOKE', 'about the', 'PAST']",subject,The friend told a joke?,main_clause,y,1,2.309036733999619,020,right,male,English,23,NA,Australia,keypress
27,congruent,"['The', 'HAT', 'that', 'MATCHED', 'the', 'SKIRT', 'had a', 'BOW', 'in the', 'BACK']",subject,The skirt had a bow?,main_clause,n,1,2.609874173999742,020,right,male,English,23,NA,Australia,keypress
28,incongruent,"['THE', 'crook', 'THAT', 'warned', 'THE', 'thief', 'FLED THE', 'town', 'THE NEXT', 'morning']",subject,The crook fled the town?,main_clause,y,1,1.022706610000114,020,right,male,English,23,NA,Australia,keypress
29,congruent,"['The', 'OWL', 'that the', 'bat', 'SCARED', 'made', 'a', 'LOOP', 'in', 'the', 'AIR']",object,The owl made a loop?,main_clause,y,1,2.9105109870001797,020,right,male,English,23,NA,Australia,keypress
30,congruent,"['The', 'CLERK', 'that the', 'boss', 'LIKED', 'had', 'a', 'DESK', 'by', 'the', 'WINDOW']",object,The clerk liked the boss?,relative_clause,n,1,1.7745608860000175,020,right,male,English,23,NA,Australia,keypress
31,congruent,"['The', 'NIECE', 'that', 'KISSED', 'the', 'AUNT', 'sang a', 'SONG', 'for the', 'GUESTS']",subject,The niece kissed the aunt?,relative_clause,n,0,4.213837136000166,020,right,male,English,23,NA,Australia,keypress
32,other,"['The', 'WINE', 'that was', 'FANCY', 'was', 'KEPT', 'in the', 'CELLAR', 'for', 'NEARLY', 'ten', 'YEARS', 'and five', 'MONTHS']",assorted,The wine was fancy?,other,y,1,1.2728531899997506,020,right,male,English,23,NA,Australia,keypress
33,incongruent,"['THE', 'maid', 'that the', 'CHEF', 'loved', 'quit', 'THE', 'job', 'at', 'THE', 'house']",object,The maid loved the chef?,relative_clause,y,0,2.7435758579999856,020,right,male,English,23,NA,Australia,keypress
34,incongruent,"['THE', 'guy', 'THAT', 'thanked', 'THE', 'judge', 'LEFT THE', 'room', 'WITH A', 'smile']",subject,The judge left the room?,main_clause,n,1,1.774762482999904,020,right,male,English,23,NA,Australia,keypress
35,congruent,"['The', 'DESK', 'that the', 'bed', 'SCRATCHED', 'was', 'too', 'OLD', 'to', 'be', 'MOVED']",object,The bed scratched the desk?,relative_clause,n,0,2.4263850279999133,020,right,male,English,23,NA,Australia,keypress
36,other,"['The', 'BOY', 'who', 'HAD', 'a', 'BIRTHDAY', 'called', 'HIS', 'best', 'FRIEND', 'for a', 'CHAT']",assorted,The boy called his best friend?,other,y,1,2.105953263000174,020,right,male,English,23,NA,Australia,keypress
37,other,"['The', 'DESSERT', 'was', 'SERVED', 'with', 'CUSTARD', 'and', 'FRUIT', 'then', 'THERE', 'was', 'COFFEE']",assorted,The coffee was before dessert?,other,y,0,4.181550024999979,020,right,male,English,23,NA,Australia,keypress
38,incongruent,"['THE', 'king', 'THAT', 'pleased', 'THE', 'guest', 'POURED THE', 'wine', 'FROM THE', 'jug']",subject,The guest pleased the king?,relative_clause,d,0,2.576922785000079,020,right,male,English,23,NA,Australia,keypress
39,congruent,"['The', 'CAR', 'that', 'PULLED', 'the', 'TRUCK', 'had a', 'SCRATCH', 'on the', 'DOOR']",subject,The car had a scratch?,main_clause,n,0,1.8913701579999724,020,right,male,English,23,NA,Australia,keypress
40,congruent,"['The', 'FRUIT', 'that', 'SQUASHED', 'the', 'CAKE', 'made a', 'MESS', 'in the', 'BAG']",subject,The cake made a mess?,main_clause,n,1,4.231184582999958,020,right,male,English,23,NA,Australia,keypress
41,incongruent,"['THE', 'priest', 'that the', 'NUN', 'thanked', 'left', 'THE', 'church', 'in', 'A', 'hurry']",object,The priest left the church?,main_clause,n,0,3.194886530999611,020,right,male,English,23,NA,Australia,keypress
42,incongruent,"['THE', 'nurse', 'that the', 'COACH', 'blamed', 'checked', 'THE', 'file', 'of', 'THE', 'gymnast']",object,The coach checked the file?,main_clause,y,0,1.423378474999936,020,right,male,English,23,NA,Australia,keypress
43,incongruent,"['THE', 'rod', 'that the', 'PIPE', 'bent', 'had', 'A', 'hole', 'in', 'THE', 'middle']",object,The rod bent the pipe?,relative_clause,n,1,1.925292774999889,020,right,male,English,23,NA,Australia,keypress
44,other,"['The', 'HAT', 'that was', 'WORN', 'by the', 'BOY', 'with a', 'JACKET', 'was too', 'SMALL', 'for the', 'MAN']",assorted,The jacket was too small?,other,n,1,1.7741654080000444,020,right,male,English,23,NA,Australia,keypress
45,other,"['The', 'JOB', 'that was', 'GIVEN', 'was', 'DIFFERENT', 'to', 'WHAT', 'she', 'EXPECTED']",assorted,The job was unexpected?,other,y,1,1.4400793029999477,020,right,male,English,23,NA,Australia,keypress
46,congruent,"['The', 'PRIEST', 'that the', 'cook', 'PAID', 'signed', 'the', 'CHECK', 'at', 'the', 'BANK']",object,The cook paid the priest?,relative_clause,n,0,3.008560455999941,020,right,male,English,23,NA,Australia,keypress
47,other,"['The', 'BOSS', 'was', 'HAPPY', 'to', 'SEE', 'the', 'WORK', 'that', 'THE', 'two', 'GIRLS', 'had', 'DONE']",assorted,The girls were happy?,other,y,0,3.379104145999918,020,right,male,English,23,NA,Australia,keypress
48,incongruent,"['THE', 'cook', 'that the', 'MAID', 'hugged', 'had', 'A', 'tear', 'on', 'HER', 'cheek']",object,The maid had a tear on her cheek?,main_clause,y,0,2.560531895000167,020,right,male,English,23,NA,Australia,keypress
49,incongruent,"['THE', 'cop', 'THAT', 'met', 'THE', 'spy', 'WROTE A', 'book', 'ABOUT THE', 'case']",subject,The spy wrote a book?,main_clause,n,1,1.9250098219999927,020,right,male,English,23,NA,Australia,keypress
50,congruent,"['The', 'BUG', 'that the', 'ant', 'ATTACKED', 'was', 'as', 'BIG', 'as', 'a', 'COIN']",object,The ant attacked the bug?,relative_clause,y,1,5.8019799479998255,020,right,male,English,23,NA,Australia,keypress
51,incongruent,"['THE', 'cat', 'THAT', 'fought', 'THE', 'dog', 'LICKED ITS', 'wounds', 'IN THE', 'corner']",subject,The cat fought the dog?,relative_clause,y,1,1.3071645449999778,020,right,male,English,23,NA,Australia,keypress
52,other,"['The', 'CAR', 'that was', 'NEW', 'had', 'JUST', 'been', 'CLEANED', 'by', 'THE', 'old', 'LADY']",assorted,The car was old?,other,y,0,1.3730075760004183,020,right,male,English,23,NA,Australia,keypress
53,other,"['The', 'BOOK', 'that the', 'LADY', 'with a', 'TATTOO', 'had', 'WRITTEN', 'was her', 'BEST', 'book', 'YET']",assorted,The man wrote a book?,other,n,1,0.9856122549999782,020,right,male,English,23,NA,Australia,keypress
54,congruent,"['The', 'DEAN', 'that', 'HEARD', 'the', 'GUARD', 'made a', 'CALL', 'about the', 'MATTER']",subject,The dean heard the guard?,relative_clause,y,1,2.3923069930001475,020,right,male,English,23,NA,Australia,keypress
55,incongruent,"['THE', 'chief', 'THAT', 'thanked', 'THE', 'girl', 'WAS TOO', 'late', 'FOR THE', 'bus']",subject,The chief was too late?,main_clause,n,0,1.255799538000247,020,right,male,English,23,NA,Australia,keypress
56,incongruent,"['THE', 'dean', 'THAT', 'called', 'THE', 'boy', 'HAD A', 'voice', 'FULL OF', 'anger']",subject,The dean called the boy?,relative_clause,y,1,1.3565761830000156,020,right,male,English,23,NA,Australia,keypress
57,other,"['The', 'GIRL', 'kicked the', 'BALL', 'into the', 'WINDOW', 'but it', 'DID', 'not', 'BREAK']",assorted,The girl broke the window?,other,n,1,1.8918984570000248,020,right,male,English,23,NA,Australia,keypress
58,congruent,"['The', 'SHELF', 'that the', 'piano', 'BUMPED', 'had', 'some', 'DUST', 'on', 'its', 'TOP']",object,The piano had dust on its top?,main_clause,n,1,1.27426305400013,020,right,male,English,23,NA,Australia,keypress
59,incongruent,"['THE', 'boss', 'that the', 'CLERK', 'mocked', 'had', 'A', 'crush', 'on', 'THE', 'intern']",object,The clerk mocked the boss?,relative_clause,n,0,2.409863451000092,020,right,male,English,23,NA,Australia,keypress
60,other,"['The', 'DESK', 'was', 'NEW', 'but', 'DUSTY', 'and', 'COVERED', 'with old', 'BOOKS']",assorted,The desk was old?,other,n,1,1.774472736000007,020,right,male,English,23,NA,Australia,keypress
61,other,"['The', 'CUP', 'was', 'MADE', 'from green', 'PLASTIC', 'and was', 'FILLED', 'with', 'JUICE']",assorted,The cup was made from plastic?,other,y,1,1.2396180040000218,020,right,male,English,23,NA,Australia,keypress
62,other,"['The', 'FISH', 'was', 'CAUGHT', 'by the', 'GIRL', 'on the', 'BOAT', 'on a', 'FRIDAY']",assorted,The fish was caught by the girl?,other,y,1,1.858163328000046,020,right,male,English,23,NA,Australia,keypress
63,other,"['The', 'BOX', 'was', 'MADE', 'from', 'WOOD', 'and was', 'FULL', 'of', 'THINGS', 'that', 'SHINED']",assorted,The box was full of things?,other,y,1,1.574294135999935,020,right,male,English,23,NA,Australia,keypress
64,other,"['The', 'GIRL', 'and the', 'BOY', 'that', 'OWNED', 'the', 'HORSE', 'had', 'MUD', 'on their', 'CLOTHES']",assorted,The boy and girl own a horse?,other,y,1,2.2924581550000767,020,right,male,English,23,NA,Australia,keypress
65,other,"['The', 'APPLES', 'that', 'THE', 'couple', 'BOUGHT', 'at the', 'MARKET', 'were', 'RED']",assorted,The couple bought some apples?,other,y,1,1.273998589999792,020,right,male,English,23,NA,Australia,keypress
66,incongruent,"['THE', 'dad', 'THAT', 'knew', 'THE', 'chef', 'HAD A', 'son', 'WITH A', 'limp']",subject,The dad knew the chef?,relative_clause,y,1,1.3226161669999783,020,right,male,English,23,NA,Australia,keypress
67,incongruent,"['THE', 'boy', 'that the', 'GIRL', 'helped', 'got', 'AN', 'A', 'on', 'THE', 'test']",object,The boy got an A?,main_clause,y,1,1.0386129840003375,020,right,male,English,23,NA,Australia,keypress
68,incongruent,"['THE', 'thug', 'THAT', 'saw', 'THE', 'man', 'HAD A', 'hat', 'ON HIS', 'head']",subject,The man saw the thug?,relative_clause,n,1,2.8100932600000306,020,right,male,English,23,NA,Australia,keypress
69,other,"['The', 'GIRL', 'on', 'THE', 'school', 'TRIP', 'saw a', 'FROG', 'and', 'LATER', 'she', 'SAW', 'a', 'MOUSE']",assorted,The girl saw a mouse first?,other,n,1,1.456857391000085,020,right,male,English,23,NA,Australia,keypress
70,congruent,"['The', 'SCOUT', 'that the', 'coach', 'PUNCHED', 'had', 'a', 'FIGHT', 'with', 'a', 'MANAGER']",object,The scout had a fight?,main_clause,y,1,1.8409286659998545,020,right,male,English,23,NA,Australia,keypress
71,congruent,"['The', 'SAILOR', 'that the', 'banker', 'PUSHED', 'hurt', 'his', 'FOOT', 'in', 'the', 'BRAWL']",object,The banker hurt his foot?,main_clause,y,0,3.57986745900007,020,right,male,English,23,NA,Australia,keypress
72,other,"['The', 'MAN', 'was very', 'HUNGRY', 'after the', 'MEETING', 'so', 'HAD', 'lunch', 'EARLY']",assorted,The man was hungry?,other,y,1,1.3233899910001128,020,right,male,English,23,NA,Australia,keypress
73,other,"['The', 'COLOUR', 'of the', 'HOUSE', 'was', 'BRIGHTER', 'than the', 'MEN', 'who travelled', 'EXPECTED']",assorted,The men were colourfully dressed?,other,d,0,2.459778207999989,020,right,male,English,23,NA,Australia,keypress
1,congruent,"['The', 'DEAN', 'that the', 'guard', 'HEARD', 'made', 'a', 'CALL', 'about', 'the', 'MATTER']",object,The dean made a call?,main_clause,y,1,1.5408678790001886,021,right,female,English,27,NA,Australia,keypress
2,other,"['The', 'DOG', 'that', 'BARKED', 'is very', 'BIG', 'and very', 'FRIENDLY', 'but', 'DOESN’T', 'like', 'CATS']",assorted,The dog is very fluffy?,other,n,1,1.6907423010000002,021,right,female,English,27,NA,Australia,keypress
3,congruent,"['The', 'COOK', 'that the', 'maid', 'HUGGED', 'had', 'a', 'TEAR', 'on', 'her', 'CHEEK']",object,The cook had a tear on her cheek?,main_clause,y,1,2.008352208000133,021,right,female,English,27,NA,Australia,keypress
4,incongruent,"['THE', 'nurse', 'THAT', 'blamed', 'THE', 'coach', 'CHECKED THE', 'file', 'OF THE', 'gymnast']",subject,The coach checked the file?,main_clause,n,1,2.306301425999891,021,right,female,English,27,NA,Australia,keypress
5,congruent,"['The', 'SAILOR', 'that', 'PUSHED', 'the', 'BANKER', 'hurt his', 'FOOT', 'in the', 'BRAWL']",subject,The sailor hurt his foot?,main_clause,y,1,2.008571204999953,021,right,female,English,27,NA,Australia,keypress
6,incongruent,"['THE', 'car', 'THAT', 'pulled', 'THE', 'truck', 'HAD A', 'scratch', 'ON THE', 'door']",subject,The car pulled the truck?,relative_clause,y,1,3.0447311549999085,021,right,female,English,27,NA,Australia,keypress
7,other,"['The', 'DESSERT', 'was', 'SERVED', 'with', 'CUSTARD', 'and', 'FRUIT', 'then', 'THERE', 'was', 'COFFEE']",assorted,The coffee was after dessert?,other,y,1,3.278253769000002,021,right,female,English,27,NA,Australia,keypress
8,other,"['The', 'DESK', 'was', 'NEW', 'but', 'DUSTY', 'and', 'COVERED', 'with old', 'BOOKS']",assorted,The desk was new?,other,y,1,0.9889680549999866,021,right,female,English,27,NA,Australia,keypress
9,congruent,"['The', 'BOY', 'that', 'HELPED', 'the', 'GIRL', 'got an', 'A', 'on the', 'TEST']",subject,The boy helped the girl?,relative_clause,y,1,2.2063887619999605,021,right,female,English,27,NA,Australia,keypress
10,incongruent,"['THE', 'chief', 'that the', 'GIRL', 'thanked', 'was', 'TOO', 'late', 'for', 'THE', 'bus']",object,The girl thanked the chief?,relative_clause,n,0,2.7774292100000366,021,right,female,English,27,NA,Australia,keypress
11,other,"['The', 'GIRL', 'and the', 'BOY', 'that', 'OWNED', 'the', 'HORSE', 'had', 'MUD', 'on their', 'CLOTHES']",assorted,The boy and girl own a horse?,other,y,1,3.0960790960000395,021,right,female,English,27,NA,Australia,keypress
12,congruent,"['The', 'SCOUT', 'that the', 'coach', 'PUNCHED', 'had', 'a', 'FIGHT', 'with', 'a', 'MANAGER']",object,The coach had a fight?,main_clause,y,0,2.9604705679998915,021,right,female,English,27,NA,Australia,keypress
13,other,"['The', 'BOOK', 'that the', 'LADY', 'with a', 'TATTOO', 'had', 'WRITTEN', 'was her', 'BEST', 'book', 'YET']",assorted,The man wrote a book?,other,d,0,1.6574172260000068,021,right,female,English,27,NA,Australia,keypress
14,congruent,"['The', 'PRIEST', 'that the', 'cook', 'PAID', 'signed', 'the', 'CHECK', 'at', 'the', 'BANK']",object,The cook paid the priest?,relative_clause,n,0,4.782191393000176,021,right,female,English,27,NA,Australia,keypress
15,incongruent,"['THE', 'guest', 'THAT', 'kissed', 'THE', 'host', 'BROUGHT A', 'cake', 'TO THE', 'party']",subject,The guest kissed the host?,relative_clause,y,1,1.640464146000113,021,right,female,English,27,NA,Australia,keypress
16,congruent,"['The', 'WHALE', 'that', 'BIT', 'the', 'SHARK', 'won the', 'FIGHT', 'in the', 'END']",subject,The whale won the fight?,main_clause,y,1,1.5235239060000367,021,right,female,English,27,NA,Australia,keypress
17,incongruent,"['THE', 'boss', 'that the', 'CLERK', 'mocked', 'had', 'A', 'crush', 'on', 'THE', 'intern']",object,The boss mocked the clerk?,relative_clause,y,0,3.77708824299998,021,right,female,English,27,NA,Australia,keypress
18,other,"['The', 'CUP', 'was', 'MADE', 'from green', 'PLASTIC', 'and was', 'FILLED', 'with', 'JUICE']",assorted,The cup was full of green juice?,other,y,0,2.2260546289999184,021,right,female,English,27,NA,Australia,keypress
19,other,"['The', 'BOY', 'who', 'HAD', 'a', 'BIRTHDAY', 'called', 'HIS', 'best', 'FRIEND', 'for a', 'CHAT']",assorted,The friend called the boy?,other,n,1,4.331923279999955,021,right,female,English,27,NA,Australia,keypress
20,incongruent,"['THE', 'bloke', 'that the', 'MUM', 'helped', 'gave', 'A', 'gift', 'to', 'SAY', 'thanks']",object,The mum helped the bloke?,relative_clause,n,0,2.577072367000028,021,right,female,English,27,NA,Australia,keypress
21,incongruent,"['THE', 'dean', 'THAT', 'called', 'THE', 'boy', 'HAD A', 'voice', 'FULL OF', 'anger']",subject,The boy called the dean?,relative_clause,n,1,8.609615594999923,021,right,female,English,27,NA,Australia,keypress
22,incongruent,"['THE', 'bum', 'THAT', 'scared', 'THE', 'cop', 'CROSSED THE', 'street', 'AT THE', 'light']",subject,The cop scared the bum?,relative_clause,n,1,3.930282255000293,021,right,female,English,27,NA,Australia,keypress
23,other,"['The', 'CAT', 'chased the', 'BIRD', 'but', 'IT', 'flew', 'AWAY', 'into the', 'SUNSET']",assorted,The cat caught the bird?,other,n,1,1.788407967999774,021,right,female,English,27,NA,Australia,keypress
24,incongruent,"['THE', 'truck', 'THAT', 'bumped', 'THE', 'car', 'HAD A', 'man', 'AT THE', 'wheel']",subject,The truck had a man at the wheel?,main_clause,y,1,4.4827414159999535,021,right,female,English,27,NA,Australia,keypress
25,incongruent,"['THE', 'groom', 'that the', 'AUNT', 'charmed', 'raised', 'A', 'toast', 'to', 'THE', 'parents']",object,The groom charmed the aunt?,relative_clause,y,0,3.6297388859998136,021,right,female,English,27,NA,Australia,keypress
26,congruent,"['The', 'HAT', 'that the', 'skirt', 'MATCHED', 'had', 'a', 'BOW', 'in', 'the', 'BACK']",object,The skirt matched the hat?,relative_clause,y,1,2.1759950010000466,021,right,female,English,27,NA,Australia,keypress
27,incongruent,"['THE', 'friend', 'that the', 'BRIDE', 'teased', 'told', 'A', 'joke', 'about', 'THE', 'past']",object,The bride told a joke?,main_clause,n,1,3.4118973079998796,021,right,female,English,27,NA,Australia,keypress
28,other,"['The', 'CONCERT', 'started', 'LATER', 'than', 'WHAT', 'the', 'LADY', 'told the', 'TRAVELER']",assorted,The concert started early?,other,n,1,2.142612888000258,021,right,female,English,27,NA,Australia,keypress
29,other,"['The', 'BOX', 'was', 'MADE', 'from', 'WOOD', 'and was', 'FULL', 'of', 'THINGS', 'that', 'SHINED']",assorted,The box was full of things?,other,y,1,1.624647289999757,021,right,female,English,27,NA,Australia,keypress
30,other,"['The', 'CAR', 'that was', 'NEW', 'had', 'JUST', 'been', 'CLEANED', 'by', 'THE', 'old', 'LADY']",assorted,The car was new?,other,y,1,1.4401097539998773,021,right,female,English,27,NA,Australia,keypress
31,incongruent,"['THE', 'fox', 'that the', 'WOLF', 'chased', 'hurt', 'ITS', 'paws', 'on', 'THE', 'way']",object,The wolf hurt its paws?,main_clause,n,1,1.5570844959997885,021,right,female,English,27,NA,Australia,keypress
32,congruent,"['The', 'PRINCE', 'that', 'HELPED', 'the', 'GIRL', 'had a', 'HEAD', 'of blonde', 'HAIR']",subject,The prince had blonde hair?,main_clause,y,1,1.290353012000196,021,right,female,English,27,NA,Australia,keypress
33,other,"['The', 'GIRL', 'on', 'THE', 'school', 'TRIP', 'saw a', 'FROG', 'and', 'LATER', 'she', 'SAW', 'a', 'MOUSE']",assorted,The girl saw a mouse first?,other,n,1,1.9229633609998016,021,right,female,English,27,NA,Australia,keypress
34,congruent,"['The', 'THIEF', 'that the', 'guard', 'SAW', 'had', 'a', 'GUN', 'in', 'his', 'HOLSTER']",object,The guard had a gun?,main_clause,n,1,4.62927920500033,021,right,female,English,27,NA,Australia,keypress
35,congruent,"['The', 'CLERK', 'that', 'LIKED', 'the', 'BOSS', 'had a', 'DESK', 'by the', 'WINDOW']",subject,The boss liked the clerk?,relative_clause,y,0,4.96763639899973,021,right,female,English,27,NA,Australia,keypress
36,incongruent,"['THE', 'shelf', 'that the', 'PIANO', 'bumped', 'had', 'SOME', 'dust', 'on', 'ITS', 'top']",object,The piano had dust on its top?,main_clause,y,0,2.8939880410002843,021,right,female,English,27,NA,Australia,keypress
37,incongruent,"['THE', 'dancer', 'that the', 'GUY', 'liked', 'was', 'A', 'chef', 'in', 'THE', 'city']",object,The dancer was a chef?,main_clause,y,1,5.134193541000059,021,right,female,English,27,NA,Australia,keypress
38,other,"['The', 'BOSS', 'was', 'HAPPY', 'to', 'SEE', 'the', 'WORK', 'that', 'THE', 'two', 'GIRLS', 'had', 'DONE']",assorted,The boss was happy?,other,y,1,1.204516183999658,021,right,female,English,27,NA,Australia,keypress
39,incongruent,"['THE', 'cat', 'THAT', 'fought', 'THE', 'dog', 'LICKED ITS', 'wounds', 'IN THE', 'corner']",subject,The cat fought the dog?,relative_clause,y,1,2.0915104030000293,021,right,female,English,27,NA,Australia,keypress
40,incongruent,"['THE', 'fruit', 'THAT', 'squashed', 'THE', 'cake', 'MADE A', 'mess', 'IN THE', 'bag']",subject,The fruit made a mess?,main_clause,y,1,1.7404504180003642,021,right,female,English,27,NA,Australia,keypress
41,incongruent,"['THE', 'nun', 'THAT', 'blessed', 'THE', 'monk', 'LIT A', 'candle', 'ON THE', 'table']",subject,The nun lit a candle?,main_clause,y,1,5.551069537999865,021,right,female,English,27,NA,Australia,keypress
42,other,"['The', 'JOB', 'that was', 'GIVEN', 'was', 'DIFFERENT', 'to', 'WHAT', 'she', 'EXPECTED']",assorted,The job was unexpected?,other,n,0,5.485150145999796,021,right,female,English,27,NA,Australia,keypress
43,other,"['The', 'GIRL', 'kicked the', 'BALL', 'into the', 'WINDOW', 'but it', 'DID', 'not', 'BREAK']",assorted,The girl kicked the ball?,other,y,1,1.1364515270001905,021,right,female,English,27,NA,Australia,keypress
44,incongruent,"['THE', 'guy', 'that the', 'JUDGE', 'thanked', 'left', 'THE', 'room', 'with', 'A', 'smile']",object,The guy left the room?,main_clause,y,1,1.7383471490002194,021,right,female,English,27,NA,Australia,keypress
45,congruent,"['The', 'THUG', 'that', 'SAW', 'the', 'MAN', 'had a', 'HAT', 'on his', 'HEAD']",subject,The thug saw the man?,relative_clause,y,1,2.659902224000234,021,right,female,English,27,NA,Australia,keypress
46,congruent,"['The', 'DESK', 'that the', 'bed', 'SCRATCHED', 'was', 'too', 'OLD', 'to', 'be', 'MOVED']",object,The bed was too old?,main_clause,n,1,3.342862003999926,021,right,female,English,27,NA,Australia,keypress
47,other,"['The', 'COLOUR', 'of the', 'HOUSE', 'was', 'BRIGHTER', 'than the', 'MEN', 'who travelled', 'EXPECTED']",assorted,The men travelled?,other,y,1,1.656577997000113,021,right,female,English,27,NA,Australia,keypress
48,congruent,"['The', 'COP', 'that', 'MET', 'the', 'SPY', 'wrote a', 'BOOK', 'about the', 'CASE']",subject,The spy wrote a book?,main_clause,n,1,4.164907684999889,021,right,female,English,27,NA,Australia,keypress
49,incongruent,"['THE', 'dad', 'THAT', 'knew', 'THE', 'chef', 'HAD A', 'son', 'WITH A', 'limp']",subject,The chef knew the dad?,relative_clause,y,0,5.418038575000082,021,right,female,English,27,NA,Australia,keypress
50,other,"['The', 'HAT', 'that was', 'WORN', 'by the', 'BOY', 'with a', 'JACKET', 'was too', 'SMALL', 'for the', 'MAN']",assorted,The hat was too small?,other,n,0,2.609069436000027,021,right,female,English,27,NA,Australia,keypress
51,other,"['The', 'RING', 'that', 'WAS', 'sadly', 'LOST', 'was', 'FOUND', 'by the', 'FAT', 'and', 'VERY', 'happy', 'PRIEST']",assorted,The priest was sad?,other,n,1,2.5601630019996264,021,right,female,English,27,NA,Australia,keypress
52,other,"['The', 'MAN', 'was very', 'HUNGRY', 'after the', 'MEETING', 'so', 'HAD', 'lunch', 'EARLY']",assorted,The boy was hungry?,other,n,1,2.2901289080000424,021,right,female,English,27,NA,Australia,keypress
53,congruent,"['The', 'OWL', 'that', 'SCARED', 'the', 'BAT', 'made a', 'LOOP', 'in the', 'AIR']",subject,The bat scared the owl?,relative_clause,n,1,2.3263287599997966,021,right,female,English,27,NA,Australia,keypress
54,other,"['The', 'MAN', 'who was', 'SHORT', 'gave his', 'WIFE', 'some red', 'CANDLES', 'for her', 'BIRTHDAY']",assorted,The man was tall?,other,n,1,3.526698767999733,021,right,female,English,27,NA,Australia,keypress
55,congruent,"['The', 'KING', 'that the', 'guest', 'PLEASED', 'poured', 'the', 'WINE', 'from', 'the', 'JUG']",object,The king pleased the guest?,relative_clause,n,1,2.727584878000016,021,right,female,English,27,NA,Australia,keypress
56,congruent,"['The', 'NIECE', 'that the', 'aunt', 'KISSED', 'sang', 'a', 'SONG', 'for', 'the', 'GUESTS']",object,The niece sang a song?,main_clause,y,1,2.693962127999839,021,right,female,English,27,NA,Australia,keypress
57,congruent,"['The', 'PRIEST', 'that the', 'nun', 'THANKED', 'left', 'the', 'CHURCH', 'in', 'a', 'HURRY']",object,The priest thanked the nun?,relative_clause,y,0,1.5236512940000466,021,right,female,English,27,NA,Australia,keypress
58,congruent,"['The', 'BOAT', 'that', 'CHASED', 'the', 'YACHT', 'made a', 'TURN', 'at the', 'BOATHOUSE']",subject,The yacht chased the boat?,relative_clause,n,1,3.677108886000042,021,right,female,English,27,NA,Australia,keypress
59,other,"['The', 'FISH', 'was', 'CAUGHT', 'by the', 'GIRL', 'on the', 'BOAT', 'on a', 'FRIDAY']",assorted,The fish was caught by the girl?,other,y,1,4.131015488999765,021,right,female,English,27,NA,Australia,keypress
60,incongruent,"['THE', 'crook', 'THAT', 'warned', 'THE', 'thief', 'FLED THE', 'town', 'THE NEXT', 'morning']",subject,The thief fled the town?,main_clause,n,1,3.5125133080000523,021,right,female,English,27,NA,Australia,keypress
61,congruent,"['The', 'COUNT', 'that', 'KNEW', 'the', 'QUEEN', 'owned a', 'CASTLE', 'by the', 'LAKE']",subject,The queen owned a castle?,main_clause,n,1,1.8096208669999216,021,right,female,English,27,NA,Australia,keypress
62,congruent,"['The', 'MAN', 'that', 'PHONED', 'the', 'NURSE', 'left his', 'PILLS', 'at the', 'OFFICE']",subject,The man phoned the nurse?,relative_clause,y,1,3.26171320200001,021,right,female,English,27,NA,Australia,keypress
63,congruent,"['The', 'KID', 'that', 'FOLLOWED', 'the', 'DAD', 'had some', 'MUD', 'on his', 'SHOES']",subject,The dad had some mud on his shoes?,main_clause,n,1,1.957880939000006,021,right,female,English,27,NA,Australia,keypress
64,incongruent,"['THE', 'knight', 'THAT', 'helped', 'THE', 'king', 'SENT A', 'gift', 'FROM HIS', 'castle']",subject,The king sent a gift?,main_clause,n,1,2.290585620999991,021,right,female,English,27,NA,Australia,keypress
65,other,"['The', 'WINE', 'that was', 'FANCY', 'was', 'KEPT', 'in the', 'CELLAR', 'for', 'NEARLY', 'ten', 'YEARS', 'and five', 'MONTHS']",assorted,The wine was bad?,other,n,1,1.9410400390001996,021,right,female,English,27,NA,Australia,keypress
66,incongruent,"['THE', 'tradie', 'that the', 'MAN', 'thanked', 'left', 'HIS', 'wallet', 'in', 'THE', 'car']",object,The tradie left his wallet?,main_clause,y,1,1.691116243000124,021,right,female,English,27,NA,Australia,keypress
67,congruent,"['The', 'GIRL', 'that the', 'nerd', 'THANKED', 'broke', 'the', 'VASE', 'with', 'the', 'FLOWERS']",object,The girl pushed the nerd?,relative_clause,n,1,2.743986869999844,021,right,female,English,27,NA,Australia,keypress
68,other,"['The', 'BIKE', 'that was', 'YELLOW', 'and', 'SHINY', 'belonged', 'TO', 'the', 'BOY', 'with the', 'HAT']",assorted,The bike was shiny?,other,y,1,2.0592005919997973,021,right,female,English,27,NA,Australia,keypress
69,incongruent,"['THE', 'maid', 'that the', 'CHEF', 'loved', 'quit', 'THE', 'job', 'at', 'THE', 'house']",object,The chef loved the maid?,relative_clause,n,0,6.519845415999953,021,right,female,English,27,NA,Australia,keypress
70,other,"['The', 'APPLES', 'that', 'THE', 'couple', 'BOUGHT', 'at the', 'MARKET', 'were', 'RED']",assorted,The couple bought green apples?,other,n,1,1.5570140479999282,021,right,female,English,27,NA,Australia,keypress
71,incongruent,"['THE', 'bug', 'that the', 'ANT', 'attacked', 'was', 'AS', 'big', 'as', 'A', 'coin']",object,The bug attacked the ant?,relative_clause,n,1,2.059035562999725,021,right,female,English,27,NA,Australia,keypress
72,other,"['The', 'PIANO', 'was well', 'PLAYED', 'by', 'THE', 'old', 'LADY', 'but', 'IT', 'was', 'NOT', 'in', 'TUNE']",assorted,The piano was well played?,other,y,1,1.8078470599998584,021,right,female,English,27,NA,Australia,keypress
73,congruent,"['The', 'ROD', 'that the', 'pipe', 'BENT', 'had', 'a', 'HOLE', 'in', 'the', 'MIDDLE']",object,The pipe bent the rod?,relative_clause,y,1,6.086644912999873,021,right,female,English,27,NA,Australia,keypress
1,incongruent,"['THE', 'nun', 'that the', 'MONK', 'blessed', 'lit', 'A', 'candle', 'on', 'THE', 'table']",object,The monk lit a candle?,main_clause,y,0,0.8714849079999567,022,right,male,English,32,NA,Australia,keypress
2,other,"['The', 'MAN', 'who was', 'SHORT', 'gave his', 'WIFE', 'some red', 'CANDLES', 'for her', 'BIRTHDAY']",assorted,The man was short?,other,y,1,1.758123059999889,022,right,male,English,32,NA,Australia,keypress
3,congruent,"['The', 'SCOUT', 'that', 'PUNCHED', 'the', 'COACH', 'had a', 'FIGHT', 'with a', 'MANAGER']",subject,The coach punched the scout?,relative_clause,n,1,2.5928350169999703,022,right,male,English,32,NA,Australia,keypress
4,other,"['The', 'HAT', 'that was', 'WORN', 'by the', 'BOY', 'with a', 'JACKET', 'was too', 'SMALL', 'for the', 'MAN']",assorted,The hat was too small?,other,n,0,3.6118667500002175,022,right,male,English,32,NA,Australia,keypress
5,other,"['The', 'BIKE', 'that was', 'YELLOW', 'and', 'SHINY', 'belonged', 'TO', 'the', 'BOY', 'with the', 'HAT']",assorted,The bike was red?,other,n,1,1.6913368350001292,022,right,male,English,32,NA,Australia,keypress
6,incongruent,"['THE', 'priest', 'THAT', 'paid', 'THE', 'cook', 'SIGNED THE', 'check', 'AT THE', 'bank']",subject,The priest paid the cook?,relative_clause,y,1,1.4908877430000302,022,right,male,English,32,NA,Australia,keypress
7,congruent,"['The', 'SHELF', 'that the', 'piano', 'BUMPED', 'had', 'some', 'DUST', 'on', 'its', 'TOP']",object,The piano bumped the shelf?,relative_clause,y,1,1.8414839029999257,022,right,male,English,32,NA,Australia,keypress
8,incongruent,"['THE', 'knight', 'that the', 'KING', 'helped', 'sent', 'A', 'gift', 'from', 'HIS', 'castle']",object,The knight helped the king?,relative_clause,y,0,1.105922198999906,022,right,male,English,32,NA,Australia,keypress
9,congruent,"['The', 'BOSS', 'that the', 'clerk', 'MOCKED', 'had', 'a', 'CRUSH', 'on', 'the', 'INTERN']",object,The clerk mocked the boss?,relative_clause,y,1,2.125081356999999,022,right,male,English,32,NA,Australia,keypress
10,congruent,"['The', 'CROOK', 'that', 'WARNED', 'the', 'THIEF', 'fled the', 'TOWN', 'the next', 'MORNING']",subject,The thief fled the town?,main_clause,n,1,4.74868077799988,022,right,male,English,32,NA,Australia,keypress
11,congruent,"['The', 'DEAN', 'that the', 'boy', 'CALLED', 'had', 'a', 'VOICE', 'full', 'of', 'ANGER']",object,The dean had a voice full of anger?,main_clause,y,1,1.5743571040000006,022,right,male,English,32,NA,Australia,keypress
12,other,"['The', 'PIANO', 'was well', 'PLAYED', 'by', 'THE', 'old', 'LADY', 'but', 'IT', 'was', 'NOT', 'in', 'TUNE']",assorted,The piano was well played?,other,y,1,1.4400462640001024,022,right,male,English,32,NA,Australia,keypress
13,incongruent,"['THE', 'chief', 'THAT', 'thanked', 'THE', 'girl', 'WAS TOO', 'late', 'FOR THE', 'bus']",subject,The girl thanked the chief?,relative_clause,n,1,1.723364662999984,022,right,male,English,32,NA,Australia,keypress
14,congruent,"['The', 'PRINCE', 'that', 'HELPED', 'the', 'GIRL', 'had a', 'HEAD', 'of blonde', 'HAIR']",subject,The prince helped the girl?,relative_clause,y,1,1.3735453389999748,022,right,male,English,32,NA,Australia,keypress
15,other,"['The', 'DOG', 'that', 'BARKED', 'is very', 'BIG', 'and very', 'FRIENDLY', 'but', 'DOESN’T', 'like', 'CATS']",assorted,The dog is very big?,other,y,1,1.1890687360000811,022,right,male,English,32,NA,Australia,keypress
16,congruent,"['The', 'PRIEST', 'that', 'THANKED', 'the', 'NUN', 'left the', 'CHURCH', 'in a', 'HURRY']",subject,The priest left the church?,main_clause,y,1,1.840599511000164,022,right,male,English,32,NA,Australia,keypress
17,other,"['The', 'MAN', 'was very', 'HUNGRY', 'after the', 'MEETING', 'so', 'HAD', 'lunch', 'EARLY']",assorted,The boy was hungry?,other,n,1,1.0724670920001245,022,right,male,English,32,NA,Australia,keypress
18,incongruent,"['THE', 'guy', 'THAT', 'thanked', 'THE', 'judge', 'LEFT THE', 'room', 'WITH A', 'smile']",subject,The judge thanked the guy?,relative_clause,n,1,1.8410149500000443,022,right,male,English,32,NA,Australia,keypress
19,other,"['The', 'RING', 'that', 'WAS', 'sadly', 'LOST', 'was', 'FOUND', 'by the', 'FAT', 'and', 'VERY', 'happy', 'PRIEST']",assorted,The priest found the ring?,other,y,1,2.1425111460000608,022,right,male,English,32,NA,Australia,keypress
20,incongruent,"['THE', 'truck', 'that the', 'CAR', 'bumped', 'had', 'A', 'man', 'at', 'THE', 'wheel']",object,The truck had a man at the wheel?,main_clause,y,1,3.679624075999982,022,right,male,English,32,NA,Australia,keypress
21,incongruent,"['THE', 'bug', 'THAT', 'attacked', 'THE', 'ant', 'WAS AS', 'big', 'AS A', 'coin']",subject,The ant attacked the bug?,relative_clause,n,1,1.2230050400000891,022,right,male,English,32,NA,Australia,keypress
22,other,"['The', 'DESK', 'was', 'NEW', 'but', 'DUSTY', 'and', 'COVERED', 'with old', 'BOOKS']",assorted,The desk was old?,other,n,1,2.8598246330000165,022,right,male,English,32,NA,Australia,keypress
23,congruent,"['The', 'GIRL', 'that the', 'nerd', 'THANKED', 'broke', 'the', 'VASE', 'with', 'the', 'FLOWERS']",object,The girl pushed the nerd?,relative_clause,n,1,1.6571889869999268,022,right,male,English,32,NA,Australia,keypress
24,other,"['The', 'BOSS', 'was', 'HAPPY', 'to', 'SEE', 'the', 'WORK', 'that', 'THE', 'two', 'GIRLS', 'had', 'DONE']",assorted,The girls were happy?,other,n,1,1.607159079000212,022,right,male,English,32,NA,Australia,keypress
25,incongruent,"['THE', 'thug', 'that the', 'MAN', 'saw', 'had', 'A', 'hat', 'on', 'HIS', 'head']",object,The thug saw the man?,relative_clause,y,0,1.7075836079998226,022,right,male,English,32,NA,Australia,keypress
26,congruent,"['The', 'FRIEND', 'that', 'TEASED', 'the', 'BRIDE', 'told a', 'JOKE', 'about the', 'PAST']",subject,The bride told a joke?,main_clause,n,1,1.2396184399999584,022,right,male,English,32,NA,Australia,keypress
27,other,"['The', 'GIRL', 'on', 'THE', 'school', 'TRIP', 'saw a', 'FROG', 'and', 'LATER', 'she', 'SAW', 'a', 'MOUSE']",assorted,The girl saw a frog?,other,y,1,1.3236373229997298,022,right,male,English,32,NA,Australia,keypress
28,incongruent,"['THE', 'tradie', 'that the', 'MAN', 'thanked', 'left', 'HIS', 'wallet', 'in', 'THE', 'car']",object,The tradie left his wallet?,main_clause,y,1,1.1061406550002175,022,right,male,English,32,NA,Australia,keypress
29,congruent,"['The', 'KID', 'that the', 'dad', 'FOLLOWED', 'had', 'some', 'MUD', 'on', 'his', 'SHOES']",object,The kid had some mud on his shoes?,main_clause,y,1,1.1732448500001738,022,right,male,English,32,NA,Australia,keypress
30,other,"['The', 'APPLES', 'that', 'THE', 'couple', 'BOUGHT', 'at the', 'MARKET', 'were', 'RED']",assorted,The couple bought some apples?,other,y,1,2.1595134099998177,022,right,male,English,32,NA,Australia,keypress
31,other,"['The', 'COLOUR', 'of the', 'HOUSE', 'was', 'BRIGHTER', 'than the', 'MEN', 'who travelled', 'EXPECTED']",assorted,The men were colourfully dressed?,other,n,1,2.4586439099998643,022,right,male,English,32,NA,Australia,keypress
32,congruent,"['The', 'NIECE', 'that the', 'aunt', 'KISSED', 'sang', 'a', 'SONG', 'for', 'the', 'GUESTS']",object,The aunt kissed the niece?,relative_clause,y,1,1.2232880800002022,022,right,male,English,32,NA,Australia,keypress
33,incongruent,"['THE', 'guest', 'that the', 'HOST', 'kissed', 'brought', 'A', 'cake', 'to', 'THE', 'party']",object,The host kissed the guest?,relative_clause,y,1,1.5402463950003948,022,right,male,English,32,NA,Australia,keypress
34,congruent,"['The', 'DEAN', 'that', 'HEARD', 'the', 'GUARD', 'made a', 'CALL', 'about the', 'MATTER']",subject,The guard heard the dean?,relative_clause,n,1,2.593122427999788,022,right,male,English,32,NA,Australia,keypress
35,congruent,"['The', 'MAID', 'that', 'LOVED', 'the', 'CHEF', 'quit the', 'JOB', 'at the', 'HOUSE']",subject,The maid quit the job?,main_clause,y,1,1.0390239040002598,022,right,male,English,32,NA,Australia,keypress
36,congruent,"['The', 'OWL', 'that', 'SCARED', 'the', 'BAT', 'made a', 'LOOP', 'in the', 'AIR']",subject,The owl scared the bat?,relative_clause,y,1,3.4114601400001447,022,right,male,English,32,NA,Australia,keypress
37,other,"['The', 'JOB', 'that was', 'GIVEN', 'was', 'DIFFERENT', 'to', 'WHAT', 'she', 'EXPECTED']",assorted,The job was as expected?,other,n,1,1.807918471999983,022,right,male,English,32,NA,Australia,keypress
38,other,"['The', 'CUP', 'was', 'MADE', 'from green', 'PLASTIC', 'and was', 'FILLED', 'with', 'JUICE']",assorted,The cup was made from plastic?,other,y,1,1.4909710950000772,022,right,male,English,32,NA,Australia,keypress
39,incongruent,"['THE', 'king', 'THAT', 'pleased', 'THE', 'guest', 'POURED THE', 'wine', 'FROM THE', 'jug']",subject,The guest poured the wine?,main_clause,n,1,1.1394339899998158,022,right,male,English,32,NA,Australia,keypress
40,incongruent,"['THE', 'man', 'THAT', 'phoned', 'THE', 'nurse', 'LEFT HIS', 'pills', 'AT THE', 'office']",subject,The man phoned the nurse?,relative_clause,y,1,1.239027816000089,022,right,male,English,32,NA,Australia,keypress
41,congruent,"['The', 'CAT', 'that', 'FOUGHT', 'the', 'DOG', 'licked its', 'WOUNDS', 'in the', 'CORNER']",subject,The cat licked its wounds?,main_clause,y,1,1.1561899349999294,022,right,male,English,32,NA,Australia,keypress
42,other,"['The', 'DESSERT', 'was', 'SERVED', 'with', 'CUSTARD', 'and', 'FRUIT', 'then', 'THERE', 'was', 'COFFEE']",assorted,The coffee was before dessert?,other,n,1,2.342286360000344,022,right,male,English,32,NA,Australia,keypress
43,other,"['The', 'FISH', 'was', 'CAUGHT', 'by the', 'GIRL', 'on the', 'BOAT', 'on a', 'FRIDAY']",assorted,The fish was caught by the boy?,other,n,1,1.0559582970004158,022,right,male,English,32,NA,Australia,keypress
44,other,"['The', 'BOX', 'was', 'MADE', 'from', 'WOOD', 'and was', 'FULL', 'of', 'THINGS', 'that', 'SHINED']",assorted,The box was shiny?,other,n,1,0.9560289449996162,022,right,male,English,32,NA,Australia,keypress
45,congruent,"['The', 'GROOM', 'that the', 'aunt', 'CHARMED', 'raised', 'a', 'TOAST', 'to', 'the', 'PARENTS']",object,The aunt raised a toast?,main_clause,n,1,0.8716014460001134,022,right,male,English,32,NA,Australia,keypress
46,other,"['The', 'WINE', 'that was', 'FANCY', 'was', 'KEPT', 'in the', 'CELLAR', 'for', 'NEARLY', 'ten', 'YEARS', 'and five', 'MONTHS']",assorted,The wine was bad?,other,n,1,1.4547463969997807,022,right,male,English,32,NA,Australia,keypress
47,other,"['The', 'GIRL', 'kicked the', 'BALL', 'into the', 'WINDOW', 'but it', 'DID', 'not', 'BREAK']",assorted,The girl kicked the ball?,other,y,1,1.0564320260000386,022,right,male,English,32,NA,Australia,keypress
48,incongruent,"['THE', 'clerk', 'that the', 'BOSS', 'liked', 'had', 'A', 'desk', 'by', 'THE', 'window']",object,The boss had a desk by the window?,main_clause,n,1,1.1560016829998858,022,right,male,English,32,NA,Australia,keypress
49,congruent,"['The', 'COOK', 'that', 'HUGGED', 'the', 'MAID', 'had a', 'TEAR', 'on her', 'CHEEK']",subject,The maid had a tear on her cheek?,main_clause,n,1,1.3398897169995507,022,right,male,English,32,NA,Australia,keypress
50,other,"['The', 'GIRL', 'and the', 'BOY', 'that', 'OWNED', 'the', 'HORSE', 'had', 'MUD', 'on their', 'CLOTHES']",assorted,The horse was muddy?,other,n,1,1.055793292999624,022,right,male,English,32,NA,Australia,keypress
51,incongruent,"['THE', 'boy', 'that the', 'GIRL', 'helped', 'got', 'AN', 'A', 'on', 'THE', 'test']",object,The boy helped the girl?,relative_clause,n,1,0.9216685689998484,022,right,male,English,32,NA,Australia,keypress
52,incongruent,"['THE', 'fox', 'THAT', 'chased', 'THE', 'wolf', 'HURT ITS', 'paws', 'ON THE', 'way']",subject,The wolf hurt its paws?,main_clause,n,1,0.7213893380003356,022,right,male,English,32,NA,Australia,keypress
53,congruent,"['The', 'NURSE', 'that the', 'coach', 'BLAMED', 'checked', 'the', 'FILE', 'of', 'the', 'GYMNAST']",object,The nurse checked the file?,main_clause,y,1,1.8408694959998684,022,right,male,English,32,NA,Australia,keypress
54,incongruent,"['THE', 'whale', 'THAT', 'bit', 'THE', 'shark', 'WON THE', 'fight', 'IN THE', 'end']",subject,The whale won the fight?,main_clause,y,1,1.0726449190001404,022,right,male,English,32,NA,Australia,keypress
55,incongruent,"['THE', 'bum', 'that the', 'COP', 'scared', 'crossed', 'THE', 'street', 'at', 'THE', 'light']",object,The cop crossed the street?,main_clause,n,1,0.8526751280001008,022,right,male,English,32,NA,Australia,keypress
56,incongruent,"['THE', 'bloke', 'THAT', 'helped', 'THE', 'mum', 'GAVE A', 'gift', 'TO SAY', 'thanks']",subject,The bloke gave a gift?,main_clause,y,1,1.6572562139999718,022,right,male,English,32,NA,Australia,keypress
57,incongruent,"['THE', 'car', 'that the', 'TRUCK', 'pulled', 'had', 'A', 'scratch', 'on', 'THE', 'door']",object,The car had a scratch?,main_clause,y,1,2.00738923400013,022,right,male,English,32,NA,Australia,keypress
58,incongruent,"['THE', 'count', 'THAT', 'knew', 'THE', 'queen', 'OWNED A', 'castle', 'BY THE', 'lake']",subject,The count owned a castle?,main_clause,y,1,1.0557609830002548,022,right,male,English,32,NA,Australia,keypress
59,congruent,"['The', 'FRUIT', 'that the', 'cake', 'SQUASHED', 'made', 'a', 'MESS', 'in', 'the', 'BAG']",object,The cake made a mess?,main_clause,n,1,2.3595320620001985,022,right,male,English,32,NA,Australia,keypress
60,incongruent,"['THE', 'dancer', 'THAT', 'liked', 'THE', 'guy', 'WAS A', 'chef', 'IN THE', 'city']",subject,The dancer liked the guy?,relative_clause,y,1,1.524532962000194,022,right,male,English,32,NA,Australia,keypress
61,other,"['The', 'BOY', 'who', 'HAD', 'a', 'BIRTHDAY', 'called', 'HIS', 'best', 'FRIEND', 'for a', 'CHAT']",assorted,The friend called the boy?,other,n,1,1.708230383999762,022,right,male,English,32,NA,Australia,keypress
62,other,"['The', 'CAR', 'that was', 'NEW', 'had', 'JUST', 'been', 'CLEANED', 'by', 'THE', 'old', 'LADY']",assorted,The car was new?,other,y,1,1.0391148799999428,022,right,male,English,32,NA,Australia,keypress
63,congruent,"['The', 'DAD', 'that the', 'chef', 'KNEW', 'had', 'a', 'SON', 'with', 'a', 'LIMP']",object,The dad knew the chef?,relative_clause,y,0,1.724363146000087,022,right,male,English,32,NA,Australia,keypress
64,incongruent,"['THE', 'cop', 'that the', 'SPY', 'met', 'wrote', 'A', 'book', 'about', 'THE', 'case']",object,The spy met the cop?,relative_clause,n,0,2.743067949000306,022,right,male,English,32,NA,Australia,keypress
65,incongruent,"['THE', 'boat', 'that the', 'YACHT', 'chased', 'made', 'A', 'turn', 'at', 'THE', 'boathouse']",object,The yacht chased the boat?,relative_clause,y,1,1.5071496270002172,022,right,male,English,32,NA,Australia,keypress
66,congruent,"['The', 'HAT', 'that', 'MATCHED', 'the', 'SKIRT', 'had a', 'BOW', 'in the', 'BACK']",subject,The hat matched the skirt?,relative_clause,y,1,1.1728709829999389,022,right,male,English,32,NA,Australia,keypress
67,other,"['The', 'CAT', 'chased the', 'BIRD', 'but', 'IT', 'flew', 'AWAY', 'into the', 'SUNSET']",assorted,The cat chased the bird?,other,y,1,1.3731689829996867,022,right,male,English,32,NA,Australia,keypress
68,congruent,"['The', 'SAILOR', 'that', 'PUSHED', 'the', 'BANKER', 'hurt his', 'FOOT', 'in the', 'BRAWL']",subject,The banker pushed the sailor?,relative_clause,n,1,1.4067296479997822,022,right,male,English,32,NA,Australia,keypress
69,incongruent,"['THE', 'rod', 'THAT', 'bent', 'THE', 'pipe', 'HAD A', 'hole', 'IN THE', 'middle']",subject,The pipe had a hole?,main_clause,n,1,1.2222686640002394,022,right,male,English,32,NA,Australia,keypress
70,other,"['The', 'CONCERT', 'started', 'LATER', 'than', 'WHAT', 'the', 'LADY', 'told the', 'TRAVELER']",assorted,The concert started later than the travellers expected?,other,y,1,5.066726476999975,022,right,male,English,32,NA,Australia,keypress
71,congruent,"['The', 'DESK', 'that the', 'bed', 'SCRATCHED', 'was', 'too', 'OLD', 'to', 'be', 'MOVED']",object,The desk scratched the bed?,relative_clause,n,1,2.259077839999918,022,right,male,English,32,NA,Australia,keypress
72,other,"['The', 'BOOK', 'that the', 'LADY', 'with a', 'TATTOO', 'had', 'WRITTEN', 'was her', 'BEST', 'book', 'YET']",assorted,The man wrote a book?,other,n,1,0.9894492700000228,022,right,male,English,32,NA,Australia,keypress
73,congruent,"['The', 'THIEF', 'that the', 'guard', 'SAW', 'had', 'a', 'GUN', 'in', 'his', 'HOLSTER']",object,The guard had a gun?,main_clause,n,1,0.7718065750000278,022,right,male,English,32,NA,Australia,keypress
1,incongruent,"['THE', 'hat', 'that the', 'SKIRT', 'matched', 'had', 'A', 'bow', 'in', 'THE', 'back']",object,The skirt had a bow?,main_clause,n,1,2.5765552279990516,023,right,male,English,41,NA,Australia,keypress
2,other,"['The', 'WINE', 'that was', 'FANCY', 'was', 'KEPT', 'in the', 'CELLAR', 'for', 'NEARLY', 'ten', 'YEARS', 'and five', 'MONTHS']",assorted,The wine was fancy?,other,y,1,8.157985596000799,023,right,male,English,41,NA,Australia,keypress
3,congruent,"['The', 'WHALE', 'that the', 'shark', 'BIT', 'won', 'the', 'FIGHT', 'in', 'the', 'END']",object,The whale won the fight?,main_clause,y,1,1.3904792619996442,023,right,male,English,41,NA,Australia,keypress
4,incongruent,"['THE', 'priest', 'that the', 'NUN', 'thanked', 'left', 'THE', 'church', 'in', 'A', 'hurry']",object,The priest thanked the nun?,relative_clause,n,1,5.066321053000138,023,right,male,English,41,NA,Australia,keypress
5,incongruent,"['THE', 'bloke', 'that the', 'MUM', 'helped', 'gave', 'A', 'gift', 'to', 'SAY', 'thanks']",object,The bloke gave a gift?,main_clause,y,1,1.8915739829990343,023,right,male,English,41,NA,Australia,keypress
6,congruent,"['The', 'COOK', 'that the', 'maid', 'HUGGED', 'had', 'a', 'TEAR', 'on', 'her', 'CHEEK']",object,The maid had a tear on her cheek?,main_clause,n,1,4.232060955000634,023,right,male,English,41,NA,Australia,keypress
7,congruent,"['The', 'DEAN', 'that', 'HEARD', 'the', 'GUARD', 'made a', 'CALL', 'about the', 'MATTER']",subject,The guard made a call?,main_clause,n,1,2.641644069999529,023,right,male,English,41,NA,Australia,keypress
8,incongruent,"['THE', 'tradie', 'THAT', 'thanked', 'THE', 'man', 'LEFT HIS', 'wallet', 'IN THE', 'car']",subject,The tradie left his wallet?,main_clause,y,1,1.6757980150014191,023,right,male,English,41,NA,Australia,keypress
9,incongruent,"['THE', 'nun', 'that the', 'MONK', 'blessed', 'lit', 'A', 'candle', 'on', 'THE', 'table']",object,The nun lit a candle?,main_clause,y,1,2.7607419100004336,023,right,male,English,41,NA,Australia,keypress
10,incongruent,"['THE', 'dad', 'THAT', 'knew', 'THE', 'chef', 'HAD A', 'son', 'WITH A', 'limp']",subject,The chef knew the dad?,relative_clause,y,0,5.150180597000144,023,right,male,English,41,NA,Australia,keypress
11,other,"['The', 'GIRL', 'on', 'THE', 'school', 'TRIP', 'saw a', 'FROG', 'and', 'LATER', 'she', 'SAW', 'a', 'MOUSE']",assorted,The girl saw a frog?,other,y,1,2.8602067210013047,023,right,male,English,41,NA,Australia,keypress
12,other,"['The', 'GIRL', 'and the', 'BOY', 'that', 'OWNED', 'the', 'HORSE', 'had', 'MUD', 'on their', 'CLOTHES']",assorted,The horse was muddy?,other,n,1,1.4878507789999276,023,right,male,English,41,NA,Australia,keypress
13,incongruent,"['THE', 'boat', 'that the', 'YACHT', 'chased', 'made', 'A', 'turn', 'at', 'THE', 'boathouse']",object,The boat chased the yacht?,relative_clause,n,1,3.344724745998974,023,right,male,English,41,NA,Australia,keypress
14,incongruent,"['THE', 'nurse', 'that the', 'COACH', 'blamed', 'checked', 'THE', 'file', 'of', 'THE', 'gymnast']",object,The coach blamed the nurse?,relative_clause,n,0,4.097909291000178,023,right,male,English,41,NA,Australia,keypress
15,other,"['The', 'COLOUR', 'of the', 'HOUSE', 'was', 'BRIGHTER', 'than the', 'MEN', 'who travelled', 'EXPECTED']",assorted,The men travelled?,other,y,1,4.197533328000645,023,right,male,English,41,NA,Australia,keypress
16,congruent,"['The', 'KID', 'that the', 'dad', 'FOLLOWED', 'had', 'some', 'MUD', 'on', 'his', 'SHOES']",object,The kid followed the dad?,relative_clause,n,1,2.476853005000521,023,right,male,English,41,NA,Australia,keypress
17,other,"['The', 'CAT', 'chased the', 'BIRD', 'but', 'IT', 'flew', 'AWAY', 'into the', 'SUNSET']",assorted,The cat caught the bird?,other,n,1,3.995193022999956,023,right,male,English,41,NA,Australia,keypress
18,other,"['The', 'DESK', 'was', 'NEW', 'but', 'DUSTY', 'and', 'COVERED', 'with old', 'BOOKS']",assorted,The desk was new?,other,y,1,1.022659181000563,023,right,male,English,41,NA,Australia,keypress
19,incongruent,"['THE', 'bum', 'THAT', 'scared', 'THE', 'cop', 'CROSSED THE', 'street', 'AT THE', 'light']",subject,The cop scared the bum?,relative_clause,n,1,3.443190248000974,023,right,male,English,41,NA,Australia,keypress
20,congruent,"['The', 'GUEST', 'that the', 'host', 'KISSED', 'brought', 'a', 'CAKE', 'to', 'the', 'PARTY']",object,The host kissed the guest?,relative_clause,y,1,2.926263213999846,023,right,male,English,41,NA,Australia,keypress
21,other,"['The', 'HAT', 'that was', 'WORN', 'by the', 'BOY', 'with a', 'JACKET', 'was too', 'SMALL', 'for the', 'MAN']",assorted,The hat was too small?,other,y,1,3.094951730001412,023,right,male,English,41,NA,Australia,keypress
22,congruent,"['The', 'SAILOR', 'that', 'PUSHED', 'the', 'BANKER', 'hurt his', 'FOOT', 'in the', 'BRAWL']",subject,The sailor hurt his foot?,main_clause,y,1,2.710487848999037,023,right,male,English,41,NA,Australia,keypress
23,other,"['The', 'CUP', 'was', 'MADE', 'from green', 'PLASTIC', 'and was', 'FILLED', 'with', 'JUICE']",assorted,The cup was made from plastic?,other,y,1,1.4237131369991405,023,right,male,English,41,NA,Australia,keypress
24,incongruent,"['THE', 'scout', 'that the', 'COACH', 'punched', 'had', 'A', 'fight', 'with', 'A', 'manager']",object,The scout had a fight?,main_clause,y,1,3.292292711999835,023,right,male,English,41,NA,Australia,keypress
25,incongruent,"['THE', 'boy', 'THAT', 'helped', 'THE', 'girl', 'GOT AN', 'A', 'ON THE', 'test']",subject,The boy helped the girl?,relative_clause,y,1,3.2626571979999426,023,right,male,English,41,NA,Australia,keypress
26,congruent,"['The', 'GUY', 'that', 'THANKED', 'the', 'JUDGE', 'left the', 'ROOM', 'with a', 'SMILE']",subject,The guy thanked the judge?,relative_clause,y,1,1.7241234419998364,023,right,male,English,41,NA,Australia,keypress
27,congruent,"['The', 'CAT', 'that', 'FOUGHT', 'the', 'DOG', 'licked its', 'WOUNDS', 'in the', 'CORNER']",subject,The dog licked its wounds?,main_clause,n,1,1.189094938999915,023,right,male,English,41,NA,Australia,keypress
28,other,"['The', 'JOB', 'that was', 'GIVEN', 'was', 'DIFFERENT', 'to', 'WHAT', 'she', 'EXPECTED']",assorted,The job was unexpected?,other,y,1,3.760655328000212,023,right,male,English,41,NA,Australia,keypress
29,incongruent,"['THE', 'knight', 'THAT', 'helped', 'THE', 'king', 'SENT A', 'gift', 'FROM HIS', 'castle']",subject,The knight sent a gift?,main_clause,y,1,1.5719608130002598,023,right,male,English,41,NA,Australia,keypress
30,other,"['The', 'DOG', 'that', 'BARKED', 'is very', 'BIG', 'and very', 'FRIENDLY', 'but', 'DOESN’T', 'like', 'CATS']",assorted,The dog is very fluffy?,other,n,1,1.557047842999964,023,right,male,English,41,NA,Australia,keypress
31,congruent,"['The', 'CHIEF', 'that', 'THANKED', 'the', 'GIRL', 'was too', 'LATE', 'for the', 'BUS']",subject,The girl thanked the chief?,relative_clause,n,1,2.8942348010004935,023,right,male,English,41,NA,Australia,keypress
32,congruent,"['The', 'CROOK', 'that', 'WARNED', 'the', 'THIEF', 'fled the', 'TOWN', 'the next', 'MORNING']",subject,The crook warned the thief?,relative_clause,y,1,2.4907901899987337,023,right,male,English,41,NA,Australia,keypress
33,other,"['The', 'GIRL', 'kicked the', 'BALL', 'into the', 'WINDOW', 'but it', 'DID', 'not', 'BREAK']",assorted,The girl broke the window?,other,n,1,1.1561951950006917,023,right,male,English,41,NA,Australia,keypress
34,congruent,"['The', 'COP', 'that the', 'spy', 'MET', 'wrote', 'a', 'BOOK', 'about', 'the', 'CASE']",object,The spy met the cop?,relative_clause,y,1,4.748558965000484,023,right,male,English,41,NA,Australia,keypress
35,congruent,"['The', 'KING', 'that', 'PLEASED', 'the', 'GUEST', 'poured the', 'WINE', 'from the', 'JUG']",subject,The king pleased the guest?,relative_clause,y,1,1.9912768209997012,023,right,male,English,41,NA,Australia,keypress
36,other,"['The', 'DESSERT', 'was', 'SERVED', 'with', 'CUSTARD', 'and', 'FRUIT', 'then', 'THERE', 'was', 'COFFEE']",assorted,The coffee was before dessert?,other,n,1,2.877265172999614,023,right,male,English,41,NA,Australia,keypress
37,congruent,"['The', 'SHELF', 'that', 'BUMPED', 'the', 'PIANO', 'had some', 'DUST', 'on its', 'TOP']",subject,The piano bumped the shelf?,relative_clause,n,1,2.459384425999815,023,right,male,English,41,NA,Australia,keypress
38,congruent,"['The', 'CLERK', 'that', 'LIKED', 'the', 'BOSS', 'had a', 'DESK', 'by the', 'WINDOW']",subject,The clerk had a desk by the window?,main_clause,y,1,2.67706981900119,023,right,male,English,41,NA,Australia,keypress
39,incongruent,"['THE', 'prince', 'THAT', 'helped', 'THE', 'girl', 'HAD A', 'head', 'OF BLONDE', 'hair']",subject,The girl helped the prince?,relative_clause,n,1,2.509568463001415,023,right,male,English,41,NA,Australia,keypress
40,congruent,"['The', 'DESK', 'that', 'SCRATCHED', 'the', 'BED', 'was too', 'OLD', 'to be', 'MOVED']",subject,The desk was too old?,main_clause,y,1,3.2759834669996053,023,right,male,English,41,NA,Australia,keypress
41,other,"['The', 'BIKE', 'that was', 'YELLOW', 'and', 'SHINY', 'belonged', 'TO', 'the', 'BOY', 'with the', 'HAT']",assorted,The bike was red?,other,n,1,1.1872654529997817,023,right,male,English,41,NA,Australia,keypress
42,other,"['The', 'CAR', 'that was', 'NEW', 'had', 'JUST', 'been', 'CLEANED', 'by', 'THE', 'old', 'LADY']",assorted,The car was old?,other,n,1,1.59072428699983,023,right,male,English,41,NA,Australia,keypress
43,congruent,"['The', 'BOSS', 'that the', 'clerk', 'MOCKED', 'had', 'a', 'CRUSH', 'on', 'the', 'INTERN']",object,The boss mocked the clerk?,relative_clause,n,1,3.777581371999986,023,right,male,English,41,NA,Australia,keypress
44,incongruent,"['THE', 'bug', 'THAT', 'attacked', 'THE', 'ant', 'WAS AS', 'big', 'AS A', 'coin']",subject,The ant was as big as a coin?,main_clause,n,1,2.307798678999461,023,right,male,English,41,NA,Australia,keypress
45,other,"['The', 'APPLES', 'that', 'THE', 'couple', 'BOUGHT', 'at the', 'MARKET', 'were', 'RED']",assorted,The couple bought green apples?,other,n,1,1.3746867120007664,023,right,male,English,41,NA,Australia,keypress
46,other,"['The', 'BOOK', 'that the', 'LADY', 'with a', 'TATTOO', 'had', 'WRITTEN', 'was her', 'BEST', 'book', 'YET']",assorted,The man wrote a book?,other,n,1,1.5073231759997725,023,right,male,English,41,NA,Australia,keypress
47,incongruent,"['THE', 'rod', 'that the', 'PIPE', 'bent', 'had', 'A', 'hole', 'in', 'THE', 'middle']",object,The pipe bent the rod?,relative_clause,n,0,4.582525046000228,023,right,male,English,41,NA,Australia,keypress
48,congruent,"['The', 'OWL', 'that', 'SCARED', 'the', 'BAT', 'made a', 'LOOP', 'in the', 'AIR']",subject,The bat scared the owl?,relative_clause,y,0,3.4466688579996116,023,right,male,English,41,NA,Australia,keypress
49,other,"['The', 'CONCERT', 'started', 'LATER', 'than', 'WHAT', 'the', 'LADY', 'told the', 'TRAVELER']",assorted,The concert started later than the travellers expected?,other,y,1,3.863372640998932,023,right,male,English,41,NA,Australia,keypress
50,incongruent,"['THE', 'car', 'THAT', 'pulled', 'THE', 'truck', 'HAD A', 'scratch', 'ON THE', 'door']",subject,The truck had a scratch?,main_clause,n,1,2.792962120998709,023,right,male,English,41,NA,Australia,keypress
51,congruent,"['The', 'FRIEND', 'that the', 'bride', 'TEASED', 'told', 'a', 'JOKE', 'about', 'the', 'PAST']",object,The bride told a joke?,main_clause,y,0,4.9663719839991245,023,right,male,English,41,NA,Australia,keypress
52,incongruent,"['THE', 'groom', 'that the', 'AUNT', 'charmed', 'raised', 'A', 'toast', 'to', 'THE', 'parents']",object,The aunt raised a toast?,main_clause,n,1,1.0060515609984575,023,right,male,English,41,NA,Australia,keypress
53,other,"['The', 'BOY', 'who', 'HAD', 'a', 'BIRTHDAY', 'called', 'HIS', 'best', 'FRIEND', 'for a', 'CHAT']",assorted,The friend called the boy?,other,n,1,3.295937363000121,023,right,male,English,41,NA,Australia,keypress
54,congruent,"['The', 'FRUIT', 'that the', 'cake', 'SQUASHED', 'made', 'a', 'MESS', 'in', 'the', 'BAG']",object,The fruit squashed the cake?,relative_clause,n,1,3.4799564749991987,023,right,male,English,41,NA,Australia,keypress
55,incongruent,"['THE', 'priest', 'that the', 'COOK', 'paid', 'signed', 'THE', 'check', 'at', 'THE', 'bank']",object,The cook signed the check?,main_clause,n,1,4.495936522000193,023,right,male,English,41,NA,Australia,keypress
56,other,"['The', 'MAN', 'was very', 'HUNGRY', 'after the', 'MEETING', 'so', 'HAD', 'lunch', 'EARLY']",assorted,The man was hungry?,other,y,1,1.5902217340008065,023,right,male,English,41,NA,Australia,keypress
57,congruent,"['The', 'GIRL', 'that the', 'nerd', 'THANKED', 'broke', 'the', 'VASE', 'with', 'the', 'FLOWERS']",object,The nerd pushed the girl?,relative_clause,n,0,2.1084752899987507,023,right,male,English,41,NA,Australia,keypress
58,other,"['The', 'BOX', 'was', 'MADE', 'from', 'WOOD', 'and was', 'FULL', 'of', 'THINGS', 'that', 'SHINED']",assorted,The box was shiny?,other,n,1,1.2225095319990942,023,right,male,English,41,NA,Australia,keypress
59,congruent,"['The', 'THIEF', 'that the', 'guard', 'SAW', 'had', 'a', 'GUN', 'in', 'his', 'HOLSTER']",object,The thief had a gun?,main_clause,y,1,1.0557583019999583,023,right,male,English,41,NA,Australia,keypress
60,incongruent,"['THE', 'truck', 'THAT', 'bumped', 'THE', 'car', 'HAD A', 'man', 'AT THE', 'wheel']",subject,The truck bumped the car?,relative_clause,y,1,1.520230170999639,023,right,male,English,41,NA,Australia,keypress
61,incongruent,"['THE', 'thug', 'that the', 'MAN', 'saw', 'had', 'A', 'hat', 'on', 'HIS', 'head']",object,The thug saw the man?,relative_clause,n,1,2.024857910000719,023,right,male,English,41,NA,Australia,keypress
62,congruent,"['The', 'COUNT', 'that', 'KNEW', 'the', 'QUEEN', 'owned a', 'CASTLE', 'by the', 'LAKE']",subject,The queen owned a castle?,main_clause,n,1,2.7432866679992003,023,right,male,English,41,NA,Australia,keypress
63,congruent,"['The', 'MAID', 'that the', 'chef', 'LOVED', 'quit', 'the', 'JOB', 'at', 'the', 'HOUSE']",object,The chef quit the job?,main_clause,n,1,1.1217179329996725,023,right,male,English,41,NA,Australia,keypress
64,incongruent,"['THE', 'niece', 'that the', 'AUNT', 'kissed', 'sang', 'A', 'song', 'for', 'THE', 'guests']",object,The aunt kissed the niece?,relative_clause,y,1,2.442471360000127,023,right,male,English,41,NA,Australia,keypress
65,incongruent,"['THE', 'man', 'THAT', 'phoned', 'THE', 'nurse', 'LEFT HIS', 'pills', 'AT THE', 'office']",subject,The nurse left the pills?,main_clause,n,1,1.1197300260009797,023,right,male,English,41,NA,Australia,keypress
66,other,"['The', 'RING', 'that', 'WAS', 'sadly', 'LOST', 'was', 'FOUND', 'by the', 'FAT', 'and', 'VERY', 'happy', 'PRIEST']",assorted,The priest found the ring?,other,y,1,1.1732745279987284,023,right,male,English,41,NA,Australia,keypress
67,other,"['The', 'PIANO', 'was well', 'PLAYED', 'by', 'THE', 'old', 'LADY', 'but', 'IT', 'was', 'NOT', 'in', 'TUNE']",assorted,The piano was well played?,other,y,1,2.0574700600009237,023,right,male,English,41,NA,Australia,keypress
68,other,"['The', 'MAN', 'who was', 'SHORT', 'gave his', 'WIFE', 'some red', 'CANDLES', 'for her', 'BIRTHDAY']",assorted,The man was short?,other,y,1,1.0229251910004675,023,right,male,English,41,NA,Australia,keypress
69,incongruent,"['THE', 'dean', 'THAT', 'called', 'THE', 'boy', 'HAD A', 'voice', 'FULL OF', 'anger']",subject,The dean had a voice full of anger?,main_clause,y,1,1.27304317800008,023,right,male,English,41,NA,Australia,keypress
70,other,"['The', 'BOSS', 'was', 'HAPPY', 'to', 'SEE', 'the', 'WORK', 'that', 'THE', 'two', 'GIRLS', 'had', 'DONE']",assorted,The girls were happy?,other,n,1,1.8405935739992856,023,right,male,English,41,NA,Australia,keypress
71,other,"['The', 'FISH', 'was', 'CAUGHT', 'by the', 'GIRL', 'on the', 'BOAT', 'on a', 'FRIDAY']",assorted,The fish was caught by the boy?,other,n,1,1.5070680110002286,023,right,male,English,41,NA,Australia,keypress
72,incongruent,"['THE', 'dancer', 'THAT', 'liked', 'THE', 'guy', 'WAS A', 'chef', 'IN THE', 'city']",subject,The dancer liked the guy?,relative_clause,y,1,1.2564743300008558,023,right,male,English,41,NA,Australia,keypress
73,congruent,"['The', 'FOX', 'that the', 'wolf', 'CHASED', 'hurt', 'its', 'PAWS', 'on', 'the', 'WAY']",object,The fox hurt its paws?,main_clause,y,1,1.0888496059997124,023,right,male,English,41,NA,Australia,keypress
1,other,"['The', 'CAR', 'that was', 'NEW', 'had', 'JUST', 'been', 'CLEANED', 'by', 'THE', 'old', 'LADY']",assorted,The car was new?,other,y,1,1.8044159230012156,024,right,male,English,31,NA,Australia,keypress
2,other,"['The', 'DESK', 'was', 'NEW', 'but', 'DUSTY', 'and', 'COVERED', 'with old', 'BOOKS']",assorted,The desk was new?,other,y,1,6.091992046000087,024,right,male,English,31,NA,Australia,keypress
3,other,"['The', 'CAT', 'chased the', 'BIRD', 'but', 'IT', 'flew', 'AWAY', 'into the', 'SUNSET']",assorted,The cat caught the bird?,other,n,1,1.2370241219978195,024,right,male,English,31,NA,Australia,keypress
4,congruent,"['The', 'FOX', 'that the', 'wolf', 'CHASED', 'hurt', 'its', 'PAWS', 'on', 'the', 'WAY']",object,The wolf hurt its paws?,main_clause,n,1,2.7890226670024276,024,right,male,English,31,NA,Australia,keypress
5,other,"['The', 'MAN', 'was very', 'HUNGRY', 'after the', 'MEETING', 'so', 'HAD', 'lunch', 'EARLY']",assorted,The boy was hungry?,other,n,1,1.8689327030006095,024,right,male,English,31,NA,Australia,keypress
6,incongruent,"['THE', 'hat', 'that the', 'SKIRT', 'matched', 'had', 'A', 'bow', 'in', 'THE', 'back']",object,The hat had a bow?,main_clause,d,0,5.9271464359990205,024,right,male,English,31,NA,Australia,keypress
7,other,"['The', 'CONCERT', 'started', 'LATER', 'than', 'WHAT', 'the', 'LADY', 'told the', 'TRAVELER']",assorted,The concert started later than the travellers expected?,other,y,1,2.08538151600078,024,right,male,English,31,NA,Australia,keypress
8,incongruent,"['THE', 'count', 'THAT', 'knew', 'THE', 'queen', 'OWNED A', 'castle', 'BY THE', 'lake']",subject,The count knew the queen?,relative_clause,y,1,6.9255022530014685,024,right,male,English,31,NA,Australia,keypress
9,congruent,"['The', 'SCOUT', 'that the', 'coach', 'PUNCHED', 'had', 'a', 'FIGHT', 'with', 'a', 'MANAGER']",object,The coach punched the scout?,relative_clause,y,1,5.625973914000497,024,right,male,English,31,NA,Australia,keypress
10,congruent,"['The', 'FRIEND', 'that', 'TEASED', 'the', 'BRIDE', 'told a', 'JOKE', 'about the', 'PAST']",subject,The friend teased the bride?,relative_clause,n,0,3.0222926890019153,024,right,male,English,31,NA,Australia,keypress
11,incongruent,"['THE', 'whale', 'that the', 'SHARK', 'bit', 'won', 'THE', 'fight', 'in', 'THE', 'end']",object,The shark bit the whale?,relative_clause,y,1,1.6207320700013952,024,right,male,English,31,NA,Australia,keypress
12,congruent,"['The', 'KNIGHT', 'that the', 'king', 'HELPED', 'sent', 'a', 'GIFT', 'from', 'his', 'CASTLE']",object,The king helped the knight?,relative_clause,n,0,1.7716911880015689,024,right,male,English,31,NA,Australia,keypress
13,congruent,"['The', 'BOSS', 'that the', 'clerk', 'MOCKED', 'had', 'a', 'CRUSH', 'on', 'the', 'INTERN']",object,The boss mocked the clerk?,relative_clause,n,1,1.5208553350021248,024,right,male,English,31,NA,Australia,keypress
14,congruent,"['The', 'THUG', 'that the', 'man', 'SAW', 'had', 'a', 'HAT', 'on', 'his', 'HEAD']",object,The thug had a hat on his head?,main_clause,y,1,4.790420044999337,024,right,male,English,31,NA,Australia,keypress
15,other,"['The', 'GIRL', 'on', 'THE', 'school', 'TRIP', 'saw a', 'FROG', 'and', 'LATER', 'she', 'SAW', 'a', 'MOUSE']",assorted,The girl saw a mouse first?,other,n,1,1.2700971529993694,024,right,male,English,31,NA,Australia,keypress
16,other,"['The', 'BOX', 'was', 'MADE', 'from', 'WOOD', 'and was', 'FULL', 'of', 'THINGS', 'that', 'SHINED']",assorted,The box was shiny?,other,n,1,2.2708259350001754,024,right,male,English,31,NA,Australia,keypress
17,incongruent,"['THE', 'thief', 'that the', 'GUARD', 'saw', 'had', 'A', 'gun', 'in', 'HIS', 'holster']",object,The guard had a gun?,main_clause,y,0,5.424220146996959,024,right,male,English,31,NA,Australia,keypress
18,congruent,"['The', 'SHELF', 'that the', 'piano', 'BUMPED', 'had', 'some', 'DUST', 'on', 'its', 'TOP']",object,The piano bumped the shelf?,relative_clause,y,1,2.238749624000775,024,right,male,English,31,NA,Australia,keypress
19,congruent,"['The', 'COP', 'that the', 'spy', 'MET', 'wrote', 'a', 'BOOK', 'about', 'the', 'CASE']",object,The cop met the spy?,relative_clause,y,0,1.2038564770009543,024,right,male,English,31,NA,Australia,keypress
20,incongruent,"['THE', 'dean', 'THAT', 'called', 'THE', 'boy', 'HAD A', 'voice', 'FULL OF', 'anger']",subject,The dean called the boy?,relative_clause,n,0,1.7550733739990392,024,right,male,English,31,NA,Australia,keypress
21,incongruent,"['THE', 'groom', 'THAT', 'charmed', 'THE', 'aunt', 'RAISED A', 'toast', 'TO THE', 'parents']",subject,The groom raised a toast?,main_clause,d,0,10.879117337000936,024,right,male,English,31,NA,Australia,keypress
22,other,"['The', 'PIANO', 'was well', 'PLAYED', 'by', 'THE', 'old', 'LADY', 'but', 'IT', 'was', 'NOT', 'in', 'TUNE']",assorted,The piano was badly played?,other,n,1,1.2050278860006074,024,right,male,English,31,NA,Australia,keypress
23,incongruent,"['THE', 'dancer', 'THAT', 'liked', 'THE', 'guy', 'WAS A', 'chef', 'IN THE', 'city']",subject,The guy was a chef?,main_clause,n,1,5.909730507999484,024,right,male,English,31,NA,Australia,keypress
24,congruent,"['The', 'GUY', 'that the', 'judge', 'THANKED', 'left', 'the', 'ROOM', 'with', 'a', 'SMILE']",object,The judge left the room?,main_clause,y,0,1.2544367350019456,024,right,male,English,31,NA,Australia,keypress
25,incongruent,"['THE', 'desk', 'that the', 'BED', 'scratched', 'was', 'TOO', 'old', 'to', 'BE', 'moved']",object,The bed scratched the desk?,relative_clause,n,0,4.307449612999335,024,right,male,English,31,NA,Australia,keypress
26,incongruent,"['THE', 'man', 'that the', 'NURSE', 'phoned', 'left', 'HIS', 'pills', 'at', 'THE', 'office']",object,The nurse left the pills?,main_clause,n,1,7.375015978002921,024,right,male,English,31,NA,Australia,keypress
27,other,"['The', 'HAT', 'that was', 'WORN', 'by the', 'BOY', 'with a', 'JACKET', 'was too', 'SMALL', 'for the', 'MAN']",assorted,The hat was too small?,other,n,0,5.108345789998566,024,right,male,English,31,NA,Australia,keypress
28,incongruent,"['THE', 'clerk', 'THAT', 'liked', 'THE', 'boss', 'HAD A', 'desk', 'BY THE', 'window']",subject,The boss liked the clerk?,relative_clause,n,1,8.7602573510012,024,right,male,English,31,NA,Australia,keypress
29,other,"['The', 'COLOUR', 'of the', 'HOUSE', 'was', 'BRIGHTER', 'than the', 'MEN', 'who travelled', 'EXPECTED']",assorted,The men travelled?,other,n,0,2.2883838749985443,024,right,male,English,31,NA,Australia,keypress
30,other,"['The', 'RING', 'that', 'WAS', 'sadly', 'LOST', 'was', 'FOUND', 'by the', 'FAT', 'and', 'VERY', 'happy', 'PRIEST']",assorted,The priest was sad?,other,n,1,1.1514536819995556,024,right,male,English,31,NA,Australia,keypress
31,congruent,"['The', 'BOAT', 'that', 'CHASED', 'the', 'YACHT', 'made a', 'TURN', 'at the', 'BOATHOUSE']",subject,The boat made a turn?,main_clause,y,1,1.937352875997021,024,right,male,English,31,NA,Australia,keypress
32,other,"['The', 'DOG', 'that', 'BARKED', 'is very', 'BIG', 'and very', 'FRIENDLY', 'but', 'DOESN’T', 'like', 'CATS']",assorted,The dog is very fluffy?,other,n,1,1.117575347998354,024,right,male,English,31,NA,Australia,keypress
33,congruent,"['The', 'TRUCK', 'that', 'BUMPED', 'the', 'CAR', 'had a', 'MAN', 'at the', 'WHEEL']",subject,The car bumped the truck?,relative_clause,y,0,2.1888920929995948,024,right,male,English,31,NA,Australia,keypress
34,incongruent,"['THE', 'prince', 'that the', 'GIRL', 'helped', 'had', 'A', 'head', 'of', 'BLONDE', 'hair']",object,The prince had blonde hair?,main_clause,n,0,1.21998095500021,024,right,male,English,31,NA,Australia,keypress
35,other,"['The', 'JOB', 'that was', 'GIVEN', 'was', 'DIFFERENT', 'to', 'WHAT', 'she', 'EXPECTED']",assorted,The job was unexpected?,other,y,1,2.273778060000041,024,right,male,English,31,NA,Australia,keypress
36,congruent,"['The', 'BOY', 'that', 'HELPED', 'the', 'GIRL', 'got an', 'A', 'on the', 'TEST']",subject,The girl got an A?,main_clause,n,1,4.075346069999796,024,right,male,English,31,NA,Australia,keypress
37,congruent,"['The', 'NURSE', 'that', 'BLAMED', 'the', 'COACH', 'checked the', 'FILE', 'of the', 'GYMNAST']",subject,The nurse checked the file?,main_clause,y,1,2.288740313000744,024,right,male,English,31,NA,Australia,keypress
38,incongruent,"['THE', 'king', 'that the', 'GUEST', 'pleased', 'poured', 'THE', 'wine', 'from', 'THE', 'jug']",object,The king pleased the guest?,relative_clause,d,0,7.2760447560031025,024,right,male,English,31,NA,Australia,keypress
39,congruent,"['The', 'MAID', 'that', 'LOVED', 'the', 'CHEF', 'quit the', 'JOB', 'at the', 'HOUSE']",subject,The chef loved the maid?,relative_clause,n,1,4.790265126001032,024,right,male,English,31,NA,Australia,keypress
40,congruent,"['The', 'NUN', 'that', 'BLESSED', 'the', 'MONK', 'lit a', 'CANDLE', 'on the', 'TABLE']",subject,The monk blessed the nun?,relative_clause,y,0,3.607789226996829,024,right,male,English,31,NA,Australia,keypress
41,other,"['The', 'MAN', 'who was', 'SHORT', 'gave his', 'WIFE', 'some red', 'CANDLES', 'for her', 'BIRTHDAY']",assorted,The man was tall?,other,n,1,0.8533597310015466,024,right,male,English,31,NA,Australia,keypress
42,other,"['The', 'BOOK', 'that the', 'LADY', 'with a', 'TATTOO', 'had', 'WRITTEN', 'was her', 'BEST', 'book', 'YET']",assorted,The lady wrote a book?,other,y,1,0.7359692879981594,024,right,male,English,31,NA,Australia,keypress
43,other,"['The', 'FISH', 'was', 'CAUGHT', 'by the', 'GIRL', 'on the', 'BOAT', 'on a', 'FRIDAY']",assorted,The fish was caught by the girl?,other,y,1,1.3390903990002698,024,right,male,English,31,NA,Australia,keypress
44,incongruent,"['THE', 'priest', 'THAT', 'thanked', 'THE', 'nun', 'LEFT THE', 'church', 'IN A', 'hurry']",subject,The priest thanked the nun?,relative_clause,n,0,7.790212492000137,024,right,male,English,31,NA,Australia,keypress
45,incongruent,"['THE', 'priest', 'that the', 'COOK', 'paid', 'signed', 'THE', 'check', 'at', 'THE', 'bank']",object,The priest signed the check?,main_clause,y,1,2.406000416001916,024,right,male,English,31,NA,Australia,keypress
46,other,"['The', 'BOY', 'who', 'HAD', 'a', 'BIRTHDAY', 'called', 'HIS', 'best', 'FRIEND', 'for a', 'CHAT']",assorted,The boy called his best friend?,other,y,1,1.384947287999239,024,right,male,English,31,NA,Australia,keypress
47,congruent,"['The', 'COOK', 'that', 'HUGGED', 'the', 'MAID', 'had a', 'TEAR', 'on her', 'CHEEK']",subject,The maid had a tear on her cheek?,main_clause,n,1,3.872409985997365,024,right,male,English,31,NA,Australia,keypress
48,congruent,"['The', 'NIECE', 'that', 'KISSED', 'the', 'AUNT', 'sang a', 'SONG', 'for the', 'GUESTS']",subject,The aunt sang a song?,main_clause,n,1,1.77384759999768,024,right,male,English,31,NA,Australia,keypress
49,incongruent,"['THE', 'dad', 'that the', 'CHEF', 'knew', 'had', 'A', 'son', 'with', 'A', 'limp']",object,The dad knew the chef?,relative_clause,y,0,11.19546508300118,024,right,male,English,31,NA,Australia,keypress
50,incongruent,"['THE', 'bum', 'THAT', 'scared', 'THE', 'cop', 'CROSSED THE', 'street', 'AT THE', 'light']",subject,The cop crossed the street?,main_clause,y,0,4.437294422998093,024,right,male,English,31,NA,Australia,keypress
51,incongruent,"['THE', 'kid', 'THAT', 'followed', 'THE', 'dad', 'HAD SOME', 'mud', 'ON HIS', 'shoes']",subject,The dad followed the kid?,relative_clause,n,1,9.111068959999102,024,right,male,English,31,NA,Australia,keypress
52,congruent,"['The', 'CHIEF', 'that the', 'girl', 'THANKED', 'was', 'too', 'LATE', 'for', 'the', 'BUS']",object,The chief was too late?,main_clause,y,1,4.090002696000738,024,right,male,English,31,NA,Australia,keypress
53,other,"['The', 'GIRL', 'kicked the', 'BALL', 'into the', 'WINDOW', 'but it', 'DID', 'not', 'BREAK']",assorted,The girl broke the window?,other,n,1,1.1896854810001969,024,right,male,English,31,NA,Australia,keypress
54,congruent,"['The', 'BLOKE', 'that', 'HELPED', 'the', 'MUM', 'gave a', 'GIFT', 'to say', 'THANKS']",subject,The bloke helped the mum?,relative_clause,y,1,1.087259775998973,024,right,male,English,31,NA,Australia,keypress
55,other,"['The', 'CUP', 'was', 'MADE', 'from green', 'PLASTIC', 'and was', 'FILLED', 'with', 'JUICE']",assorted,The cup was made from plastic?,other,y,1,0.8675746400003845,024,right,male,English,31,NA,Australia,keypress
56,incongruent,"['THE', 'fruit', 'THAT', 'squashed', 'THE', 'cake', 'MADE A', 'mess', 'IN THE', 'bag']",subject,The cake made a mess?,main_clause,d,0,6.775452963000134,024,right,male,English,31,NA,Australia,keypress
57,incongruent,"['THE', 'owl', 'that the', 'BAT', 'scared', 'made', 'A', 'loop', 'in', 'THE', 'air']",object,The bat made a loop?,main_clause,n,1,6.8087053680028475,024,right,male,English,31,NA,Australia,keypress
58,incongruent,"['THE', 'car', 'that the', 'TRUCK', 'pulled', 'had', 'A', 'scratch', 'on', 'THE', 'door']",object,The car pulled the truck?,relative_clause,y,0,4.458285819000594,024,right,male,English,31,NA,Australia,keypress
59,other,"['The', 'BOSS', 'was', 'HAPPY', 'to', 'SEE', 'the', 'WORK', 'that', 'THE', 'two', 'GIRLS', 'had', 'DONE']",assorted,The girls were happy?,other,y,0,1.755579143002251,024,right,male,English,31,NA,Australia,keypress
60,congruent,"['The', 'SAILOR', 'that the', 'banker', 'PUSHED', 'hurt', 'his', 'FOOT', 'in', 'the', 'BRAWL']",object,The sailor pushed the banker?,relative_clause,y,0,1.2544736130003002,024,right,male,English,31,NA,Australia,keypress
61,incongruent,"['THE', 'bug', 'THAT', 'attacked', 'THE', 'ant', 'WAS AS', 'big', 'AS A', 'coin']",subject,The bug was as big as a coin?,main_clause,y,1,2.7026792029973876,024,right,male,English,31,NA,Australia,keypress
62,congruent,"['The', 'CROOK', 'that', 'WARNED', 'the', 'THIEF', 'fled the', 'TOWN', 'the next', 'MORNING']",subject,The crook fled the town?,main_clause,y,1,1.605020560000412,024,right,male,English,31,NA,Australia,keypress
63,other,"['The', 'WINE', 'that was', 'FANCY', 'was', 'KEPT', 'in the', 'CELLAR', 'for', 'NEARLY', 'ten', 'YEARS', 'and five', 'MONTHS']",assorted,The wine was bad?,other,n,1,1.1199871190001431,024,right,male,English,31,NA,Australia,keypress
64,incongruent,"['THE', 'tradie', 'THAT', 'thanked', 'THE', 'man', 'LEFT HIS', 'wallet', 'IN THE', 'car']",subject,The tradie left his wallet?,main_clause,n,0,2.6055939510006283,024,right,male,English,31,NA,Australia,keypress
65,incongruent,"['THE', 'dean', 'THAT', 'heard', 'THE', 'guard', 'MADE A', 'call', 'ABOUT THE', 'matter']",subject,The guard heard the dean?,relative_clause,n,1,9.859185625999087,024,right,male,English,31,NA,Australia,keypress
66,other,"['The', 'GIRL', 'and the', 'BOY', 'that', 'OWNED', 'the', 'HORSE', 'had', 'MUD', 'on their', 'CLOTHES']",assorted,The boy and girl own a horse?,other,y,1,4.824205911998433,024,right,male,English,31,NA,Australia,keypress
67,congruent,"['The', 'CAT', 'that', 'FOUGHT', 'the', 'DOG', 'licked its', 'WOUNDS', 'in the', 'CORNER']",subject,The cat fought the dog?,relative_clause,y,1,1.1044797979993746,024,right,male,English,31,NA,Australia,keypress
68,congruent,"['The', 'ROD', 'that the', 'pipe', 'BENT', 'had', 'a', 'HOLE', 'in', 'the', 'MIDDLE']",object,The rod had a hole?,main_clause,y,1,3.239471245000459,024,right,male,English,31,NA,Australia,keypress
69,incongruent,"['THE', 'girl', 'that the', 'NERD', 'thanked', 'broke', 'THE', 'vase', 'with', 'THE', 'flowers']",object,The nerd pushed the girl?,relative_clause,y,1,3.2859860609969473,024,right,male,English,31,NA,Australia,keypress
70,other,"['The', 'APPLES', 'that', 'THE', 'couple', 'BOUGHT', 'at the', 'MARKET', 'were', 'RED']",assorted,The couple bought green apples?,other,n,1,1.2364320359993144,024,right,male,English,31,NA,Australia,keypress
71,other,"['The', 'DESSERT', 'was', 'SERVED', 'with', 'CUSTARD', 'and', 'FRUIT', 'then', 'THERE', 'was', 'COFFEE']",assorted,The coffee was before dessert?,other,n,1,2.2526203540001006,024,right,male,English,31,NA,Australia,keypress
72,other,"['The', 'BIKE', 'that was', 'YELLOW', 'and', 'SHINY', 'belonged', 'TO', 'the', 'BOY', 'with the', 'HAT']",assorted,The bike was shiny?,other,n,0,2.3203063510009088,024,right,male,English,31,NA,Australia,keypress
73,congruent,"['The', 'GUEST', 'that the', 'host', 'KISSED', 'brought', 'a', 'CAKE', 'to', 'the', 'PARTY']",object,The host brought a cake?,main_clause,n,1,4.787637655001163,024,right,male,English,31,NA,Australia,keypress
1,other,"['The', 'CUP', 'was', 'MADE', 'from green', 'PLASTIC', 'and was', 'FILLED', 'with', 'JUICE']",assorted,The cup was full of green juice?,other,y,0,2.910087214999976,025,right,female,English,52,NA,Australia,keypress
2,incongruent,"['THE', 'dad', 'THAT', 'knew', 'THE', 'chef', 'HAD A', 'son', 'WITH A', 'limp']",subject,The dad had a son with a limp?,main_clause,y,1,2.508949238000014,025,right,female,English,52,NA,Australia,keypress
3,incongruent,"['THE', 'chief', 'THAT', 'thanked', 'THE', 'girl', 'WAS TOO', 'late', 'FOR THE', 'bus']",subject,The chief thanked the girl?,relative_clause,y,1,1.8929033649999385,025,right,female,English,52,NA,Australia,keypress
4,congruent,"['The', 'CLERK', 'that', 'LIKED', 'the', 'BOSS', 'had a', 'DESK', 'by the', 'WINDOW']",subject,The boss liked the clerk?,relative_clause,n,1,1.440664790000028,025,right,female,English,52,NA,Australia,keypress
5,congruent,"['The', 'KING', 'that', 'PLEASED', 'the', 'GUEST', 'poured the', 'WINE', 'from the', 'JUG']",subject,The guest pleased the king?,relative_clause,n,1,2.04159494299995,025,right,female,English,52,NA,Australia,keypress
6,congruent,"['The', 'DESK', 'that the', 'bed', 'SCRATCHED', 'was', 'too', 'OLD', 'to', 'be', 'MOVED']",object,The desk was too old?,main_clause,y,1,1.290147692000005,025,right,female,English,52,NA,Australia,keypress
7,incongruent,"['THE', 'car', 'that the', 'TRUCK', 'pulled', 'had', 'A', 'scratch', 'on', 'THE', 'door']",object,The car pulled the truck?,relative_clause,n,1,1.239270413999975,025,right,female,English,52,NA,Australia,keypress
8,incongruent,"['THE', 'niece', 'that the', 'AUNT', 'kissed', 'sang', 'A', 'song', 'for', 'THE', 'guests']",object,The aunt sang a song?,main_clause,y,0,0.938342638999984,025,right,female,English,52,NA,Australia,keypress
9,incongruent,"['THE', 'boss', 'that the', 'CLERK', 'mocked', 'had', 'A', 'crush', 'on', 'THE', 'intern']",object,The boss had a crush?,main_clause,y,1,2.390451907000056,025,right,female,English,52,NA,Australia,keypress
10,incongruent,"['THE', 'shelf', 'that the', 'PIANO', 'bumped', 'had', 'SOME', 'dust', 'on', 'ITS', 'top']",object,The shelf had some dust on its top?,main_clause,y,1,1.5240684539999163,025,right,female,English,52,NA,Australia,keypress
11,congruent,"['The', 'GIRL', 'that the', 'nerd', 'THANKED', 'broke', 'the', 'VASE', 'with', 'the', 'FLOWERS']",object,The nerd pushed the girl?,relative_clause,n,0,1.2233804149999514,025,right,female,English,52,NA,Australia,keypress
12,other,"['The', 'DESSERT', 'was', 'SERVED', 'with', 'CUSTARD', 'and', 'FRUIT', 'then', 'THERE', 'was', 'COFFEE']",assorted,The coffee was before dessert?,other,n,1,1.6407550600000604,025,right,female,English,52,NA,Australia,keypress
13,incongruent,"['THE', 'prince', 'THAT', 'helped', 'THE', 'girl', 'HAD A', 'head', 'OF BLONDE', 'hair']",subject,The prince had blonde hair?,main_clause,y,1,2.360039970999992,025,right,female,English,52,NA,Australia,keypress
14,congruent,"['The', 'BUG', 'that the', 'ant', 'ATTACKED', 'was', 'as', 'BIG', 'as', 'a', 'COIN']",object,The ant was as big as a coin?,main_clause,n,1,1.3065668579999965,025,right,female,English,52,NA,Australia,keypress
15,congruent,"['The', 'THUG', 'that', 'SAW', 'the', 'MAN', 'had a', 'HAT', 'on his', 'HEAD']",subject,The thug had a hat on his head?,main_clause,y,1,1.2070452589999832,025,right,female,English,52,NA,Australia,keypress
16,congruent,"['The', 'HAT', 'that', 'MATCHED', 'the', 'SKIRT', 'had a', 'BOW', 'in the', 'BACK']",subject,The hat had a bow?,main_clause,y,1,2.6108065170000145,025,right,female,English,52,NA,Australia,keypress
17,other,"['The', 'BOY', 'who', 'HAD', 'a', 'BIRTHDAY', 'called', 'HIS', 'best', 'FRIEND', 'for a', 'CHAT']",assorted,The boy called his best friend?,other,y,1,1.0729465050000044,025,right,female,English,52,NA,Australia,keypress
18,other,"['The', 'MAN', 'was very', 'HUNGRY', 'after the', 'MEETING', 'so', 'HAD', 'lunch', 'EARLY']",assorted,The boy was hungry?,other,n,1,1.0389280169999893,025,right,female,English,52,NA,Australia,keypress
19,incongruent,"['THE', 'bloke', 'THAT', 'helped', 'THE', 'mum', 'GAVE A', 'gift', 'TO SAY', 'thanks']",subject,The mum gave a gift?,main_clause,n,1,1.190279245000056,025,right,female,English,52,NA,Australia,keypress
20,other,"['The', 'DESK', 'was', 'NEW', 'but', 'DUSTY', 'and', 'COVERED', 'with old', 'BOOKS']",assorted,The desk was new?,other,y,1,1.0896308549999958,025,right,female,English,52,NA,Australia,keypress
21,other,"['The', 'WINE', 'that was', 'FANCY', 'was', 'KEPT', 'in the', 'CELLAR', 'for', 'NEARLY', 'ten', 'YEARS', 'and five', 'MONTHS']",assorted,The wine was bad?,other,n,1,0.838719099000059,025,right,female,English,52,NA,Australia,keypress
22,incongruent,"['THE', 'truck', 'THAT', 'bumped', 'THE', 'car', 'HAD A', 'man', 'AT THE', 'wheel']",subject,The truck bumped the car?,relative_clause,y,1,1.9922298540000156,025,right,female,English,52,NA,Australia,keypress
23,other,"['The', 'BOOK', 'that the', 'LADY', 'with a', 'TATTOO', 'had', 'WRITTEN', 'was her', 'BEST', 'book', 'YET']",assorted,The man wrote a book?,other,n,1,0.9226026000000048,025,right,female,English,52,NA,Australia,keypress
24,incongruent,"['THE', 'priest', 'THAT', 'paid', 'THE', 'cook', 'SIGNED THE', 'check', 'AT THE', 'bank']",subject,The priest paid the cook?,relative_clause,y,1,1.08987644299998,025,right,female,English,52,NA,Australia,keypress
25,other,"['The', 'BOSS', 'was', 'HAPPY', 'to', 'SEE', 'the', 'WORK', 'that', 'THE', 'two', 'GIRLS', 'had', 'DONE']",assorted,The girls were happy?,other,n,1,0.8049256990000231,025,right,female,English,52,NA,Australia,keypress
26,congruent,"['The', 'CAT', 'that', 'FOUGHT', 'the', 'DOG', 'licked its', 'WOUNDS', 'in the', 'CORNER']",subject,The cat fought the dog?,relative_clause,y,1,1.2227391519999171,025,right,female,English,52,NA,Australia,keypress
27,congruent,"['The', 'KNIGHT', 'that', 'HELPED', 'the', 'KING', 'sent a', 'GIFT', 'from his', 'CASTLE']",subject,The knight helped the king?,relative_clause,y,1,0.9389257540000244,025,right,female,English,52,NA,Australia,keypress
28,other,"['The', 'DOG', 'that', 'BARKED', 'is very', 'BIG', 'and very', 'FRIENDLY', 'but', 'DOESN’T', 'like', 'CATS']",assorted,The dog is very big?,other,y,1,0.9565948270000036,025,right,female,English,52,NA,Australia,keypress
29,incongruent,"['THE', 'maid', 'that the', 'CHEF', 'loved', 'quit', 'THE', 'job', 'at', 'THE', 'house']",object,The maid quit the job?,main_clause,y,1,0.8728245140000581,025,right,female,English,52,NA,Australia,keypress
30,incongruent,"['THE', 'kid', 'that the', 'DAD', 'followed', 'had', 'SOME', 'mud', 'on', 'HIS', 'shoes']",object,The kid followed the dad?,relative_clause,n,1,1.4399477350000325,025,right,female,English,52,NA,Australia,keypress
31,congruent,"['The', 'PRIEST', 'that the', 'nun', 'THANKED', 'left', 'the', 'CHURCH', 'in', 'a', 'HURRY']",object,The priest left the church?,main_clause,y,1,0.7383754730000192,025,right,female,English,52,NA,Australia,keypress
32,incongruent,"['THE', 'groom', 'that the', 'AUNT', 'charmed', 'raised', 'A', 'toast', 'to', 'THE', 'parents']",object,The groom charmed the aunt?,relative_clause,y,0,2.6278414509999948,025,right,female,English,52,NA,Australia,keypress
33,congruent,"['The', 'ROD', 'that', 'BENT', 'the', 'PIPE', 'had a', 'HOLE', 'in the', 'MIDDLE']",subject,The rod bent the pipe?,relative_clause,y,1,1.306477596000036,025,right,female,English,52,NA,Australia,keypress
34,incongruent,"['THE', 'nurse', 'that the', 'COACH', 'blamed', 'checked', 'THE', 'file', 'of', 'THE', 'gymnast']",object,The coach blamed the nurse?,relative_clause,n,0,1.4575012819999529,025,right,female,English,52,NA,Australia,keypress
35,other,"['The', 'FISH', 'was', 'CAUGHT', 'by the', 'GIRL', 'on the', 'BOAT', 'on a', 'FRIDAY']",assorted,The fish was caught by the boy?,other,n,1,1.5067540320001171,025,right,female,English,52,NA,Australia,keypress
36,incongruent,"['THE', 'friend', 'THAT', 'teased', 'THE', 'bride', 'TOLD A', 'joke', 'ABOUT THE', 'past']",subject,The bride teased the friend?,relative_clause,n,1,3.443134185999952,025,right,female,English,52,NA,Australia,keypress
37,incongruent,"['THE', 'whale', 'that the', 'SHARK', 'bit', 'won', 'THE', 'fight', 'in', 'THE', 'end']",object,The shark bit the whale?,relative_clause,y,1,1.9083542690000288,025,right,female,English,52,NA,Australia,keypress
38,congruent,"['The', 'GUY', 'that', 'THANKED', 'the', 'JUDGE', 'left the', 'ROOM', 'with a', 'SMILE']",subject,The judge left the room?,main_clause,n,1,0.9216574479999052,025,right,female,English,52,NA,Australia,keypress
39,incongruent,"['THE', 'man', 'that the', 'NURSE', 'phoned', 'left', 'HIS', 'pills', 'at', 'THE', 'office']",object,The nurse phoned the man?,relative_clause,y,1,1.824811233999981,025,right,female,English,52,NA,Australia,keypress
40,incongruent,"['THE', 'cop', 'that the', 'SPY', 'met', 'wrote', 'A', 'book', 'about', 'THE', 'case']",object,The spy wrote a book?,main_clause,n,1,0.7890415309998389,025,right,female,English,52,NA,Australia,keypress
41,other,"['The', 'JOB', 'that was', 'GIVEN', 'was', 'DIFFERENT', 'to', 'WHAT', 'she', 'EXPECTED']",assorted,The job was unexpected?,other,y,1,0.9727940870000112,025,right,female,English,52,NA,Australia,keypress
42,incongruent,"['THE', 'owl', 'THAT', 'scared', 'THE', 'bat', 'MADE A', 'loop', 'IN THE', 'air']",subject,The bat scared the owl?,relative_clause,n,1,1.5077073939999082,025,right,female,English,52,NA,Australia,keypress
43,congruent,"['The', 'DANCER', 'that the', 'guy', 'LIKED', 'was', 'a', 'CHEF', 'in', 'the', 'CITY']",object,The dancer liked the guy?,relative_clause,n,1,1.3568840329999148,025,right,female,English,52,NA,Australia,keypress
44,other,"['The', 'BIKE', 'that was', 'YELLOW', 'and', 'SHINY', 'belonged', 'TO', 'the', 'BOY', 'with the', 'HAT']",assorted,The bike was shiny?,other,y,1,1.1204154819999983,025,right,female,English,52,NA,Australia,keypress
45,other,"['The', 'CAT', 'chased the', 'BIRD', 'but', 'IT', 'flew', 'AWAY', 'into the', 'SUNSET']",assorted,The cat caught the bird?,other,n,1,1.0228224089999003,025,right,female,English,52,NA,Australia,keypress
46,other,"['The', 'GIRL', 'on', 'THE', 'school', 'TRIP', 'saw a', 'FROG', 'and', 'LATER', 'she', 'SAW', 'a', 'MOUSE']",assorted,The girl saw a frog?,other,y,1,0.7386228559998926,025,right,female,English,52,NA,Australia,keypress
47,incongruent,"['THE', 'thief', 'that the', 'GUARD', 'saw', 'had', 'A', 'gun', 'in', 'HIS', 'holster']",object,The guard had a gun?,main_clause,n,1,0.7718170830000872,025,right,female,English,52,NA,Australia,keypress
48,other,"['The', 'BOX', 'was', 'MADE', 'from', 'WOOD', 'and was', 'FULL', 'of', 'THINGS', 'that', 'SHINED']",assorted,The box was full of things?,other,y,1,1.0892305360000591,025,right,female,English,52,NA,Australia,keypress
49,incongruent,"['THE', 'dean', 'THAT', 'heard', 'THE', 'guard', 'MADE A', 'call', 'ABOUT THE', 'matter']",subject,The guard made a call?,main_clause,n,1,1.3400154700000255,025,right,female,English,52,NA,Australia,keypress
50,congruent,"['The', 'CROOK', 'that the', 'thief', 'WARNED', 'fled', 'the', 'TOWN', 'the', 'next', 'MORNING']",object,The thief warned the crook?,relative_clause,y,1,1.8576336849998825,025,right,female,English,52,NA,Australia,keypress
51,congruent,"['The', 'COUNT', 'that', 'KNEW', 'the', 'QUEEN', 'owned a', 'CASTLE', 'by the', 'LAKE']",subject,The queen owned a castle?,main_clause,n,1,0.8053885290000835,025,right,female,English,52,NA,Australia,keypress
52,other,"['The', 'RING', 'that', 'WAS', 'sadly', 'LOST', 'was', 'FOUND', 'by the', 'FAT', 'and', 'VERY', 'happy', 'PRIEST']",assorted,The priest was sad?,other,n,1,0.7222736570001871,025,right,female,English,52,NA,Australia,keypress
53,congruent,"['The', 'BOY', 'that', 'HELPED', 'the', 'GIRL', 'got an', 'A', 'on the', 'TEST']",subject,The girl helped the boy?,relative_clause,n,1,1.637900318999982,025,right,female,English,52,NA,Australia,keypress
54,congruent,"['The', 'NUN', 'that the', 'monk', 'BLESSED', 'lit', 'a', 'CANDLE', 'on', 'the', 'TABLE']",object,The nun lit a candle?,main_clause,n,0,1.4065981870000996,025,right,female,English,52,NA,Australia,keypress
55,other,"['The', 'GIRL', 'and the', 'BOY', 'that', 'OWNED', 'the', 'HORSE', 'had', 'MUD', 'on their', 'CLOTHES']",assorted,The horse was muddy?,other,n,1,1.2230535290000262,025,right,female,English,52,NA,Australia,keypress
56,incongruent,"['THE', 'sailor', 'THAT', 'pushed', 'THE', 'banker', 'HURT HIS', 'foot', 'IN THE', 'brawl']",subject,The sailor hurt his foot?,main_clause,y,1,1.1227657049998925,025,right,female,English,52,NA,Australia,keypress
57,congruent,"['The', 'BUM', 'that', 'SCARED', 'the', 'COP', 'crossed the', 'STREET', 'at the', 'LIGHT']",subject,The cop crossed the street?,main_clause,n,1,2.192995283000073,025,right,female,English,52,NA,Australia,keypress
58,other,"['The', 'GIRL', 'kicked the', 'BALL', 'into the', 'WINDOW', 'but it', 'DID', 'not', 'BREAK']",assorted,The girl kicked the ball?,other,y,1,1.1066975319999983,025,right,female,English,52,NA,Australia,keypress
59,incongruent,"['THE', 'cook', 'THAT', 'hugged', 'THE', 'maid', 'HAD A', 'tear', 'ON HER', 'cheek']",subject,The maid hugged the cook?,relative_clause,n,1,2.778127712000014,025,right,female,English,52,NA,Australia,keypress
60,other,"['The', 'APPLES', 'that', 'THE', 'couple', 'BOUGHT', 'at the', 'MARKET', 'were', 'RED']",assorted,The couple bought some apples?,other,y,1,1.2227572690001125,025,right,female,English,52,NA,Australia,keypress
61,congruent,"['The', 'TRADIE', 'that the', 'man', 'THANKED', 'left', 'his', 'WALLET', 'in', 'the', 'CAR']",object,The tradie thanked the man?,relative_clause,n,1,1.9248414569999568,025,right,female,English,52,NA,Australia,keypress
62,congruent,"['The', 'FRUIT', 'that the', 'cake', 'SQUASHED', 'made', 'a', 'MESS', 'in', 'the', 'BAG']",object,The fruit squashed the cake?,relative_clause,n,1,1.6569535290000204,025,right,female,English,52,NA,Australia,keypress
63,congruent,"['The', 'GUEST', 'that the', 'host', 'KISSED', 'brought', 'a', 'CAKE', 'to', 'the', 'PARTY']",object,The host brought a cake?,main_clause,n,1,1.00600723499997,025,right,female,English,52,NA,Australia,keypress
64,other,"['The', 'COLOUR', 'of the', 'HOUSE', 'was', 'BRIGHTER', 'than the', 'MEN', 'who travelled', 'EXPECTED']",assorted,The men travelled?,other,y,1,1.3900486170000477,025,right,female,English,52,NA,Australia,keypress
65,congruent,"['The', 'SCOUT', 'that the', 'coach', 'PUNCHED', 'had', 'a', 'FIGHT', 'with', 'a', 'MANAGER']",object,The coach punched the scout?,relative_clause,y,1,2.2253954079999403,025,right,female,English,52,NA,Australia,keypress
66,other,"['The', 'MAN', 'who was', 'SHORT', 'gave his', 'WIFE', 'some red', 'CANDLES', 'for her', 'BIRTHDAY']",assorted,The man was tall?,other,n,1,0.7709375800000089,025,right,female,English,52,NA,Australia,keypress
67,congruent,"['The', 'FOX', 'that', 'CHASED', 'the', 'WOLF', 'hurt its', 'PAWS', 'on the', 'WAY']",subject,The fox hurt its paws?,main_clause,y,1,0.9054797950000192,025,right,female,English,52,NA,Australia,keypress
68,congruent,"['The', 'DEAN', 'that the', 'boy', 'CALLED', 'had', 'a', 'VOICE', 'full', 'of', 'ANGER']",object,The boy had a voice full of anger?,main_clause,n,1,2.0418946380000307,025,right,female,English,52,NA,Australia,keypress
69,other,"['The', 'CONCERT', 'started', 'LATER', 'than', 'WHAT', 'the', 'LADY', 'told the', 'TRAVELER']",assorted,The concert started later than the travellers expected?,other,y,1,2.592945309000015,025,right,female,English,52,NA,Australia,keypress
70,other,"['The', 'CAR', 'that was', 'NEW', 'had', 'JUST', 'been', 'CLEANED', 'by', 'THE', 'old', 'LADY']",assorted,The car was old?,other,n,1,0.7875701739999386,025,right,female,English,52,NA,Australia,keypress
71,incongruent,"['THE', 'boat', 'THAT', 'chased', 'THE', 'yacht', 'MADE A', 'turn', 'AT THE', 'boathouse']",subject,The yacht made a turn?,main_clause,n,1,1.172964021000098,025,right,female,English,52,NA,Australia,keypress
72,other,"['The', 'HAT', 'that was', 'WORN', 'by the', 'BOY', 'with a', 'JACKET', 'was too', 'SMALL', 'for the', 'MAN']",assorted,The hat was too small?,other,n,0,1.005328339000016,025,right,female,English,52,NA,Australia,keypress
73,other,"['The', 'PIANO', 'was well', 'PLAYED', 'by', 'THE', 'old', 'LADY', 'but', 'IT', 'was', 'NOT', 'in', 'TUNE']",assorted,The piano was well played?,other,y,1,1.106681490000028,025,right,female,English,52,NA,Australia,keypress
1,incongruent,"['THE', 'clerk', 'THAT', 'liked', 'THE', 'boss', 'HAD A', 'desk', 'BY THE', 'window']",subject,The boss had a desk by the window?,main_clause,n,1,1.3054779339981906,026,right,male,English,31,NA,Australia,keypress
2,congruent,"['The', 'PRIEST', 'that the', 'nun', 'THANKED', 'left', 'the', 'CHURCH', 'in', 'a', 'HURRY']",object,The nun left the church?,main_clause,n,1,2.1588768380024703,026,right,male,English,31,NA,Australia,keypress
3,incongruent,"['THE', 'owl', 'THAT', 'scared', 'THE', 'bat', 'MADE A', 'loop', 'IN THE', 'air']",subject,The bat scared the owl?,relative_clause,y,0,6.537438180999743,026,right,male,English,31,NA,Australia,keypress
4,incongruent,"['THE', 'truck', 'that the', 'CAR', 'bumped', 'had', 'A', 'man', 'at', 'THE', 'wheel']",object,The car bumped the truck?,relative_clause,n,0,5.348453328999312,026,right,male,English,31,NA,Australia,keypress
5,other,"['The', 'DOG', 'that', 'BARKED', 'is very', 'BIG', 'and very', 'FRIENDLY', 'but', 'DOESN’T', 'like', 'CATS']",assorted,The dog is very big?,other,y,1,1.5409907499997644,026,right,male,English,31,NA,Australia,keypress
6,other,"['The', 'MAN', 'was very', 'HUNGRY', 'after the', 'MEETING', 'so', 'HAD', 'lunch', 'EARLY']",assorted,The boy was hungry?,other,n,1,1.4572563060028187,026,right,male,English,31,NA,Australia,keypress
7,other,"['The', 'DESSERT', 'was', 'SERVED', 'with', 'CUSTARD', 'and', 'FRUIT', 'then', 'THERE', 'was', 'COFFEE']",assorted,The coffee was before dessert?,other,n,1,3.077769210001861,026,right,male,English,31,NA,Australia,keypress
8,other,"['The', 'COLOUR', 'of the', 'HOUSE', 'was', 'BRIGHTER', 'than the', 'MEN', 'who travelled', 'EXPECTED']",assorted,The men were colourfully dressed?,other,n,1,1.740883725000458,026,right,male,English,31,NA,Australia,keypress
9,incongruent,"['THE', 'desk', 'THAT', 'scratched', 'THE', 'bed', 'WAS TOO', 'old', 'TO BE', 'moved']",subject,The desk was too old?,main_clause,y,1,2.8105958250016556,026,right,male,English,31,NA,Australia,keypress
10,congruent,"['The', 'COOK', 'that the', 'maid', 'HUGGED', 'had', 'a', 'TEAR', 'on', 'her', 'CHEEK']",object,The cook had a tear on her cheek?,main_clause,y,1,3.2614588219985308,026,right,male,English,31,NA,Australia,keypress
11,other,"['The', 'BOSS', 'was', 'HAPPY', 'to', 'SEE', 'the', 'WORK', 'that', 'THE', 'two', 'GIRLS', 'had', 'DONE']",assorted,The girls were happy?,other,n,1,1.6405488950003928,026,right,male,English,31,NA,Australia,keypress
12,congruent,"['The', 'GIRL', 'that the', 'nerd', 'THANKED', 'broke', 'the', 'VASE', 'with', 'the', 'FLOWERS']",object,The nerd broke the vase?,main_clause,n,1,3.3124637139990227,026,right,male,English,31,NA,Australia,keypress
13,congruent,"['The', 'GROOM', 'that', 'CHARMED', 'the', 'AUNT', 'raised a', 'TOAST', 'to the', 'PARENTS']",subject,The groom charmed the aunt?,relative_clause,y,1,2.158436805999372,026,right,male,English,31,NA,Australia,keypress
14,other,"['The', 'CAR', 'that was', 'NEW', 'had', 'JUST', 'been', 'CLEANED', 'by', 'THE', 'old', 'LADY']",assorted,The car was old?,other,n,1,1.339808444998198,026,right,male,English,31,NA,Australia,keypress
15,congruent,"['The', 'COUNT', 'that', 'KNEW', 'the', 'QUEEN', 'owned a', 'CASTLE', 'by the', 'LAKE']",subject,The count owned a castle?,main_clause,y,1,2.108673455997632,026,right,male,English,31,NA,Australia,keypress
16,congruent,"['The', 'PRIEST', 'that', 'PAID', 'the', 'COOK', 'signed the', 'CHECK', 'at the', 'BANK']",subject,The priest signed the check?,main_clause,y,1,1.1060627609986111,026,right,male,English,31,NA,Australia,keypress
17,other,"['The', 'DESK', 'was', 'NEW', 'but', 'DUSTY', 'and', 'COVERED', 'with old', 'BOOKS']",assorted,The desk was old?,other,n,1,1.223045803999412,026,right,male,English,31,NA,Australia,keypress
18,congruent,"['The', 'HAT', 'that', 'MATCHED', 'the', 'SKIRT', 'had a', 'BOW', 'in the', 'BACK']",subject,The skirt matched the hat?,relative_clause,n,1,2.743265094002709,026,right,male,English,31,NA,Australia,keypress
19,incongruent,"['THE', 'kid', 'THAT', 'followed', 'THE', 'dad', 'HAD SOME', 'mud', 'ON HIS', 'shoes']",subject,The kid followed the dad?,relative_clause,y,1,1.2726396010002643,026,right,male,English,31,NA,Australia,keypress
20,incongruent,"['THE', 'knight', 'THAT', 'helped', 'THE', 'king', 'SENT A', 'gift', 'FROM HIS', 'castle']",subject,The king helped the knight?,relative_clause,n,1,1.4738614749985572,026,right,male,English,31,NA,Australia,keypress
21,incongruent,"['THE', 'thug', 'THAT', 'saw', 'THE', 'man', 'HAD A', 'hat', 'ON HIS', 'head']",subject,The thug saw the man?,relative_clause,y,1,1.6400938900005713,026,right,male,English,31,NA,Australia,keypress
22,congruent,"['The', 'CROOK', 'that the', 'thief', 'WARNED', 'fled', 'the', 'TOWN', 'the', 'next', 'MORNING']",object,The thief fled the town?,main_clause,d,0,2.4762982800020836,026,right,male,English,31,NA,Australia,keypress
23,other,"['The', 'CAT', 'chased the', 'BIRD', 'but', 'IT', 'flew', 'AWAY', 'into the', 'SUNSET']",assorted,The cat caught the bird?,other,n,1,1.4903186010014906,026,right,male,English,31,NA,Australia,keypress
24,incongruent,"['THE', 'guy', 'THAT', 'thanked', 'THE', 'judge', 'LEFT THE', 'room', 'WITH A', 'smile']",subject,The judge left the room?,main_clause,n,1,1.6572445510028049,026,right,male,English,31,NA,Australia,keypress
25,incongruent,"['THE', 'dean', 'that the', 'GUARD', 'heard', 'made', 'A', 'call', 'about', 'THE', 'matter']",object,The guard heard the dean?,relative_clause,n,0,2.006097976001911,026,right,male,English,31,NA,Australia,keypress
26,incongruent,"['THE', 'thief', 'THAT', 'saw', 'THE', 'guard', 'HAD A', 'gun', 'IN HIS', 'holster']",subject,The thief had a gun?,main_clause,y,1,1.6381314280006336,026,right,male,English,31,NA,Australia,keypress
27,incongruent,"['THE', 'fruit', 'that the', 'CAKE', 'squashed', 'made', 'A', 'mess', 'in', 'THE', 'bag']",object,The cake squashed the fruit?,relative_clause,n,0,2.909887895002612,026,right,male,English,31,NA,Australia,keypress
28,other,"['The', 'RING', 'that', 'WAS', 'sadly', 'LOST', 'was', 'FOUND', 'by the', 'FAT', 'and', 'VERY', 'happy', 'PRIEST']",assorted,The priest was sad?,other,n,1,2.609641767001449,026,right,male,English,31,NA,Australia,keypress
29,congruent,"['The', 'SHELF', 'that', 'BUMPED', 'the', 'PIANO', 'had some', 'DUST', 'on its', 'TOP']",subject,The piano had dust on its top?,main_clause,n,1,2.4092348029989807,026,right,male,English,31,NA,Australia,keypress
30,incongruent,"['THE', 'sailor', 'that the', 'BANKER', 'pushed', 'hurt', 'HIS', 'foot', 'in', 'THE', 'brawl']",object,The sailor pushed the banker?,relative_clause,n,1,3.51205987999856,026,right,male,English,31,NA,Australia,keypress
31,other,"['The', 'CUP', 'was', 'MADE', 'from green', 'PLASTIC', 'and was', 'FILLED', 'with', 'JUICE']",assorted,The cup was made from plastic?,other,y,1,2.092245821000688,026,right,male,English,31,NA,Australia,keypress
32,incongruent,"['THE', 'nun', 'THAT', 'blessed', 'THE', 'monk', 'LIT A', 'candle', 'ON THE', 'table']",subject,The monk lit a candle?,main_clause,n,1,1.456878572000278,026,right,male,English,31,NA,Australia,keypress
33,congruent,"['The', 'NIECE', 'that', 'KISSED', 'the', 'AUNT', 'sang a', 'SONG', 'for the', 'GUESTS']",subject,The aunt kissed the niece?,relative_clause,n,1,2.6267179310016218,026,right,male,English,31,NA,Australia,keypress
34,congruent,"['The', 'CHIEF', 'that the', 'girl', 'THANKED', 'was', 'too', 'LATE', 'for', 'the', 'BUS']",object,The chief was too late?,main_clause,y,1,1.6734988709977188,026,right,male,English,31,NA,Australia,keypress
35,incongruent,"['THE', 'cop', 'that the', 'SPY', 'met', 'wrote', 'A', 'book', 'about', 'THE', 'case']",object,The cop met the spy?,relative_clause,n,1,3.879846877000091,026,right,male,English,31,NA,Australia,keypress
36,congruent,"['The', 'ROD', 'that', 'BENT', 'the', 'PIPE', 'had a', 'HOLE', 'in the', 'MIDDLE']",subject,The rod bent the pipe?,relative_clause,y,1,2.910480264999933,026,right,male,English,31,NA,Australia,keypress
37,congruent,"['The', 'DAD', 'that', 'KNEW', 'the', 'CHEF', 'had a', 'SON', 'with a', 'LIMP']",subject,The chef had a son?,main_clause,n,1,1.2396394499992311,026,right,male,English,31,NA,Australia,keypress
38,other,"['The', 'WINE', 'that was', 'FANCY', 'was', 'KEPT', 'in the', 'CELLAR', 'for', 'NEARLY', 'ten', 'YEARS', 'and five', 'MONTHS']",assorted,The wine was fancy?,other,y,1,1.4398275099993043,026,right,male,English,31,NA,Australia,keypress
39,incongruent,"['THE', 'cat', 'that the', 'DOG', 'fought', 'licked', 'ITS', 'wounds', 'in', 'THE', 'corner']",object,The cat fought the dog?,relative_clause,n,1,2.1248683249978058,026,right,male,English,31,NA,Australia,keypress
40,incongruent,"['THE', 'boss', 'THAT', 'mocked', 'THE', 'clerk', 'HAD A', 'crush', 'ON THE', 'intern']",subject,The boss had a crush?,main_clause,y,1,3.06312078299743,026,right,male,English,31,NA,Australia,keypress
41,incongruent,"['THE', 'maid', 'that the', 'CHEF', 'loved', 'quit', 'THE', 'job', 'at', 'THE', 'house']",object,The chef quit the job?,main_clause,n,1,2.142913021998538,026,right,male,English,31,NA,Australia,keypress
42,other,"['The', 'GIRL', 'on', 'THE', 'school', 'TRIP', 'saw a', 'FROG', 'and', 'LATER', 'she', 'SAW', 'a', 'MOUSE']",assorted,The girl saw a frog?,other,y,1,1.1898267340002349,026,right,male,English,31,NA,Australia,keypress
43,congruent,"['The', 'DANCER', 'that the', 'guy', 'LIKED', 'was', 'a', 'CHEF', 'in', 'the', 'CITY']",object,The guy liked the dancer?,relative_clause,d,0,3.876744682002027,026,right,male,English,31,NA,Australia,keypress
44,incongruent,"['THE', 'boat', 'that the', 'YACHT', 'chased', 'made', 'A', 'turn', 'at', 'THE', 'boathouse']",object,The boat made a turn?,main_clause,y,1,2.142163475997222,026,right,male,English,31,NA,Australia,keypress
45,congruent,"['The', 'GUEST', 'that the', 'host', 'KISSED', 'brought', 'a', 'CAKE', 'to', 'the', 'PARTY']",object,The host kissed the guest?,relative_clause,y,1,2.7943718410024303,026,right,male,English,31,NA,Australia,keypress
46,other,"['The', 'HAT', 'that was', 'WORN', 'by the', 'BOY', 'with a', 'JACKET', 'was too', 'SMALL', 'for the', 'MAN']",assorted,The hat was too small?,other,y,1,3.411573920999217,026,right,male,English,31,NA,Australia,keypress
47,other,"['The', 'PIANO', 'was well', 'PLAYED', 'by', 'THE', 'old', 'LADY', 'but', 'IT', 'was', 'NOT', 'in', 'TUNE']",assorted,The piano was well played?,other,y,1,1.456583718998445,026,right,male,English,31,NA,Australia,keypress
48,congruent,"['The', 'BUG', 'that', 'ATTACKED', 'the', 'ANT', 'was as', 'BIG', 'as a', 'COIN']",subject,The ant was as big as a coin?,main_clause,n,1,1.4546902740003134,026,right,male,English,31,NA,Australia,keypress
49,other,"['The', 'APPLES', 'that', 'THE', 'couple', 'BOUGHT', 'at the', 'MARKET', 'were', 'RED']",assorted,The couple bought green apples?,other,n,1,2.139545983998687,026,right,male,English,31,NA,Australia,keypress
50,other,"['The', 'CONCERT', 'started', 'LATER', 'than', 'WHAT', 'the', 'LADY', 'told the', 'TRAVELER']",assorted,The concert started later than the travellers expected?,other,y,1,4.649026464998315,026,right,male,English,31,NA,Australia,keypress
51,congruent,"['The', 'MAN', 'that', 'PHONED', 'the', 'NURSE', 'left his', 'PILLS', 'at the', 'OFFICE']",subject,The man left the pills?,main_clause,y,1,1.4063854580017503,026,right,male,English,31,NA,Australia,keypress
52,other,"['The', 'BOX', 'was', 'MADE', 'from', 'WOOD', 'and was', 'FULL', 'of', 'THINGS', 'that', 'SHINED']",assorted,The box was full of things?,other,y,1,1.256366571997205,026,right,male,English,31,NA,Australia,keypress
53,congruent,"['The', 'TRADIE', 'that the', 'man', 'THANKED', 'left', 'his', 'WALLET', 'in', 'the', 'CAR']",object,The tradie thanked the man?,relative_clause,n,1,2.7604779310022423,026,right,male,English,31,NA,Australia,keypress
54,congruent,"['The', 'BOY', 'that', 'HELPED', 'the', 'GIRL', 'got an', 'A', 'on the', 'TEST']",subject,The girl helped the boy?,relative_clause,n,1,1.691094810001232,026,right,male,English,31,NA,Australia,keypress
55,incongruent,"['THE', 'nurse', 'that the', 'COACH', 'blamed', 'checked', 'THE', 'file', 'of', 'THE', 'gymnast']",object,The nurse checked the file?,main_clause,y,1,2.7079568970002583,026,right,male,English,31,NA,Australia,keypress
56,congruent,"['The', 'DEAN', 'that', 'CALLED', 'the', 'BOY', 'had a', 'VOICE', 'full of', 'ANGER']",subject,The dean called the boy?,relative_clause,y,1,1.005468170002132,026,right,male,English,31,NA,Australia,keypress
57,other,"['The', 'FISH', 'was', 'CAUGHT', 'by the', 'GIRL', 'on the', 'BOAT', 'on a', 'FRIDAY']",assorted,The fish was caught by the boy?,other,n,1,1.2904728110006545,026,right,male,English,31,NA,Australia,keypress
58,other,"['The', 'GIRL', 'kicked the', 'BALL', 'into the', 'WINDOW', 'but it', 'DID', 'not', 'BREAK']",assorted,The girl broke the window?,other,n,1,1.5745002570001816,026,right,male,English,31,NA,Australia,keypress
59,other,"['The', 'BIKE', 'that was', 'YELLOW', 'and', 'SHINY', 'belonged', 'TO', 'the', 'BOY', 'with the', 'HAT']",assorted,The bike was red?,other,n,1,1.0221647679973105,026,right,male,English,31,NA,Australia,keypress
60,incongruent,"['THE', 'car', 'that the', 'TRUCK', 'pulled', 'had', 'A', 'scratch', 'on', 'THE', 'door']",object,The truck had a scratch?,main_clause,n,1,0.8542853690014454,026,right,male,English,31,NA,Australia,keypress
61,incongruent,"['THE', 'fox', 'THAT', 'chased', 'THE', 'wolf', 'HURT ITS', 'paws', 'ON THE', 'way']",subject,The wolf chased the fox?,relative_clause,d,0,4.065037157997722,026,right,male,English,31,NA,Australia,keypress
62,other,"['The', 'GIRL', 'and the', 'BOY', 'that', 'OWNED', 'the', 'HORSE', 'had', 'MUD', 'on their', 'CLOTHES']",assorted,The horse was muddy?,other,n,1,1.4231881640007489,026,right,male,English,31,NA,Australia,keypress
63,congruent,"['The', 'BLOKE', 'that the', 'mum', 'HELPED', 'gave', 'a', 'GIFT', 'to', 'say', 'THANKS']",object,The bloke gave a gift?,main_clause,d,0,3.2781872939995083,026,right,male,English,31,NA,Australia,keypress
64,other,"['The', 'MAN', 'who was', 'SHORT', 'gave his', 'WIFE', 'some red', 'CANDLES', 'for her', 'BIRTHDAY']",assorted,The man was short?,other,y,1,1.957734208001057,026,right,male,English,31,NA,Australia,keypress
65,incongruent,"['THE', 'king', 'that the', 'GUEST', 'pleased', 'poured', 'THE', 'wine', 'from', 'THE', 'jug']",object,The guest poured the wine?,main_clause,n,1,1.173815657999512,026,right,male,English,31,NA,Australia,keypress
66,other,"['The', 'BOOK', 'that the', 'LADY', 'with a', 'TATTOO', 'had', 'WRITTEN', 'was her', 'BEST', 'book', 'YET']",assorted,The lady wrote a book?,other,y,1,1.1723607309977524,026,right,male,English,31,NA,Australia,keypress
67,other,"['The', 'JOB', 'that was', 'GIVEN', 'was', 'DIFFERENT', 'to', 'WHAT', 'she', 'EXPECTED']",assorted,The job was unexpected?,other,y,1,1.2069039289999637,026,right,male,English,31,NA,Australia,keypress
68,incongruent,"['THE', 'friend', 'THAT', 'teased', 'THE', 'bride', 'TOLD A', 'joke', 'ABOUT THE', 'past']",subject,The friend teased the bride?,relative_clause,y,1,1.4907123999983014,026,right,male,English,31,NA,Australia,keypress
69,congruent,"['The', 'PRINCE', 'that the', 'girl', 'HELPED', 'had', 'a', 'HEAD', 'of', 'blonde', 'HAIR']",object,The girl helped the prince?,relative_clause,y,1,1.9423615749983585,026,right,male,English,31,NA,Australia,keypress
70,incongruent,"['THE', 'whale', 'that the', 'SHARK', 'bit', 'won', 'THE', 'fight', 'in', 'THE', 'end']",object,The whale won the fight?,main_clause,y,1,1.322904610002297,026,right,male,English,31,NA,Australia,keypress
71,congruent,"['The', 'SCOUT', 'that the', 'coach', 'PUNCHED', 'had', 'a', 'FIGHT', 'with', 'a', 'MANAGER']",object,The scout punched the coach?,relative_clause,n,1,2.7913449160005257,026,right,male,English,31,NA,Australia,keypress
72,other,"['The', 'BOY', 'who', 'HAD', 'a', 'BIRTHDAY', 'called', 'HIS', 'best', 'FRIEND', 'for a', 'CHAT']",assorted,The boy called his best friend?,other,y,1,1.5072474150001651,026,right,male,English,31,NA,Australia,keypress
73,congruent,"['The', 'BUM', 'that the', 'cop', 'SCARED', 'crossed', 'the', 'STREET', 'at', 'the', 'LIGHT']",object,The bum scared the cop?,relative_clause,n,1,2.3088594590008142,026,right,male,English,31,NA,Australia,keypress
1,incongruent,"['THE', 'nurse', 'that the', 'COACH', 'blamed', 'checked', 'THE', 'file', 'of', 'THE', 'gymnast']",object,The nurse checked the file?,main_clause,n,0,1.6416850250025163,027,right,male,English,NA,NA,Australia,keypress
2,other,"['The', 'WINE', 'that was', 'FANCY', 'was', 'KEPT', 'in the', 'CELLAR', 'for', 'NEARLY', 'ten', 'YEARS', 'and five', 'MONTHS']",assorted,The wine was fancy?,other,y,1,1.4233820749977897,027,right,male,English,NA,NA,Australia,keypress
3,incongruent,"['THE', 'cook', 'THAT', 'hugged', 'THE', 'maid', 'HAD A', 'tear', 'ON HER', 'cheek']",subject,The maid hugged the cook?,relative_clause,n,1,1.8908202670027097,027,right,male,English,NA,NA,Australia,keypress
4,incongruent,"['THE', 'bloke', 'that the', 'MUM', 'helped', 'gave', 'A', 'gift', 'to', 'SAY', 'thanks']",object,The mum helped the bloke?,relative_clause,n,0,2.1589810500008753,027,right,male,English,NA,NA,Australia,keypress
5,other,"['The', 'MAN', 'who was', 'SHORT', 'gave his', 'WIFE', 'some red', 'CANDLES', 'for her', 'BIRTHDAY']",assorted,The man was short?,other,y,1,1.3230467549983589,027,right,male,English,NA,NA,Australia,keypress
6,incongruent,"['THE', 'man', 'that the', 'NURSE', 'phoned', 'left', 'HIS', 'pills', 'at', 'THE', 'office']",object,The nurse phoned the man?,relative_clause,y,1,1.6746823659996153,027,right,male,English,NA,NA,Australia,keypress
7,other,"['The', 'FISH', 'was', 'CAUGHT', 'by the', 'GIRL', 'on the', 'BOAT', 'on a', 'FRIDAY']",assorted,The fish was caught by the girl?,other,y,1,1.7913837150008476,027,right,male,English,NA,NA,Australia,keypress
8,incongruent,"['THE', 'guest', 'that the', 'HOST', 'kissed', 'brought', 'A', 'cake', 'to', 'THE', 'party']",object,The host kissed the guest?,relative_clause,y,1,1.8251073779974831,027,right,male,English,NA,NA,Australia,keypress
9,other,"['The', 'COLOUR', 'of the', 'HOUSE', 'was', 'BRIGHTER', 'than the', 'MEN', 'who travelled', 'EXPECTED']",assorted,The men travelled?,other,y,1,1.908968300002016,027,right,male,English,NA,NA,Australia,keypress
10,other,"['The', 'BOY', 'who', 'HAD', 'a', 'BIRTHDAY', 'called', 'HIS', 'best', 'FRIEND', 'for a', 'CHAT']",assorted,The friend called the boy?,other,n,1,2.5770622080017347,027,right,male,English,NA,NA,Australia,keypress
11,incongruent,"['THE', 'thug', 'THAT', 'saw', 'THE', 'man', 'HAD A', 'hat', 'ON HIS', 'head']",subject,The thug had a hat on his head?,main_clause,y,1,2.1751350649974484,027,right,male,English,NA,NA,Australia,keypress
12,other,"['The', 'CAT', 'chased the', 'BIRD', 'but', 'IT', 'flew', 'AWAY', 'into the', 'SUNSET']",assorted,The cat chased the bird?,other,y,1,1.7913582760011195,027,right,male,English,NA,NA,Australia,keypress
13,other,"['The', 'BOX', 'was', 'MADE', 'from', 'WOOD', 'and was', 'FULL', 'of', 'THINGS', 'that', 'SHINED']",assorted,The box was shiny?,other,n,1,1.808115011001064,027,right,male,English,NA,NA,Australia,keypress
14,incongruent,"['THE', 'cop', 'that the', 'SPY', 'met', 'wrote', 'A', 'book', 'about', 'THE', 'case']",object,The cop wrote a book?,main_clause,y,1,2.1917219489987474,027,right,male,English,NA,NA,Australia,keypress
15,incongruent,"['THE', 'car', 'THAT', 'pulled', 'THE', 'truck', 'HAD A', 'scratch', 'ON THE', 'door']",subject,The car pulled the truck?,relative_clause,y,1,2.1058335000016086,027,right,male,English,NA,NA,Australia,keypress
16,incongruent,"['THE', 'boat', 'THAT', 'chased', 'THE', 'yacht', 'MADE A', 'turn', 'AT THE', 'boathouse']",subject,The yacht made a turn?,main_clause,y,0,0.9888407900034508,027,right,male,English,NA,NA,Australia,keypress
17,congruent,"['The', 'THIEF', 'that the', 'guard', 'SAW', 'had', 'a', 'GUN', 'in', 'his', 'HOLSTER']",object,The guard had a gun?,main_clause,y,0,1.5905787280025834,027,right,male,English,NA,NA,Australia,keypress
18,other,"['The', 'GIRL', 'on', 'THE', 'school', 'TRIP', 'saw a', 'FROG', 'and', 'LATER', 'she', 'SAW', 'a', 'MOUSE']",assorted,The girl saw a frog?,other,y,1,1.2559170320018893,027,right,male,English,NA,NA,Australia,keypress
19,congruent,"['The', 'NIECE', 'that', 'KISSED', 'the', 'AUNT', 'sang a', 'SONG', 'for the', 'GUESTS']",subject,The aunt kissed the niece?,relative_clause,y,0,2.1920416000029945,027,right,male,English,NA,NA,Australia,keypress
20,congruent,"['The', 'DEAN', 'that the', 'guard', 'HEARD', 'made', 'a', 'CALL', 'about', 'the', 'MATTER']",object,The dean made a call?,main_clause,y,1,1.5406430270013516,027,right,male,English,NA,NA,Australia,keypress
21,congruent,"['The', 'SHELF', 'that', 'BUMPED', 'the', 'PIANO', 'had some', 'DUST', 'on its', 'TOP']",subject,The piano bumped the shelf?,relative_clause,n,1,2.826628932998574,027,right,male,English,NA,NA,Australia,keypress
22,incongruent,"['THE', 'cat', 'that the', 'DOG', 'fought', 'licked', 'ITS', 'wounds', 'in', 'THE', 'corner']",object,The cat fought the dog?,relative_clause,y,0,2.0919150709996757,027,right,male,English,NA,NA,Australia,keypress
23,congruent,"['The', 'SCOUT', 'that the', 'coach', 'PUNCHED', 'had', 'a', 'FIGHT', 'with', 'a', 'MANAGER']",object,The scout punched the coach?,relative_clause,n,1,2.259223364999343,027,right,male,English,NA,NA,Australia,keypress
24,other,"['The', 'BOOK', 'that the', 'LADY', 'with a', 'TATTOO', 'had', 'WRITTEN', 'was her', 'BEST', 'book', 'YET']",assorted,The man wrote a book?,other,d,0,2.7771393340008217,027,right,male,English,NA,NA,Australia,keypress
25,other,"['The', 'JOB', 'that was', 'GIVEN', 'was', 'DIFFERENT', 'to', 'WHAT', 'she', 'EXPECTED']",assorted,The job was unexpected?,other,y,1,1.5234154440004204,027,right,male,English,NA,NA,Australia,keypress
26,other,"['The', 'DESSERT', 'was', 'SERVED', 'with', 'CUSTARD', 'and', 'FRUIT', 'then', 'THERE', 'was', 'COFFEE']",assorted,The coffee was after dessert?,other,y,1,2.158855965000839,027,right,male,English,NA,NA,Australia,keypress
27,congruent,"['The', 'BOSS', 'that the', 'clerk', 'MOCKED', 'had', 'a', 'CRUSH', 'on', 'the', 'INTERN']",object,The boss mocked the clerk?,relative_clause,n,1,3.2440723510007956,027,right,male,English,NA,NA,Australia,keypress
28,congruent,"['The', 'KID', 'that the', 'dad', 'FOLLOWED', 'had', 'some', 'MUD', 'on', 'his', 'SHOES']",object,The dad followed the kid?,relative_clause,n,0,1.2399053850022028,027,right,male,English,NA,NA,Australia,keypress
29,congruent,"['The', 'MAID', 'that', 'LOVED', 'the', 'CHEF', 'quit the', 'JOB', 'at the', 'HOUSE']",subject,The chef quit the job?,main_clause,n,1,3.579765441001655,027,right,male,English,NA,NA,Australia,keypress
30,incongruent,"['THE', 'count', 'THAT', 'knew', 'THE', 'queen', 'OWNED A', 'castle', 'BY THE', 'lake']",subject,The count owned a castle?,main_clause,y,1,2.590085303003434,027,right,male,English,NA,NA,Australia,keypress
31,congruent,"['The', 'PRIEST', 'that', 'PAID', 'the', 'COOK', 'signed the', 'CHECK', 'at the', 'BANK']",subject,The priest paid the cook?,relative_clause,n,0,2.139626254000177,027,right,male,English,NA,NA,Australia,keypress
32,incongruent,"['THE', 'king', 'THAT', 'pleased', 'THE', 'guest', 'POURED THE', 'wine', 'FROM THE', 'jug']",subject,The guest pleased the king?,relative_clause,y,0,2.760291328002495,027,right,male,English,NA,NA,Australia,keypress
33,incongruent,"['THE', 'truck', 'that the', 'CAR', 'bumped', 'had', 'A', 'man', 'at', 'THE', 'wheel']",object,The truck bumped the car?,relative_clause,y,0,1.005946812001639,027,right,male,English,NA,NA,Australia,keypress
34,congruent,"['The', 'BUM', 'that', 'SCARED', 'the', 'COP', 'crossed the', 'STREET', 'at the', 'LIGHT']",subject,The cop crossed the street?,main_clause,n,1,1.7084857570007443,027,right,male,English,NA,NA,Australia,keypress
35,other,"['The', 'DOG', 'that', 'BARKED', 'is very', 'BIG', 'and very', 'FRIENDLY', 'but', 'DOESN’T', 'like', 'CATS']",assorted,The dog is very fluffy?,other,n,1,1.5905286320012235,027,right,male,English,NA,NA,Australia,keypress
36,incongruent,"['THE', 'desk', 'THAT', 'scratched', 'THE', 'bed', 'WAS TOO', 'old', 'TO BE', 'moved']",subject,The desk scratched the bed?,relative_clause,y,1,2.4764941510002245,027,right,male,English,NA,NA,Australia,keypress
37,incongruent,"['THE', 'boy', 'that the', 'GIRL', 'helped', 'got', 'AN', 'A', 'on', 'THE', 'test']",object,The girl got an A?,main_clause,n,1,2.309169002000999,027,right,male,English,NA,NA,Australia,keypress
38,incongruent,"['THE', 'rod', 'that the', 'PIPE', 'bent', 'had', 'A', 'hole', 'in', 'THE', 'middle']",object,The rod had a hole?,main_clause,y,1,3.1607551369997964,027,right,male,English,NA,NA,Australia,keypress
39,congruent,"['The', 'FRIEND', 'that', 'TEASED', 'the', 'BRIDE', 'told a', 'JOKE', 'about the', 'PAST']",subject,The friend teased the bride?,relative_clause,y,1,1.7246413939974443,027,right,male,English,NA,NA,Australia,keypress
40,congruent,"['The', 'SAILOR', 'that the', 'banker', 'PUSHED', 'hurt', 'his', 'FOOT', 'in', 'the', 'BRAWL']",object,The banker hurt his foot?,main_clause,n,1,2.876817155000026,027,right,male,English,NA,NA,Australia,keypress
41,incongruent,"['THE', 'bug', 'that the', 'ANT', 'attacked', 'was', 'AS', 'big', 'as', 'A', 'coin']",object,The ant was as big as a coin?,main_clause,n,1,2.391991289001453,027,right,male,English,NA,NA,Australia,keypress
42,other,"['The', 'CONCERT', 'started', 'LATER', 'than', 'WHAT', 'the', 'LADY', 'told the', 'TRAVELER']",assorted,The concert started later than the travellers expected?,other,y,1,4.096651100000599,027,right,male,English,NA,NA,Australia,keypress
43,other,"['The', 'MAN', 'was very', 'HUNGRY', 'after the', 'MEETING', 'so', 'HAD', 'lunch', 'EARLY']",assorted,The man was hungry?,other,y,1,2.7103261230004136,027,right,male,English,NA,NA,Australia,keypress
44,congruent,"['The', 'DEAN', 'that', 'CALLED', 'the', 'BOY', 'had a', 'VOICE', 'full of', 'ANGER']",subject,The dean had a voice full of anger?,main_clause,y,1,2.6276347229977546,027,right,male,English,NA,NA,Australia,keypress
45,other,"['The', 'DESK', 'was', 'NEW', 'but', 'DUSTY', 'and', 'COVERED', 'with old', 'BOOKS']",assorted,The desk was old?,other,n,1,4.765313941999921,027,right,male,English,NA,NA,Australia,keypress
46,other,"['The', 'GIRL', 'kicked the', 'BALL', 'into the', 'WINDOW', 'but it', 'DID', 'not', 'BREAK']",assorted,The girl broke the window?,other,n,1,5.416855286999635,027,right,male,English,NA,NA,Australia,keypress
47,other,"['The', 'APPLES', 'that', 'THE', 'couple', 'BOUGHT', 'at the', 'MARKET', 'were', 'RED']",assorted,The couple bought green apples?,other,n,1,1.206656575002853,027,right,male,English,NA,NA,Australia,keypress
48,congruent,"['The', 'PRINCE', 'that the', 'girl', 'HELPED', 'had', 'a', 'HEAD', 'of', 'blonde', 'HAIR']",object,The girl helped the prince?,relative_clause,y,1,2.3762399300030665,027,right,male,English,NA,NA,Australia,keypress
49,other,"['The', 'CUP', 'was', 'MADE', 'from green', 'PLASTIC', 'and was', 'FILLED', 'with', 'JUICE']",assorted,The cup was full of green juice?,other,y,0,1.4064390949970402,027,right,male,English,NA,NA,Australia,keypress
50,incongruent,"['THE', 'clerk', 'that the', 'BOSS', 'liked', 'had', 'A', 'desk', 'by', 'THE', 'window']",object,The boss had a desk by the window?,main_clause,n,1,1.4056906520017949,027,right,male,English,NA,NA,Australia,keypress
51,other,"['The', 'RING', 'that', 'WAS', 'sadly', 'LOST', 'was', 'FOUND', 'by the', 'FAT', 'and', 'VERY', 'happy', 'PRIEST']",assorted,The priest was sad?,other,n,1,1.5901091400010046,027,right,male,English,NA,NA,Australia,keypress
52,congruent,"['The', 'NUN', 'that the', 'monk', 'BLESSED', 'lit', 'a', 'CANDLE', 'on', 'the', 'TABLE']",object,The nun lit a candle?,main_clause,y,1,0.9224401569990732,027,right,male,English,NA,NA,Australia,keypress
53,congruent,"['The', 'PRIEST', 'that', 'THANKED', 'the', 'NUN', 'left the', 'CHURCH', 'in a', 'HURRY']",subject,The priest thanked the nun?,relative_clause,y,1,1.72445889699884,027,right,male,English,NA,NA,Australia,keypress
54,congruent,"['The', 'GUY', 'that', 'THANKED', 'the', 'JUDGE', 'left the', 'ROOM', 'with a', 'SMILE']",subject,The guy left the room?,main_clause,y,1,1.657465239000885,027,right,male,English,NA,NA,Australia,keypress
55,congruent,"['The', 'CROOK', 'that the', 'thief', 'WARNED', 'fled', 'the', 'TOWN', 'the', 'next', 'MORNING']",object,The thief warned the crook?,relative_clause,y,1,1.772155571001349,027,right,male,English,NA,NA,Australia,keypress
56,incongruent,"['THE', 'tradie', 'that the', 'MAN', 'thanked', 'left', 'HIS', 'wallet', 'in', 'THE', 'car']",object,The tradie thanked the man?,relative_clause,y,0,1.8244610780020591,027,right,male,English,NA,NA,Australia,keypress
57,incongruent,"['THE', 'fox', 'THAT', 'chased', 'THE', 'wolf', 'HURT ITS', 'paws', 'ON THE', 'way']",subject,The wolf chased the fox?,relative_clause,y,0,2.507265827000083,027,right,male,English,NA,NA,Australia,keypress
58,incongruent,"['THE', 'hat', 'THAT', 'matched', 'THE', 'skirt', 'HAD A', 'bow', 'IN THE', 'back']",subject,The hat matched the skirt?,relative_clause,y,1,1.1385768910004117,027,right,male,English,NA,NA,Australia,keypress
59,incongruent,"['THE', 'knight', 'THAT', 'helped', 'THE', 'king', 'SENT A', 'gift', 'FROM HIS', 'castle']",subject,The king sent a gift?,main_clause,y,0,2.611112422997394,027,right,male,English,NA,NA,Australia,keypress
60,other,"['The', 'HAT', 'that was', 'WORN', 'by the', 'BOY', 'with a', 'JACKET', 'was too', 'SMALL', 'for the', 'MAN']",assorted,The jacket was too small?,other,n,1,1.8923112619995663,027,right,male,English,NA,NA,Australia,keypress
61,congruent,"['The', 'DAD', 'that', 'KNEW', 'the', 'CHEF', 'had a', 'SON', 'with a', 'LIMP']",subject,The dad had a son with a limp?,main_clause,n,0,1.4561329310017754,027,right,male,English,NA,NA,Australia,keypress
62,other,"['The', 'CAR', 'that was', 'NEW', 'had', 'JUST', 'been', 'CLEANED', 'by', 'THE', 'old', 'LADY']",assorted,The car was old?,other,y,0,2.3590764779983147,027,right,male,English,NA,NA,Australia,keypress
63,incongruent,"['THE', 'fruit', 'THAT', 'squashed', 'THE', 'cake', 'MADE A', 'mess', 'IN THE', 'bag']",subject,The fruit made a mess?,main_clause,y,1,1.1729385559992809,027,right,male,English,NA,NA,Australia,keypress
64,congruent,"['The', 'CHIEF', 'that the', 'girl', 'THANKED', 'was', 'too', 'LATE', 'for', 'the', 'BUS']",object,The girl was too late?,main_clause,n,1,2.543808688002173,027,right,male,English,NA,NA,Australia,keypress
65,congruent,"['The', 'WHALE', 'that the', 'shark', 'BIT', 'won', 'the', 'FIGHT', 'in', 'the', 'END']",object,The whale won the fight?,main_clause,y,1,1.2556540930017943,027,right,male,English,NA,NA,Australia,keypress
66,other,"['The', 'PIANO', 'was well', 'PLAYED', 'by', 'THE', 'old', 'LADY', 'but', 'IT', 'was', 'NOT', 'in', 'TUNE']",assorted,The piano was well played?,other,y,1,0.8897978050008533,027,right,male,English,NA,NA,Australia,keypress
67,other,"['The', 'BIKE', 'that was', 'YELLOW', 'and', 'SHINY', 'belonged', 'TO', 'the', 'BOY', 'with the', 'HAT']",assorted,The bike was shiny?,other,y,1,1.3905780049972236,027,right,male,English,NA,NA,Australia,keypress
68,congruent,"['The', 'DANCER', 'that the', 'guy', 'LIKED', 'was', 'a', 'CHEF', 'in', 'the', 'CITY']",object,The dancer liked the guy?,relative_clause,y,0,2.2432440709999355,027,right,male,English,NA,NA,Australia,keypress
69,congruent,"['The', 'GROOM', 'that', 'CHARMED', 'the', 'AUNT', 'raised a', 'TOAST', 'to the', 'PARENTS']",subject,The aunt charmed the groom?,relative_clause,n,1,1.857354170999315,027,right,male,English,NA,NA,Australia,keypress
70,congruent,"['The', 'GIRL', 'that', 'PUSHED', 'the', 'NERD', 'broke the', 'VASE', 'with the', 'FLOWERS']",subject,The nerd broke the vase?,main_clause,n,1,1.6911112089983362,027,right,male,English,NA,NA,Australia,keypress
71,incongruent,"['THE', 'owl', 'THAT', 'scared', 'THE', 'bat', 'MADE A', 'loop', 'IN THE', 'air']",subject,The bat made a loop?,main_clause,n,1,1.8743077639992407,027,right,male,English,NA,NA,Australia,keypress
72,other,"['The', 'GIRL', 'and the', 'BOY', 'that', 'OWNED', 'the', 'HORSE', 'had', 'MUD', 'on their', 'CLOTHES']",assorted,The boy and girl own a horse?,other,y,1,1.340391969999473,027,right,male,English,NA,NA,Australia,keypress
73,other,"['The', 'BOSS', 'was', 'HAPPY', 'to', 'SEE', 'the', 'WORK', 'that', 'THE', 'two', 'GIRLS', 'had', 'DONE']",assorted,The girls were happy?,other,n,1,1.0553681629971834,027,right,male,English,NA,NA,Australia,keypress
1,incongruent,"['THE', 'whale', 'that the', 'SHARK', 'bit', 'won', 'THE', 'fight', 'in', 'THE', 'end']",object,The whale won the fight?,main_clause,d,0,2.3716380320001917,028,right,male,English,32,NA,Australia,keypress
2,other,"['The', 'BOSS', 'was', 'HAPPY', 'to', 'SEE', 'the', 'WORK', 'that', 'THE', 'two', 'GIRLS', 'had', 'DONE']",assorted,The girls were happy?,other,n,1,1.1376161350017355,028,right,male,English,32,NA,Australia,keypress
3,other,"['The', 'HAT', 'that was', 'WORN', 'by the', 'BOY', 'with a', 'JACKET', 'was too', 'SMALL', 'for the', 'MAN']",assorted,The jacket was too small?,other,y,0,2.923231148997729,028,right,male,English,32,NA,Australia,keypress
4,congruent,"['The', 'BOAT', 'that', 'CHASED', 'the', 'YACHT', 'made a', 'TURN', 'at the', 'BOATHOUSE']",subject,The boat made a turn?,main_clause,y,1,2.4721627609978896,028,right,male,English,32,NA,Australia,keypress
5,incongruent,"['THE', 'fruit', 'THAT', 'squashed', 'THE', 'cake', 'MADE A', 'mess', 'IN THE', 'bag']",subject,The fruit made a mess?,main_clause,y,1,5.307876342001691,028,right,male,English,32,NA,Australia,keypress
6,incongruent,"['THE', 'nun', 'that the', 'MONK', 'blessed', 'lit', 'A', 'candle', 'on', 'THE', 'table']",object,The monk blessed the nun?,relative_clause,n,0,7.858862938999664,028,right,male,English,32,NA,Australia,keypress
7,other,"['The', 'RING', 'that', 'WAS', 'sadly', 'LOST', 'was', 'FOUND', 'by the', 'FAT', 'and', 'VERY', 'happy', 'PRIEST']",assorted,The priest was sad?,other,n,1,1.7675071619996745,028,right,male,English,32,NA,Australia,keypress
8,congruent,"['The', 'DANCER', 'that the', 'guy', 'LIKED', 'was', 'a', 'CHEF', 'in', 'the', 'CITY']",object,The guy was a chef?,main_clause,y,0,3.223196412000106,028,right,male,English,32,NA,Australia,keypress
9,congruent,"['The', 'TRADIE', 'that', 'THANKED', 'the', 'MAN', 'left his', 'WALLET', 'in the', 'CAR']",subject,The man thanked the tradie?,relative_clause,y,0,1.3018811199981428,028,right,male,English,32,NA,Australia,keypress
10,other,"['The', 'BOOK', 'that the', 'LADY', 'with a', 'TATTOO', 'had', 'WRITTEN', 'was her', 'BEST', 'book', 'YET']",assorted,The man wrote a book?,other,n,1,1.037237570999423,028,right,male,English,32,NA,Australia,keypress
11,incongruent,"['THE', 'friend', 'THAT', 'teased', 'THE', 'bride', 'TOLD A', 'joke', 'ABOUT THE', 'past']",subject,The friend teased the bride?,relative_clause,n,0,2.6061364359993604,028,right,male,English,32,NA,Australia,keypress
12,other,"['The', 'WINE', 'that was', 'FANCY', 'was', 'KEPT', 'in the', 'CELLAR', 'for', 'NEARLY', 'ten', 'YEARS', 'and five', 'MONTHS']",assorted,The wine was fancy?,other,y,1,0.9549334999974236,028,right,male,English,32,NA,Australia,keypress
13,other,"['The', 'PIANO', 'was well', 'PLAYED', 'by', 'THE', 'old', 'LADY', 'but', 'IT', 'was', 'NOT', 'in', 'TUNE']",assorted,The piano was well played?,other,y,1,1.372022980998736,028,right,male,English,32,NA,Australia,keypress
14,other,"['The', 'CAR', 'that was', 'NEW', 'had', 'JUST', 'been', 'CLEANED', 'by', 'THE', 'old', 'LADY']",assorted,The car was new?,other,y,1,0.7873794209990592,028,right,male,English,32,NA,Australia,keypress
15,congruent,"['The', 'PRINCE', 'that', 'HELPED', 'the', 'GIRL', 'had a', 'HEAD', 'of blonde', 'HAIR']",subject,The girl had blonde hair?,main_clause,y,0,3.639420157000131,028,right,male,English,32,NA,Australia,keypress
16,incongruent,"['THE', 'niece', 'THAT', 'kissed', 'THE', 'aunt', 'SANG A', 'song', 'FOR THE', 'guests']",subject,The aunt kissed the niece?,relative_clause,n,1,3.5059512219995668,028,right,male,English,32,NA,Australia,keypress
17,congruent,"['The', 'COUNT', 'that', 'KNEW', 'the', 'QUEEN', 'owned a', 'CASTLE', 'by the', 'LAKE']",subject,The count owned a castle?,main_clause,y,1,1.9897823329993116,028,right,male,English,32,NA,Australia,keypress
18,incongruent,"['THE', 'car', 'that the', 'TRUCK', 'pulled', 'had', 'A', 'scratch', 'on', 'THE', 'door']",object,The car had a scratch?,main_clause,n,0,3.2221268210014387,028,right,male,English,32,NA,Australia,keypress
19,other,"['The', 'DOG', 'that', 'BARKED', 'is very', 'BIG', 'and very', 'FRIENDLY', 'but', 'DOESN’T', 'like', 'CATS']",assorted,The dog is very fluffy?,other,d,0,1.9542346240014012,028,right,male,English,32,NA,Australia,keypress
20,incongruent,"['THE', 'maid', 'THAT', 'loved', 'THE', 'chef', 'QUIT THE', 'job', 'AT THE', 'house']",subject,The maid quit the job?,main_clause,y,1,1.6538425450016805,028,right,male,English,32,NA,Australia,keypress
21,congruent,"['The', 'SAILOR', 'that', 'PUSHED', 'the', 'BANKER', 'hurt his', 'FOOT', 'in the', 'BRAWL']",subject,The banker hurt his foot?,main_clause,n,1,1.470977128999948,028,right,male,English,32,NA,Australia,keypress
22,congruent,"['The', 'BUM', 'that the', 'cop', 'SCARED', 'crossed', 'the', 'STREET', 'at', 'the', 'LIGHT']",object,The cop crossed the street?,main_clause,n,1,3.706090438998217,028,right,male,English,32,NA,Australia,keypress
23,congruent,"['The', 'CAT', 'that the', 'dog', 'FOUGHT', 'licked', 'its', 'WOUNDS', 'in', 'the', 'CORNER']",object,The cat fought the dog?,relative_clause,n,1,2.7051319209967915,028,right,male,English,32,NA,Australia,keypress
24,congruent,"['The', 'OWL', 'that the', 'bat', 'SCARED', 'made', 'a', 'LOOP', 'in', 'the', 'AIR']",object,The bat scared the owl?,relative_clause,y,1,1.3391203569990466,028,right,male,English,32,NA,Australia,keypress
25,other,"['The', 'JOB', 'that was', 'GIVEN', 'was', 'DIFFERENT', 'to', 'WHAT', 'she', 'EXPECTED']",assorted,The job was unexpected?,other,y,1,2.706158813998627,028,right,male,English,32,NA,Australia,keypress
26,other,"['The', 'COLOUR', 'of the', 'HOUSE', 'was', 'BRIGHTER', 'than the', 'MEN', 'who travelled', 'EXPECTED']",assorted,The men were colourfully dressed?,other,n,1,1.3538944799984165,028,right,male,English,32,NA,Australia,keypress
27,other,"['The', 'CUP', 'was', 'MADE', 'from green', 'PLASTIC', 'and was', 'FILLED', 'with', 'JUICE']",assorted,The cup was full of green juice?,other,y,0,1.3711596089997329,028,right,male,English,32,NA,Australia,keypress
28,incongruent,"['THE', 'kid', 'that the', 'DAD', 'followed', 'had', 'SOME', 'mud', 'on', 'HIS', 'shoes']",object,The kid had some mud on his shoes?,main_clause,y,1,3.489383170999645,028,right,male,English,32,NA,Australia,keypress
29,other,"['The', 'CONCERT', 'started', 'LATER', 'than', 'WHAT', 'the', 'LADY', 'told the', 'TRAVELER']",assorted,The concert started later than the travellers expected?,other,y,1,1.5368761089994225,028,right,male,English,32,NA,Australia,keypress
30,congruent,"['The', 'DESK', 'that the', 'bed', 'SCRATCHED', 'was', 'too', 'OLD', 'to', 'be', 'MOVED']",object,The desk was too old?,main_clause,n,0,2.138683024000784,028,right,male,English,32,NA,Australia,keypress
31,incongruent,"['THE', 'dean', 'THAT', 'heard', 'THE', 'guard', 'MADE A', 'call', 'ABOUT THE', 'matter']",subject,The guard made a call?,main_clause,y,0,4.374333972999011,028,right,male,English,32,NA,Australia,keypress
32,congruent,"['The', 'COOK', 'that', 'HUGGED', 'the', 'MAID', 'had a', 'TEAR', 'on her', 'CHEEK']",subject,The cook hugged the maid?,relative_clause,n,0,4.622961056000349,028,right,male,English,32,NA,Australia,keypress
33,other,"['The', 'DESSERT', 'was', 'SERVED', 'with', 'CUSTARD', 'and', 'FRUIT', 'then', 'THERE', 'was', 'COFFEE']",assorted,The coffee was after dessert?,other,n,0,3.0886952189976,028,right,male,English,32,NA,Australia,keypress
34,other,"['The', 'GIRL', 'kicked the', 'BALL', 'into the', 'WINDOW', 'but it', 'DID', 'not', 'BREAK']",assorted,The girl broke the window?,other,n,1,1.3051951240013295,028,right,male,English,32,NA,Australia,keypress
35,congruent,"['The', 'ROD', 'that the', 'pipe', 'BENT', 'had', 'a', 'HOLE', 'in', 'the', 'MIDDLE']",object,The pipe bent the rod?,relative_clause,d,0,7.509230390998709,028,right,male,English,32,NA,Australia,keypress
36,incongruent,"['THE', 'guy', 'THAT', 'thanked', 'THE', 'judge', 'LEFT THE', 'room', 'WITH A', 'smile']",subject,The judge thanked the guy?,relative_clause,y,0,11.06375359699814,028,right,male,English,32,NA,Australia,keypress
37,incongruent,"['THE', 'thug', 'that the', 'MAN', 'saw', 'had', 'A', 'hat', 'on', 'HIS', 'head']",object,The man saw the thug?,relative_clause,y,1,5.191699194001558,028,right,male,English,32,NA,Australia,keypress
38,other,"['The', 'GIRL', 'on', 'THE', 'school', 'TRIP', 'saw a', 'FROG', 'and', 'LATER', 'she', 'SAW', 'a', 'MOUSE']",assorted,The girl saw a frog?,other,y,1,3.970577793999837,028,right,male,English,32,NA,Australia,keypress
39,congruent,"['The', 'KING', 'that the', 'guest', 'PLEASED', 'poured', 'the', 'WINE', 'from', 'the', 'JUG']",object,The king pleased the guest?,relative_clause,y,0,8.391007000001991,028,right,male,English,32,NA,Australia,keypress
40,incongruent,"['THE', 'shelf', 'THAT', 'bumped', 'THE', 'piano', 'HAD SOME', 'dust', 'ON ITS', 'top']",subject,The piano had dust on its top?,main_clause,n,1,1.8709533520013792,028,right,male,English,32,NA,Australia,keypress
41,congruent,"['The', 'FOX', 'that the', 'wolf', 'CHASED', 'hurt', 'its', 'PAWS', 'on', 'the', 'WAY']",object,The fox hurt its paws?,main_clause,y,1,3.839570112999354,028,right,male,English,32,NA,Australia,keypress
42,incongruent,"['THE', 'crook', 'THAT', 'warned', 'THE', 'thief', 'FLED THE', 'town', 'THE NEXT', 'morning']",subject,The crook warned the thief?,relative_clause,y,1,5.624346544002037,028,right,male,English,32,NA,Australia,keypress
43,incongruent,"['THE', 'priest', 'THAT', 'thanked', 'THE', 'nun', 'LEFT THE', 'church', 'IN A', 'hurry']",subject,The nun left the church?,main_clause,n,1,3.0557648860012705,028,right,male,English,32,NA,Australia,keypress
44,other,"['The', 'FISH', 'was', 'CAUGHT', 'by the', 'GIRL', 'on the', 'BOAT', 'on a', 'FRIDAY']",assorted,The fish was caught by the girl?,other,y,1,0.8370466569976998,028,right,male,English,32,NA,Australia,keypress
45,other,"['The', 'MAN', 'who was', 'SHORT', 'gave his', 'WIFE', 'some red', 'CANDLES', 'for her', 'BIRTHDAY']",assorted,The man was short?,other,n,0,1.4043059539981186,028,right,male,English,32,NA,Australia,keypress
46,congruent,"['The', 'CHIEF', 'that the', 'girl', 'THANKED', 'was', 'too', 'LATE', 'for', 'the', 'BUS']",object,The girl was too late?,main_clause,n,1,2.7558252369999536,028,right,male,English,32,NA,Australia,keypress
47,other,"['The', 'BIKE', 'that was', 'YELLOW', 'and', 'SHINY', 'belonged', 'TO', 'the', 'BOY', 'with the', 'HAT']",assorted,The bike was shiny?,other,y,1,2.2217063880016212,028,right,male,English,32,NA,Australia,keypress
48,congruent,"['The', 'TRUCK', 'that the', 'car', 'BUMPED', 'had', 'a', 'MAN', 'at', 'the', 'WHEEL']",object,The truck had a man at the wheel?,main_clause,n,0,4.441372104000038,028,right,male,English,32,NA,Australia,keypress
49,other,"['The', 'MAN', 'was very', 'HUNGRY', 'after the', 'MEETING', 'so', 'HAD', 'lunch', 'EARLY']",assorted,The boy was hungry?,other,n,1,1.3715564800004358,028,right,male,English,32,NA,Australia,keypress
50,congruent,"['The', 'NURSE', 'that', 'BLAMED', 'the', 'COACH', 'checked the', 'FILE', 'of the', 'GYMNAST']",subject,The coach checked the file?,main_clause,n,1,1.1170247449990711,028,right,male,English,32,NA,Australia,keypress
51,congruent,"['The', 'SCOUT', 'that the', 'coach', 'PUNCHED', 'had', 'a', 'FIGHT', 'with', 'a', 'MANAGER']",object,The scout punched the coach?,relative_clause,n,1,6.871446482000465,028,right,male,English,32,NA,Australia,keypress
52,incongruent,"['THE', 'groom', 'that the', 'AUNT', 'charmed', 'raised', 'A', 'toast', 'to', 'THE', 'parents']",object,The groom charmed the aunt?,relative_clause,n,1,1.7853130100011183,028,right,male,English,32,NA,Australia,keypress
53,other,"['The', 'DESK', 'was', 'NEW', 'but', 'DUSTY', 'and', 'COVERED', 'with old', 'BOOKS']",assorted,The desk was new?,other,y,1,0.8703258109999297,028,right,male,English,32,NA,Australia,keypress
54,other,"['The', 'BOY', 'who', 'HAD', 'a', 'BIRTHDAY', 'called', 'HIS', 'best', 'FRIEND', 'for a', 'CHAT']",assorted,The boy called his best friend?,other,y,1,2.605071112997394,028,right,male,English,32,NA,Australia,keypress
55,incongruent,"['THE', 'dad', 'that the', 'CHEF', 'knew', 'had', 'A', 'son', 'with', 'A', 'limp']",object,The chef knew the dad?,relative_clause,y,1,4.557718375999684,028,right,male,English,32,NA,Australia,keypress
56,congruent,"['The', 'HAT', 'that', 'MATCHED', 'the', 'SKIRT', 'had a', 'BOW', 'in the', 'BACK']",subject,The hat matched the skirt?,relative_clause,y,1,0.8205820550028875,028,right,male,English,32,NA,Australia,keypress
57,congruent,"['The', 'PRIEST', 'that', 'PAID', 'the', 'COOK', 'signed the', 'CHECK', 'at the', 'BANK']",subject,The cook paid the priest?,relative_clause,n,1,1.387560515999212,028,right,male,English,32,NA,Australia,keypress
58,other,"['The', 'GIRL', 'and the', 'BOY', 'that', 'OWNED', 'the', 'HORSE', 'had', 'MUD', 'on their', 'CLOTHES']",assorted,The horse was muddy?,other,n,1,2.272567337997316,028,right,male,English,32,NA,Australia,keypress
59,incongruent,"['THE', 'girl', 'that the', 'NERD', 'thanked', 'broke', 'THE', 'vase', 'with', 'THE', 'flowers']",object,The nerd broke the vase?,main_clause,y,0,4.389791053999943,028,right,male,English,32,NA,Australia,keypress
60,other,"['The', 'CAT', 'chased the', 'BIRD', 'but', 'IT', 'flew', 'AWAY', 'into the', 'SUNSET']",assorted,The cat chased the bird?,other,y,1,2.1023140819997934,028,right,male,English,32,NA,Australia,keypress
61,congruent,"['The', 'BOY', 'that', 'HELPED', 'the', 'GIRL', 'got an', 'A', 'on the', 'TEST']",subject,The boy got an A?,main_clause,y,1,3.1223977970003034,028,right,male,English,32,NA,Australia,keypress
62,congruent,"['The', 'KNIGHT', 'that', 'HELPED', 'the', 'KING', 'sent a', 'GIFT', 'from his', 'CASTLE']",subject,The knight helped the king?,relative_clause,y,1,1.1708291989998545,028,right,male,English,32,NA,Australia,keypress
63,other,"['The', 'BOX', 'was', 'MADE', 'from', 'WOOD', 'and was', 'FULL', 'of', 'THINGS', 'that', 'SHINED']",assorted,The box was shiny?,other,n,1,0.7706279230005748,028,right,male,English,32,NA,Australia,keypress
64,incongruent,"['THE', 'cop', 'that the', 'SPY', 'met', 'wrote', 'A', 'book', 'about', 'THE', 'case']",object,The cop met the spy?,relative_clause,y,0,9.060639762999926,028,right,male,English,32,NA,Australia,keypress
65,incongruent,"['THE', 'man', 'that the', 'NURSE', 'phoned', 'left', 'HIS', 'pills', 'at', 'THE', 'office']",object,The nurse left the pills?,main_clause,y,0,5.74162004900063,028,right,male,English,32,NA,Australia,keypress
66,congruent,"['The', 'BLOKE', 'that the', 'mum', 'HELPED', 'gave', 'a', 'GIFT', 'to', 'say', 'THANKS']",object,The mum helped the bloke?,relative_clause,y,1,1.4521912380005233,028,right,male,English,32,NA,Australia,keypress
67,congruent,"['The', 'BOSS', 'that', 'MOCKED', 'the', 'CLERK', 'had a', 'CRUSH', 'on the', 'INTERN']",subject,The clerk mocked the boss?,relative_clause,y,0,2.9059031450015027,028,right,male,English,32,NA,Australia,keypress
68,incongruent,"['THE', 'dean', 'THAT', 'called', 'THE', 'boy', 'HAD A', 'voice', 'FULL OF', 'anger']",subject,The dean had a voice full of anger?,main_clause,y,1,1.4717916379995586,028,right,male,English,32,NA,Australia,keypress
69,other,"['The', 'APPLES', 'that', 'THE', 'couple', 'BOUGHT', 'at the', 'MARKET', 'were', 'RED']",assorted,The couple bought green apples?,other,y,0,0.767445471999963,028,right,male,English,32,NA,Australia,keypress
70,incongruent,"['THE', 'bug', 'THAT', 'attacked', 'THE', 'ant', 'WAS AS', 'big', 'AS A', 'coin']",subject,The ant attacked the bug?,relative_clause,n,1,2.889127340000414,028,right,male,English,32,NA,Australia,keypress
71,incongruent,"['THE', 'guest', 'THAT', 'kissed', 'THE', 'host', 'BROUGHT A', 'cake', 'TO THE', 'party']",subject,The guest kissed the host?,relative_clause,n,0,9.060151829999086,028,right,male,English,32,NA,Australia,keypress
72,incongruent,"['THE', 'clerk', 'that the', 'BOSS', 'liked', 'had', 'A', 'desk', 'by', 'THE', 'window']",object,The clerk liked the boss?,relative_clause,y,0,6.292804718999832,028,right,male,English,32,NA,Australia,keypress
73,incongruent,"['THE', 'thief', 'that the', 'GUARD', 'saw', 'had', 'A', 'gun', 'in', 'HIS', 'holster']",object,The guard had a gun?,main_clause,n,1,3.8559127190019353,028,right,male,English,32,NA,Australia,keypress
1,congruent,"['The', 'WHALE', 'that', 'BIT', 'the', 'SHARK', 'won the', 'FIGHT', 'in the', 'END']",subject,The whale won the fight?,main_clause,y,1,2.1257013219874352,029,right,male,English,28,NA,Australia,keypress
2,other,"['The', 'CUP', 'was', 'MADE', 'from green', 'PLASTIC', 'and was', 'FILLED', 'with', 'JUICE']",assorted,The cup was full of green juice?,other,n,1,2.1091753079963382,029,right,male,English,28,NA,Australia,keypress
3,incongruent,"['THE', 'prince', 'THAT', 'helped', 'THE', 'girl', 'HAD A', 'head', 'OF BLONDE', 'hair']",subject,The prince had blonde hair?,main_clause,y,1,1.1897592280001843,029,right,male,English,28,NA,Australia,keypress
4,congruent,"['The', 'CAT', 'that the', 'dog', 'FOUGHT', 'licked', 'its', 'WOUNDS', 'in', 'the', 'CORNER']",object,The dog fought the cat?,relative_clause,y,1,2.4099782400007825,029,right,male,English,28,NA,Australia,keypress
5,incongruent,"['THE', 'owl', 'THAT', 'scared', 'THE', 'bat', 'MADE A', 'loop', 'IN THE', 'air']",subject,The owl scared the bat?,relative_clause,y,1,1.6911142009776086,029,right,male,English,28,NA,Australia,keypress
6,congruent,"['The', 'PRIEST', 'that the', 'cook', 'PAID', 'signed', 'the', 'CHECK', 'at', 'the', 'BANK']",object,The priest paid the cook?,relative_clause,n,1,3.3256068699993193,029,right,male,English,28,NA,Australia,keypress
7,other,"['The', 'MAN', 'was very', 'HUNGRY', 'after the', 'MEETING', 'so', 'HAD', 'lunch', 'EARLY']",assorted,The boy was hungry?,other,n,1,0.989005609008018,029,right,male,English,28,NA,Australia,keypress
8,other,"['The', 'GIRL', 'on', 'THE', 'school', 'TRIP', 'saw a', 'FROG', 'and', 'LATER', 'she', 'SAW', 'a', 'MOUSE']",assorted,The girl saw a frog?,other,y,1,1.4052093449863603,029,right,male,English,28,NA,Australia,keypress
9,other,"['The', 'BOY', 'who', 'HAD', 'a', 'BIRTHDAY', 'called', 'HIS', 'best', 'FRIEND', 'for a', 'CHAT']",assorted,The friend called the boy?,other,n,1,1.7583386079932095,029,right,male,English,28,NA,Australia,keypress
10,other,"['The', 'DOG', 'that', 'BARKED', 'is very', 'BIG', 'and very', 'FRIENDLY', 'but', 'DOESN’T', 'like', 'CATS']",assorted,The dog is very big?,other,y,1,1.2062717899971176,029,right,male,English,28,NA,Australia,keypress
11,other,"['The', 'JOB', 'that was', 'GIVEN', 'was', 'DIFFERENT', 'to', 'WHAT', 'she', 'EXPECTED']",assorted,The job was unexpected?,other,n,0,1.60733302400331,029,right,male,English,28,NA,Australia,keypress
12,incongruent,"['THE', 'clerk', 'that the', 'BOSS', 'liked', 'had', 'A', 'desk', 'by', 'THE', 'window']",object,The boss had a desk by the window?,main_clause,n,1,2.9277710989990737,029,right,male,English,28,NA,Australia,keypress
13,incongruent,"['THE', 'crook', 'THAT', 'warned', 'THE', 'thief', 'FLED THE', 'town', 'THE NEXT', 'morning']",subject,The crook warned the thief?,relative_clause,d,0,5.250965184008237,029,right,male,English,28,NA,Australia,keypress
14,incongruent,"['THE', 'thief', 'THAT', 'saw', 'THE', 'guard', 'HAD A', 'gun', 'IN HIS', 'holster']",subject,The guard saw the thief?,relative_clause,n,1,2.6597679799888283,029,right,male,English,28,NA,Australia,keypress
15,other,"['The', 'BIKE', 'that was', 'YELLOW', 'and', 'SHINY', 'belonged', 'TO', 'the', 'BOY', 'with the', 'HAT']",assorted,The bike was red?,other,n,1,1.123150910018012,029,right,male,English,28,NA,Australia,keypress
16,other,"['The', 'CONCERT', 'started', 'LATER', 'than', 'WHAT', 'the', 'LADY', 'told the', 'TRAVELER']",assorted,The concert started later than the travellers expected?,other,y,1,3.5799812719924375,029,right,male,English,28,NA,Australia,keypress
17,incongruent,"['THE', 'girl', 'THAT', 'pushed', 'THE', 'nerd', 'BROKE THE', 'vase', 'WITH THE', 'flowers']",subject,The girl broke the vase?,main_clause,y,1,1.7408668360149022,029,right,male,English,28,NA,Australia,keypress
18,congruent,"['The', 'NIECE', 'that the', 'aunt', 'KISSED', 'sang', 'a', 'SONG', 'for', 'the', 'GUESTS']",object,The aunt sang a song?,main_clause,y,0,1.15528817899758,029,right,male,English,28,NA,Australia,keypress
19,other,"['The', 'DESK', 'was', 'NEW', 'but', 'DUSTY', 'and', 'COVERED', 'with old', 'BOOKS']",assorted,The desk was new?,other,y,1,1.1743076239945367,029,right,male,English,28,NA,Australia,keypress
20,congruent,"['The', 'CHIEF', 'that', 'THANKED', 'the', 'GIRL', 'was too', 'LATE', 'for the', 'BUS']",subject,The girl was too late?,main_clause,n,1,1.4546568109944928,029,right,male,English,28,NA,Australia,keypress
21,other,"['The', 'DESSERT', 'was', 'SERVED', 'with', 'CUSTARD', 'and', 'FRUIT', 'then', 'THERE', 'was', 'COFFEE']",assorted,The coffee was before dessert?,other,n,1,1.406809218984563,029,right,male,English,28,NA,Australia,keypress
22,incongruent,"['THE', 'rod', 'THAT', 'bent', 'THE', 'pipe', 'HAD A', 'hole', 'IN THE', 'middle']",subject,The pipe bent the rod?,relative_clause,n,1,1.5564472940168343,029,right,male,English,28,NA,Australia,keypress
23,congruent,"['The', 'TRUCK', 'that', 'BUMPED', 'the', 'CAR', 'had a', 'MAN', 'at the', 'WHEEL']",subject,The truck had a man at the wheel?,main_clause,y,1,2.359360435017152,029,right,male,English,28,NA,Australia,keypress
24,congruent,"['The', 'MAID', 'that the', 'chef', 'LOVED', 'quit', 'the', 'JOB', 'at', 'the', 'HOUSE']",object,The maid quit the job?,main_clause,y,1,1.3375567129987758,029,right,male,English,28,NA,Australia,keypress
25,congruent,"['The', 'DESK', 'that the', 'bed', 'SCRATCHED', 'was', 'too', 'OLD', 'to', 'be', 'MOVED']",object,The desk was too old?,main_clause,y,1,1.3230823230114763,029,right,male,English,28,NA,Australia,keypress
26,congruent,"['The', 'COP', 'that', 'MET', 'the', 'SPY', 'wrote a', 'BOOK', 'about the', 'CASE']",subject,The cop met the spy?,relative_clause,y,1,1.4064224660105538,029,right,male,English,28,NA,Australia,keypress
27,incongruent,"['THE', 'dean', 'THAT', 'called', 'THE', 'boy', 'HAD A', 'voice', 'FULL OF', 'anger']",subject,The dean called the boy?,relative_clause,y,1,1.0560416319931392,029,right,male,English,28,NA,Australia,keypress
28,congruent,"['The', 'BLOKE', 'that the', 'mum', 'HELPED', 'gave', 'a', 'GIFT', 'to', 'say', 'THANKS']",object,The mum gave a gift?,main_clause,n,1,1.5077391770028044,029,right,male,English,28,NA,Australia,keypress
29,incongruent,"['THE', 'fruit', 'that the', 'CAKE', 'squashed', 'made', 'A', 'mess', 'in', 'THE', 'bag']",object,The cake squashed the fruit?,relative_clause,n,0,1.5411122319928836,029,right,male,English,28,NA,Australia,keypress
30,incongruent,"['THE', 'kid', 'that the', 'DAD', 'followed', 'had', 'SOME', 'mud', 'on', 'HIS', 'shoes']",object,The dad followed the kid?,relative_clause,d,0,3.64576820799266,029,right,male,English,28,NA,Australia,keypress
31,incongruent,"['THE', 'priest', 'THAT', 'thanked', 'THE', 'nun', 'LEFT THE', 'church', 'IN A', 'hurry']",subject,The priest left the church?,main_clause,y,1,1.9243298939836675,029,right,male,English,28,NA,Australia,keypress
32,other,"['The', 'MAN', 'who was', 'SHORT', 'gave his', 'WIFE', 'some red', 'CANDLES', 'for her', 'BIRTHDAY']",assorted,The man was short?,other,y,1,1.7888559919956606,029,right,male,English,28,NA,Australia,keypress
33,congruent,"['The', 'SHELF', 'that the', 'piano', 'BUMPED', 'had', 'some', 'DUST', 'on', 'its', 'TOP']",object,The shelf bumped the piano?,relative_clause,y,0,2.2423270260042045,029,right,male,English,28,NA,Australia,keypress
34,incongruent,"['THE', 'tradie', 'that the', 'MAN', 'thanked', 'left', 'HIS', 'wallet', 'in', 'THE', 'car']",object,The man left his wallet?,main_clause,y,0,2.742991726991022,029,right,male,English,28,NA,Australia,keypress
35,other,"['The', 'APPLES', 'that', 'THE', 'couple', 'BOUGHT', 'at the', 'MARKET', 'were', 'RED']",assorted,The couple bought green apples?,other,n,1,1.924673409987008,029,right,male,English,28,NA,Australia,keypress
36,other,"['The', 'FISH', 'was', 'CAUGHT', 'by the', 'GIRL', 'on the', 'BOAT', 'on a', 'FRIDAY']",assorted,The fish was caught by the boy?,other,n,1,1.7749805470230058,029,right,male,English,28,NA,Australia,keypress
37,congruent,"['The', 'COUNT', 'that', 'KNEW', 'the', 'QUEEN', 'owned a', 'CASTLE', 'by the', 'LAKE']",subject,The count owned a castle?,main_clause,y,1,1.7586578319896944,029,right,male,English,28,NA,Australia,keypress
38,other,"['The', 'BOSS', 'was', 'HAPPY', 'to', 'SEE', 'the', 'WORK', 'that', 'THE', 'two', 'GIRLS', 'had', 'DONE']",assorted,The girls were happy?,other,n,1,2.04139508100343,029,right,male,English,28,NA,Australia,keypress
39,other,"['The', 'HAT', 'that was', 'WORN', 'by the', 'BOY', 'with a', 'JACKET', 'was too', 'SMALL', 'for the', 'MAN']",assorted,The hat was too small?,other,y,1,1.874943615985103,029,right,male,English,28,NA,Australia,keypress
40,incongruent,"['THE', 'dancer', 'that the', 'GUY', 'liked', 'was', 'A', 'chef', 'in', 'THE', 'city']",object,The guy liked the dancer?,relative_clause,y,1,1.4066652009787504,029,right,male,English,28,NA,Australia,keypress
41,incongruent,"['THE', 'fox', 'that the', 'WOLF', 'chased', 'hurt', 'ITS', 'paws', 'on', 'THE', 'way']",object,The fox hurt its paws?,main_clause,y,1,1.7404681959887969,029,right,male,English,28,NA,Australia,keypress
42,incongruent,"['THE', 'cook', 'that the', 'MAID', 'hugged', 'had', 'A', 'tear', 'on', 'HER', 'cheek']",object,The cook hugged the maid?,relative_clause,y,0,2.657740885973908,029,right,male,English,28,NA,Australia,keypress
43,other,"['The', 'COLOUR', 'of the', 'HOUSE', 'was', 'BRIGHTER', 'than the', 'MEN', 'who travelled', 'EXPECTED']",assorted,The men travelled?,other,y,1,2.7948217110242695,029,right,male,English,28,NA,Australia,keypress
44,other,"['The', 'GIRL', 'and the', 'BOY', 'that', 'OWNED', 'the', 'HORSE', 'had', 'MUD', 'on their', 'CLOTHES']",assorted,The boy and girl own a horse?,other,n,0,2.1758057230035774,029,right,male,English,28,NA,Australia,keypress
45,other,"['The', 'GIRL', 'kicked the', 'BALL', 'into the', 'WINDOW', 'but it', 'DID', 'not', 'BREAK']",assorted,The girl kicked the ball?,other,y,1,1.8754671399947256,029,right,male,English,28,NA,Australia,keypress
46,incongruent,"['THE', 'king', 'that the', 'GUEST', 'pleased', 'poured', 'THE', 'wine', 'from', 'THE', 'jug']",object,The king pleased the guest?,relative_clause,n,1,2.7433561910002027,029,right,male,English,28,NA,Australia,keypress
47,congruent,"['The', 'BUG', 'that', 'ATTACKED', 'the', 'ANT', 'was as', 'BIG', 'as a', 'COIN']",subject,The bug attacked the ant?,relative_clause,y,1,1.389705440000398,029,right,male,English,28,NA,Australia,keypress
48,incongruent,"['THE', 'groom', 'THAT', 'charmed', 'THE', 'aunt', 'RAISED A', 'toast', 'TO THE', 'parents']",subject,The aunt raised a toast?,main_clause,n,1,1.22384490899276,029,right,male,English,28,NA,Australia,keypress
49,congruent,"['The', 'DAD', 'that', 'KNEW', 'the', 'CHEF', 'had a', 'SON', 'with a', 'LIMP']",subject,The chef knew the dad?,relative_clause,n,1,3.660395968006924,029,right,male,English,28,NA,Australia,keypress
50,incongruent,"['THE', 'thug', 'THAT', 'saw', 'THE', 'man', 'HAD A', 'hat', 'ON HIS', 'head']",subject,The man saw the thug?,relative_clause,d,0,4.9165734499983955,029,right,male,English,28,NA,Australia,keypress
51,incongruent,"['THE', 'dean', 'THAT', 'heard', 'THE', 'guard', 'MADE A', 'call', 'ABOUT THE', 'matter']",subject,The guard made a call?,main_clause,n,1,1.2901097950234544,029,right,male,English,28,NA,Australia,keypress
52,congruent,"['The', 'GUEST', 'that', 'KISSED', 'the', 'HOST', 'brought a', 'CAKE', 'to the', 'PARTY']",subject,The host brought a cake?,main_clause,n,1,2.841231166996294,029,right,male,English,28,NA,Australia,keypress
53,other,"['The', 'WINE', 'that was', 'FANCY', 'was', 'KEPT', 'in the', 'CELLAR', 'for', 'NEARLY', 'ten', 'YEARS', 'and five', 'MONTHS']",assorted,The wine was bad?,other,n,1,1.17245548099163,029,right,male,English,28,NA,Australia,keypress
54,other,"['The', 'BOX', 'was', 'MADE', 'from', 'WOOD', 'and was', 'FULL', 'of', 'THINGS', 'that', 'SHINED']",assorted,The box was shiny?,other,n,1,1.2055158189905342,029,right,male,English,28,NA,Australia,keypress
55,other,"['The', 'BOOK', 'that the', 'LADY', 'with a', 'TATTOO', 'had', 'WRITTEN', 'was her', 'BEST', 'book', 'YET']",assorted,The lady wrote a book?,other,d,0,2.6428352419752628,029,right,male,English,28,NA,Australia,keypress
56,other,"['The', 'CAT', 'chased the', 'BIRD', 'but', 'IT', 'flew', 'AWAY', 'into the', 'SUNSET']",assorted,The cat chased the bird?,other,y,1,1.2065634409955237,029,right,male,English,28,NA,Australia,keypress
57,congruent,"['The', 'MAN', 'that', 'PHONED', 'the', 'NURSE', 'left his', 'PILLS', 'at the', 'OFFICE']",subject,The man phoned the nurse?,relative_clause,y,1,1.0533520499884617,029,right,male,English,28,NA,Australia,keypress
58,congruent,"['The', 'CAR', 'that the', 'truck', 'PULLED', 'had', 'a', 'SCRATCH', 'on', 'the', 'DOOR']",object,The truck had a scratch?,main_clause,y,0,3.7791935320128687,029,right,male,English,28,NA,Australia,keypress
59,congruent,"['The', 'HAT', 'that', 'MATCHED', 'the', 'SKIRT', 'had a', 'BOW', 'in the', 'BACK']",subject,The skirt had a bow?,main_clause,y,0,2.6440442879975308,029,right,male,English,28,NA,Australia,keypress
60,other,"['The', 'RING', 'that', 'WAS', 'sadly', 'LOST', 'was', 'FOUND', 'by the', 'FAT', 'and', 'VERY', 'happy', 'PRIEST']",assorted,The priest found the ring?,other,y,1,1.7416578000120353,029,right,male,English,28,NA,Australia,keypress
61,congruent,"['The', 'GUY', 'that the', 'judge', 'THANKED', 'left', 'the', 'ROOM', 'with', 'a', 'SMILE']",object,The judge thanked the guy?,relative_clause,y,1,4.214320358005352,029,right,male,English,28,NA,Australia,keypress
62,incongruent,"['THE', 'sailor', 'that the', 'BANKER', 'pushed', 'hurt', 'HIS', 'foot', 'in', 'THE', 'brawl']",object,The sailor hurt his foot?,main_clause,y,1,2.477188846998615,029,right,male,English,28,NA,Australia,keypress
63,congruent,"['The', 'KNIGHT', 'that', 'HELPED', 'the', 'KING', 'sent a', 'GIFT', 'from his', 'CASTLE']",subject,The king helped the knight?,relative_clause,n,1,2.2421205249847844,029,right,male,English,28,NA,Australia,keypress
64,incongruent,"['THE', 'boat', 'THAT', 'chased', 'THE', 'yacht', 'MADE A', 'turn', 'AT THE', 'boathouse']",subject,The yacht made a turn?,main_clause,y,0,1.3377672060159966,029,right,male,English,28,NA,Australia,keypress
65,congruent,"['The', 'FRIEND', 'that the', 'bride', 'TEASED', 'told', 'a', 'JOKE', 'about', 'the', 'PAST']",object,The bride teased the friend?,relative_clause,y,1,3.529946581023978,029,right,male,English,28,NA,Australia,keypress
66,congruent,"['The', 'NUN', 'that', 'BLESSED', 'the', 'MONK', 'lit a', 'CANDLE', 'on the', 'TABLE']",subject,The monk blessed the nun?,relative_clause,n,1,2.059018728992669,029,right,male,English,28,NA,Australia,keypress
67,congruent,"['The', 'NURSE', 'that the', 'coach', 'BLAMED', 'checked', 'the', 'FILE', 'of', 'the', 'GYMNAST']",object,The nurse checked the file?,main_clause,y,1,1.2571578949864488,029,right,male,English,28,NA,Australia,keypress
68,incongruent,"['THE', 'boy', 'that the', 'GIRL', 'helped', 'got', 'AN', 'A', 'on', 'THE', 'test']",object,The boy helped the girl?,relative_clause,n,1,4.179767435998656,029,right,male,English,28,NA,Australia,keypress
69,incongruent,"['THE', 'bum', 'that the', 'COP', 'scared', 'crossed', 'THE', 'street', 'at', 'THE', 'light']",object,The cop crossed the street?,main_clause,n,1,4.030192371021258,029,right,male,English,28,NA,Australia,keypress
70,other,"['The', 'CAR', 'that was', 'NEW', 'had', 'JUST', 'been', 'CLEANED', 'by', 'THE', 'old', 'LADY']",assorted,The car was old?,other,y,0,3.362438083975576,029,right,male,English,28,NA,Australia,keypress
71,other,"['The', 'PIANO', 'was well', 'PLAYED', 'by', 'THE', 'old', 'LADY', 'but', 'IT', 'was', 'NOT', 'in', 'TUNE']",assorted,The piano was badly played?,other,n,1,1.6574912659998515,029,right,male,English,28,NA,Australia,keypress
72,incongruent,"['THE', 'boss', 'that the', 'CLERK', 'mocked', 'had', 'A', 'crush', 'on', 'THE', 'intern']",object,The boss had a crush?,main_clause,d,0,5.9186913820158225,029,right,male,English,28,NA,Australia,keypress
73,congruent,"['The', 'SCOUT', 'that the', 'coach', 'PUNCHED', 'had', 'a', 'FIGHT', 'with', 'a', 'MANAGER']",object,The scout punched the coach?,relative_clause,y,0,3.0271895779878832,029,right,male,English,28,NA,Australia,keypress
1,incongruent,"['THE', 'truck', 'THAT', 'bumped', 'THE', 'car', 'HAD A', 'man', 'AT THE', 'wheel']",subject,The truck had a man at the wheel?,main_clause,y,1,1.5404546039935667,030,right,female,English,41,NA,Australia,keypress
2,incongruent,"['THE', 'guy', 'that the', 'JUDGE', 'thanked', 'left', 'THE', 'room', 'with', 'A', 'smile']",object,The guy left the room?,main_clause,y,1,1.5572999030118808,030,right,female,English,41,NA,Australia,keypress
3,other,"['The', 'DESK', 'was', 'NEW', 'but', 'DUSTY', 'and', 'COVERED', 'with old', 'BOOKS']",assorted,The desk was old?,other,n,1,1.1031176150136162,030,right,female,English,41,NA,Australia,keypress
4,congruent,"['The', 'BOSS', 'that the', 'clerk', 'MOCKED', 'had', 'a', 'CRUSH', 'on', 'the', 'INTERN']",object,The clerk mocked the boss?,relative_clause,y,1,2.1420226650079712,030,right,female,English,41,NA,Australia,keypress
5,incongruent,"['THE', 'knight', 'that the', 'KING', 'helped', 'sent', 'A', 'gift', 'from', 'HIS', 'castle']",object,The knight sent a gift?,main_clause,y,1,1.307646882982226,030,right,female,English,41,NA,Australia,keypress
6,congruent,"['The', 'THUG', 'that', 'SAW', 'the', 'MAN', 'had a', 'HAT', 'on his', 'HEAD']",subject,The man had a hat on his head?,main_clause,n,1,1.824680095014628,030,right,female,English,41,NA,Australia,keypress
7,incongruent,"['THE', 'shelf', 'THAT', 'bumped', 'THE', 'piano', 'HAD SOME', 'dust', 'ON ITS', 'top']",subject,The shelf had some dust on its top?,main_clause,y,1,1.6239591100020334,030,right,female,English,41,NA,Australia,keypress
8,congruent,"['The', 'NURSE', 'that the', 'coach', 'BLAMED', 'checked', 'the', 'FILE', 'of', 'the', 'GYMNAST']",object,The nurse checked the file?,main_clause,y,1,1.0393785659980497,030,right,female,English,41,NA,Australia,keypress
9,congruent,"['The', 'BLOKE', 'that', 'HELPED', 'the', 'MUM', 'gave a', 'GIFT', 'to say', 'THANKS']",subject,The bloke gave a gift?,main_clause,y,1,0.9225150629936252,030,right,female,English,41,NA,Australia,keypress
10,congruent,"['The', 'TRADIE', 'that', 'THANKED', 'the', 'MAN', 'left his', 'WALLET', 'in the', 'CAR']",subject,The tradie thanked the man?,relative_clause,y,1,1.45721297498676,030,right,female,English,41,NA,Australia,keypress
11,incongruent,"['THE', 'niece', 'that the', 'AUNT', 'kissed', 'sang', 'A', 'song', 'for', 'THE', 'guests']",object,The aunt sang a song?,main_clause,n,1,1.3562816880003083,030,right,female,English,41,NA,Australia,keypress
12,incongruent,"['THE', 'sailor', 'that the', 'BANKER', 'pushed', 'hurt', 'HIS', 'foot', 'in', 'THE', 'brawl']",object,The banker pushed the sailor?,relative_clause,n,0,2.292428001994267,030,right,female,English,41,NA,Australia,keypress
13,congruent,"['The', 'COUNT', 'that', 'KNEW', 'the', 'QUEEN', 'owned a', 'CASTLE', 'by the', 'LAKE']",subject,The queen owned a castle?,main_clause,n,1,2.1088617099740077,030,right,female,English,41,NA,Australia,keypress
14,incongruent,"['THE', 'rod', 'THAT', 'bent', 'THE', 'pipe', 'HAD A', 'hole', 'IN THE', 'middle']",subject,The rod bent the pipe?,relative_clause,y,1,1.489485922997119,030,right,female,English,41,NA,Australia,keypress
15,congruent,"['The', 'KING', 'that the', 'guest', 'PLEASED', 'poured', 'the', 'WINE', 'from', 'the', 'JUG']",object,The king poured the wine?,main_clause,y,1,1.2397663180017844,030,right,female,English,41,NA,Australia,keypress
16,congruent,"['The', 'PRIEST', 'that', 'THANKED', 'the', 'NUN', 'left the', 'CHURCH', 'in a', 'HURRY']",subject,The priest thanked the nun?,relative_clause,y,1,1.4233180489973165,030,right,female,English,41,NA,Australia,keypress
17,other,"['The', 'BIKE', 'that was', 'YELLOW', 'and', 'SHINY', 'belonged', 'TO', 'the', 'BOY', 'with the', 'HAT']",assorted,The bike was red?,other,n,1,0.9552108350035268,030,right,female,English,41,NA,Australia,keypress
18,incongruent,"['THE', 'scout', 'THAT', 'punched', 'THE', 'coach', 'HAD A', 'fight', 'WITH A', 'manager']",subject,The coach punched the scout?,relative_clause,y,0,1.6903624779952224,030,right,female,English,41,NA,Australia,keypress
19,other,"['The', 'FISH', 'was', 'CAUGHT', 'by the', 'GIRL', 'on the', 'BOAT', 'on a', 'FRIDAY']",assorted,The fish was caught by the girl?,other,y,1,1.5408144549874123,030,right,female,English,41,NA,Australia,keypress
20,incongruent,"['THE', 'girl', 'THAT', 'pushed', 'THE', 'nerd', 'BROKE THE', 'vase', 'WITH THE', 'flowers']",subject,The nerd broke the vase?,main_clause,n,1,2.643174885015469,030,right,female,English,41,NA,Australia,keypress
21,incongruent,"['THE', 'groom', 'that the', 'AUNT', 'charmed', 'raised', 'A', 'toast', 'to', 'THE', 'parents']",object,The groom charmed the aunt?,relative_clause,y,0,3.729854556004284,030,right,female,English,41,NA,Australia,keypress
22,other,"['The', 'PIANO', 'was well', 'PLAYED', 'by', 'THE', 'old', 'LADY', 'but', 'IT', 'was', 'NOT', 'in', 'TUNE']",assorted,The piano was badly played?,other,n,1,4.8322612139745615,030,right,female,English,41,NA,Australia,keypress
23,congruent,"['The', 'CLERK', 'that', 'LIKED', 'the', 'BOSS', 'had a', 'DESK', 'by the', 'WINDOW']",subject,The clerk liked the boss?,relative_clause,d,0,2.82588545998442,030,right,female,English,41,NA,Australia,keypress
24,incongruent,"['THE', 'nun', 'that the', 'MONK', 'blessed', 'lit', 'A', 'candle', 'on', 'THE', 'table']",object,The nun blessed the monk?,relative_clause,n,1,2.9112758510163985,030,right,female,English,41,NA,Australia,keypress
25,congruent,"['The', 'MAID', 'that the', 'chef', 'LOVED', 'quit', 'the', 'JOB', 'at', 'the', 'HOUSE']",object,The chef quit the job?,main_clause,n,1,2.2918442980153486,030,right,female,English,41,NA,Australia,keypress
26,congruent,"['The', 'DANCER', 'that the', 'guy', 'LIKED', 'was', 'a', 'CHEF', 'in', 'the', 'CITY']",object,The guy was a chef?,main_clause,n,1,1.9085771600075532,030,right,female,English,41,NA,Australia,keypress
27,other,"['The', 'BOY', 'who', 'HAD', 'a', 'BIRTHDAY', 'called', 'HIS', 'best', 'FRIEND', 'for a', 'CHAT']",assorted,The friend called the boy?,other,y,0,2.2771812150022015,030,right,female,English,41,NA,Australia,keypress
28,other,"['The', 'BOX', 'was', 'MADE', 'from', 'WOOD', 'and was', 'FULL', 'of', 'THINGS', 'that', 'SHINED']",assorted,The box was full of things?,other,y,1,1.3741769650077913,030,right,female,English,41,NA,Australia,keypress
29,other,"['The', 'COLOUR', 'of the', 'HOUSE', 'was', 'BRIGHTER', 'than the', 'MEN', 'who travelled', 'EXPECTED']",assorted,The men were colourfully dressed?,other,n,1,1.3232584000215866,030,right,female,English,41,NA,Australia,keypress
30,congruent,"['The', 'MAN', 'that', 'PHONED', 'the', 'NURSE', 'left his', 'PILLS', 'at the', 'OFFICE']",subject,The nurse phoned the man?,relative_clause,d,0,2.6740348750026897,030,right,female,English,41,NA,Australia,keypress
31,congruent,"['The', 'FRUIT', 'that the', 'cake', 'SQUASHED', 'made', 'a', 'MESS', 'in', 'the', 'BAG']",object,The fruit made a mess?,main_clause,y,1,1.7414340170216749,030,right,female,English,41,NA,Australia,keypress
32,congruent,"['The', 'FOX', 'that', 'CHASED', 'the', 'WOLF', 'hurt its', 'PAWS', 'on the', 'WAY']",subject,The fox hurt its paws?,main_clause,y,1,1.4910722259955946,030,right,female,English,41,NA,Australia,keypress
33,incongruent,"['THE', 'friend', 'THAT', 'teased', 'THE', 'bride', 'TOLD A', 'joke', 'ABOUT THE', 'past']",subject,The bride teased the friend?,relative_clause,n,1,1.3394755969929977,030,right,female,English,41,NA,Australia,keypress
34,incongruent,"['THE', 'prince', 'that the', 'GIRL', 'helped', 'had', 'A', 'head', 'of', 'BLONDE', 'hair']",object,The prince helped the girl?,relative_clause,n,1,1.7418151629972272,030,right,female,English,41,NA,Australia,keypress
35,incongruent,"['THE', 'boy', 'that the', 'GIRL', 'helped', 'got', 'AN', 'A', 'on', 'THE', 'test']",object,The boy got an A?,main_clause,y,1,0.9555918390105944,030,right,female,English,41,NA,Australia,keypress
36,incongruent,"['THE', 'dean', 'that the', 'GUARD', 'heard', 'made', 'A', 'call', 'about', 'THE', 'matter']",object,The guard heard the dean?,relative_clause,y,1,2.7276061520096846,030,right,female,English,41,NA,Australia,keypress
37,other,"['The', 'GIRL', 'on', 'THE', 'school', 'TRIP', 'saw a', 'FROG', 'and', 'LATER', 'she', 'SAW', 'a', 'MOUSE']",assorted,The girl saw a frog?,other,y,1,0.92192640400026,030,right,female,English,41,NA,Australia,keypress
38,other,"['The', 'GIRL', 'kicked the', 'BALL', 'into the', 'WINDOW', 'but it', 'DID', 'not', 'BREAK']",assorted,The girl kicked the ball?,other,y,1,0.9720354379969648,030,right,female,English,41,NA,Australia,keypress
39,other,"['The', 'BOOK', 'that the', 'LADY', 'with a', 'TATTOO', 'had', 'WRITTEN', 'was her', 'BEST', 'book', 'YET']",assorted,The man wrote a book?,other,n,1,0.9726143629814032,030,right,female,English,41,NA,Australia,keypress
40,other,"['The', 'CAT', 'chased the', 'BIRD', 'but', 'IT', 'flew', 'AWAY', 'into the', 'SUNSET']",assorted,The cat caught the bird?,other,n,1,1.3224986179848202,030,right,female,English,41,NA,Australia,keypress
41,congruent,"['The', 'KID', 'that the', 'dad', 'FOLLOWED', 'had', 'some', 'MUD', 'on', 'his', 'SHOES']",object,The kid followed the dad?,relative_clause,n,1,2.072782773990184,030,right,female,English,41,NA,Australia,keypress
42,incongruent,"['THE', 'priest', 'THAT', 'paid', 'THE', 'cook', 'SIGNED THE', 'check', 'AT THE', 'bank']",subject,The priest signed the check?,main_clause,y,1,1.2563010230078362,030,right,female,English,41,NA,Australia,keypress
43,other,"['The', 'MAN', 'who was', 'SHORT', 'gave his', 'WIFE', 'some red', 'CANDLES', 'for her', 'BIRTHDAY']",assorted,The man was short?,other,y,1,1.054800832003821,030,right,female,English,41,NA,Australia,keypress
44,other,"['The', 'APPLES', 'that', 'THE', 'couple', 'BOUGHT', 'at the', 'MARKET', 'were', 'RED']",assorted,The couple bought green apples?,other,n,1,0.921728171990253,030,right,female,English,41,NA,Australia,keypress
45,congruent,"['The', 'CROOK', 'that', 'WARNED', 'the', 'THIEF', 'fled the', 'TOWN', 'the next', 'MORNING']",subject,The thief warned the crook?,relative_clause,n,1,1.3743212920089718,030,right,female,English,41,NA,Australia,keypress
46,incongruent,"['THE', 'thief', 'THAT', 'saw', 'THE', 'guard', 'HAD A', 'gun', 'IN HIS', 'holster']",subject,The thief saw the guard?,relative_clause,y,1,1.1901986449956894,030,right,female,English,41,NA,Australia,keypress
47,incongruent,"['THE', 'dean', 'THAT', 'called', 'THE', 'boy', 'HAD A', 'voice', 'FULL OF', 'anger']",subject,The dean called the boy?,relative_clause,y,1,0.971707688004244,030,right,female,English,41,NA,Australia,keypress
48,congruent,"['The', 'CHIEF', 'that the', 'girl', 'THANKED', 'was', 'too', 'LATE', 'for', 'the', 'BUS']",object,The girl thanked the chief?,relative_clause,y,1,1.8241668839764316,030,right,female,English,41,NA,Australia,keypress
49,incongruent,"['THE', 'bum', 'THAT', 'scared', 'THE', 'cop', 'CROSSED THE', 'street', 'AT THE', 'light']",subject,The cop scared the bum?,relative_clause,n,1,1.9897062850068323,030,right,female,English,41,NA,Australia,keypress
50,incongruent,"['THE', 'cook', 'that the', 'MAID', 'hugged', 'had', 'A', 'tear', 'on', 'HER', 'cheek']",object,The maid had a tear on her cheek?,main_clause,n,1,2.1410424890054855,030,right,female,English,41,NA,Australia,keypress
51,other,"['The', 'GIRL', 'and the', 'BOY', 'that', 'OWNED', 'the', 'HORSE', 'had', 'MUD', 'on their', 'CLOTHES']",assorted,The boy and girl own a horse?,other,y,1,1.0726212980225682,030,right,female,English,41,NA,Australia,keypress
52,other,"['The', 'CAR', 'that was', 'NEW', 'had', 'JUST', 'been', 'CLEANED', 'by', 'THE', 'old', 'LADY']",assorted,The car was old?,other,n,1,0.9557594700017944,030,right,female,English,41,NA,Australia,keypress
53,other,"['The', 'HAT', 'that was', 'WORN', 'by the', 'BOY', 'with a', 'JACKET', 'was too', 'SMALL', 'for the', 'MAN']",assorted,The hat was too small?,other,y,1,1.1737478490103967,030,right,female,English,41,NA,Australia,keypress
54,congruent,"['The', 'GUEST', 'that', 'KISSED', 'the', 'HOST', 'brought a', 'CAKE', 'to the', 'PARTY']",subject,The host kissed the guest?,relative_clause,d,0,2.8604264500027057,030,right,female,English,41,NA,Australia,keypress
55,incongruent,"['THE', 'cat', 'that the', 'DOG', 'fought', 'licked', 'ITS', 'wounds', 'in', 'THE', 'corner']",object,The dog licked its wounds?,main_clause,n,1,1.6077934440108947,030,right,female,English,41,NA,Australia,keypress
56,congruent,"['The', 'DAD', 'that the', 'chef', 'KNEW', 'had', 'a', 'SON', 'with', 'a', 'LIMP']",object,The dad knew the chef?,relative_clause,y,0,1.1860185190162156,030,right,female,English,41,NA,Australia,keypress
57,other,"['The', 'JOB', 'that was', 'GIVEN', 'was', 'DIFFERENT', 'to', 'WHAT', 'she', 'EXPECTED']",assorted,The job was as expected?,other,n,1,1.7246759730041958,030,right,female,English,41,NA,Australia,keypress
58,other,"['The', 'BOSS', 'was', 'HAPPY', 'to', 'SEE', 'the', 'WORK', 'that', 'THE', 'two', 'GIRLS', 'had', 'DONE']",assorted,The boss was happy?,other,y,1,0.9891785119834822,030,right,female,English,41,NA,Australia,keypress
59,other,"['The', 'DESSERT', 'was', 'SERVED', 'with', 'CUSTARD', 'and', 'FRUIT', 'then', 'THERE', 'was', 'COFFEE']",assorted,The coffee was after dessert?,other,y,1,1.6546136059914716,030,right,female,English,41,NA,Australia,keypress
60,congruent,"['The', 'DESK', 'that', 'SCRATCHED', 'the', 'BED', 'was too', 'OLD', 'to be', 'MOVED']",subject,The desk was too old?,main_clause,y,1,0.8889138629892841,030,right,female,English,41,NA,Australia,keypress
61,other,"['The', 'CONCERT', 'started', 'LATER', 'than', 'WHAT', 'the', 'LADY', 'told the', 'TRAVELER']",assorted,The concert started later than the travellers expected?,other,y,1,3.327928955986863,030,right,female,English,41,NA,Australia,keypress
62,incongruent,"['THE', 'bug', 'that the', 'ANT', 'attacked', 'was', 'AS', 'big', 'as', 'A', 'coin']",object,The ant attacked the bug?,relative_clause,d,0,2.9100800580054056,030,right,female,English,41,NA,Australia,keypress
63,congruent,"['The', 'WHALE', 'that', 'BIT', 'the', 'SHARK', 'won the', 'FIGHT', 'in the', 'END']",subject,The shark won the fight?,main_clause,n,1,1.5047694579989184,030,right,female,English,41,NA,Australia,keypress
64,congruent,"['The', 'BOAT', 'that the', 'yacht', 'CHASED', 'made', 'a', 'TURN', 'at', 'the', 'BOATHOUSE']",object,The yacht made a turn?,main_clause,n,1,1.4236445009883028,030,right,female,English,41,NA,Australia,keypress
65,incongruent,"['THE', 'owl', 'THAT', 'scared', 'THE', 'bat', 'MADE A', 'loop', 'IN THE', 'air']",subject,The bat made a loop?,main_clause,n,1,1.4237411089998204,030,right,female,English,41,NA,Australia,keypress
66,other,"['The', 'MAN', 'was very', 'HUNGRY', 'after the', 'MEETING', 'so', 'HAD', 'lunch', 'EARLY']",assorted,The man was hungry?,other,y,1,1.507708190008998,030,right,female,English,41,NA,Australia,keypress
67,congruent,"['The', 'COP', 'that the', 'spy', 'MET', 'wrote', 'a', 'BOOK', 'about', 'the', 'CASE']",object,The cop met the spy?,relative_clause,n,1,1.3236197200021709,030,right,female,English,41,NA,Australia,keypress
68,other,"['The', 'RING', 'that', 'WAS', 'sadly', 'LOST', 'was', 'FOUND', 'by the', 'FAT', 'and', 'VERY', 'happy', 'PRIEST']",assorted,The priest was sad?,other,n,1,0.9228312549821568,030,right,female,English,41,NA,Australia,keypress
69,other,"['The', 'CUP', 'was', 'MADE', 'from green', 'PLASTIC', 'and was', 'FILLED', 'with', 'JUICE']",assorted,The cup was made from plastic?,other,y,1,0.9885570660117082,030,right,female,English,41,NA,Australia,keypress
70,congruent,"['The', 'HAT', 'that the', 'skirt', 'MATCHED', 'had', 'a', 'BOW', 'in', 'the', 'BACK']",object,The skirt matched the hat?,relative_clause,y,1,1.0561108729743864,030,right,female,English,41,NA,Australia,keypress
71,other,"['The', 'DOG', 'that', 'BARKED', 'is very', 'BIG', 'and very', 'FRIENDLY', 'but', 'DOESN’T', 'like', 'CATS']",assorted,The dog is very big?,other,y,1,0.7894568829797208,030,right,female,English,41,NA,Australia,keypress
72,other,"['The', 'WINE', 'that was', 'FANCY', 'was', 'KEPT', 'in the', 'CELLAR', 'for', 'NEARLY', 'ten', 'YEARS', 'and five', 'MONTHS']",assorted,The wine was bad?,other,n,1,0.9886250010167714,030,right,female,English,41,NA,Australia,keypress
73,incongruent,"['THE', 'car', 'THAT', 'pulled', 'THE', 'truck', 'HAD A', 'scratch', 'ON THE', 'door']",subject,The truck had a scratch?,main_clause,y,0,0.7714368179731537,030,right,female,English,41,NA,Australia,keypress
1,other,"['The', 'PIANO', 'was well', 'PLAYED', 'by', 'THE', 'old', 'LADY', 'but', 'IT', 'was', 'NOT', 'in', 'TUNE']",assorted,The piano was well played?,other,y,1,1.8387650930089876,031,right,female,English,24,NA,Australia,keypress
2,congruent,"['The', 'DAD', 'that the', 'chef', 'KNEW', 'had', 'a', 'SON', 'with', 'a', 'LIMP']",object,The chef had a son?,main_clause,n,1,3.4567228669766337,031,right,female,English,24,NA,Australia,keypress
3,congruent,"['The', 'SCOUT', 'that the', 'coach', 'PUNCHED', 'had', 'a', 'FIGHT', 'with', 'a', 'MANAGER']",object,The coach punched the scout?,relative_clause,y,1,3.4891590700135566,031,right,female,English,24,NA,Australia,keypress
4,other,"['The', 'MAN', 'who was', 'SHORT', 'gave his', 'WIFE', 'some red', 'CANDLES', 'for her', 'BIRTHDAY']",assorted,The man was tall?,other,y,0,1.7213018729817122,031,right,female,English,24,NA,Australia,keypress
5,incongruent,"['THE', 'thief', 'THAT', 'saw', 'THE', 'guard', 'HAD A', 'gun', 'IN HIS', 'holster']",subject,The thief saw the guard?,relative_clause,n,0,7.091872506018262,031,right,female,English,24,NA,Australia,keypress
6,congruent,"['The', 'BOAT', 'that the', 'yacht', 'CHASED', 'made', 'a', 'TURN', 'at', 'the', 'BOATHOUSE']",object,The boat made a turn?,main_clause,y,1,3.2888376750051975,031,right,female,English,24,NA,Australia,keypress
7,incongruent,"['THE', 'dean', 'THAT', 'heard', 'THE', 'guard', 'MADE A', 'call', 'ABOUT THE', 'matter']",subject,The dean made a call?,main_clause,y,1,2.591253852006048,031,right,female,English,24,NA,Australia,keypress
8,incongruent,"['THE', 'clerk', 'THAT', 'liked', 'THE', 'boss', 'HAD A', 'desk', 'BY THE', 'window']",subject,The clerk had a desk by the window?,main_clause,y,1,5.090874086949043,031,right,female,English,24,NA,Australia,keypress
9,congruent,"['The', 'BOY', 'that', 'HELPED', 'the', 'GIRL', 'got an', 'A', 'on the', 'TEST']",subject,The boy got an A?,main_clause,y,1,3.3569472230155952,031,right,female,English,24,NA,Australia,keypress
10,congruent,"['The', 'NIECE', 'that the', 'aunt', 'KISSED', 'sang', 'a', 'SONG', 'for', 'the', 'GUESTS']",object,The niece kissed the aunt?,relative_clause,n,1,3.2062889589578845,031,right,female,English,24,NA,Australia,keypress
11,congruent,"['The', 'NURSE', 'that', 'BLAMED', 'the', 'COACH', 'checked the', 'FILE', 'of the', 'GYMNAST']",subject,The coach blamed the nurse?,relative_clause,y,0,9.443589542002885,031,right,female,English,24,NA,Australia,keypress
12,other,"['The', 'BOY', 'who', 'HAD', 'a', 'BIRTHDAY', 'called', 'HIS', 'best', 'FRIEND', 'for a', 'CHAT']",assorted,The friend called the boy?,other,n,1,5.8747924019698985,031,right,female,English,24,NA,Australia,keypress
13,congruent,"['The', 'WHALE', 'that', 'BIT', 'the', 'SHARK', 'won the', 'FIGHT', 'in the', 'END']",subject,The shark won the fight?,main_clause,y,0,1.1212769279954955,031,right,female,English,24,NA,Australia,keypress
14,other,"['The', 'CUP', 'was', 'MADE', 'from green', 'PLASTIC', 'and was', 'FILLED', 'with', 'JUICE']",assorted,The cup was made from plastic?,other,y,1,0.6380498730577528,031,right,female,English,24,NA,Australia,keypress
15,congruent,"['The', 'DEAN', 'that', 'CALLED', 'the', 'BOY', 'had a', 'VOICE', 'full of', 'ANGER']",subject,The boy had a voice full of anger?,main_clause,n,1,1.7209550000261515,031,right,female,English,24,NA,Australia,keypress
16,other,"['The', 'DESK', 'was', 'NEW', 'but', 'DUSTY', 'and', 'COVERED', 'with old', 'BOOKS']",assorted,The desk was new?,other,y,1,0.7872055110055953,031,right,female,English,24,NA,Australia,keypress
17,other,"['The', 'DOG', 'that', 'BARKED', 'is very', 'BIG', 'and very', 'FRIENDLY', 'but', 'DOESN’T', 'like', 'CATS']",assorted,The dog is very big?,other,y,1,1.1721496600075625,031,right,female,English,24,NA,Australia,keypress
18,congruent,"['The', 'COUNT', 'that the', 'queen', 'KNEW', 'owned', 'a', 'CASTLE', 'by', 'the', 'LAKE']",object,The count owned a castle?,main_clause,y,1,1.9551463610259816,031,right,female,English,24,NA,Australia,keypress
19,other,"['The', 'GIRL', 'kicked the', 'BALL', 'into the', 'WINDOW', 'but it', 'DID', 'not', 'BREAK']",assorted,The girl broke the window?,other,n,1,1.2204467710107565,031,right,female,English,24,NA,Australia,keypress
20,congruent,"['The', 'OWL', 'that the', 'bat', 'SCARED', 'made', 'a', 'LOOP', 'in', 'the', 'AIR']",object,The bat scared the owl?,relative_clause,y,1,2.785435454978142,031,right,female,English,24,NA,Australia,keypress
21,other,"['The', 'GIRL', 'and the', 'BOY', 'that', 'OWNED', 'the', 'HORSE', 'had', 'MUD', 'on their', 'CLOTHES']",assorted,The boy and girl own a horse?,other,y,1,2.5222423169761896,031,right,female,English,24,NA,Australia,keypress
22,incongruent,"['THE', 'thug', 'that the', 'MAN', 'saw', 'had', 'A', 'hat', 'on', 'HIS', 'head']",object,The thug had a hat on his head?,main_clause,n,0,5.72360782296164,031,right,female,English,24,NA,Australia,keypress
23,congruent,"['The', 'KID', 'that', 'FOLLOWED', 'the', 'DAD', 'had some', 'MUD', 'on his', 'SHOES']",subject,The dad followed the kid?,relative_clause,y,0,2.4391331470105797,031,right,female,English,24,NA,Australia,keypress
24,other,"['The', 'CAR', 'that was', 'NEW', 'had', 'JUST', 'been', 'CLEANED', 'by', 'THE', 'old', 'LADY']",assorted,The car was old?,other,n,1,1.1543360879877582,031,right,female,English,24,NA,Australia,keypress
25,other,"['The', 'WINE', 'that was', 'FANCY', 'was', 'KEPT', 'in the', 'CELLAR', 'for', 'NEARLY', 'ten', 'YEARS', 'and five', 'MONTHS']",assorted,The wine was bad?,other,n,1,4.22002850996796,031,right,female,English,24,NA,Australia,keypress
26,incongruent,"['THE', 'shelf', 'that the', 'PIANO', 'bumped', 'had', 'SOME', 'dust', 'on', 'ITS', 'top']",object,The piano had dust on its top?,main_clause,y,0,3.7057855110033415,031,right,female,English,24,NA,Australia,keypress
27,incongruent,"['THE', 'chief', 'that the', 'GIRL', 'thanked', 'was', 'TOO', 'late', 'for', 'THE', 'bus']",object,The girl was too late?,main_clause,n,1,4.356930423004087,031,right,female,English,24,NA,Australia,keypress
28,congruent,"['The', 'COOK', 'that the', 'maid', 'HUGGED', 'had', 'a', 'TEAR', 'on', 'her', 'CHEEK']",object,The cook hugged the maid?,relative_clause,n,1,3.722792855987791,031,right,female,English,24,NA,Australia,keypress
29,incongruent,"['THE', 'rod', 'THAT', 'bent', 'THE', 'pipe', 'HAD A', 'hole', 'IN THE', 'middle']",subject,The rod had a hole?,main_clause,y,1,2.8387116710073315,031,right,female,English,24,NA,Australia,keypress
30,incongruent,"['THE', 'maid', 'THAT', 'loved', 'THE', 'chef', 'QUIT THE', 'job', 'AT THE', 'house']",subject,The chef loved the maid?,relative_clause,y,0,2.238611474982463,031,right,female,English,24,NA,Australia,keypress
31,incongruent,"['THE', 'tradie', 'THAT', 'thanked', 'THE', 'man', 'LEFT HIS', 'wallet', 'IN THE', 'car']",subject,The man left his wallet?,main_clause,n,1,4.057927210000344,031,right,female,English,24,NA,Australia,keypress
32,other,"['The', 'BOSS', 'was', 'HAPPY', 'to', 'SEE', 'the', 'WORK', 'that', 'THE', 'two', 'GIRLS', 'had', 'DONE']",assorted,The boss was happy?,other,y,1,0.9679746630135924,031,right,female,English,24,NA,Australia,keypress
33,other,"['The', 'FISH', 'was', 'CAUGHT', 'by the', 'GIRL', 'on the', 'BOAT', 'on a', 'FRIDAY']",assorted,The fish was caught by the girl?,other,y,1,1.38777387002483,031,right,female,English,24,NA,Australia,keypress
34,other,"['The', 'RING', 'that', 'WAS', 'sadly', 'LOST', 'was', 'FOUND', 'by the', 'FAT', 'and', 'VERY', 'happy', 'PRIEST']",assorted,The priest found the ring?,other,y,1,1.2709198649972675,031,right,female,English,24,NA,Australia,keypress
35,congruent,"['The', 'NUN', 'that', 'BLESSED', 'the', 'MONK', 'lit a', 'CANDLE', 'on the', 'TABLE']",subject,The nun lit a candle?,main_clause,y,1,1.2218987740343437,031,right,female,English,24,NA,Australia,keypress
36,other,"['The', 'BOOK', 'that the', 'LADY', 'with a', 'TATTOO', 'had', 'WRITTEN', 'was her', 'BEST', 'book', 'YET']",assorted,The man wrote a book?,other,n,1,1.3545419939910062,031,right,female,English,24,NA,Australia,keypress
37,congruent,"['The', 'DANCER', 'that the', 'guy', 'LIKED', 'was', 'a', 'CHEF', 'in', 'the', 'CITY']",object,The guy was a chef?,main_clause,n,1,3.1537136179977097,031,right,female,English,24,NA,Australia,keypress
38,congruent,"['The', 'GROOM', 'that the', 'aunt', 'CHARMED', 'raised', 'a', 'TOAST', 'to', 'the', 'PARENTS']",object,The aunt raised a toast?,main_clause,n,1,1.270607871003449,031,right,female,English,24,NA,Australia,keypress
39,incongruent,"['THE', 'truck', 'THAT', 'bumped', 'THE', 'car', 'HAD A', 'man', 'AT THE', 'wheel']",subject,The truck bumped the car?,relative_clause,y,1,2.490019285993185,031,right,female,English,24,NA,Australia,keypress
40,congruent,"['The', 'GIRL', 'that', 'PUSHED', 'the', 'NERD', 'broke the', 'VASE', 'with the', 'FLOWERS']",subject,The nerd broke the vase?,main_clause,n,1,2.7385913640027866,031,right,female,English,24,NA,Australia,keypress
41,other,"['The', 'DESSERT', 'was', 'SERVED', 'with', 'CUSTARD', 'and', 'FRUIT', 'then', 'THERE', 'was', 'COFFEE']",assorted,The coffee was before dessert?,other,n,1,1.8383584269904532,031,right,female,English,24,NA,Australia,keypress
42,congruent,"['The', 'BLOKE', 'that', 'HELPED', 'the', 'MUM', 'gave a', 'GIFT', 'to say', 'THANKS']",subject,The mum helped the bloke?,relative_clause,n,1,3.425304555974435,031,right,female,English,24,NA,Australia,keypress
43,congruent,"['The', 'FOX', 'that', 'CHASED', 'the', 'WOLF', 'hurt its', 'PAWS', 'on the', 'WAY']",subject,The fox chased the wolf?,relative_clause,y,1,3.7577521320199594,031,right,female,English,24,NA,Australia,keypress
44,other,"['The', 'BIKE', 'that was', 'YELLOW', 'and', 'SHINY', 'belonged', 'TO', 'the', 'BOY', 'with the', 'HAT']",assorted,The bike was shiny?,other,y,1,2.1392780150054023,031,right,female,English,24,NA,Australia,keypress
45,other,"['The', 'CONCERT', 'started', 'LATER', 'than', 'WHAT', 'the', 'LADY', 'told the', 'TRAVELER']",assorted,The concert started later than the travellers expected?,other,y,1,0.9873840530053712,031,right,female,English,24,NA,Australia,keypress
46,other,"['The', 'GIRL', 'on', 'THE', 'school', 'TRIP', 'saw a', 'FROG', 'and', 'LATER', 'she', 'SAW', 'a', 'MOUSE']",assorted,The girl saw a mouse first?,other,n,1,0.988074682012666,031,right,female,English,24,NA,Australia,keypress
47,incongruent,"['THE', 'guest', 'THAT', 'kissed', 'THE', 'host', 'BROUGHT A', 'cake', 'TO THE', 'party']",subject,The host kissed the guest?,relative_clause,d,0,7.475307286018506,031,right,female,English,24,NA,Australia,keypress
48,congruent,"['The', 'KING', 'that the', 'guest', 'PLEASED', 'poured', 'the', 'WINE', 'from', 'the', 'JUG']",object,The king pleased the guest?,relative_clause,n,1,3.6408583050360903,031,right,female,English,24,NA,Australia,keypress
49,incongruent,"['THE', 'guy', 'THAT', 'thanked', 'THE', 'judge', 'LEFT THE', 'room', 'WITH A', 'smile']",subject,The judge left the room?,main_clause,y,0,2.4718650300055742,031,right,female,English,24,NA,Australia,keypress
50,other,"['The', 'APPLES', 'that', 'THE', 'couple', 'BOUGHT', 'at the', 'MARKET', 'were', 'RED']",assorted,The couple bought green apples?,other,n,1,1.3716135030263104,031,right,female,English,24,NA,Australia,keypress
51,incongruent,"['THE', 'prince', 'THAT', 'helped', 'THE', 'girl', 'HAD A', 'head', 'OF BLONDE', 'hair']",subject,The prince helped the girl?,relative_clause,n,0,9.727528468996752,031,right,female,English,24,NA,Australia,keypress
52,incongruent,"['THE', 'priest', 'that the', 'COOK', 'paid', 'signed', 'THE', 'check', 'at', 'THE', 'bank']",object,The priest signed the check?,main_clause,n,0,4.15413898404222,031,right,female,English,24,NA,Australia,keypress
53,congruent,"['The', 'PRIEST', 'that', 'THANKED', 'the', 'NUN', 'left the', 'CHURCH', 'in a', 'HURRY']",subject,The priest thanked the nun?,relative_clause,y,1,1.9045859099715017,031,right,female,English,24,NA,Australia,keypress
54,congruent,"['The', 'BOSS', 'that the', 'clerk', 'MOCKED', 'had', 'a', 'CRUSH', 'on', 'the', 'INTERN']",object,The clerk mocked the boss?,relative_clause,n,0,4.791092187981121,031,right,female,English,24,NA,Australia,keypress
55,incongruent,"['THE', 'cop', 'that the', 'SPY', 'met', 'wrote', 'A', 'book', 'about', 'THE', 'case']",object,The cop wrote a book?,main_clause,n,0,2.93766193598276,031,right,female,English,24,NA,Australia,keypress
56,congruent,"['The', 'SAILOR', 'that', 'PUSHED', 'the', 'BANKER', 'hurt his', 'FOOT', 'in the', 'BRAWL']",subject,The sailor hurt his foot?,main_clause,y,1,1.1374067229917273,031,right,female,English,24,NA,Australia,keypress
57,incongruent,"['THE', 'cat', 'that the', 'DOG', 'fought', 'licked', 'ITS', 'wounds', 'in', 'THE', 'corner']",object,The dog fought the cat?,relative_clause,n,0,1.951465575955808,031,right,female,English,24,NA,Australia,keypress
58,other,"['The', 'JOB', 'that was', 'GIVEN', 'was', 'DIFFERENT', 'to', 'WHAT', 'she', 'EXPECTED']",assorted,The job was unexpected?,other,y,1,1.2549710249877537,031,right,female,English,24,NA,Australia,keypress
59,incongruent,"['THE', 'bug', 'that the', 'ANT', 'attacked', 'was', 'AS', 'big', 'as', 'A', 'coin']",object,The ant attacked the bug?,relative_clause,n,0,2.5558644349803217,031,right,female,English,24,NA,Australia,keypress
60,incongruent,"['THE', 'desk', 'that the', 'BED', 'scratched', 'was', 'TOO', 'old', 'to', 'BE', 'moved']",object,The bed was too old?,main_clause,y,0,4.322873909957707,031,right,female,English,24,NA,Australia,keypress
61,incongruent,"['THE', 'fruit', 'THAT', 'squashed', 'THE', 'cake', 'MADE A', 'mess', 'IN THE', 'bag']",subject,The cake made a mess?,main_clause,n,1,1.2534915839787573,031,right,female,English,24,NA,Australia,keypress
62,other,"['The', 'CAT', 'chased the', 'BIRD', 'but', 'IT', 'flew', 'AWAY', 'into the', 'SUNSET']",assorted,The cat caught the bird?,other,n,1,1.4203753169858828,031,right,female,English,24,NA,Australia,keypress
63,incongruent,"['THE', 'crook', 'THAT', 'warned', 'THE', 'thief', 'FLED THE', 'town', 'THE NEXT', 'morning']",subject,The thief warned the crook?,relative_clause,n,1,2.6558730789693072,031,right,female,English,24,NA,Australia,keypress
64,congruent,"['The', 'CAR', 'that the', 'truck', 'PULLED', 'had', 'a', 'SCRATCH', 'on', 'the', 'DOOR']",object,The car had a scratch?,main_clause,n,0,2.489049245021306,031,right,female,English,24,NA,Australia,keypress
65,other,"['The', 'MAN', 'was very', 'HUNGRY', 'after the', 'MEETING', 'so', 'HAD', 'lunch', 'EARLY']",assorted,The man was hungry?,other,y,1,1.2549403969896955,031,right,female,English,24,NA,Australia,keypress
66,other,"['The', 'HAT', 'that was', 'WORN', 'by the', 'BOY', 'with a', 'JACKET', 'was too', 'SMALL', 'for the', 'MAN']",assorted,The hat was too small?,other,y,1,1.0537766169873066,031,right,female,English,24,NA,Australia,keypress
67,incongruent,"['THE', 'bum', 'that the', 'COP', 'scared', 'crossed', 'THE', 'street', 'at', 'THE', 'light']",object,The bum scared the cop?,relative_clause,y,0,1.703885399037972,031,right,female,English,24,NA,Australia,keypress
68,incongruent,"['THE', 'man', 'that the', 'NURSE', 'phoned', 'left', 'HIS', 'pills', 'at', 'THE', 'office']",object,The man phoned the nurse?,relative_clause,n,1,4.540648693975527,031,right,female,English,24,NA,Australia,keypress
69,other,"['The', 'BOX', 'was', 'MADE', 'from', 'WOOD', 'and was', 'FULL', 'of', 'THINGS', 'that', 'SHINED']",assorted,The box was shiny?,other,n,1,0.7181748500443064,031,right,female,English,24,NA,Australia,keypress
70,other,"['The', 'COLOUR', 'of the', 'HOUSE', 'was', 'BRIGHTER', 'than the', 'MEN', 'who travelled', 'EXPECTED']",assorted,The men were colourfully dressed?,other,n,1,1.807118976023048,031,right,female,English,24,NA,Australia,keypress
71,incongruent,"['THE', 'knight', 'that the', 'KING', 'helped', 'sent', 'A', 'gift', 'from', 'HIS', 'castle']",object,The king helped the knight?,relative_clause,n,0,3.3394434439833276,031,right,female,English,24,NA,Australia,keypress
72,congruent,"['The', 'FRIEND', 'that', 'TEASED', 'the', 'BRIDE', 'told a', 'JOKE', 'about the', 'PAST']",subject,The friend teased the bride?,relative_clause,y,1,1.603666629991494,031,right,female,English,24,NA,Australia,keypress
73,incongruent,"['THE', 'hat', 'that the', 'SKIRT', 'matched', 'had', 'A', 'bow', 'in', 'THE', 'back']",object,The hat matched the skirt?,relative_clause,n,1,1.4225774129736235,031,right,female,English,24,NA,Australia,keypress
1,other,"['The', 'GIRL', 'and the', 'BOY', 'that', 'OWNED', 'the', 'HORSE', 'had', 'MUD', 'on their', 'CLOTHES']",assorted,The horse was muddy?,other,n,1,2.1586146680056117,032,right,female,English,27,NA,Australia,keypress
2,incongruent,"['THE', 'fox', 'that the', 'WOLF', 'chased', 'hurt', 'ITS', 'paws', 'on', 'THE', 'way']",object,The wolf hurt its paws?,main_clause,y,0,2.9607275020098314,032,right,female,English,27,NA,Australia,keypress
3,congruent,"['The', 'SAILOR', 'that the', 'banker', 'PUSHED', 'hurt', 'his', 'FOOT', 'in', 'the', 'BRAWL']",object,The sailor pushed the banker?,relative_clause,n,1,2.293022077996284,032,right,female,English,27,NA,Australia,keypress
4,incongruent,"['THE', 'man', 'THAT', 'phoned', 'THE', 'nurse', 'LEFT HIS', 'pills', 'AT THE', 'office']",subject,The nurse left the pills?,main_clause,n,1,1.8066658820025625,032,right,female,English,27,NA,Australia,keypress
5,other,"['The', 'GIRL', 'on', 'THE', 'school', 'TRIP', 'saw a', 'FROG', 'and', 'LATER', 'she', 'SAW', 'a', 'MOUSE']",assorted,The girl saw a frog?,other,y,1,1.5406293109990656,032,right,female,English,27,NA,Australia,keypress
6,congruent,"['The', 'FRIEND', 'that the', 'bride', 'TEASED', 'told', 'a', 'JOKE', 'about', 'the', 'PAST']",object,The bride teased the friend?,relative_clause,n,0,3.2282161689945497,032,right,female,English,27,NA,Australia,keypress
7,congruent,"['The', 'BOAT', 'that', 'CHASED', 'the', 'YACHT', 'made a', 'TURN', 'at the', 'BOATHOUSE']",subject,The boat made a turn?,main_clause,y,1,3.178882028965745,032,right,female,English,27,NA,Australia,keypress
8,other,"['The', 'MAN', 'was very', 'HUNGRY', 'after the', 'MEETING', 'so', 'HAD', 'lunch', 'EARLY']",assorted,The man was hungry?,other,y,1,1.8915979360463095,032,right,female,English,27,NA,Australia,keypress
9,incongruent,"['THE', 'cat', 'that the', 'DOG', 'fought', 'licked', 'ITS', 'wounds', 'in', 'THE', 'corner']",object,The dog fought the cat?,relative_clause,y,1,3.9635181960184127,032,right,female,English,27,NA,Australia,keypress
10,congruent,"['The', 'PRIEST', 'that the', 'nun', 'THANKED', 'left', 'the', 'CHURCH', 'in', 'a', 'HURRY']",object,The priest left the church?,main_clause,y,1,3.645967310993001,032,right,female,English,27,NA,Australia,keypress
11,congruent,"['The', 'GROOM', 'that', 'CHARMED', 'the', 'AUNT', 'raised a', 'TOAST', 'to the', 'PARENTS']",subject,The aunt raised a toast?,main_clause,n,1,1.5546344819595106,032,right,female,English,27,NA,Australia,keypress
12,incongruent,"['THE', 'boss', 'THAT', 'mocked', 'THE', 'clerk', 'HAD A', 'crush', 'ON THE', 'intern']",subject,The clerk mocked the boss?,relative_clause,n,1,3.3287508949870244,032,right,female,English,27,NA,Australia,keypress
13,congruent,"['The', 'HAT', 'that', 'MATCHED', 'the', 'SKIRT', 'had a', 'BOW', 'in the', 'BACK']",subject,The skirt matched the hat?,relative_clause,y,0,3.613628838036675,032,right,female,English,27,NA,Australia,keypress
14,congruent,"['The', 'WHALE', 'that the', 'shark', 'BIT', 'won', 'the', 'FIGHT', 'in', 'the', 'END']",object,The shark won the fight?,main_clause,n,1,3.0117944150115363,032,right,female,English,27,NA,Australia,keypress
15,other,"['The', 'BOX', 'was', 'MADE', 'from', 'WOOD', 'and was', 'FULL', 'of', 'THINGS', 'that', 'SHINED']",assorted,The box was full of things?,other,y,1,3.4621890780399553,032,right,female,English,27,NA,Australia,keypress
16,incongruent,"['THE', 'cop', 'that the', 'SPY', 'met', 'wrote', 'A', 'book', 'about', 'THE', 'case']",object,The spy wrote a book?,main_clause,n,1,3.1115506239584647,032,right,female,English,27,NA,Australia,keypress
17,incongruent,"['THE', 'dancer', 'that the', 'GUY', 'liked', 'was', 'A', 'chef', 'in', 'THE', 'city']",object,The guy liked the dancer?,relative_clause,y,1,5.050152549985796,032,right,female,English,27,NA,Australia,keypress
18,incongruent,"['THE', 'car', 'that the', 'TRUCK', 'pulled', 'had', 'A', 'scratch', 'on', 'THE', 'door']",object,The car had a scratch?,main_clause,n,0,2.325399861962069,032,right,female,English,27,NA,Australia,keypress
19,incongruent,"['THE', 'thief', 'THAT', 'saw', 'THE', 'guard', 'HAD A', 'gun', 'IN HIS', 'holster']",subject,The thief saw the guard?,relative_clause,y,1,1.6407821089960637,032,right,female,English,27,NA,Australia,keypress
20,incongruent,"['THE', 'dad', 'that the', 'CHEF', 'knew', 'had', 'A', 'son', 'with', 'A', 'limp']",object,The dad had a son with a limp?,main_clause,y,1,1.9245741160120815,032,right,female,English,27,NA,Australia,keypress
21,congruent,"['The', 'GIRL', 'that', 'PUSHED', 'the', 'NERD', 'broke the', 'VASE', 'with the', 'FLOWERS']",subject,The nerd pushed the girl?,relative_clause,n,1,3.178556999017019,032,right,female,English,27,NA,Australia,keypress
22,other,"['The', 'APPLES', 'that', 'THE', 'couple', 'BOUGHT', 'at the', 'MARKET', 'were', 'RED']",assorted,The couple bought some apples?,other,y,1,2.258779735013377,032,right,female,English,27,NA,Australia,keypress
23,other,"['The', 'RING', 'that', 'WAS', 'sadly', 'LOST', 'was', 'FOUND', 'by the', 'FAT', 'and', 'VERY', 'happy', 'PRIEST']",assorted,The priest found the ring?,other,y,1,1.8082908309879713,032,right,female,English,27,NA,Australia,keypress
24,other,"['The', 'JOB', 'that was', 'GIVEN', 'was', 'DIFFERENT', 'to', 'WHAT', 'she', 'EXPECTED']",assorted,The job was as expected?,other,n,1,1.7407682280172594,032,right,female,English,27,NA,Australia,keypress
25,incongruent,"['THE', 'guest', 'that the', 'HOST', 'kissed', 'brought', 'A', 'cake', 'to', 'THE', 'party']",object,The guest brought a cake?,main_clause,y,1,1.9588344789808616,032,right,female,English,27,NA,Australia,keypress
26,incongruent,"['THE', 'priest', 'THAT', 'paid', 'THE', 'cook', 'SIGNED THE', 'check', 'AT THE', 'bank']",subject,The cook signed the check?,main_clause,y,0,2.1082740609999746,032,right,female,English,27,NA,Australia,keypress
27,congruent,"['The', 'NURSE', 'that the', 'coach', 'BLAMED', 'checked', 'the', 'FILE', 'of', 'the', 'GYMNAST']",object,The nurse checked the file?,main_clause,n,0,2.8268617660505697,032,right,female,English,27,NA,Australia,keypress
28,other,"['The', 'MAN', 'who was', 'SHORT', 'gave his', 'WIFE', 'some red', 'CANDLES', 'for her', 'BIRTHDAY']",assorted,The man was tall?,other,y,0,1.907532224955503,032,right,female,English,27,NA,Australia,keypress
29,other,"['The', 'PIANO', 'was well', 'PLAYED', 'by', 'THE', 'old', 'LADY', 'but', 'IT', 'was', 'NOT', 'in', 'TUNE']",assorted,The piano was well played?,other,y,1,1.5066522599663583,032,right,female,English,27,NA,Australia,keypress
30,congruent,"['The', 'DESK', 'that', 'SCRATCHED', 'the', 'BED', 'was too', 'OLD', 'to be', 'MOVED']",subject,The desk was too old?,main_clause,y,1,1.4241320539731532,032,right,female,English,27,NA,Australia,keypress
31,congruent,"['The', 'SHELF', 'that the', 'piano', 'BUMPED', 'had', 'some', 'DUST', 'on', 'its', 'TOP']",object,The piano bumped the shelf?,relative_clause,n,0,2.5924969149637036,032,right,female,English,27,NA,Australia,keypress
32,incongruent,"['THE', 'niece', 'that the', 'AUNT', 'kissed', 'sang', 'A', 'song', 'for', 'THE', 'guests']",object,The niece kissed the aunt?,relative_clause,n,1,3.445378847012762,032,right,female,English,27,NA,Australia,keypress
33,congruent,"['The', 'SCOUT', 'that', 'PUNCHED', 'the', 'COACH', 'had a', 'FIGHT', 'with a', 'MANAGER']",subject,The scout punched the coach?,relative_clause,y,1,1.590316997957416,032,right,female,English,27,NA,Australia,keypress
34,congruent,"['The', 'COOK', 'that', 'HUGGED', 'the', 'MAID', 'had a', 'TEAR', 'on her', 'CHEEK']",subject,The cook hugged the maid?,relative_clause,y,1,1.757766273978632,032,right,female,English,27,NA,Australia,keypress
35,congruent,"['The', 'BUG', 'that', 'ATTACKED', 'the', 'ANT', 'was as', 'BIG', 'as a', 'COIN']",subject,The ant was as big as a coin?,main_clause,y,0,3.0109980379929766,032,right,female,English,27,NA,Australia,keypress
36,incongruent,"['THE', 'owl', 'THAT', 'scared', 'THE', 'bat', 'MADE A', 'loop', 'IN THE', 'air']",subject,The bat scared the owl?,relative_clause,n,1,3.1277736609918065,032,right,female,English,27,NA,Australia,keypress
37,other,"['The', 'BOOK', 'that the', 'LADY', 'with a', 'TATTOO', 'had', 'WRITTEN', 'was her', 'BEST', 'book', 'YET']",assorted,The man wrote a book?,other,n,1,1.5905228049959987,032,right,female,English,27,NA,Australia,keypress
38,other,"['The', 'WINE', 'that was', 'FANCY', 'was', 'KEPT', 'in the', 'CELLAR', 'for', 'NEARLY', 'ten', 'YEARS', 'and five', 'MONTHS']",assorted,The wine was bad?,other,n,1,2.1255676420405507,032,right,female,English,27,NA,Australia,keypress
39,other,"['The', 'CAT', 'chased the', 'BIRD', 'but', 'IT', 'flew', 'AWAY', 'into the', 'SUNSET']",assorted,The cat chased the bird?,other,y,1,1.6075586220249534,032,right,female,English,27,NA,Australia,keypress
40,incongruent,"['THE', 'bum', 'that the', 'COP', 'scared', 'crossed', 'THE', 'street', 'at', 'THE', 'light']",object,The bum scared the cop?,relative_clause,y,0,4.21437840902945,032,right,female,English,27,NA,Australia,keypress
41,congruent,"['The', 'KID', 'that', 'FOLLOWED', 'the', 'DAD', 'had some', 'MUD', 'on his', 'SHOES']",subject,The kid followed the dad?,relative_clause,y,1,1.4572113240137696,032,right,female,English,27,NA,Australia,keypress
42,congruent,"['The', 'FRUIT', 'that the', 'cake', 'SQUASHED', 'made', 'a', 'MESS', 'in', 'the', 'BAG']",object,The fruit made a mess?,main_clause,y,1,1.6744057949981652,032,right,female,English,27,NA,Australia,keypress
43,incongruent,"['THE', 'king', 'that the', 'GUEST', 'pleased', 'poured', 'THE', 'wine', 'from', 'THE', 'jug']",object,The king pleased the guest?,relative_clause,n,1,3.0779913339647464,032,right,female,English,27,NA,Australia,keypress
44,other,"['The', 'GIRL', 'kicked the', 'BALL', 'into the', 'WINDOW', 'but it', 'DID', 'not', 'BREAK']",assorted,The girl kicked the ball?,other,y,1,1.456839892023709,032,right,female,English,27,NA,Australia,keypress
45,incongruent,"['THE', 'boy', 'THAT', 'helped', 'THE', 'girl', 'GOT AN', 'A', 'ON THE', 'test']",subject,The girl helped the boy?,relative_clause,y,0,3.1280916889663786,032,right,female,English,27,NA,Australia,keypress
46,congruent,"['The', 'CLERK', 'that', 'LIKED', 'the', 'BOSS', 'had a', 'DESK', 'by the', 'WINDOW']",subject,The boss had a desk by the window?,main_clause,n,1,3.597762494988274,032,right,female,English,27,NA,Australia,keypress
47,congruent,"['The', 'DEAN', 'that', 'HEARD', 'the', 'GUARD', 'made a', 'CALL', 'about the', 'MATTER']",subject,The guard heard the dean?,relative_clause,n,1,2.3928776679676957,032,right,female,English,27,NA,Australia,keypress
48,other,"['The', 'CAR', 'that was', 'NEW', 'had', 'JUST', 'been', 'CLEANED', 'by', 'THE', 'old', 'LADY']",assorted,The car was new?,other,y,1,1.3056344770011492,032,right,female,English,27,NA,Australia,keypress
49,other,"['The', 'CONCERT', 'started', 'LATER', 'than', 'WHAT', 'the', 'LADY', 'told the', 'TRAVELER']",assorted,The concert started early?,other,n,1,2.3929344149655662,032,right,female,English,27,NA,Australia,keypress
50,incongruent,"['THE', 'count', 'THAT', 'knew', 'THE', 'queen', 'OWNED A', 'castle', 'BY THE', 'lake']",subject,The count owned a castle?,main_clause,y,1,1.5213785340311006,032,right,female,English,27,NA,Australia,keypress
51,other,"['The', 'FISH', 'was', 'CAUGHT', 'by the', 'GIRL', 'on the', 'BOAT', 'on a', 'FRIDAY']",assorted,The fish was caught by the boy?,other,n,1,1.7412084850366227,032,right,female,English,27,NA,Australia,keypress
52,other,"['The', 'BIKE', 'that was', 'YELLOW', 'and', 'SHINY', 'belonged', 'TO', 'the', 'BOY', 'with the', 'HAT']",assorted,The bike was shiny?,other,y,1,1.4571195330354385,032,right,female,English,27,NA,Australia,keypress
53,other,"['The', 'DOG', 'that', 'BARKED', 'is very', 'BIG', 'and very', 'FRIENDLY', 'but', 'DOESN’T', 'like', 'CATS']",assorted,The dog is very fluffy?,other,n,1,2.041386188007891,032,right,female,English,27,NA,Australia,keypress
54,congruent,"['The', 'KNIGHT', 'that the', 'king', 'HELPED', 'sent', 'a', 'GIFT', 'from', 'his', 'CASTLE']",object,The king helped the knight?,relative_clause,n,0,2.476114512013737,032,right,female,English,27,NA,Australia,keypress
55,other,"['The', 'CUP', 'was', 'MADE', 'from green', 'PLASTIC', 'and was', 'FILLED', 'with', 'JUICE']",assorted,The cup was full of green juice?,other,n,1,2.240140634996351,032,right,female,English,27,NA,Australia,keypress
56,incongruent,"['THE', 'thug', 'THAT', 'saw', 'THE', 'man', 'HAD A', 'hat', 'ON HIS', 'head']",subject,The thug had a hat on his head?,main_clause,y,1,1.9743342049769128,032,right,female,English,27,NA,Australia,keypress
57,congruent,"['The', 'NUN', 'that', 'BLESSED', 'the', 'MONK', 'lit a', 'CANDLE', 'on the', 'TABLE']",subject,The nun lit a candle?,main_clause,y,1,1.3569606380187906,032,right,female,English,27,NA,Australia,keypress
58,incongruent,"['THE', 'prince', 'THAT', 'helped', 'THE', 'girl', 'HAD A', 'head', 'OF BLONDE', 'hair']",subject,The prince helped the girl?,relative_clause,y,1,1.4066222899709828,032,right,female,English,27,NA,Australia,keypress
59,congruent,"['The', 'ROD', 'that the', 'pipe', 'BENT', 'had', 'a', 'HOLE', 'in', 'the', 'MIDDLE']",object,The rod bent the pipe?,relative_clause,n,1,2.3764636789564975,032,right,female,English,27,NA,Australia,keypress
60,incongruent,"['THE', 'maid', 'that the', 'CHEF', 'loved', 'quit', 'THE', 'job', 'at', 'THE', 'house']",object,The chef loved the maid?,relative_clause,y,1,2.557346995046828,032,right,female,English,27,NA,Australia,keypress
61,incongruent,"['THE', 'chief', 'THAT', 'thanked', 'THE', 'girl', 'WAS TOO', 'late', 'FOR THE', 'bus']",subject,The chief was too late?,main_clause,y,1,1.6566267909947785,032,right,female,English,27,NA,Australia,keypress
62,incongruent,"['THE', 'guy', 'that the', 'JUDGE', 'thanked', 'left', 'THE', 'room', 'with', 'A', 'smile']",object,The judge left the room?,main_clause,n,1,1.891208370041568,032,right,female,English,27,NA,Australia,keypress
63,other,"['The', 'HAT', 'that was', 'WORN', 'by the', 'BOY', 'with a', 'JACKET', 'was too', 'SMALL', 'for the', 'MAN']",assorted,The jacket was too small?,other,n,1,3.459215022972785,032,right,female,English,27,NA,Australia,keypress
64,other,"['The', 'DESSERT', 'was', 'SERVED', 'with', 'CUSTARD', 'and', 'FRUIT', 'then', 'THERE', 'was', 'COFFEE']",assorted,The coffee was after dessert?,other,y,1,2.0089858360006474,032,right,female,English,27,NA,Australia,keypress
65,other,"['The', 'DESK', 'was', 'NEW', 'but', 'DUSTY', 'and', 'COVERED', 'with old', 'BOOKS']",assorted,The desk was old?,other,n,1,1.3065253929817118,032,right,female,English,27,NA,Australia,keypress
66,incongruent,"['THE', 'bloke', 'THAT', 'helped', 'THE', 'mum', 'GAVE A', 'gift', 'TO SAY', 'thanks']",subject,The bloke helped the mum?,relative_clause,y,1,1.6410382050089538,032,right,female,English,27,NA,Australia,keypress
67,other,"['The', 'BOSS', 'was', 'HAPPY', 'to', 'SEE', 'the', 'WORK', 'that', 'THE', 'two', 'GIRLS', 'had', 'DONE']",assorted,The boss was happy?,other,y,1,1.156516092014499,032,right,female,English,27,NA,Australia,keypress
68,other,"['The', 'BOY', 'who', 'HAD', 'a', 'BIRTHDAY', 'called', 'HIS', 'best', 'FRIEND', 'for a', 'CHAT']",assorted,The friend called the boy?,other,n,1,2.0076148550142534,032,right,female,English,27,NA,Australia,keypress
69,congruent,"['The', 'TRUCK', 'that the', 'car', 'BUMPED', 'had', 'a', 'MAN', 'at', 'the', 'WHEEL']",object,The truck bumped the car?,relative_clause,n,1,2.8104410719824955,032,right,female,English,27,NA,Australia,keypress
70,other,"['The', 'COLOUR', 'of the', 'HOUSE', 'was', 'BRIGHTER', 'than the', 'MEN', 'who travelled', 'EXPECTED']",assorted,The men travelled?,other,y,1,1.7917773140361533,032,right,female,English,27,NA,Australia,keypress
71,congruent,"['The', 'CROOK', 'that the', 'thief', 'WARNED', 'fled', 'the', 'TOWN', 'the', 'next', 'MORNING']",object,The thief fled the town?,main_clause,y,0,1.3381748420069923,032,right,female,English,27,NA,Australia,keypress
72,incongruent,"['THE', 'dean', 'THAT', 'called', 'THE', 'boy', 'HAD A', 'voice', 'FULL OF', 'anger']",subject,The boy had a voice full of anger?,main_clause,n,1,1.456946567981504,032,right,female,English,27,NA,Australia,keypress
73,congruent,"['The', 'TRADIE', 'that the', 'man', 'THANKED', 'left', 'his', 'WALLET', 'in', 'the', 'CAR']",object,The man left his wallet?,main_clause,n,1,2.7603353230515495,032,right,female,English,27,NA,Australia,keypress
1,other,"['The', 'BOSS', 'was', 'HAPPY', 'to', 'SEE', 'the', 'WORK', 'that', 'THE', 'two', 'GIRLS', 'had', 'DONE']",assorted,The girls were happy?,other,n,1,1.691163518000394,033,right,male,English,26,NA,Australia,keypress
2,other,"['The', 'RING', 'that', 'WAS', 'sadly', 'LOST', 'was', 'FOUND', 'by the', 'FAT', 'and', 'VERY', 'happy', 'PRIEST']",assorted,The priest was sad?,other,n,1,2.8433154550148174,033,right,male,English,26,NA,Australia,keypress
3,incongruent,"['THE', 'girl', 'that the', 'NERD', 'thanked', 'broke', 'THE', 'vase', 'with', 'THE', 'flowers']",object,The nerd pushed the girl?,relative_clause,d,0,3.9133813150110655,033,right,male,English,26,NA,Australia,keypress
4,congruent,"['The', 'KNIGHT', 'that the', 'king', 'HELPED', 'sent', 'a', 'GIFT', 'from', 'his', 'CASTLE']",object,The king helped the knight?,relative_clause,y,1,3.29471670294879,033,right,male,English,26,NA,Australia,keypress
5,incongruent,"['THE', 'boy', 'that the', 'GIRL', 'helped', 'got', 'AN', 'A', 'on', 'THE', 'test']",object,The boy helped the girl?,relative_clause,n,1,3.612425441038795,033,right,male,English,26,NA,Australia,keypress
6,other,"['The', 'CUP', 'was', 'MADE', 'from green', 'PLASTIC', 'and was', 'FILLED', 'with', 'JUICE']",assorted,The cup was full of green juice?,other,y,0,4.111247870954685,033,right,male,English,26,NA,Australia,keypress
7,incongruent,"['THE', 'groom', 'that the', 'AUNT', 'charmed', 'raised', 'A', 'toast', 'to', 'THE', 'parents']",object,The groom charmed the aunt?,relative_clause,d,0,2.860206973971799,033,right,male,English,26,NA,Australia,keypress
8,other,"['The', 'DESK', 'was', 'NEW', 'but', 'DUSTY', 'and', 'COVERED', 'with old', 'BOOKS']",assorted,The desk was new?,other,y,1,1.740212103002705,033,right,male,English,26,NA,Australia,keypress
9,other,"['The', 'GIRL', 'on', 'THE', 'school', 'TRIP', 'saw a', 'FROG', 'and', 'LATER', 'she', 'SAW', 'a', 'MOUSE']",assorted,The girl saw a frog?,other,y,1,2.0249473390285857,033,right,male,English,26,NA,Australia,keypress
10,incongruent,"['THE', 'count', 'THAT', 'knew', 'THE', 'queen', 'OWNED A', 'castle', 'BY THE', 'lake']",subject,The count owned a castle?,main_clause,y,1,1.506746809987817,033,right,male,English,26,NA,Australia,keypress
11,other,"['The', 'PIANO', 'was well', 'PLAYED', 'by', 'THE', 'old', 'LADY', 'but', 'IT', 'was', 'NOT', 'in', 'TUNE']",assorted,The piano was badly played?,other,n,1,1.339565155969467,033,right,male,English,26,NA,Australia,keypress
12,incongruent,"['THE', 'crook', 'that the', 'THIEF', 'warned', 'fled', 'THE', 'town', 'the', 'NEXT', 'morning']",object,The thief fled the town?,main_clause,y,0,1.8241714410251009,033,right,male,English,26,NA,Australia,keypress
13,other,"['The', 'CONCERT', 'started', 'LATER', 'than', 'WHAT', 'the', 'LADY', 'told the', 'TRAVELER']",assorted,The concert started later than the travellers expected?,other,n,0,1.9418685720302165,033,right,male,English,26,NA,Australia,keypress
14,congruent,"['The', 'THIEF', 'that', 'SAW', 'the', 'GUARD', 'had a', 'GUN', 'in his', 'HOLSTER']",subject,The thief had a gun?,main_clause,y,1,1.4399392280029133,033,right,male,English,26,NA,Australia,keypress
15,congruent,"['The', 'SHELF', 'that', 'BUMPED', 'the', 'PIANO', 'had some', 'DUST', 'on its', 'TOP']",subject,The piano had dust on its top?,main_clause,n,1,2.426590921008028,033,right,male,English,26,NA,Australia,keypress
16,other,"['The', 'BIKE', 'that was', 'YELLOW', 'and', 'SHINY', 'belonged', 'TO', 'the', 'BOY', 'with the', 'HAT']",assorted,The bike was shiny?,other,y,1,2.19119982002303,033,right,male,English,26,NA,Australia,keypress
17,other,"['The', 'JOB', 'that was', 'GIVEN', 'was', 'DIFFERENT', 'to', 'WHAT', 'she', 'EXPECTED']",assorted,The job was as expected?,other,n,1,5.918558841047343,033,right,male,English,26,NA,Australia,keypress
18,congruent,"['The', 'SCOUT', 'that', 'PUNCHED', 'the', 'COACH', 'had a', 'FIGHT', 'with a', 'MANAGER']",subject,The scout punched the coach?,relative_clause,y,1,1.6570508330478333,033,right,male,English,26,NA,Australia,keypress
19,congruent,"['The', 'DESK', 'that the', 'bed', 'SCRATCHED', 'was', 'too', 'OLD', 'to', 'be', 'MOVED']",object,The bed was too old?,main_clause,n,1,1.5911077699856833,033,right,male,English,26,NA,Australia,keypress
20,incongruent,"['THE', 'guy', 'THAT', 'thanked', 'THE', 'judge', 'LEFT THE', 'room', 'WITH A', 'smile']",subject,The judge thanked the guy?,relative_clause,y,0,1.8582396319834515,033,right,male,English,26,NA,Australia,keypress
21,congruent,"['The', 'KID', 'that', 'FOLLOWED', 'the', 'DAD', 'had some', 'MUD', 'on his', 'SHOES']",subject,The dad followed the kid?,relative_clause,n,1,3.0443805070244707,033,right,male,English,26,NA,Australia,keypress
22,other,"['The', 'CAT', 'chased the', 'BIRD', 'but', 'IT', 'flew', 'AWAY', 'into the', 'SUNSET']",assorted,The cat caught the bird?,other,n,1,1.506651401985437,033,right,male,English,26,NA,Australia,keypress
23,incongruent,"['THE', 'cook', 'that the', 'MAID', 'hugged', 'had', 'A', 'tear', 'on', 'HER', 'cheek']",object,The cook had a tear on her cheek?,main_clause,y,1,1.9556511170230808,033,right,male,English,26,NA,Australia,keypress
24,congruent,"['The', 'BOSS', 'that', 'MOCKED', 'the', 'CLERK', 'had a', 'CRUSH', 'on the', 'INTERN']",subject,The clerk had a crush?,main_clause,n,1,1.489379049045965,033,right,male,English,26,NA,Australia,keypress
25,congruent,"['The', 'FOX', 'that the', 'wolf', 'CHASED', 'hurt', 'its', 'PAWS', 'on', 'the', 'WAY']",object,The wolf chased the fox?,relative_clause,d,0,3.295088596001733,033,right,male,English,26,NA,Australia,keypress
26,incongruent,"['THE', 'priest', 'THAT', 'paid', 'THE', 'cook', 'SIGNED THE', 'check', 'AT THE', 'bank']",subject,The priest signed the check?,main_clause,d,0,3.294677266967483,033,right,male,English,26,NA,Australia,keypress
27,incongruent,"['THE', 'chief', 'THAT', 'thanked', 'THE', 'girl', 'WAS TOO', 'late', 'FOR THE', 'bus']",subject,The chief thanked the girl?,relative_clause,y,1,1.473531817959156,033,right,male,English,26,NA,Australia,keypress
28,congruent,"['The', 'FRIEND', 'that', 'TEASED', 'the', 'BRIDE', 'told a', 'JOKE', 'about the', 'PAST']",subject,The friend teased the bride?,relative_clause,y,1,1.4572749820072204,033,right,male,English,26,NA,Australia,keypress
29,other,"['The', 'CAR', 'that was', 'NEW', 'had', 'JUST', 'been', 'CLEANED', 'by', 'THE', 'old', 'LADY']",assorted,The car was old?,other,n,1,1.824375586991664,033,right,male,English,26,NA,Australia,keypress
30,incongruent,"['THE', 'king', 'THAT', 'pleased', 'THE', 'guest', 'POURED THE', 'wine', 'FROM THE', 'jug']",subject,The king pleased the guest?,relative_clause,y,1,2.1397420550347306,033,right,male,English,26,NA,Australia,keypress
31,incongruent,"['THE', 'boat', 'that the', 'YACHT', 'chased', 'made', 'A', 'turn', 'at', 'THE', 'boathouse']",object,The boat chased the yacht?,relative_clause,d,0,6.470169017964508,033,right,male,English,26,NA,Australia,keypress
32,congruent,"['The', 'TRADIE', 'that', 'THANKED', 'the', 'MAN', 'left his', 'WALLET', 'in the', 'CAR']",subject,The man thanked the tradie?,relative_clause,d,0,1.8409816680359656,033,right,male,English,26,NA,Australia,keypress
33,congruent,"['The', 'BLOKE', 'that', 'HELPED', 'the', 'MUM', 'gave a', 'GIFT', 'to say', 'THANKS']",subject,The bloke gave a gift?,main_clause,d,0,2.6104099119547755,033,right,male,English,26,NA,Australia,keypress
34,congruent,"['The', 'BUM', 'that the', 'cop', 'SCARED', 'crossed', 'the', 'STREET', 'at', 'the', 'LIGHT']",object,The cop crossed the street?,main_clause,d,0,1.506857409956865,033,right,male,English,26,NA,Australia,keypress
35,congruent,"['The', 'SAILOR', 'that', 'PUSHED', 'the', 'BANKER', 'hurt his', 'FOOT', 'in the', 'BRAWL']",subject,The banker hurt his foot?,main_clause,n,1,1.2392704989761114,033,right,male,English,26,NA,Australia,keypress
36,incongruent,"['THE', 'dean', 'that the', 'BOY', 'called', 'had', 'A', 'voice', 'full', 'OF', 'anger']",object,The boy had a voice full of anger?,main_clause,y,0,1.9254096410004424,033,right,male,English,26,NA,Australia,keypress
37,other,"['The', 'BOOK', 'that the', 'LADY', 'with a', 'TATTOO', 'had', 'WRITTEN', 'was her', 'BEST', 'book', 'YET']",assorted,The lady wrote a book?,other,d,0,2.2591129619977437,033,right,male,English,26,NA,Australia,keypress
38,incongruent,"['THE', 'prince', 'THAT', 'helped', 'THE', 'girl', 'HAD A', 'head', 'OF BLONDE', 'hair']",subject,The girl helped the prince?,relative_clause,n,1,1.5242257330100983,033,right,male,English,26,NA,Australia,keypress
39,incongruent,"['THE', 'thug', 'that the', 'MAN', 'saw', 'had', 'A', 'hat', 'on', 'HIS', 'head']",object,The man had a hat on his head?,main_clause,n,1,5.23389940999914,033,right,male,English,26,NA,Australia,keypress
40,other,"['The', 'COLOUR', 'of the', 'HOUSE', 'was', 'BRIGHTER', 'than the', 'MEN', 'who travelled', 'EXPECTED']",assorted,The men travelled?,other,y,1,1.8911080079851672,033,right,male,English,26,NA,Australia,keypress
41,other,"['The', 'MAN', 'was very', 'HUNGRY', 'after the', 'MEETING', 'so', 'HAD', 'lunch', 'EARLY']",assorted,The man was hungry?,other,y,1,2.4433612300199457,033,right,male,English,26,NA,Australia,keypress
42,incongruent,"['THE', 'hat', 'THAT', 'matched', 'THE', 'skirt', 'HAD A', 'bow', 'IN THE', 'back']",subject,The skirt had a bow?,main_clause,y,0,1.322245679970365,033,right,male,English,26,NA,Australia,keypress
43,other,"['The', 'MAN', 'who was', 'SHORT', 'gave his', 'WIFE', 'some red', 'CANDLES', 'for her', 'BIRTHDAY']",assorted,The man was tall?,other,n,1,1.6902399369864725,033,right,male,English,26,NA,Australia,keypress
44,incongruent,"['THE', 'maid', 'THAT', 'loved', 'THE', 'chef', 'QUIT THE', 'job', 'AT THE', 'house']",subject,The maid loved the chef?,relative_clause,y,1,1.3235647609690204,033,right,male,English,26,NA,Australia,keypress
45,incongruent,"['THE', 'fruit', 'that the', 'CAKE', 'squashed', 'made', 'A', 'mess', 'in', 'THE', 'bag']",object,The fruit made a mess?,main_clause,y,1,1.221201692998875,033,right,male,English,26,NA,Australia,keypress
46,other,"['The', 'HAT', 'that was', 'WORN', 'by the', 'BOY', 'with a', 'JACKET', 'was too', 'SMALL', 'for the', 'MAN']",assorted,The hat was too small?,other,y,1,1.1728002980235033,033,right,male,English,26,NA,Australia,keypress
47,incongruent,"['THE', 'rod', 'that the', 'PIPE', 'bent', 'had', 'A', 'hole', 'in', 'THE', 'middle']",object,The rod had a hole?,main_clause,d,0,2.1080503680277616,033,right,male,English,26,NA,Australia,keypress
48,other,"['The', 'WINE', 'that was', 'FANCY', 'was', 'KEPT', 'in the', 'CELLAR', 'for', 'NEARLY', 'ten', 'YEARS', 'and five', 'MONTHS']",assorted,The wine was bad?,other,n,1,1.240152282989584,033,right,male,English,26,NA,Australia,keypress
49,other,"['The', 'DOG', 'that', 'BARKED', 'is very', 'BIG', 'and very', 'FRIENDLY', 'but', 'DOESN’T', 'like', 'CATS']",assorted,The dog is very fluffy?,other,n,1,1.3401112700230442,033,right,male,English,26,NA,Australia,keypress
50,other,"['The', 'BOY', 'who', 'HAD', 'a', 'BIRTHDAY', 'called', 'HIS', 'best', 'FRIEND', 'for a', 'CHAT']",assorted,The boy called his best friend?,other,d,0,6.670770992001053,033,right,male,English,26,NA,Australia,keypress
51,other,"['The', 'GIRL', 'kicked the', 'BALL', 'into the', 'WINDOW', 'but it', 'DID', 'not', 'BREAK']",assorted,The girl kicked the ball?,other,y,1,1.6737510630046015,033,right,male,English,26,NA,Australia,keypress
52,congruent,"['The', 'COP', 'that the', 'spy', 'MET', 'wrote', 'a', 'BOOK', 'about', 'the', 'CASE']",object,The cop met the spy?,relative_clause,d,0,2.5596847039996646,033,right,male,English,26,NA,Australia,keypress
53,congruent,"['The', 'PRIEST', 'that the', 'nun', 'THANKED', 'left', 'the', 'CHURCH', 'in', 'a', 'HURRY']",object,The nun thanked the priest?,relative_clause,d,0,2.0744682410149835,033,right,male,English,26,NA,Australia,keypress
54,other,"['The', 'FISH', 'was', 'CAUGHT', 'by the', 'GIRL', 'on the', 'BOAT', 'on a', 'FRIDAY']",assorted,The fish was caught by the boy?,other,n,1,1.9253763809683733,033,right,male,English,26,NA,Australia,keypress
55,incongruent,"['THE', 'owl', 'THAT', 'scared', 'THE', 'bat', 'MADE A', 'loop', 'IN THE', 'air']",subject,The bat scared the owl?,relative_clause,n,1,2.242279965954367,033,right,male,English,26,NA,Australia,keypress
56,congruent,"['The', 'NIECE', 'that the', 'aunt', 'KISSED', 'sang', 'a', 'SONG', 'for', 'the', 'GUESTS']",object,The aunt sang a song?,main_clause,y,0,3.0784321560058743,033,right,male,English,26,NA,Australia,keypress
57,congruent,"['The', 'DANCER', 'that the', 'guy', 'LIKED', 'was', 'a', 'CHEF', 'in', 'the', 'CITY']",object,The dancer liked the guy?,relative_clause,n,1,2.6593675310141407,033,right,male,English,26,NA,Australia,keypress
58,incongruent,"['THE', 'truck', 'that the', 'CAR', 'bumped', 'had', 'A', 'man', 'at', 'THE', 'wheel']",object,The car bumped the truck?,relative_clause,y,1,5.600738195003942,033,right,male,English,26,NA,Australia,keypress
59,incongruent,"['THE', 'bug', 'THAT', 'attacked', 'THE', 'ant', 'WAS AS', 'big', 'AS A', 'coin']",subject,The ant was as big as a coin?,main_clause,n,1,2.275604691996705,033,right,male,English,26,NA,Australia,keypress
60,incongruent,"['THE', 'clerk', 'that the', 'BOSS', 'liked', 'had', 'A', 'desk', 'by', 'THE', 'window']",object,The boss liked the clerk?,relative_clause,y,1,3.262236598005984,033,right,male,English,26,NA,Australia,keypress
61,other,"['The', 'DESSERT', 'was', 'SERVED', 'with', 'CUSTARD', 'and', 'FRUIT', 'then', 'THERE', 'was', 'COFFEE']",assorted,The coffee was before dessert?,other,n,1,2.0747033419902436,033,right,male,English,26,NA,Australia,keypress
62,congruent,"['The', 'CAR', 'that', 'PULLED', 'the', 'TRUCK', 'had a', 'SCRATCH', 'on the', 'DOOR']",subject,The truck pulled the car?,relative_clause,y,0,2.910057769040577,033,right,male,English,26,NA,Australia,keypress
63,congruent,"['The', 'DAD', 'that', 'KNEW', 'the', 'CHEF', 'had a', 'SON', 'with a', 'LIMP']",subject,The dad had a son with a limp?,main_clause,y,1,4.197393952985294,033,right,male,English,26,NA,Australia,keypress
64,incongruent,"['THE', 'dean', 'THAT', 'heard', 'THE', 'guard', 'MADE A', 'call', 'ABOUT THE', 'matter']",subject,The dean made a call?,main_clause,y,1,1.1873277180129662,033,right,male,English,26,NA,Australia,keypress
65,congruent,"['The', 'GUEST', 'that the', 'host', 'KISSED', 'brought', 'a', 'CAKE', 'to', 'the', 'PARTY']",object,The guest brought a cake?,main_clause,y,1,6.486337367969099,033,right,male,English,26,NA,Australia,keypress
66,incongruent,"['THE', 'whale', 'THAT', 'bit', 'THE', 'shark', 'WON THE', 'fight', 'IN THE', 'end']",subject,The shark won the fight?,main_clause,n,1,2.5255063240183517,033,right,male,English,26,NA,Australia,keypress
67,other,"['The', 'BOX', 'was', 'MADE', 'from', 'WOOD', 'and was', 'FULL', 'of', 'THINGS', 'that', 'SHINED']",assorted,The box was full of things?,other,y,1,3.2448846180341206,033,right,male,English,26,NA,Australia,keypress
68,congruent,"['The', 'NURSE', 'that the', 'coach', 'BLAMED', 'checked', 'the', 'FILE', 'of', 'the', 'GYMNAST']",object,The nurse checked the file?,main_clause,y,1,5.250415514048655,033,right,male,English,26,NA,Australia,keypress
69,congruent,"['The', 'CAT', 'that', 'FOUGHT', 'the', 'DOG', 'licked its', 'WOUNDS', 'in the', 'CORNER']",subject,The cat fought the dog?,relative_clause,y,1,1.3063842440024018,033,right,male,English,26,NA,Australia,keypress
70,other,"['The', 'APPLES', 'that', 'THE', 'couple', 'BOUGHT', 'at the', 'MARKET', 'were', 'RED']",assorted,The couple bought some apples?,other,y,1,2.1930029470240697,033,right,male,English,26,NA,Australia,keypress
71,congruent,"['The', 'MAN', 'that the', 'nurse', 'PHONED', 'left', 'his', 'PILLS', 'at', 'the', 'OFFICE']",object,The man left the pills?,main_clause,y,1,3.4947562409797683,033,right,male,English,26,NA,Australia,keypress
72,other,"['The', 'GIRL', 'and the', 'BOY', 'that', 'OWNED', 'the', 'HORSE', 'had', 'MUD', 'on their', 'CLOTHES']",assorted,The boy and girl own a horse?,other,y,1,1.4241645619622432,033,right,male,English,26,NA,Australia,keypress
73,congruent,"['The', 'NUN', 'that the', 'monk', 'BLESSED', 'lit', 'a', 'CANDLE', 'on', 'the', 'TABLE']",object,The nun blessed the monk?,relative_clause,d,0,2.9440071279532276,033,right,male,English,26,NA,Australia,keypress
1,other,"['The', 'DESSERT', 'was', 'SERVED', 'with', 'CUSTARD', 'and', 'FRUIT', 'then', 'THERE', 'was', 'COFFEE']",assorted,The coffee was after dessert?,other,y,1,5.657913725008257,034,right,female,English,26,NA,Australia,keypress
2,congruent,"['The', 'PRINCE', 'that', 'HELPED', 'the', 'GIRL', 'had a', 'HEAD', 'of blonde', 'HAIR']",subject,The girl had blonde hair?,main_clause,y,0,5.55784337001387,034,right,female,English,26,NA,Australia,keypress
3,other,"['The', 'CAR', 'that was', 'NEW', 'had', 'JUST', 'been', 'CLEANED', 'by', 'THE', 'old', 'LADY']",assorted,The car was new?,other,y,1,1.9852968489867635,034,right,female,English,26,NA,Australia,keypress
4,incongruent,"['THE', 'fruit', 'THAT', 'squashed', 'THE', 'cake', 'MADE A', 'mess', 'IN THE', 'bag']",subject,The cake made a mess?,main_clause,n,1,6.6925441230414435,034,right,female,English,26,NA,Australia,keypress
5,incongruent,"['THE', 'cook', 'that the', 'MAID', 'hugged', 'had', 'A', 'tear', 'on', 'HER', 'cheek']",object,The cook hugged the maid?,relative_clause,y,0,2.2553347969660535,034,right,female,English,26,NA,Australia,keypress
6,other,"['The', 'BOSS', 'was', 'HAPPY', 'to', 'SEE', 'the', 'WORK', 'that', 'THE', 'two', 'GIRLS', 'had', 'DONE']",assorted,The boss was happy?,other,y,1,1.0216314870049246,034,right,female,English,26,NA,Australia,keypress
7,congruent,"['The', 'NURSE', 'that', 'BLAMED', 'the', 'COACH', 'checked the', 'FILE', 'of the', 'GYMNAST']",subject,The coach checked the file?,main_clause,y,0,2.7557080760016106,034,right,female,English,26,NA,Australia,keypress
8,other,"['The', 'GIRL', 'on', 'THE', 'school', 'TRIP', 'saw a', 'FROG', 'and', 'LATER', 'she', 'SAW', 'a', 'MOUSE']",assorted,The girl saw a frog?,other,n,0,2.957727373985108,034,right,female,English,26,NA,Australia,keypress
9,congruent,"['The', 'PRIEST', 'that', 'PAID', 'the', 'COOK', 'signed the', 'CHECK', 'at the', 'BANK']",subject,The cook signed the check?,main_clause,n,1,3.572763069998473,034,right,female,English,26,NA,Australia,keypress
10,congruent,"['The', 'CAT', 'that the', 'dog', 'FOUGHT', 'licked', 'its', 'WOUNDS', 'in', 'the', 'CORNER']",object,The dog licked its wounds?,main_clause,y,0,1.0536959400051271,034,right,female,English,26,NA,Australia,keypress
11,incongruent,"['THE', 'chief', 'THAT', 'thanked', 'THE', 'girl', 'WAS TOO', 'late', 'FOR THE', 'bus']",subject,The chief was too late?,main_clause,y,1,6.960618322016671,034,right,female,English,26,NA,Australia,keypress
12,incongruent,"['THE', 'bug', 'THAT', 'attacked', 'THE', 'ant', 'WAS AS', 'big', 'AS A', 'coin']",subject,The ant attacked the bug?,relative_clause,y,0,6.625557053019293,034,right,female,English,26,NA,Australia,keypress
13,congruent,"['The', 'GROOM', 'that the', 'aunt', 'CHARMED', 'raised', 'a', 'TOAST', 'to', 'the', 'PARENTS']",object,The groom charmed the aunt?,relative_clause,d,0,7.560410279023927,034,right,female,English,26,NA,Australia,keypress
14,other,"['The', 'CAT', 'chased the', 'BIRD', 'but', 'IT', 'flew', 'AWAY', 'into the', 'SUNSET']",assorted,The cat caught the bird?,other,n,1,3.106092479021754,034,right,female,English,26,NA,Australia,keypress
15,other,"['The', 'PIANO', 'was well', 'PLAYED', 'by', 'THE', 'old', 'LADY', 'but', 'IT', 'was', 'NOT', 'in', 'TUNE']",assorted,The piano was badly played?,other,d,0,6.729488587996457,034,right,female,English,26,NA,Australia,keypress
16,congruent,"['The', 'DEAN', 'that', 'HEARD', 'the', 'GUARD', 'made a', 'CALL', 'about the', 'MATTER']",subject,The dean heard the guard?,relative_clause,y,1,1.9400703360443003,034,right,female,English,26,NA,Australia,keypress
17,other,"['The', 'DOG', 'that', 'BARKED', 'is very', 'BIG', 'and very', 'FRIENDLY', 'but', 'DOESN’T', 'like', 'CATS']",assorted,The dog is very fluffy?,other,n,1,1.3569399409461766,034,right,female,English,26,NA,Australia,keypress
18,congruent,"['The', 'WHALE', 'that', 'BIT', 'the', 'SHARK', 'won the', 'FIGHT', 'in the', 'END']",subject,The whale bit the shark?,relative_clause,y,1,1.0520389179582708,034,right,female,English,26,NA,Australia,keypress
19,congruent,"['The', 'BOAT', 'that the', 'yacht', 'CHASED', 'made', 'a', 'TURN', 'at', 'the', 'BOATHOUSE']",object,The boat chased the yacht?,relative_clause,y,0,1.355791173002217,034,right,female,English,26,NA,Australia,keypress
20,congruent,"['The', 'FRIEND', 'that the', 'bride', 'TEASED', 'told', 'a', 'JOKE', 'about', 'the', 'PAST']",object,The friend teased the bride?,relative_clause,n,1,6.274098560970742,034,right,female,English,26,NA,Australia,keypress
21,other,"['The', 'MAN', 'was very', 'HUNGRY', 'after the', 'MEETING', 'so', 'HAD', 'lunch', 'EARLY']",assorted,The boy was hungry?,other,y,0,1.2049250620184466,034,right,female,English,26,NA,Australia,keypress
22,other,"['The', 'HAT', 'that was', 'WORN', 'by the', 'BOY', 'with a', 'JACKET', 'was too', 'SMALL', 'for the', 'MAN']",assorted,The jacket was too small?,other,y,0,1.7190990130184218,034,right,female,English,26,NA,Australia,keypress
23,other,"['The', 'FISH', 'was', 'CAUGHT', 'by the', 'GIRL', 'on the', 'BOAT', 'on a', 'FRIDAY']",assorted,The fish was caught by the girl?,other,y,1,1.854669930995442,034,right,female,English,26,NA,Australia,keypress
24,incongruent,"['THE', 'car', 'that the', 'TRUCK', 'pulled', 'had', 'A', 'scratch', 'on', 'THE', 'door']",object,The truck pulled the car?,relative_clause,y,1,2.569268381979782,034,right,female,English,26,NA,Australia,keypress
25,incongruent,"['THE', 'clerk', 'that the', 'BOSS', 'liked', 'had', 'A', 'desk', 'by', 'THE', 'window']",object,The clerk had a desk by the window?,main_clause,d,0,4.544682412990369,034,right,female,English,26,NA,Australia,keypress
26,incongruent,"['THE', 'fox', 'that the', 'WOLF', 'chased', 'hurt', 'ITS', 'paws', 'on', 'THE', 'way']",object,The wolf hurt its paws?,main_clause,y,0,10.075037845002951,034,right,female,English,26,NA,Australia,keypress
27,congruent,"['The', 'COP', 'that', 'MET', 'the', 'SPY', 'wrote a', 'BOOK', 'about the', 'CASE']",subject,The cop met the spy?,relative_clause,y,1,1.5885723099927418,034,right,female,English,26,NA,Australia,keypress
28,incongruent,"['THE', 'maid', 'THAT', 'loved', 'THE', 'chef', 'QUIT THE', 'job', 'AT THE', 'house']",subject,The maid loved the chef?,relative_clause,y,1,2.5388966250466183,034,right,female,English,26,NA,Australia,keypress
29,incongruent,"['THE', 'guy', 'that the', 'JUDGE', 'thanked', 'left', 'THE', 'room', 'with', 'A', 'smile']",object,The guy thanked the judge?,relative_clause,n,1,6.174762576003559,034,right,female,English,26,NA,Australia,keypress
30,other,"['The', 'JOB', 'that was', 'GIVEN', 'was', 'DIFFERENT', 'to', 'WHAT', 'she', 'EXPECTED']",assorted,The job was as expected?,other,y,0,2.1225987460347824,034,right,female,English,26,NA,Australia,keypress
31,incongruent,"['THE', 'priest', 'THAT', 'thanked', 'THE', 'nun', 'LEFT THE', 'church', 'IN A', 'hurry']",subject,The priest thanked the nun?,relative_clause,y,1,1.7889102410408668,034,right,female,English,26,NA,Australia,keypress
32,congruent,"['The', 'DAD', 'that', 'KNEW', 'the', 'CHEF', 'had a', 'SON', 'with a', 'LIMP']",subject,The chef knew the dad?,relative_clause,y,0,2.5219325450016186,034,right,female,English,26,NA,Australia,keypress
33,other,"['The', 'BOY', 'who', 'HAD', 'a', 'BIRTHDAY', 'called', 'HIS', 'best', 'FRIEND', 'for a', 'CHAT']",assorted,The boy called his best friend?,other,y,1,1.8050696720019912,034,right,female,English,26,NA,Australia,keypress
34,incongruent,"['THE', 'nun', 'THAT', 'blessed', 'THE', 'monk', 'LIT A', 'candle', 'ON THE', 'table']",subject,The monk blessed the nun?,relative_clause,y,0,4.523575512983371,034,right,female,English,26,NA,Australia,keypress
35,other,"['The', 'BIKE', 'that was', 'YELLOW', 'and', 'SHINY', 'belonged', 'TO', 'the', 'BOY', 'with the', 'HAT']",assorted,The bike was shiny?,other,n,0,2.656968801980838,034,right,female,English,26,NA,Australia,keypress
36,incongruent,"['THE', 'guest', 'that the', 'HOST', 'kissed', 'brought', 'A', 'cake', 'to', 'THE', 'party']",object,The host brought a cake?,main_clause,y,0,4.023307243012823,034,right,female,English,26,NA,Australia,keypress
37,congruent,"['The', 'BOY', 'that the', 'girl', 'HELPED', 'got', 'an', 'A', 'on', 'the', 'TEST']",object,The girl helped the boy?,relative_clause,y,1,2.672811960976105,034,right,female,English,26,NA,Australia,keypress
38,incongruent,"['THE', 'crook', 'that the', 'THIEF', 'warned', 'fled', 'THE', 'town', 'the', 'NEXT', 'morning']",object,The thief warned the crook?,relative_clause,d,0,6.291261740960181,034,right,female,English,26,NA,Australia,keypress
39,incongruent,"['THE', 'count', 'THAT', 'knew', 'THE', 'queen', 'OWNED A', 'castle', 'BY THE', 'lake']",subject,The count owned a castle?,main_clause,y,1,1.321053630032111,034,right,female,English,26,NA,Australia,keypress
40,congruent,"['The', 'BOSS', 'that', 'MOCKED', 'the', 'CLERK', 'had a', 'CRUSH', 'on the', 'INTERN']",subject,The clerk mocked the boss?,relative_clause,n,1,4.473250518960413,034,right,female,English,26,NA,Australia,keypress
41,congruent,"['The', 'KID', 'that', 'FOLLOWED', 'the', 'DAD', 'had some', 'MUD', 'on his', 'SHOES']",subject,The kid had some mud on his shoes?,main_clause,y,1,5.224578164983541,034,right,female,English,26,NA,Australia,keypress
42,other,"['The', 'GIRL', 'kicked the', 'BALL', 'into the', 'WINDOW', 'but it', 'DID', 'not', 'BREAK']",assorted,The girl broke the window?,other,y,0,2.0724870780250058,034,right,female,English,26,NA,Australia,keypress
43,congruent,"['The', 'SHELF', 'that', 'BUMPED', 'the', 'PIANO', 'had some', 'DUST', 'on its', 'TOP']",subject,The shelf had some dust on its top?,main_clause,y,1,1.5280895449686795,034,right,female,English,26,NA,Australia,keypress
44,incongruent,"['THE', 'girl', 'THAT', 'pushed', 'THE', 'nerd', 'BROKE THE', 'vase', 'WITH THE', 'flowers']",subject,The girl pushed the nerd?,relative_clause,y,1,2.8390587869798765,034,right,female,English,26,NA,Australia,keypress
45,congruent,"['The', 'BLOKE', 'that the', 'mum', 'HELPED', 'gave', 'a', 'GIFT', 'to', 'say', 'THANKS']",object,The mum helped the bloke?,relative_clause,y,1,1.1208642330020666,034,right,female,English,26,NA,Australia,keypress
46,incongruent,"['THE', 'dean', 'that the', 'BOY', 'called', 'had', 'A', 'voice', 'full', 'OF', 'anger']",object,The boy called the dean?,relative_clause,y,1,2.072161566989962,034,right,female,English,26,NA,Australia,keypress
47,other,"['The', 'MAN', 'who was', 'SHORT', 'gave his', 'WIFE', 'some red', 'CANDLES', 'for her', 'BIRTHDAY']",assorted,The man was short?,other,y,1,0.8880073539912701,034,right,female,English,26,NA,Australia,keypress
48,incongruent,"['THE', 'thief', 'THAT', 'saw', 'THE', 'guard', 'HAD A', 'gun', 'IN HIS', 'holster']",subject,The guard had a gun?,main_clause,y,0,1.7387751979986206,034,right,female,English,26,NA,Australia,keypress
49,other,"['The', 'RING', 'that', 'WAS', 'sadly', 'LOST', 'was', 'FOUND', 'by the', 'FAT', 'and', 'VERY', 'happy', 'PRIEST']",assorted,The priest was sad?,other,n,1,2.3026515709934756,034,right,female,English,26,NA,Australia,keypress
50,incongruent,"['THE', 'sailor', 'THAT', 'pushed', 'THE', 'banker', 'HURT HIS', 'foot', 'IN THE', 'brawl']",subject,The sailor hurt his foot?,main_clause,y,1,3.052482553990558,034,right,female,English,26,NA,Australia,keypress
51,congruent,"['The', 'BUM', 'that the', 'cop', 'SCARED', 'crossed', 'the', 'STREET', 'at', 'the', 'LIGHT']",object,The cop crossed the street?,main_clause,y,0,3.9062738529755734,034,right,female,English,26,NA,Australia,keypress
52,other,"['The', 'WINE', 'that was', 'FANCY', 'was', 'KEPT', 'in the', 'CELLAR', 'for', 'NEARLY', 'ten', 'YEARS', 'and five', 'MONTHS']",assorted,The wine was fancy?,other,y,1,0.8377646139706485,034,right,female,English,26,NA,Australia,keypress
53,congruent,"['The', 'NIECE', 'that the', 'aunt', 'KISSED', 'sang', 'a', 'SONG', 'for', 'the', 'GUESTS']",object,The niece sang a song?,main_clause,y,1,2.9556513919960707,034,right,female,English,26,NA,Australia,keypress
54,other,"['The', 'CUP', 'was', 'MADE', 'from green', 'PLASTIC', 'and was', 'FILLED', 'with', 'JUICE']",assorted,The cup was made from plastic?,other,y,1,1.6213811260531656,034,right,female,English,26,NA,Australia,keypress
55,other,"['The', 'BOX', 'was', 'MADE', 'from', 'WOOD', 'and was', 'FULL', 'of', 'THINGS', 'that', 'SHINED']",assorted,The box was shiny?,other,n,1,1.187980865011923,034,right,female,English,26,NA,Australia,keypress
56,other,"['The', 'GIRL', 'and the', 'BOY', 'that', 'OWNED', 'the', 'HORSE', 'had', 'MUD', 'on their', 'CLOTHES']",assorted,The horse was muddy?,other,n,1,1.2211002700496465,034,right,female,English,26,NA,Australia,keypress
57,other,"['The', 'BOOK', 'that the', 'LADY', 'with a', 'TATTOO', 'had', 'WRITTEN', 'was her', 'BEST', 'book', 'YET']",assorted,The lady wrote a book?,other,y,1,1.6372459820122458,034,right,female,English,26,NA,Australia,keypress
58,other,"['The', 'DESK', 'was', 'NEW', 'but', 'DUSTY', 'and', 'COVERED', 'with old', 'BOOKS']",assorted,The desk was old?,other,n,1,3.44014308298938,034,right,female,English,26,NA,Australia,keypress
59,congruent,"['The', 'DANCER', 'that the', 'guy', 'LIKED', 'was', 'a', 'CHEF', 'in', 'the', 'CITY']",object,The guy was a chef?,main_clause,n,1,5.338418644969352,034,right,female,English,26,NA,Australia,keypress
60,incongruent,"['THE', 'king', 'THAT', 'pleased', 'THE', 'guest', 'POURED THE', 'wine', 'FROM THE', 'jug']",subject,The guest pleased the king?,relative_clause,y,0,1.454316644987557,034,right,female,English,26,NA,Australia,keypress
61,incongruent,"['THE', 'man', 'that the', 'NURSE', 'phoned', 'left', 'HIS', 'pills', 'at', 'THE', 'office']",object,The man phoned the nurse?,relative_clause,y,0,1.0216920669772662,034,right,female,English,26,NA,Australia,keypress
62,congruent,"['The', 'DESK', 'that the', 'bed', 'SCRATCHED', 'was', 'too', 'OLD', 'to', 'be', 'MOVED']",object,The desk was too old?,main_clause,y,1,2.856688111962285,034,right,female,English,26,NA,Australia,keypress
63,incongruent,"['THE', 'hat', 'that the', 'SKIRT', 'matched', 'had', 'A', 'bow', 'in', 'THE', 'back']",object,The hat had a bow?,main_clause,y,1,3.090440103027504,034,right,female,English,26,NA,Australia,keypress
64,congruent,"['The', 'THUG', 'that the', 'man', 'SAW', 'had', 'a', 'HAT', 'on', 'his', 'HEAD']",object,The man saw the thug?,relative_clause,y,1,8.810810913972091,034,right,female,English,26,NA,Australia,keypress
65,other,"['The', 'CONCERT', 'started', 'LATER', 'than', 'WHAT', 'the', 'LADY', 'told the', 'TRAVELER']",assorted,The concert started early?,other,y,0,2.905911306035705,034,right,female,English,26,NA,Australia,keypress
66,congruent,"['The', 'OWL', 'that the', 'bat', 'SCARED', 'made', 'a', 'LOOP', 'in', 'the', 'AIR']",object,The owl made a loop?,main_clause,y,1,1.4395716189756058,034,right,female,English,26,NA,Australia,keypress
67,incongruent,"['THE', 'truck', 'that the', 'CAR', 'bumped', 'had', 'A', 'man', 'at', 'THE', 'wheel']",object,The truck had a man at the wheel?,main_clause,n,0,4.3731801669928245,034,right,female,English,26,NA,Australia,keypress
68,congruent,"['The', 'TRADIE', 'that', 'THANKED', 'the', 'MAN', 'left his', 'WALLET', 'in the', 'CAR']",subject,The man thanked the tradie?,relative_clause,y,0,5.3089919299818575,034,right,female,English,26,NA,Australia,keypress
69,incongruent,"['THE', 'scout', 'that the', 'COACH', 'punched', 'had', 'A', 'fight', 'with', 'A', 'manager']",object,The coach had a fight?,main_clause,y,0,0.9041879110154696,034,right,female,English,26,NA,Australia,keypress
70,congruent,"['The', 'KNIGHT', 'that', 'HELPED', 'the', 'KING', 'sent a', 'GIFT', 'from his', 'CASTLE']",subject,The knight sent a gift?,main_clause,y,1,0.9866781699820422,034,right,female,English,26,NA,Australia,keypress
71,other,"['The', 'APPLES', 'that', 'THE', 'couple', 'BOUGHT', 'at the', 'MARKET', 'were', 'RED']",assorted,The couple bought green apples?,other,n,1,0.970268455974292,034,right,female,English,26,NA,Australia,keypress
72,other,"['The', 'COLOUR', 'of the', 'HOUSE', 'was', 'BRIGHTER', 'than the', 'MEN', 'who travelled', 'EXPECTED']",assorted,The men travelled?,other,y,1,1.0213578889961354,034,right,female,English,26,NA,Australia,keypress
73,incongruent,"['THE', 'rod', 'THAT', 'bent', 'THE', 'pipe', 'HAD A', 'hole', 'IN THE', 'middle']",subject,The pipe had a hole?,main_clause,y,0,1.4874487009947188,034,right,female,English,26,NA,Australia,keypress
1,incongruent,"['THE', 'chief', 'that the', 'GIRL', 'thanked', 'was', 'TOO', 'late', 'for', 'THE', 'bus']",object,The girl was too late?,main_clause,n,1,1.1387047300013364,035,right,female,English,26,NA,Australia,keypress
2,congruent,"['The', 'COP', 'that', 'MET', 'the', 'SPY', 'wrote a', 'BOOK', 'about the', 'CASE']",subject,The cop wrote a book?,main_clause,y,1,2.1262485570005083,035,right,female,English,26,NA,Australia,keypress
3,congruent,"['The', 'KID', 'that the', 'dad', 'FOLLOWED', 'had', 'some', 'MUD', 'on', 'his', 'SHOES']",object,The dad had some mud on his shoes?,main_clause,n,1,1.8719158730000345,035,right,female,English,26,NA,Australia,keypress
4,other,"['The', 'DESSERT', 'was', 'SERVED', 'with', 'CUSTARD', 'and', 'FRUIT', 'then', 'THERE', 'was', 'COFFEE']",assorted,The coffee was after dessert?,other,y,1,1.9417347609996796,035,right,female,English,26,NA,Australia,keypress
5,other,"['The', 'BOSS', 'was', 'HAPPY', 'to', 'SEE', 'the', 'WORK', 'that', 'THE', 'two', 'GIRLS', 'had', 'DONE']",assorted,The girls were happy?,other,n,1,1.2563919379990691,035,right,female,English,26,NA,Australia,keypress
6,congruent,"['The', 'OWL', 'that', 'SCARED', 'the', 'BAT', 'made a', 'LOOP', 'in the', 'AIR']",subject,The bat scared the owl?,relative_clause,n,1,1.9416609310010244,035,right,female,English,26,NA,Australia,keypress
7,incongruent,"['THE', 'priest', 'that the', 'NUN', 'thanked', 'left', 'THE', 'church', 'in', 'A', 'hurry']",object,The priest thanked the nun?,relative_clause,y,0,2.660125475998939,035,right,female,English,26,NA,Australia,keypress
8,congruent,"['The', 'SAILOR', 'that the', 'banker', 'PUSHED', 'hurt', 'his', 'FOOT', 'in', 'the', 'BRAWL']",object,The sailor pushed the banker?,relative_clause,n,1,1.8247213939994251,035,right,female,English,26,NA,Australia,keypress
9,incongruent,"['THE', 'guest', 'THAT', 'kissed', 'THE', 'host', 'BROUGHT A', 'cake', 'TO THE', 'party']",subject,The host brought a cake?,main_clause,n,1,2.5274231349994807,035,right,female,English,26,NA,Australia,keypress
10,other,"['The', 'BOX', 'was', 'MADE', 'from', 'WOOD', 'and was', 'FULL', 'of', 'THINGS', 'that', 'SHINED']",assorted,The box was shiny?,other,n,1,1.7920579539986647,035,right,female,English,26,NA,Australia,keypress
11,other,"['The', 'WINE', 'that was', 'FANCY', 'was', 'KEPT', 'in the', 'CELLAR', 'for', 'NEARLY', 'ten', 'YEARS', 'and five', 'MONTHS']",assorted,The wine was fancy?,other,y,1,1.9248565130001225,035,right,female,English,26,NA,Australia,keypress
12,other,"['The', 'FISH', 'was', 'CAUGHT', 'by the', 'GIRL', 'on the', 'BOAT', 'on a', 'FRIDAY']",assorted,The fish was caught by the boy?,other,n,1,1.6909132170003431,035,right,female,English,26,NA,Australia,keypress
13,other,"['The', 'GIRL', 'on', 'THE', 'school', 'TRIP', 'saw a', 'FROG', 'and', 'LATER', 'she', 'SAW', 'a', 'MOUSE']",assorted,The girl saw a frog?,other,y,1,1.1060443599999417,035,right,female,English,26,NA,Australia,keypress
14,incongruent,"['THE', 'man', 'THAT', 'phoned', 'THE', 'nurse', 'LEFT HIS', 'pills', 'AT THE', 'office']",subject,The nurse phoned the man?,relative_clause,n,1,1.2399985909996758,035,right,female,English,26,NA,Australia,keypress
15,congruent,"['The', 'FRUIT', 'that the', 'cake', 'SQUASHED', 'made', 'a', 'MESS', 'in', 'the', 'BAG']",object,The cake made a mess?,main_clause,y,0,1.641090688000986,035,right,female,English,26,NA,Australia,keypress
16,other,"['The', 'BIKE', 'that was', 'YELLOW', 'and', 'SHINY', 'belonged', 'TO', 'the', 'BOY', 'with the', 'HAT']",assorted,The bike was red?,other,n,1,1.657392240000263,035,right,female,English,26,NA,Australia,keypress
17,congruent,"['The', 'WHALE', 'that the', 'shark', 'BIT', 'won', 'the', 'FIGHT', 'in', 'the', 'END']",object,The whale won the fight?,main_clause,y,1,3.3787552600006165,035,right,female,English,26,NA,Australia,keypress
18,other,"['The', 'CUP', 'was', 'MADE', 'from green', 'PLASTIC', 'and was', 'FILLED', 'with', 'JUICE']",assorted,The cup was full of green juice?,other,n,1,1.5572745239987853,035,right,female,English,26,NA,Australia,keypress
19,other,"['The', 'GIRL', 'kicked the', 'BALL', 'into the', 'WINDOW', 'but it', 'DID', 'not', 'BREAK']",assorted,The girl broke the window?,other,n,1,1.5399235509994469,035,right,female,English,26,NA,Australia,keypress
20,congruent,"['The', 'MAID', 'that the', 'chef', 'LOVED', 'quit', 'the', 'JOB', 'at', 'the', 'HOUSE']",object,The chef loved the maid?,relative_clause,y,1,1.7240595359999134,035,right,female,English,26,NA,Australia,keypress
21,other,"['The', 'CONCERT', 'started', 'LATER', 'than', 'WHAT', 'the', 'LADY', 'told the', 'TRAVELER']",assorted,The concert started later than the travellers expected?,other,n,0,2.259410767999725,035,right,female,English,26,NA,Australia,keypress
22,congruent,"['The', 'CAT', 'that the', 'dog', 'FOUGHT', 'licked', 'its', 'WOUNDS', 'in', 'the', 'CORNER']",object,The dog fought the cat?,relative_clause,n,0,3.2927632320006524,035,right,female,English,26,NA,Australia,keypress
23,incongruent,"['THE', 'clerk', 'THAT', 'liked', 'THE', 'boss', 'HAD A', 'desk', 'BY THE', 'window']",subject,The boss had a desk by the window?,main_clause,n,1,2.0749451180017786,035,right,female,English,26,NA,Australia,keypress
24,incongruent,"['THE', 'shelf', 'THAT', 'bumped', 'THE', 'piano', 'HAD SOME', 'dust', 'ON ITS', 'top']",subject,The shelf bumped the piano?,relative_clause,y,1,1.406447527000637,035,right,female,English,26,NA,Australia,keypress
25,congruent,"['The', 'TRADIE', 'that', 'THANKED', 'the', 'MAN', 'left his', 'WALLET', 'in the', 'CAR']",subject,The tradie left his wallet?,main_clause,y,1,1.4070598220005197,035,right,female,English,26,NA,Australia,keypress
26,other,"['The', 'PIANO', 'was well', 'PLAYED', 'by', 'THE', 'old', 'LADY', 'but', 'IT', 'was', 'NOT', 'in', 'TUNE']",assorted,The piano was badly played?,other,n,1,1.657405044999905,035,right,female,English,26,NA,Australia,keypress
27,incongruent,"['THE', 'cook', 'that the', 'MAID', 'hugged', 'had', 'A', 'tear', 'on', 'HER', 'cheek']",object,The cook had a tear on her cheek?,main_clause,y,1,2.6593492310003057,035,right,female,English,26,NA,Australia,keypress
28,incongruent,"['THE', 'scout', 'that the', 'COACH', 'punched', 'had', 'A', 'fight', 'with', 'A', 'manager']",object,The coach had a fight?,main_clause,n,1,1.92458344699844,035,right,female,English,26,NA,Australia,keypress
29,other,"['The', 'CAT', 'chased the', 'BIRD', 'but', 'IT', 'flew', 'AWAY', 'into the', 'SUNSET']",assorted,The cat chased the bird?,other,y,1,1.505127905998961,035,right,female,English,26,NA,Australia,keypress
30,incongruent,"['THE', 'count', 'THAT', 'knew', 'THE', 'queen', 'OWNED A', 'castle', 'BY THE', 'lake']",subject,The count owned a castle?,main_clause,y,1,1.2730386100010946,035,right,female,English,26,NA,Australia,keypress
31,congruent,"['The', 'DEAN', 'that the', 'boy', 'CALLED', 'had', 'a', 'VOICE', 'full', 'of', 'ANGER']",object,The dean called the boy?,relative_clause,n,1,1.1728084269998362,035,right,female,English,26,NA,Australia,keypress
32,incongruent,"['THE', 'thief', 'THAT', 'saw', 'THE', 'guard', 'HAD A', 'gun', 'IN HIS', 'holster']",subject,The guard saw the thief?,relative_clause,n,1,2.6430282149995037,035,right,female,English,26,NA,Australia,keypress
33,incongruent,"['THE', 'boat', 'that the', 'YACHT', 'chased', 'made', 'A', 'turn', 'at', 'THE', 'boathouse']",object,The yacht chased the boat?,relative_clause,y,1,1.4408255920006925,035,right,female,English,26,NA,Australia,keypress
34,other,"['The', 'GIRL', 'and the', 'BOY', 'that', 'OWNED', 'the', 'HORSE', 'had', 'MUD', 'on their', 'CLOTHES']",assorted,The horse was muddy?,other,n,1,1.2729129809995356,035,right,female,English,26,NA,Australia,keypress
35,congruent,"['The', 'BLOKE', 'that', 'HELPED', 'the', 'MUM', 'gave a', 'GIFT', 'to say', 'THANKS']",subject,The mum gave a gift?,main_clause,n,1,1.3735397700002068,035,right,female,English,26,NA,Australia,keypress
36,other,"['The', 'APPLES', 'that', 'THE', 'couple', 'BOUGHT', 'at the', 'MARKET', 'were', 'RED']",assorted,The couple bought green apples?,other,n,1,1.8070083760012496,035,right,female,English,26,NA,Australia,keypress
37,congruent,"['The', 'BOY', 'that', 'HELPED', 'the', 'GIRL', 'got an', 'A', 'on the', 'TEST']",subject,The boy helped the girl?,relative_clause,y,1,1.3731558989984478,035,right,female,English,26,NA,Australia,keypress
38,congruent,"['The', 'DEAN', 'that', 'HEARD', 'the', 'GUARD', 'made a', 'CALL', 'about the', 'MATTER']",subject,The guard made a call?,main_clause,n,1,1.239405741000155,035,right,female,English,26,NA,Australia,keypress
39,incongruent,"['THE', 'dad', 'THAT', 'knew', 'THE', 'chef', 'HAD A', 'son', 'WITH A', 'limp']",subject,The dad had a son with a limp?,main_clause,y,1,1.7410840700013068,035,right,female,English,26,NA,Australia,keypress
40,congruent,"['The', 'DANCER', 'that the', 'guy', 'LIKED', 'was', 'a', 'CHEF', 'in', 'the', 'CITY']",object,The dancer was a chef?,main_clause,y,1,1.1564648620005755,035,right,female,English,26,NA,Australia,keypress
41,congruent,"['The', 'NIECE', 'that', 'KISSED', 'the', 'AUNT', 'sang a', 'SONG', 'for the', 'GUESTS']",subject,The niece sang a song?,main_clause,y,1,1.038254422001046,035,right,female,English,26,NA,Australia,keypress
42,congruent,"['The', 'ROD', 'that the', 'pipe', 'BENT', 'had', 'a', 'HOLE', 'in', 'the', 'MIDDLE']",object,The rod had a hole?,main_clause,y,1,1.473689057998854,035,right,female,English,26,NA,Australia,keypress
43,other,"['The', 'RING', 'that', 'WAS', 'sadly', 'LOST', 'was', 'FOUND', 'by the', 'FAT', 'and', 'VERY', 'happy', 'PRIEST']",assorted,The priest found the ring?,other,y,1,1.0901007019983808,035,right,female,English,26,NA,Australia,keypress
44,incongruent,"['THE', 'king', 'THAT', 'pleased', 'THE', 'guest', 'POURED THE', 'wine', 'FROM THE', 'jug']",subject,The king pleased the guest?,relative_clause,y,1,1.006281186000706,035,right,female,English,26,NA,Australia,keypress
45,other,"['The', 'MAN', 'was very', 'HUNGRY', 'after the', 'MEETING', 'so', 'HAD', 'lunch', 'EARLY']",assorted,The boy was hungry?,other,n,1,1.0385819490002175,035,right,female,English,26,NA,Australia,keypress
46,other,"['The', 'DOG', 'that', 'BARKED', 'is very', 'BIG', 'and very', 'FRIENDLY', 'but', 'DOESN’T', 'like', 'CATS']",assorted,The dog is very big?,other,y,1,1.1397145399987494,035,right,female,English,26,NA,Australia,keypress
47,incongruent,"['THE', 'nurse', 'THAT', 'blamed', 'THE', 'coach', 'CHECKED THE', 'file', 'OF THE', 'gymnast']",subject,The coach checked the file?,main_clause,n,1,1.156557328000417,035,right,female,English,26,NA,Australia,keypress
48,incongruent,"['THE', 'friend', 'that the', 'BRIDE', 'teased', 'told', 'A', 'joke', 'about', 'THE', 'past']",object,The friend told a joke?,main_clause,n,0,1.1887577979996422,035,right,female,English,26,NA,Australia,keypress
49,other,"['The', 'JOB', 'that was', 'GIVEN', 'was', 'DIFFERENT', 'to', 'WHAT', 'she', 'EXPECTED']",assorted,The job was unexpected?,other,y,1,1.755599030000667,035,right,female,English,26,NA,Australia,keypress
50,congruent,"['The', 'TRUCK', 'that the', 'car', 'BUMPED', 'had', 'a', 'MAN', 'at', 'the', 'WHEEL']",object,The car bumped the truck?,relative_clause,n,0,2.4093698430006043,035,right,female,English,26,NA,Australia,keypress
51,congruent,"['The', 'NUN', 'that', 'BLESSED', 'the', 'MONK', 'lit a', 'CANDLE', 'on the', 'TABLE']",subject,The monk blessed the nun?,relative_clause,n,1,1.674649161999696,035,right,female,English,26,NA,Australia,keypress
52,other,"['The', 'MAN', 'who was', 'SHORT', 'gave his', 'WIFE', 'some red', 'CANDLES', 'for her', 'BIRTHDAY']",assorted,The man was short?,other,y,1,1.0067165050004403,035,right,female,English,26,NA,Australia,keypress
53,incongruent,"['THE', 'prince', 'that the', 'GIRL', 'helped', 'had', 'A', 'head', 'of', 'BLONDE', 'hair']",object,The girl had blonde hair?,main_clause,n,1,1.0052797010012,035,right,female,English,26,NA,Australia,keypress
54,incongruent,"['THE', 'car', 'that the', 'TRUCK', 'pulled', 'had', 'A', 'scratch', 'on', 'THE', 'door']",object,The truck pulled the car?,relative_clause,n,0,2.5602684040004533,035,right,female,English,26,NA,Australia,keypress
55,other,"['The', 'HAT', 'that was', 'WORN', 'by the', 'BOY', 'with a', 'JACKET', 'was too', 'SMALL', 'for the', 'MAN']",assorted,The jacket was too small?,other,n,1,1.587394238998968,035,right,female,English,26,NA,Australia,keypress
56,other,"['The', 'BOOK', 'that the', 'LADY', 'with a', 'TATTOO', 'had', 'WRITTEN', 'was her', 'BEST', 'book', 'YET']",assorted,The lady wrote a book?,other,y,1,1.0868284980006138,035,right,female,English,26,NA,Australia,keypress
57,incongruent,"['THE', 'knight', 'THAT', 'helped', 'THE', 'king', 'SENT A', 'gift', 'FROM HIS', 'castle']",subject,The knight sent a gift?,main_clause,y,1,1.039017043000058,035,right,female,English,26,NA,Australia,keypress
58,congruent,"['The', 'PRIEST', 'that the', 'cook', 'PAID', 'signed', 'the', 'CHECK', 'at', 'the', 'BANK']",object,The priest paid the cook?,relative_clause,y,0,1.2879842780002946,035,right,female,English,26,NA,Australia,keypress
59,congruent,"['The', 'GIRL', 'that', 'PUSHED', 'the', 'NERD', 'broke the', 'VASE', 'with the', 'FLOWERS']",subject,The girl pushed the nerd?,relative_clause,y,1,1.3874969399985275,035,right,female,English,26,NA,Australia,keypress
60,other,"['The', 'BOY', 'who', 'HAD', 'a', 'BIRTHDAY', 'called', 'HIS', 'best', 'FRIEND', 'for a', 'CHAT']",assorted,The friend called the boy?,other,n,1,1.4746075430011842,035,right,female,English,26,NA,Australia,keypress
61,incongruent,"['THE', 'hat', 'THAT', 'matched', 'THE', 'skirt', 'HAD A', 'bow', 'IN THE', 'back']",subject,The hat matched the skirt?,relative_clause,y,1,1.2394334949985932,035,right,female,English,26,NA,Australia,keypress
62,other,"['The', 'COLOUR', 'of the', 'HOUSE', 'was', 'BRIGHTER', 'than the', 'MEN', 'who travelled', 'EXPECTED']",assorted,The men travelled?,other,y,1,1.9081323999998856,035,right,female,English,26,NA,Australia,keypress
63,incongruent,"['THE', 'crook', 'that the', 'THIEF', 'warned', 'fled', 'THE', 'town', 'the', 'NEXT', 'morning']",object,The crook warned the thief?,relative_clause,n,1,3.79641584500132,035,right,female,English,26,NA,Australia,keypress
64,congruent,"['The', 'GROOM', 'that', 'CHARMED', 'the', 'AUNT', 'raised a', 'TOAST', 'to the', 'PARENTS']",subject,The aunt raised a toast?,main_clause,n,1,1.5069807630006835,035,right,female,English,26,NA,Australia,keypress
65,other,"['The', 'DESK', 'was', 'NEW', 'but', 'DUSTY', 'and', 'COVERED', 'with old', 'BOOKS']",assorted,The desk was new?,other,y,1,1.1703945500012196,035,right,female,English,26,NA,Australia,keypress
66,congruent,"['The', 'BUM', 'that the', 'cop', 'SCARED', 'crossed', 'the', 'STREET', 'at', 'the', 'LIGHT']",object,The cop crossed the street?,main_clause,n,1,1.1723687659996358,035,right,female,English,26,NA,Australia,keypress
67,other,"['The', 'CAR', 'that was', 'NEW', 'had', 'JUST', 'been', 'CLEANED', 'by', 'THE', 'old', 'LADY']",assorted,The car was new?,other,y,1,1.1560983920007857,035,right,female,English,26,NA,Australia,keypress
68,incongruent,"['THE', 'guy', 'THAT', 'thanked', 'THE', 'judge', 'LEFT THE', 'room', 'WITH A', 'smile']",subject,The judge thanked the guy?,relative_clause,n,1,1.190389847000915,035,right,female,English,26,NA,Australia,keypress
69,congruent,"['The', 'BUG', 'that', 'ATTACKED', 'the', 'ANT', 'was as', 'BIG', 'as a', 'COIN']",subject,The bug attacked the ant?,relative_clause,y,1,1.4901272019997125,035,right,female,English,26,NA,Australia,keypress
70,incongruent,"['THE', 'desk', 'that the', 'BED', 'scratched', 'was', 'TOO', 'old', 'to', 'BE', 'moved']",object,The desk was too old?,main_clause,y,1,1.991798414001096,035,right,female,English,26,NA,Australia,keypress
71,incongruent,"['THE', 'thug', 'that the', 'MAN', 'saw', 'had', 'A', 'hat', 'on', 'HIS', 'head']",object,The man saw the thug?,relative_clause,y,1,1.1553873689990724,035,right,female,English,26,NA,Australia,keypress
72,congruent,"['The', 'FOX', 'that', 'CHASED', 'the', 'WOLF', 'hurt its', 'PAWS', 'on the', 'WAY']",subject,The wolf chased the fox?,relative_clause,n,1,1.256823849000284,035,right,female,English,26,NA,Australia,keypress
73,incongruent,"['THE', 'boss', 'that the', 'CLERK', 'mocked', 'had', 'A', 'crush', 'on', 'THE', 'intern']",object,The boss mocked the clerk?,relative_clause,n,1,1.1221953549993486,035,right,female,English,26,NA,Australia,keypress
1,other,"['The', 'MAN', 'was very', 'HUNGRY', 'after the', 'MEETING', 'so', 'HAD', 'lunch', 'EARLY']",assorted,The boy was hungry?,other,n,1,1.389560547999281,036,right,female,English,23,NA,Australia,keypress
2,incongruent,"['THE', 'friend', 'THAT', 'teased', 'THE', 'bride', 'TOLD A', 'joke', 'ABOUT THE', 'past']",subject,The bride told a joke?,main_clause,n,1,1.8745804899990617,036,right,female,English,23,NA,Australia,keypress
3,congruent,"['The', 'CAR', 'that the', 'truck', 'PULLED', 'had', 'a', 'SCRATCH', 'on', 'the', 'DOOR']",object,The car pulled the truck?,relative_clause,n,1,2.275501848998829,036,right,female,English,23,NA,Australia,keypress
4,other,"['The', 'RING', 'that', 'WAS', 'sadly', 'LOST', 'was', 'FOUND', 'by the', 'FAT', 'and', 'VERY', 'happy', 'PRIEST']",assorted,The priest was sad?,other,n,1,2.643834534999769,036,right,female,English,23,NA,Australia,keypress
5,incongruent,"['THE', 'knight', 'that the', 'KING', 'helped', 'sent', 'A', 'gift', 'from', 'HIS', 'castle']",object,The knight helped the king?,relative_clause,n,1,1.8915254799976535,036,right,female,English,23,NA,Australia,keypress
6,congruent,"['The', 'GUEST', 'that the', 'host', 'KISSED', 'brought', 'a', 'CAKE', 'to', 'the', 'PARTY']",object,The guest brought a cake?,main_clause,y,1,1.9254092800001672,036,right,female,English,23,NA,Australia,keypress
7,incongruent,"['THE', 'clerk', 'that the', 'BOSS', 'liked', 'had', 'A', 'desk', 'by', 'THE', 'window']",object,The boss had a desk by the window?,main_clause,n,1,4.963805733001209,036,right,female,English,23,NA,Australia,keypress
8,incongruent,"['THE', 'guy', 'that the', 'JUDGE', 'thanked', 'left', 'THE', 'room', 'with', 'A', 'smile']",object,The judge thanked the guy?,relative_clause,y,1,2.6411597980004444,036,right,female,English,23,NA,Australia,keypress
9,other,"['The', 'HAT', 'that was', 'WORN', 'by the', 'BOY', 'with a', 'JACKET', 'was too', 'SMALL', 'for the', 'MAN']",assorted,The jacket was too small?,other,y,0,2.0248078409968,036,right,female,English,23,NA,Australia,keypress
10,other,"['The', 'MAN', 'who was', 'SHORT', 'gave his', 'WIFE', 'some red', 'CANDLES', 'for her', 'BIRTHDAY']",assorted,The man was short?,other,y,1,1.8084352430014403,036,right,female,English,23,NA,Australia,keypress
11,incongruent,"['THE', 'nurse', 'THAT', 'blamed', 'THE', 'coach', 'CHECKED THE', 'file', 'OF THE', 'gymnast']",subject,The nurse checked the file?,main_clause,y,1,1.3563678550017355,036,right,female,English,23,NA,Australia,keypress
12,other,"['The', 'DOG', 'that', 'BARKED', 'is very', 'BIG', 'and very', 'FRIENDLY', 'but', 'DOESN’T', 'like', 'CATS']",assorted,The dog is very big?,other,y,1,1.6080583350012605,036,right,female,English,23,NA,Australia,keypress
13,congruent,"['The', 'NIECE', 'that', 'KISSED', 'the', 'AUNT', 'sang a', 'SONG', 'for the', 'GUESTS']",subject,The niece kissed the aunt?,relative_clause,y,1,1.3031949149990396,036,right,female,English,23,NA,Australia,keypress
14,congruent,"['The', 'DEAN', 'that the', 'boy', 'CALLED', 'had', 'a', 'VOICE', 'full', 'of', 'ANGER']",object,The boy called the dean?,relative_clause,y,1,2.1419423810002627,036,right,female,English,23,NA,Australia,keypress
15,incongruent,"['THE', 'whale', 'that the', 'SHARK', 'bit', 'won', 'THE', 'fight', 'in', 'THE', 'end']",object,The shark won the fight?,main_clause,n,1,2.794177865001984,036,right,female,English,23,NA,Australia,keypress
16,other,"['The', 'BOSS', 'was', 'HAPPY', 'to', 'SEE', 'the', 'WORK', 'that', 'THE', 'two', 'GIRLS', 'had', 'DONE']",assorted,The girls were happy?,other,n,1,1.2393667989999813,036,right,female,English,23,NA,Australia,keypress
17,incongruent,"['THE', 'bug', 'THAT', 'attacked', 'THE', 'ant', 'WAS AS', 'big', 'AS A', 'coin']",subject,The ant attacked the bug?,relative_clause,n,1,1.7072981050005185,036,right,female,English,23,NA,Australia,keypress
18,other,"['The', 'CUP', 'was', 'MADE', 'from green', 'PLASTIC', 'and was', 'FILLED', 'with', 'JUICE']",assorted,The cup was made from plastic?,other,y,1,1.805593263001356,036,right,female,English,23,NA,Australia,keypress
19,other,"['The', 'COLOUR', 'of the', 'HOUSE', 'was', 'BRIGHTER', 'than the', 'MEN', 'who travelled', 'EXPECTED']",assorted,The men were colourfully dressed?,other,n,1,2.375742509997508,036,right,female,English,23,NA,Australia,keypress
20,congruent,"['The', 'GIRL', 'that the', 'nerd', 'THANKED', 'broke', 'the', 'VASE', 'with', 'the', 'FLOWERS']",object,The girl broke the vase?,main_clause,y,1,1.9909868909999204,036,right,female,English,23,NA,Australia,keypress
21,other,"['The', 'GIRL', 'on', 'THE', 'school', 'TRIP', 'saw a', 'FROG', 'and', 'LATER', 'she', 'SAW', 'a', 'MOUSE']",assorted,The girl saw a mouse first?,other,n,1,1.5230775519994495,036,right,female,English,23,NA,Australia,keypress
22,incongruent,"['THE', 'boy', 'that the', 'GIRL', 'helped', 'got', 'AN', 'A', 'on', 'THE', 'test']",object,The boy helped the girl?,relative_clause,n,1,1.6904672070013476,036,right,female,English,23,NA,Australia,keypress
23,incongruent,"['THE', 'dean', 'that the', 'GUARD', 'heard', 'made', 'A', 'call', 'about', 'THE', 'matter']",object,The dean made a call?,main_clause,y,1,1.2203022020003118,036,right,female,English,23,NA,Australia,keypress
24,incongruent,"['THE', 'count', 'THAT', 'knew', 'THE', 'queen', 'OWNED A', 'castle', 'BY THE', 'lake']",subject,The queen knew the count?,relative_clause,y,0,1.825175770001806,036,right,female,English,23,NA,Australia,keypress
25,other,"['The', 'DESSERT', 'was', 'SERVED', 'with', 'CUSTARD', 'and', 'FRUIT', 'then', 'THERE', 'was', 'COFFEE']",assorted,The coffee was before dessert?,other,n,1,1.8892859500010672,036,right,female,English,23,NA,Australia,keypress
26,incongruent,"['THE', 'groom', 'that the', 'AUNT', 'charmed', 'raised', 'A', 'toast', 'to', 'THE', 'parents']",object,The groom raised a toast?,main_clause,y,1,1.6250901659986994,036,right,female,English,23,NA,Australia,keypress
27,other,"['The', 'FISH', 'was', 'CAUGHT', 'by the', 'GIRL', 'on the', 'BOAT', 'on a', 'FRIDAY']",assorted,The fish was caught by the boy?,other,n,1,1.5707889729965243,036,right,female,English,23,NA,Australia,keypress
28,congruent,"['The', 'PRIEST', 'that', 'PAID', 'the', 'COOK', 'signed the', 'CHECK', 'at the', 'BANK']",subject,The cook signed the check?,main_clause,n,1,1.573585730002378,036,right,female,English,23,NA,Australia,keypress
29,other,"['The', 'CAT', 'chased the', 'BIRD', 'but', 'IT', 'flew', 'AWAY', 'into the', 'SUNSET']",assorted,The cat chased the bird?,other,y,1,1.2708200619999843,036,right,female,English,23,NA,Australia,keypress
30,incongruent,"['THE', 'kid', 'THAT', 'followed', 'THE', 'dad', 'HAD SOME', 'mud', 'ON HIS', 'shoes']",subject,The dad had some mud on his shoes?,main_clause,n,1,3.093925806999323,036,right,female,English,23,NA,Australia,keypress
31,incongruent,"['THE', 'fox', 'that the', 'WOLF', 'chased', 'hurt', 'ITS', 'paws', 'on', 'THE', 'way']",object,The wolf hurt its paws?,main_clause,n,1,1.8915787280020595,036,right,female,English,23,NA,Australia,keypress
32,congruent,"['The', 'PRINCE', 'that', 'HELPED', 'the', 'GIRL', 'had a', 'HEAD', 'of blonde', 'HAIR']",subject,The girl helped the prince?,relative_clause,n,1,1.43959636100044,036,right,female,English,23,NA,Australia,keypress
33,congruent,"['The', 'CAT', 'that the', 'dog', 'FOUGHT', 'licked', 'its', 'WOUNDS', 'in', 'the', 'CORNER']",object,The dog fought the cat?,relative_clause,n,0,1.172865535998426,036,right,female,English,23,NA,Australia,keypress
34,other,"['The', 'DESK', 'was', 'NEW', 'but', 'DUSTY', 'and', 'COVERED', 'with old', 'BOOKS']",assorted,The desk was old?,other,y,0,1.4402011710008082,036,right,female,English,23,NA,Australia,keypress
35,other,"['The', 'BOY', 'who', 'HAD', 'a', 'BIRTHDAY', 'called', 'HIS', 'best', 'FRIEND', 'for a', 'CHAT']",assorted,The boy called his best friend?,other,y,1,1.789468429000408,036,right,female,English,23,NA,Australia,keypress
36,congruent,"['The', 'TRADIE', 'that the', 'man', 'THANKED', 'left', 'his', 'WALLET', 'in', 'the', 'CAR']",object,The tradie left his wallet?,main_clause,y,1,1.5070831230004842,036,right,female,English,23,NA,Australia,keypress
37,incongruent,"['THE', 'maid', 'that the', 'CHEF', 'loved', 'quit', 'THE', 'job', 'at', 'THE', 'house']",object,The chef loved the maid?,relative_clause,y,1,1.3065017370026908,036,right,female,English,23,NA,Australia,keypress
38,congruent,"['The', 'ROD', 'that', 'BENT', 'the', 'PIPE', 'had a', 'HOLE', 'in the', 'MIDDLE']",subject,The rod bent the pipe?,relative_clause,y,1,2.5572722950018942,036,right,female,English,23,NA,Australia,keypress
39,incongruent,"['THE', 'cook', 'THAT', 'hugged', 'THE', 'maid', 'HAD A', 'tear', 'ON HER', 'cheek']",subject,The cook hugged the maid?,relative_clause,y,1,1.091172821001237,036,right,female,English,23,NA,Australia,keypress
40,incongruent,"['THE', 'king', 'THAT', 'pleased', 'THE', 'guest', 'POURED THE', 'wine', 'FROM THE', 'jug']",subject,The king pleased the guest?,relative_clause,y,1,1.0059859590000997,036,right,female,English,23,NA,Australia,keypress
41,other,"['The', 'GIRL', 'and the', 'BOY', 'that', 'OWNED', 'the', 'HORSE', 'had', 'MUD', 'on their', 'CLOTHES']",assorted,The boy and girl own a horse?,other,y,1,1.3070745500008345,036,right,female,English,23,NA,Australia,keypress
42,incongruent,"['THE', 'scout', 'that the', 'COACH', 'punched', 'had', 'A', 'fight', 'with', 'A', 'manager']",object,The scout had a fight?,main_clause,y,1,1.4071173720003571,036,right,female,English,23,NA,Australia,keypress
43,incongruent,"['THE', 'desk', 'THAT', 'scratched', 'THE', 'bed', 'WAS TOO', 'old', 'TO BE', 'moved']",subject,The desk was too old?,main_clause,y,1,2.343712656002026,036,right,female,English,23,NA,Australia,keypress
44,incongruent,"['THE', 'thug', 'THAT', 'saw', 'THE', 'man', 'HAD A', 'hat', 'ON HIS', 'head']",subject,The thug had a hat on his head?,main_clause,y,1,1.4400052650016733,036,right,female,English,23,NA,Australia,keypress
45,congruent,"['The', 'CROOK', 'that the', 'thief', 'WARNED', 'fled', 'the', 'TOWN', 'the', 'next', 'MORNING']",object,The thief warned the crook?,relative_clause,n,0,1.5738081239978785,036,right,female,English,23,NA,Australia,keypress
46,other,"['The', 'JOB', 'that was', 'GIVEN', 'was', 'DIFFERENT', 'to', 'WHAT', 'she', 'EXPECTED']",assorted,The job was unexpected?,other,y,1,2.02490994999971,036,right,female,English,23,NA,Australia,keypress
47,other,"['The', 'CAR', 'that was', 'NEW', 'had', 'JUST', 'been', 'CLEANED', 'by', 'THE', 'old', 'LADY']",assorted,The car was new?,other,y,1,1.456730530000641,036,right,female,English,23,NA,Australia,keypress
48,other,"['The', 'CONCERT', 'started', 'LATER', 'than', 'WHAT', 'the', 'LADY', 'told the', 'TRAVELER']",assorted,The concert started later than the travellers expected?,other,n,0,2.9582196560004377,036,right,female,English,23,NA,Australia,keypress
49,other,"['The', 'GIRL', 'kicked the', 'BALL', 'into the', 'WINDOW', 'but it', 'DID', 'not', 'BREAK']",assorted,The girl kicked the ball?,other,y,1,1.1563688259993796,036,right,female,English,23,NA,Australia,keypress
50,incongruent,"['THE', 'boat', 'that the', 'YACHT', 'chased', 'made', 'A', 'turn', 'at', 'THE', 'boathouse']",object,The boat chased the yacht?,relative_clause,y,0,2.7608731239997724,036,right,female,English,23,NA,Australia,keypress
51,incongruent,"['THE', 'shelf', 'THAT', 'bumped', 'THE', 'piano', 'HAD SOME', 'dust', 'ON ITS', 'top']",subject,The piano had dust on its top?,main_clause,y,0,1.5572611530005815,036,right,female,English,23,NA,Australia,keypress
52,other,"['The', 'BOOK', 'that the', 'LADY', 'with a', 'TATTOO', 'had', 'WRITTEN', 'was her', 'BEST', 'book', 'YET']",assorted,The man wrote a book?,other,n,1,1.1556949980003992,036,right,female,English,23,NA,Australia,keypress
53,congruent,"['The', 'FRUIT', 'that the', 'cake', 'SQUASHED', 'made', 'a', 'MESS', 'in', 'the', 'BAG']",object,The fruit squashed the cake?,relative_clause,y,0,2.791833047998807,036,right,female,English,23,NA,Australia,keypress
54,incongruent,"['THE', 'nun', 'that the', 'MONK', 'blessed', 'lit', 'A', 'candle', 'on', 'THE', 'table']",object,The monk blessed the nun?,relative_clause,y,1,3.426635851003084,036,right,female,English,23,NA,Australia,keypress
55,congruent,"['The', 'BUM', 'that', 'SCARED', 'the', 'COP', 'crossed the', 'STREET', 'at the', 'LIGHT']",subject,The cop crossed the street?,main_clause,n,1,2.176235038001323,036,right,female,English,23,NA,Australia,keypress
56,other,"['The', 'BIKE', 'that was', 'YELLOW', 'and', 'SHINY', 'belonged', 'TO', 'the', 'BOY', 'with the', 'HAT']",assorted,The bike was shiny?,other,y,1,1.2875185619996046,036,right,female,English,23,NA,Australia,keypress
57,congruent,"['The', 'SAILOR', 'that', 'PUSHED', 'the', 'BANKER', 'hurt his', 'FOOT', 'in the', 'BRAWL']",subject,The sailor pushed the banker?,relative_clause,y,1,1.3749621639981342,036,right,female,English,23,NA,Australia,keypress
58,incongruent,"['THE', 'dancer', 'THAT', 'liked', 'THE', 'guy', 'WAS A', 'chef', 'IN THE', 'city']",subject,The dancer liked the guy?,relative_clause,y,1,1.3072987899977306,036,right,female,English,23,NA,Australia,keypress
59,other,"['The', 'BOX', 'was', 'MADE', 'from', 'WOOD', 'and was', 'FULL', 'of', 'THINGS', 'that', 'SHINED']",assorted,The box was shiny?,other,y,0,1.3905710610015376,036,right,female,English,23,NA,Australia,keypress
60,congruent,"['The', 'BLOKE', 'that', 'HELPED', 'the', 'MUM', 'gave a', 'GIFT', 'to say', 'THANKS']",subject,The mum helped the bloke?,relative_clause,n,1,1.1066448589990614,036,right,female,English,23,NA,Australia,keypress
61,congruent,"['The', 'THIEF', 'that', 'SAW', 'the', 'GUARD', 'had a', 'GUN', 'in his', 'HOLSTER']",subject,The thief had a gun?,main_clause,y,1,2.0090380029978405,036,right,female,English,23,NA,Australia,keypress
62,congruent,"['The', 'BOSS', 'that the', 'clerk', 'MOCKED', 'had', 'a', 'CRUSH', 'on', 'the', 'INTERN']",object,The clerk had a crush?,main_clause,n,1,4.3980451120005455,036,right,female,English,23,NA,Australia,keypress
63,congruent,"['The', 'HAT', 'that', 'MATCHED', 'the', 'SKIRT', 'had a', 'BOW', 'in the', 'BACK']",subject,The hat had a bow?,main_clause,y,1,2.7778058080002666,036,right,female,English,23,NA,Australia,keypress
64,congruent,"['The', 'TRUCK', 'that the', 'car', 'BUMPED', 'had', 'a', 'MAN', 'at', 'the', 'WHEEL']",object,The truck bumped the car?,relative_clause,n,1,4.077574900999025,036,right,female,English,23,NA,Australia,keypress
65,other,"['The', 'PIANO', 'was well', 'PLAYED', 'by', 'THE', 'old', 'LADY', 'but', 'IT', 'was', 'NOT', 'in', 'TUNE']",assorted,The piano was badly played?,other,n,1,1.5718625560002693,036,right,female,English,23,NA,Australia,keypress
66,other,"['The', 'WINE', 'that was', 'FANCY', 'was', 'KEPT', 'in the', 'CELLAR', 'for', 'NEARLY', 'ten', 'YEARS', 'and five', 'MONTHS']",assorted,The wine was bad?,other,n,1,1.405138713998895,036,right,female,English,23,NA,Australia,keypress
67,congruent,"['The', 'COP', 'that', 'MET', 'the', 'SPY', 'wrote a', 'BOOK', 'about the', 'CASE']",subject,The spy wrote a book?,main_clause,n,1,2.2566217810017406,036,right,female,English,23,NA,Australia,keypress
68,congruent,"['The', 'CHIEF', 'that', 'THANKED', 'the', 'GIRL', 'was too', 'LATE', 'for the', 'BUS']",subject,The chief was too late?,main_clause,y,1,1.6735414899994794,036,right,female,English,23,NA,Australia,keypress
69,other,"['The', 'APPLES', 'that', 'THE', 'couple', 'BOUGHT', 'at the', 'MARKET', 'were', 'RED']",assorted,The couple bought some apples?,other,y,1,2.5929093749982712,036,right,female,English,23,NA,Australia,keypress
70,congruent,"['The', 'DAD', 'that the', 'chef', 'KNEW', 'had', 'a', 'SON', 'with', 'a', 'LIMP']",object,The chef had a son?,main_clause,y,0,1.356792006001342,036,right,female,English,23,NA,Australia,keypress
71,congruent,"['The', 'PRIEST', 'that the', 'nun', 'THANKED', 'left', 'the', 'CHURCH', 'in', 'a', 'HURRY']",object,The nun left the church?,main_clause,y,0,3.562777120001556,036,right,female,English,23,NA,Australia,keypress
72,incongruent,"['THE', 'man', 'THAT', 'phoned', 'THE', 'nurse', 'LEFT HIS', 'pills', 'AT THE', 'office']",subject,The nurse phoned the man?,relative_clause,n,1,1.2398860510002123,036,right,female,English,23,NA,Australia,keypress
73,congruent,"['The', 'OWL', 'that', 'SCARED', 'the', 'BAT', 'made a', 'LOOP', 'in the', 'AIR']",subject,The bat scared the owl?,relative_clause,n,1,1.4398369880000246,036,right,female,English,23,NA,Australia,keypress
1,congruent,"['The', 'GROOM', 'that the', 'aunt', 'CHARMED', 'raised', 'a', 'TOAST', 'to', 'the', 'PARENTS']",object,The groom charmed the aunt?,relative_clause,n,1,5.445869969,037,right,female,English,25,NA,Australia,keypress
2,congruent,"['The', 'SHELF', 'that', 'BUMPED', 'the', 'PIANO', 'had some', 'DUST', 'on its', 'TOP']",subject,The piano had dust on its top?,main_clause,n,1,2.6085385999999744,037,right,female,English,25,NA,Australia,keypress
3,congruent,"['The', 'DEAN', 'that the', 'boy', 'CALLED', 'had', 'a', 'VOICE', 'full', 'of', 'ANGER']",object,The boy called the dean?,relative_clause,n,0,4.677919707000001,037,right,female,English,25,NA,Australia,keypress
4,incongruent,"['THE', 'scout', 'THAT', 'punched', 'THE', 'coach', 'HAD A', 'fight', 'WITH A', 'manager']",subject,The scout punched the coach?,relative_clause,y,1,6.603605530999971,037,right,female,English,25,NA,Australia,keypress
5,other,"['The', 'JOB', 'that was', 'GIVEN', 'was', 'DIFFERENT', 'to', 'WHAT', 'she', 'EXPECTED']",assorted,The job was as expected?,other,n,1,2.2740863500000046,037,right,female,English,25,NA,Australia,keypress
6,incongruent,"['THE', 'guy', 'THAT', 'thanked', 'THE', 'judge', 'LEFT THE', 'room', 'WITH A', 'smile']",subject,The judge thanked the guy?,relative_clause,n,1,5.465232958999991,037,right,female,English,25,NA,Australia,keypress
7,incongruent,"['THE', 'cop', 'that the', 'SPY', 'met', 'wrote', 'A', 'book', 'about', 'THE', 'case']",object,The spy met the cop?,relative_clause,y,1,8.05796601999998,037,right,female,English,25,NA,Australia,keypress
8,congruent,"['The', 'NUN', 'that', 'BLESSED', 'the', 'MONK', 'lit a', 'CANDLE', 'on the', 'TABLE']",subject,The nun lit a candle?,main_clause,n,0,4.17996665000004,037,right,female,English,25,NA,Australia,keypress
9,other,"['The', 'CAT', 'chased the', 'BIRD', 'but', 'IT', 'flew', 'AWAY', 'into the', 'SUNSET']",assorted,The cat caught the bird?,other,n,1,1.5365362680000203,037,right,female,English,25,NA,Australia,keypress
10,incongruent,"['THE', 'truck', 'THAT', 'bumped', 'THE', 'car', 'HAD A', 'man', 'AT THE', 'wheel']",subject,The truck bumped the car?,relative_clause,y,1,4.865855830999976,037,right,female,English,25,NA,Australia,keypress
11,congruent,"['The', 'DANCER', 'that the', 'guy', 'LIKED', 'was', 'a', 'CHEF', 'in', 'the', 'CITY']",object,The guy was a chef?,main_clause,n,1,4.033259967999982,037,right,female,English,25,NA,Australia,keypress
12,congruent,"['The', 'KNIGHT', 'that the', 'king', 'HELPED', 'sent', 'a', 'GIFT', 'from', 'his', 'CASTLE']",object,The king sent a gift?,main_clause,n,1,5.3583233950000135,037,right,female,English,25,NA,Australia,keypress
13,incongruent,"['THE', 'thief', 'THAT', 'saw', 'THE', 'guard', 'HAD A', 'gun', 'IN HIS', 'holster']",subject,The thief had a gun?,main_clause,y,1,4.643990341000006,037,right,female,English,25,NA,Australia,keypress
14,other,"['The', 'RING', 'that', 'WAS', 'sadly', 'LOST', 'was', 'FOUND', 'by the', 'FAT', 'and', 'VERY', 'happy', 'PRIEST']",assorted,The priest was sad?,other,n,1,1.4282081559999824,037,right,female,English,25,NA,Australia,keypress
15,other,"['The', 'PIANO', 'was well', 'PLAYED', 'by', 'THE', 'old', 'LADY', 'but', 'IT', 'was', 'NOT', 'in', 'TUNE']",assorted,The piano was well played?,other,y,1,1.9911493169999517,037,right,female,English,25,NA,Australia,keypress
16,congruent,"['The', 'KING', 'that the', 'guest', 'PLEASED', 'poured', 'the', 'WINE', 'from', 'the', 'JUG']",object,The guest pleased the king?,relative_clause,y,1,5.211799647000021,037,right,female,English,25,NA,Australia,keypress
17,other,"['The', 'BIKE', 'that was', 'YELLOW', 'and', 'SHINY', 'belonged', 'TO', 'the', 'BOY', 'with the', 'HAT']",assorted,The bike was red?,other,y,0,2.8409349859999793,037,right,female,English,25,NA,Australia,keypress
18,other,"['The', 'DOG', 'that', 'BARKED', 'is very', 'BIG', 'and very', 'FRIENDLY', 'but', 'DOESN’T', 'like', 'CATS']",assorted,The dog is very fluffy?,other,n,1,1.134193974000027,037,right,female,English,25,NA,Australia,keypress
19,incongruent,"['THE', 'count', 'that the', 'QUEEN', 'knew', 'owned', 'A', 'castle', 'by', 'THE', 'lake']",object,The count owned a castle?,main_clause,y,1,4.8457278309999765,037,right,female,English,25,NA,Australia,keypress
20,congruent,"['The', 'BLOKE', 'that', 'HELPED', 'the', 'MUM', 'gave a', 'GIFT', 'to say', 'THANKS']",subject,The bloke helped the mum?,relative_clause,y,1,1.186260989999937,037,right,female,English,25,NA,Australia,keypress
21,incongruent,"['THE', 'clerk', 'that the', 'BOSS', 'liked', 'had', 'A', 'desk', 'by', 'THE', 'window']",object,The boss had a desk by the window?,main_clause,y,0,12.419623935999994,037,right,female,English,25,NA,Australia,keypress
22,incongruent,"['THE', 'boy', 'THAT', 'helped', 'THE', 'girl', 'GOT AN', 'A', 'ON THE', 'test']",subject,The boy helped the girl?,relative_clause,n,0,2.2862532870000223,037,right,female,English,25,NA,Australia,keypress
23,congruent,"['The', 'BUG', 'that the', 'ant', 'ATTACKED', 'was', 'as', 'BIG', 'as', 'a', 'COIN']",object,The ant was as big as a coin?,main_clause,n,1,3.516233482000075,037,right,female,English,25,NA,Australia,keypress
24,congruent,"['The', 'FRIEND', 'that the', 'bride', 'TEASED', 'told', 'a', 'JOKE', 'about', 'the', 'PAST']",object,The friend teased the bride?,relative_clause,n,1,5.598684877999972,037,right,female,English,25,NA,Australia,keypress
25,congruent,"['The', 'SAILOR', 'that the', 'banker', 'PUSHED', 'hurt', 'his', 'FOOT', 'in', 'the', 'BRAWL']",object,The sailor hurt his foot?,main_clause,y,1,1.7209813750000649,037,right,female,English,25,NA,Australia,keypress
26,incongruent,"['THE', 'car', 'THAT', 'pulled', 'THE', 'truck', 'HAD A', 'scratch', 'ON THE', 'door']",subject,The truck had a scratch?,main_clause,y,0,2.7828564889999825,037,right,female,English,25,NA,Australia,keypress
27,congruent,"['The', 'NIECE', 'that', 'KISSED', 'the', 'AUNT', 'sang a', 'SONG', 'for the', 'GUESTS']",subject,The niece kissed the aunt?,relative_clause,n,0,4.0790449559999615,037,right,female,English,25,NA,Australia,keypress
28,incongruent,"['THE', 'tradie', 'that the', 'MAN', 'thanked', 'left', 'HIS', 'wallet', 'in', 'THE', 'car']",object,The tradie thanked the man?,relative_clause,y,0,6.286699333999991,037,right,female,English,25,NA,Australia,keypress
29,congruent,"['The', 'GUEST', 'that the', 'host', 'KISSED', 'brought', 'a', 'CAKE', 'to', 'the', 'PARTY']",object,The guest brought a cake?,main_clause,y,1,3.2906070749999117,037,right,female,English,25,NA,Australia,keypress
30,other,"['The', 'BOY', 'who', 'HAD', 'a', 'BIRTHDAY', 'called', 'HIS', 'best', 'FRIEND', 'for a', 'CHAT']",assorted,The friend called the boy?,other,y,0,1.4374921610000229,037,right,female,English,25,NA,Australia,keypress
31,congruent,"['The', 'NURSE', 'that', 'BLAMED', 'the', 'COACH', 'checked the', 'FILE', 'of the', 'GYMNAST']",subject,The coach blamed the nurse?,relative_clause,y,0,4.669136662000028,037,right,female,English,25,NA,Australia,keypress
32,congruent,"['The', 'MAID', 'that', 'LOVED', 'the', 'CHEF', 'quit the', 'JOB', 'at the', 'HOUSE']",subject,The maid quit the job?,main_clause,y,1,2.0245843569999806,037,right,female,English,25,NA,Australia,keypress
33,congruent,"['The', 'PRIEST', 'that', 'THANKED', 'the', 'NUN', 'left the', 'CHURCH', 'in a', 'HURRY']",subject,The priest thanked the nun?,relative_clause,y,1,2.3634141600000476,037,right,female,English,25,NA,Australia,keypress
34,congruent,"['The', 'COOK', 'that the', 'maid', 'HUGGED', 'had', 'a', 'TEAR', 'on', 'her', 'CHEEK']",object,The cook had a tear on her cheek?,main_clause,y,1,3.2622473960000207,037,right,female,English,25,NA,Australia,keypress
35,other,"['The', 'CONCERT', 'started', 'LATER', 'than', 'WHAT', 'the', 'LADY', 'told the', 'TRAVELER']",assorted,The concert started later than the travellers expected?,other,y,1,1.9222658379999304,037,right,female,English,25,NA,Australia,keypress
36,incongruent,"['THE', 'priest', 'THAT', 'paid', 'THE', 'cook', 'SIGNED THE', 'check', 'AT THE', 'bank']",subject,The cook paid the priest?,relative_clause,n,1,4.647608331000015,037,right,female,English,25,NA,Australia,keypress
37,other,"['The', 'HAT', 'that was', 'WORN', 'by the', 'BOY', 'with a', 'JACKET', 'was too', 'SMALL', 'for the', 'MAN']",assorted,The jacket was too small?,other,y,0,1.6028264459999946,037,right,female,English,25,NA,Australia,keypress
38,incongruent,"['THE', 'crook', 'that the', 'THIEF', 'warned', 'fled', 'THE', 'town', 'the', 'NEXT', 'morning']",object,The thief fled the town?,main_clause,y,0,2.5473012100000005,037,right,female,English,25,NA,Australia,keypress
39,other,"['The', 'BOX', 'was', 'MADE', 'from', 'WOOD', 'and was', 'FULL', 'of', 'THINGS', 'that', 'SHINED']",assorted,The box was shiny?,other,n,1,5.803460868999991,037,right,female,English,25,NA,Australia,keypress
40,congruent,"['The', 'THUG', 'that', 'SAW', 'the', 'MAN', 'had a', 'HAT', 'on his', 'HEAD']",subject,The thug had a hat on his head?,main_clause,y,1,3.053474995999977,037,right,female,English,25,NA,Australia,keypress
41,incongruent,"['THE', 'prince', 'that the', 'GIRL', 'helped', 'had', 'A', 'head', 'of', 'BLONDE', 'hair']",object,The prince had blonde hair?,main_clause,d,0,7.022312439999951,037,right,female,English,25,NA,Australia,keypress
42,other,"['The', 'APPLES', 'that', 'THE', 'couple', 'BOUGHT', 'at the', 'MARKET', 'were', 'RED']",assorted,The couple bought some apples?,other,y,1,1.6025871150000055,037,right,female,English,25,NA,Australia,keypress
43,other,"['The', 'CAR', 'that was', 'NEW', 'had', 'JUST', 'been', 'CLEANED', 'by', 'THE', 'old', 'LADY']",assorted,The car was new?,other,y,1,1.070156339999926,037,right,female,English,25,NA,Australia,keypress
44,other,"['The', 'BOOK', 'that the', 'LADY', 'with a', 'TATTOO', 'had', 'WRITTEN', 'was her', 'BEST', 'book', 'YET']",assorted,The lady wrote a book?,other,y,1,0.7913739739999528,037,right,female,English,25,NA,Australia,keypress
45,congruent,"['The', 'MAN', 'that', 'PHONED', 'the', 'NURSE', 'left his', 'PILLS', 'at the', 'OFFICE']",subject,The nurse phoned the man?,relative_clause,n,1,5.465510456999937,037,right,female,English,25,NA,Australia,keypress
46,congruent,"['The', 'BOAT', 'that', 'CHASED', 'the', 'YACHT', 'made a', 'TURN', 'at the', 'BOATHOUSE']",subject,The yacht chased the boat?,relative_clause,n,1,1.1744159929999114,037,right,female,English,25,NA,Australia,keypress
47,incongruent,"['THE', 'dean', 'that the', 'GUARD', 'heard', 'made', 'A', 'call', 'about', 'THE', 'matter']",object,The dean heard the guard?,relative_clause,y,0,2.8718262469999445,037,right,female,English,25,NA,Australia,keypress
48,incongruent,"['THE', 'chief', 'that the', 'GIRL', 'thanked', 'was', 'TOO', 'late', 'for', 'THE', 'bus']",object,The chief was too late?,main_clause,y,1,1.536807551000038,037,right,female,English,25,NA,Australia,keypress
49,other,"['The', 'MAN', 'was very', 'HUNGRY', 'after the', 'MEETING', 'so', 'HAD', 'lunch', 'EARLY']",assorted,The boy was hungry?,other,n,1,1.2540378999999575,037,right,female,English,25,NA,Australia,keypress
50,other,"['The', 'DESSERT', 'was', 'SERVED', 'with', 'CUSTARD', 'and', 'FRUIT', 'then', 'THERE', 'was', 'COFFEE']",assorted,The coffee was before dessert?,other,n,1,2.3065346030000455,037,right,female,English,25,NA,Australia,keypress
51,incongruent,"['THE', 'owl', 'THAT', 'scared', 'THE', 'bat', 'MADE A', 'loop', 'IN THE', 'air']",subject,The bat made a loop?,main_clause,y,0,4.053457970000068,037,right,female,English,25,NA,Australia,keypress
52,other,"['The', 'WINE', 'that was', 'FANCY', 'was', 'KEPT', 'in the', 'CELLAR', 'for', 'NEARLY', 'ten', 'YEARS', 'and five', 'MONTHS']",assorted,The wine was fancy?,other,y,1,1.418450753999991,037,right,female,English,25,NA,Australia,keypress
53,other,"['The', 'COLOUR', 'of the', 'HOUSE', 'was', 'BRIGHTER', 'than the', 'MEN', 'who travelled', 'EXPECTED']",assorted,The men were colourfully dressed?,other,n,1,1.4047384799999918,037,right,female,English,25,NA,Australia,keypress
54,other,"['The', 'CUP', 'was', 'MADE', 'from green', 'PLASTIC', 'and was', 'FILLED', 'with', 'JUICE']",assorted,The cup was made from plastic?,other,y,1,3.67858680300003,037,right,female,English,25,NA,Australia,keypress
55,incongruent,"['THE', 'fruit', 'THAT', 'squashed', 'THE', 'cake', 'MADE A', 'mess', 'IN THE', 'bag']",subject,The cake squashed the fruit?,relative_clause,y,0,1.791399242000011,037,right,female,English,25,NA,Australia,keypress
56,incongruent,"['THE', 'fox', 'THAT', 'chased', 'THE', 'wolf', 'HURT ITS', 'paws', 'ON THE', 'way']",subject,The fox hurt its paws?,main_clause,y,1,2.9950944000000845,037,right,female,English,25,NA,Australia,keypress
57,incongruent,"['THE', 'desk', 'THAT', 'scratched', 'THE', 'bed', 'WAS TOO', 'old', 'TO BE', 'moved']",subject,The bed was too old?,main_clause,n,1,2.469518684000036,037,right,female,English,25,NA,Australia,keypress
58,other,"['The', 'MAN', 'who was', 'SHORT', 'gave his', 'WIFE', 'some red', 'CANDLES', 'for her', 'BIRTHDAY']",assorted,The man was short?,other,y,1,2.0427519699999266,037,right,female,English,25,NA,Australia,keypress
59,congruent,"['The', 'BUM', 'that', 'SCARED', 'the', 'COP', 'crossed the', 'STREET', 'at the', 'LIGHT']",subject,The cop crossed the street?,main_clause,n,1,4.461672357999987,037,right,female,English,25,NA,Australia,keypress
60,other,"['The', 'GIRL', 'and the', 'BOY', 'that', 'OWNED', 'the', 'HORSE', 'had', 'MUD', 'on their', 'CLOTHES']",assorted,The boy and girl own a horse?,other,y,1,1.7212798120000343,037,right,female,English,25,NA,Australia,keypress
61,incongruent,"['THE', 'hat', 'that the', 'SKIRT', 'matched', 'had', 'A', 'bow', 'in', 'THE', 'back']",object,The hat matched the skirt?,relative_clause,d,0,3.995683909999911,037,right,female,English,25,NA,Australia,keypress
62,congruent,"['The', 'KID', 'that the', 'dad', 'FOLLOWED', 'had', 'some', 'MUD', 'on', 'his', 'SHOES']",object,The dad followed the kid?,relative_clause,y,1,3.4316870170000584,037,right,female,English,25,NA,Australia,keypress
63,incongruent,"['THE', 'boss', 'that the', 'CLERK', 'mocked', 'had', 'A', 'crush', 'on', 'THE', 'intern']",object,The clerk mocked the boss?,relative_clause,y,1,1.8258239960000535,037,right,female,English,25,NA,Australia,keypress
64,other,"['The', 'FISH', 'was', 'CAUGHT', 'by the', 'GIRL', 'on the', 'BOAT', 'on a', 'FRIDAY']",assorted,The fish was caught by the girl?,other,y,1,2.681884898999897,037,right,female,English,25,NA,Australia,keypress
65,other,"['The', 'GIRL', 'on', 'THE', 'school', 'TRIP', 'saw a', 'FROG', 'and', 'LATER', 'she', 'SAW', 'a', 'MOUSE']",assorted,The girl saw a frog?,other,y,1,1.4210414619999483,037,right,female,English,25,NA,Australia,keypress
66,congruent,"['The', 'DAD', 'that', 'KNEW', 'the', 'CHEF', 'had a', 'SON', 'with a', 'LIMP']",subject,The chef had a son?,main_clause,n,1,2.920389398999987,037,right,female,English,25,NA,Australia,keypress
67,other,"['The', 'GIRL', 'kicked the', 'BALL', 'into the', 'WINDOW', 'but it', 'DID', 'not', 'BREAK']",assorted,The girl kicked the ball?,other,y,1,0.7961899140000241,037,right,female,English,25,NA,Australia,keypress
68,other,"['The', 'DESK', 'was', 'NEW', 'but', 'DUSTY', 'and', 'COVERED', 'with old', 'BOOKS']",assorted,The desk was new?,other,y,1,1.9916401630000564,037,right,female,English,25,NA,Australia,keypress
69,incongruent,"['THE', 'cat', 'that the', 'DOG', 'fought', 'licked', 'ITS', 'wounds', 'in', 'THE', 'corner']",object,The dog fought the cat?,relative_clause,n,0,1.3116246680001495,037,right,female,English,25,NA,Australia,keypress
70,other,"['The', 'BOSS', 'was', 'HAPPY', 'to', 'SEE', 'the', 'WORK', 'that', 'THE', 'two', 'GIRLS', 'had', 'DONE']",assorted,The girls were happy?,other,n,1,3.030546261000154,037,right,female,English,25,NA,Australia,keypress
71,congruent,"['The', 'WHALE', 'that the', 'shark', 'BIT', 'won', 'the', 'FIGHT', 'in', 'the', 'END']",object,The whale bit the shark?,relative_clause,y,0,3.131549393999876,037,right,female,English,25,NA,Australia,keypress
72,incongruent,"['THE', 'rod', 'that the', 'PIPE', 'bent', 'had', 'A', 'hole', 'in', 'THE', 'middle']",object,The pipe had a hole?,main_clause,y,0,3.1462704419998317,037,right,female,English,25,NA,Australia,keypress
73,incongruent,"['THE', 'girl', 'THAT', 'pushed', 'THE', 'nerd', 'BROKE THE', 'vase', 'WITH THE', 'flowers']",subject,The girl broke the vase?,main_clause,y,1,1.485492176000207,037,right,female,English,25,NA,Australia,keypress
1,other,"['The', 'GIRL', 'on', 'THE', 'school', 'TRIP', 'saw a', 'FROG', 'and', 'LATER', 'she', 'SAW', 'a', 'MOUSE']",assorted,The girl saw a mouse first?,other,n,1,1.7576641959999506,038,right,male,English,22,NA,Australia,keypress
2,incongruent,"['THE', 'guy', 'THAT', 'thanked', 'THE', 'judge', 'LEFT THE', 'room', 'WITH A', 'smile']",subject,The guy left the room?,main_clause,y,1,1.440135234999957,038,right,male,English,22,NA,Australia,keypress
3,other,"['The', 'BOY', 'who', 'HAD', 'a', 'BIRTHDAY', 'called', 'HIS', 'best', 'FRIEND', 'for a', 'CHAT']",assorted,The boy called his best friend?,other,y,1,1.4710069529999146,038,right,male,English,22,NA,Australia,keypress
4,congruent,"['The', 'CAT', 'that the', 'dog', 'FOUGHT', 'licked', 'its', 'WOUNDS', 'in', 'the', 'CORNER']",object,The cat licked its wounds?,main_clause,y,1,1.105599295999923,038,right,male,English,22,NA,Australia,keypress
5,congruent,"['The', 'DAD', 'that the', 'chef', 'KNEW', 'had', 'a', 'SON', 'with', 'a', 'LIMP']",object,The dad knew the chef?,relative_clause,y,0,1.657247765999955,038,right,male,English,22,NA,Australia,keypress
6,other,"['The', 'CAT', 'chased the', 'BIRD', 'but', 'IT', 'flew', 'AWAY', 'into the', 'SUNSET']",assorted,The cat caught the bird?,other,n,1,1.7569973769999478,038,right,male,English,22,NA,Australia,keypress
7,congruent,"['The', 'ROD', 'that the', 'pipe', 'BENT', 'had', 'a', 'HOLE', 'in', 'the', 'MIDDLE']",object,The pipe bent the rod?,relative_clause,n,0,2.092580881999993,038,right,male,English,22,NA,Australia,keypress
8,other,"['The', 'GIRL', 'and the', 'BOY', 'that', 'OWNED', 'the', 'HORSE', 'had', 'MUD', 'on their', 'CLOTHES']",assorted,The boy and girl own a horse?,other,y,1,1.3566776359999722,038,right,male,English,22,NA,Australia,keypress
9,incongruent,"['THE', 'tradie', 'THAT', 'thanked', 'THE', 'man', 'LEFT HIS', 'wallet', 'IN THE', 'car']",subject,The tradie left his wallet?,main_clause,y,1,1.4736496979999174,038,right,male,English,22,NA,Australia,keypress
10,other,"['The', 'MAN', 'who was', 'SHORT', 'gave his', 'WIFE', 'some red', 'CANDLES', 'for her', 'BIRTHDAY']",assorted,The man was short?,other,y,1,1.2398381479999898,038,right,male,English,22,NA,Australia,keypress
11,incongruent,"['THE', 'clerk', 'THAT', 'liked', 'THE', 'boss', 'HAD A', 'desk', 'BY THE', 'window']",subject,The boss had a desk by the window?,main_clause,n,1,1.657371183000123,038,right,male,English,22,NA,Australia,keypress
12,congruent,"['The', 'FOX', 'that', 'CHASED', 'the', 'WOLF', 'hurt its', 'PAWS', 'on the', 'WAY']",subject,The wolf chased the fox?,relative_clause,n,1,1.5065316100001382,038,right,male,English,22,NA,Australia,keypress
13,other,"['The', 'BIKE', 'that was', 'YELLOW', 'and', 'SHINY', 'belonged', 'TO', 'the', 'BOY', 'with the', 'HAT']",assorted,The bike was red?,other,n,1,0.9369057629999132,038,right,male,English,22,NA,Australia,keypress
14,congruent,"['The', 'MAN', 'that', 'PHONED', 'the', 'NURSE', 'left his', 'PILLS', 'at the', 'OFFICE']",subject,The man left the pills?,main_clause,y,1,0.8556592139998429,038,right,male,English,22,NA,Australia,keypress
15,congruent,"['The', 'KID', 'that', 'FOLLOWED', 'the', 'DAD', 'had some', 'MUD', 'on his', 'SHOES']",subject,The kid had some mud on his shoes?,main_clause,y,1,1.32326642299995,038,right,male,English,22,NA,Australia,keypress
16,incongruent,"['THE', 'dean', 'THAT', 'called', 'THE', 'boy', 'HAD A', 'voice', 'FULL OF', 'anger']",subject,The dean had a voice full of anger?,main_clause,y,1,1.1728064320000158,038,right,male,English,22,NA,Australia,keypress
17,incongruent,"['THE', 'whale', 'that the', 'SHARK', 'bit', 'won', 'THE', 'fight', 'in', 'THE', 'end']",object,The shark bit the whale?,relative_clause,n,0,0.7549189979999937,038,right,male,English,22,NA,Australia,keypress
18,congruent,"['The', 'PRIEST', 'that the', 'nun', 'THANKED', 'left', 'the', 'CHURCH', 'in', 'a', 'HURRY']",object,The nun left the church?,main_clause,n,1,1.439524762000019,038,right,male,English,22,NA,Australia,keypress
19,congruent,"['The', 'CHIEF', 'that the', 'girl', 'THANKED', 'was', 'too', 'LATE', 'for', 'the', 'BUS']",object,The chief thanked the girl?,relative_clause,y,0,1.0365584000001036,038,right,male,English,22,NA,Australia,keypress
20,other,"['The', 'CONCERT', 'started', 'LATER', 'than', 'WHAT', 'the', 'LADY', 'told the', 'TRAVELER']",assorted,The concert started later than the travellers expected?,other,y,1,3.777253634999852,038,right,male,English,22,NA,Australia,keypress
21,incongruent,"['THE', 'thug', 'that the', 'MAN', 'saw', 'had', 'A', 'hat', 'on', 'HIS', 'head']",object,The man had a hat on his head?,main_clause,n,1,1.1395481920001205,038,right,male,English,22,NA,Australia,keypress
22,other,"['The', 'JOB', 'that was', 'GIVEN', 'was', 'DIFFERENT', 'to', 'WHAT', 'she', 'EXPECTED']",assorted,The job was unexpected?,other,y,1,2.0257743320000827,038,right,male,English,22,NA,Australia,keypress
23,incongruent,"['THE', 'prince', 'THAT', 'helped', 'THE', 'girl', 'HAD A', 'head', 'OF BLONDE', 'hair']",subject,The prince helped the girl?,relative_clause,y,1,2.0393373419999534,038,right,male,English,22,NA,Australia,keypress
24,incongruent,"['THE', 'knight', 'that the', 'KING', 'helped', 'sent', 'A', 'gift', 'from', 'HIS', 'castle']",object,The king helped the knight?,relative_clause,n,0,2.509248958999933,038,right,male,English,22,NA,Australia,keypress
25,congruent,"['The', 'GUEST', 'that', 'KISSED', 'the', 'HOST', 'brought a', 'CAKE', 'to the', 'PARTY']",subject,The guest kissed the host?,relative_clause,d,0,2.309035983000058,038,right,male,English,22,NA,Australia,keypress
26,congruent,"['The', 'NIECE', 'that', 'KISSED', 'the', 'AUNT', 'sang a', 'SONG', 'for the', 'GUESTS']",subject,The aunt sang a song?,main_clause,n,1,0.921535282999912,038,right,male,English,22,NA,Australia,keypress
27,congruent,"['The', 'PRIEST', 'that', 'PAID', 'the', 'COOK', 'signed the', 'CHECK', 'at the', 'BANK']",subject,The cook paid the priest?,relative_clause,n,1,2.074271963000001,038,right,male,English,22,NA,Australia,keypress
28,congruent,"['The', 'BLOKE', 'that the', 'mum', 'HELPED', 'gave', 'a', 'GIFT', 'to', 'say', 'THANKS']",object,The mum gave a gift?,main_clause,n,1,1.4241724490000252,038,right,male,English,22,NA,Australia,keypress
29,incongruent,"['THE', 'groom', 'THAT', 'charmed', 'THE', 'aunt', 'RAISED A', 'toast', 'TO THE', 'parents']",subject,The groom charmed the aunt?,relative_clause,d,0,2.859702193999965,038,right,male,English,22,NA,Australia,keypress
30,incongruent,"['THE', 'shelf', 'that the', 'PIANO', 'bumped', 'had', 'SOME', 'dust', 'on', 'ITS', 'top']",object,The shelf had some dust on its top?,main_clause,y,1,3.6601224759999695,038,right,male,English,22,NA,Australia,keypress
31,incongruent,"['THE', 'cook', 'that the', 'MAID', 'hugged', 'had', 'A', 'tear', 'on', 'HER', 'cheek']",object,The cook had a tear on her cheek?,main_clause,y,1,2.7767176859999836,038,right,male,English,22,NA,Australia,keypress
32,congruent,"['The', 'SAILOR', 'that', 'PUSHED', 'the', 'BANKER', 'hurt his', 'FOOT', 'in the', 'BRAWL']",subject,The banker hurt his foot?,main_clause,d,0,2.442779150999968,038,right,male,English,22,NA,Australia,keypress
33,incongruent,"['THE', 'cop', 'THAT', 'met', 'THE', 'spy', 'WROTE A', 'book', 'ABOUT THE', 'case']",subject,The spy met the cop?,relative_clause,y,0,3.328904860000194,038,right,male,English,22,NA,Australia,keypress
34,incongruent,"['THE', 'bug', 'THAT', 'attacked', 'THE', 'ant', 'WAS AS', 'big', 'AS A', 'coin']",subject,The ant attacked the bug?,relative_clause,n,1,2.3764338849998694,038,right,male,English,22,NA,Australia,keypress
35,incongruent,"['THE', 'car', 'THAT', 'pulled', 'THE', 'truck', 'HAD A', 'scratch', 'ON THE', 'door']",subject,The truck had a scratch?,main_clause,y,0,1.925239663999946,038,right,male,English,22,NA,Australia,keypress
36,congruent,"['The', 'HAT', 'that', 'MATCHED', 'the', 'SKIRT', 'had a', 'BOW', 'in the', 'BACK']",subject,The hat matched the skirt?,relative_clause,y,1,1.6067729270000657,038,right,male,English,22,NA,Australia,keypress
37,incongruent,"['THE', 'dean', 'that the', 'GUARD', 'heard', 'made', 'A', 'call', 'about', 'THE', 'matter']",object,The guard made a call?,main_clause,d,0,1.890970805000052,038,right,male,English,22,NA,Australia,keypress
38,other,"['The', 'DESK', 'was', 'NEW', 'but', 'DUSTY', 'and', 'COVERED', 'with old', 'BOOKS']",assorted,The desk was new?,other,y,1,1.2899395280001045,038,right,male,English,22,NA,Australia,keypress
39,incongruent,"['THE', 'nurse', 'that the', 'COACH', 'blamed', 'checked', 'THE', 'file', 'of', 'THE', 'gymnast']",object,The coach blamed the nurse?,relative_clause,d,0,2.142472221999924,038,right,male,English,22,NA,Australia,keypress
40,incongruent,"['THE', 'friend', 'THAT', 'teased', 'THE', 'bride', 'TOLD A', 'joke', 'ABOUT THE', 'past']",subject,The bride told a joke?,main_clause,n,1,1.372523140000112,038,right,male,English,22,NA,Australia,keypress
41,congruent,"['The', 'OWL', 'that the', 'bat', 'SCARED', 'made', 'a', 'LOOP', 'in', 'the', 'AIR']",object,The bat scared the owl?,relative_clause,y,1,1.8077246409998224,038,right,male,English,22,NA,Australia,keypress
42,other,"['The', 'BOX', 'was', 'MADE', 'from', 'WOOD', 'and was', 'FULL', 'of', 'THINGS', 'that', 'SHINED']",assorted,The box was full of things?,other,y,1,1.421875927999963,038,right,male,English,22,NA,Australia,keypress
43,other,"['The', 'COLOUR', 'of the', 'HOUSE', 'was', 'BRIGHTER', 'than the', 'MEN', 'who travelled', 'EXPECTED']",assorted,The men were colourfully dressed?,other,n,1,3.3283199630000126,038,right,male,English,22,NA,Australia,keypress
44,congruent,"['The', 'FRUIT', 'that the', 'cake', 'SQUASHED', 'made', 'a', 'MESS', 'in', 'the', 'BAG']",object,The fruit made a mess?,main_clause,y,1,2.1387228690000484,038,right,male,English,22,NA,Australia,keypress
45,other,"['The', 'BOSS', 'was', 'HAPPY', 'to', 'SEE', 'the', 'WORK', 'that', 'THE', 'two', 'GIRLS', 'had', 'DONE']",assorted,The girls were happy?,other,n,1,1.1233982789999573,038,right,male,English,22,NA,Australia,keypress
46,other,"['The', 'WINE', 'that was', 'FANCY', 'was', 'KEPT', 'in the', 'CELLAR', 'for', 'NEARLY', 'ten', 'YEARS', 'and five', 'MONTHS']",assorted,The wine was fancy?,other,y,1,1.9252493899998624,038,right,male,English,22,NA,Australia,keypress
47,other,"['The', 'RING', 'that', 'WAS', 'sadly', 'LOST', 'was', 'FOUND', 'by the', 'FAT', 'and', 'VERY', 'happy', 'PRIEST']",assorted,The priest was sad?,other,d,0,3.1454689849999795,038,right,male,English,22,NA,Australia,keypress
48,other,"['The', 'CAR', 'that was', 'NEW', 'had', 'JUST', 'been', 'CLEANED', 'by', 'THE', 'old', 'LADY']",assorted,The car was new?,other,d,0,2.626334113999974,038,right,male,English,22,NA,Australia,keypress
49,incongruent,"['THE', 'desk', 'that the', 'BED', 'scratched', 'was', 'TOO', 'old', 'to', 'BE', 'moved']",object,The bed was too old?,main_clause,n,1,3.144067746000019,038,right,male,English,22,NA,Australia,keypress
50,congruent,"['The', 'BOAT', 'that the', 'yacht', 'CHASED', 'made', 'a', 'TURN', 'at', 'the', 'BOATHOUSE']",object,The boat chased the yacht?,relative_clause,n,1,4.011133647999941,038,right,male,English,22,NA,Australia,keypress
51,congruent,"['The', 'GIRL', 'that the', 'nerd', 'THANKED', 'broke', 'the', 'VASE', 'with', 'the', 'FLOWERS']",object,The nerd pushed the girl?,relative_clause,n,0,3.177603255000122,038,right,male,English,22,NA,Australia,keypress
52,other,"['The', 'DOG', 'that', 'BARKED', 'is very', 'BIG', 'and very', 'FRIENDLY', 'but', 'DOESN’T', 'like', 'CATS']",assorted,The dog is very big?,other,y,1,1.3394960610000908,038,right,male,English,22,NA,Australia,keypress
53,congruent,"['The', 'SCOUT', 'that', 'PUNCHED', 'the', 'COACH', 'had a', 'FIGHT', 'with a', 'MANAGER']",subject,The coach punched the scout?,relative_clause,n,1,1.908626427999934,038,right,male,English,22,NA,Australia,keypress
54,other,"['The', 'DESSERT', 'was', 'SERVED', 'with', 'CUSTARD', 'and', 'FRUIT', 'then', 'THERE', 'was', 'COFFEE']",assorted,The coffee was before dessert?,other,n,1,4.682387972000015,038,right,male,English,22,NA,Australia,keypress
55,other,"['The', 'PIANO', 'was well', 'PLAYED', 'by', 'THE', 'old', 'LADY', 'but', 'IT', 'was', 'NOT', 'in', 'TUNE']",assorted,The piano was well played?,other,y,1,1.3402444739999737,038,right,male,English,22,NA,Australia,keypress
56,other,"['The', 'HAT', 'that was', 'WORN', 'by the', 'BOY', 'with a', 'JACKET', 'was too', 'SMALL', 'for the', 'MAN']",assorted,The hat was too small?,other,y,1,4.682472974999882,038,right,male,English,22,NA,Australia,keypress
57,other,"['The', 'CUP', 'was', 'MADE', 'from green', 'PLASTIC', 'and was', 'FILLED', 'with', 'JUICE']",assorted,The cup was full of green juice?,other,n,1,1.9759649180000451,038,right,male,English,22,NA,Australia,keypress
58,congruent,"['The', 'BOY', 'that', 'HELPED', 'the', 'GIRL', 'got an', 'A', 'on the', 'TEST']",subject,The girl got an A?,main_clause,n,1,1.2389056419999631,038,right,male,English,22,NA,Australia,keypress
59,congruent,"['The', 'COUNT', 'that the', 'queen', 'KNEW', 'owned', 'a', 'CASTLE', 'by', 'the', 'LAKE']",object,The count owned a castle?,main_clause,y,1,1.59078664499998,038,right,male,English,22,NA,Australia,keypress
60,other,"['The', 'GIRL', 'kicked the', 'BALL', 'into the', 'WINDOW', 'but it', 'DID', 'not', 'BREAK']",assorted,The girl broke the window?,other,n,1,3.211619748999965,038,right,male,English,22,NA,Australia,keypress
61,incongruent,"['THE', 'boss', 'that the', 'CLERK', 'mocked', 'had', 'A', 'crush', 'on', 'THE', 'intern']",object,The boss mocked the clerk?,relative_clause,y,0,2.893662555999981,038,right,male,English,22,NA,Australia,keypress
62,incongruent,"['THE', 'king', 'THAT', 'pleased', 'THE', 'guest', 'POURED THE', 'wine', 'FROM THE', 'jug']",subject,The guest pleased the king?,relative_clause,n,1,1.740749649999998,038,right,male,English,22,NA,Australia,keypress
63,other,"['The', 'MAN', 'was very', 'HUNGRY', 'after the', 'MEETING', 'so', 'HAD', 'lunch', 'EARLY']",assorted,The boy was hungry?,other,n,1,1.7903308360000665,038,right,male,English,22,NA,Australia,keypress
64,incongruent,"['THE', 'dancer', 'that the', 'GUY', 'liked', 'was', 'A', 'chef', 'in', 'THE', 'city']",object,The dancer was a chef?,main_clause,y,1,0.90287080600001,038,right,male,English,22,NA,Australia,keypress
65,congruent,"['The', 'CROOK', 'that', 'WARNED', 'the', 'THIEF', 'fled the', 'TOWN', 'the next', 'MORNING']",subject,The crook warned the thief?,relative_clause,y,1,2.175766317999887,038,right,male,English,22,NA,Australia,keypress
66,congruent,"['The', 'THIEF', 'that the', 'guard', 'SAW', 'had', 'a', 'GUN', 'in', 'his', 'HOLSTER']",object,The guard had a gun?,main_clause,n,1,1.072562543999993,038,right,male,English,22,NA,Australia,keypress
67,incongruent,"['THE', 'maid', 'that the', 'CHEF', 'loved', 'quit', 'THE', 'job', 'at', 'THE', 'house']",object,The maid loved the chef?,relative_clause,n,1,1.8415416920001917,038,right,male,English,22,NA,Australia,keypress
68,other,"['The', 'FISH', 'was', 'CAUGHT', 'by the', 'GIRL', 'on the', 'BOAT', 'on a', 'FRIDAY']",assorted,The fish was caught by the boy?,other,n,1,1.5245857419999993,038,right,male,English,22,NA,Australia,keypress
69,congruent,"['The', 'BUM', 'that', 'SCARED', 'the', 'COP', 'crossed the', 'STREET', 'at the', 'LIGHT']",subject,The bum crossed the street?,main_clause,y,1,0.8721690659999695,038,right,male,English,22,NA,Australia,keypress
70,other,"['The', 'APPLES', 'that', 'THE', 'couple', 'BOUGHT', 'at the', 'MARKET', 'were', 'RED']",assorted,The couple bought green apples?,other,n,1,1.10583595900016,038,right,male,English,22,NA,Australia,keypress
71,other,"['The', 'BOOK', 'that the', 'LADY', 'with a', 'TATTOO', 'had', 'WRITTEN', 'was her', 'BEST', 'book', 'YET']",assorted,The man wrote a book?,other,n,1,0.8859104430000571,038,right,male,English,22,NA,Australia,keypress
72,incongruent,"['THE', 'truck', 'that the', 'CAR', 'bumped', 'had', 'A', 'man', 'at', 'THE', 'wheel']",object,The truck bumped the car?,relative_clause,y,0,1.6242453300001216,038,right,male,English,22,NA,Australia,keypress
73,incongruent,"['THE', 'nun', 'THAT', 'blessed', 'THE', 'monk', 'LIT A', 'candle', 'ON THE', 'table']",subject,The nun blessed the monk?,relative_clause,y,1,1.523684828999876,038,right,male,English,22,NA,Australia,keypress
1,congruent,"['The', 'GUY', 'that the', 'judge', 'THANKED', 'left', 'the', 'ROOM', 'with', 'a', 'SMILE']",object,The guy thanked the judge?,relative_clause,y,0,1.3397839220015155,039,right,female,English,23,NA,Australia,keypress
2,incongruent,"['THE', 'maid', 'THAT', 'loved', 'THE', 'chef', 'QUIT THE', 'job', 'AT THE', 'house']",subject,The maid loved the chef?,relative_clause,y,1,1.222587593998469,039,right,female,English,23,NA,Australia,keypress
3,incongruent,"['THE', 'count', 'THAT', 'knew', 'THE', 'queen', 'OWNED A', 'castle', 'BY THE', 'lake']",subject,The count knew the queen?,relative_clause,y,1,1.05573632800224,039,right,female,English,23,NA,Australia,keypress
4,congruent,"['The', 'KING', 'that', 'PLEASED', 'the', 'GUEST', 'poured the', 'WINE', 'from the', 'JUG']",subject,The guest poured the wine?,main_clause,n,1,1.3063826479992713,039,right,female,English,23,NA,Australia,keypress
5,incongruent,"['THE', 'car', 'THAT', 'pulled', 'THE', 'truck', 'HAD A', 'scratch', 'ON THE', 'door']",subject,The car had a scratch?,main_clause,y,1,1.3903775529979612,039,right,female,English,23,NA,Australia,keypress
6,other,"['The', 'RING', 'that', 'WAS', 'sadly', 'LOST', 'was', 'FOUND', 'by the', 'FAT', 'and', 'VERY', 'happy', 'PRIEST']",assorted,The priest was sad?,other,n,1,1.641140241001267,039,right,female,English,23,NA,Australia,keypress
7,congruent,"['The', 'DEAN', 'that', 'HEARD', 'the', 'GUARD', 'made a', 'CALL', 'about the', 'MATTER']",subject,The guard made a call?,main_clause,n,1,1.8254728770007205,039,right,female,English,23,NA,Australia,keypress
8,incongruent,"['THE', 'cop', 'that the', 'SPY', 'met', 'wrote', 'A', 'book', 'about', 'THE', 'case']",object,The cop met the spy?,relative_clause,y,0,1.7577552270013257,039,right,female,English,23,NA,Australia,keypress
9,incongruent,"['THE', 'priest', 'THAT', 'paid', 'THE', 'cook', 'SIGNED THE', 'check', 'AT THE', 'bank']",subject,The cook signed the check?,main_clause,n,1,2.526953047999996,039,right,female,English,23,NA,Australia,keypress
10,congruent,"['The', 'GROOM', 'that the', 'aunt', 'CHARMED', 'raised', 'a', 'TOAST', 'to', 'the', 'PARENTS']",object,The aunt charmed the groom?,relative_clause,y,1,2.0755406450007285,039,right,female,English,23,NA,Australia,keypress
11,congruent,"['The', 'KID', 'that the', 'dad', 'FOLLOWED', 'had', 'some', 'MUD', 'on', 'his', 'SHOES']",object,The kid had some mud on his shoes?,main_clause,y,1,2.142107761999796,039,right,female,English,23,NA,Australia,keypress
12,incongruent,"['THE', 'tradie', 'THAT', 'thanked', 'THE', 'man', 'LEFT HIS', 'wallet', 'IN THE', 'car']",subject,The man thanked the tradie?,relative_clause,n,1,1.5738670650025597,039,right,female,English,23,NA,Australia,keypress
13,incongruent,"['THE', 'fox', 'THAT', 'chased', 'THE', 'wolf', 'HURT ITS', 'paws', 'ON THE', 'way']",subject,The wolf hurt its paws?,main_clause,n,1,2.2931941089991597,039,right,female,English,23,NA,Australia,keypress
14,incongruent,"['THE', 'priest', 'THAT', 'thanked', 'THE', 'nun', 'LEFT THE', 'church', 'IN A', 'hurry']",subject,The priest left the church?,main_clause,y,1,1.5411665809988335,039,right,female,English,23,NA,Australia,keypress
15,incongruent,"['THE', 'bug', 'that the', 'ANT', 'attacked', 'was', 'AS', 'big', 'as', 'A', 'coin']",object,The bug was as big as a coin?,main_clause,y,1,1.471136963002209,039,right,female,English,23,NA,Australia,keypress
16,other,"['The', 'BIKE', 'that was', 'YELLOW', 'and', 'SHINY', 'belonged', 'TO', 'the', 'BOY', 'with the', 'HAT']",assorted,The bike was shiny?,other,y,1,1.122318855002959,039,right,female,English,23,NA,Australia,keypress
17,congruent,"['The', 'SCOUT', 'that the', 'coach', 'PUNCHED', 'had', 'a', 'FIGHT', 'with', 'a', 'MANAGER']",object,The scout punched the coach?,relative_clause,n,1,1.924183183000423,039,right,female,English,23,NA,Australia,keypress
18,incongruent,"['THE', 'chief', 'THAT', 'thanked', 'THE', 'girl', 'WAS TOO', 'late', 'FOR THE', 'bus']",subject,The chief thanked the girl?,relative_clause,y,1,1.1057097900011286,039,right,female,English,23,NA,Australia,keypress
19,incongruent,"['THE', 'thug', 'that the', 'MAN', 'saw', 'had', 'A', 'hat', 'on', 'HIS', 'head']",object,The man had a hat on his head?,main_clause,y,0,2.2258176390023436,039,right,female,English,23,NA,Australia,keypress
20,incongruent,"['THE', 'crook', 'THAT', 'warned', 'THE', 'thief', 'FLED THE', 'town', 'THE NEXT', 'morning']",subject,The thief warned the crook?,relative_clause,n,1,1.922333737998997,039,right,female,English,23,NA,Australia,keypress
21,congruent,"['The', 'FRUIT', 'that', 'SQUASHED', 'the', 'CAKE', 'made a', 'MESS', 'in the', 'BAG']",subject,The fruit made a mess?,main_clause,y,1,1.290854004000721,039,right,female,English,23,NA,Australia,keypress
22,congruent,"['The', 'CAT', 'that the', 'dog', 'FOUGHT', 'licked', 'its', 'WOUNDS', 'in', 'the', 'CORNER']",object,The dog fought the cat?,relative_clause,n,0,1.289337701000477,039,right,female,English,23,NA,Australia,keypress
23,other,"['The', 'DOG', 'that', 'BARKED', 'is very', 'BIG', 'and very', 'FRIENDLY', 'but', 'DOESN’T', 'like', 'CATS']",assorted,The dog is very fluffy?,other,n,1,1.1566539879968332,039,right,female,English,23,NA,Australia,keypress
24,other,"['The', 'BOX', 'was', 'MADE', 'from', 'WOOD', 'and was', 'FULL', 'of', 'THINGS', 'that', 'SHINED']",assorted,The box was full of things?,other,y,1,1.223567314002139,039,right,female,English,23,NA,Australia,keypress
25,congruent,"['The', 'SHELF', 'that', 'BUMPED', 'the', 'PIANO', 'had some', 'DUST', 'on its', 'TOP']",subject,The shelf had some dust on its top?,main_clause,y,1,1.4064506809991144,039,right,female,English,23,NA,Australia,keypress
26,other,"['The', 'APPLES', 'that', 'THE', 'couple', 'BOUGHT', 'at the', 'MARKET', 'were', 'RED']",assorted,The couple bought some apples?,other,y,1,1.272565171999304,039,right,female,English,23,NA,Australia,keypress
27,congruent,"['The', 'NIECE', 'that the', 'aunt', 'KISSED', 'sang', 'a', 'SONG', 'for', 'the', 'GUESTS']",object,The niece sang a song?,main_clause,y,1,1.871801504999894,039,right,female,English,23,NA,Australia,keypress
28,other,"['The', 'MAN', 'who was', 'SHORT', 'gave his', 'WIFE', 'some red', 'CANDLES', 'for her', 'BIRTHDAY']",assorted,The man was short?,other,y,1,0.6878849300010188,039,right,female,English,23,NA,Australia,keypress
29,congruent,"['The', 'ROD', 'that the', 'pipe', 'BENT', 'had', 'a', 'HOLE', 'in', 'the', 'MIDDLE']",object,The rod had a hole?,main_clause,y,1,2.6094773530021484,039,right,female,English,23,NA,Australia,keypress
30,other,"['The', 'FISH', 'was', 'CAUGHT', 'by the', 'GIRL', 'on the', 'BOAT', 'on a', 'FRIDAY']",assorted,The fish was caught by the boy?,other,n,1,1.15594265099935,039,right,female,English,23,NA,Australia,keypress
31,congruent,"['The', 'OWL', 'that the', 'bat', 'SCARED', 'made', 'a', 'LOOP', 'in', 'the', 'AIR']",object,The owl scared the bat?,relative_clause,y,0,1.6572178400019766,039,right,female,English,23,NA,Australia,keypress
32,incongruent,"['THE', 'bum', 'that the', 'COP', 'scared', 'crossed', 'THE', 'street', 'at', 'THE', 'light']",object,The cop scared the bum?,relative_clause,y,1,2.092046929999924,039,right,female,English,23,NA,Australia,keypress
33,congruent,"['The', 'MAN', 'that the', 'nurse', 'PHONED', 'left', 'his', 'PILLS', 'at', 'the', 'OFFICE']",object,The nurse left the pills?,main_clause,n,1,2.192659990003449,039,right,female,English,23,NA,Australia,keypress
34,other,"['The', 'WINE', 'that was', 'FANCY', 'was', 'KEPT', 'in the', 'CELLAR', 'for', 'NEARLY', 'ten', 'YEARS', 'and five', 'MONTHS']",assorted,The wine was bad?,other,n,1,1.0226736290023837,039,right,female,English,23,NA,Australia,keypress
35,incongruent,"['THE', 'truck', 'that the', 'CAR', 'bumped', 'had', 'A', 'man', 'at', 'THE', 'wheel']",object,The truck had a man at the wheel?,main_clause,y,1,3.044512795000628,039,right,female,English,23,NA,Australia,keypress
36,other,"['The', 'HAT', 'that was', 'WORN', 'by the', 'BOY', 'with a', 'JACKET', 'was too', 'SMALL', 'for the', 'MAN']",assorted,The jacket was too small?,other,y,0,1.2896962329978123,039,right,female,English,23,NA,Australia,keypress
37,incongruent,"['THE', 'bloke', 'that the', 'MUM', 'helped', 'gave', 'A', 'gift', 'to', 'SAY', 'thanks']",object,The bloke helped the mum?,relative_clause,y,0,1.1060505310015287,039,right,female,English,23,NA,Australia,keypress
38,other,"['The', 'PIANO', 'was well', 'PLAYED', 'by', 'THE', 'old', 'LADY', 'but', 'IT', 'was', 'NOT', 'in', 'TUNE']",assorted,The piano was well played?,other,y,1,1.5750383449994845,039,right,female,English,23,NA,Australia,keypress
39,incongruent,"['THE', 'dancer', 'THAT', 'liked', 'THE', 'guy', 'WAS A', 'chef', 'IN THE', 'city']",subject,The dancer was a chef?,main_clause,y,1,1.841039721002744,039,right,female,English,23,NA,Australia,keypress
40,congruent,"['The', 'THIEF', 'that the', 'guard', 'SAW', 'had', 'a', 'GUN', 'in', 'his', 'HOLSTER']",object,The guard had a gun?,main_clause,n,1,2.1922468619995925,039,right,female,English,23,NA,Australia,keypress
41,congruent,"['The', 'NURSE', 'that', 'BLAMED', 'the', 'COACH', 'checked the', 'FILE', 'of the', 'GYMNAST']",subject,The nurse blamed the coach?,relative_clause,y,1,1.7737580600005458,039,right,female,English,23,NA,Australia,keypress
42,other,"['The', 'GIRL', 'and the', 'BOY', 'that', 'OWNED', 'the', 'HORSE', 'had', 'MUD', 'on their', 'CLOTHES']",assorted,The horse was muddy?,other,n,1,0.9721221279978636,039,right,female,English,23,NA,Australia,keypress
43,incongruent,"['THE', 'guest', 'that the', 'HOST', 'kissed', 'brought', 'A', 'cake', 'to', 'THE', 'party']",object,The guest brought a cake?,main_clause,y,1,0.8388524390029488,039,right,female,English,23,NA,Australia,keypress
44,other,"['The', 'COLOUR', 'of the', 'HOUSE', 'was', 'BRIGHTER', 'than the', 'MEN', 'who travelled', 'EXPECTED']",assorted,The men travelled?,other,y,1,2.4422936379996827,039,right,female,English,23,NA,Australia,keypress
45,other,"['The', 'JOB', 'that was', 'GIVEN', 'was', 'DIFFERENT', 'to', 'WHAT', 'she', 'EXPECTED']",assorted,The job was unexpected?,other,y,1,2.4739616939987172,039,right,female,English,23,NA,Australia,keypress
46,incongruent,"['THE', 'dad', 'that the', 'CHEF', 'knew', 'had', 'A', 'son', 'with', 'A', 'limp']",object,The dad knew the chef?,relative_clause,y,0,2.9945778639994387,039,right,female,English,23,NA,Australia,keypress
47,incongruent,"['THE', 'hat', 'that the', 'SKIRT', 'matched', 'had', 'A', 'bow', 'in', 'THE', 'back']",object,The skirt matched the hat?,relative_clause,n,0,3.310817104000307,039,right,female,English,23,NA,Australia,keypress
48,congruent,"['The', 'KNIGHT', 'that', 'HELPED', 'the', 'KING', 'sent a', 'GIFT', 'from his', 'CASTLE']",subject,The knight helped the king?,relative_clause,y,1,1.1398211949999677,039,right,female,English,23,NA,Australia,keypress
49,incongruent,"['THE', 'prince', 'THAT', 'helped', 'THE', 'girl', 'HAD A', 'head', 'OF BLONDE', 'hair']",subject,The girl had blonde hair?,main_clause,n,1,0.9363481259970284,039,right,female,English,23,NA,Australia,keypress
50,other,"['The', 'CONCERT', 'started', 'LATER', 'than', 'WHAT', 'the', 'LADY', 'told the', 'TRAVELER']",assorted,The concert started early?,other,n,1,2.543834414002049,039,right,female,English,23,NA,Australia,keypress
51,other,"['The', 'MAN', 'was very', 'HUNGRY', 'after the', 'MEETING', 'so', 'HAD', 'lunch', 'EARLY']",assorted,The man was hungry?,other,y,1,0.8859970179983065,039,right,female,English,23,NA,Australia,keypress
52,congruent,"['The', 'WHALE', 'that the', 'shark', 'BIT', 'won', 'the', 'FIGHT', 'in', 'the', 'END']",object,The shark won the fight?,main_clause,n,1,0.922065261998796,039,right,female,English,23,NA,Australia,keypress
53,other,"['The', 'BOY', 'who', 'HAD', 'a', 'BIRTHDAY', 'called', 'HIS', 'best', 'FRIEND', 'for a', 'CHAT']",assorted,The friend called the boy?,other,n,1,1.3734690399978715,039,right,female,English,23,NA,Australia,keypress
54,other,"['The', 'GIRL', 'on', 'THE', 'school', 'TRIP', 'saw a', 'FROG', 'and', 'LATER', 'she', 'SAW', 'a', 'MOUSE']",assorted,The girl saw a frog?,other,y,1,0.6885405440007162,039,right,female,English,23,NA,Australia,keypress
55,congruent,"['The', 'FRIEND', 'that', 'TEASED', 'the', 'BRIDE', 'told a', 'JOKE', 'about the', 'PAST']",subject,The friend told a joke?,main_clause,y,1,0.7552353359969857,039,right,female,English,23,NA,Australia,keypress
56,other,"['The', 'CAR', 'that was', 'NEW', 'had', 'JUST', 'been', 'CLEANED', 'by', 'THE', 'old', 'LADY']",assorted,The car was old?,other,n,1,0.8393231650006783,039,right,female,English,23,NA,Australia,keypress
57,other,"['The', 'DESSERT', 'was', 'SERVED', 'with', 'CUSTARD', 'and', 'FRUIT', 'then', 'THERE', 'was', 'COFFEE']",assorted,The coffee was after dessert?,other,y,1,1.523921904998133,039,right,female,English,23,NA,Australia,keypress
58,other,"['The', 'BOSS', 'was', 'HAPPY', 'to', 'SEE', 'the', 'WORK', 'that', 'THE', 'two', 'GIRLS', 'had', 'DONE']",assorted,The girls were happy?,other,n,1,0.8714265859998704,039,right,female,English,23,NA,Australia,keypress
59,congruent,"['The', 'BOY', 'that', 'HELPED', 'the', 'GIRL', 'got an', 'A', 'on the', 'TEST']",subject,The girl helped the boy?,relative_clause,y,0,3.2121494120001444,039,right,female,English,23,NA,Australia,keypress
60,congruent,"['The', 'BOAT', 'that', 'CHASED', 'the', 'YACHT', 'made a', 'TURN', 'at the', 'BOATHOUSE']",subject,The boat chased the yacht?,relative_clause,y,1,1.473246900997765,039,right,female,English,23,NA,Australia,keypress
61,other,"['The', 'DESK', 'was', 'NEW', 'but', 'DUSTY', 'and', 'COVERED', 'with old', 'BOOKS']",assorted,The desk was new?,other,y,1,1.3733456119989569,039,right,female,English,23,NA,Australia,keypress
62,other,"['The', 'GIRL', 'kicked the', 'BALL', 'into the', 'WINDOW', 'but it', 'DID', 'not', 'BREAK']",assorted,The girl broke the window?,other,n,1,0.9888040619989624,039,right,female,English,23,NA,Australia,keypress
63,congruent,"['The', 'SAILOR', 'that', 'PUSHED', 'the', 'BANKER', 'hurt his', 'FOOT', 'in the', 'BRAWL']",subject,The banker pushed the sailor?,relative_clause,n,1,2.4759145520001766,039,right,female,English,23,NA,Australia,keypress
64,incongruent,"['THE', 'girl', 'that the', 'NERD', 'thanked', 'broke', 'THE', 'vase', 'with', 'THE', 'flowers']",object,The nerd pushed the girl?,relative_clause,n,0,1.256268110999372,039,right,female,English,23,NA,Australia,keypress
65,congruent,"['The', 'CLERK', 'that', 'LIKED', 'the', 'BOSS', 'had a', 'DESK', 'by the', 'WINDOW']",subject,The boss liked the clerk?,relative_clause,n,1,2.1917293449987483,039,right,female,English,23,NA,Australia,keypress
66,congruent,"['The', 'NUN', 'that', 'BLESSED', 'the', 'MONK', 'lit a', 'CANDLE', 'on the', 'TABLE']",subject,The monk lit a candle?,main_clause,n,1,2.6768136729988328,039,right,female,English,23,NA,Australia,keypress
67,other,"['The', 'CUP', 'was', 'MADE', 'from green', 'PLASTIC', 'and was', 'FILLED', 'with', 'JUICE']",assorted,The cup was made from plastic?,other,y,1,0.8383592819991463,039,right,female,English,23,NA,Australia,keypress
68,incongruent,"['THE', 'dean', 'that the', 'BOY', 'called', 'had', 'A', 'voice', 'full', 'OF', 'anger']",object,The boy had a voice full of anger?,main_clause,n,1,2.09188840799834,039,right,female,English,23,NA,Australia,keypress
69,incongruent,"['THE', 'boss', 'that the', 'CLERK', 'mocked', 'had', 'A', 'crush', 'on', 'THE', 'intern']",object,The clerk had a crush?,main_clause,n,1,2.4394660020006995,039,right,female,English,23,NA,Australia,keypress
70,incongruent,"['THE', 'cook', 'THAT', 'hugged', 'THE', 'maid', 'HAD A', 'tear', 'ON HER', 'cheek']",subject,The maid hugged the cook?,relative_clause,n,1,1.3056395940002403,039,right,female,English,23,NA,Australia,keypress
71,congruent,"['The', 'DESK', 'that the', 'bed', 'SCRATCHED', 'was', 'too', 'OLD', 'to', 'be', 'MOVED']",object,The bed scratched the desk?,relative_clause,n,0,1.0399126750016876,039,right,female,English,23,NA,Australia,keypress
72,other,"['The', 'CAT', 'chased the', 'BIRD', 'but', 'IT', 'flew', 'AWAY', 'into the', 'SUNSET']",assorted,The cat caught the bird?,other,n,1,1.0393877569986216,039,right,female,English,23,NA,Australia,keypress
73,other,"['The', 'BOOK', 'that the', 'LADY', 'with a', 'TATTOO', 'had', 'WRITTEN', 'was her', 'BEST', 'book', 'YET']",assorted,The lady wrote a book?,other,y,1,0.921599198001786,039,right,female,English,23,NA,Australia,keypress
1,incongruent,"['THE', 'groom', 'THAT', 'charmed', 'THE', 'aunt', 'RAISED A', 'toast', 'TO THE', 'parents']",subject,The aunt charmed the groom?,relative_clause,n,1,2.894282121997094,040,right,male,English,26,NA,Australia,keypress
2,other,"['The', 'CONCERT', 'started', 'LATER', 'than', 'WHAT', 'the', 'LADY', 'told the', 'TRAVELER']",assorted,The concert started early?,other,n,1,3.110978712007636,040,right,male,English,26,NA,Australia,keypress
3,congruent,"['The', 'DEAN', 'that the', 'boy', 'CALLED', 'had', 'a', 'VOICE', 'full', 'of', 'ANGER']",object,The boy had a voice full of anger?,main_clause,n,1,2.693657540003187,040,right,male,English,26,NA,Australia,keypress
4,other,"['The', 'DESK', 'was', 'NEW', 'but', 'DUSTY', 'and', 'COVERED', 'with old', 'BOOKS']",assorted,The desk was new?,other,y,1,1.7744019090023355,040,right,male,English,26,NA,Australia,keypress
5,other,"['The', 'DESSERT', 'was', 'SERVED', 'with', 'CUSTARD', 'and', 'FRUIT', 'then', 'THERE', 'was', 'COFFEE']",assorted,The coffee was before dessert?,other,n,1,3.4290986599953612,040,right,male,English,26,NA,Australia,keypress
6,incongruent,"['THE', 'whale', 'THAT', 'bit', 'THE', 'shark', 'WON THE', 'fight', 'IN THE', 'end']",subject,The whale bit the shark?,relative_clause,y,1,2.359471069998108,040,right,male,English,26,NA,Australia,keypress
7,congruent,"['The', 'COP', 'that', 'MET', 'the', 'SPY', 'wrote a', 'BOOK', 'about the', 'CASE']",subject,The spy met the cop?,relative_clause,n,1,3.3120559050003067,040,right,male,English,26,NA,Australia,keypress
8,other,"['The', 'APPLES', 'that', 'THE', 'couple', 'BOUGHT', 'at the', 'MARKET', 'were', 'RED']",assorted,The couple bought green apples?,other,n,1,1.591422640995006,040,right,male,English,26,NA,Australia,keypress
9,congruent,"['The', 'BOY', 'that', 'HELPED', 'the', 'GIRL', 'got an', 'A', 'on the', 'TEST']",subject,The boy helped the girl?,relative_clause,y,1,1.3223317390074951,040,right,male,English,26,NA,Australia,keypress
10,incongruent,"['THE', 'knight', 'that the', 'KING', 'helped', 'sent', 'A', 'gift', 'from', 'HIS', 'castle']",object,The king helped the knight?,relative_clause,n,0,1.6406982190092094,040,right,male,English,26,NA,Australia,keypress
11,other,"['The', 'BOSS', 'was', 'HAPPY', 'to', 'SEE', 'the', 'WORK', 'that', 'THE', 'two', 'GIRLS', 'had', 'DONE']",assorted,The girls were happy?,other,n,1,2.2920084329962265,040,right,male,English,26,NA,Australia,keypress
12,incongruent,"['THE', 'count', 'THAT', 'knew', 'THE', 'queen', 'OWNED A', 'castle', 'BY THE', 'lake']",subject,The count knew the queen?,relative_clause,y,1,2.091919571001199,040,right,male,English,26,NA,Australia,keypress
13,incongruent,"['THE', 'thug', 'that the', 'MAN', 'saw', 'had', 'A', 'hat', 'on', 'HIS', 'head']",object,The thug saw the man?,relative_clause,d,0,3.896246787000564,040,right,male,English,26,NA,Australia,keypress
14,congruent,"['The', 'BOAT', 'that', 'CHASED', 'the', 'YACHT', 'made a', 'TURN', 'at the', 'BOATHOUSE']",subject,The yacht made a turn?,main_clause,y,0,1.6243362940003865,040,right,male,English,26,NA,Australia,keypress
15,congruent,"['The', 'PRINCE', 'that', 'HELPED', 'the', 'GIRL', 'had a', 'HEAD', 'of blonde', 'HAIR']",subject,The girl had blonde hair?,main_clause,n,1,2.089249415002996,040,right,male,English,26,NA,Australia,keypress
16,congruent,"['The', 'CLERK', 'that the', 'boss', 'LIKED', 'had', 'a', 'DESK', 'by', 'the', 'WINDOW']",object,The clerk had a desk by the window?,main_clause,y,1,3.1612454489950323,040,right,male,English,26,NA,Australia,keypress
17,congruent,"['The', 'BUG', 'that', 'ATTACKED', 'the', 'ANT', 'was as', 'BIG', 'as a', 'COIN']",subject,The ant attacked the bug?,relative_clause,n,1,4.08040651299234,040,right,male,English,26,NA,Australia,keypress
18,other,"['The', 'PIANO', 'was well', 'PLAYED', 'by', 'THE', 'old', 'LADY', 'but', 'IT', 'was', 'NOT', 'in', 'TUNE']",assorted,The piano was badly played?,other,n,1,2.793353279994335,040,right,male,English,26,NA,Australia,keypress
19,other,"['The', 'WINE', 'that was', 'FANCY', 'was', 'KEPT', 'in the', 'CELLAR', 'for', 'NEARLY', 'ten', 'YEARS', 'and five', 'MONTHS']",assorted,The wine was bad?,other,n,1,3.3790153129957616,040,right,male,English,26,NA,Australia,keypress
20,other,"['The', 'GIRL', 'and the', 'BOY', 'that', 'OWNED', 'the', 'HORSE', 'had', 'MUD', 'on their', 'CLOTHES']",assorted,The horse was muddy?,other,n,1,3.1608539750013733,040,right,male,English,26,NA,Australia,keypress
21,other,"['The', 'CUP', 'was', 'MADE', 'from green', 'PLASTIC', 'and was', 'FILLED', 'with', 'JUICE']",assorted,The cup was full of green juice?,other,n,1,2.9945184440002777,040,right,male,English,26,NA,Australia,keypress
22,incongruent,"['THE', 'owl', 'THAT', 'scared', 'THE', 'bat', 'MADE A', 'loop', 'IN THE', 'air']",subject,The bat made a loop?,main_clause,d,0,3.478465167005197,040,right,male,English,26,NA,Australia,keypress
23,congruent,"['The', 'KID', 'that', 'FOLLOWED', 'the', 'DAD', 'had some', 'MUD', 'on his', 'SHOES']",subject,The kid had some mud on his shoes?,main_clause,y,1,1.3706586499902187,040,right,male,English,26,NA,Australia,keypress
24,other,"['The', 'MAN', 'was very', 'HUNGRY', 'after the', 'MEETING', 'so', 'HAD', 'lunch', 'EARLY']",assorted,The man was hungry?,other,y,1,1.624199932004558,040,right,male,English,26,NA,Australia,keypress
25,other,"['The', 'FISH', 'was', 'CAUGHT', 'by the', 'GIRL', 'on the', 'BOAT', 'on a', 'FRIDAY']",assorted,The fish was caught by the girl?,other,y,1,1.6570017939957324,040,right,male,English,26,NA,Australia,keypress
26,other,"['The', 'GIRL', 'kicked the', 'BALL', 'into the', 'WINDOW', 'but it', 'DID', 'not', 'BREAK']",assorted,The girl kicked the ball?,other,y,1,1.824069944996154,040,right,male,English,26,NA,Australia,keypress
27,congruent,"['The', 'BUM', 'that', 'SCARED', 'the', 'COP', 'crossed the', 'STREET', 'at the', 'LIGHT']",subject,The bum scared the cop?,relative_clause,y,1,1.088654275998124,040,right,male,English,26,NA,Australia,keypress
28,incongruent,"['THE', 'dancer', 'THAT', 'liked', 'THE', 'guy', 'WAS A', 'chef', 'IN THE', 'city']",subject,The guy was a chef?,main_clause,n,1,3.960726124001667,040,right,male,English,26,NA,Australia,keypress
29,congruent,"['The', 'DESK', 'that', 'SCRATCHED', 'the', 'BED', 'was too', 'OLD', 'to be', 'MOVED']",subject,The bed scratched the desk?,relative_clause,n,1,1.7214040200051386,040,right,male,English,26,NA,Australia,keypress
30,congruent,"['The', 'NUN', 'that the', 'monk', 'BLESSED', 'lit', 'a', 'CANDLE', 'on', 'the', 'TABLE']",object,The monk blessed the nun?,relative_clause,d,0,2.6440911690006033,040,right,male,English,26,NA,Australia,keypress
31,incongruent,"['THE', 'rod', 'that the', 'PIPE', 'bent', 'had', 'A', 'hole', 'in', 'THE', 'middle']",object,The rod had a hole?,main_clause,y,1,3.361336205009138,040,right,male,English,26,NA,Australia,keypress
32,incongruent,"['THE', 'cat', 'THAT', 'fought', 'THE', 'dog', 'LICKED ITS', 'wounds', 'IN THE', 'corner']",subject,The dog licked its wounds?,main_clause,n,1,2.025218599999789,040,right,male,English,26,NA,Australia,keypress
33,other,"['The', 'MAN', 'who was', 'SHORT', 'gave his', 'WIFE', 'some red', 'CANDLES', 'for her', 'BIRTHDAY']",assorted,The man was tall?,other,n,1,1.5404808680032147,040,right,male,English,26,NA,Australia,keypress
34,congruent,"['The', 'BLOKE', 'that the', 'mum', 'HELPED', 'gave', 'a', 'GIFT', 'to', 'say', 'THANKS']",object,The mum helped the bloke?,relative_clause,d,0,3.3125616350007476,040,right,male,English,26,NA,Australia,keypress
35,other,"['The', 'CAR', 'that was', 'NEW', 'had', 'JUST', 'been', 'CLEANED', 'by', 'THE', 'old', 'LADY']",assorted,The car was new?,other,n,0,2.1752975000126753,040,right,male,English,26,NA,Australia,keypress
36,incongruent,"['THE', 'priest', 'THAT', 'thanked', 'THE', 'nun', 'LEFT THE', 'church', 'IN A', 'hurry']",subject,The nun thanked the priest?,relative_clause,n,1,2.7265162309922744,040,right,male,English,26,NA,Australia,keypress
37,other,"['The', 'BIKE', 'that was', 'YELLOW', 'and', 'SHINY', 'belonged', 'TO', 'the', 'BOY', 'with the', 'HAT']",assorted,The bike was red?,other,n,1,1.223367557002348,040,right,male,English,26,NA,Australia,keypress
38,other,"['The', 'GIRL', 'on', 'THE', 'school', 'TRIP', 'saw a', 'FROG', 'and', 'LATER', 'she', 'SAW', 'a', 'MOUSE']",assorted,The girl saw a frog?,other,y,1,1.3744594369927654,040,right,male,English,26,NA,Australia,keypress
39,other,"['The', 'JOB', 'that was', 'GIVEN', 'was', 'DIFFERENT', 'to', 'WHAT', 'she', 'EXPECTED']",assorted,The job was unexpected?,other,y,1,2.2063606879964937,040,right,male,English,26,NA,Australia,keypress
40,congruent,"['The', 'PRIEST', 'that', 'PAID', 'the', 'COOK', 'signed the', 'CHECK', 'at the', 'BANK']",subject,The cook signed the check?,main_clause,n,1,3.511669386003632,040,right,male,English,26,NA,Australia,keypress
41,incongruent,"['THE', 'niece', 'THAT', 'kissed', 'THE', 'aunt', 'SANG A', 'song', 'FOR THE', 'guests']",subject,The niece sang a song?,main_clause,y,1,2.626499033009168,040,right,male,English,26,NA,Australia,keypress
42,incongruent,"['THE', 'thief', 'that the', 'GUARD', 'saw', 'had', 'A', 'gun', 'in', 'HIS', 'holster']",object,The guard had a gun?,main_clause,n,1,3.043794800003525,040,right,male,English,26,NA,Australia,keypress
43,incongruent,"['THE', 'king', 'THAT', 'pleased', 'THE', 'guest', 'POURED THE', 'wine', 'FROM THE', 'jug']",subject,The king pleased the guest?,relative_clause,y,1,1.4233399229997303,040,right,male,English,26,NA,Australia,keypress
44,congruent,"['The', 'FOX', 'that', 'CHASED', 'the', 'WOLF', 'hurt its', 'PAWS', 'on the', 'WAY']",subject,The fox hurt its paws?,main_clause,d,0,2.041881638011546,040,right,male,English,26,NA,Australia,keypress
45,other,"['The', 'BOY', 'who', 'HAD', 'a', 'BIRTHDAY', 'called', 'HIS', 'best', 'FRIEND', 'for a', 'CHAT']",assorted,The boy called his best friend?,other,y,1,1.9081154049927136,040,right,male,English,26,NA,Australia,keypress
46,incongruent,"['THE', 'boss', 'THAT', 'mocked', 'THE', 'clerk', 'HAD A', 'crush', 'ON THE', 'intern']",subject,The boss had a crush?,main_clause,y,1,2.241944280001917,040,right,male,English,26,NA,Australia,keypress
47,congruent,"['The', 'FRIEND', 'that the', 'bride', 'TEASED', 'told', 'a', 'JOKE', 'about', 'the', 'PAST']",object,The friend told a joke?,main_clause,d,0,3.3112960459984606,040,right,male,English,26,NA,Australia,keypress
48,other,"['The', 'DOG', 'that', 'BARKED', 'is very', 'BIG', 'and very', 'FRIENDLY', 'but', 'DOESN’T', 'like', 'CATS']",assorted,The dog is very fluffy?,other,n,1,1.6248037490004208,040,right,male,English,26,NA,Australia,keypress
49,congruent,"['The', 'TRUCK', 'that the', 'car', 'BUMPED', 'had', 'a', 'MAN', 'at', 'the', 'WHEEL']",object,The truck bumped the car?,relative_clause,y,0,2.3259923680016072,040,right,male,English,26,NA,Australia,keypress
50,other,"['The', 'BOX', 'was', 'MADE', 'from', 'WOOD', 'and was', 'FULL', 'of', 'THINGS', 'that', 'SHINED']",assorted,The box was full of things?,other,y,1,2.192358977990807,040,right,male,English,26,NA,Australia,keypress
51,congruent,"['The', 'DAD', 'that the', 'chef', 'KNEW', 'had', 'a', 'SON', 'with', 'a', 'LIMP']",object,The dad had a son with a limp?,main_clause,n,0,1.5732812829955949,040,right,male,English,26,NA,Australia,keypress
52,incongruent,"['THE', 'tradie', 'that the', 'MAN', 'thanked', 'left', 'HIS', 'wallet', 'in', 'THE', 'car']",object,The man thanked the tradie?,relative_clause,n,0,4.632962406001752,040,right,male,English,26,NA,Australia,keypress
53,incongruent,"['THE', 'guest', 'that the', 'HOST', 'kissed', 'brought', 'A', 'cake', 'to', 'THE', 'party']",object,The guest brought a cake?,main_clause,y,1,3.645839564997004,040,right,male,English,26,NA,Australia,keypress
54,incongruent,"['THE', 'sailor', 'that the', 'BANKER', 'pushed', 'hurt', 'HIS', 'foot', 'in', 'THE', 'brawl']",object,The sailor pushed the banker?,relative_clause,d,0,1.4897034720052034,040,right,male,English,26,NA,Australia,keypress
55,other,"['The', 'RING', 'that', 'WAS', 'sadly', 'LOST', 'was', 'FOUND', 'by the', 'FAT', 'and', 'VERY', 'happy', 'PRIEST']",assorted,The priest found the ring?,other,y,1,2.1591935390024446,040,right,male,English,26,NA,Australia,keypress
56,congruent,"['The', 'CHIEF', 'that the', 'girl', 'THANKED', 'was', 'too', 'LATE', 'for', 'the', 'BUS']",object,The girl was too late?,main_clause,n,1,5.417595161998179,040,right,male,English,26,NA,Australia,keypress
57,other,"['The', 'COLOUR', 'of the', 'HOUSE', 'was', 'BRIGHTER', 'than the', 'MEN', 'who travelled', 'EXPECTED']",assorted,The men travelled?,other,d,0,1.8251143309898907,040,right,male,English,26,NA,Australia,keypress
58,other,"['The', 'BOOK', 'that the', 'LADY', 'with a', 'TATTOO', 'had', 'WRITTEN', 'was her', 'BEST', 'book', 'YET']",assorted,The lady wrote a book?,other,d,0,1.8080118560028495,040,right,male,English,26,NA,Australia,keypress
59,congruent,"['The', 'MAID', 'that the', 'chef', 'LOVED', 'quit', 'the', 'JOB', 'at', 'the', 'HOUSE']",object,The chef quit the job?,main_clause,n,1,2.17517703800695,040,right,male,English,26,NA,Australia,keypress
60,congruent,"['The', 'HAT', 'that the', 'skirt', 'MATCHED', 'had', 'a', 'BOW', 'in', 'the', 'BACK']",object,The skirt matched the hat?,relative_clause,y,1,2.7424283400032436,040,right,male,English,26,NA,Australia,keypress
61,incongruent,"['THE', 'scout', 'that the', 'COACH', 'punched', 'had', 'A', 'fight', 'with', 'A', 'manager']",object,The coach had a fight?,main_clause,n,1,4.598355366004398,040,right,male,English,26,NA,Australia,keypress
62,incongruent,"['THE', 'crook', 'that the', 'THIEF', 'warned', 'fled', 'THE', 'town', 'the', 'NEXT', 'morning']",object,The crook warned the thief?,relative_clause,n,1,3.913888565002708,040,right,male,English,26,NA,Australia,keypress
63,incongruent,"['THE', 'guy', 'THAT', 'thanked', 'THE', 'judge', 'LEFT THE', 'room', 'WITH A', 'smile']",subject,The judge thanked the guy?,relative_clause,n,1,1.3564454080042196,040,right,male,English,26,NA,Australia,keypress
64,congruent,"['The', 'CAR', 'that', 'PULLED', 'the', 'TRUCK', 'had a', 'SCRATCH', 'on the', 'DOOR']",subject,The car had a scratch?,main_clause,y,1,0.9731954940070864,040,right,male,English,26,NA,Australia,keypress
65,incongruent,"['THE', 'nurse', 'that the', 'COACH', 'blamed', 'checked', 'THE', 'file', 'of', 'THE', 'gymnast']",object,The coach blamed the nurse?,relative_clause,y,1,4.499010401006672,040,right,male,English,26,NA,Australia,keypress
66,incongruent,"['THE', 'cook', 'that the', 'MAID', 'hugged', 'had', 'A', 'tear', 'on', 'HER', 'cheek']",object,The cook had a tear on her cheek?,main_clause,y,1,2.306717479994404,040,right,male,English,26,NA,Australia,keypress
67,congruent,"['The', 'SHELF', 'that the', 'piano', 'BUMPED', 'had', 'some', 'DUST', 'on', 'its', 'TOP']",object,The shelf bumped the piano?,relative_clause,n,1,2.727086707003764,040,right,male,English,26,NA,Australia,keypress
68,other,"['The', 'CAT', 'chased the', 'BIRD', 'but', 'IT', 'flew', 'AWAY', 'into the', 'SUNSET']",assorted,The cat caught the bird?,other,n,1,1.9743367089977255,040,right,male,English,26,NA,Australia,keypress
69,congruent,"['The', 'DEAN', 'that', 'HEARD', 'the', 'GUARD', 'made a', 'CALL', 'about the', 'MATTER']",subject,The dean heard the guard?,relative_clause,y,1,0.9224903660069684,040,right,male,English,26,NA,Australia,keypress
70,other,"['The', 'HAT', 'that was', 'WORN', 'by the', 'BOY', 'with a', 'JACKET', 'was too', 'SMALL', 'for the', 'MAN']",assorted,The hat was too small?,other,y,1,2.1920816240017302,040,right,male,English,26,NA,Australia,keypress
71,incongruent,"['THE', 'man', 'that the', 'NURSE', 'phoned', 'left', 'HIS', 'pills', 'at', 'THE', 'office']",object,The nurse left the pills?,main_clause,n,1,2.3924142080068123,040,right,male,English,26,NA,Australia,keypress
72,incongruent,"['THE', 'girl', 'THAT', 'pushed', 'THE', 'nerd', 'BROKE THE', 'vase', 'WITH THE', 'flowers']",subject,The girl broke the vase?,main_clause,y,1,3.0085458399989875,040,right,male,English,26,NA,Australia,keypress
73,congruent,"['The', 'FRUIT', 'that the', 'cake', 'SQUASHED', 'made', 'a', 'MESS', 'in', 'the', 'BAG']",object,The fruit squashed the cake?,relative_clause,y,0,0.9552828230080196,040,right,male,English,26,NA,Australia,keypress
