participant_id,item_id,dmdx_item_code,trial_order,exposure_duration_ms,list,stimulus_type,condition,stimulus,stimulus_length,letter_position,position_type,target_letter,distractor_letter,letter_similarity_human,letter_similarity_hmax,response,accuracy,rt
801,3241,13241,100,33,1,consonant_string,high,pqlt,4,3,internal,l,r,3.2580645161290325,0.56415,r,0,700.56
801,1213,11213,111,33,1,word,high,slab,4,4,external,b,p,5.066666666666666,0.70362,b,1,959.43
801,2243,12243,89,33,1,pseudoword,high,plur,4,4,external,r,n,3.1333333333333333,0.62334,r,1,986.0
801,3106,13106,0,33,1,consonant_string,low,jbfzpq,6,5,internal,p,v,1.1333333333333333,0.49111,v,0,1492.73
801,2231,12231,56,33,1,pseudoword,high,spode,5,4,internal,d,c,3.566666666666667,0.66158,d,1,936.64
801,1223,11223,67,33,1,word,high,flag,4,4,external,g,p,4.5,0.55857,g,1,875.2
801,2205,12205,78,33,1,pseudoword,high,brupe,5,4,internal,p,d,5.096774193548387,0.48985,p,1,1220.76
801,1122,11122,69,33,1,word,low,swag,4,4,external,g,n,1.7,0.55212,g,1,746.58
801,1136,11136,70,33,1,word,low,stab,4,4,external,b,r,1.2666666666666666,0.51424,b,1,796.45
801,1245,11245,71,33,1,word,high,spire,5,4,internal,r,n,3.1333333333333333,0.62334,r,1,1361.35
801,2247,12247,72,33,1,pseudoword,high,jile,4,3,internal,l,k,2.8,0.53572,k,0,752.59
801,1209,11209,73,33,1,word,high,seed,4,4,external,d,p,5.096774193548387,0.48985,d,1,804.45
801,2142,12142,74,33,1,pseudoword,low,drol,4,4,external,l,m,1.0666666666666667,0.5113,m,0,1082.34
801,1219,11219,75,33,1,word,high,warm,4,4,external,m,n,4.666666666666667,0.6574,m,1,691.91
801,1120,11120,76,33,1,word,low,gate,4,3,internal,t,m,1.0666666666666667,0.52674,t,1,709.77
801,3138,13138,77,33,1,consonant_string,low,njtb,4,3,internal,t,m,1.0666666666666667,0.52674,t,1,1193.99
801,3102,13102,79,33,1,consonant_string,low,knfc,4,2,internal,n,l,1.3666666666666667,0.46775,n,1,1105.9
801,2110,12110,80,33,1,pseudoword,low,fard,4,4,external,d,k,1.3333333333333333,0.3996,d,1,924.79
801,1225,11225,81,33,1,word,high,wage,4,3,internal,g,d,4.1,0.62488,d,0,1127.02
801,2223,12223,82,33,1,pseudoword,high,blug,4,4,external,g,p,4.5,0.55857,g,1,1602.62
801,3243,13243,83,33,1,consonant_string,high,fbvr,4,4,external,r,n,3.1333333333333333,0.62334,r,1,1253.56
801,2201,12201,84,33,1,pseudoword,high,snum,4,2,internal,n,h,5.533333333333333,0.86536,h,0,1247.47
801,2114,12114,85,33,1,pseudoword,low,dape,4,3,internal,p,s,1.2580645161290323,0.5767,p,1,1204.39
801,1203,11203,86,33,1,word,high,shape,5,4,internal,p,d,5.096774193548387,0.48985,p,1,763.3
801,2221,12221,122,33,1,pseudoword,high,quag,4,4,external,g,p,4.5,0.55857,g,1,1056.66
801,2237,12237,133,33,1,pseudoword,high,blaw,4,4,external,w,m,3.4,0.62127,w,1,948.56
801,3247,13247,1,33,1,consonant_string,high,gnlt,4,3,internal,l,k,2.8,0.53572,k,0,687.44
801,2106,12106,12,33,1,pseudoword,low,strepe,6,5,internal,p,v,1.1333333333333333,0.49111,p,1,1220.99
801,2219,12219,23,33,1,pseudoword,high,chom,4,4,external,m,n,4.666666666666667,0.6574,m,1,1138.24
801,2124,12124,34,33,1,pseudoword,low,jote,4,3,internal,t,d,1.3666666666666667,0.47786,d,0,1226.81
801,3134,13134,45,33,1,consonant_string,low,pfldr,5,4,internal,d,m,1.1333333333333333,0.58091,d,1,778.38
801,1134,11134,51,33,1,word,low,pride,5,4,internal,d,m,1.1333333333333333,0.58091,d,1,830.92
801,3203,13203,52,33,1,consonant_string,high,qsgpn,5,4,internal,p,d,5.096774193548387,0.48985,p,1,1240.49
801,2148,12148,53,33,1,pseudoword,low,zoke,4,3,internal,k,g,1.1666666666666667,0.37222,k,1,750.05
801,2134,12134,54,33,1,pseudoword,low,brode,5,4,internal,d,m,1.1333333333333333,0.58091,d,1,1279.94
801,3128,13128,55,33,1,consonant_string,low,vjnf,4,4,external,f,d,1.4333333333333333,0.51654,f,1,1199.53
801,1211,11211,57,33,1,word,high,lead,4,4,external,d,p,5.096774193548387,0.48985,d,1,716.4
801,1231,11231,58,33,1,word,high,slide,5,4,internal,d,c,3.566666666666667,0.66158,d,1,676.61
801,2227,12227,59,33,1,pseudoword,high,reng,4,4,external,g,d,4.1,0.62488,g,1,1030.15
801,3221,13221,60,33,1,consonant_string,high,fqcg,4,4,external,g,p,4.5,0.55857,g,1,1151.72
801,1215,11215,61,33,1,word,high,beam,4,4,external,m,n,4.666666666666667,0.6574,n,0,1012.63
801,3146,13146,62,33,1,consonant_string,low,bfnsl,5,5,external,l,m,1.0666666666666667,0.5113,l,1,1097.86
801,1217,11217,63,33,1,word,high,scam,4,4,external,m,n,4.666666666666667,0.6574,m,1,1223.78
801,1241,11241,64,33,1,word,high,file,4,3,internal,l,r,3.2580645161290325,0.56415,l,1,964.02
801,3136,13136,65,33,1,consonant_string,low,hfwb,4,4,external,b,r,1.2666666666666666,0.51424,b,1,956.25
801,1106,11106,66,33,1,word,low,stripe,6,5,internal,p,v,1.1333333333333333,0.49111,p,1,622.12
801,1126,11126,68,33,1,word,low,bang,4,4,external,g,k,1.1666666666666667,0.37222,g,1,1265.34
801,3104,13104,113,33,1,consonant_string,low,htwd,4,4,external,d,m,1.1333333333333333,0.58091,m,0,778.67
801,1102,11102,114,33,1,word,low,snip,4,2,internal,n,l,1.3666666666666667,0.46775,l,0,1295.24
801,2136,12136,115,33,1,pseudoword,low,plob,4,4,external,b,r,1.2666666666666666,0.51424,r,0,1211.37
801,1201,11201,116,33,1,word,high,snow,4,2,internal,n,h,5.533333333333333,0.86536,n,1,757.59
801,1207,11207,117,33,1,word,high,read,4,4,external,d,p,5.096774193548387,0.48985,d,1,660.46
801,2203,12203,118,33,1,pseudoword,high,frope,5,4,internal,p,d,5.096774193548387,0.48985,p,1,942.67
801,1237,11237,119,33,1,word,high,stew,4,4,external,w,m,3.4,0.62127,w,1,618.55
801,1112,11112,120,33,1,word,low,grip,4,4,external,p,t,1.3333333333333333,0.53002,p,1,546.74
801,3126,13126,121,33,1,consonant_string,low,lqvg,4,4,external,g,k,1.1666666666666667,0.37222,g,1,1098.62
801,2225,12225,123,33,1,pseudoword,high,jege,4,3,internal,g,d,4.1,0.62488,d,0,1110.52
801,2102,12102,124,33,1,pseudoword,low,snad,4,2,internal,n,l,1.3666666666666667,0.46775,l,0,1126.76
801,2217,12217,125,33,1,pseudoword,high,plim,4,4,external,m,n,4.666666666666667,0.6574,m,1,1166.34
801,3142,13142,126,33,1,consonant_string,low,wktl,4,4,external,l,m,1.0666666666666667,0.5113,l,1,911.58
801,1132,11132,127,33,1,word,low,spade,5,4,internal,d,r,1.3333333333333333,0.49182,d,1,845.79
801,2128,12128,128,33,1,pseudoword,low,goif,4,4,external,f,d,1.4333333333333333,0.51654,f,1,809.67
801,2239,12239,129,33,1,pseudoword,high,glot,4,4,external,t,r,3.3666666666666667,0.59892,t,1,1078.9
801,1110,11110,130,33,1,word,low,weed,4,4,external,d,k,1.3333333333333333,0.3996,d,1,909.46
801,3118,13118,131,33,1,consonant_string,low,zsmj,4,3,internal,m,l,1.0666666666666667,0.5113,m,1,1277.7
801,2108,12108,132,33,1,pseudoword,low,vild,4,4,external,d,k,1.3333333333333333,0.3996,d,1,1052.28
801,3209,13209,134,33,1,consonant_string,high,csbd,4,4,external,d,p,5.096774193548387,0.48985,p,0,1235.19
801,2233,12233,135,33,1,pseudoword,high,kide,4,3,internal,d,c,3.566666666666667,0.66158,d,1,870.76
801,1116,11116,136,33,1,word,low,mime,4,3,internal,m,l,1.0666666666666667,0.5113,m,1,1145.98
801,3213,13213,137,33,1,consonant_string,high,rtcb,4,4,external,b,p,5.066666666666666,0.70362,b,1,1385.89
801,1146,11146,138,33,1,word,low,steal,5,5,external,l,m,1.0666666666666667,0.5113,l,1,643.47
801,2229,12229,139,33,1,pseudoword,high,vofe,4,3,internal,f,r,3.8,0.69632,r,0,974.35
801,1142,11142,140,33,1,word,low,seal,4,4,external,l,m,1.0666666666666667,0.5113,l,1,529.56
801,3233,13233,141,33,1,consonant_string,high,vkdj,4,3,internal,d,c,3.566666666666667,0.66158,d,1,975.1
801,2126,12126,142,33,1,pseudoword,low,yeng,4,4,external,g,k,1.1666666666666667,0.37222,g,1,722.65
801,3112,13112,143,33,1,consonant_string,low,qmwp,4,4,external,p,t,1.3333333333333333,0.53002,p,1,1306.88
801,2213,12213,2,33,1,pseudoword,high,nalb,4,4,external,b,p,5.066666666666666,0.70362,b,1,910.79
801,1128,11128,3,33,1,word,low,reef,4,4,external,f,d,1.4333333333333333,0.51654,f,1,562.0
801,2235,12235,4,33,1,pseudoword,high,frab,4,4,external,b,g,3.533333333333333,0.46543,b,1,682.19
801,2146,12146,5,33,1,pseudoword,low,proal,5,5,external,l,m,1.0666666666666667,0.5113,l,1,998.74
801,2120,12120,6,33,1,pseudoword,low,wote,4,3,internal,t,m,1.0666666666666667,0.52674,t,1,608.62
801,2215,12215,7,33,1,pseudoword,high,gulm,4,4,external,m,n,4.666666666666667,0.6574,m,1,1379.51
801,1140,11140,8,33,1,word,low,pole,4,3,internal,l,s,1.1,0.4218,l,1,646.08
801,1221,11221,9,33,1,word,high,flog,4,4,external,g,p,4.5,0.55857,g,1,833.96
801,1227,11227,10,33,1,word,high,wing,4,4,external,g,d,4.1,0.62488,g,1,721.5
801,3114,13114,11,33,1,consonant_string,low,klpj,4,3,internal,p,s,1.2580645161290323,0.5767,p,1,1038.71
801,3223,13223,13,33,1,consonant_string,high,vlbg,4,4,external,g,p,4.5,0.55857,g,1,1388.29
801,3116,13116,14,33,1,consonant_string,low,fsmt,4,3,internal,m,l,1.0666666666666667,0.5113,m,1,1017.88
801,1108,11108,15,33,1,word,low,hood,4,4,external,d,k,1.3333333333333333,0.3996,d,1,701.1
801,2245,12245,16,33,1,pseudoword,high,swork,5,4,internal,r,n,3.1333333333333333,0.62334,n,0,1056.98
801,3245,13245,17,33,1,consonant_string,high,hvwrt,5,4,internal,r,n,3.1333333333333333,0.62334,r,1,1122.88
801,1148,11148,18,33,1,word,low,sake,4,3,internal,k,g,1.1666666666666667,0.37222,k,1,727.11
801,2118,12118,19,33,1,pseudoword,low,vume,4,3,internal,m,l,1.0666666666666667,0.5113,l,0,1109.66
801,3217,13217,20,33,1,consonant_string,high,htjm,4,4,external,m,n,4.666666666666667,0.6574,m,1,1305.92
801,3239,13239,21,33,1,consonant_string,high,mvjt,4,4,external,t,r,3.3666666666666667,0.59892,t,1,1089.83
801,1144,11144,22,33,1,word,low,stone,5,4,internal,n,k,1.5333333333333334,0.52768,n,1,649.39
801,3211,13211,24,33,1,consonant_string,high,srfd,4,4,external,d,p,5.096774193548387,0.48985,d,1,987.26
801,3227,13227,25,33,1,consonant_string,high,bvcg,4,4,external,g,d,4.1,0.62488,g,1,1206.83
801,3130,13130,26,33,1,consonant_string,low,czhf,4,4,external,f,p,1.6333333333333333,0.41008,f,1,751.73
801,3231,13231,27,33,1,consonant_string,high,gjwds,5,4,internal,d,c,3.566666666666667,0.66158,d,1,767.61
801,2130,12130,28,33,1,pseudoword,low,zeaf,4,4,external,f,p,1.6333333333333333,0.41008,f,1,602.81
801,2132,12132,29,33,1,pseudoword,low,ghade,5,4,internal,d,r,1.3333333333333333,0.49182,d,1,527.67
801,1229,11229,30,33,1,word,high,wife,4,3,internal,f,r,3.8,0.69632,f,1,666.2
801,1118,11118,31,33,1,word,low,home,4,3,internal,m,l,1.0666666666666667,0.5113,m,1,505.38
801,1114,11114,32,33,1,word,low,rope,4,3,internal,p,s,1.2580645161290323,0.5767,p,1,591.24
801,2144,12144,33,33,1,pseudoword,low,slone,5,4,internal,n,k,1.5333333333333334,0.52768,n,1,463.1
801,3215,13215,35,33,1,consonant_string,high,sfdm,4,4,external,m,n,4.666666666666667,0.6574,m,1,498.28
801,3205,13205,36,33,1,consonant_string,high,fcmpk,5,4,internal,p,d,5.096774193548387,0.48985,p,1,1008.15
801,1239,11239,37,33,1,word,high,spat,4,4,external,t,r,3.3666666666666667,0.59892,t,1,654.03
801,1205,11205,38,33,1,word,high,grape,5,4,internal,p,d,5.096774193548387,0.48985,p,1,584.9
801,1138,11138,39,33,1,word,low,date,4,3,internal,t,m,1.0666666666666667,0.52674,t,1,500.42
801,3132,13132,40,33,1,consonant_string,low,vzldb,5,4,internal,d,r,1.3333333333333333,0.49182,r,0,892.28
801,3229,13229,41,33,1,consonant_string,high,dtfh,4,3,internal,f,r,3.8,0.69632,f,1,594.16
801,3140,13140,42,33,1,consonant_string,low,gtln,4,3,internal,l,s,1.1,0.4218,s,0,1021.04
801,1104,11104,43,33,1,word,low,skid,4,4,external,d,m,1.1333333333333333,0.58091,d,1,613.25
801,3237,13237,44,33,1,consonant_string,high,gbcw,4,4,external,w,m,3.4,0.62127,w,1,1181.48
801,3110,13110,46,33,1,consonant_string,low,lsbd,4,4,external,d,k,1.3333333333333333,0.3996,k,0,1609.07
801,2209,12209,47,33,1,pseudoword,high,glod,4,4,external,d,p,5.096774193548387,0.48985,d,1,691.32
801,1124,11124,48,33,1,word,low,bite,4,3,internal,t,d,1.3666666666666667,0.47786,t,1,627.19
801,3122,13122,49,33,1,consonant_string,low,wbjg,4,4,external,g,n,1.7,0.55212,g,1,549.72
801,3201,13201,50,33,1,consonant_string,high,znsq,4,2,internal,n,h,5.533333333333333,0.86536,h,0,754.58
801,2112,12112,105,33,1,pseudoword,low,glip,4,4,external,p,t,1.3333333333333333,0.53002,p,1,742.13
801,2104,12104,106,33,1,pseudoword,low,swed,4,4,external,d,m,1.1333333333333333,0.58091,d,1,880.01
801,2140,12140,107,33,1,pseudoword,low,hule,4,3,internal,l,s,1.1,0.4218,l,1,785.56
801,2138,12138,108,33,1,pseudoword,low,jite,4,3,internal,t,m,1.0666666666666667,0.52674,t,1,960.11
801,2122,12122,109,33,1,pseudoword,low,sleg,4,4,external,g,n,1.7,0.55212,g,1,673.32
801,3225,13225,110,33,1,consonant_string,high,fhgv,4,3,internal,g,d,4.1,0.62488,d,0,1092.54
801,3207,13207,112,33,1,consonant_string,high,qvsd,4,4,external,d,p,5.096774193548387,0.48985,d,1,1121.45
801,3148,13148,97,33,1,consonant_string,low,dhkw,4,3,internal,k,g,1.1666666666666667,0.37222,k,1,846.86
801,1235,11235,98,33,1,word,high,drab,4,4,external,b,g,3.533333333333333,0.46543,b,1,937.74
801,2211,12211,99,33,1,pseudoword,high,zoud,4,4,external,d,p,5.096774193548387,0.48985,d,1,1139.31
801,3124,13124,101,33,1,consonant_string,low,gpts,4,3,internal,t,d,1.3666666666666667,0.47786,d,0,1317.89
801,3219,13219,87,33,1,consonant_string,high,gjkm,4,4,external,m,n,4.666666666666667,0.6574,m,1,1475.52
801,2241,12241,88,33,1,pseudoword,high,bule,4,3,internal,l,r,3.2580645161290325,0.56415,l,1,1582.13
801,2207,12207,90,33,1,pseudoword,high,nood,4,4,external,d,p,5.096774193548387,0.48985,d,1,764.72
801,3144,13144,91,33,1,consonant_string,low,qjfnd,5,4,internal,n,k,1.5333333333333334,0.52768,n,1,865.93
801,2116,12116,92,33,1,pseudoword,low,hime,4,3,internal,m,l,1.0666666666666667,0.5113,l,0,941.14
801,1247,11247,93,33,1,word,high,bale,4,3,internal,l,k,2.8,0.53572,k,0,819.03
801,1130,11130,94,33,1,word,low,beef,4,4,external,f,p,1.6333333333333333,0.41008,f,1,777.25
801,1233,11233,95,33,1,word,high,fade,4,3,internal,d,c,3.566666666666667,0.66158,d,1,597.78
801,3235,13235,96,33,1,consonant_string,high,mkrb,4,4,external,b,g,3.533333333333333,0.46543,b,1,765.65
801,3108,13108,102,33,1,consonant_string,low,cvsd,4,4,external,d,k,1.3333333333333333,0.3996,d,1,1149.14
801,3120,13120,103,33,1,consonant_string,low,pktv,4,3,internal,t,m,1.0666666666666667,0.52674,m,0,620.03
801,1243,11243,104,33,1,word,high,moor,4,4,external,r,n,3.1333333333333333,0.62334,r,1,1144.24
802,1242,21242,12,33,2,word,high,seal,4,4,external,l,r,3.2580645161290325,0.56415,l,1,879.36
802,2220,22220,122,33,2,pseudoword,high,wote,4,3,internal,t,l,4.5,0.47576,t,1,928.03
802,2234,22234,133,33,2,pseudoword,high,brode,5,4,internal,d,c,3.566666666666667,0.66158,d,1,670.58
802,2238,22238,1,33,2,pseudoword,high,jite,4,3,internal,t,r,3.3666666666666667,0.59892,t,1,936.81
802,3248,23248,51,33,2,consonant_string,high,dhkw,4,3,internal,k,l,2.8,0.53572,k,1,1355.3
802,2236,22236,52,33,2,pseudoword,high,plob,4,4,external,b,g,3.533333333333333,0.46543,b,1,716.21
802,3206,23206,53,33,2,consonant_string,high,jbfzpq,6,5,internal,p,d,5.096774193548387,0.48985,p,1,810.41
802,1216,21216,54,33,2,word,high,mime,4,3,internal,m,n,4.666666666666667,0.6574,m,1,1075.65
802,1145,21145,55,33,2,word,low,spire,5,4,internal,r,c,1.4,0.55867,c,0,1603.23
802,3202,23202,57,33,2,consonant_string,high,knfc,4,2,internal,n,h,5.533333333333333,0.86536,h,0,1453.19
802,3141,23141,58,33,2,consonant_string,low,pqlt,4,3,internal,l,n,1.3666666666666667,0.46775,n,0,1706.15
802,1133,21133,59,33,2,word,low,fade,4,3,internal,d,z,1.2333333333333334,0.52841,d,1,621.08
802,2121,22121,60,33,2,pseudoword,low,quag,4,4,external,g,w,1.1666666666666667,0.52446,g,1,817.29
802,2208,22208,61,33,2,pseudoword,high,vild,4,4,external,d,p,5.096774193548387,0.48985,d,1,695.5
802,3117,23117,23,33,2,consonant_string,low,htjm,4,4,external,m,b,1.2333333333333334,0.5784,b,0,1123.93
802,3204,23204,34,33,2,consonant_string,high,htwd,4,4,external,d,p,5.096774193548387,0.48985,d,1,703.16
802,2246,22246,45,33,2,pseudoword,high,proal,5,5,external,l,k,2.8,0.53572,l,1,1008.04
802,1103,21103,0,33,2,word,low,shape,5,4,internal,p,v,1.1333333333333333,0.49111,p,1,781.19
802,2105,22105,56,33,2,pseudoword,low,brupe,5,4,internal,p,v,1.1333333333333333,0.49111,p,1,626.74
802,2137,22137,67,33,2,pseudoword,low,blaw,4,4,external,w,p,1.1666666666666667,0.53452,w,1,835.28
802,1143,21143,78,33,2,word,low,moor,4,4,external,r,d,1.3333333333333333,0.49182,d,0,726.82
802,2117,22117,89,33,2,pseudoword,low,plim,4,4,external,m,b,1.2333333333333334,0.5784,b,0,973.38
802,1204,21204,100,33,2,word,high,skid,4,4,external,d,p,5.096774193548387,0.48985,p,0,1058.95
802,1107,21107,111,33,2,word,low,read,4,4,external,d,r,1.3333333333333333,0.49182,d,1,451.16
802,2206,22206,86,33,2,pseudoword,high,strepe,6,5,internal,p,d,5.096774193548387,0.48985,p,1,606.02
802,1129,21129,87,33,2,word,low,wife,4,3,internal,f,n,1.2,0.53217,n,0,1502.92
802,2214,22214,88,33,2,pseudoword,high,dape,4,3,internal,p,b,5.066666666666666,0.70362,p,1,705.84
802,1119,21119,90,33,2,word,low,warm,4,4,external,m,t,1.0666666666666667,0.52674,t,0,1205.74
802,3210,23210,91,33,2,consonant_string,high,lsbd,4,4,external,d,p,5.096774193548387,0.48985,d,1,959.65
802,2222,22222,92,33,2,pseudoword,high,sleg,4,4,external,g,p,4.5,0.55857,g,1,632.87
802,1236,21236,93,33,2,word,high,stab,4,4,external,b,g,3.533333333333333,0.46543,b,1,542.39
802,2147,22147,94,33,2,pseudoword,low,jile,4,3,internal,l,s,1.1,0.4218,s,0,857.27
802,2103,22103,95,33,2,pseudoword,low,frope,5,4,internal,p,v,1.1333333333333333,0.49111,p,1,600.15
802,2113,22113,96,33,2,pseudoword,low,nalb,4,4,external,b,m,1.2333333333333334,0.5784,m,0,685.01
802,1109,21109,97,33,2,word,low,seed,4,4,external,d,m,1.1333333333333333,0.58091,d,1,812.55
802,3236,23236,98,33,2,consonant_string,high,hfwb,4,4,external,b,g,3.533333333333333,0.46543,g,0,894.77
802,1218,21218,99,33,2,word,high,home,4,3,internal,m,n,4.666666666666667,0.6574,n,0,716.66
802,1210,21210,101,33,2,word,high,weed,4,4,external,d,p,5.096774193548387,0.48985,d,1,597.89
802,1214,21214,102,33,2,word,high,rope,4,3,internal,p,b,5.066666666666666,0.70362,p,1,712.73
802,2224,22224,103,33,2,pseudoword,high,jote,4,3,internal,t,l,4.5,0.47576,l,0,1272.96
802,2228,22228,104,33,2,pseudoword,high,goif,4,4,external,f,l,4.033333333333333,0.60982,l,0,1735.24
802,3123,23123,105,33,2,consonant_string,low,vlbg,4,4,external,g,t,1.1333333333333333,0.44178,g,1,1627.88
802,2135,22135,106,33,2,pseudoword,low,frab,4,4,external,b,w,1.1,0.5109,b,1,503.46
802,2143,22143,107,33,2,pseudoword,low,plur,4,4,external,r,d,1.3333333333333333,0.49182,d,0,1516.35
802,1244,21244,108,33,2,word,high,stone,5,4,internal,n,r,3.1333333333333333,0.62334,n,1,463.6
802,2248,22248,109,33,2,pseudoword,high,zoke,4,3,internal,k,l,2.8,0.53572,k,1,656.79
802,1113,21113,110,33,2,word,low,slab,4,4,external,b,m,1.2333333333333334,0.5784,b,1,806.67
802,3246,23246,112,33,2,consonant_string,high,bfnsl,5,5,external,l,k,2.8,0.53572,k,0,1390.57
802,2216,22216,113,33,2,pseudoword,high,hime,4,3,internal,m,n,4.666666666666667,0.6574,n,0,902.16
802,3230,23230,114,33,2,consonant_string,high,czhf,4,4,external,f,r,3.8,0.69632,f,1,1154.05
802,3139,23139,115,33,2,consonant_string,low,mvjt,4,4,external,t,n,1.1,0.6011,n,0,1164.56
802,3212,23212,116,33,2,consonant_string,high,qmwp,4,4,external,p,d,5.096774193548387,0.48985,p,1,600.8
802,2210,22210,117,33,2,pseudoword,high,fard,4,4,external,d,p,5.096774193548387,0.48985,d,1,588.63
802,3111,23111,118,33,2,consonant_string,low,srfd,4,4,external,d,k,1.3333333333333333,0.3996,d,1,492.19
802,2141,22141,119,33,2,pseudoword,low,bule,4,3,internal,l,n,1.3666666666666667,0.46775,l,1,726.07
802,2204,22204,120,33,2,pseudoword,high,swed,4,4,external,d,p,5.096774193548387,0.48985,d,1,537.59
802,2115,22115,121,33,2,pseudoword,low,gulm,4,4,external,m,t,1.0666666666666667,0.52674,t,0,2312.17
802,3208,23208,123,33,2,consonant_string,high,cvsd,4,4,external,d,p,5.096774193548387,0.48985,d,1,500.46
802,3216,23216,124,33,2,consonant_string,high,fsmt,4,3,internal,m,n,4.666666666666667,0.6574,m,1,1285.35
802,3242,23242,125,33,2,consonant_string,high,wktl,4,4,external,l,r,3.2580645161290325,0.56415,l,1,1177.94
802,2111,22111,126,33,2,pseudoword,low,zoud,4,4,external,d,k,1.3333333333333333,0.3996,d,1,437.5
802,2232,22232,127,33,2,pseudoword,high,ghade,5,4,internal,d,c,3.566666666666667,0.66158,d,1,1188.04
802,3234,23234,128,33,2,consonant_string,high,pfldr,5,4,internal,d,c,3.566666666666667,0.66158,d,1,1338.64
802,2240,22240,129,33,2,pseudoword,high,hule,4,3,internal,l,r,3.2580645161290325,0.56415,l,1,1256.24
802,1123,21123,130,33,2,word,low,flag,4,4,external,g,t,1.1333333333333333,0.44178,g,1,574.13
802,3228,23228,131,33,2,consonant_string,high,vjnf,4,4,external,f,l,4.033333333333333,0.60982,f,1,1369.35
802,1125,21125,132,33,2,word,low,wage,4,3,internal,g,k,1.1666666666666667,0.37222,g,1,815.6
802,2131,22131,134,33,2,pseudoword,low,spode,5,4,internal,d,m,1.1333333333333333,0.58091,d,1,661.81
802,2133,22133,135,33,2,pseudoword,low,kide,4,3,internal,d,z,1.2333333333333334,0.52841,d,1,542.01
802,1228,21228,136,33,2,word,high,reef,4,4,external,f,l,4.033333333333333,0.60982,f,1,1005.89
802,3218,23218,137,33,2,consonant_string,high,zsmj,4,3,internal,m,n,4.666666666666667,0.6574,m,1,1217.81
802,3143,23143,138,33,2,consonant_string,low,fbvr,4,4,external,r,d,1.3333333333333333,0.49182,r,1,1343.07
802,3105,23105,139,33,2,consonant_string,low,fcmpk,5,4,internal,p,v,1.1333333333333333,0.49111,p,1,923.98
802,3214,23214,140,33,2,consonant_string,high,klpj,4,3,internal,p,b,5.066666666666666,0.70362,p,1,1563.24
802,3107,23107,141,33,2,consonant_string,low,qvsd,4,4,external,d,r,1.3333333333333333,0.49182,d,1,1083.51
802,1206,21206,142,33,2,word,high,stripe,6,5,internal,p,d,5.096774193548387,0.48985,p,1,783.08
802,3232,23232,143,33,2,consonant_string,high,vzldb,5,4,internal,d,c,3.566666666666667,0.66158,d,1,825.62
802,3115,23115,2,33,2,consonant_string,low,sfdm,4,4,external,m,t,1.0666666666666667,0.52674,t,0,1846.22
802,1226,21226,3,33,2,word,high,bang,4,4,external,g,d,4.1,0.62488,g,1,662.15
802,3226,23226,4,33,2,consonant_string,high,lqvg,4,4,external,g,d,4.1,0.62488,g,1,825.36
802,1224,21224,5,33,2,word,high,bite,4,3,internal,t,l,4.5,0.47576,t,1,1152.93
802,1139,21139,6,33,2,word,low,spat,4,4,external,t,n,1.1,0.6011,t,1,717.83
802,3131,23131,7,33,2,consonant_string,low,gjwds,5,4,internal,d,m,1.1333333333333333,0.58091,m,0,1277.06
802,1222,21222,8,33,2,word,high,swag,4,4,external,g,p,4.5,0.55857,g,1,722.64
802,3109,23109,9,33,2,consonant_string,low,csbd,4,4,external,d,m,1.1333333333333333,0.58091,d,1,665.84
802,1101,21101,10,33,2,word,low,snow,4,2,internal,n,t,1.1,0.6011,t,0,995.06
802,1208,21208,11,33,2,word,high,hood,4,4,external,d,p,5.096774193548387,0.48985,d,1,1274.96
802,3133,23133,13,33,2,consonant_string,low,vkdj,4,3,internal,d,z,1.2333333333333334,0.52841,d,1,708.21
802,3127,23127,14,33,2,consonant_string,low,bvcg,4,4,external,g,k,1.1666666666666667,0.37222,g,1,523.08
802,2109,22109,15,33,2,pseudoword,low,glod,4,4,external,d,m,1.1333333333333333,0.58091,d,1,520.26
802,1131,21131,16,33,2,word,low,slide,5,4,internal,d,m,1.1333333333333333,0.58091,d,1,717.47
802,3238,23238,17,33,2,consonant_string,high,njtb,4,3,internal,t,r,3.3666666666666667,0.59892,t,1,1513.7
802,1141,21141,18,33,2,word,low,file,4,3,internal,l,n,1.3666666666666667,0.46775,n,0,1274.98
802,2242,22242,19,33,2,pseudoword,high,drol,4,4,external,l,r,3.2580645161290325,0.56415,l,1,1008.23
802,2145,22145,20,33,2,pseudoword,low,swork,5,4,internal,r,c,1.4,0.55867,r,1,965.13
802,1137,21137,21,33,2,word,low,stew,4,4,external,w,p,1.1666666666666667,0.53452,w,1,572.35
802,1238,21238,22,33,2,word,high,date,4,3,internal,t,r,3.3666666666666667,0.59892,t,1,786.55
802,3121,23121,24,33,2,consonant_string,low,fqcg,4,4,external,g,w,1.1666666666666667,0.52446,g,1,717.09
802,3240,23240,25,33,2,consonant_string,high,gtln,4,3,internal,l,r,3.2580645161290325,0.56415,l,1,914.32
802,3145,23145,26,33,2,consonant_string,low,hvwrt,5,4,internal,r,c,1.4,0.55867,r,1,688.54
802,1115,21115,27,33,2,word,low,beam,4,4,external,m,t,1.0666666666666667,0.52674,m,1,564.07
802,2127,22127,28,33,2,pseudoword,low,reng,4,4,external,g,k,1.1666666666666667,0.37222,g,1,417.25
802,2129,22129,29,33,2,pseudoword,low,vofe,4,3,internal,f,n,1.2,0.53217,n,0,932.45
802,3224,23224,30,33,2,consonant_string,high,gpts,4,3,internal,t,l,4.5,0.47576,t,1,1022.02
802,1212,21212,31,33,2,word,high,grip,4,4,external,p,d,5.096774193548387,0.48985,p,1,735.25
802,2230,22230,32,33,2,pseudoword,high,zeaf,4,4,external,f,r,3.8,0.69632,f,1,1475.82
802,2125,22125,33,33,2,pseudoword,low,jege,4,3,internal,g,k,1.1666666666666667,0.37222,g,1,689.41
802,1111,21111,35,33,2,word,low,lead,4,4,external,d,k,1.3333333333333333,0.3996,d,1,672.94
802,3125,23125,36,33,2,consonant_string,low,fhgv,4,3,internal,g,k,1.1666666666666667,0.37222,g,1,1402.17
802,1240,21240,37,33,2,word,high,pole,4,3,internal,l,r,3.2580645161290325,0.56415,l,1,658.09
802,1234,21234,38,33,2,word,high,pride,5,4,internal,d,c,3.566666666666667,0.66158,d,1,624.96
802,3222,23222,39,33,2,consonant_string,high,wbjg,4,4,external,g,p,4.5,0.55857,p,0,828.16
802,3129,23129,40,33,2,consonant_string,low,dtfh,4,3,internal,f,n,1.2,0.53217,n,0,1591.75
802,1248,21248,41,33,2,word,high,sake,4,3,internal,k,l,2.8,0.53572,k,1,501.67
802,1232,21232,42,33,2,word,high,spade,5,4,internal,d,c,3.566666666666667,0.66158,d,1,554.51
802,2226,22226,43,33,2,pseudoword,high,yeng,4,4,external,g,d,4.1,0.62488,g,1,613.38
802,1135,21135,44,33,2,word,low,drab,4,4,external,b,w,1.1,0.5109,b,1,452.58
802,1230,21230,46,33,2,word,high,beef,4,4,external,f,r,3.8,0.69632,f,1,564.43
802,1220,21220,47,33,2,word,high,gate,4,3,internal,t,l,4.5,0.47576,l,0,1959.67
802,2202,22202,48,33,2,pseudoword,high,snad,4,2,internal,n,h,5.533333333333333,0.86536,n,1,1130.98
802,1246,21246,49,33,2,word,high,steal,5,5,external,l,k,2.8,0.53572,l,1,1022.55
802,2119,22119,50,33,2,pseudoword,low,chom,4,4,external,m,t,1.0666666666666667,0.52674,t,0,1117.79
802,3244,23244,75,33,2,consonant_string,high,qjfnd,5,4,internal,n,r,3.1333333333333333,0.62334,n,1,1189.18
802,1121,21121,62,33,2,word,low,flog,4,4,external,g,w,1.1666666666666667,0.52446,g,1,683.36
802,1202,21202,63,33,2,word,high,snip,4,2,internal,n,h,5.533333333333333,0.86536,h,0,1037.91
802,3119,23119,64,33,2,consonant_string,low,gjkm,4,4,external,m,t,1.0666666666666667,0.52674,t,0,1563.54
802,3135,23135,65,33,2,consonant_string,low,mkrb,4,4,external,b,w,1.1,0.5109,b,1,732.76
802,3113,23113,66,33,2,consonant_string,low,rtcb,4,4,external,b,m,1.2333333333333334,0.5784,m,0,815.32
802,2101,22101,68,33,2,pseudoword,low,snum,4,2,internal,n,t,1.1,0.6011,t,0,1248.54
802,2123,22123,69,33,2,pseudoword,low,blug,4,4,external,g,t,1.1333333333333333,0.44178,g,1,724.45
802,2107,22107,70,33,2,pseudoword,low,nood,4,4,external,d,r,1.3333333333333333,0.49182,d,1,471.65
802,1147,21147,71,33,2,word,low,bale,4,3,internal,l,s,1.1,0.4218,l,1,1562.87
802,3103,23103,72,33,2,consonant_string,low,qsgpn,5,4,internal,p,v,1.1333333333333333,0.49111,p,1,809.14
802,3137,23137,73,33,2,consonant_string,low,gbcw,4,4,external,w,p,1.1666666666666667,0.53452,p,0,1105.37
802,2139,22139,74,33,2,pseudoword,low,glot,4,4,external,t,n,1.1,0.6011,t,1,899.27
802,1127,21127,80,33,2,word,low,wing,4,4,external,g,k,1.1666666666666667,0.37222,k,0,523.39
802,2212,22212,76,33,2,pseudoword,high,glip,4,4,external,p,d,5.096774193548387,0.48985,p,1,610.73
802,3147,23147,77,33,2,consonant_string,low,gnlt,4,3,internal,l,s,1.1,0.4218,l,1,924.95
802,3101,23101,79,33,2,consonant_string,low,znsq,4,2,internal,n,t,1.1,0.6011,t,0,964.17
802,1105,21105,84,33,2,word,low,grape,5,4,internal,p,v,1.1333333333333333,0.49111,p,1,755.27
802,1117,21117,81,33,2,word,low,scam,4,4,external,m,b,1.2333333333333334,0.5784,m,1,1110.61
802,2244,22244,82,33,2,pseudoword,high,slone,5,4,internal,n,r,3.1333333333333333,0.62334,n,1,530.83
802,2218,22218,83,33,2,pseudoword,high,vume,4,3,internal,m,n,4.666666666666667,0.6574,n,0,1050.37
802,3220,23220,85,33,2,consonant_string,high,pktv,4,3,internal,t,l,4.5,0.47576,l,0,851.15
803,3140,33140,27,33,3,consonant_string,low,gtln,4,3,internal,l,s,1.1,0.4218,s,0,453.23
803,2215,32215,62,33,3,pseudoword,high,gulm,4,4,external,m,n,4.666666666666667,0.6574,n,0,956.74
803,2225,32225,63,33,3,pseudoword,high,jege,4,3,internal,g,d,4.1,0.62488,g,1,728.65
803,1211,31211,64,33,3,word,high,lead,4,4,external,d,p,5.096774193548387,0.48985,p,0,789.15
803,3142,33142,65,33,3,consonant_string,low,wktl,4,4,external,l,m,1.0666666666666667,0.5113,m,0,504.68
803,1102,31102,66,33,3,word,low,snip,4,2,internal,n,l,1.3666666666666667,0.46775,l,0,1101.54
803,1213,31213,68,33,3,word,high,slab,4,4,external,b,p,5.066666666666666,0.70362,p,0,593.41
803,3144,33144,69,33,3,consonant_string,low,qjfnd,5,4,internal,n,k,1.5333333333333334,0.52768,n,1,616.28
803,1144,31144,70,33,3,word,low,stone,5,4,internal,n,k,1.5333333333333334,0.52768,n,1,535.47
803,2241,32241,71,33,3,pseudoword,high,bule,4,3,internal,l,r,3.2580645161290325,0.56415,r,0,613.98
803,2205,32205,72,33,3,pseudoword,high,brupe,5,4,internal,p,d,5.096774193548387,0.48985,d,0,451.18
803,2243,32243,73,33,3,pseudoword,high,plur,4,4,external,r,n,3.1333333333333333,0.62334,n,0,527.02
803,3148,33148,74,33,3,consonant_string,low,dhkw,4,3,internal,k,g,1.1666666666666667,0.37222,k,1,467.53
803,1146,31146,75,33,3,word,low,steal,5,5,external,l,m,1.0666666666666667,0.5113,l,1,646.71
803,2211,32211,76,33,3,pseudoword,high,zoud,4,4,external,d,p,5.096774193548387,0.48985,p,0,574.59
803,2134,32134,77,33,3,pseudoword,low,brode,5,4,internal,d,m,1.1333333333333333,0.58091,m,0,809.1
803,3134,33134,79,33,3,consonant_string,low,pfldr,5,4,internal,d,m,1.1333333333333333,0.58091,d,1,428.3
803,2112,32112,80,33,3,pseudoword,low,glip,4,4,external,p,t,1.3333333333333333,0.53002,t,0,544.83
803,3201,33201,81,33,3,consonant_string,high,znsq,4,2,internal,n,h,5.533333333333333,0.86536,n,1,472.67
803,1122,31122,82,33,3,word,low,swag,4,4,external,g,n,1.7,0.55212,g,1,711.84
803,3146,33146,83,33,3,consonant_string,low,bfnsl,5,5,external,l,m,1.0666666666666667,0.5113,l,1,594.05
803,1217,31217,84,33,3,word,high,scam,4,4,external,m,n,4.666666666666667,0.6574,n,0,1276.94
803,1237,31237,85,33,3,word,high,stew,4,4,external,w,m,3.4,0.62127,w,1,759.5
803,1130,31130,86,33,3,word,low,beef,4,4,external,f,p,1.6333333333333333,0.41008,f,1,673.71
803,2148,32148,87,33,3,pseudoword,low,zoke,4,3,internal,k,g,1.1666666666666667,0.37222,k,1,600.23
803,1241,31241,88,33,3,word,high,file,4,3,internal,l,r,3.2580645161290325,0.56415,r,0,488.08
803,2142,32142,90,33,3,pseudoword,low,drol,4,4,external,l,m,1.0666666666666667,0.5113,l,1,504.6
803,3239,33239,91,33,3,consonant_string,high,mvjt,4,4,external,t,r,3.3666666666666667,0.59892,r,0,797.37
803,2106,32106,92,33,3,pseudoword,low,strepe,6,5,internal,p,v,1.1333333333333333,0.49111,v,0,500.34
803,1239,31239,93,33,3,word,high,spat,4,4,external,t,r,3.3666666666666667,0.59892,t,1,547.1
803,3136,33136,94,33,3,consonant_string,low,hfwb,4,4,external,b,r,1.2666666666666666,0.51424,b,1,714.62
803,3221,33221,95,33,3,consonant_string,high,fqcg,4,4,external,g,p,4.5,0.55857,p,0,577.88
803,2102,32102,96,33,3,pseudoword,low,snad,4,2,internal,n,l,1.3666666666666667,0.46775,n,1,518.42
803,1229,31229,97,33,3,word,high,wife,4,3,internal,f,r,3.8,0.69632,f,1,617.61
803,2138,32138,98,33,3,pseudoword,low,jite,4,3,internal,t,m,1.0666666666666667,0.52674,t,1,438.8
803,3245,33245,99,33,3,consonant_string,high,hvwrt,5,4,internal,r,n,3.1333333333333333,0.62334,n,0,394.28
803,2144,32144,101,33,3,pseudoword,low,slone,5,4,internal,n,k,1.5333333333333334,0.52768,n,1,538.14
803,3235,33235,102,33,3,consonant_string,high,mkrb,4,4,external,b,g,3.533333333333333,0.46543,g,0,451.69
803,1140,31140,103,33,3,word,low,pole,4,3,internal,l,s,1.1,0.4218,l,1,710.54
803,2245,32245,104,33,3,pseudoword,high,swork,5,4,internal,r,n,3.1333333333333333,0.62334,r,1,692.72
803,1106,31106,105,33,3,word,low,stripe,6,5,internal,p,v,1.1333333333333333,0.49111,v,0,491.6
803,3203,33203,106,33,3,consonant_string,high,qsgpn,5,4,internal,p,d,5.096774193548387,0.48985,p,1,475.38
803,2229,32229,107,33,3,pseudoword,high,vofe,4,3,internal,f,r,3.8,0.69632,f,1,523.89
803,2120,32120,108,33,3,pseudoword,low,wote,4,3,internal,t,m,1.0666666666666667,0.52674,m,0,688.4
803,3217,33217,109,33,3,consonant_string,high,htjm,4,4,external,m,n,4.666666666666667,0.6574,m,1,438.96
803,1110,31110,110,33,3,word,low,weed,4,4,external,d,k,1.3333333333333333,0.3996,k,0,421.45
803,1134,31134,112,33,3,word,low,pride,5,4,internal,d,m,1.1333333333333333,0.58091,d,1,526.63
803,2213,32213,113,33,3,pseudoword,high,nalb,4,4,external,b,p,5.066666666666666,0.70362,p,0,545.15
803,3132,33132,114,33,3,consonant_string,low,vzldb,5,4,internal,d,r,1.3333333333333333,0.49182,r,0,477.01
803,2235,32235,115,33,3,pseudoword,high,frab,4,4,external,b,g,3.533333333333333,0.46543,b,1,393.66
803,2227,32227,116,33,3,pseudoword,high,reng,4,4,external,g,d,4.1,0.62488,g,1,359.51
803,2239,32239,117,33,3,pseudoword,high,glot,4,4,external,t,r,3.3666666666666667,0.59892,r,0,444.69
803,1207,31207,118,33,3,word,high,read,4,4,external,d,p,5.096774193548387,0.48985,p,0,411.53
803,3106,33106,119,33,3,consonant_string,low,jbfzpq,6,5,internal,p,v,1.1333333333333333,0.49111,p,1,713.68
803,1138,31138,120,33,3,word,low,date,4,3,internal,t,m,1.0666666666666667,0.52674,t,1,412.88
803,1148,31148,121,33,3,word,low,sake,4,3,internal,k,g,1.1666666666666667,0.37222,k,1,475.11
803,2233,32233,123,33,3,pseudoword,high,kide,4,3,internal,d,c,3.566666666666667,0.66158,c,0,493.26
803,3114,33114,124,33,3,consonant_string,low,klpj,4,3,internal,p,s,1.2580645161290323,0.5767,s,0,459.08
803,3213,33213,125,33,3,consonant_string,high,rtcb,4,4,external,b,p,5.066666666666666,0.70362,p,0,474.3
803,1132,31132,126,33,3,word,low,spade,5,4,internal,d,r,1.3333333333333333,0.49182,r,0,586.47
803,3229,33229,127,33,3,consonant_string,high,dtfh,4,3,internal,f,r,3.8,0.69632,f,1,466.99
803,2108,32108,128,33,3,pseudoword,low,vild,4,4,external,d,k,1.3333333333333333,0.3996,k,0,800.17
803,2104,32104,129,33,3,pseudoword,low,swed,4,4,external,d,m,1.1333333333333333,0.58091,m,0,1183.05
803,1114,31114,130,33,3,word,low,rope,4,3,internal,p,s,1.2580645161290323,0.5767,p,1,1027.61
803,3130,33130,131,33,3,consonant_string,low,czhf,4,4,external,f,p,1.6333333333333333,0.41008,f,1,452.19
803,3108,33108,132,33,3,consonant_string,low,cvsd,4,4,external,d,k,1.3333333333333333,0.3996,k,0,880.98
803,3207,33207,134,33,3,consonant_string,high,qvsd,4,4,external,d,p,5.096774193548387,0.48985,d,1,710.51
803,2207,32207,135,33,3,pseudoword,high,nood,4,4,external,d,p,5.096774193548387,0.48985,d,1,820.78
803,3225,33225,136,33,3,consonant_string,high,fhgv,4,3,internal,g,d,4.1,0.62488,g,1,571.96
803,1118,31118,137,33,3,word,low,home,4,3,internal,m,l,1.0666666666666667,0.5113,m,1,1293.19
803,1203,31203,138,33,3,word,high,shape,5,4,internal,p,d,5.096774193548387,0.48985,p,1,757.06
803,1124,31124,139,33,3,word,low,bite,4,3,internal,t,d,1.3666666666666667,0.47786,t,1,645.93
803,3215,33215,140,33,3,consonant_string,high,sfdm,4,4,external,m,n,4.666666666666667,0.6574,m,1,997.84
803,3241,33241,141,33,3,consonant_string,high,pqlt,4,3,internal,l,r,3.2580645161290325,0.56415,l,1,1222.74
803,1227,31227,142,33,3,word,high,wing,4,4,external,g,d,4.1,0.62488,g,1,595.93
803,1209,31209,143,33,3,word,high,seed,4,4,external,d,p,5.096774193548387,0.48985,p,0,646.79
803,2122,32122,2,33,3,pseudoword,low,sleg,4,4,external,g,n,1.7,0.55212,g,1,570.65
803,1235,31235,3,33,3,word,high,drab,4,4,external,b,g,3.533333333333333,0.46543,b,1,549.83
803,3231,33231,4,33,3,consonant_string,high,gjwds,5,4,internal,d,c,3.566666666666667,0.66158,c,0,502.71
803,1221,31221,5,33,3,word,high,flog,4,4,external,g,p,4.5,0.55857,g,1,809.55
803,1247,31247,6,33,3,word,high,bale,4,3,internal,l,k,2.8,0.53572,k,0,620.77
803,1245,31245,7,33,3,word,high,spire,5,4,internal,r,n,3.1333333333333333,0.62334,r,1,543.96
803,1231,31231,8,33,3,word,high,slide,5,4,internal,d,c,3.566666666666667,0.66158,d,1,744.81
803,2223,32223,9,33,3,pseudoword,high,blug,4,4,external,g,p,4.5,0.55857,g,1,475.67
803,1201,31201,10,33,3,word,high,snow,4,2,internal,n,h,5.533333333333333,0.86536,n,1,1516.2
803,1120,31120,11,33,3,word,low,gate,4,3,internal,t,m,1.0666666666666667,0.52674,t,1,548.44
803,2140,32140,13,33,3,pseudoword,low,hule,4,3,internal,l,s,1.1,0.4218,l,1,549.29
803,3110,33110,14,33,3,consonant_string,low,lsbd,4,4,external,d,k,1.3333333333333333,0.3996,d,1,713.16
803,2146,32146,15,33,3,pseudoword,low,proal,5,5,external,l,m,1.0666666666666667,0.5113,l,1,951.4
803,3211,33211,16,33,3,consonant_string,high,srfd,4,4,external,d,p,5.096774193548387,0.48985,d,1,925.27
803,2231,32231,17,33,3,pseudoword,high,spode,5,4,internal,d,c,3.566666666666667,0.66158,c,0,779.79
803,2221,32221,18,33,3,pseudoword,high,quag,4,4,external,g,p,4.5,0.55857,g,1,866.34
803,2116,32116,19,33,3,pseudoword,low,hime,4,3,internal,m,l,1.0666666666666667,0.5113,l,0,687.53
803,2209,32209,20,33,3,pseudoword,high,glod,4,4,external,d,p,5.096774193548387,0.48985,d,1,497.07
803,2126,32126,21,33,3,pseudoword,low,yeng,4,4,external,g,k,1.1666666666666667,0.37222,g,1,510.94
803,3227,33227,22,33,3,consonant_string,high,bvcg,4,4,external,g,d,4.1,0.62488,g,1,917.13
803,2128,32128,24,33,3,pseudoword,low,goif,4,4,external,f,d,1.4333333333333333,0.51654,d,0,540.34
803,1223,31223,25,33,3,word,high,flag,4,4,external,g,p,4.5,0.55857,g,1,764.83
803,2136,32136,26,33,3,pseudoword,low,plob,4,4,external,b,r,1.2666666666666666,0.51424,b,1,712.07
803,2130,32130,0,33,3,pseudoword,low,zeaf,4,4,external,f,p,1.6333333333333333,0.41008,f,1,687.55
803,3247,33247,28,33,3,consonant_string,high,gnlt,4,3,internal,l,k,2.8,0.53572,l,1,921.08
803,2110,32110,29,33,3,pseudoword,low,fard,4,4,external,d,k,1.3333333333333333,0.3996,k,0,1032.32
803,2203,32203,30,33,3,pseudoword,high,frope,5,4,internal,p,d,5.096774193548387,0.48985,p,1,625.88
803,3243,33243,31,33,3,consonant_string,high,fbvr,4,4,external,r,n,3.1333333333333333,0.62334,r,1,1237.43
803,1219,31219,32,33,3,word,high,warm,4,4,external,m,n,4.666666666666667,0.6574,m,1,553.99
803,3126,33126,33,33,3,consonant_string,low,lqvg,4,4,external,g,k,1.1666666666666667,0.37222,k,0,1101.87
803,2118,32118,35,33,3,pseudoword,low,vume,4,3,internal,m,l,1.0666666666666667,0.5113,l,0,760.76
803,2247,32247,36,33,3,pseudoword,high,jile,4,3,internal,l,k,2.8,0.53572,k,0,729.94
803,3205,33205,37,33,3,consonant_string,high,fcmpk,5,4,internal,p,d,5.096774193548387,0.48985,d,0,639.48
803,3122,33122,38,33,3,consonant_string,low,wbjg,4,4,external,g,n,1.7,0.55212,g,1,576.0
803,1126,31126,39,33,3,word,low,bang,4,4,external,g,k,1.1666666666666667,0.37222,k,0,444.52
803,1142,31142,40,33,3,word,low,seal,4,4,external,l,m,1.0666666666666667,0.5113,l,1,707.38
803,3219,33219,41,33,3,consonant_string,high,gjkm,4,4,external,m,n,4.666666666666667,0.6574,m,1,900.59
803,3118,33118,42,33,3,consonant_string,low,zsmj,4,3,internal,m,l,1.0666666666666667,0.5113,m,1,1487.49
803,2201,32201,43,33,3,pseudoword,high,snum,4,2,internal,n,h,5.533333333333333,0.86536,h,0,875.04
803,1104,31104,44,33,3,word,low,skid,4,4,external,d,m,1.1333333333333333,0.58091,d,1,824.61
803,1233,31233,46,33,3,word,high,fade,4,3,internal,d,c,3.566666666666667,0.66158,d,1,572.13
803,3233,33233,47,33,3,consonant_string,high,vkdj,4,3,internal,d,c,3.566666666666667,0.66158,c,0,642.31
803,1108,31108,48,33,3,word,low,hood,4,4,external,d,k,1.3333333333333333,0.3996,d,1,726.22
803,2124,32124,49,33,3,pseudoword,low,jote,4,3,internal,t,d,1.3666666666666667,0.47786,t,1,1653.78
803,3209,33209,50,33,3,consonant_string,high,csbd,4,4,external,d,p,5.096774193548387,0.48985,p,0,957.68
803,1128,31128,60,33,3,word,low,reef,4,4,external,f,d,1.4333333333333333,0.51654,f,1,966.28
803,3138,33138,61,33,3,consonant_string,low,njtb,4,3,internal,t,m,1.0666666666666667,0.52674,t,1,957.5
803,1243,31243,1,33,3,word,high,moor,4,4,external,r,n,3.1333333333333333,0.62334,n,0,448.04
803,3120,33120,12,33,3,consonant_string,low,pktv,4,3,internal,t,m,1.0666666666666667,0.52674,m,0,1337.94
803,1116,31116,23,33,3,word,low,mime,4,3,internal,m,l,1.0666666666666667,0.5113,m,1,475.49
803,3102,33102,34,33,3,consonant_string,low,knfc,4,2,internal,n,l,1.3666666666666667,0.46775,l,0,646.96
803,2219,32219,45,33,3,pseudoword,high,chom,4,4,external,m,n,4.666666666666667,0.6574,m,1,808.89
803,2237,32237,56,33,3,pseudoword,high,blaw,4,4,external,w,m,3.4,0.62127,m,0,532.01
803,1205,31205,67,33,3,word,high,grape,5,4,internal,p,d,5.096774193548387,0.48985,p,1,821.62
803,3116,33116,78,33,3,consonant_string,low,fsmt,4,3,internal,m,l,1.0666666666666667,0.5113,l,0,1201.83
803,3124,33124,89,33,3,consonant_string,low,gpts,4,3,internal,t,d,1.3666666666666667,0.47786,t,1,509.72
803,3237,33237,100,33,3,consonant_string,high,gbcw,4,4,external,w,m,3.4,0.62127,w,1,501.91
803,3223,33223,111,33,3,consonant_string,high,vlbg,4,4,external,g,p,4.5,0.55857,p,0,817.76
803,2114,32114,122,33,3,pseudoword,low,dape,4,3,internal,p,s,1.2580645161290323,0.5767,p,1,1135.0
803,1225,31225,133,33,3,word,high,wage,4,3,internal,g,d,4.1,0.62488,g,1,582.54
803,1136,31136,54,33,3,word,low,stab,4,4,external,b,r,1.2666666666666666,0.51424,r,0,763.24
803,3104,33104,51,33,3,consonant_string,low,htwd,4,4,external,d,m,1.1333333333333333,0.58091,m,0,482.04
803,1215,31215,52,33,3,word,high,beam,4,4,external,m,n,4.666666666666667,0.6574,m,1,447.56
803,2132,32132,53,33,3,pseudoword,low,ghade,5,4,internal,d,r,1.3333333333333333,0.49182,d,1,504.45
803,3112,33112,59,33,3,consonant_string,low,qmwp,4,4,external,p,t,1.3333333333333333,0.53002,p,1,444.43
803,1112,31112,55,33,3,word,low,grip,4,4,external,p,t,1.3333333333333333,0.53002,t,0,498.47
803,3128,33128,57,33,3,consonant_string,low,vjnf,4,4,external,f,d,1.4333333333333333,0.51654,d,0,855.36
803,2217,32217,58,33,3,pseudoword,high,plim,4,4,external,m,n,4.666666666666667,0.6574,n,0,807.23
804,3228,43228,67,33,4,consonant_string,high,vjnf,4,4,external,f,l,4.033333333333333,0.60982,l,0,728.73
804,2232,42232,78,33,4,pseudoword,high,ghade,5,4,internal,d,c,3.566666666666667,0.66158,c,0,1258.28
804,1232,41232,89,33,4,word,high,spade,5,4,internal,d,c,3.566666666666667,0.66158,d,1,517.16
804,2111,42111,100,33,4,pseudoword,low,zoud,4,4,external,d,k,1.3333333333333333,0.3996,k,0,1059.37
804,1141,41141,111,33,4,word,low,file,4,3,internal,l,n,1.3666666666666667,0.46775,l,1,612.58
804,1208,41208,52,33,4,word,high,hood,4,4,external,d,p,5.096774193548387,0.48985,d,1,763.67
804,2101,42101,53,33,4,pseudoword,low,snum,4,2,internal,n,t,1.1,0.6011,n,1,2179.89
804,1131,41131,54,33,4,word,low,slide,5,4,internal,d,m,1.1333333333333333,0.58091,d,1,597.49
804,2202,42202,55,33,4,pseudoword,high,snad,4,2,internal,n,h,5.533333333333333,0.86536,h,0,1187.39
804,2242,42242,57,33,4,pseudoword,high,drol,4,4,external,l,r,3.2580645161290325,0.56415,l,1,731.97
804,3107,43107,122,33,4,consonant_string,low,qvsd,4,4,external,d,r,1.3333333333333333,0.49182,d,1,787.79
804,2115,42115,133,33,4,pseudoword,low,gulm,4,4,external,m,t,1.0666666666666667,0.52674,t,0,1563.35
804,3238,43238,1,33,4,consonant_string,high,njtb,4,3,internal,t,r,3.3666666666666667,0.59892,r,0,927.61
804,2121,42121,12,33,4,pseudoword,low,quag,4,4,external,g,w,1.1666666666666667,0.52446,g,1,1043.16
804,1135,41135,23,33,4,word,low,drab,4,4,external,b,w,1.1,0.5109,b,1,691.08
804,2139,42139,34,33,4,pseudoword,low,glot,4,4,external,t,n,1.1,0.6011,t,1,1061.6
804,1226,41226,45,33,4,word,high,bang,4,4,external,g,d,4.1,0.62488,g,1,1459.87
804,1210,41210,51,33,4,word,high,weed,4,4,external,d,p,5.096774193548387,0.48985,d,1,830.09
804,1230,41230,81,33,4,word,high,beef,4,4,external,f,r,3.8,0.69632,f,1,546.36
804,1214,41214,82,33,4,word,high,rope,4,3,internal,p,b,5.066666666666666,0.70362,p,1,586.22
804,2246,42246,83,33,4,pseudoword,high,proal,5,5,external,l,k,2.8,0.53572,k,0,1243.76
804,3224,43224,84,33,4,consonant_string,high,gpts,4,3,internal,t,l,4.5,0.47576,l,0,1352.69
804,1246,41246,85,33,4,word,high,steal,5,5,external,l,k,2.8,0.53572,l,1,482.54
804,1143,41143,86,33,4,word,low,moor,4,4,external,r,d,1.3333333333333333,0.49182,d,0,1236.13
804,3204,43204,87,33,4,consonant_string,high,htwd,4,4,external,d,p,5.096774193548387,0.48985,d,1,1274.7
804,3129,43129,88,33,4,consonant_string,low,dtfh,4,3,internal,f,n,1.2,0.53217,f,1,971.25
804,3125,43125,90,33,4,consonant_string,low,fhgv,4,3,internal,g,k,1.1666666666666667,0.37222,k,0,907.52
804,3127,43127,91,33,4,consonant_string,low,bvcg,4,4,external,g,k,1.1666666666666667,0.37222,g,1,930.68
804,3216,43216,92,33,4,consonant_string,high,fsmt,4,3,internal,m,n,4.666666666666667,0.6574,m,1,1532.29
804,3143,43143,93,33,4,consonant_string,low,fbvr,4,4,external,r,d,1.3333333333333333,0.49182,d,0,1183.9
804,1206,41206,94,33,4,word,high,stripe,6,5,internal,p,d,5.096774193548387,0.48985,p,1,1006.43
804,3135,43135,95,33,4,consonant_string,low,mkrb,4,4,external,b,w,1.1,0.5109,b,1,1074.32
804,3210,43210,96,33,4,consonant_string,high,lsbd,4,4,external,d,p,5.096774193548387,0.48985,p,0,1148.56
804,2206,42206,97,33,4,pseudoword,high,strepe,6,5,internal,p,d,5.096774193548387,0.48985,p,1,766.45
804,2129,42129,98,33,4,pseudoword,low,vofe,4,3,internal,f,n,1.2,0.53217,f,1,1439.7
804,2226,42226,99,33,4,pseudoword,high,yeng,4,4,external,g,d,4.1,0.62488,d,0,1528.3
804,2141,42141,101,33,4,pseudoword,low,bule,4,3,internal,l,n,1.3666666666666667,0.46775,n,0,1825.96
804,1222,41222,58,33,4,word,high,swag,4,4,external,g,p,4.5,0.55857,g,1,984.47
804,2244,42244,59,33,4,pseudoword,high,slone,5,4,internal,n,r,3.1333333333333333,0.62334,r,0,822.03
804,2210,42210,60,33,4,pseudoword,high,fard,4,4,external,d,p,5.096774193548387,0.48985,d,1,1382.29
804,2228,42228,61,33,4,pseudoword,high,goif,4,4,external,f,l,4.033333333333333,0.60982,l,0,1126.86
804,3214,43214,62,33,4,consonant_string,high,klpj,4,3,internal,p,b,5.066666666666666,0.70362,p,1,1434.43
804,3121,43121,63,33,4,consonant_string,low,fqcg,4,4,external,g,w,1.1666666666666667,0.52446,w,0,1260.06
804,2204,42204,64,33,4,pseudoword,high,swed,4,4,external,d,p,5.096774193548387,0.48985,d,1,938.25
804,3202,43202,65,33,4,consonant_string,high,knfc,4,2,internal,n,h,5.533333333333333,0.86536,h,0,1230.83
804,2135,42135,66,33,4,pseudoword,low,frab,4,4,external,b,w,1.1,0.5109,w,0,1054.41
804,1244,41244,68,33,4,word,high,stone,5,4,internal,n,r,3.1333333333333333,0.62334,n,1,653.29
804,2125,42125,69,33,4,pseudoword,low,jege,4,3,internal,g,k,1.1666666666666667,0.37222,g,1,1101.16
804,2147,42147,70,33,4,pseudoword,low,jile,4,3,internal,l,s,1.1,0.4218,l,1,501.03
804,2240,42240,71,33,4,pseudoword,high,hule,4,3,internal,l,r,3.2580645161290325,0.56415,r,0,900.9
804,2220,42220,72,33,4,pseudoword,high,wote,4,3,internal,t,l,4.5,0.47576,l,0,993.83
804,3115,43115,73,33,4,consonant_string,low,sfdm,4,4,external,m,t,1.0666666666666667,0.52674,t,0,1092.7
804,1105,41105,74,33,4,word,low,grape,5,4,internal,p,v,1.1333333333333333,0.49111,p,1,535.6
804,1117,41117,75,33,4,word,low,scam,4,4,external,m,b,1.2333333333333334,0.5784,m,1,1407.12
804,1224,41224,76,33,4,word,high,bite,4,3,internal,t,l,4.5,0.47576,t,1,876.07
804,3103,43103,77,33,4,consonant_string,low,qsgpn,5,4,internal,p,v,1.1333333333333333,0.49111,v,0,1439.63
804,3206,43206,79,33,4,consonant_string,high,jbfzpq,6,5,internal,p,d,5.096774193548387,0.48985,p,1,1678.25
804,3212,43212,80,33,4,consonant_string,high,qmwp,4,4,external,p,d,5.096774193548387,0.48985,d,0,979.81
804,3232,43232,125,33,4,consonant_string,high,vzldb,5,4,internal,d,c,3.566666666666667,0.66158,d,1,1168.45
804,2208,42208,126,33,4,pseudoword,high,vild,4,4,external,d,p,5.096774193548387,0.48985,p,0,1227.71
804,3230,43230,127,33,4,consonant_string,high,czhf,4,4,external,f,r,3.8,0.69632,r,0,823.31
804,3145,43145,128,33,4,consonant_string,low,hvwrt,5,4,internal,r,c,1.4,0.55867,r,1,725.49
804,2236,42236,129,33,4,pseudoword,high,plob,4,4,external,b,g,3.533333333333333,0.46543,g,0,613.01
804,1216,41216,130,33,4,word,high,mime,4,3,internal,m,n,4.666666666666667,0.6574,n,0,805.21
804,1127,41127,131,33,4,word,low,wing,4,4,external,g,k,1.1666666666666667,0.37222,g,1,772.08
804,1202,41202,132,33,4,word,high,snip,4,2,internal,n,h,5.533333333333333,0.86536,n,1,1418.35
804,2131,42131,134,33,4,pseudoword,low,spode,5,4,internal,d,m,1.1333333333333333,0.58091,d,1,730.54
804,2103,42103,135,33,4,pseudoword,low,frope,5,4,internal,p,v,1.1333333333333333,0.49111,p,1,939.13
804,1133,41133,136,33,4,word,low,fade,4,3,internal,d,z,1.2333333333333334,0.52841,d,1,643.67
804,3226,43226,137,33,4,consonant_string,high,lqvg,4,4,external,g,d,4.1,0.62488,g,1,1103.54
804,1204,41204,138,33,4,word,high,skid,4,4,external,d,p,5.096774193548387,0.48985,d,1,563.39
804,1218,41218,139,33,4,word,high,home,4,3,internal,m,n,4.666666666666667,0.6574,m,1,665.57
804,3220,43220,140,33,4,consonant_string,high,pktv,4,3,internal,t,l,4.5,0.47576,l,0,1023.79
804,2216,42216,141,33,4,pseudoword,high,hime,4,3,internal,m,n,4.666666666666667,0.6574,n,0,1240.37
804,1234,41234,142,33,4,word,high,pride,5,4,internal,d,c,3.566666666666667,0.66158,c,0,455.28
804,3113,43113,143,33,4,consonant_string,low,rtcb,4,4,external,b,m,1.2333333333333334,0.5784,m,0,956.15
804,2212,42212,2,33,4,pseudoword,high,glip,4,4,external,p,d,5.096774193548387,0.48985,d,0,644.99
804,3218,43218,102,33,4,consonant_string,high,zsmj,4,3,internal,m,n,4.666666666666667,0.6574,n,0,1075.55
804,2234,42234,103,33,4,pseudoword,high,brode,5,4,internal,d,c,3.566666666666667,0.66158,c,0,1010.08
804,1115,41115,104,33,4,word,low,beam,4,4,external,m,t,1.0666666666666667,0.52674,t,0,640.32
804,1147,41147,105,33,4,word,low,bale,4,3,internal,l,s,1.1,0.4218,l,1,547.8
804,3123,43123,106,33,4,consonant_string,low,vlbg,4,4,external,g,t,1.1333333333333333,0.44178,t,0,1222.74
804,3139,43139,107,33,4,consonant_string,low,mvjt,4,4,external,t,n,1.1,0.6011,n,0,917.95
804,2123,42123,108,33,4,pseudoword,low,blug,4,4,external,g,t,1.1333333333333333,0.44178,t,0,1148.15
804,1113,41113,109,33,4,word,low,slab,4,4,external,b,m,1.2333333333333334,0.5784,b,1,601.03
804,2119,42119,110,33,4,pseudoword,low,chom,4,4,external,m,t,1.0666666666666667,0.52674,t,0,945.94
804,3236,43236,112,33,4,consonant_string,high,hfwb,4,4,external,b,g,3.533333333333333,0.46543,g,0,1008.8
804,2143,42143,113,33,4,pseudoword,low,plur,4,4,external,r,d,1.3333333333333333,0.49182,d,0,1089.05
804,3240,43240,114,33,4,consonant_string,high,gtln,4,3,internal,l,r,3.2580645161290325,0.56415,r,0,1158.6
804,3141,43141,115,33,4,consonant_string,low,pqlt,4,3,internal,l,n,1.3666666666666667,0.46775,l,1,666.18
804,3119,43119,116,33,4,consonant_string,low,gjkm,4,4,external,m,t,1.0666666666666667,0.52674,m,1,942.42
804,2137,42137,117,33,4,pseudoword,low,blaw,4,4,external,w,p,1.1666666666666667,0.53452,w,1,1005.29
804,2230,42230,118,33,4,pseudoword,high,zeaf,4,4,external,f,r,3.8,0.69632,r,0,1036.19
804,1220,41220,119,33,4,word,high,gate,4,3,internal,t,l,4.5,0.47576,t,1,548.74
804,3244,43244,120,33,4,consonant_string,high,qjfnd,5,4,internal,n,r,3.1333333333333333,0.62334,n,1,1086.64
804,1129,41129,121,33,4,word,low,wife,4,3,internal,f,n,1.2,0.53217,f,1,565.15
804,1236,41236,123,33,4,word,high,stab,4,4,external,b,g,3.533333333333333,0.46543,b,1,635.38
804,3117,43117,124,33,4,consonant_string,low,htjm,4,4,external,m,b,1.2333333333333334,0.5784,m,1,1227.89
804,1139,41139,0,33,4,word,low,spat,4,4,external,t,n,1.1,0.6011,t,1,717.96
804,2133,42133,56,33,4,pseudoword,low,kide,4,3,internal,d,z,1.2333333333333334,0.52841,d,1,1032.17
804,3246,43246,27,33,4,consonant_string,high,bfnsl,5,5,external,l,k,2.8,0.53572,k,0,1029.74
804,1123,41123,28,33,4,word,low,flag,4,4,external,g,t,1.1333333333333333,0.44178,g,1,507.29
804,2113,42113,29,33,4,pseudoword,low,nalb,4,4,external,b,m,1.2333333333333334,0.5784,m,0,838.47
804,2224,42224,30,33,4,pseudoword,high,jote,4,3,internal,t,l,4.5,0.47576,t,1,659.98
804,2109,42109,31,33,4,pseudoword,low,glod,4,4,external,d,m,1.1333333333333333,0.58091,d,1,1230.21
804,1242,41242,32,33,4,word,high,seal,4,4,external,l,r,3.2580645161290325,0.56415,l,1,1200.78
804,3222,43222,33,33,4,consonant_string,high,wbjg,4,4,external,g,p,4.5,0.55857,g,1,975.7
804,3208,43208,35,33,4,consonant_string,high,cvsd,4,4,external,d,p,5.096774193548387,0.48985,p,0,624.27
804,2145,42145,36,33,4,pseudoword,low,swork,5,4,internal,r,c,1.4,0.55867,r,1,634.74
804,1248,41248,37,33,4,word,high,sake,4,3,internal,k,l,2.8,0.53572,k,1,575.28
804,3109,43109,38,33,4,consonant_string,low,csbd,4,4,external,d,m,1.1333333333333333,0.58091,d,1,812.82
804,3101,43101,39,33,4,consonant_string,low,znsq,4,2,internal,n,t,1.1,0.6011,n,1,849.01
804,1228,41228,40,33,4,word,high,reef,4,4,external,f,l,4.033333333333333,0.60982,f,1,540.87
804,2214,42214,41,33,4,pseudoword,high,dape,4,3,internal,p,b,5.066666666666666,0.70362,p,1,793.45
804,1240,41240,42,33,4,word,high,pole,4,3,internal,l,r,3.2580645161290325,0.56415,l,1,429.3
804,1238,41238,43,33,4,word,high,date,4,3,internal,t,r,3.3666666666666667,0.59892,t,1,508.78
804,3131,43131,44,33,4,consonant_string,low,gjwds,5,4,internal,d,m,1.1333333333333333,0.58091,m,0,1504.04
804,1125,41125,46,33,4,word,low,wage,4,3,internal,g,k,1.1666666666666667,0.37222,g,1,440.93
804,2248,42248,47,33,4,pseudoword,high,zoke,4,3,internal,k,l,2.8,0.53572,l,0,641.42
804,1103,41103,48,33,4,word,low,shape,5,4,internal,p,v,1.1333333333333333,0.49111,v,0,427.28
804,2105,42105,49,33,4,pseudoword,low,brupe,5,4,internal,p,v,1.1333333333333333,0.49111,p,1,1112.8
804,1111,41111,50,33,4,word,low,lead,4,4,external,d,k,1.3333333333333333,0.3996,d,1,628.04
804,3111,43111,6,33,4,consonant_string,low,srfd,4,4,external,d,k,1.3333333333333333,0.3996,k,0,1097.22
804,2218,42218,7,33,4,pseudoword,high,vume,4,3,internal,m,n,4.666666666666667,0.6574,m,1,1335.11
804,1137,41137,8,33,4,word,low,stew,4,4,external,w,p,1.1666666666666667,0.53452,p,0,1422.75
804,1145,41145,9,33,4,word,low,spire,5,4,internal,r,c,1.4,0.55867,r,1,577.95
804,1109,41109,10,33,4,word,low,seed,4,4,external,d,m,1.1333333333333333,0.58091,d,1,764.49
804,3105,43105,11,33,4,consonant_string,low,fcmpk,5,4,internal,p,v,1.1333333333333333,0.49111,p,1,995.67
804,2117,42117,13,33,4,pseudoword,low,plim,4,4,external,m,b,1.2333333333333334,0.5784,b,0,1072.61
804,3242,43242,14,33,4,consonant_string,high,wktl,4,4,external,l,r,3.2580645161290325,0.56415,l,1,1108.86
804,3133,43133,15,33,4,consonant_string,low,vkdj,4,3,internal,d,z,1.2333333333333334,0.52841,d,1,760.03
804,1121,41121,16,33,4,word,low,flog,4,4,external,g,w,1.1666666666666667,0.52446,w,0,805.24
804,3234,43234,17,33,4,consonant_string,high,pfldr,5,4,internal,d,c,3.566666666666667,0.66158,d,1,1195.13
804,1107,41107,18,33,4,word,low,read,4,4,external,d,r,1.3333333333333333,0.49182,d,1,633.03
804,1212,41212,19,33,4,word,high,grip,4,4,external,p,d,5.096774193548387,0.48985,p,1,567.56
804,3137,43137,20,33,4,consonant_string,low,gbcw,4,4,external,w,p,1.1666666666666667,0.53452,w,1,1046.76
804,1119,41119,21,33,4,word,low,warm,4,4,external,m,t,1.0666666666666667,0.52674,m,1,590.65
804,1101,41101,22,33,4,word,low,snow,4,2,internal,n,t,1.1,0.6011,n,1,1005.19
804,3248,43248,24,33,4,consonant_string,high,dhkw,4,3,internal,k,l,2.8,0.53572,k,1,1014.06
804,2107,42107,25,33,4,pseudoword,low,nood,4,4,external,d,r,1.3333333333333333,0.49182,d,1,689.27
804,2238,42238,26,33,4,pseudoword,high,jite,4,3,internal,t,r,3.3666666666666667,0.59892,t,1,1051.86
804,2222,42222,3,33,4,pseudoword,high,sleg,4,4,external,g,p,4.5,0.55857,g,1,716.85
804,3147,43147,4,33,4,consonant_string,low,gnlt,4,3,internal,l,s,1.1,0.4218,l,1,1085.06
804,2127,42127,5,33,4,pseudoword,low,reng,4,4,external,g,k,1.1666666666666667,0.37222,k,0,1080.62
805,3138,13138,48,67,1,consonant_string,low,njtb,4,3,internal,t,m,1.0666666666666667,0.52674,m,0,711.96
805,2227,12227,61,67,1,pseudoword,high,reng,4,4,external,g,d,4.1,0.62488,d,0,781.04
805,3201,13201,49,67,1,consonant_string,high,znsq,4,2,internal,n,h,5.533333333333333,0.86536,n,1,1386.84
805,2124,12124,50,67,1,pseudoword,low,jote,4,3,internal,t,d,1.3666666666666667,0.47786,d,0,658.07
805,1140,11140,60,67,1,word,low,pole,4,3,internal,l,s,1.1,0.4218,l,1,1578.79
805,1118,11118,65,67,1,word,low,home,4,3,internal,m,l,1.0666666666666667,0.5113,l,0,850.65
805,1245,11245,66,67,1,word,high,spire,5,4,internal,r,n,3.1333333333333333,0.62334,n,0,736.19
805,3239,13239,68,67,1,consonant_string,high,mvjt,4,4,external,t,r,3.3666666666666667,0.59892,t,1,762.37
805,3235,13235,69,67,1,consonant_string,high,mkrb,4,4,external,b,g,3.533333333333333,0.46543,g,0,556.25
805,3241,13241,70,67,1,consonant_string,high,pqlt,4,3,internal,l,r,3.2580645161290325,0.56415,l,1,597.78
805,1215,11215,71,67,1,word,high,beam,4,4,external,m,n,4.666666666666667,0.6574,m,1,554.27
805,2128,12128,72,67,1,pseudoword,low,goif,4,4,external,f,d,1.4333333333333333,0.51654,f,1,643.83
805,3221,13221,73,67,1,consonant_string,high,fqcg,4,4,external,g,p,4.5,0.55857,g,1,538.37
805,3112,13112,74,67,1,consonant_string,low,qmwp,4,4,external,p,t,1.3333333333333333,0.53002,t,0,479.52
805,1136,11136,75,67,1,word,low,stab,4,4,external,b,r,1.2666666666666666,0.51424,r,0,421.7
805,2144,12144,62,67,1,pseudoword,low,slone,5,4,internal,n,k,1.5333333333333334,0.52768,n,1,1095.27
805,3136,13136,63,67,1,consonant_string,low,hfwb,4,4,external,b,r,1.2666666666666666,0.51424,b,1,1511.87
805,2104,12104,64,67,1,pseudoword,low,swed,4,4,external,d,m,1.1333333333333333,0.58091,d,1,607.78
805,2201,12201,27,67,1,pseudoword,high,snum,4,2,internal,n,h,5.533333333333333,0.86536,n,1,1224.51
805,1108,11108,28,67,1,word,low,hood,4,4,external,d,k,1.3333333333333333,0.3996,d,1,669.72
805,3116,13116,29,67,1,consonant_string,low,fsmt,4,3,internal,m,l,1.0666666666666667,0.5113,m,1,820.61
805,2211,12211,30,67,1,pseudoword,high,zoud,4,4,external,d,p,5.096774193548387,0.48985,d,1,1914.52
805,3219,13219,31,67,1,consonant_string,high,gjkm,4,4,external,m,n,4.666666666666667,0.6574,n,0,968.47
805,3229,13229,32,67,1,consonant_string,high,dtfh,4,3,internal,f,r,3.8,0.69632,r,0,1201.38
805,1104,11104,33,67,1,word,low,skid,4,4,external,d,m,1.1333333333333333,0.58091,d,1,732.92
805,1225,11225,35,67,1,word,high,wage,4,3,internal,g,d,4.1,0.62488,d,0,1040.16
805,3120,13120,36,67,1,consonant_string,low,pktv,4,3,internal,t,m,1.0666666666666667,0.52674,m,0,1416.39
805,3207,13207,37,67,1,consonant_string,high,qvsd,4,4,external,d,p,5.096774193548387,0.48985,p,0,1501.33
805,2132,12132,38,67,1,pseudoword,low,ghade,5,4,internal,d,r,1.3333333333333333,0.49182,d,1,1441.94
805,2203,12203,39,67,1,pseudoword,high,frope,5,4,internal,p,d,5.096774193548387,0.48985,p,1,603.47
805,2140,12140,40,67,1,pseudoword,low,hule,4,3,internal,l,s,1.1,0.4218,s,0,1251.06
805,1148,11148,41,67,1,word,low,sake,4,3,internal,k,g,1.1666666666666667,0.37222,k,1,961.64
805,3203,13203,42,67,1,consonant_string,high,qsgpn,5,4,internal,p,d,5.096774193548387,0.48985,p,1,738.51
805,1211,11211,43,67,1,word,high,lead,4,4,external,d,p,5.096774193548387,0.48985,d,1,754.73
805,3108,13108,44,67,1,consonant_string,low,cvsd,4,4,external,d,k,1.3333333333333333,0.3996,d,1,736.24
805,1243,11243,46,67,1,word,high,moor,4,4,external,r,n,3.1333333333333333,0.62334,n,0,1063.47
805,2114,12114,47,67,1,pseudoword,low,dape,4,3,internal,p,s,1.2580645161290323,0.5767,s,0,1146.37
805,2138,12138,101,67,1,pseudoword,low,jite,4,3,internal,t,m,1.0666666666666667,0.52674,m,0,880.7
805,1223,11223,102,67,1,word,high,flag,4,4,external,g,p,4.5,0.55857,g,1,822.97
805,3122,13122,103,67,1,consonant_string,low,wbjg,4,4,external,g,n,1.7,0.55212,n,0,683.81
805,3233,13233,104,67,1,consonant_string,high,vkdj,4,3,internal,d,c,3.566666666666667,0.66158,c,0,661.02
805,3110,13110,105,67,1,consonant_string,low,lsbd,4,4,external,d,k,1.3333333333333333,0.3996,k,0,1822.96
805,2217,12217,106,67,1,pseudoword,high,plim,4,4,external,m,n,4.666666666666667,0.6574,n,0,1756.9
805,3130,13130,107,67,1,consonant_string,low,czhf,4,4,external,f,p,1.6333333333333333,0.41008,p,0,1008.81
805,2243,12243,108,67,1,pseudoword,high,plur,4,4,external,r,n,3.1333333333333333,0.62334,r,1,1403.75
805,1128,11128,109,67,1,word,low,reef,4,4,external,f,d,1.4333333333333333,0.51654,f,1,1063.35
805,2106,12106,110,67,1,pseudoword,low,strepe,6,5,internal,p,v,1.1333333333333333,0.49111,p,1,1127.27
805,3144,13144,112,67,1,consonant_string,low,qjfnd,5,4,internal,n,k,1.5333333333333334,0.52768,n,1,669.45
805,1233,11233,113,67,1,word,high,fade,4,3,internal,d,c,3.566666666666667,0.66158,c,0,581.35
805,2213,12213,114,67,1,pseudoword,high,nalb,4,4,external,b,p,5.066666666666666,0.70362,b,1,1158.55
805,1112,11112,115,67,1,word,low,grip,4,4,external,p,t,1.3333333333333333,0.53002,p,1,1484.59
805,3245,13245,116,67,1,consonant_string,high,hvwrt,5,4,internal,r,n,3.1333333333333333,0.62334,r,1,972.86
805,1106,11106,117,67,1,word,low,stripe,6,5,internal,p,v,1.1333333333333333,0.49111,p,1,969.75
805,1235,11235,118,67,1,word,high,drab,4,4,external,b,g,3.533333333333333,0.46543,b,1,928.64
805,1205,11205,119,67,1,word,high,grape,5,4,internal,p,d,5.096774193548387,0.48985,p,1,800.85
805,1120,11120,76,67,1,word,low,gate,4,3,internal,t,m,1.0666666666666667,0.52674,t,1,1418.58
805,2231,12231,77,67,1,pseudoword,high,spode,5,4,internal,d,c,3.566666666666667,0.66158,d,1,746.48
805,3124,13124,79,67,1,consonant_string,low,gpts,4,3,internal,t,d,1.3666666666666667,0.47786,t,1,598.03
805,3148,13148,80,67,1,consonant_string,low,dhkw,4,3,internal,k,g,1.1666666666666667,0.37222,k,1,1089.58
805,3102,13102,81,67,1,consonant_string,low,knfc,4,2,internal,n,l,1.3666666666666667,0.46775,l,0,1474.83
805,3211,13211,82,67,1,consonant_string,high,srfd,4,4,external,d,p,5.096774193548387,0.48985,d,1,1068.1
805,3247,13247,83,67,1,consonant_string,high,gnlt,4,3,internal,l,k,2.8,0.53572,l,1,1072.99
805,3140,13140,84,67,1,consonant_string,low,gtln,4,3,internal,l,s,1.1,0.4218,s,0,914.87
805,1247,11247,85,67,1,word,high,bale,4,3,internal,l,k,2.8,0.53572,l,1,1426.79
805,2110,12110,86,67,1,pseudoword,low,fard,4,4,external,d,k,1.3333333333333333,0.3996,k,0,1104.04
805,3134,13134,87,67,1,consonant_string,low,pfldr,5,4,internal,d,m,1.1333333333333333,0.58091,m,0,518.57
805,2148,12148,88,67,1,pseudoword,low,zoke,4,3,internal,k,g,1.1666666666666667,0.37222,g,0,1350.47
805,1146,11146,90,67,1,word,low,steal,5,5,external,l,m,1.0666666666666667,0.5113,l,1,961.07
805,2102,12102,91,67,1,pseudoword,low,snad,4,2,internal,n,l,1.3666666666666667,0.46775,l,0,1323.96
805,2116,12116,92,67,1,pseudoword,low,hime,4,3,internal,m,l,1.0666666666666667,0.5113,m,1,1024.22
805,3114,13114,93,67,1,consonant_string,low,klpj,4,3,internal,p,s,1.2580645161290323,0.5767,s,0,1061.09
805,1231,11231,94,67,1,word,high,slide,5,4,internal,d,c,3.566666666666667,0.66158,c,0,697.99
805,2209,12209,95,67,1,pseudoword,high,glod,4,4,external,d,p,5.096774193548387,0.48985,d,1,1232.54
805,1132,11132,96,67,1,word,low,spade,5,4,internal,d,r,1.3333333333333333,0.49182,d,1,1137.8
805,3146,13146,97,67,1,consonant_string,low,bfnsl,5,5,external,l,m,1.0666666666666667,0.5113,m,0,881.03
805,3104,13104,98,67,1,consonant_string,low,htwd,4,4,external,d,m,1.1333333333333333,0.58091,m,0,1117.25
805,2223,12223,99,67,1,pseudoword,high,blug,4,4,external,g,p,4.5,0.55857,p,0,1451.16
805,1124,11124,3,67,1,word,low,bite,4,3,internal,t,d,1.3666666666666667,0.47786,t,1,615.27
805,1221,11221,4,67,1,word,high,flog,4,4,external,g,p,4.5,0.55857,g,1,833.13
805,1110,11110,5,67,1,word,low,weed,4,4,external,d,k,1.3333333333333333,0.3996,d,1,865.34
805,3213,13213,6,67,1,consonant_string,high,rtcb,4,4,external,b,p,5.066666666666666,0.70362,p,0,1265.25
805,1138,11138,7,67,1,word,low,date,4,3,internal,t,m,1.0666666666666667,0.52674,t,1,2316.21
805,2118,12118,8,67,1,pseudoword,low,vume,4,3,internal,m,l,1.0666666666666667,0.5113,m,1,1533.18
805,2108,12108,9,67,1,pseudoword,low,vild,4,4,external,d,k,1.3333333333333333,0.3996,k,0,1148.46
805,1207,11207,10,67,1,word,high,read,4,4,external,d,p,5.096774193548387,0.48985,d,1,544.01
805,2245,12245,11,67,1,pseudoword,high,swork,5,4,internal,r,n,3.1333333333333333,0.62334,n,0,1567.57
805,1114,11114,13,67,1,word,low,rope,4,3,internal,p,s,1.2580645161290323,0.5767,p,1,2187.56
805,3106,13106,14,67,1,consonant_string,low,jbfzpq,6,5,internal,p,v,1.1333333333333333,0.49111,v,0,1497.85
805,1122,11122,15,67,1,word,low,swag,4,4,external,g,n,1.7,0.55212,g,1,572.44
805,3209,13209,16,67,1,consonant_string,high,csbd,4,4,external,d,p,5.096774193548387,0.48985,p,0,1306.3
805,2205,12205,17,67,1,pseudoword,high,brupe,5,4,internal,p,d,5.096774193548387,0.48985,d,0,3197.97
805,2235,12235,18,67,1,pseudoword,high,frab,4,4,external,b,g,3.533333333333333,0.46543,b,1,1491.67
805,2225,12225,19,67,1,pseudoword,high,jege,4,3,internal,g,d,4.1,0.62488,g,1,871.26
805,2207,12207,20,67,1,pseudoword,high,nood,4,4,external,d,p,5.096774193548387,0.48985,d,1,560.13
805,3142,13142,21,67,1,consonant_string,low,wktl,4,4,external,l,m,1.0666666666666667,0.5113,l,1,725.99
805,3231,13231,22,67,1,consonant_string,high,gjwds,5,4,internal,d,c,3.566666666666667,0.66158,d,1,1363.21
805,2122,12122,24,67,1,pseudoword,low,sleg,4,4,external,g,n,1.7,0.55212,g,1,597.07
805,2221,12221,25,67,1,pseudoword,high,quag,4,4,external,g,p,4.5,0.55857,g,1,963.65
805,2229,12229,26,67,1,pseudoword,high,vofe,4,3,internal,f,r,3.8,0.69632,f,1,1659.56
805,3243,13243,0,67,1,consonant_string,high,fbvr,4,4,external,r,n,3.1333333333333333,0.62334,n,0,1422.2
805,3132,13132,56,67,1,consonant_string,low,vzldb,5,4,internal,d,r,1.3333333333333333,0.49182,d,1,973.12
805,3217,13217,67,67,1,consonant_string,high,htjm,4,4,external,m,n,4.666666666666667,0.6574,n,0,945.04
805,1229,11229,78,67,1,word,high,wife,4,3,internal,f,r,3.8,0.69632,r,0,1516.59
805,2134,12134,89,67,1,pseudoword,low,brode,5,4,internal,d,m,1.1333333333333333,0.58091,d,1,1233.52
805,1239,11239,100,67,1,word,high,spat,4,4,external,t,r,3.3666666666666667,0.59892,r,0,959.76
805,2136,12136,111,67,1,pseudoword,low,plob,4,4,external,b,r,1.2666666666666666,0.51424,b,1,1694.68
805,3215,13215,122,67,1,consonant_string,high,sfdm,4,4,external,m,n,4.666666666666667,0.6574,m,1,766.26
805,1209,11209,133,67,1,word,high,seed,4,4,external,d,p,5.096774193548387,0.48985,p,0,1425.18
805,1237,11237,1,67,1,word,high,stew,4,4,external,w,m,3.4,0.62127,m,0,1225.44
805,2130,12130,12,67,1,pseudoword,low,zeaf,4,4,external,f,p,1.6333333333333333,0.41008,f,1,1140.65
805,1102,11102,23,67,1,word,low,snip,4,2,internal,n,l,1.3666666666666667,0.46775,n,1,1052.91
805,1142,11142,34,67,1,word,low,seal,4,4,external,l,m,1.0666666666666667,0.5113,l,1,1181.49
805,2142,12142,45,67,1,pseudoword,low,drol,4,4,external,l,m,1.0666666666666667,0.5113,m,0,1017.71
805,3227,13227,51,67,1,consonant_string,high,bvcg,4,4,external,g,d,4.1,0.62488,g,1,1153.64
805,2215,12215,52,67,1,pseudoword,high,gulm,4,4,external,m,n,4.666666666666667,0.6574,m,1,1765.22
805,2233,12233,53,67,1,pseudoword,high,kide,4,3,internal,d,c,3.566666666666667,0.66158,c,0,2291.22
805,2241,12241,54,67,1,pseudoword,high,bule,4,3,internal,l,r,3.2580645161290325,0.56415,l,1,1379.88
805,1116,11116,55,67,1,word,low,mime,4,3,internal,m,l,1.0666666666666667,0.5113,l,0,1789.14
805,1126,11126,57,67,1,word,low,bang,4,4,external,g,k,1.1666666666666667,0.37222,g,1,1097.42
805,2237,12237,58,67,1,pseudoword,high,blaw,4,4,external,w,m,3.4,0.62127,m,0,676.97
805,3223,13223,59,67,1,consonant_string,high,vlbg,4,4,external,g,p,4.5,0.55857,g,1,1456.19
805,1241,11241,132,67,1,word,high,file,4,3,internal,l,r,3.2580645161290325,0.56415,l,1,819.74
805,2120,12120,134,67,1,pseudoword,low,wote,4,3,internal,t,m,1.0666666666666667,0.52674,t,1,1214.65
805,3128,13128,120,67,1,consonant_string,low,vjnf,4,4,external,f,d,1.4333333333333333,0.51654,d,0,1959.42
805,3237,13237,121,67,1,consonant_string,high,gbcw,4,4,external,w,m,3.4,0.62127,m,0,2272.44
805,1217,11217,123,67,1,word,high,scam,4,4,external,m,n,4.666666666666667,0.6574,m,1,856.4
805,3205,13205,124,67,1,consonant_string,high,fcmpk,5,4,internal,p,d,5.096774193548387,0.48985,p,1,2597.0
805,1134,11134,125,67,1,word,low,pride,5,4,internal,d,m,1.1333333333333333,0.58091,d,1,1044.66
805,2239,12239,126,67,1,pseudoword,high,glot,4,4,external,t,r,3.3666666666666667,0.59892,t,1,985.22
805,1213,11213,127,67,1,word,high,slab,4,4,external,b,p,5.066666666666666,0.70362,b,1,809.43
805,1227,11227,128,67,1,word,high,wing,4,4,external,g,d,4.1,0.62488,d,0,1220.33
805,2219,12219,129,67,1,pseudoword,high,chom,4,4,external,m,n,4.666666666666667,0.6574,m,1,1688.26
805,1130,11130,130,67,1,word,low,beef,4,4,external,f,p,1.6333333333333333,0.41008,f,1,718.51
805,3126,13126,131,67,1,consonant_string,low,lqvg,4,4,external,g,k,1.1666666666666667,0.37222,k,0,2286.46
805,3225,13225,137,67,1,consonant_string,high,fhgv,4,3,internal,g,d,4.1,0.62488,g,1,1718.98
805,1219,11219,138,67,1,word,high,warm,4,4,external,m,n,4.666666666666667,0.6574,m,1,735.93
805,2112,12112,135,67,1,pseudoword,low,glip,4,4,external,p,t,1.3333333333333333,0.53002,p,1,983.52
805,1201,11201,136,67,1,word,high,snow,4,2,internal,n,h,5.533333333333333,0.86536,n,1,975.76
805,1144,11144,141,67,1,word,low,stone,5,4,internal,n,k,1.5333333333333334,0.52768,n,1,684.1
805,1203,11203,142,67,1,word,high,shape,5,4,internal,p,d,5.096774193548387,0.48985,p,1,592.3
805,2126,12126,139,67,1,pseudoword,low,yeng,4,4,external,g,k,1.1666666666666667,0.37222,g,1,1793.19
805,2247,12247,140,67,1,pseudoword,high,jile,4,3,internal,l,k,2.8,0.53572,k,0,2076.84
805,3118,13118,143,67,1,consonant_string,low,zsmj,4,3,internal,m,l,1.0666666666666667,0.5113,l,0,853.83
805,2146,12146,2,67,1,pseudoword,low,proal,5,5,external,l,m,1.0666666666666667,0.5113,m,0,1020.39
806,3240,23240,0,50,2,consonant_string,high,gtln,4,3,internal,l,r,3.2580645161290325,0.56415,r,0,1933.06
806,2127,22127,56,50,2,pseudoword,low,reng,4,4,external,g,k,1.1666666666666667,0.37222,g,1,534.99
806,1147,21147,34,50,2,word,low,bale,4,3,internal,l,s,1.1,0.4218,l,1,590.39
806,1117,21117,45,50,2,word,low,scam,4,4,external,m,b,1.2333333333333334,0.5784,m,1,481.25
806,1234,21234,51,50,2,word,high,pride,5,4,internal,d,c,3.566666666666667,0.66158,d,1,525.11
806,2232,22232,67,50,2,pseudoword,high,ghade,5,4,internal,d,c,3.566666666666667,0.66158,d,1,520.86
806,2204,22204,78,50,2,pseudoword,high,swed,4,4,external,d,p,5.096774193548387,0.48985,d,1,1153.42
806,2246,22246,89,50,2,pseudoword,high,proal,5,5,external,l,k,2.8,0.53572,l,1,1052.66
806,3232,23232,100,50,2,consonant_string,high,vzldb,5,4,internal,d,c,3.566666666666667,0.66158,d,1,579.88
806,1230,21230,111,50,2,word,high,beef,4,4,external,f,r,3.8,0.69632,f,1,744.76
806,1220,21220,122,50,2,word,high,gate,4,3,internal,t,l,4.5,0.47576,t,1,610.97
806,2111,22111,133,50,2,pseudoword,low,zoud,4,4,external,d,k,1.3333333333333333,0.3996,d,1,764.53
806,1224,21224,1,50,2,word,high,bite,4,3,internal,t,l,4.5,0.47576,t,1,661.05
806,1143,21143,12,50,2,word,low,moor,4,4,external,r,d,1.3333333333333333,0.49182,r,1,1097.63
806,1244,21244,23,50,2,word,high,stone,5,4,internal,n,r,3.1333333333333333,0.62334,n,1,720.85
806,1236,21236,77,50,2,word,high,stab,4,4,external,b,g,3.533333333333333,0.46543,b,1,895.46
806,1105,21105,79,50,2,word,low,grape,5,4,internal,p,v,1.1333333333333333,0.49111,p,1,577.67
806,1218,21218,80,50,2,word,high,home,4,3,internal,m,n,4.666666666666667,0.6574,m,1,552.54
806,1135,21135,81,50,2,word,low,drab,4,4,external,b,w,1.1,0.5109,b,1,756.75
806,1101,21101,82,50,2,word,low,snow,4,2,internal,n,t,1.1,0.6011,n,1,834.96
806,3246,23246,83,50,2,consonant_string,high,bfnsl,5,5,external,l,k,2.8,0.53572,k,0,1088.87
806,3145,23145,84,50,2,consonant_string,low,hvwrt,5,4,internal,r,c,1.4,0.55867,r,1,579.76
806,3206,23206,85,50,2,consonant_string,high,jbfzpq,6,5,internal,p,d,5.096774193548387,0.48985,p,1,640.62
806,3204,23204,86,50,2,consonant_string,high,htwd,4,4,external,d,p,5.096774193548387,0.48985,p,0,840.51
806,1216,21216,87,50,2,word,high,mime,4,3,internal,m,n,4.666666666666667,0.6574,m,1,422.38
806,1115,21115,88,50,2,word,low,beam,4,4,external,m,t,1.0666666666666667,0.52674,m,1,418.9
806,3119,23119,90,50,2,consonant_string,low,gjkm,4,4,external,m,t,1.0666666666666667,0.52674,m,1,781.43
806,1246,21246,91,50,2,word,high,steal,5,5,external,l,k,2.8,0.53572,l,1,408.3
806,2135,22135,92,50,2,pseudoword,low,frab,4,4,external,b,w,1.1,0.5109,b,1,465.48
806,3143,23143,93,50,2,consonant_string,low,fbvr,4,4,external,r,d,1.3333333333333333,0.49182,r,1,494.01
806,3214,23214,94,50,2,consonant_string,high,klpj,4,3,internal,p,b,5.066666666666666,0.70362,p,1,750.21
806,3117,23117,95,50,2,consonant_string,low,htjm,4,4,external,m,b,1.2333333333333334,0.5784,m,1,798.43
806,1127,21127,52,50,2,word,low,wing,4,4,external,g,k,1.1666666666666667,0.37222,g,1,581.97
806,1137,21137,53,50,2,word,low,stew,4,4,external,w,p,1.1666666666666667,0.53452,w,1,452.83
806,1226,21226,54,50,2,word,high,bang,4,4,external,g,d,4.1,0.62488,g,1,701.04
806,1222,21222,55,50,2,word,high,swag,4,4,external,g,p,4.5,0.55857,p,0,674.25
806,1212,21212,57,50,2,word,high,grip,4,4,external,p,d,5.096774193548387,0.48985,p,1,596.79
806,3133,23133,58,50,2,consonant_string,low,vkdj,4,3,internal,d,z,1.2333333333333334,0.52841,d,1,462.98
806,3129,23129,59,50,2,consonant_string,low,dtfh,4,3,internal,f,n,1.2,0.53217,f,1,899.52
806,2206,22206,60,50,2,pseudoword,high,strepe,6,5,internal,p,d,5.096774193548387,0.48985,p,1,860.74
806,2216,22216,61,50,2,pseudoword,high,hime,4,3,internal,m,n,4.666666666666667,0.6574,m,1,553.29
806,3242,23242,62,50,2,consonant_string,high,wktl,4,4,external,l,r,3.2580645161290325,0.56415,l,1,1132.51
806,1210,21210,63,50,2,word,high,weed,4,4,external,d,p,5.096774193548387,0.48985,d,1,684.41
806,3236,23236,64,50,2,consonant_string,high,hfwb,4,4,external,b,g,3.533333333333333,0.46543,b,1,759.29
806,3121,23121,65,50,2,consonant_string,low,fqcg,4,4,external,g,w,1.1666666666666667,0.52446,w,0,847.85
806,2242,22242,66,50,2,pseudoword,high,drol,4,4,external,l,r,3.2580645161290325,0.56415,r,0,577.06
806,1129,21129,68,50,2,word,low,wife,4,3,internal,f,n,1.2,0.53217,f,1,408.93
806,3103,23103,69,50,2,consonant_string,low,qsgpn,5,4,internal,p,v,1.1333333333333333,0.49111,p,1,623.45
806,3220,23220,70,50,2,consonant_string,high,pktv,4,3,internal,t,l,4.5,0.47576,t,1,565.98
806,2236,22236,71,50,2,pseudoword,high,plob,4,4,external,b,g,3.533333333333333,0.46543,b,1,647.52
806,2113,22113,72,50,2,pseudoword,low,nalb,4,4,external,b,m,1.2333333333333334,0.5784,m,0,692.72
806,1145,21145,73,50,2,word,low,spire,5,4,internal,r,c,1.4,0.55867,r,1,929.95
806,3210,23210,74,50,2,consonant_string,high,lsbd,4,4,external,d,p,5.096774193548387,0.48985,p,0,674.83
806,3125,23125,75,50,2,consonant_string,low,fhgv,4,3,internal,g,k,1.1666666666666667,0.37222,g,1,767.38
806,1232,21232,76,50,2,word,high,spade,5,4,internal,d,c,3.566666666666667,0.66158,c,0,472.92
806,1103,21103,121,50,2,word,low,shape,5,4,internal,p,v,1.1333333333333333,0.49111,p,1,492.44
806,3105,23105,123,50,2,consonant_string,low,fcmpk,5,4,internal,p,v,1.1333333333333333,0.49111,p,1,578.63
806,2139,22139,124,50,2,pseudoword,low,glot,4,4,external,t,n,1.1,0.6011,t,1,606.5
806,2147,22147,125,50,2,pseudoword,low,jile,4,3,internal,l,s,1.1,0.4218,l,1,559.7
806,2220,22220,126,50,2,pseudoword,high,wote,4,3,internal,t,l,4.5,0.47576,t,1,447.22
806,2208,22208,127,50,2,pseudoword,high,vild,4,4,external,d,p,5.096774193548387,0.48985,d,1,572.42
806,2143,22143,128,50,2,pseudoword,low,plur,4,4,external,r,d,1.3333333333333333,0.49182,r,1,551.95
806,1240,21240,129,50,2,word,high,pole,4,3,internal,l,r,3.2580645161290325,0.56415,l,1,605.15
806,2101,22101,130,50,2,pseudoword,low,snum,4,2,internal,n,t,1.1,0.6011,n,1,564.35
806,1119,21119,131,50,2,word,low,warm,4,4,external,m,t,1.0666666666666667,0.52674,m,1,441.87
806,2230,22230,132,50,2,pseudoword,high,zeaf,4,4,external,f,r,3.8,0.69632,r,0,983.08
806,1208,21208,134,50,2,word,high,hood,4,4,external,d,p,5.096774193548387,0.48985,d,1,721.98
806,1113,21113,135,50,2,word,low,slab,4,4,external,b,m,1.2333333333333334,0.5784,b,1,474.51
806,2224,22224,136,50,2,pseudoword,high,jote,4,3,internal,t,l,4.5,0.47576,t,1,440.03
806,3226,23226,137,50,2,consonant_string,high,lqvg,4,4,external,g,d,4.1,0.62488,g,1,903.9
806,2202,22202,138,50,2,pseudoword,high,snad,4,2,internal,n,h,5.533333333333333,0.86536,n,1,442.12
806,2226,22226,139,50,2,pseudoword,high,yeng,4,4,external,g,d,4.1,0.62488,g,1,699.31
806,1202,21202,140,50,2,word,high,snip,4,2,internal,n,h,5.533333333333333,0.86536,n,1,423.51
806,1238,21238,141,50,2,word,high,date,4,3,internal,t,r,3.3666666666666667,0.59892,t,1,437.03
806,3212,23212,142,50,2,consonant_string,high,qmwp,4,4,external,p,d,5.096774193548387,0.48985,d,0,629.89
806,3147,23147,143,50,2,consonant_string,low,gnlt,4,3,internal,l,s,1.1,0.4218,l,1,814.77
806,1111,21111,2,50,2,word,low,lead,4,4,external,d,k,1.3333333333333333,0.3996,d,1,471.31
806,2244,22244,3,50,2,pseudoword,high,slone,5,4,internal,n,r,3.1333333333333333,0.62334,n,1,468.83
806,2212,22212,4,50,2,pseudoword,high,glip,4,4,external,p,d,5.096774193548387,0.48985,p,1,469.35
806,2117,22117,5,50,2,pseudoword,low,plim,4,4,external,m,b,1.2333333333333334,0.5784,m,1,442.88
806,2214,22214,6,50,2,pseudoword,high,dape,4,3,internal,p,b,5.066666666666666,0.70362,b,0,528.07
806,2141,22141,7,50,2,pseudoword,low,bule,4,3,internal,l,n,1.3666666666666667,0.46775,l,1,534.92
806,1133,21133,8,50,2,word,low,fade,4,3,internal,d,z,1.2333333333333334,0.52841,d,1,474.78
806,2234,22234,9,50,2,pseudoword,high,brode,5,4,internal,d,c,3.566666666666667,0.66158,d,1,502.31
806,3234,23234,10,50,2,consonant_string,high,pfldr,5,4,internal,d,c,3.566666666666667,0.66158,d,1,380.49
806,3107,23107,11,50,2,consonant_string,low,qvsd,4,4,external,d,r,1.3333333333333333,0.49182,r,0,843.36
806,3222,23222,13,50,2,consonant_string,high,wbjg,4,4,external,g,p,4.5,0.55857,g,1,719.59
806,3139,23139,14,50,2,consonant_string,low,mvjt,4,4,external,t,n,1.1,0.6011,n,0,826.13
806,2133,22133,15,50,2,pseudoword,low,kide,4,3,internal,d,z,1.2333333333333334,0.52841,d,1,499.01
806,3113,23113,16,50,2,consonant_string,low,rtcb,4,4,external,b,m,1.2333333333333334,0.5784,m,0,595.21
806,3135,23135,17,50,2,consonant_string,low,mkrb,4,4,external,b,w,1.1,0.5109,b,1,759.41
806,3228,23228,18,50,2,consonant_string,high,vjnf,4,4,external,f,l,4.033333333333333,0.60982,l,0,539.96
806,2115,22115,19,50,2,pseudoword,low,gulm,4,4,external,m,t,1.0666666666666667,0.52674,m,1,502.81
806,1228,21228,20,50,2,word,high,reef,4,4,external,f,l,4.033333333333333,0.60982,l,0,492.01
806,3111,23111,21,50,2,consonant_string,low,srfd,4,4,external,d,k,1.3333333333333333,0.3996,d,1,590.2
806,1109,21109,22,50,2,word,low,seed,4,4,external,d,m,1.1333333333333333,0.58091,d,1,459.06
806,2125,22125,24,50,2,pseudoword,low,jege,4,3,internal,g,k,1.1666666666666667,0.37222,g,1,521.58
806,2248,22248,25,50,2,pseudoword,high,zoke,4,3,internal,k,l,2.8,0.53572,k,1,1024.13
806,2109,22109,26,50,2,pseudoword,low,glod,4,4,external,d,m,1.1333333333333333,0.58091,d,1,445.69
806,2107,22107,27,50,2,pseudoword,low,nood,4,4,external,d,r,1.3333333333333333,0.49182,d,1,451.87
806,2129,22129,28,50,2,pseudoword,low,vofe,4,3,internal,f,n,1.2,0.53217,n,0,898.08
806,3137,23137,29,50,2,consonant_string,low,gbcw,4,4,external,w,p,1.1666666666666667,0.53452,p,0,573.29
806,1131,21131,30,50,2,word,low,slide,5,4,internal,d,m,1.1333333333333333,0.58091,d,1,573.82
806,3109,23109,31,50,2,consonant_string,low,csbd,4,4,external,d,m,1.1333333333333333,0.58091,d,1,489.35
806,1248,21248,32,50,2,word,high,sake,4,3,internal,k,l,2.8,0.53572,k,1,366.21
806,1206,21206,33,50,2,word,high,stripe,6,5,internal,p,d,5.096774193548387,0.48985,d,0,836.74
806,2121,22121,35,50,2,pseudoword,low,quag,4,4,external,g,w,1.1666666666666667,0.52446,g,1,1087.63
806,2137,22137,36,50,2,pseudoword,low,blaw,4,4,external,w,p,1.1666666666666667,0.53452,p,0,1020.54
806,3244,23244,37,50,2,consonant_string,high,qjfnd,5,4,internal,n,r,3.1333333333333333,0.62334,n,1,731.11
806,2218,22218,38,50,2,pseudoword,high,vume,4,3,internal,m,n,4.666666666666667,0.6574,m,1,566.98
806,2240,22240,39,50,2,pseudoword,high,hule,4,3,internal,l,r,3.2580645161290325,0.56415,l,1,372.5
806,3230,23230,40,50,2,consonant_string,high,czhf,4,4,external,f,r,3.8,0.69632,r,0,588.03
806,3123,23123,41,50,2,consonant_string,low,vlbg,4,4,external,g,t,1.1333333333333333,0.44178,g,1,593.9
806,1107,21107,42,50,2,word,low,read,4,4,external,d,r,1.3333333333333333,0.49182,d,1,1132.12
806,3218,23218,43,50,2,consonant_string,high,zsmj,4,3,internal,m,n,4.666666666666667,0.6574,m,1,529.01
806,3248,23248,44,50,2,consonant_string,high,dhkw,4,3,internal,k,l,2.8,0.53572,l,0,332.86
806,3216,23216,46,50,2,consonant_string,high,fsmt,4,3,internal,m,n,4.666666666666667,0.6574,m,1,598.72
806,2105,22105,47,50,2,pseudoword,low,brupe,5,4,internal,p,v,1.1333333333333333,0.49111,p,1,613.93
806,2119,22119,48,50,2,pseudoword,low,chom,4,4,external,m,t,1.0666666666666667,0.52674,m,1,405.46
806,3131,23131,49,50,2,consonant_string,low,gjwds,5,4,internal,d,m,1.1333333333333333,0.58091,m,0,525.64
806,2123,22123,50,50,2,pseudoword,low,blug,4,4,external,g,t,1.1333333333333333,0.44178,g,1,416.5
806,2238,22238,105,50,2,pseudoword,high,jite,4,3,internal,t,r,3.3666666666666667,0.59892,r,0,861.69
806,2103,22103,106,50,2,pseudoword,low,frope,5,4,internal,p,v,1.1333333333333333,0.49111,p,1,851.25
806,3101,23101,107,50,2,consonant_string,low,znsq,4,2,internal,n,t,1.1,0.6011,n,1,859.48
806,2210,22210,108,50,2,pseudoword,high,fard,4,4,external,d,p,5.096774193548387,0.48985,d,1,760.04
806,1214,21214,109,50,2,word,high,rope,4,3,internal,p,b,5.066666666666666,0.70362,p,1,621.58
806,3238,23238,110,50,2,consonant_string,high,njtb,4,3,internal,t,r,3.3666666666666667,0.59892,t,1,693.12
806,1139,21139,112,50,2,word,low,spat,4,4,external,t,n,1.1,0.6011,t,1,596.32
806,2222,22222,113,50,2,pseudoword,high,sleg,4,4,external,g,p,4.5,0.55857,p,0,491.53
806,2131,22131,114,50,2,pseudoword,low,spode,5,4,internal,d,m,1.1333333333333333,0.58091,d,1,1328.76
806,1204,21204,115,50,2,word,high,skid,4,4,external,d,p,5.096774193548387,0.48985,d,1,1919.82
806,1125,21125,116,50,2,word,low,wage,4,3,internal,g,k,1.1666666666666667,0.37222,g,1,424.42
806,3202,23202,117,50,2,consonant_string,high,knfc,4,2,internal,n,h,5.533333333333333,0.86536,n,1,733.95
806,2228,22228,118,50,2,pseudoword,high,goif,4,4,external,f,l,4.033333333333333,0.60982,l,0,845.84
806,3115,23115,119,50,2,consonant_string,low,sfdm,4,4,external,m,t,1.0666666666666667,0.52674,m,1,557.04
806,1123,21123,120,50,2,word,low,flag,4,4,external,g,t,1.1333333333333333,0.44178,g,1,552.24
806,3127,23127,96,50,2,consonant_string,low,bvcg,4,4,external,g,k,1.1666666666666667,0.37222,g,1,528.63
806,3208,23208,97,50,2,consonant_string,high,cvsd,4,4,external,d,p,5.096774193548387,0.48985,d,1,1424.53
806,2145,22145,98,50,2,pseudoword,low,swork,5,4,internal,r,c,1.4,0.55867,r,1,542.11
806,3224,23224,99,50,2,consonant_string,high,gpts,4,3,internal,t,l,4.5,0.47576,l,0,634.32
806,1242,21242,101,50,2,word,high,seal,4,4,external,l,r,3.2580645161290325,0.56415,l,1,529.18
806,1141,21141,102,50,2,word,low,file,4,3,internal,l,n,1.3666666666666667,0.46775,l,1,574.05
806,3141,23141,103,50,2,consonant_string,low,pqlt,4,3,internal,l,n,1.3666666666666667,0.46775,l,1,517.57
806,1121,21121,104,50,2,word,low,flog,4,4,external,g,w,1.1666666666666667,0.52446,g,1,1063.12
807,2203,32203,52,50,3,pseudoword,high,frope,5,4,internal,p,d,5.096774193548387,0.48985,p,1,1019.67
807,3118,33118,53,50,3,consonant_string,low,zsmj,4,3,internal,m,l,1.0666666666666667,0.5113,l,0,1237.26
807,1146,31146,54,50,3,word,low,steal,5,5,external,l,m,1.0666666666666667,0.5113,l,1,667.14
807,2241,32241,55,50,3,pseudoword,high,bule,4,3,internal,l,r,3.2580645161290325,0.56415,r,0,1036.72
807,3245,33245,65,50,3,consonant_string,high,hvwrt,5,4,internal,r,n,3.1333333333333333,0.62334,r,1,932.62
807,2134,32134,66,50,3,pseudoword,low,brode,5,4,internal,d,m,1.1333333333333333,0.58091,d,1,786.53
807,1223,31223,68,50,3,word,high,flag,4,4,external,g,p,4.5,0.55857,g,1,716.38
807,1126,31126,69,50,3,word,low,bang,4,4,external,g,k,1.1666666666666667,0.37222,g,1,666.95
807,3106,33106,70,50,3,consonant_string,low,jbfzpq,6,5,internal,p,v,1.1333333333333333,0.49111,p,1,737.49
807,3102,33102,57,50,3,consonant_string,low,knfc,4,2,internal,n,l,1.3666666666666667,0.46775,n,1,875.58
807,1207,31207,58,50,3,word,high,read,4,4,external,d,p,5.096774193548387,0.48985,d,1,710.46
807,1116,31116,59,50,3,word,low,mime,4,3,internal,m,l,1.0666666666666667,0.5113,m,1,903.03
807,2215,32215,60,50,3,pseudoword,high,gulm,4,4,external,m,n,4.666666666666667,0.6574,n,0,1194.27
807,2128,32128,61,50,3,pseudoword,low,goif,4,4,external,f,d,1.4333333333333333,0.51654,f,1,867.5
807,3229,33229,62,50,3,consonant_string,high,dtfh,4,3,internal,f,r,3.8,0.69632,r,0,600.99
807,3134,33134,63,50,3,consonant_string,low,pfldr,5,4,internal,d,m,1.1333333333333333,0.58091,d,1,916.23
807,2108,32108,64,50,3,pseudoword,low,vild,4,4,external,d,k,1.3333333333333333,0.3996,d,1,728.77
807,2130,32130,0,50,3,pseudoword,low,zeaf,4,4,external,f,p,1.6333333333333333,0.41008,f,1,699.85
807,1235,31235,56,50,3,word,high,drab,4,4,external,b,g,3.533333333333333,0.46543,g,0,1161.12
807,1118,31118,67,50,3,word,low,home,4,3,internal,m,l,1.0666666666666667,0.5113,m,1,599.63
807,2144,32144,78,50,3,pseudoword,low,slone,5,4,internal,n,k,1.5333333333333334,0.52768,n,1,866.86
807,1144,31144,89,50,3,word,low,stone,5,4,internal,n,k,1.5333333333333334,0.52768,n,1,678.41
807,1124,31124,100,50,3,word,low,bite,4,3,internal,t,d,1.3666666666666667,0.47786,t,1,662.25
807,2124,32124,111,50,3,pseudoword,low,jote,4,3,internal,t,d,1.3666666666666667,0.47786,d,0,1784.85
807,3122,33122,122,50,3,consonant_string,low,wbjg,4,4,external,g,n,1.7,0.55212,g,1,1373.81
807,1140,31140,133,50,3,word,low,pole,4,3,internal,l,s,1.1,0.4218,l,1,544.68
807,3110,33110,1,50,3,consonant_string,low,lsbd,4,4,external,d,k,1.3333333333333333,0.3996,k,0,1673.91
807,2247,32247,12,50,3,pseudoword,high,jile,4,3,internal,l,k,2.8,0.53572,k,0,704.84
807,2118,32118,23,50,3,pseudoword,low,vume,4,3,internal,m,l,1.0666666666666667,0.5113,m,1,927.06
807,3223,33223,34,50,3,consonant_string,high,vlbg,4,4,external,g,p,4.5,0.55857,g,1,1078.88
807,3140,33140,45,50,3,consonant_string,low,gtln,4,3,internal,l,s,1.1,0.4218,s,0,1247.82
807,3120,33120,51,50,3,consonant_string,low,pktv,4,3,internal,t,m,1.0666666666666667,0.52674,m,0,1670.12
807,3124,33124,93,50,3,consonant_string,low,gpts,4,3,internal,t,d,1.3666666666666667,0.47786,t,1,1520.66
807,3114,33114,94,50,3,consonant_string,low,klpj,4,3,internal,p,s,1.2580645161290323,0.5767,s,0,1569.27
807,1243,31243,95,50,3,word,high,moor,4,4,external,r,n,3.1333333333333333,0.62334,n,0,1168.85
807,3146,33146,96,50,3,consonant_string,low,bfnsl,5,5,external,l,m,1.0666666666666667,0.5113,l,1,797.38
807,1130,31130,97,50,3,word,low,beef,4,4,external,f,p,1.6333333333333333,0.41008,f,1,720.65
807,2213,32213,98,50,3,pseudoword,high,nalb,4,4,external,b,p,5.066666666666666,0.70362,b,1,1444.23
807,2239,32239,99,50,3,pseudoword,high,glot,4,4,external,t,r,3.3666666666666667,0.59892,t,1,738.46
807,1108,31108,101,50,3,word,low,hood,4,4,external,d,k,1.3333333333333333,0.3996,d,1,588.32
807,3148,33148,102,50,3,consonant_string,low,dhkw,4,3,internal,k,g,1.1666666666666667,0.37222,k,1,837.15
807,1112,31112,103,50,3,word,low,grip,4,4,external,p,t,1.3333333333333333,0.53002,p,1,455.01
807,1106,31106,104,50,3,word,low,stripe,6,5,internal,p,v,1.1333333333333333,0.49111,p,1,639.19
807,3207,33207,105,50,3,consonant_string,high,qvsd,4,4,external,d,p,5.096774193548387,0.48985,d,1,558.07
807,2225,32225,106,50,3,pseudoword,high,jege,4,3,internal,g,d,4.1,0.62488,g,1,1253.59
807,1209,31209,107,50,3,word,high,seed,4,4,external,d,p,5.096774193548387,0.48985,d,1,506.82
807,1142,31142,108,50,3,word,low,seal,4,4,external,l,m,1.0666666666666667,0.5113,l,1,708.03
807,3136,33136,109,50,3,consonant_string,low,hfwb,4,4,external,b,r,1.2666666666666666,0.51424,r,0,622.52
807,3132,33132,110,50,3,consonant_string,low,vzldb,5,4,internal,d,r,1.3333333333333333,0.49182,r,0,588.08
807,2148,32148,112,50,3,pseudoword,low,zoke,4,3,internal,k,g,1.1666666666666667,0.37222,k,1,716.9
807,1245,31245,113,50,3,word,high,spire,5,4,internal,r,n,3.1333333333333333,0.62334,r,1,874.49
807,3144,33144,114,50,3,consonant_string,low,qjfnd,5,4,internal,n,k,1.5333333333333334,0.52768,k,0,526.99
807,1102,31102,115,50,3,word,low,snip,4,2,internal,n,l,1.3666666666666667,0.46775,n,1,534.98
807,3108,33108,116,50,3,consonant_string,low,cvsd,4,4,external,d,k,1.3333333333333333,0.3996,k,0,1071.86
807,2132,32132,117,50,3,pseudoword,low,ghade,5,4,internal,d,r,1.3333333333333333,0.49182,d,1,684.4
807,1247,31247,118,50,3,word,high,bale,4,3,internal,l,k,2.8,0.53572,l,1,511.27
807,2142,32142,119,50,3,pseudoword,low,drol,4,4,external,l,m,1.0666666666666667,0.5113,m,0,808.78
807,1136,31136,120,50,3,word,low,stab,4,4,external,b,r,1.2666666666666666,0.51424,b,1,501.31
807,3247,33247,121,50,3,consonant_string,high,gnlt,4,3,internal,l,k,2.8,0.53572,k,0,663.46
807,3235,33235,123,50,3,consonant_string,high,mkrb,4,4,external,b,g,3.533333333333333,0.46543,b,1,447.01
807,3205,33205,124,50,3,consonant_string,high,fcmpk,5,4,internal,p,d,5.096774193548387,0.48985,p,1,521.18
807,1237,31237,125,50,3,word,high,stew,4,4,external,w,m,3.4,0.62127,w,1,598.66
807,3221,33221,126,50,3,consonant_string,high,fqcg,4,4,external,g,p,4.5,0.55857,g,1,626.91
807,2126,32126,127,50,3,pseudoword,low,yeng,4,4,external,g,k,1.1666666666666667,0.37222,g,1,423.78
807,3116,33116,128,50,3,consonant_string,low,fsmt,4,3,internal,m,l,1.0666666666666667,0.5113,l,0,1195.63
807,1128,31128,129,50,3,word,low,reef,4,4,external,f,d,1.4333333333333333,0.51654,f,1,602.83
807,3203,33203,130,50,3,consonant_string,high,qsgpn,5,4,internal,p,d,5.096774193548387,0.48985,p,1,1059.08
807,2146,32146,131,50,3,pseudoword,low,proal,5,5,external,l,m,1.0666666666666667,0.5113,l,1,486.62
807,1120,31120,132,50,3,word,low,gate,4,3,internal,t,m,1.0666666666666667,0.52674,t,1,631.41
807,1104,31104,134,50,3,word,low,skid,4,4,external,d,m,1.1333333333333333,0.58091,d,1,885.3
807,2211,32211,135,50,3,pseudoword,high,zoud,4,4,external,d,p,5.096774193548387,0.48985,d,1,765.2
807,3243,33243,136,50,3,consonant_string,high,fbvr,4,4,external,r,n,3.1333333333333333,0.62334,r,1,570.74
807,3217,33217,137,50,3,consonant_string,high,htjm,4,4,external,m,n,4.666666666666667,0.6574,n,0,488.26
807,2223,32223,138,50,3,pseudoword,high,blug,4,4,external,g,p,4.5,0.55857,g,1,943.14
807,3237,33237,139,50,3,consonant_string,high,gbcw,4,4,external,w,m,3.4,0.62127,w,1,883.33
807,2110,32110,140,50,3,pseudoword,low,fard,4,4,external,d,k,1.3333333333333333,0.3996,d,1,975.24
807,2104,32104,141,50,3,pseudoword,low,swed,4,4,external,d,m,1.1333333333333333,0.58091,d,1,717.79
807,2114,32114,142,50,3,pseudoword,low,dape,4,3,internal,p,s,1.2580645161290323,0.5767,p,1,562.3
807,2209,32209,143,50,3,pseudoword,high,glod,4,4,external,d,p,5.096774193548387,0.48985,d,1,585.81
807,3227,33227,2,50,3,consonant_string,high,bvcg,4,4,external,g,d,4.1,0.62488,g,1,603.69
807,3239,33239,3,50,3,consonant_string,high,mvjt,4,4,external,t,r,3.3666666666666667,0.59892,r,0,965.89
807,2102,32102,4,50,3,pseudoword,low,snad,4,2,internal,n,l,1.3666666666666667,0.46775,n,1,808.46
807,1211,31211,5,50,3,word,high,lead,4,4,external,d,p,5.096774193548387,0.48985,d,1,1372.02
807,1205,31205,6,50,3,word,high,grape,5,4,internal,p,d,5.096774193548387,0.48985,p,1,716.57
807,2138,32138,7,50,3,pseudoword,low,jite,4,3,internal,t,m,1.0666666666666667,0.52674,m,0,929.11
807,3112,33112,8,50,3,consonant_string,low,qmwp,4,4,external,p,t,1.3333333333333333,0.53002,p,1,575.0
807,2243,32243,9,50,3,pseudoword,high,plur,4,4,external,r,n,3.1333333333333333,0.62334,r,1,587.85
807,1138,31138,10,50,3,word,low,date,4,3,internal,t,m,1.0666666666666667,0.52674,t,1,603.7
807,2136,32136,11,50,3,pseudoword,low,plob,4,4,external,b,r,1.2666666666666666,0.51424,b,1,629.86
807,2122,32122,13,50,3,pseudoword,low,sleg,4,4,external,g,n,1.7,0.55212,g,1,760.78
807,3241,33241,14,50,3,consonant_string,high,pqlt,4,3,internal,l,r,3.2580645161290325,0.56415,r,0,520.27
807,1241,31241,15,50,3,word,high,file,4,3,internal,l,r,3.2580645161290325,0.56415,l,1,844.84
807,2237,32237,16,50,3,pseudoword,high,blaw,4,4,external,w,m,3.4,0.62127,w,1,567.04
807,3104,33104,17,50,3,consonant_string,low,htwd,4,4,external,d,m,1.1333333333333333,0.58091,d,1,793.54
807,1225,31225,18,50,3,word,high,wage,4,3,internal,g,d,4.1,0.62488,g,1,627.74
807,2201,32201,19,50,3,pseudoword,high,snum,4,2,internal,n,h,5.533333333333333,0.86536,n,1,1212.63
807,1227,31227,20,50,3,word,high,wing,4,4,external,g,d,4.1,0.62488,g,1,561.19
807,1215,31215,21,50,3,word,high,beam,4,4,external,m,n,4.666666666666667,0.6574,m,1,641.71
807,3209,33209,22,50,3,consonant_string,high,csbd,4,4,external,d,p,5.096774193548387,0.48985,p,0,627.9
807,3142,33142,24,50,3,consonant_string,low,wktl,4,4,external,l,m,1.0666666666666667,0.5113,m,0,640.76
807,1203,31203,25,50,3,word,high,shape,5,4,internal,p,d,5.096774193548387,0.48985,p,1,931.65
807,3219,33219,26,50,3,consonant_string,high,gjkm,4,4,external,m,n,4.666666666666667,0.6574,n,0,1004.56
807,3211,33211,27,50,3,consonant_string,high,srfd,4,4,external,d,p,5.096774193548387,0.48985,p,0,1197.78
807,1148,31148,28,50,3,word,low,sake,4,3,internal,k,g,1.1666666666666667,0.37222,k,1,854.02
807,3233,33233,29,50,3,consonant_string,high,vkdj,4,3,internal,d,c,3.566666666666667,0.66158,d,1,711.2
807,1239,31239,30,50,3,word,high,spat,4,4,external,t,r,3.3666666666666667,0.59892,t,1,1020.79
807,2106,32106,31,50,3,pseudoword,low,strepe,6,5,internal,p,v,1.1333333333333333,0.49111,p,1,889.35
807,2221,32221,32,50,3,pseudoword,high,quag,4,4,external,g,p,4.5,0.55857,p,0,717.22
807,3231,33231,33,50,3,consonant_string,high,gjwds,5,4,internal,d,c,3.566666666666667,0.66158,d,1,532.71
807,1231,31231,35,50,3,word,high,slide,5,4,internal,d,c,3.566666666666667,0.66158,d,1,772.56
807,3130,33130,36,50,3,consonant_string,low,czhf,4,4,external,f,p,1.6333333333333333,0.41008,p,0,1351.17
807,2120,32120,37,50,3,pseudoword,low,wote,4,3,internal,t,m,1.0666666666666667,0.52674,t,1,979.4
807,2231,32231,38,50,3,pseudoword,high,spode,5,4,internal,d,c,3.566666666666667,0.66158,d,1,601.3
807,2235,32235,39,50,3,pseudoword,high,frab,4,4,external,b,g,3.533333333333333,0.46543,b,1,631.47
807,1217,31217,40,50,3,word,high,scam,4,4,external,m,n,4.666666666666667,0.6574,m,1,755.35
807,3126,33126,41,50,3,consonant_string,low,lqvg,4,4,external,g,k,1.1666666666666667,0.37222,g,1,1099.51
807,2207,32207,42,50,3,pseudoword,high,nood,4,4,external,d,p,5.096774193548387,0.48985,d,1,832.75
807,2229,32229,43,50,3,pseudoword,high,vofe,4,3,internal,f,r,3.8,0.69632,r,0,637.63
807,3213,33213,44,50,3,consonant_string,high,rtcb,4,4,external,b,p,5.066666666666666,0.70362,p,0,608.5
807,2227,32227,46,50,3,pseudoword,high,reng,4,4,external,g,d,4.1,0.62488,g,1,491.02
807,2205,32205,47,50,3,pseudoword,high,brupe,5,4,internal,p,d,5.096774193548387,0.48985,d,0,935.92
807,1114,31114,48,50,3,word,low,rope,4,3,internal,p,s,1.2580645161290323,0.5767,p,1,613.76
807,3128,33128,49,50,3,consonant_string,low,vjnf,4,4,external,f,d,1.4333333333333333,0.51654,d,0,936.32
807,1110,31110,50,50,3,word,low,weed,4,4,external,d,k,1.3333333333333333,0.3996,d,1,662.13
807,1122,31122,75,50,3,word,low,swag,4,4,external,g,n,1.7,0.55212,g,1,757.83
807,2116,32116,76,50,3,pseudoword,low,hime,4,3,internal,m,l,1.0666666666666667,0.5113,m,1,949.37
807,1213,31213,77,50,3,word,high,slab,4,4,external,b,p,5.066666666666666,0.70362,b,1,771.62
807,1233,31233,79,50,3,word,high,fade,4,3,internal,d,c,3.566666666666667,0.66158,d,1,620.1
807,3138,33138,80,50,3,consonant_string,low,njtb,4,3,internal,t,m,1.0666666666666667,0.52674,m,0,1100.66
807,2219,32219,81,50,3,pseudoword,high,chom,4,4,external,m,n,4.666666666666667,0.6574,n,0,964.92
807,2140,32140,82,50,3,pseudoword,low,hule,4,3,internal,l,s,1.1,0.4218,s,0,620.46
807,3225,33225,83,50,3,consonant_string,high,fhgv,4,3,internal,g,d,4.1,0.62488,g,1,550.98
807,1132,31132,84,50,3,word,low,spade,5,4,internal,d,r,1.3333333333333333,0.49182,r,0,1391.21
807,2217,32217,71,50,3,pseudoword,high,plim,4,4,external,m,n,4.666666666666667,0.6574,n,0,750.34
807,3201,33201,72,50,3,consonant_string,high,znsq,4,2,internal,n,h,5.533333333333333,0.86536,n,1,747.51
807,1219,31219,73,50,3,word,high,warm,4,4,external,m,n,4.666666666666667,0.6574,m,1,990.77
807,1201,31201,74,50,3,word,high,snow,4,2,internal,n,h,5.533333333333333,0.86536,n,1,647.6
807,1229,31229,90,50,3,word,high,wife,4,3,internal,f,r,3.8,0.69632,f,1,595.29
807,2233,32233,91,50,3,pseudoword,high,kide,4,3,internal,d,c,3.566666666666667,0.66158,d,1,765.5
807,1221,31221,92,50,3,word,high,flog,4,4,external,g,p,4.5,0.55857,g,1,873.08
807,2245,32245,87,50,3,pseudoword,high,swork,5,4,internal,r,n,3.1333333333333333,0.62334,r,1,1046.9
807,3215,33215,88,50,3,consonant_string,high,sfdm,4,4,external,m,n,4.666666666666667,0.6574,m,1,741.15
807,2112,32112,85,50,3,pseudoword,low,glip,4,4,external,p,t,1.3333333333333333,0.53002,p,1,1108.46
807,1134,31134,86,50,3,word,low,pride,5,4,internal,d,m,1.1333333333333333,0.58091,d,1,1024.0
808,2242,42242,32,50,4,pseudoword,high,drol,4,4,external,l,r,3.2580645161290325,0.56415,l,1,487.33
808,2208,42208,33,50,4,pseudoword,high,vild,4,4,external,d,p,5.096774193548387,0.48985,d,1,794.21
808,1103,41103,35,50,4,word,low,shape,5,4,internal,p,v,1.1333333333333333,0.49111,v,0,425.39
808,2113,42113,36,50,4,pseudoword,low,nalb,4,4,external,b,m,1.2333333333333334,0.5784,m,0,615.2
808,1121,41121,37,50,4,word,low,flog,4,4,external,g,w,1.1666666666666667,0.52446,g,1,501.76
808,3121,43121,38,50,4,consonant_string,low,fqcg,4,4,external,g,w,1.1666666666666667,0.52446,w,0,742.95
808,1105,41105,29,50,4,word,low,grape,5,4,internal,p,v,1.1333333333333333,0.49111,p,1,513.41
808,1125,41125,30,50,4,word,low,wage,4,3,internal,g,k,1.1666666666666667,0.37222,g,1,482.95
808,1119,41119,31,50,4,word,low,warm,4,4,external,m,t,1.0666666666666667,0.52674,m,1,614.79
808,3206,43206,71,50,4,consonant_string,high,jbfzpq,6,5,internal,p,d,5.096774193548387,0.48985,d,0,1767.96
808,2224,42224,72,50,4,pseudoword,high,jote,4,3,internal,t,l,4.5,0.47576,t,1,827.54
808,3238,43238,73,50,4,consonant_string,high,njtb,4,3,internal,t,r,3.3666666666666667,0.59892,t,1,1226.44
808,1212,41212,74,50,4,word,high,grip,4,4,external,p,d,5.096774193548387,0.48985,p,1,1561.38
808,3147,43147,75,50,4,consonant_string,low,gnlt,4,3,internal,l,s,1.1,0.4218,l,1,2679.04
808,3101,43101,76,50,4,consonant_string,low,znsq,4,2,internal,n,t,1.1,0.6011,t,0,1479.99
808,3212,43212,77,50,4,consonant_string,high,qmwp,4,4,external,p,d,5.096774193548387,0.48985,p,1,1682.96
808,2123,42123,79,50,4,pseudoword,low,blug,4,4,external,g,t,1.1333333333333333,0.44178,g,1,1639.93
808,2119,42119,80,50,4,pseudoword,low,chom,4,4,external,m,t,1.0666666666666667,0.52674,t,0,1306.88
808,1216,41216,81,50,4,word,high,mime,4,3,internal,m,n,4.666666666666667,0.6574,m,1,1822.15
808,3119,43119,82,50,4,consonant_string,low,gjkm,4,4,external,m,t,1.0666666666666667,0.52674,t,0,1095.74
808,1139,41139,83,50,4,word,low,spat,4,4,external,t,n,1.1,0.6011,t,1,535.96
808,2236,42236,84,50,4,pseudoword,high,plob,4,4,external,b,g,3.533333333333333,0.46543,b,1,788.83
808,2133,42133,85,50,4,pseudoword,low,kide,4,3,internal,d,z,1.2333333333333334,0.52841,d,1,1552.74
808,1236,41236,86,50,4,word,high,stab,4,4,external,b,g,3.533333333333333,0.46543,b,1,2281.03
808,1117,41117,87,50,4,word,low,scam,4,4,external,m,b,1.2333333333333334,0.5784,m,1,566.98
808,3105,43105,88,50,4,consonant_string,low,fcmpk,5,4,internal,p,v,1.1333333333333333,0.49111,p,1,1759.57
808,1242,41242,90,50,4,word,high,seal,4,4,external,l,r,3.2580645161290325,0.56415,l,1,806.12
808,1240,41240,91,50,4,word,high,pole,4,3,internal,l,r,3.2580645161290325,0.56415,r,0,1717.39
808,2218,42218,92,50,4,pseudoword,high,vume,4,3,internal,m,n,4.666666666666667,0.6574,m,1,1111.98
808,3240,43240,93,50,4,consonant_string,high,gtln,4,3,internal,l,r,3.2580645161290325,0.56415,l,1,859.56
808,3117,43117,94,50,4,consonant_string,low,htjm,4,4,external,m,b,1.2333333333333334,0.5784,m,1,741.12
808,1230,41230,95,50,4,word,high,beef,4,4,external,f,r,3.8,0.69632,f,1,722.97
808,1129,41129,96,50,4,word,low,wife,4,3,internal,f,n,1.2,0.53217,f,1,800.53
808,1218,41218,97,50,4,word,high,home,4,3,internal,m,n,4.666666666666667,0.6574,m,1,573.69
808,1137,41137,98,50,4,word,low,stew,4,4,external,w,p,1.1666666666666667,0.53452,w,1,532.55
808,2111,42111,99,50,4,pseudoword,low,zoud,4,4,external,d,k,1.3333333333333333,0.3996,d,1,436.43
808,2143,42143,101,50,4,pseudoword,low,plur,4,4,external,r,d,1.3333333333333333,0.49182,r,1,521.25
808,3210,43210,102,50,4,consonant_string,high,lsbd,4,4,external,d,p,5.096774193548387,0.48985,d,1,778.8
808,2137,42137,103,50,4,pseudoword,low,blaw,4,4,external,w,p,1.1666666666666667,0.53452,w,1,564.64
808,1115,41115,104,50,4,word,low,beam,4,4,external,m,t,1.0666666666666667,0.52674,m,1,461.16
808,3111,43111,105,50,4,consonant_string,low,srfd,4,4,external,d,k,1.3333333333333333,0.3996,d,1,631.67
808,1123,41123,106,50,4,word,low,flag,4,4,external,g,t,1.1333333333333333,0.44178,g,1,578.57
808,1135,41135,107,50,4,word,low,drab,4,4,external,b,w,1.1,0.5109,b,1,478.42
808,3236,43236,108,50,4,consonant_string,high,hfwb,4,4,external,b,g,3.533333333333333,0.46543,g,0,417.23
808,1244,41244,109,50,4,word,high,stone,5,4,internal,n,r,3.1333333333333333,0.62334,n,1,625.77
808,2103,42103,110,50,4,pseudoword,low,frope,5,4,internal,p,v,1.1333333333333333,0.49111,p,1,761.63
808,1232,41232,112,50,4,word,high,spade,5,4,internal,d,c,3.566666666666667,0.66158,d,1,436.15
808,1208,41208,113,50,4,word,high,hood,4,4,external,d,p,5.096774193548387,0.48985,d,1,739.02
808,3133,43133,114,50,4,consonant_string,low,vkdj,4,3,internal,d,z,1.2333333333333334,0.52841,d,1,1108.91
808,1131,41131,115,50,4,word,low,slide,5,4,internal,d,m,1.1333333333333333,0.58091,d,1,436.01
808,3135,43135,116,50,4,consonant_string,low,mkrb,4,4,external,b,w,1.1,0.5109,b,1,565.82
808,2210,42210,117,50,4,pseudoword,high,fard,4,4,external,d,p,5.096774193548387,0.48985,d,1,570.37
808,2204,42204,118,50,4,pseudoword,high,swed,4,4,external,d,p,5.096774193548387,0.48985,d,1,630.86
808,3131,43131,119,50,4,consonant_string,low,gjwds,5,4,internal,d,m,1.1333333333333333,0.58091,d,1,401.72
808,3208,43208,120,50,4,consonant_string,high,cvsd,4,4,external,d,p,5.096774193548387,0.48985,d,1,645.88
808,2226,42226,121,50,4,pseudoword,high,yeng,4,4,external,g,d,4.1,0.62488,g,1,466.09
808,2244,42244,123,50,4,pseudoword,high,slone,5,4,internal,n,r,3.1333333333333333,0.62334,n,1,460.62
808,1133,41133,124,50,4,word,low,fade,4,3,internal,d,z,1.2333333333333334,0.52841,d,1,506.12
808,3202,43202,125,50,4,consonant_string,high,knfc,4,2,internal,n,h,5.533333333333333,0.86536,n,1,602.33
808,2109,42109,126,50,4,pseudoword,low,glod,4,4,external,d,m,1.1333333333333333,0.58091,m,0,686.52
808,2121,42121,127,50,4,pseudoword,low,quag,4,4,external,g,w,1.1666666666666667,0.52446,g,1,456.38
808,2127,42127,128,50,4,pseudoword,low,reng,4,4,external,g,k,1.1666666666666667,0.37222,g,1,387.55
808,2220,42220,129,50,4,pseudoword,high,wote,4,3,internal,t,l,4.5,0.47576,t,1,445.39
808,2107,42107,130,50,4,pseudoword,low,nood,4,4,external,d,r,1.3333333333333333,0.49182,d,1,533.57
808,3113,43113,131,50,4,consonant_string,low,rtcb,4,4,external,b,m,1.2333333333333334,0.5784,m,0,525.42
808,3234,43234,132,50,4,consonant_string,high,pfldr,5,4,internal,d,c,3.566666666666667,0.66158,c,0,473.27
808,2230,42230,134,50,4,pseudoword,high,zeaf,4,4,external,f,r,3.8,0.69632,f,1,488.78
808,3228,43228,135,50,4,consonant_string,high,vjnf,4,4,external,f,l,4.033333333333333,0.60982,l,0,841.64
808,1210,41210,136,50,4,word,high,weed,4,4,external,d,p,5.096774193548387,0.48985,d,1,535.85
808,2131,42131,137,50,4,pseudoword,low,spode,5,4,internal,d,m,1.1333333333333333,0.58091,d,1,599.69
808,1204,41204,138,50,4,word,high,skid,4,4,external,d,p,5.096774193548387,0.48985,d,1,546.88
808,3216,43216,139,50,4,consonant_string,high,fsmt,4,3,internal,m,n,4.666666666666667,0.6574,m,1,650.07
808,3226,43226,140,50,4,consonant_string,high,lqvg,4,4,external,g,d,4.1,0.62488,g,1,362.26
808,3137,43137,141,50,4,consonant_string,low,gbcw,4,4,external,w,p,1.1666666666666667,0.53452,p,0,548.77
808,3129,43129,142,50,4,consonant_string,low,dtfh,4,3,internal,f,n,1.2,0.53217,n,0,787.95
808,2115,42115,143,50,4,pseudoword,low,gulm,4,4,external,m,t,1.0666666666666667,0.52674,m,1,977.86
808,3242,43242,2,50,4,consonant_string,high,wktl,4,4,external,l,r,3.2580645161290325,0.56415,l,1,518.75
808,2248,42248,3,50,4,pseudoword,high,zoke,4,3,internal,k,l,2.8,0.53572,k,1,1451.29
808,2240,42240,4,50,4,pseudoword,high,hule,4,3,internal,l,r,3.2580645161290325,0.56415,r,0,576.52
808,1238,41238,5,50,4,word,high,date,4,3,internal,t,r,3.3666666666666667,0.59892,t,1,806.4
808,3107,43107,6,50,4,consonant_string,low,qvsd,4,4,external,d,r,1.3333333333333333,0.49182,d,1,987.61
808,1214,41214,7,50,4,word,high,rope,4,3,internal,p,b,5.066666666666666,0.70362,p,1,954.49
808,2145,42145,8,50,4,pseudoword,low,swork,5,4,internal,r,c,1.4,0.55867,r,1,735.71
808,3143,43143,9,50,4,consonant_string,low,fbvr,4,4,external,r,d,1.3333333333333333,0.49182,d,0,617.58
808,3127,43127,10,50,4,consonant_string,low,bvcg,4,4,external,g,k,1.1666666666666667,0.37222,k,0,905.12
808,1246,41246,11,50,4,word,high,steal,5,5,external,l,k,2.8,0.53572,l,1,611.31
808,3214,43214,13,50,4,consonant_string,high,klpj,4,3,internal,p,b,5.066666666666666,0.70362,p,1,549.84
808,1145,41145,14,50,4,word,low,spire,5,4,internal,r,c,1.4,0.55867,c,0,2102.11
808,3125,43125,15,50,4,consonant_string,low,fhgv,4,3,internal,g,k,1.1666666666666667,0.37222,g,1,1267.38
808,1224,41224,16,50,4,word,high,bite,4,3,internal,t,l,4.5,0.47576,t,1,510.94
808,3230,43230,17,50,4,consonant_string,high,czhf,4,4,external,f,r,3.8,0.69632,f,1,861.47
808,1111,41111,18,50,4,word,low,lead,4,4,external,d,k,1.3333333333333333,0.3996,d,1,458.02
808,2135,42135,19,50,4,pseudoword,low,frab,4,4,external,b,w,1.1,0.5109,b,1,491.52
808,2141,42141,20,50,4,pseudoword,low,bule,4,3,internal,l,n,1.3666666666666667,0.46775,l,1,1381.72
808,2125,42125,21,50,4,pseudoword,low,jege,4,3,internal,g,k,1.1666666666666667,0.37222,k,0,1152.67
808,2147,42147,22,50,4,pseudoword,low,jile,4,3,internal,l,s,1.1,0.4218,l,1,650.89
808,1141,41141,24,50,4,word,low,file,4,3,internal,l,n,1.3666666666666667,0.46775,n,0,1054.11
808,1248,41248,25,50,4,word,high,sake,4,3,internal,k,l,2.8,0.53572,k,1,467.31
808,2246,42246,26,50,4,pseudoword,high,proal,5,5,external,l,k,2.8,0.53572,l,1,1116.85
808,3218,43218,27,50,4,consonant_string,high,zsmj,4,3,internal,m,n,4.666666666666667,0.6574,m,1,583.36
808,3232,43232,28,50,4,consonant_string,high,vzldb,5,4,internal,d,c,3.566666666666667,0.66158,d,1,651.25
808,2212,42212,0,50,4,pseudoword,high,glip,4,4,external,p,d,5.096774193548387,0.48985,p,1,751.41
808,3246,43246,56,50,4,consonant_string,high,bfnsl,5,5,external,l,k,2.8,0.53572,l,1,835.63
808,2139,42139,67,50,4,pseudoword,low,glot,4,4,external,t,n,1.1,0.6011,t,1,673.5
808,1228,41228,78,50,4,word,high,reef,4,4,external,f,l,4.033333333333333,0.60982,f,1,613.01
808,1101,41101,89,50,4,word,low,snow,4,2,internal,n,t,1.1,0.6011,n,1,1084.59
808,2101,42101,100,50,4,pseudoword,low,snum,4,2,internal,n,t,1.1,0.6011,n,1,742.48
808,1220,41220,111,50,4,word,high,gate,4,3,internal,t,l,4.5,0.47576,t,1,710.68
808,2238,42238,122,50,4,pseudoword,high,jite,4,3,internal,t,r,3.3666666666666667,0.59892,t,1,730.18
808,2206,42206,133,50,4,pseudoword,high,strepe,6,5,internal,p,d,5.096774193548387,0.48985,p,1,705.09
808,2216,42216,39,50,4,pseudoword,high,hime,4,3,internal,m,n,4.666666666666667,0.6574,m,1,1296.16
808,3248,43248,40,50,4,consonant_string,high,dhkw,4,3,internal,k,l,2.8,0.53572,k,1,520.42
808,3103,43103,41,50,4,consonant_string,low,qsgpn,5,4,internal,p,v,1.1333333333333333,0.49111,p,1,1133.95
808,1206,41206,42,50,4,word,high,stripe,6,5,internal,p,d,5.096774193548387,0.48985,p,1,1073.87
808,2202,42202,43,50,4,pseudoword,high,snad,4,2,internal,n,h,5.533333333333333,0.86536,n,1,1701.76
808,1107,41107,44,50,4,word,low,read,4,4,external,d,r,1.3333333333333333,0.49182,d,1,498.99
808,1202,41202,46,50,4,word,high,snip,4,2,internal,n,h,5.533333333333333,0.86536,n,1,1606.26
808,3204,43204,47,50,4,consonant_string,high,htwd,4,4,external,d,p,5.096774193548387,0.48985,p,0,933.48
808,3141,43141,48,50,4,consonant_string,low,pqlt,4,3,internal,l,n,1.3666666666666667,0.46775,l,1,609.36
808,1226,41226,49,50,4,word,high,bang,4,4,external,g,d,4.1,0.62488,d,0,413.88
808,3139,43139,50,50,4,consonant_string,low,mvjt,4,4,external,t,n,1.1,0.6011,t,1,1254.45
808,3224,43224,58,50,4,consonant_string,high,gpts,4,3,internal,t,l,4.5,0.47576,t,1,1194.2
808,3220,43220,59,50,4,consonant_string,high,pktv,4,3,internal,t,l,4.5,0.47576,t,1,1469.43
808,1113,41113,60,50,4,word,low,slab,4,4,external,b,m,1.2333333333333334,0.5784,b,1,821.02
808,2105,42105,61,50,4,pseudoword,low,brupe,5,4,internal,p,v,1.1333333333333333,0.49111,p,1,1232.54
808,3115,43115,62,50,4,consonant_string,low,sfdm,4,4,external,m,t,1.0666666666666667,0.52674,t,0,1047.44
808,1234,41234,63,50,4,word,high,pride,5,4,internal,d,c,3.566666666666667,0.66158,d,1,1422.74
808,2228,42228,64,50,4,pseudoword,high,goif,4,4,external,f,l,4.033333333333333,0.60982,f,1,797.27
808,3109,43109,65,50,4,consonant_string,low,csbd,4,4,external,d,m,1.1333333333333333,0.58091,d,1,703.49
808,1109,41109,66,50,4,word,low,seed,4,4,external,d,m,1.1333333333333333,0.58091,d,1,831.69
808,2234,42234,68,50,4,pseudoword,high,brode,5,4,internal,d,c,3.566666666666667,0.66158,d,1,606.59
808,1127,41127,69,50,4,word,low,wing,4,4,external,g,k,1.1666666666666667,0.37222,g,1,647.74
808,3222,43222,70,50,4,consonant_string,high,wbjg,4,4,external,g,p,4.5,0.55857,g,1,1425.01
808,2214,42214,54,50,4,pseudoword,high,dape,4,3,internal,p,b,5.066666666666666,0.70362,b,0,1980.06
808,1143,41143,55,50,4,word,low,moor,4,4,external,r,d,1.3333333333333333,0.49182,r,1,712.02
808,3123,43123,57,50,4,consonant_string,low,vlbg,4,4,external,g,t,1.1333333333333333,0.44178,g,1,1262.57
808,2222,42222,23,50,4,pseudoword,high,sleg,4,4,external,g,p,4.5,0.55857,g,1,1129.06
808,3244,43244,34,50,4,consonant_string,high,qjfnd,5,4,internal,n,r,3.1333333333333333,0.62334,r,0,2247.99
808,3145,43145,1,50,4,consonant_string,low,hvwrt,5,4,internal,r,c,1.4,0.55867,r,1,779.27
808,2232,42232,12,50,4,pseudoword,high,ghade,5,4,internal,d,c,3.566666666666667,0.66158,c,0,1087.17
808,1222,41222,52,50,4,word,high,swag,4,4,external,g,p,4.5,0.55857,g,1,1600.61
808,2129,42129,53,50,4,pseudoword,low,vofe,4,3,internal,f,n,1.2,0.53217,f,1,794.85
808,2117,42117,45,50,4,pseudoword,low,plim,4,4,external,m,b,1.2333333333333334,0.5784,b,0,1968.37
808,1147,41147,51,50,4,word,low,bale,4,3,internal,l,s,1.1,0.4218,l,1,1462.97
809,2229,12229,52,50,1,pseudoword,high,vofe,4,3,internal,f,r,3.8,0.69632,r,0,1162.24
809,3144,13144,53,50,1,consonant_string,low,qjfnd,5,4,internal,n,k,1.5333333333333334,0.52768,n,1,1087.86
809,1140,11140,34,50,1,word,low,pole,4,3,internal,l,s,1.1,0.4218,l,1,559.65
809,1221,11221,45,50,1,word,high,flog,4,4,external,g,p,4.5,0.55857,g,1,634.15
809,1235,11235,51,50,1,word,high,drab,4,4,external,b,g,3.533333333333333,0.46543,g,0,695.02
809,3239,13239,66,50,1,consonant_string,high,mvjt,4,4,external,t,r,3.3666666666666667,0.59892,r,0,1709.41
809,1142,11142,68,50,1,word,low,seal,4,4,external,l,m,1.0666666666666667,0.5113,l,1,496.96
809,3225,13225,54,50,1,consonant_string,high,fhgv,4,3,internal,g,d,4.1,0.62488,d,0,1290.72
809,2146,12146,55,50,1,pseudoword,low,proal,5,5,external,l,m,1.0666666666666667,0.5113,m,0,1119.64
809,2136,12136,57,50,1,pseudoword,low,plob,4,4,external,b,r,1.2666666666666666,0.51424,b,1,571.22
809,2138,12138,58,50,1,pseudoword,low,jite,4,3,internal,t,m,1.0666666666666667,0.52674,t,1,1583.77
809,3116,13116,59,50,1,consonant_string,low,fsmt,4,3,internal,m,l,1.0666666666666667,0.5113,m,1,1112.66
809,2148,12148,60,50,1,pseudoword,low,zoke,4,3,internal,k,g,1.1666666666666667,0.37222,k,1,1192.28
809,3108,13108,61,50,1,consonant_string,low,cvsd,4,4,external,d,k,1.3333333333333333,0.3996,d,1,1020.52
809,2223,12223,62,50,1,pseudoword,high,blug,4,4,external,g,p,4.5,0.55857,g,1,577.07
809,2122,12122,63,50,1,pseudoword,low,sleg,4,4,external,g,n,1.7,0.55212,g,1,1640.97
809,1201,11201,64,50,1,word,high,snow,4,2,internal,n,h,5.533333333333333,0.86536,n,1,982.87
809,3203,13203,65,50,1,consonant_string,high,qsgpn,5,4,internal,p,d,5.096774193548387,0.48985,p,1,1271.81
809,2243,12243,81,50,1,pseudoword,high,plur,4,4,external,r,n,3.1333333333333333,0.62334,r,1,958.58
809,2233,12233,82,50,1,pseudoword,high,kide,4,3,internal,d,c,3.566666666666667,0.66158,d,1,955.15
809,1211,11211,83,50,1,word,high,lead,4,4,external,d,p,5.096774193548387,0.48985,d,1,688.36
809,1106,11106,84,50,1,word,low,stripe,6,5,internal,p,v,1.1333333333333333,0.49111,p,1,548.2
809,1124,11124,85,50,1,word,low,bite,4,3,internal,t,d,1.3666666666666667,0.47786,t,1,490.37
809,1108,11108,86,50,1,word,low,hood,4,4,external,d,k,1.3333333333333333,0.3996,d,1,427.27
809,2144,12144,87,50,1,pseudoword,low,slone,5,4,internal,n,k,1.5333333333333334,0.52768,n,1,626.11
809,3122,13122,88,50,1,consonant_string,low,wbjg,4,4,external,g,n,1.7,0.55212,g,1,1015.96
809,3233,13233,90,50,1,consonant_string,high,vkdj,4,3,internal,d,c,3.566666666666667,0.66158,d,1,781.49
809,3247,13247,91,50,1,consonant_string,high,gnlt,4,3,internal,l,k,2.8,0.53572,l,1,725.38
809,1247,11247,92,50,1,word,high,bale,4,3,internal,l,k,2.8,0.53572,l,1,675.24
809,1239,11239,93,50,1,word,high,spat,4,4,external,t,r,3.3666666666666667,0.59892,t,1,778.12
809,2215,12215,94,50,1,pseudoword,high,gulm,4,4,external,m,n,4.666666666666667,0.6574,m,1,506.0
809,3130,13130,95,50,1,consonant_string,low,czhf,4,4,external,f,p,1.6333333333333333,0.41008,p,0,1051.18
809,2104,12104,96,50,1,pseudoword,low,swed,4,4,external,d,m,1.1333333333333333,0.58091,d,1,631.38
809,1245,11245,97,50,1,word,high,spire,5,4,internal,r,n,3.1333333333333333,0.62334,r,1,764.27
809,1223,11223,98,50,1,word,high,flag,4,4,external,g,p,4.5,0.55857,g,1,556.79
809,2130,12130,99,50,1,pseudoword,low,zeaf,4,4,external,f,p,1.6333333333333333,0.41008,p,0,924.03
809,2219,12219,101,50,1,pseudoword,high,chom,4,4,external,m,n,4.666666666666667,0.6574,m,1,1064.86
809,2231,12231,102,50,1,pseudoword,high,spode,5,4,internal,d,c,3.566666666666667,0.66158,d,1,629.42
809,1213,11213,103,50,1,word,high,slab,4,4,external,b,p,5.066666666666666,0.70362,p,0,710.36
809,1112,11112,104,50,1,word,low,grip,4,4,external,p,t,1.3333333333333333,0.53002,p,1,534.83
809,3138,13138,105,50,1,consonant_string,low,njtb,4,3,internal,t,m,1.0666666666666667,0.52674,t,1,802.69
809,2116,12116,106,50,1,pseudoword,low,hime,4,3,internal,m,l,1.0666666666666667,0.5113,m,1,852.94
809,3207,13207,107,50,1,consonant_string,high,qvsd,4,4,external,d,p,5.096774193548387,0.48985,p,0,903.16
809,1146,11146,108,50,1,word,low,steal,5,5,external,l,m,1.0666666666666667,0.5113,l,1,607.35
809,3215,13215,109,50,1,consonant_string,high,sfdm,4,4,external,m,n,4.666666666666667,0.6574,n,0,1158.88
809,2118,12118,110,50,1,pseudoword,low,vume,4,3,internal,m,l,1.0666666666666667,0.5113,m,1,1413.44
809,3148,13148,112,50,1,consonant_string,low,dhkw,4,3,internal,k,g,1.1666666666666667,0.37222,g,0,828.07
809,3134,13134,69,50,1,consonant_string,low,pfldr,5,4,internal,d,m,1.1333333333333333,0.58091,d,1,909.19
809,1132,11132,70,50,1,word,low,spade,5,4,internal,d,r,1.3333333333333333,0.49182,d,1,713.7
809,1134,11134,71,50,1,word,low,pride,5,4,internal,d,m,1.1333333333333333,0.58091,d,1,642.23
809,2227,12227,72,50,1,pseudoword,high,reng,4,4,external,g,d,4.1,0.62488,g,1,1081.46
809,1219,11219,73,50,1,word,high,warm,4,4,external,m,n,4.666666666666667,0.6574,n,0,860.37
809,1116,11116,74,50,1,word,low,mime,4,3,internal,m,l,1.0666666666666667,0.5113,m,1,1198.9
809,2205,12205,75,50,1,pseudoword,high,brupe,5,4,internal,p,d,5.096774193548387,0.48985,p,1,784.17
809,1118,11118,76,50,1,word,low,home,4,3,internal,m,l,1.0666666666666667,0.5113,m,1,520.01
809,1110,11110,77,50,1,word,low,weed,4,4,external,d,k,1.3333333333333333,0.3996,d,1,590.55
809,2120,12120,79,50,1,pseudoword,low,wote,4,3,internal,t,m,1.0666666666666667,0.52674,t,1,518.4
809,2235,12235,80,50,1,pseudoword,high,frab,4,4,external,b,g,3.533333333333333,0.46543,b,1,2018.98
809,3201,13201,125,50,1,consonant_string,high,znsq,4,2,internal,n,h,5.533333333333333,0.86536,n,1,1157.92
809,2110,12110,126,50,1,pseudoword,low,fard,4,4,external,d,k,1.3333333333333333,0.3996,d,1,839.51
809,1104,11104,127,50,1,word,low,skid,4,4,external,d,m,1.1333333333333333,0.58091,d,1,1946.43
809,3211,13211,128,50,1,consonant_string,high,srfd,4,4,external,d,p,5.096774193548387,0.48985,p,0,816.66
809,2211,12211,129,50,1,pseudoword,high,zoud,4,4,external,d,p,5.096774193548387,0.48985,d,1,1321.29
809,2209,12209,130,50,1,pseudoword,high,glod,4,4,external,d,p,5.096774193548387,0.48985,d,1,993.88
809,3223,13223,131,50,1,consonant_string,high,vlbg,4,4,external,g,p,4.5,0.55857,p,0,614.08
809,3110,13110,132,50,1,consonant_string,low,lsbd,4,4,external,d,k,1.3333333333333333,0.3996,d,1,1006.63
809,3237,13237,134,50,1,consonant_string,high,gbcw,4,4,external,w,m,3.4,0.62127,m,0,1195.8
809,3104,13104,135,50,1,consonant_string,low,htwd,4,4,external,d,m,1.1333333333333333,0.58091,m,0,805.09
809,3112,13112,136,50,1,consonant_string,low,qmwp,4,4,external,p,t,1.3333333333333333,0.53002,p,1,587.26
809,1120,11120,137,50,1,word,low,gate,4,3,internal,t,m,1.0666666666666667,0.52674,t,1,1142.14
809,1215,11215,138,50,1,word,high,beam,4,4,external,m,n,4.666666666666667,0.6574,m,1,537.4
809,3142,13142,139,50,1,consonant_string,low,wktl,4,4,external,l,m,1.0666666666666667,0.5113,m,0,974.21
809,2142,12142,140,50,1,pseudoword,low,drol,4,4,external,l,m,1.0666666666666667,0.5113,l,1,736.8
809,2114,12114,141,50,1,pseudoword,low,dape,4,3,internal,p,s,1.2580645161290323,0.5767,p,1,1148.65
809,2237,12237,142,50,1,pseudoword,high,blaw,4,4,external,w,m,3.4,0.62127,m,0,868.92
809,1130,11130,143,50,1,word,low,beef,4,4,external,f,p,1.6333333333333333,0.41008,f,1,676.46
809,3243,13243,2,50,1,consonant_string,high,fbvr,4,4,external,r,n,3.1333333333333333,0.62334,r,1,622.26
809,1102,11102,3,50,1,word,low,snip,4,2,internal,n,l,1.3666666666666667,0.46775,n,1,864.8
809,3128,13128,4,50,1,consonant_string,low,vjnf,4,4,external,f,d,1.4333333333333333,0.51654,f,1,918.44
809,3241,13241,5,50,1,consonant_string,high,pqlt,4,3,internal,l,r,3.2580645161290325,0.56415,r,0,784.92
809,1138,11138,6,50,1,word,low,date,4,3,internal,t,m,1.0666666666666667,0.52674,t,1,633.83
809,2247,12247,7,50,1,pseudoword,high,jile,4,3,internal,l,k,2.8,0.53572,l,1,717.65
809,3102,13102,8,50,1,consonant_string,low,knfc,4,2,internal,n,l,1.3666666666666667,0.46775,n,1,850.21
809,1243,11243,9,50,1,word,high,moor,4,4,external,r,n,3.1333333333333333,0.62334,r,1,853.46
809,1231,11231,10,50,1,word,high,slide,5,4,internal,d,c,3.566666666666667,0.66158,d,1,643.67
809,3136,13136,11,50,1,consonant_string,low,hfwb,4,4,external,b,r,1.2666666666666666,0.51424,b,1,1070.87
809,2106,12106,13,50,1,pseudoword,low,strepe,6,5,internal,p,v,1.1333333333333333,0.49111,p,1,575.39
809,2126,12126,113,50,1,pseudoword,low,yeng,4,4,external,g,k,1.1666666666666667,0.37222,g,1,559.94
809,2241,12241,114,50,1,pseudoword,high,bule,4,3,internal,l,r,3.2580645161290325,0.56415,l,1,592.44
809,2225,12225,115,50,1,pseudoword,high,jege,4,3,internal,g,d,4.1,0.62488,g,1,1002.82
809,3140,13140,116,50,1,consonant_string,low,gtln,4,3,internal,l,s,1.1,0.4218,l,1,1009.01
809,1225,11225,117,50,1,word,high,wage,4,3,internal,g,d,4.1,0.62488,g,1,831.6
809,3209,13209,118,50,1,consonant_string,high,csbd,4,4,external,d,p,5.096774193548387,0.48985,p,0,953.47
809,3146,13146,119,50,1,consonant_string,low,bfnsl,5,5,external,l,m,1.0666666666666667,0.5113,l,1,960.71
809,3227,13227,120,50,1,consonant_string,high,bvcg,4,4,external,g,d,4.1,0.62488,g,1,809.27
809,3245,13245,121,50,1,consonant_string,high,hvwrt,5,4,internal,r,n,3.1333333333333333,0.62334,r,1,1310.81
809,3114,13114,123,50,1,consonant_string,low,klpj,4,3,internal,p,s,1.2580645161290323,0.5767,s,0,2475.47
809,1203,11203,124,50,1,word,high,shape,5,4,internal,p,d,5.096774193548387,0.48985,p,1,566.38
809,3221,13221,0,50,1,consonant_string,high,fqcg,4,4,external,g,p,4.5,0.55857,g,1,1088.5
809,1128,11128,56,50,1,word,low,reef,4,4,external,f,d,1.4333333333333333,0.51654,f,1,565.38
809,3213,13213,67,50,1,consonant_string,high,rtcb,4,4,external,b,p,5.066666666666666,0.70362,p,0,778.9
809,1144,11144,78,50,1,word,low,stone,5,4,internal,n,k,1.5333333333333334,0.52768,n,1,607.82
809,2239,12239,89,50,1,pseudoword,high,glot,4,4,external,t,r,3.3666666666666667,0.59892,t,1,1700.02
809,1237,11237,100,50,1,word,high,stew,4,4,external,w,m,3.4,0.62127,w,1,735.28
809,2112,12112,111,50,1,pseudoword,low,glip,4,4,external,p,t,1.3333333333333333,0.53002,p,1,520.13
809,2213,12213,122,50,1,pseudoword,high,nalb,4,4,external,b,p,5.066666666666666,0.70362,p,0,1590.71
809,1233,11233,133,50,1,word,high,fade,4,3,internal,d,c,3.566666666666667,0.66158,d,1,1494.65
809,2217,12217,1,50,1,pseudoword,high,plim,4,4,external,m,n,4.666666666666667,0.6574,m,1,946.88
809,2140,12140,12,50,1,pseudoword,low,hule,4,3,internal,l,s,1.1,0.4218,l,1,2316.18
809,2221,12221,23,50,1,pseudoword,high,quag,4,4,external,g,p,4.5,0.55857,g,1,632.78
809,2124,12124,38,50,1,pseudoword,low,jote,4,3,internal,t,d,1.3666666666666667,0.47786,t,1,523.68
809,3118,13118,39,50,1,consonant_string,low,zsmj,4,3,internal,m,l,1.0666666666666667,0.5113,l,0,1064.5
809,1209,11209,40,50,1,word,high,seed,4,4,external,d,p,5.096774193548387,0.48985,d,1,678.1
809,2108,12108,41,50,1,pseudoword,low,vild,4,4,external,d,k,1.3333333333333333,0.3996,d,1,562.0
809,1205,11205,42,50,1,word,high,grape,5,4,internal,p,d,5.096774193548387,0.48985,p,1,484.51
809,3126,13126,43,50,1,consonant_string,low,lqvg,4,4,external,g,k,1.1666666666666667,0.37222,g,1,875.35
809,3219,13219,44,50,1,consonant_string,high,gjkm,4,4,external,m,n,4.666666666666667,0.6574,m,1,568.23
809,1114,11114,46,50,1,word,low,rope,4,3,internal,p,s,1.2580645161290323,0.5767,p,1,493.71
809,1229,11229,47,50,1,word,high,wife,4,3,internal,f,r,3.8,0.69632,f,1,646.91
809,2245,12245,48,50,1,pseudoword,high,swork,5,4,internal,r,n,3.1333333333333333,0.62334,n,0,921.09
809,2102,12102,49,50,1,pseudoword,low,snad,4,2,internal,n,l,1.3666666666666667,0.46775,n,1,1323.71
809,1122,11122,50,50,1,word,low,swag,4,4,external,g,n,1.7,0.55212,g,1,518.6
809,3205,13205,20,50,1,consonant_string,high,fcmpk,5,4,internal,p,d,5.096774193548387,0.48985,d,0,1842.21
809,3132,13132,21,50,1,consonant_string,low,vzldb,5,4,internal,d,r,1.3333333333333333,0.49182,d,1,2376.58
809,2132,12132,22,50,1,pseudoword,low,ghade,5,4,internal,d,r,1.3333333333333333,0.49182,d,1,804.53
809,1207,11207,24,50,1,word,high,read,4,4,external,d,p,5.096774193548387,0.48985,d,1,1555.75
809,3235,13235,25,50,1,consonant_string,high,mkrb,4,4,external,b,g,3.533333333333333,0.46543,g,0,776.99
809,1227,11227,26,50,1,word,high,wing,4,4,external,g,d,4.1,0.62488,g,1,585.88
809,2201,12201,27,50,1,pseudoword,high,snum,4,2,internal,n,h,5.533333333333333,0.86536,n,1,881.7
809,2134,12134,14,50,1,pseudoword,low,brode,5,4,internal,d,m,1.1333333333333333,0.58091,d,1,661.24
809,1241,11241,15,50,1,word,high,file,4,3,internal,l,r,3.2580645161290325,0.56415,l,1,505.79
809,3124,13124,16,50,1,consonant_string,low,gpts,4,3,internal,t,d,1.3666666666666667,0.47786,t,1,1702.04
809,3217,13217,17,50,1,consonant_string,high,htjm,4,4,external,m,n,4.666666666666667,0.6574,m,1,819.3
809,1126,11126,18,50,1,word,low,bang,4,4,external,g,k,1.1666666666666667,0.37222,g,1,501.84
809,2203,12203,19,50,1,pseudoword,high,frope,5,4,internal,p,d,5.096774193548387,0.48985,d,0,598.98
809,3229,13229,35,50,1,consonant_string,high,dtfh,4,3,internal,f,r,3.8,0.69632,r,0,632.74
809,3106,13106,36,50,1,consonant_string,low,jbfzpq,6,5,internal,p,v,1.1333333333333333,0.49111,p,1,778.63
809,3231,13231,37,50,1,consonant_string,high,gjwds,5,4,internal,d,c,3.566666666666667,0.66158,d,1,506.47
809,1136,11136,28,50,1,word,low,stab,4,4,external,b,r,1.2666666666666666,0.51424,b,1,480.6
809,3120,13120,29,50,1,consonant_string,low,pktv,4,3,internal,t,m,1.0666666666666667,0.52674,t,1,683.46
809,1148,11148,30,50,1,word,low,sake,4,3,internal,k,g,1.1666666666666667,0.37222,k,1,481.34
809,2207,12207,31,50,1,pseudoword,high,nood,4,4,external,d,p,5.096774193548387,0.48985,d,1,777.2
809,1217,11217,32,50,1,word,high,scam,4,4,external,m,n,4.666666666666667,0.6574,m,1,536.07
809,2128,12128,33,50,1,pseudoword,low,goif,4,4,external,f,d,1.4333333333333333,0.51654,f,1,488.89
810,1232,21232,32,33,2,word,high,spade,5,4,internal,d,c,3.566666666666667,0.66158,d,1,552.29
810,2107,22107,33,33,2,pseudoword,low,nood,4,4,external,d,r,1.3333333333333333,0.49182,d,1,522.14
810,2236,22236,30,33,2,pseudoword,high,plob,4,4,external,b,g,3.533333333333333,0.46543,b,1,651.88
810,1113,21113,31,33,2,word,low,slab,4,4,external,b,m,1.2333333333333334,0.5784,b,1,690.75
810,1238,21238,27,33,2,word,high,date,4,3,internal,t,r,3.3666666666666667,0.59892,t,1,731.29
810,3107,23107,28,33,2,consonant_string,low,qvsd,4,4,external,d,r,1.3333333333333333,0.49182,d,1,617.82
810,2242,22242,29,33,2,pseudoword,high,drol,4,4,external,l,r,3.2580645161290325,0.56415,l,1,448.02
810,3234,23234,68,33,2,consonant_string,high,pfldr,5,4,internal,d,c,3.566666666666667,0.66158,c,0,796.6
810,1121,21121,69,33,2,word,low,flog,4,4,external,g,w,1.1666666666666667,0.52446,g,1,620.49
810,1224,21224,70,33,2,word,high,bite,4,3,internal,t,l,4.5,0.47576,t,1,627.69
810,3117,23117,71,33,2,consonant_string,low,htjm,4,4,external,m,b,1.2333333333333334,0.5784,b,0,959.23
810,3210,23210,72,33,2,consonant_string,high,lsbd,4,4,external,d,p,5.096774193548387,0.48985,d,1,686.45
810,1234,21234,73,33,2,word,high,pride,5,4,internal,d,c,3.566666666666667,0.66158,d,1,819.0
810,1220,21220,74,33,2,word,high,gate,4,3,internal,t,l,4.5,0.47576,t,1,514.21
810,2105,22105,75,33,2,pseudoword,low,brupe,5,4,internal,p,v,1.1333333333333333,0.49111,p,1,756.41
810,1115,21115,76,33,2,word,low,beam,4,4,external,m,t,1.0666666666666667,0.52674,t,0,710.29
810,2139,22139,77,33,2,pseudoword,low,glot,4,4,external,t,n,1.1,0.6011,t,1,560.5
810,1208,21208,79,33,2,word,high,hood,4,4,external,d,p,5.096774193548387,0.48985,d,1,558.35
810,3230,23230,80,33,2,consonant_string,high,czhf,4,4,external,f,r,3.8,0.69632,r,0,1341.25
810,1222,21222,81,33,2,word,high,swag,4,4,external,g,p,4.5,0.55857,g,1,736.16
810,3143,23143,82,33,2,consonant_string,low,fbvr,4,4,external,r,d,1.3333333333333333,0.49182,r,1,783.71
810,2101,22101,83,33,2,pseudoword,low,snum,4,2,internal,n,t,1.1,0.6011,t,0,928.27
810,2232,22232,84,33,2,pseudoword,high,ghade,5,4,internal,d,c,3.566666666666667,0.66158,c,0,871.83
810,2206,22206,85,33,2,pseudoword,high,strepe,6,5,internal,p,d,5.096774193548387,0.48985,p,1,803.05
810,1246,21246,86,33,2,word,high,steal,5,5,external,l,k,2.8,0.53572,l,1,840.93
810,3242,23242,35,33,2,consonant_string,high,wktl,4,4,external,l,r,3.2580645161290325,0.56415,l,1,447.34
810,3127,23127,36,33,2,consonant_string,low,bvcg,4,4,external,g,k,1.1666666666666667,0.37222,k,0,528.19
810,3147,23147,37,33,2,consonant_string,low,gnlt,4,3,internal,l,s,1.1,0.4218,l,1,608.72
810,1127,21127,38,33,2,word,low,wing,4,4,external,g,k,1.1666666666666667,0.37222,g,1,646.92
810,1111,21111,39,33,2,word,low,lead,4,4,external,d,k,1.3333333333333333,0.3996,d,1,807.8
810,2133,22133,40,33,2,pseudoword,low,kide,4,3,internal,d,z,1.2333333333333334,0.52841,d,1,535.02
810,3246,23246,41,33,2,consonant_string,high,bfnsl,5,5,external,l,k,2.8,0.53572,k,0,991.55
810,3119,23119,42,33,2,consonant_string,low,gjkm,4,4,external,m,t,1.0666666666666667,0.52674,t,0,553.44
810,2248,22248,43,33,2,pseudoword,high,zoke,4,3,internal,k,l,2.8,0.53572,k,1,659.31
810,2224,22224,44,33,2,pseudoword,high,jote,4,3,internal,t,l,4.5,0.47576,t,1,1059.52
810,1147,21147,46,33,2,word,low,bale,4,3,internal,l,s,1.1,0.4218,l,1,819.76
810,3129,23129,47,33,2,consonant_string,low,dtfh,4,3,internal,f,n,1.2,0.53217,f,1,868.98
810,3103,23103,48,33,2,consonant_string,low,qsgpn,5,4,internal,p,v,1.1333333333333333,0.49111,p,1,1163.22
810,2145,22145,49,33,2,pseudoword,low,swork,5,4,internal,r,c,1.4,0.55867,r,1,879.46
810,3212,23212,50,33,2,consonant_string,high,qmwp,4,4,external,p,d,5.096774193548387,0.48985,p,1,1570.06
810,2246,22246,60,33,2,pseudoword,high,proal,5,5,external,l,k,2.8,0.53572,l,1,863.28
810,3101,23101,61,33,2,consonant_string,low,znsq,4,2,internal,n,t,1.1,0.6011,n,1,834.49
810,1206,21206,62,33,2,word,high,stripe,6,5,internal,p,d,5.096774193548387,0.48985,p,1,1195.06
810,1242,21242,63,33,2,word,high,seal,4,4,external,l,r,3.2580645161290325,0.56415,r,0,1200.98
810,2208,22208,64,33,2,pseudoword,high,vild,4,4,external,d,p,5.096774193548387,0.48985,p,0,845.89
810,1145,21145,65,33,2,word,low,spire,5,4,internal,r,c,1.4,0.55867,r,1,1378.8
810,1129,21129,66,33,2,word,low,wife,4,3,internal,f,n,1.2,0.53217,f,1,713.38
810,1133,21133,112,33,2,word,low,fade,4,3,internal,d,z,1.2333333333333334,0.52841,d,1,858.13
810,1117,21117,113,33,2,word,low,scam,4,4,external,m,b,1.2333333333333334,0.5784,m,1,1296.03
810,1141,21141,114,33,2,word,low,file,4,3,internal,l,n,1.3666666666666667,0.46775,l,1,657.93
810,2103,22103,115,33,2,pseudoword,low,frope,5,4,internal,p,v,1.1333333333333333,0.49111,p,1,648.38
810,3206,23206,116,33,2,consonant_string,high,jbfzpq,6,5,internal,p,d,5.096774193548387,0.48985,p,1,604.25
810,2202,22202,117,33,2,pseudoword,high,snad,4,2,internal,n,h,5.533333333333333,0.86536,h,0,891.13
810,2238,22238,118,33,2,pseudoword,high,jite,4,3,internal,t,r,3.3666666666666667,0.59892,r,0,1037.69
810,2131,22131,119,33,2,pseudoword,low,spode,5,4,internal,d,m,1.1333333333333333,0.58091,d,1,559.25
810,3228,23228,120,33,2,consonant_string,high,vjnf,4,4,external,f,l,4.033333333333333,0.60982,l,0,989.46
810,1244,21244,121,33,2,word,high,stone,5,4,internal,n,r,3.1333333333333333,0.62334,n,1,492.02
810,2216,22216,123,33,2,pseudoword,high,hime,4,3,internal,m,n,4.666666666666667,0.6574,m,1,746.54
810,1125,21125,124,33,2,word,low,wage,4,3,internal,g,k,1.1666666666666667,0.37222,g,1,783.43
810,1139,21139,125,33,2,word,low,spat,4,4,external,t,n,1.1,0.6011,t,1,758.97
810,2135,22135,126,33,2,pseudoword,low,frab,4,4,external,b,w,1.1,0.5109,b,1,707.19
810,1214,21214,127,33,2,word,high,rope,4,3,internal,p,b,5.066666666666666,0.70362,p,1,673.07
810,3121,23121,128,33,2,consonant_string,low,fqcg,4,4,external,g,w,1.1666666666666667,0.52446,g,1,809.27
810,3244,23244,129,33,2,consonant_string,high,qjfnd,5,4,internal,n,r,3.1333333333333333,0.62334,n,1,699.49
810,3133,23133,130,33,2,consonant_string,low,vkdj,4,3,internal,d,z,1.2333333333333334,0.52841,d,1,1138.38
810,2214,22214,87,33,2,pseudoword,high,dape,4,3,internal,p,b,5.066666666666666,0.70362,p,1,738.5
810,2204,22204,88,33,2,pseudoword,high,swed,4,4,external,d,p,5.096774193548387,0.48985,p,0,672.04
810,1210,21210,90,33,2,word,high,weed,4,4,external,d,p,5.096774193548387,0.48985,d,1,770.24
810,2129,22129,91,33,2,pseudoword,low,vofe,4,3,internal,f,n,1.2,0.53217,f,1,617.46
810,1204,21204,92,33,2,word,high,skid,4,4,external,d,p,5.096774193548387,0.48985,d,1,679.66
810,2127,22127,93,33,2,pseudoword,low,reng,4,4,external,g,k,1.1666666666666667,0.37222,g,1,954.21
810,3248,23248,94,33,2,consonant_string,high,dhkw,4,3,internal,k,l,2.8,0.53572,l,0,590.1
810,2218,22218,95,33,2,pseudoword,high,vume,4,3,internal,m,n,4.666666666666667,0.6574,n,0,615.63
810,2141,22141,96,33,2,pseudoword,low,bule,4,3,internal,l,n,1.3666666666666667,0.46775,n,0,597.82
810,1218,21218,97,33,2,word,high,home,4,3,internal,m,n,4.666666666666667,0.6574,m,1,1068.71
810,3218,23218,98,33,2,consonant_string,high,zsmj,4,3,internal,m,n,4.666666666666667,0.6574,n,0,783.94
810,3135,23135,99,33,2,consonant_string,low,mkrb,4,4,external,b,w,1.1,0.5109,w,0,673.49
810,1105,21105,101,33,2,word,low,grape,5,4,internal,p,v,1.1333333333333333,0.49111,p,1,663.7
810,1101,21101,102,33,2,word,low,snow,4,2,internal,n,t,1.1,0.6011,n,1,700.9
810,2240,22240,103,33,2,pseudoword,high,hule,4,3,internal,l,r,3.2580645161290325,0.56415,l,1,788.79
810,3220,23220,104,33,2,consonant_string,high,pktv,4,3,internal,t,l,4.5,0.47576,l,0,952.34
810,3141,23141,105,33,2,consonant_string,low,pqlt,4,3,internal,l,n,1.3666666666666667,0.46775,l,1,798.24
810,3214,23214,106,33,2,consonant_string,high,klpj,4,3,internal,p,b,5.066666666666666,0.70362,p,1,696.12
810,3145,23145,107,33,2,consonant_string,low,hvwrt,5,4,internal,r,c,1.4,0.55867,r,1,626.99
810,2212,22212,108,33,2,pseudoword,high,glip,4,4,external,p,d,5.096774193548387,0.48985,p,1,496.5
810,3111,23111,109,33,2,consonant_string,low,srfd,4,4,external,d,k,1.3333333333333333,0.3996,d,1,611.38
810,1107,21107,110,33,2,word,low,read,4,4,external,d,r,1.3333333333333333,0.49182,d,1,582.58
810,1123,21123,14,33,2,word,low,flag,4,4,external,g,t,1.1333333333333333,0.44178,g,1,716.26
810,1216,21216,15,33,2,word,high,mime,4,3,internal,m,n,4.666666666666667,0.6574,m,1,1179.48
810,3123,23123,16,33,2,consonant_string,low,vlbg,4,4,external,g,t,1.1333333333333333,0.44178,t,0,857.06
810,2226,22226,17,33,2,pseudoword,high,yeng,4,4,external,g,d,4.1,0.62488,g,1,1043.96
810,2121,22121,18,33,2,pseudoword,low,quag,4,4,external,g,w,1.1666666666666667,0.52446,g,1,941.87
810,2119,22119,19,33,2,pseudoword,low,chom,4,4,external,m,t,1.0666666666666667,0.52674,t,0,854.76
810,2244,22244,20,33,2,pseudoword,high,slone,5,4,internal,n,r,3.1333333333333333,0.62334,n,1,984.66
810,3226,23226,21,33,2,consonant_string,high,lqvg,4,4,external,g,d,4.1,0.62488,g,1,1216.24
810,3240,23240,22,33,2,consonant_string,high,gtln,4,3,internal,l,r,3.2580645161290325,0.56415,l,1,804.48
810,2147,22147,24,33,2,pseudoword,low,jile,4,3,internal,l,s,1.1,0.4218,s,0,508.35
810,2123,22123,25,33,2,pseudoword,low,blug,4,4,external,g,t,1.1333333333333333,0.44178,t,0,461.2
810,1109,21109,26,33,2,word,low,seed,4,4,external,d,m,1.1333333333333333,0.58091,d,1,742.4
810,1240,21240,0,33,2,word,high,pole,4,3,internal,l,r,3.2580645161290325,0.56415,l,1,800.45
810,1143,21143,56,33,2,word,low,moor,4,4,external,r,d,1.3333333333333333,0.49182,r,1,839.33
810,2115,22115,67,33,2,pseudoword,low,gulm,4,4,external,m,t,1.0666666666666667,0.52674,m,1,1178.9
810,1137,21137,78,33,2,word,low,stew,4,4,external,w,p,1.1666666666666667,0.53452,w,1,629.47
810,3115,23115,89,33,2,consonant_string,low,sfdm,4,4,external,m,t,1.0666666666666667,0.52674,t,0,1379.03
810,3109,23109,100,33,2,consonant_string,low,csbd,4,4,external,d,m,1.1333333333333333,0.58091,d,1,630.61
810,1248,21248,111,33,2,word,high,sake,4,3,internal,k,l,2.8,0.53572,k,1,735.15
810,3236,23236,122,33,2,consonant_string,high,hfwb,4,4,external,b,g,3.533333333333333,0.46543,g,0,722.7
810,2113,22113,133,33,2,pseudoword,low,nalb,4,4,external,b,m,1.2333333333333334,0.5784,b,1,1210.92
810,2230,22230,1,33,2,pseudoword,high,zeaf,4,4,external,f,r,3.8,0.69632,r,0,816.16
810,1228,21228,12,33,2,word,high,reef,4,4,external,f,l,4.033333333333333,0.60982,l,0,903.39
810,2234,22234,23,33,2,pseudoword,high,brode,5,4,internal,d,c,3.566666666666667,0.66158,d,1,890.28
810,2111,22111,34,33,2,pseudoword,low,zoud,4,4,external,d,k,1.3333333333333333,0.3996,d,1,620.83
810,1131,21131,45,33,2,word,low,slide,5,4,internal,d,m,1.1333333333333333,0.58091,d,1,589.03
810,3208,23208,51,33,2,consonant_string,high,cvsd,4,4,external,d,p,5.096774193548387,0.48985,d,1,957.58
810,1230,21230,52,33,2,word,high,beef,4,4,external,f,r,3.8,0.69632,f,1,765.47
810,2137,22137,53,33,2,pseudoword,low,blaw,4,4,external,w,p,1.1666666666666667,0.53452,w,1,830.69
810,2228,22228,54,33,2,pseudoword,high,goif,4,4,external,f,l,4.033333333333333,0.60982,f,1,626.23
810,1226,21226,55,33,2,word,high,bang,4,4,external,g,d,4.1,0.62488,g,1,606.77
810,1103,21103,57,33,2,word,low,shape,5,4,internal,p,v,1.1333333333333333,0.49111,p,1,634.64
810,3238,23238,58,33,2,consonant_string,high,njtb,4,3,internal,t,r,3.3666666666666667,0.59892,r,0,876.18
810,1236,21236,59,33,2,word,high,stab,4,4,external,b,g,3.533333333333333,0.46543,b,1,535.74
810,3137,23137,5,33,2,consonant_string,low,gbcw,4,4,external,w,p,1.1666666666666667,0.53452,w,1,605.62
810,2117,22117,6,33,2,pseudoword,low,plim,4,4,external,m,b,1.2333333333333334,0.5784,b,0,580.48
810,1119,21119,7,33,2,word,low,warm,4,4,external,m,t,1.0666666666666667,0.52674,m,1,844.02
810,3139,23139,8,33,2,consonant_string,low,mvjt,4,4,external,t,n,1.1,0.6011,n,0,728.9
810,3224,23224,9,33,2,consonant_string,high,gpts,4,3,internal,t,l,4.5,0.47576,l,0,525.45
810,3204,23204,10,33,2,consonant_string,high,htwd,4,4,external,d,p,5.096774193548387,0.48985,d,1,481.97
810,2210,22210,11,33,2,pseudoword,high,fard,4,4,external,d,p,5.096774193548387,0.48985,p,0,721.5
810,2222,22222,13,33,2,pseudoword,high,sleg,4,4,external,g,p,4.5,0.55857,g,1,732.71
810,3105,23105,141,33,2,consonant_string,low,fcmpk,5,4,internal,p,v,1.1333333333333333,0.49111,v,0,865.02
810,3222,23222,142,33,2,consonant_string,high,wbjg,4,4,external,g,p,4.5,0.55857,g,1,746.24
810,3216,23216,143,33,2,consonant_string,high,fsmt,4,3,internal,m,n,4.666666666666667,0.6574,n,0,629.12
810,3113,23113,2,33,2,consonant_string,low,rtcb,4,4,external,b,m,1.2333333333333334,0.5784,b,1,524.65
810,3125,23125,131,33,2,consonant_string,low,fhgv,4,3,internal,g,k,1.1666666666666667,0.37222,g,1,853.95
810,3202,23202,132,33,2,consonant_string,high,knfc,4,2,internal,n,h,5.533333333333333,0.86536,h,0,812.84
810,2143,22143,134,33,2,pseudoword,low,plur,4,4,external,r,d,1.3333333333333333,0.49182,d,0,841.07
810,2220,22220,135,33,2,pseudoword,high,wote,4,3,internal,t,l,4.5,0.47576,t,1,1116.63
810,2109,22109,136,33,2,pseudoword,low,glod,4,4,external,d,m,1.1333333333333333,0.58091,d,1,929.88
810,3131,23131,137,33,2,consonant_string,low,gjwds,5,4,internal,d,m,1.1333333333333333,0.58091,d,1,772.44
810,1135,21135,138,33,2,word,low,drab,4,4,external,b,w,1.1,0.5109,b,1,1179.67
810,2125,22125,139,33,2,pseudoword,low,jege,4,3,internal,g,k,1.1666666666666667,0.37222,g,1,1122.25
810,3232,23232,140,33,2,consonant_string,high,vzldb,5,4,internal,d,c,3.566666666666667,0.66158,c,0,625.48
810,1202,21202,3,33,2,word,high,snip,4,2,internal,n,h,5.533333333333333,0.86536,h,0,914.86
810,1212,21212,4,33,2,word,high,grip,4,4,external,p,d,5.096774193548387,0.48985,p,1,629.08
811,1132,31132,12,33,3,word,low,spade,5,4,internal,d,r,1.3333333333333333,0.49182,r,0,2477.93
811,2112,32112,23,33,3,pseudoword,low,glip,4,4,external,p,t,1.3333333333333333,0.53002,p,1,1460.58
811,2223,32223,133,33,3,pseudoword,high,blug,4,4,external,g,p,4.5,0.55857,p,0,1195.03
811,3136,33136,1,33,3,consonant_string,low,hfwb,4,4,external,b,r,1.2666666666666666,0.51424,b,1,1355.94
811,1128,31128,51,33,3,word,low,reef,4,4,external,f,d,1.4333333333333333,0.51654,d,0,873.65
811,1134,31134,52,33,3,word,low,pride,5,4,internal,d,m,1.1333333333333333,0.58091,d,1,1169.88
811,1116,31116,53,33,3,word,low,mime,4,3,internal,m,l,1.0666666666666667,0.5113,m,1,779.1
811,2118,32118,54,33,3,pseudoword,low,vume,4,3,internal,m,l,1.0666666666666667,0.5113,m,1,2220.71
811,1237,31237,55,33,3,word,high,stew,4,4,external,w,m,3.4,0.62127,w,1,741.99
811,1219,31219,57,33,3,word,high,warm,4,4,external,m,n,4.666666666666667,0.6574,m,1,675.88
811,1144,31144,58,33,3,word,low,stone,5,4,internal,n,k,1.5333333333333334,0.52768,n,1,1832.45
811,1201,31201,59,33,3,word,high,snow,4,2,internal,n,h,5.533333333333333,0.86536,n,1,3014.13
811,3217,33217,60,33,3,consonant_string,high,htjm,4,4,external,m,n,4.666666666666667,0.6574,m,1,1937.51
811,3209,33209,61,33,3,consonant_string,high,csbd,4,4,external,d,p,5.096774193548387,0.48985,d,1,916.12
811,2233,32233,62,33,3,pseudoword,high,kide,4,3,internal,d,c,3.566666666666667,0.66158,d,1,684.34
811,2217,32217,34,33,3,pseudoword,high,plim,4,4,external,m,n,4.666666666666667,0.6574,m,1,1365.86
811,1142,31142,45,33,3,word,low,seal,4,4,external,l,m,1.0666666666666667,0.5113,l,1,727.1
811,2237,32237,0,33,3,pseudoword,high,blaw,4,4,external,w,m,3.4,0.62127,w,1,1326.94
811,1102,31102,56,33,3,word,low,snip,4,2,internal,n,l,1.3666666666666667,0.46775,l,0,1146.53
811,1122,31122,67,33,3,word,low,swag,4,4,external,g,n,1.7,0.55212,g,1,931.47
811,3110,33110,78,33,3,consonant_string,low,lsbd,4,4,external,d,k,1.3333333333333333,0.3996,k,0,729.0
811,1118,31118,89,33,3,word,low,home,4,3,internal,m,l,1.0666666666666667,0.5113,m,1,1108.53
811,2132,32132,100,33,3,pseudoword,low,ghade,5,4,internal,d,r,1.3333333333333333,0.49182,r,0,1847.8
811,3241,33241,111,33,3,consonant_string,high,pqlt,4,3,internal,l,r,3.2580645161290325,0.56415,r,0,2063.79
811,1221,31221,122,33,3,word,high,flog,4,4,external,g,p,4.5,0.55857,p,0,1496.1
811,3207,33207,88,33,3,consonant_string,high,qvsd,4,4,external,d,p,5.096774193548387,0.48985,d,1,814.93
811,3213,33213,90,33,3,consonant_string,high,rtcb,4,4,external,b,p,5.066666666666666,0.70362,b,1,821.15
811,3126,33126,91,33,3,consonant_string,low,lqvg,4,4,external,g,k,1.1666666666666667,0.37222,g,1,555.35
811,2213,32213,92,33,3,pseudoword,high,nalb,4,4,external,b,p,5.066666666666666,0.70362,p,0,901.22
811,2124,32124,93,33,3,pseudoword,low,jote,4,3,internal,t,d,1.3666666666666667,0.47786,d,0,1088.11
811,2209,32209,94,33,3,pseudoword,high,glod,4,4,external,d,p,5.096774193548387,0.48985,d,1,1282.7
811,2231,32231,95,33,3,pseudoword,high,spode,5,4,internal,d,c,3.566666666666667,0.66158,d,1,887.28
811,2122,32122,96,33,3,pseudoword,low,sleg,4,4,external,g,n,1.7,0.55212,g,1,535.82
811,2106,32106,97,33,3,pseudoword,low,strepe,6,5,internal,p,v,1.1333333333333333,0.49111,p,1,928.35
811,2104,32104,98,33,3,pseudoword,low,swed,4,4,external,d,m,1.1333333333333333,0.58091,m,0,1079.92
811,3140,33140,99,33,3,consonant_string,low,gtln,4,3,internal,l,s,1.1,0.4218,l,1,1135.5
811,3219,33219,101,33,3,consonant_string,high,gjkm,4,4,external,m,n,4.666666666666667,0.6574,n,0,1190.07
811,3128,33128,102,33,3,consonant_string,low,vjnf,4,4,external,f,d,1.4333333333333333,0.51654,d,0,889.65
811,2243,32243,103,33,3,pseudoword,high,plur,4,4,external,r,n,3.1333333333333333,0.62334,r,1,566.2
811,1229,31229,104,33,3,word,high,wife,4,3,internal,f,r,3.8,0.69632,f,1,696.39
811,2203,32203,105,33,3,pseudoword,high,frope,5,4,internal,p,d,5.096774193548387,0.48985,d,0,785.27
811,1241,31241,106,33,3,word,high,file,4,3,internal,l,r,3.2580645161290325,0.56415,l,1,472.81
811,3112,33112,63,33,3,consonant_string,low,qmwp,4,4,external,p,t,1.3333333333333333,0.53002,p,1,948.89
811,2138,32138,64,33,3,pseudoword,low,jite,4,3,internal,t,m,1.0666666666666667,0.52674,m,0,936.77
811,1138,31138,65,33,3,word,low,date,4,3,internal,t,m,1.0666666666666667,0.52674,t,1,677.32
811,2205,32205,66,33,3,pseudoword,high,brupe,5,4,internal,p,d,5.096774193548387,0.48985,p,1,627.86
811,2102,32102,68,33,3,pseudoword,low,snad,4,2,internal,n,l,1.3666666666666667,0.46775,l,0,998.41
811,1136,31136,69,33,3,word,low,stab,4,4,external,b,r,1.2666666666666666,0.51424,r,0,1491.32
811,3148,33148,70,33,3,consonant_string,low,dhkw,4,3,internal,k,g,1.1666666666666667,0.37222,g,0,1321.26
811,3205,33205,71,33,3,consonant_string,high,fcmpk,5,4,internal,p,d,5.096774193548387,0.48985,p,1,1445.53
811,1209,31209,72,33,3,word,high,seed,4,4,external,d,p,5.096774193548387,0.48985,d,1,1052.45
811,3243,33243,73,33,3,consonant_string,high,fbvr,4,4,external,r,n,3.1333333333333333,0.62334,n,0,1092.36
811,2146,32146,74,33,3,pseudoword,low,proal,5,5,external,l,m,1.0666666666666667,0.5113,l,1,964.26
811,3118,33118,75,33,3,consonant_string,low,zsmj,4,3,internal,m,l,1.0666666666666667,0.5113,m,1,970.49
811,2126,32126,76,33,3,pseudoword,low,yeng,4,4,external,g,k,1.1666666666666667,0.37222,g,1,861.71
811,1225,31225,77,33,3,word,high,wage,4,3,internal,g,d,4.1,0.62488,g,1,1891.97
811,1148,31148,79,33,3,word,low,sake,4,3,internal,k,g,1.1666666666666667,0.37222,k,1,1967.96
811,3223,33223,80,33,3,consonant_string,high,vlbg,4,4,external,g,p,4.5,0.55857,g,1,1394.26
811,3203,33203,81,33,3,consonant_string,high,qsgpn,5,4,internal,p,d,5.096774193548387,0.48985,p,1,833.17
811,2215,32215,82,33,3,pseudoword,high,gulm,4,4,external,m,n,4.666666666666667,0.6574,n,0,2518.79
811,2114,32114,83,33,3,pseudoword,low,dape,4,3,internal,p,s,1.2580645161290323,0.5767,s,0,1185.12
811,1124,31124,84,33,3,word,low,bite,4,3,internal,t,d,1.3666666666666667,0.47786,t,1,1422.71
811,2207,32207,85,33,3,pseudoword,high,nood,4,4,external,d,p,5.096774193548387,0.48985,d,1,878.96
811,1217,31217,86,33,3,word,high,scam,4,4,external,m,n,4.666666666666667,0.6574,m,1,691.51
811,3237,33237,87,33,3,consonant_string,high,gbcw,4,4,external,w,m,3.4,0.62127,w,1,731.39
811,1126,31126,132,33,3,word,low,bang,4,4,external,g,k,1.1666666666666667,0.37222,g,1,653.72
811,3215,33215,134,33,3,consonant_string,high,sfdm,4,4,external,m,n,4.666666666666667,0.6574,m,1,870.6
811,1110,31110,135,33,3,word,low,weed,4,4,external,d,k,1.3333333333333333,0.3996,d,1,704.81
811,1247,31247,136,33,3,word,high,bale,4,3,internal,l,k,2.8,0.53572,l,1,697.69
811,2247,32247,137,33,3,pseudoword,high,jile,4,3,internal,l,k,2.8,0.53572,l,1,1787.6
811,3231,33231,138,33,3,consonant_string,high,gjwds,5,4,internal,d,c,3.566666666666667,0.66158,d,1,1444.24
811,3138,33138,139,33,3,consonant_string,low,njtb,4,3,internal,t,m,1.0666666666666667,0.52674,m,0,874.16
811,2108,32108,140,33,3,pseudoword,low,vild,4,4,external,d,k,1.3333333333333333,0.3996,d,1,1145.4
811,3233,33233,141,33,3,consonant_string,high,vkdj,4,3,internal,d,c,3.566666666666667,0.66158,c,0,2124.35
811,1203,31203,142,33,3,word,high,shape,5,4,internal,p,d,5.096774193548387,0.48985,p,1,589.64
811,3146,33146,143,33,3,consonant_string,low,bfnsl,5,5,external,l,m,1.0666666666666667,0.5113,l,1,1756.2
811,1108,31108,2,33,3,word,low,hood,4,4,external,d,k,1.3333333333333333,0.3996,d,1,508.14
811,1140,31140,3,33,3,word,low,pole,4,3,internal,l,s,1.1,0.4218,l,1,2147.06
811,2225,32225,4,33,3,pseudoword,high,jege,4,3,internal,g,d,4.1,0.62488,g,1,788.01
811,3211,33211,5,33,3,consonant_string,high,srfd,4,4,external,d,p,5.096774193548387,0.48985,d,1,753.56
811,2110,32110,6,33,3,pseudoword,low,fard,4,4,external,d,k,1.3333333333333333,0.3996,k,0,1060.46
811,2219,32219,7,33,3,pseudoword,high,chom,4,4,external,m,n,4.666666666666667,0.6574,m,1,864.7
811,3142,33142,8,33,3,consonant_string,low,wktl,4,4,external,l,m,1.0666666666666667,0.5113,m,0,1301.93
811,2239,32239,9,33,3,pseudoword,high,glot,4,4,external,t,r,3.3666666666666667,0.59892,t,1,830.84
811,3120,33120,10,33,3,consonant_string,low,pktv,4,3,internal,t,m,1.0666666666666667,0.52674,t,1,2352.45
811,2201,32201,11,33,3,pseudoword,high,snum,4,2,internal,n,h,5.533333333333333,0.86536,h,0,1556.46
811,3201,33201,13,33,3,consonant_string,high,znsq,4,2,internal,n,h,5.533333333333333,0.86536,h,0,1146.4
811,3124,33124,14,33,3,consonant_string,low,gpts,4,3,internal,t,d,1.3666666666666667,0.47786,t,1,536.3
811,1239,31239,15,33,3,word,high,spat,4,4,external,t,r,3.3666666666666667,0.59892,t,1,1342.85
811,1243,31243,16,33,3,word,high,moor,4,4,external,r,n,3.1333333333333333,0.62334,n,0,920.77
811,1207,31207,17,33,3,word,high,read,4,4,external,d,p,5.096774193548387,0.48985,d,1,788.0
811,3106,33106,18,33,3,consonant_string,low,jbfzpq,6,5,internal,p,v,1.1333333333333333,0.49111,v,0,1034.55
811,1231,31231,19,33,3,word,high,slide,5,4,internal,d,c,3.566666666666667,0.66158,d,1,962.13
811,2144,32144,20,33,3,pseudoword,low,slone,5,4,internal,n,k,1.5333333333333334,0.52768,n,1,697.35
811,2229,32229,21,33,3,pseudoword,high,vofe,4,3,internal,f,r,3.8,0.69632,r,0,995.24
811,2227,32227,22,33,3,pseudoword,high,reng,4,4,external,g,d,4.1,0.62488,g,1,811.14
811,3225,33225,24,33,3,consonant_string,high,fhgv,4,3,internal,g,d,4.1,0.62488,g,1,613.34
811,3114,33114,25,33,3,consonant_string,low,klpj,4,3,internal,p,s,1.2580645161290323,0.5767,p,1,959.56
811,3235,33235,26,33,3,consonant_string,high,mkrb,4,4,external,b,g,3.533333333333333,0.46543,g,0,752.79
811,1215,31215,27,33,3,word,high,beam,4,4,external,m,n,4.666666666666667,0.6574,m,1,876.68
811,3247,33247,28,33,3,consonant_string,high,gnlt,4,3,internal,l,k,2.8,0.53572,l,1,762.23
811,3239,33239,29,33,3,consonant_string,high,mvjt,4,4,external,t,r,3.3666666666666667,0.59892,r,0,1800.48
811,1205,31205,30,33,3,word,high,grape,5,4,internal,p,d,5.096774193548387,0.48985,p,1,609.42
811,2211,32211,31,33,3,pseudoword,high,zoud,4,4,external,d,p,5.096774193548387,0.48985,d,1,1878.67
811,1235,31235,32,33,3,word,high,drab,4,4,external,b,g,3.533333333333333,0.46543,b,1,833.28
811,2221,32221,33,33,3,pseudoword,high,quag,4,4,external,g,p,4.5,0.55857,g,1,615.83
811,2128,32128,35,33,3,pseudoword,low,goif,4,4,external,f,d,1.4333333333333333,0.51654,f,1,1311.06
811,2136,32136,36,33,3,pseudoword,low,plob,4,4,external,b,r,1.2666666666666666,0.51424,b,1,863.31
811,3221,33221,37,33,3,consonant_string,high,fqcg,4,4,external,g,p,4.5,0.55857,g,1,494.51
811,2235,32235,38,33,3,pseudoword,high,frab,4,4,external,b,g,3.533333333333333,0.46543,g,0,535.38
811,2245,32245,39,33,3,pseudoword,high,swork,5,4,internal,r,n,3.1333333333333333,0.62334,n,0,1305.93
811,1104,31104,40,33,3,word,low,skid,4,4,external,d,m,1.1333333333333333,0.58091,d,1,563.83
811,3227,33227,41,33,3,consonant_string,high,bvcg,4,4,external,g,d,4.1,0.62488,d,0,360.03
811,2120,32120,42,33,3,pseudoword,low,wote,4,3,internal,t,m,1.0666666666666667,0.52674,m,0,1006.23
811,3108,33108,43,33,3,consonant_string,low,cvsd,4,4,external,d,k,1.3333333333333333,0.3996,d,1,601.12
811,1227,31227,44,33,3,word,high,wing,4,4,external,g,d,4.1,0.62488,g,1,544.98
811,1223,31223,46,33,3,word,high,flag,4,4,external,g,p,4.5,0.55857,g,1,661.85
811,3130,33130,47,33,3,consonant_string,low,czhf,4,4,external,f,p,1.6333333333333333,0.41008,p,0,1368.08
811,3245,33245,48,33,3,consonant_string,high,hvwrt,5,4,internal,r,n,3.1333333333333333,0.62334,r,1,1063.35
811,1120,31120,49,33,3,word,low,gate,4,3,internal,t,m,1.0666666666666667,0.52674,m,0,1133.59
811,2130,32130,50,33,3,pseudoword,low,zeaf,4,4,external,f,p,1.6333333333333333,0.41008,p,0,1549.19
811,1130,31130,119,33,3,word,low,beef,4,4,external,f,p,1.6333333333333333,0.41008,f,1,1510.21
811,1146,31146,120,33,3,word,low,steal,5,5,external,l,m,1.0666666666666667,0.5113,m,0,627.46
811,1245,31245,107,33,3,word,high,spire,5,4,internal,r,n,3.1333333333333333,0.62334,r,1,1801.04
811,2134,32134,108,33,3,pseudoword,low,brode,5,4,internal,d,m,1.1333333333333333,0.58091,d,1,1156.98
811,3102,33102,109,33,3,consonant_string,low,knfc,4,2,internal,n,l,1.3666666666666667,0.46775,l,0,689.88
811,3132,33132,110,33,3,consonant_string,low,vzldb,5,4,internal,d,r,1.3333333333333333,0.49182,r,0,1561.45
811,2140,32140,112,33,3,pseudoword,low,hule,4,3,internal,l,s,1.1,0.4218,l,1,535.7
811,3104,33104,113,33,3,consonant_string,low,htwd,4,4,external,d,m,1.1333333333333333,0.58091,d,1,1396.26
811,3116,33116,114,33,3,consonant_string,low,fsmt,4,3,internal,m,l,1.0666666666666667,0.5113,m,1,1075.18
811,1211,31211,115,33,3,word,high,lead,4,4,external,d,p,5.096774193548387,0.48985,d,1,835.47
811,1106,31106,116,33,3,word,low,stripe,6,5,internal,p,v,1.1333333333333333,0.49111,p,1,998.02
811,3144,33144,117,33,3,consonant_string,low,qjfnd,5,4,internal,n,k,1.5333333333333334,0.52768,k,0,1201.93
811,1213,31213,118,33,3,word,high,slab,4,4,external,b,p,5.066666666666666,0.70362,p,0,2211.89
811,1114,31114,124,33,3,word,low,rope,4,3,internal,p,s,1.2580645161290323,0.5767,p,1,820.2
811,1112,31112,125,33,3,word,low,grip,4,4,external,p,t,1.3333333333333333,0.53002,p,1,634.41
811,3229,33229,121,33,3,consonant_string,high,dtfh,4,3,internal,f,r,3.8,0.69632,f,1,1466.03
811,2241,32241,123,33,3,pseudoword,high,bule,4,3,internal,l,r,3.2580645161290325,0.56415,l,1,1142.3
811,2116,32116,128,33,3,pseudoword,low,hime,4,3,internal,m,l,1.0666666666666667,0.5113,m,1,687.04
811,2142,32142,129,33,3,pseudoword,low,drol,4,4,external,l,m,1.0666666666666667,0.5113,m,0,1077.59
811,1233,31233,126,33,3,word,high,fade,4,3,internal,d,c,3.566666666666667,0.66158,d,1,869.95
811,2148,32148,127,33,3,pseudoword,low,zoke,4,3,internal,k,g,1.1666666666666667,0.37222,k,1,694.17
811,3134,33134,130,33,3,consonant_string,low,pfldr,5,4,internal,d,m,1.1333333333333333,0.58091,d,1,511.15
811,3122,33122,131,33,3,consonant_string,low,wbjg,4,4,external,g,n,1.7,0.55212,g,1,2510.41
812,3236,43236,0,33,4,consonant_string,high,hfwb,4,4,external,b,g,3.533333333333333,0.46543,g,0,2876.0
812,2236,42236,56,33,4,pseudoword,high,plob,4,4,external,b,g,3.533333333333333,0.46543,b,1,1232.66
812,2145,42145,63,33,4,pseudoword,low,swork,5,4,internal,r,c,1.4,0.55867,r,1,1188.82
812,2244,42244,64,33,4,pseudoword,high,slone,5,4,internal,n,r,3.1333333333333333,0.62334,r,0,832.39
812,3246,43246,65,33,4,consonant_string,high,bfnsl,5,5,external,l,k,2.8,0.53572,k,0,1032.95
812,2123,42123,66,33,4,pseudoword,low,blug,4,4,external,g,t,1.1333333333333333,0.44178,g,1,976.52
812,2121,42121,68,33,4,pseudoword,low,quag,4,4,external,g,w,1.1666666666666667,0.52446,g,1,1030.09
812,3145,43145,69,33,4,consonant_string,low,hvwrt,5,4,internal,r,c,1.4,0.55867,r,1,1275.67
812,3127,43127,70,33,4,consonant_string,low,bvcg,4,4,external,g,k,1.1666666666666667,0.37222,k,0,1523.27
812,1220,41220,71,33,4,word,high,gate,4,3,internal,t,l,4.5,0.47576,t,1,1241.55
812,1111,41111,72,33,4,word,low,lead,4,4,external,d,k,1.3333333333333333,0.3996,d,1,1042.47
812,2224,42224,73,33,4,pseudoword,high,jote,4,3,internal,t,l,4.5,0.47576,l,0,1682.41
812,1234,41234,74,33,4,word,high,pride,5,4,internal,d,c,3.566666666666667,0.66158,d,1,958.0
812,1121,41121,75,33,4,word,low,flog,4,4,external,g,w,1.1666666666666667,0.52446,g,1,712.22
812,2246,42246,76,33,4,pseudoword,high,proal,5,5,external,l,k,2.8,0.53572,k,0,962.1
812,3208,43208,77,33,4,consonant_string,high,cvsd,4,4,external,d,p,5.096774193548387,0.48985,p,0,1371.36
812,1238,41238,79,33,4,word,high,date,4,3,internal,t,r,3.3666666666666667,0.59892,t,1,973.6
812,1242,41242,80,33,4,word,high,seal,4,4,external,l,r,3.2580645161290325,0.56415,l,1,1394.85
812,1208,41208,81,33,4,word,high,hood,4,4,external,d,p,5.096774193548387,0.48985,d,1,1691.81
812,2129,42129,67,33,4,pseudoword,low,vofe,4,3,internal,f,n,1.2,0.53217,f,1,1745.27
812,1139,41139,78,33,4,word,low,spat,4,4,external,t,n,1.1,0.6011,t,1,1278.23
812,1248,41248,89,33,4,word,high,sake,4,3,internal,k,l,2.8,0.53572,k,1,996.81
812,3206,43206,100,33,4,consonant_string,high,jbfzpq,6,5,internal,p,d,5.096774193548387,0.48985,p,1,971.71
812,1236,41236,111,33,4,word,high,stab,4,4,external,b,g,3.533333333333333,0.46543,b,1,1259.95
812,2230,42230,122,33,4,pseudoword,high,zeaf,4,4,external,f,r,3.8,0.69632,r,0,828.18
812,3226,43226,133,33,4,consonant_string,high,lqvg,4,4,external,g,d,4.1,0.62488,g,1,1507.77
812,2119,42119,1,33,4,pseudoword,low,chom,4,4,external,m,t,1.0666666666666667,0.52674,m,1,1435.05
812,2204,42204,12,33,4,pseudoword,high,swed,4,4,external,d,p,5.096774193548387,0.48985,p,0,1229.65
812,3202,43202,23,33,4,consonant_string,high,knfc,4,2,internal,n,h,5.533333333333333,0.86536,n,1,1760.26
812,2206,42206,34,33,4,pseudoword,high,strepe,6,5,internal,p,d,5.096774193548387,0.48985,p,1,1184.55
812,2133,42133,45,33,4,pseudoword,low,kide,4,3,internal,d,z,1.2333333333333334,0.52841,d,1,1165.12
812,3240,43240,51,33,4,consonant_string,high,gtln,4,3,internal,l,r,3.2580645161290325,0.56415,l,1,1789.4
812,3115,43115,52,33,4,consonant_string,low,sfdm,4,4,external,m,t,1.0666666666666667,0.52674,t,0,1271.01
812,2117,42117,53,33,4,pseudoword,low,plim,4,4,external,m,b,1.2333333333333334,0.5784,m,1,1140.26
812,3204,43204,54,33,4,consonant_string,high,htwd,4,4,external,d,p,5.096774193548387,0.48985,p,0,1071.84
812,3125,43125,55,33,4,consonant_string,low,fhgv,4,3,internal,g,k,1.1666666666666667,0.37222,g,1,1222.09
812,2202,42202,57,33,4,pseudoword,high,snad,4,2,internal,n,h,5.533333333333333,0.86536,h,0,1059.33
812,1103,41103,58,33,4,word,low,shape,5,4,internal,p,v,1.1333333333333333,0.49111,p,1,848.57
812,3212,43212,59,33,4,consonant_string,high,qmwp,4,4,external,p,d,5.096774193548387,0.48985,d,0,1396.48
812,3143,43143,60,33,4,consonant_string,low,fbvr,4,4,external,r,d,1.3333333333333333,0.49182,r,1,1450.42
812,1107,41107,61,33,4,word,low,read,4,4,external,d,r,1.3333333333333333,0.49182,d,1,821.34
812,1214,41214,62,33,4,word,high,rope,4,3,internal,p,b,5.066666666666666,0.70362,p,1,1223.57
812,1222,41222,106,33,4,word,high,swag,4,4,external,g,p,4.5,0.55857,g,1,895.9
812,3119,43119,107,33,4,consonant_string,low,gjkm,4,4,external,m,t,1.0666666666666667,0.52674,t,0,1171.82
812,3131,43131,108,33,4,consonant_string,low,gjwds,5,4,internal,d,m,1.1333333333333333,0.58091,d,1,1420.08
812,2218,42218,109,33,4,pseudoword,high,vume,4,3,internal,m,n,4.666666666666667,0.6574,m,1,1183.34
812,2214,42214,110,33,4,pseudoword,high,dape,4,3,internal,p,b,5.066666666666666,0.70362,p,1,1250.93
812,1232,41232,112,33,4,word,high,spade,5,4,internal,d,c,3.566666666666667,0.66158,d,1,951.84
812,2232,42232,113,33,4,pseudoword,high,ghade,5,4,internal,d,c,3.566666666666667,0.66158,d,1,1100.75
812,2220,42220,114,33,4,pseudoword,high,wote,4,3,internal,t,l,4.5,0.47576,t,1,942.65
812,2103,42103,115,33,4,pseudoword,low,frope,5,4,internal,p,v,1.1333333333333333,0.49111,p,1,1132.43
812,1244,41244,116,33,4,word,high,stone,5,4,internal,n,r,3.1333333333333333,0.62334,n,1,827.01
812,1131,41131,117,33,4,word,low,slide,5,4,internal,d,m,1.1333333333333333,0.58091,d,1,641.56
812,1129,41129,118,33,4,word,low,wife,4,3,internal,f,n,1.2,0.53217,f,1,712.42
812,1210,41210,119,33,4,word,high,weed,4,4,external,d,p,5.096774193548387,0.48985,d,1,711.64
812,1226,41226,120,33,4,word,high,bang,4,4,external,g,d,4.1,0.62488,g,1,718.86
812,1145,41145,121,33,4,word,low,spire,5,4,internal,r,c,1.4,0.55867,r,1,639.06
812,1246,41246,123,33,4,word,high,steal,5,5,external,l,k,2.8,0.53572,k,0,824.6
812,3107,43107,124,33,4,consonant_string,low,qvsd,4,4,external,d,r,1.3333333333333333,0.49182,d,1,1258.85
812,3129,43129,125,33,4,consonant_string,low,dtfh,4,3,internal,f,n,1.2,0.53217,f,1,1118.1
812,2228,42228,126,33,4,pseudoword,high,goif,4,4,external,f,l,4.033333333333333,0.60982,l,0,1205.36
812,3244,43244,127,33,4,consonant_string,high,qjfnd,5,4,internal,n,r,3.1333333333333333,0.62334,r,0,1208.29
812,3123,43123,128,33,4,consonant_string,low,vlbg,4,4,external,g,t,1.1333333333333333,0.44178,g,1,766.18
812,2238,42238,129,33,4,pseudoword,high,jite,4,3,internal,t,r,3.3666666666666667,0.59892,t,1,1259.42
812,3111,43111,130,33,4,consonant_string,low,srfd,4,4,external,d,k,1.3333333333333333,0.3996,d,1,831.66
812,3147,43147,131,33,4,consonant_string,low,gnlt,4,3,internal,l,s,1.1,0.4218,l,1,959.23
812,1127,41127,132,33,4,word,low,wing,4,4,external,g,k,1.1666666666666667,0.37222,g,1,820.45
812,1105,41105,134,33,4,word,low,grape,5,4,internal,p,v,1.1333333333333333,0.49111,p,1,1162.69
812,1230,41230,135,33,4,word,high,beef,4,4,external,f,r,3.8,0.69632,f,1,755.92
812,3117,43117,136,33,4,consonant_string,low,htjm,4,4,external,m,b,1.2333333333333334,0.5784,m,1,1531.85
812,3234,43234,137,33,4,consonant_string,high,pfldr,5,4,internal,d,c,3.566666666666667,0.66158,d,1,1337.47
812,3238,43238,138,33,4,consonant_string,high,njtb,4,3,internal,t,r,3.3666666666666667,0.59892,t,1,932.04
812,1135,41135,139,33,4,word,low,drab,4,4,external,b,w,1.1,0.5109,b,1,803.6
812,2248,42248,140,33,4,pseudoword,high,zoke,4,3,internal,k,l,2.8,0.53572,k,1,1155.5
812,1143,41143,141,33,4,word,low,moor,4,4,external,r,d,1.3333333333333333,0.49182,d,0,1535.44
812,1109,41109,142,33,4,word,low,seed,4,4,external,d,m,1.1333333333333333,0.58091,d,1,675.03
812,2115,42115,143,33,4,pseudoword,low,gulm,4,4,external,m,t,1.0666666666666667,0.52674,t,0,1230.26
812,1212,41212,2,33,4,word,high,grip,4,4,external,p,d,5.096774193548387,0.48985,p,1,1211.85
812,2143,42143,3,33,4,pseudoword,low,plur,4,4,external,r,d,1.3333333333333333,0.49182,r,1,757.09
812,2111,42111,4,33,4,pseudoword,low,zoud,4,4,external,d,k,1.3333333333333333,0.3996,d,1,1029.99
812,2216,42216,5,33,4,pseudoword,high,hime,4,3,internal,m,n,4.666666666666667,0.6574,m,1,1422.58
812,1240,41240,6,33,4,word,high,pole,4,3,internal,l,r,3.2580645161290325,0.56415,l,1,1109.83
812,2210,42210,7,33,4,pseudoword,high,fard,4,4,external,d,p,5.096774193548387,0.48985,d,1,1273.1
812,1125,41125,8,33,4,word,low,wage,4,3,internal,g,k,1.1666666666666667,0.37222,g,1,1022.35
812,3216,43216,9,33,4,consonant_string,high,fsmt,4,3,internal,m,n,4.666666666666667,0.6574,n,0,1803.63
812,3121,43121,10,33,4,consonant_string,low,fqcg,4,4,external,g,w,1.1666666666666667,0.52446,g,1,861.56
812,1218,41218,11,33,4,word,high,home,4,3,internal,m,n,4.666666666666667,0.6574,m,1,1071.8
812,1147,41147,13,33,4,word,low,bale,4,3,internal,l,s,1.1,0.4218,l,1,1161.05
812,3103,43103,14,33,4,consonant_string,low,qsgpn,5,4,internal,p,v,1.1333333333333333,0.49111,p,1,898.29
812,3137,43137,15,33,4,consonant_string,low,gbcw,4,4,external,w,p,1.1666666666666667,0.53452,p,0,976.19
812,1202,41202,16,33,4,word,high,snip,4,2,internal,n,h,5.533333333333333,0.86536,n,1,1373.78
812,1137,41137,17,33,4,word,low,stew,4,4,external,w,p,1.1666666666666667,0.53452,w,1,874.03
812,2125,42125,18,33,4,pseudoword,low,jege,4,3,internal,g,k,1.1666666666666667,0.37222,g,1,747.25
812,3218,43218,19,33,4,consonant_string,high,zsmj,4,3,internal,m,n,4.666666666666667,0.6574,n,0,753.13
812,2135,42135,20,33,4,pseudoword,low,frab,4,4,external,b,w,1.1,0.5109,b,1,690.01
812,2242,42242,21,33,4,pseudoword,high,drol,4,4,external,l,r,3.2580645161290325,0.56415,l,1,1116.57
812,1117,41117,22,33,4,word,low,scam,4,4,external,m,b,1.2333333333333334,0.5784,m,1,713.8
812,2208,42208,24,33,4,pseudoword,high,vild,4,4,external,d,p,5.096774193548387,0.48985,d,1,1133.03
812,1216,41216,25,33,4,word,high,mime,4,3,internal,m,n,4.666666666666667,0.6574,m,1,730.6
812,2226,42226,26,33,4,pseudoword,high,yeng,4,4,external,g,d,4.1,0.62488,g,1,702.15
812,2234,42234,27,33,4,pseudoword,high,brode,5,4,internal,d,c,3.566666666666667,0.66158,d,1,751.02
812,1113,41113,28,33,4,word,low,slab,4,4,external,b,m,1.2333333333333334,0.5784,b,1,654.89
812,3139,43139,29,33,4,consonant_string,low,mvjt,4,4,external,t,n,1.1,0.6011,n,0,1076.79
812,3113,43113,30,33,4,consonant_string,low,rtcb,4,4,external,b,m,1.2333333333333334,0.5784,m,0,1119.37
812,2141,42141,31,33,4,pseudoword,low,bule,4,3,internal,l,n,1.3666666666666667,0.46775,l,1,1297.63
812,3228,43228,32,33,4,consonant_string,high,vjnf,4,4,external,f,l,4.033333333333333,0.60982,f,1,1280.56
812,2212,42212,33,33,4,pseudoword,high,glip,4,4,external,p,d,5.096774193548387,0.48985,p,1,624.13
812,2107,42107,35,33,4,pseudoword,low,nood,4,4,external,d,r,1.3333333333333333,0.49182,d,1,641.33
812,3248,43248,36,33,4,consonant_string,high,dhkw,4,3,internal,k,l,2.8,0.53572,l,0,910.21
812,2139,42139,37,33,4,pseudoword,low,glot,4,4,external,t,n,1.1,0.6011,t,1,1151.45
812,2127,42127,38,33,4,pseudoword,low,reng,4,4,external,g,k,1.1666666666666667,0.37222,g,1,805.36
812,2137,42137,39,33,4,pseudoword,low,blaw,4,4,external,w,p,1.1666666666666667,0.53452,w,1,709.25
812,3135,43135,40,33,4,consonant_string,low,mkrb,4,4,external,b,w,1.1,0.5109,b,1,691.45
812,2240,42240,41,33,4,pseudoword,high,hule,4,3,internal,l,r,3.2580645161290325,0.56415,r,0,1210.36
812,2109,42109,42,33,4,pseudoword,low,glod,4,4,external,d,m,1.1333333333333333,0.58091,d,1,797.59
812,2147,42147,43,33,4,pseudoword,low,jile,4,3,internal,l,s,1.1,0.4218,l,1,1003.48
812,3232,43232,44,33,4,consonant_string,high,vzldb,5,4,internal,d,c,3.566666666666667,0.66158,c,0,779.38
812,1119,41119,46,33,4,word,low,warm,4,4,external,m,t,1.0666666666666667,0.52674,t,0,1150.95
812,2222,42222,47,33,4,pseudoword,high,sleg,4,4,external,g,p,4.5,0.55857,g,1,687.85
812,1141,41141,48,33,4,word,low,file,4,3,internal,l,n,1.3666666666666667,0.46775,l,1,1222.42
812,2101,42101,49,33,4,pseudoword,low,snum,4,2,internal,n,t,1.1,0.6011,t,0,1066.67
812,1204,41204,50,33,4,word,high,skid,4,4,external,d,p,5.096774193548387,0.48985,d,1,879.91
812,1133,41133,105,33,4,word,low,fade,4,3,internal,d,z,1.2333333333333334,0.52841,d,1,1063.67
812,3220,43220,91,33,4,consonant_string,high,pktv,4,3,internal,t,l,4.5,0.47576,l,0,1801.0
812,2113,42113,92,33,4,pseudoword,low,nalb,4,4,external,b,m,1.2333333333333334,0.5784,b,1,1597.97
812,1115,41115,93,33,4,word,low,beam,4,4,external,m,t,1.0666666666666667,0.52674,m,1,1492.93
812,1228,41228,94,33,4,word,high,reef,4,4,external,f,l,4.033333333333333,0.60982,f,1,1079.86
812,3222,43222,95,33,4,consonant_string,high,wbjg,4,4,external,g,p,4.5,0.55857,g,1,1421.45
812,3230,43230,82,33,4,consonant_string,high,czhf,4,4,external,f,r,3.8,0.69632,f,1,1892.78
812,1206,41206,83,33,4,word,high,stripe,6,5,internal,p,d,5.096774193548387,0.48985,p,1,1048.73
812,3214,43214,84,33,4,consonant_string,high,klpj,4,3,internal,p,b,5.066666666666666,0.70362,p,1,1440.67
812,2131,42131,85,33,4,pseudoword,low,spode,5,4,internal,d,m,1.1333333333333333,0.58091,d,1,1495.27
812,3133,43133,86,33,4,consonant_string,low,vkdj,4,3,internal,d,z,1.2333333333333334,0.52841,d,1,1281.22
812,1224,41224,87,33,4,word,high,bite,4,3,internal,t,l,4.5,0.47576,t,1,1050.8
812,3105,43105,88,33,4,consonant_string,low,fcmpk,5,4,internal,p,v,1.1333333333333333,0.49111,p,1,2016.75
812,1123,41123,90,33,4,word,low,flag,4,4,external,g,t,1.1333333333333333,0.44178,g,1,1198.05
812,3101,43101,99,33,4,consonant_string,low,znsq,4,2,internal,n,t,1.1,0.6011,t,0,1743.61
812,3109,43109,96,33,4,consonant_string,low,csbd,4,4,external,d,m,1.1333333333333333,0.58091,d,1,1708.73
812,3210,43210,97,33,4,consonant_string,high,lsbd,4,4,external,d,p,5.096774193548387,0.48985,p,0,1338.02
812,3224,43224,98,33,4,consonant_string,high,gpts,4,3,internal,t,l,4.5,0.47576,l,0,1702.65
812,2105,42105,104,33,4,pseudoword,low,brupe,5,4,internal,p,v,1.1333333333333333,0.49111,p,1,1586.07
812,3141,43141,101,33,4,consonant_string,low,pqlt,4,3,internal,l,n,1.3666666666666667,0.46775,n,0,1063.55
812,3242,43242,102,33,4,consonant_string,high,wktl,4,4,external,l,r,3.2580645161290325,0.56415,r,0,1540.82
812,1101,41101,103,33,4,word,low,snow,4,2,internal,n,t,1.1,0.6011,t,0,1482.44
813,1110,11110,28,33,1,word,low,weed,4,4,external,d,k,1.3333333333333333,0.3996,d,1,590.96
813,2138,12138,29,33,1,pseudoword,low,jite,4,3,internal,t,m,1.0666666666666667,0.52674,t,1,793.49
813,1130,11130,30,33,1,word,low,beef,4,4,external,f,p,1.6333333333333333,0.41008,f,1,1044.38
813,3215,13215,31,33,1,consonant_string,high,sfdm,4,4,external,m,n,4.666666666666667,0.6574,m,1,632.28
813,3146,13146,32,33,1,consonant_string,low,bfnsl,5,5,external,l,m,1.0666666666666667,0.5113,m,0,2556.89
813,2110,12110,42,33,1,pseudoword,low,fard,4,4,external,d,k,1.3333333333333333,0.3996,d,1,851.2
813,1231,11231,43,33,1,word,high,slide,5,4,internal,d,c,3.566666666666667,0.66158,d,1,1595.11
813,3118,13118,44,33,1,consonant_string,low,zsmj,4,3,internal,m,l,1.0666666666666667,0.5113,m,1,1386.07
813,2146,12146,46,33,1,pseudoword,low,proal,5,5,external,l,m,1.0666666666666667,0.5113,m,0,1979.69
813,2120,12120,47,33,1,pseudoword,low,wote,4,3,internal,t,m,1.0666666666666667,0.52674,t,1,1472.34
813,2142,12142,33,33,1,pseudoword,low,drol,4,4,external,l,m,1.0666666666666667,0.5113,l,1,787.88
813,1132,11132,35,33,1,word,low,spade,5,4,internal,d,r,1.3333333333333333,0.49182,d,1,1824.46
813,3132,13132,36,33,1,consonant_string,low,vzldb,5,4,internal,d,r,1.3333333333333333,0.49182,r,0,1422.76
813,2126,12126,37,33,1,pseudoword,low,yeng,4,4,external,g,k,1.1666666666666667,0.37222,g,1,558.01
813,1138,11138,38,33,1,word,low,date,4,3,internal,t,m,1.0666666666666667,0.52674,t,1,722.21
813,2237,12237,39,33,1,pseudoword,high,blaw,4,4,external,w,m,3.4,0.62127,w,1,807.42
813,1223,11223,40,33,1,word,high,flag,4,4,external,g,p,4.5,0.55857,g,1,720.3
813,3205,13205,41,33,1,consonant_string,high,fcmpk,5,4,internal,p,d,5.096774193548387,0.48985,d,0,2076.57
813,2229,12229,27,33,1,pseudoword,high,vofe,4,3,internal,f,r,3.8,0.69632,f,1,1953.01
813,1201,11201,82,33,1,word,high,snow,4,2,internal,n,h,5.533333333333333,0.86536,n,1,1115.75
813,3209,13209,83,33,1,consonant_string,high,csbd,4,4,external,d,p,5.096774193548387,0.48985,d,1,1284.01
813,1108,11108,84,33,1,word,low,hood,4,4,external,d,k,1.3333333333333333,0.3996,d,1,815.58
813,3213,13213,85,33,1,consonant_string,high,rtcb,4,4,external,b,p,5.066666666666666,0.70362,b,1,1003.81
813,2233,12233,86,33,1,pseudoword,high,kide,4,3,internal,d,c,3.566666666666667,0.66158,c,0,2418.77
813,3231,13231,87,33,1,consonant_string,high,gjwds,5,4,internal,d,c,3.566666666666667,0.66158,d,1,977.09
813,1241,11241,88,33,1,word,high,file,4,3,internal,l,r,3.2580645161290325,0.56415,l,1,1675.68
813,3108,13108,90,33,1,consonant_string,low,cvsd,4,4,external,d,k,1.3333333333333333,0.3996,d,1,1023.28
813,1229,11229,91,33,1,word,high,wife,4,3,internal,f,r,3.8,0.69632,r,0,1617.55
813,2221,12221,92,33,1,pseudoword,high,quag,4,4,external,g,p,4.5,0.55857,g,1,829.82
813,3104,13104,93,33,1,consonant_string,low,htwd,4,4,external,d,m,1.1333333333333333,0.58091,d,1,690.37
813,1213,11213,94,33,1,word,high,slab,4,4,external,b,p,5.066666666666666,0.70362,p,0,2280.97
813,3144,13144,95,33,1,consonant_string,low,qjfnd,5,4,internal,n,k,1.5333333333333334,0.52768,n,1,1554.64
813,1235,11235,96,33,1,word,high,drab,4,4,external,b,g,3.533333333333333,0.46543,g,0,2183.62
813,2213,12213,97,33,1,pseudoword,high,nalb,4,4,external,b,p,5.066666666666666,0.70362,b,1,950.26
813,3207,13207,98,33,1,consonant_string,high,qvsd,4,4,external,d,p,5.096774193548387,0.48985,d,1,1276.17
813,2219,12219,99,33,1,pseudoword,high,chom,4,4,external,m,n,4.666666666666667,0.6574,n,0,852.76
813,2106,12106,101,33,1,pseudoword,low,strepe,6,5,internal,p,v,1.1333333333333333,0.49111,p,1,1069.65
813,3112,13112,102,33,1,consonant_string,low,qmwp,4,4,external,p,t,1.3333333333333333,0.53002,t,0,1075.89
813,3233,13233,103,33,1,consonant_string,high,vkdj,4,3,internal,d,c,3.566666666666667,0.66158,c,0,1366.49
813,2207,12207,104,33,1,pseudoword,high,nood,4,4,external,d,p,5.096774193548387,0.48985,d,1,945.74
813,3138,13138,105,33,1,consonant_string,low,njtb,4,3,internal,t,m,1.0666666666666667,0.52674,t,1,2088.68
813,3247,13247,106,33,1,consonant_string,high,gnlt,4,3,internal,l,k,2.8,0.53572,l,1,1967.35
813,3243,13243,107,33,1,consonant_string,high,fbvr,4,4,external,r,n,3.1333333333333333,0.62334,n,0,1629.67
813,1140,11140,108,33,1,word,low,pole,4,3,internal,l,s,1.1,0.4218,l,1,1664.28
813,2241,12241,109,33,1,pseudoword,high,bule,4,3,internal,l,r,3.2580645161290325,0.56415,l,1,2027.61
813,2215,12215,110,33,1,pseudoword,high,gulm,4,4,external,m,n,4.666666666666667,0.6574,n,0,1235.26
813,3120,13120,112,33,1,consonant_string,low,pktv,4,3,internal,t,m,1.0666666666666667,0.52674,t,1,851.83
813,2211,12211,113,33,1,pseudoword,high,zoud,4,4,external,d,p,5.096774193548387,0.48985,d,1,939.73
813,1225,11225,114,33,1,word,high,wage,4,3,internal,g,d,4.1,0.62488,g,1,884.29
813,3114,13114,115,33,1,consonant_string,low,klpj,4,3,internal,p,s,1.2580645161290323,0.5767,s,0,1528.32
813,2114,12114,116,33,1,pseudoword,low,dape,4,3,internal,p,s,1.2580645161290323,0.5767,p,1,954.91
813,1118,11118,117,33,1,word,low,home,4,3,internal,m,l,1.0666666666666667,0.5113,m,1,1214.83
813,3126,13126,118,33,1,consonant_string,low,lqvg,4,4,external,g,k,1.1666666666666667,0.37222,g,1,1073.07
813,3130,13130,119,33,1,consonant_string,low,czhf,4,4,external,f,p,1.6333333333333333,0.41008,f,1,900.31
813,1104,11104,120,33,1,word,low,skid,4,4,external,d,m,1.1333333333333333,0.58091,d,1,727.2
813,3122,13122,121,33,1,consonant_string,low,wbjg,4,4,external,g,n,1.7,0.55212,g,1,672.74
813,1219,11219,123,33,1,word,high,warm,4,4,external,m,n,4.666666666666667,0.6574,m,1,1030.96
813,1217,11217,124,33,1,word,high,scam,4,4,external,m,n,4.666666666666667,0.6574,m,1,768.52
813,1215,11215,125,33,1,word,high,beam,4,4,external,m,n,4.666666666666667,0.6574,m,1,676.73
813,1247,11247,126,33,1,word,high,bale,4,3,internal,l,k,2.8,0.53572,l,1,1070.29
813,3223,13223,127,33,1,consonant_string,high,vlbg,4,4,external,g,p,4.5,0.55857,g,1,1084.55
813,3241,13241,128,33,1,consonant_string,high,pqlt,4,3,internal,l,r,3.2580645161290325,0.56415,l,1,1128.11
813,3116,13116,129,33,1,consonant_string,low,fsmt,4,3,internal,m,l,1.0666666666666667,0.5113,m,1,2028.73
813,3140,13140,130,33,1,consonant_string,low,gtln,4,3,internal,l,s,1.1,0.4218,l,1,2581.42
813,2118,12118,131,33,1,pseudoword,low,vume,4,3,internal,m,l,1.0666666666666667,0.5113,m,1,1247.1
813,2128,12128,132,33,1,pseudoword,low,goif,4,4,external,f,d,1.4333333333333333,0.51654,f,1,901.03
813,1233,11233,134,33,1,word,high,fade,4,3,internal,d,c,3.566666666666667,0.66158,d,1,800.9
813,2235,12235,135,33,1,pseudoword,high,frab,4,4,external,b,g,3.533333333333333,0.46543,b,1,1332.8
813,2132,12132,136,33,1,pseudoword,low,ghade,5,4,internal,d,r,1.3333333333333333,0.49182,d,1,676.37
813,2130,12130,137,33,1,pseudoword,low,zeaf,4,4,external,f,p,1.6333333333333333,0.41008,p,0,2302.98
813,2102,12102,138,33,1,pseudoword,low,snad,4,2,internal,n,l,1.3666666666666667,0.46775,n,1,1239.97
813,3142,13142,139,33,1,consonant_string,low,wktl,4,4,external,l,m,1.0666666666666667,0.5113,l,1,1225.56
813,2124,12124,140,33,1,pseudoword,low,jote,4,3,internal,t,d,1.3666666666666667,0.47786,t,1,1398.16
813,1116,11116,141,33,1,word,low,mime,4,3,internal,m,l,1.0666666666666667,0.5113,m,1,1283.1
813,2227,12227,142,33,1,pseudoword,high,reng,4,4,external,g,d,4.1,0.62488,g,1,1335.7
813,3239,13239,143,33,1,consonant_string,high,mvjt,4,4,external,t,r,3.3666666666666667,0.59892,t,1,1640.31
813,1120,11120,2,33,1,word,low,gate,4,3,internal,t,m,1.0666666666666667,0.52674,t,1,1003.92
813,1124,11124,3,33,1,word,low,bite,4,3,internal,t,d,1.3666666666666667,0.47786,t,1,781.82
813,2203,12203,4,33,1,pseudoword,high,frope,5,4,internal,p,d,5.096774193548387,0.48985,p,1,2500.43
813,1148,11148,5,33,1,word,low,sake,4,3,internal,k,g,1.1666666666666667,0.37222,k,1,686.4
813,2108,12108,6,33,1,pseudoword,low,vild,4,4,external,d,k,1.3333333333333333,0.3996,d,1,581.95
813,2136,12136,7,33,1,pseudoword,low,plob,4,4,external,b,r,1.2666666666666666,0.51424,b,1,1236.49
813,2104,12104,8,33,1,pseudoword,low,swed,4,4,external,d,m,1.1333333333333333,0.58091,d,1,1122.08
813,1126,11126,9,33,1,word,low,bang,4,4,external,g,k,1.1666666666666667,0.37222,g,1,624.32
813,3227,13227,10,33,1,consonant_string,high,bvcg,4,4,external,g,d,4.1,0.62488,d,0,1128.53
813,2148,12148,11,33,1,pseudoword,low,zoke,4,3,internal,k,g,1.1666666666666667,0.37222,k,1,1858.15
813,2140,12140,13,33,1,pseudoword,low,hule,4,3,internal,l,s,1.1,0.4218,s,0,1470.11
813,1203,11203,14,33,1,word,high,shape,5,4,internal,p,d,5.096774193548387,0.48985,p,1,1097.39
813,1106,11106,15,33,1,word,low,stripe,6,5,internal,p,v,1.1333333333333333,0.49111,p,1,899.29
813,2205,12205,16,33,1,pseudoword,high,brupe,5,4,internal,p,d,5.096774193548387,0.48985,d,0,759.18
813,1207,11207,17,33,1,word,high,read,4,4,external,d,p,5.096774193548387,0.48985,d,1,1198.41
813,1227,11227,18,33,1,word,high,wing,4,4,external,g,d,4.1,0.62488,g,1,930.32
813,1237,11237,19,33,1,word,high,stew,4,4,external,w,m,3.4,0.62127,w,1,814.88
813,3201,13201,20,33,1,consonant_string,high,znsq,4,2,internal,n,h,5.533333333333333,0.86536,h,0,2602.17
813,3225,13225,21,33,1,consonant_string,high,fhgv,4,3,internal,g,d,4.1,0.62488,g,1,1086.17
813,1102,11102,22,33,1,word,low,snip,4,2,internal,n,l,1.3666666666666667,0.46775,n,1,1122.75
813,2122,12122,24,33,1,pseudoword,low,sleg,4,4,external,g,n,1.7,0.55212,g,1,1043.99
813,1221,11221,25,33,1,word,high,flog,4,4,external,g,p,4.5,0.55857,g,1,680.89
813,3211,13211,26,33,1,consonant_string,high,srfd,4,4,external,d,p,5.096774193548387,0.48985,d,1,689.42
813,2134,12134,0,33,1,pseudoword,low,brode,5,4,internal,d,m,1.1333333333333333,0.58091,d,1,1289.52
813,2201,12201,56,33,1,pseudoword,high,snum,4,2,internal,n,h,5.533333333333333,0.86536,h,0,1250.12
813,2247,12247,67,33,1,pseudoword,high,jile,4,3,internal,l,k,2.8,0.53572,l,1,1463.06
813,2144,12144,78,33,1,pseudoword,low,slone,5,4,internal,n,k,1.5333333333333334,0.52768,n,1,2065.36
813,2239,12239,89,33,1,pseudoword,high,glot,4,4,external,t,r,3.3666666666666667,0.59892,t,1,1812.7
813,1134,11134,100,33,1,word,low,pride,5,4,internal,d,m,1.1333333333333333,0.58091,d,1,1706.0
813,2243,12243,111,33,1,pseudoword,high,plur,4,4,external,r,n,3.1333333333333333,0.62334,n,0,1533.97
813,3229,13229,122,33,1,consonant_string,high,dtfh,4,3,internal,f,r,3.8,0.69632,r,0,2525.62
813,1209,11209,133,33,1,word,high,seed,4,4,external,d,p,5.096774193548387,0.48985,d,1,1095.29
813,1146,11146,1,33,1,word,low,steal,5,5,external,l,m,1.0666666666666667,0.5113,l,1,1098.2
813,2225,12225,12,33,1,pseudoword,high,jege,4,3,internal,g,d,4.1,0.62488,g,1,1291.14
813,3148,13148,23,33,1,consonant_string,low,dhkw,4,3,internal,k,g,1.1666666666666667,0.37222,g,0,1233.05
813,1136,11136,34,33,1,word,low,stab,4,4,external,b,r,1.2666666666666666,0.51424,b,1,1577.66
813,3106,13106,45,33,1,consonant_string,low,jbfzpq,6,5,internal,p,v,1.1333333333333333,0.49111,p,1,2166.31
813,3102,13102,51,33,1,consonant_string,low,knfc,4,2,internal,n,l,1.3666666666666667,0.46775,l,0,2493.68
813,1112,11112,52,33,1,word,low,grip,4,4,external,p,t,1.3333333333333333,0.53002,p,1,3226.75
813,3110,13110,53,33,1,consonant_string,low,lsbd,4,4,external,d,k,1.3333333333333333,0.3996,d,1,1132.46
813,1128,11128,54,33,1,word,low,reef,4,4,external,f,d,1.4333333333333333,0.51654,f,1,1386.05
813,2223,12223,55,33,1,pseudoword,high,blug,4,4,external,g,p,4.5,0.55857,g,1,1529.66
813,3124,13124,48,33,1,consonant_string,low,gpts,4,3,internal,t,d,1.3666666666666667,0.47786,d,0,1107.6
813,2245,12245,49,33,1,pseudoword,high,swork,5,4,internal,r,n,3.1333333333333333,0.62334,r,1,1215.52
813,3237,13237,50,33,1,consonant_string,high,gbcw,4,4,external,w,m,3.4,0.62127,w,1,750.76
813,3217,13217,60,33,1,consonant_string,high,htjm,4,4,external,m,n,4.666666666666667,0.6574,m,1,1295.76
813,2217,12217,61,33,1,pseudoword,high,plim,4,4,external,m,n,4.666666666666667,0.6574,n,0,1250.69
813,2116,12116,62,33,1,pseudoword,low,hime,4,3,internal,m,l,1.0666666666666667,0.5113,m,1,3314.7
813,1142,11142,63,33,1,word,low,seal,4,4,external,l,m,1.0666666666666667,0.5113,l,1,901.07
813,3128,13128,64,33,1,consonant_string,low,vjnf,4,4,external,f,d,1.4333333333333333,0.51654,f,1,1361.98
813,2209,12209,65,33,1,pseudoword,high,glod,4,4,external,d,p,5.096774193548387,0.48985,d,1,995.24
813,1211,11211,66,33,1,word,high,lead,4,4,external,d,p,5.096774193548387,0.48985,d,1,934.14
813,1239,11239,68,33,1,word,high,spat,4,4,external,t,r,3.3666666666666667,0.59892,t,1,861.7
813,3221,13221,69,33,1,consonant_string,high,fqcg,4,4,external,g,p,4.5,0.55857,g,1,1178.93
813,1144,11144,70,33,1,word,low,stone,5,4,internal,n,k,1.5333333333333334,0.52768,n,1,1613.54
813,3134,13134,71,33,1,consonant_string,low,pfldr,5,4,internal,d,m,1.1333333333333333,0.58091,d,1,823.81
813,3136,13136,72,33,1,consonant_string,low,hfwb,4,4,external,b,r,1.2666666666666666,0.51424,b,1,948.03
813,3235,13235,73,33,1,consonant_string,high,mkrb,4,4,external,b,g,3.533333333333333,0.46543,b,1,1518.95
813,3245,13245,74,33,1,consonant_string,high,hvwrt,5,4,internal,r,n,3.1333333333333333,0.62334,n,0,1851.26
813,3219,13219,75,33,1,consonant_string,high,gjkm,4,4,external,m,n,4.666666666666667,0.6574,n,0,1514.23
813,3203,13203,76,33,1,consonant_string,high,qsgpn,5,4,internal,p,d,5.096774193548387,0.48985,d,0,835.48
813,1243,11243,77,33,1,word,high,moor,4,4,external,r,n,3.1333333333333333,0.62334,n,0,1505.06
813,1122,11122,79,33,1,word,low,swag,4,4,external,g,n,1.7,0.55212,g,1,927.0
813,2231,12231,80,33,1,pseudoword,high,spode,5,4,internal,d,c,3.566666666666667,0.66158,d,1,981.56
813,1205,11205,81,33,1,word,high,grape,5,4,internal,p,d,5.096774193548387,0.48985,d,0,1438.16
813,1245,11245,57,33,1,word,high,spire,5,4,internal,r,n,3.1333333333333333,0.62334,r,1,1734.29
813,1114,11114,58,33,1,word,low,rope,4,3,internal,p,s,1.2580645161290323,0.5767,s,0,1372.92
813,2112,12112,59,33,1,pseudoword,low,glip,4,4,external,p,t,1.3333333333333333,0.53002,p,1,983.18
814,1212,21212,58,33,2,word,high,grip,4,4,external,p,d,5.096774193548387,0.48985,d,0,762.09
814,3220,23220,62,33,2,consonant_string,high,pktv,4,3,internal,t,l,4.5,0.47576,l,0,468.95
814,3143,23143,59,33,2,consonant_string,low,fbvr,4,4,external,r,d,1.3333333333333333,0.49182,d,0,887.3
814,2234,22234,60,33,2,pseudoword,high,brode,5,4,internal,d,c,3.566666666666667,0.66158,c,0,839.86
814,3226,23226,61,33,2,consonant_string,high,lqvg,4,4,external,g,d,4.1,0.62488,d,0,735.41
814,2143,22143,66,33,2,pseudoword,low,plur,4,4,external,r,d,1.3333333333333333,0.49182,d,0,560.13
814,3145,23145,68,33,2,consonant_string,low,hvwrt,5,4,internal,r,c,1.4,0.55867,r,1,513.32
814,2137,22137,69,33,2,pseudoword,low,blaw,4,4,external,w,p,1.1666666666666667,0.53452,p,0,780.52
814,2248,22248,70,33,2,pseudoword,high,zoke,4,3,internal,k,l,2.8,0.53572,k,1,530.06
814,1228,21228,71,33,2,word,high,reef,4,4,external,f,l,4.033333333333333,0.60982,f,1,605.59
814,1230,21230,72,33,2,word,high,beef,4,4,external,f,r,3.8,0.69632,f,1,1160.47
814,2125,22125,73,33,2,pseudoword,low,jege,4,3,internal,g,k,1.1666666666666667,0.37222,k,0,1100.72
814,2226,22226,74,33,2,pseudoword,high,yeng,4,4,external,g,d,4.1,0.62488,d,0,657.62
814,2129,22129,75,33,2,pseudoword,low,vofe,4,3,internal,f,n,1.2,0.53217,f,1,1084.51
814,3240,23240,76,33,2,consonant_string,high,gtln,4,3,internal,l,r,3.2580645161290325,0.56415,l,1,687.07
814,2121,22121,63,33,2,pseudoword,low,quag,4,4,external,g,w,1.1666666666666667,0.52446,w,0,654.14
814,3230,23230,64,33,2,consonant_string,high,czhf,4,4,external,f,r,3.8,0.69632,r,0,1055.02
814,2240,22240,65,33,2,pseudoword,high,hule,4,3,internal,l,r,3.2580645161290325,0.56415,l,1,668.92
814,3212,23212,81,33,2,consonant_string,high,qmwp,4,4,external,p,d,5.096774193548387,0.48985,p,1,746.63
814,1145,21145,82,33,2,word,low,spire,5,4,internal,r,c,1.4,0.55867,c,0,744.5
814,1103,21103,83,33,2,word,low,shape,5,4,internal,p,v,1.1333333333333333,0.49111,v,0,1146.39
814,2202,22202,84,33,2,pseudoword,high,snad,4,2,internal,n,h,5.533333333333333,0.86536,h,0,1021.31
814,1129,21129,85,33,2,word,low,wife,4,3,internal,f,n,1.2,0.53217,f,1,1043.55
814,1147,21147,86,33,2,word,low,bale,4,3,internal,l,s,1.1,0.4218,l,1,996.46
814,1107,21107,87,33,2,word,low,read,4,4,external,d,r,1.3333333333333333,0.49182,d,1,930.36
814,1101,21101,88,33,2,word,low,snow,4,2,internal,n,t,1.1,0.6011,n,1,701.91
814,2228,22228,90,33,2,pseudoword,high,goif,4,4,external,f,l,4.033333333333333,0.60982,f,1,870.8
814,3139,23139,91,33,2,consonant_string,low,mvjt,4,4,external,t,n,1.1,0.6011,n,0,841.02
814,1204,21204,92,33,2,word,high,skid,4,4,external,d,p,5.096774193548387,0.48985,p,0,1115.59
814,1222,21222,93,33,2,word,high,swag,4,4,external,g,p,4.5,0.55857,g,1,1228.84
814,2218,22218,94,33,2,pseudoword,high,vume,4,3,internal,m,n,4.666666666666667,0.6574,m,1,1279.43
814,1208,21208,95,33,2,word,high,hood,4,4,external,d,p,5.096774193548387,0.48985,d,1,1081.03
814,1218,21218,96,33,2,word,high,home,4,3,internal,m,n,4.666666666666667,0.6574,m,1,1412.62
814,1127,21127,97,33,2,word,low,wing,4,4,external,g,k,1.1666666666666667,0.37222,g,1,848.87
814,1242,21242,98,33,2,word,high,seal,4,4,external,l,r,3.2580645161290325,0.56415,l,1,824.77
814,3242,23242,99,33,2,consonant_string,high,wktl,4,4,external,l,r,3.2580645161290325,0.56415,l,1,1317.0
814,2210,22210,101,33,2,pseudoword,high,fard,4,4,external,d,p,5.096774193548387,0.48985,d,1,899.26
814,2131,22131,102,33,2,pseudoword,low,spode,5,4,internal,d,m,1.1333333333333333,0.58091,d,1,1168.16
814,1133,21133,103,33,2,word,low,fade,4,3,internal,d,z,1.2333333333333334,0.52841,d,1,680.39
814,3206,23206,104,33,2,consonant_string,high,jbfzpq,6,5,internal,p,d,5.096774193548387,0.48985,p,1,708.93
814,3244,23244,105,33,2,consonant_string,high,qjfnd,5,4,internal,n,r,3.1333333333333333,0.62334,r,0,670.15
814,3109,23109,106,33,2,consonant_string,low,csbd,4,4,external,d,m,1.1333333333333333,0.58091,d,1,729.35
814,1135,21135,107,33,2,word,low,drab,4,4,external,b,w,1.1,0.5109,b,1,901.9
814,1123,21123,108,33,2,word,low,flag,4,4,external,g,t,1.1333333333333333,0.44178,g,1,770.8
814,1210,21210,109,33,2,word,high,weed,4,4,external,d,p,5.096774193548387,0.48985,d,1,718.0
814,3248,23248,110,33,2,consonant_string,high,dhkw,4,3,internal,k,l,2.8,0.53572,l,0,1337.25
814,3115,23115,112,33,2,consonant_string,low,sfdm,4,4,external,m,t,1.0666666666666667,0.52674,m,1,748.82
814,1214,21214,113,33,2,word,high,rope,4,3,internal,p,b,5.066666666666666,0.70362,p,1,858.71
814,2204,22204,114,33,2,pseudoword,high,swed,4,4,external,d,p,5.096774193548387,0.48985,d,1,855.94
814,3103,23103,115,33,2,consonant_string,low,qsgpn,5,4,internal,p,v,1.1333333333333333,0.49111,p,1,735.12
814,3147,23147,116,33,2,consonant_string,low,gnlt,4,3,internal,l,s,1.1,0.4218,s,0,811.67
814,1240,21240,117,33,2,word,high,pole,4,3,internal,l,r,3.2580645161290325,0.56415,l,1,437.87
814,2242,22242,118,33,2,pseudoword,high,drol,4,4,external,l,r,3.2580645161290325,0.56415,l,1,1305.42
814,3129,23129,119,33,2,consonant_string,low,dtfh,4,3,internal,f,n,1.2,0.53217,n,0,757.34
814,1113,21113,120,33,2,word,low,slab,4,4,external,b,m,1.2333333333333334,0.5784,b,1,764.21
814,3135,23135,77,33,2,consonant_string,low,mkrb,4,4,external,b,w,1.1,0.5109,b,1,1045.63
814,3107,23107,79,33,2,consonant_string,low,qvsd,4,4,external,d,r,1.3333333333333333,0.49182,d,1,643.52
814,2141,22141,80,33,2,pseudoword,low,bule,4,3,internal,l,n,1.3666666666666667,0.46775,n,0,873.4
814,3228,23228,125,33,2,consonant_string,high,vjnf,4,4,external,f,l,4.033333333333333,0.60982,f,1,765.44
814,3238,23238,126,33,2,consonant_string,high,njtb,4,3,internal,t,r,3.3666666666666667,0.59892,r,0,1052.66
814,3119,23119,127,33,2,consonant_string,low,gjkm,4,4,external,m,t,1.0666666666666667,0.52674,m,1,898.56
814,1224,21224,128,33,2,word,high,bite,4,3,internal,t,l,4.5,0.47576,t,1,832.45
814,2103,22103,129,33,2,pseudoword,low,frope,5,4,internal,p,v,1.1333333333333333,0.49111,p,1,1205.02
814,3123,23123,130,33,2,consonant_string,low,vlbg,4,4,external,g,t,1.1333333333333333,0.44178,t,0,729.93
814,3232,23232,131,33,2,consonant_string,high,vzldb,5,4,internal,d,c,3.566666666666667,0.66158,d,1,618.47
814,3222,23222,132,33,2,consonant_string,high,wbjg,4,4,external,g,p,4.5,0.55857,g,1,976.69
814,1119,21119,134,33,2,word,low,warm,4,4,external,m,t,1.0666666666666667,0.52674,m,1,701.24
814,2246,22246,135,33,2,pseudoword,high,proal,5,5,external,l,k,2.8,0.53572,k,0,865.12
814,2244,22244,136,33,2,pseudoword,high,slone,5,4,internal,n,r,3.1333333333333333,0.62334,n,1,650.35
814,1131,21131,137,33,2,word,low,slide,5,4,internal,d,m,1.1333333333333333,0.58091,m,0,673.21
814,1246,21246,138,33,2,word,high,steal,5,5,external,l,k,2.8,0.53572,k,0,750.42
814,2236,22236,139,33,2,pseudoword,high,plob,4,4,external,b,g,3.533333333333333,0.46543,b,1,1202.31
814,2113,22113,140,33,2,pseudoword,low,nalb,4,4,external,b,m,1.2333333333333334,0.5784,b,1,811.22
814,3111,23111,141,33,2,consonant_string,low,srfd,4,4,external,d,k,1.3333333333333333,0.3996,d,1,1467.47
814,1220,21220,142,33,2,word,high,gate,4,3,internal,t,l,4.5,0.47576,t,1,732.73
814,2238,22238,143,33,2,pseudoword,high,jite,4,3,internal,t,r,3.3666666666666667,0.59892,t,1,978.29
814,3105,23105,2,33,2,consonant_string,low,fcmpk,5,4,internal,p,v,1.1333333333333333,0.49111,p,1,810.86
814,2147,22147,3,33,2,pseudoword,low,jile,4,3,internal,l,s,1.1,0.4218,l,1,1131.08
814,3125,23125,4,33,2,consonant_string,low,fhgv,4,3,internal,g,k,1.1666666666666667,0.37222,g,1,1383.67
814,1226,21226,5,33,2,word,high,bang,4,4,external,g,d,4.1,0.62488,g,1,931.26
814,3204,23204,6,33,2,consonant_string,high,htwd,4,4,external,d,p,5.096774193548387,0.48985,d,1,798.82
814,2109,22109,7,33,2,pseudoword,low,glod,4,4,external,d,m,1.1333333333333333,0.58091,d,1,656.7
814,1143,21143,8,33,2,word,low,moor,4,4,external,r,d,1.3333333333333333,0.49182,d,0,738.57
814,2135,22135,9,33,2,pseudoword,low,frab,4,4,external,b,w,1.1,0.5109,b,1,1216.14
814,2222,22222,10,33,2,pseudoword,high,sleg,4,4,external,g,p,4.5,0.55857,p,0,939.39
814,1236,21236,11,33,2,word,high,stab,4,4,external,b,g,3.533333333333333,0.46543,b,1,1098.95
814,3117,23117,13,33,2,consonant_string,low,htjm,4,4,external,m,b,1.2333333333333334,0.5784,m,1,1277.87
814,2111,22111,14,33,2,pseudoword,low,zoud,4,4,external,d,k,1.3333333333333333,0.3996,d,1,831.45
814,2119,22119,15,33,2,pseudoword,low,chom,4,4,external,m,t,1.0666666666666667,0.52674,m,1,674.0
814,3101,23101,16,33,2,consonant_string,low,znsq,4,2,internal,n,t,1.1,0.6011,n,1,955.22
814,2220,22220,17,33,2,pseudoword,high,wote,4,3,internal,t,l,4.5,0.47576,l,0,1402.13
814,3127,23127,18,33,2,consonant_string,low,bvcg,4,4,external,g,k,1.1666666666666667,0.37222,k,0,613.05
814,3133,23133,19,33,2,consonant_string,low,vkdj,4,3,internal,d,z,1.2333333333333334,0.52841,d,1,774.25
814,3236,23236,20,33,2,consonant_string,high,hfwb,4,4,external,b,g,3.533333333333333,0.46543,g,0,736.47
814,3113,23113,21,33,2,consonant_string,low,rtcb,4,4,external,b,m,1.2333333333333334,0.5784,m,0,751.02
814,2107,22107,121,33,2,pseudoword,low,nood,4,4,external,d,r,1.3333333333333333,0.49182,d,1,976.44
814,3246,23246,123,33,2,consonant_string,high,bfnsl,5,5,external,l,k,2.8,0.53572,k,0,954.01
814,3210,23210,124,33,2,consonant_string,high,lsbd,4,4,external,d,p,5.096774193548387,0.48985,d,1,636.89
814,1139,21139,0,33,2,word,low,spat,4,4,external,t,n,1.1,0.6011,n,0,809.11
814,3202,23202,56,33,2,consonant_string,high,knfc,4,2,internal,n,h,5.533333333333333,0.86536,h,0,567.34
814,2230,22230,67,33,2,pseudoword,high,zeaf,4,4,external,f,r,3.8,0.69632,r,0,558.52
814,2212,22212,78,33,2,pseudoword,high,glip,4,4,external,p,d,5.096774193548387,0.48985,d,0,996.4
814,2123,22123,89,33,2,pseudoword,low,blug,4,4,external,g,t,1.1333333333333333,0.44178,g,1,904.3
814,1202,21202,100,33,2,word,high,snip,4,2,internal,n,h,5.533333333333333,0.86536,h,0,702.19
814,1234,21234,111,33,2,word,high,pride,5,4,internal,d,c,3.566666666666667,0.66158,c,0,605.06
814,1117,21117,122,33,2,word,low,scam,4,4,external,m,b,1.2333333333333334,0.5784,b,0,874.93
814,3131,23131,133,33,2,consonant_string,low,gjwds,5,4,internal,d,m,1.1333333333333333,0.58091,m,0,638.15
814,2117,22117,1,33,2,pseudoword,low,plim,4,4,external,m,b,1.2333333333333334,0.5784,m,1,712.7
814,2206,22206,12,33,2,pseudoword,high,strepe,6,5,internal,p,d,5.096774193548387,0.48985,d,0,1053.92
814,3214,23214,23,33,2,consonant_string,high,klpj,4,3,internal,p,b,5.066666666666666,0.70362,p,1,863.81
814,2216,22216,34,33,2,pseudoword,high,hime,4,3,internal,m,n,4.666666666666667,0.6574,m,1,756.04
814,2145,22145,45,33,2,pseudoword,low,swork,5,4,internal,r,c,1.4,0.55867,c,0,787.94
814,2214,22214,51,33,2,pseudoword,high,dape,4,3,internal,p,b,5.066666666666666,0.70362,b,0,703.47
814,1121,21121,52,33,2,word,low,flog,4,4,external,g,w,1.1666666666666667,0.52446,g,1,603.34
814,1105,21105,53,33,2,word,low,grape,5,4,internal,p,v,1.1333333333333333,0.49111,v,0,868.22
814,2101,22101,54,33,2,pseudoword,low,snum,4,2,internal,n,t,1.1,0.6011,n,1,665.43
814,3234,23234,55,33,2,consonant_string,high,pfldr,5,4,internal,d,c,3.566666666666667,0.66158,c,0,743.64
814,2139,22139,57,33,2,pseudoword,low,glot,4,4,external,t,n,1.1,0.6011,n,0,890.53
814,1115,21115,46,33,2,word,low,beam,4,4,external,m,t,1.0666666666666667,0.52674,m,1,939.49
814,1216,21216,47,33,2,word,high,mime,4,3,internal,m,n,4.666666666666667,0.6574,n,0,1113.05
814,2115,22115,48,33,2,pseudoword,low,gulm,4,4,external,m,t,1.0666666666666667,0.52674,m,1,1106.3
814,1244,21244,49,33,2,word,high,stone,5,4,internal,n,r,3.1333333333333333,0.62334,n,1,756.2
814,1109,21109,50,33,2,word,low,seed,4,4,external,d,m,1.1333333333333333,0.58091,d,1,791.09
814,3224,23224,35,33,2,consonant_string,high,gpts,4,3,internal,t,l,4.5,0.47576,l,0,1558.5
814,3121,23121,36,33,2,consonant_string,low,fqcg,4,4,external,g,w,1.1666666666666667,0.52446,g,1,1438.45
814,3216,23216,22,33,2,consonant_string,high,fsmt,4,3,internal,m,n,4.666666666666667,0.6574,m,1,1151.91
814,3208,23208,24,33,2,consonant_string,high,cvsd,4,4,external,d,p,5.096774193548387,0.48985,d,1,904.81
814,1141,21141,25,33,2,word,low,file,4,3,internal,l,n,1.3666666666666667,0.46775,l,1,763.7
814,1238,21238,26,33,2,word,high,date,4,3,internal,t,r,3.3666666666666667,0.59892,t,1,971.93
814,2208,22208,27,33,2,pseudoword,high,vild,4,4,external,d,p,5.096774193548387,0.48985,d,1,1059.16
814,2232,22232,28,33,2,pseudoword,high,ghade,5,4,internal,d,c,3.566666666666667,0.66158,d,1,763.41
814,2224,22224,29,33,2,pseudoword,high,jote,4,3,internal,t,l,4.5,0.47576,t,1,1311.63
814,1125,21125,30,33,2,word,low,wage,4,3,internal,g,k,1.1666666666666667,0.37222,g,1,601.88
814,3141,23141,31,33,2,consonant_string,low,pqlt,4,3,internal,l,n,1.3666666666666667,0.46775,l,1,785.75
814,1206,21206,32,33,2,word,high,stripe,6,5,internal,p,d,5.096774193548387,0.48985,p,1,1206.31
814,3137,23137,33,33,2,consonant_string,low,gbcw,4,4,external,w,p,1.1666666666666667,0.53452,w,1,1119.24
814,2105,22105,39,33,2,pseudoword,low,brupe,5,4,internal,p,v,1.1333333333333333,0.49111,p,1,1073.83
814,3218,23218,40,33,2,consonant_string,high,zsmj,4,3,internal,m,n,4.666666666666667,0.6574,n,0,750.06
814,1232,21232,37,33,2,word,high,spade,5,4,internal,d,c,3.566666666666667,0.66158,d,1,1087.05
814,1248,21248,38,33,2,word,high,sake,4,3,internal,k,l,2.8,0.53572,k,1,560.61
814,1111,21111,43,33,2,word,low,lead,4,4,external,d,k,1.3333333333333333,0.3996,d,1,618.06
814,1137,21137,44,33,2,word,low,stew,4,4,external,w,p,1.1666666666666667,0.53452,w,1,773.27
814,2127,22127,41,33,2,pseudoword,low,reng,4,4,external,g,k,1.1666666666666667,0.37222,g,1,1286.96
814,2133,22133,42,33,2,pseudoword,low,kide,4,3,internal,d,z,1.2333333333333334,0.52841,d,1,587.52
815,1229,31229,28,50,3,word,high,wife,4,3,internal,f,r,3.8,0.69632,f,1,667.2
815,3213,33213,29,50,3,consonant_string,high,rtcb,4,4,external,b,p,5.066666666666666,0.70362,p,0,1230.76
815,1211,31211,39,50,3,word,high,lead,4,4,external,d,p,5.096774193548387,0.48985,d,1,1237.71
815,1148,31148,40,50,3,word,low,sake,4,3,internal,k,g,1.1666666666666667,0.37222,k,1,1032.61
815,1146,31146,41,50,3,word,low,steal,5,5,external,l,m,1.0666666666666667,0.5113,l,1,976.52
815,1144,31144,42,50,3,word,low,stone,5,4,internal,n,k,1.5333333333333334,0.52768,n,1,1119.43
815,3124,33124,43,50,3,consonant_string,low,gpts,4,3,internal,t,d,1.3666666666666667,0.47786,t,1,1129.01
815,1114,31114,30,50,3,word,low,rope,4,3,internal,p,s,1.2580645161290323,0.5767,p,1,1719.7
815,1201,31201,31,50,3,word,high,snow,4,2,internal,n,h,5.533333333333333,0.86536,n,1,924.31
815,1110,31110,32,50,3,word,low,weed,4,4,external,d,k,1.3333333333333333,0.3996,d,1,862.87
815,2221,32221,33,50,3,pseudoword,high,quag,4,4,external,g,p,4.5,0.55857,g,1,1302.45
815,2237,32237,35,50,3,pseudoword,high,blaw,4,4,external,w,m,3.4,0.62127,w,1,928.72
815,2148,32148,36,50,3,pseudoword,low,zoke,4,3,internal,k,g,1.1666666666666667,0.37222,k,1,1169.61
815,2136,32136,37,50,3,pseudoword,low,plob,4,4,external,b,r,1.2666666666666666,0.51424,b,1,1078.19
815,3108,33108,38,50,3,consonant_string,low,cvsd,4,4,external,d,k,1.3333333333333333,0.3996,d,1,1109.11
815,2108,32108,75,50,3,pseudoword,low,vild,4,4,external,d,k,1.3333333333333333,0.3996,d,1,734.49
815,2227,32227,76,50,3,pseudoword,high,reng,4,4,external,g,d,4.1,0.62488,g,1,585.37
815,3205,33205,77,50,3,consonant_string,high,fcmpk,5,4,internal,p,d,5.096774193548387,0.48985,p,1,859.24
815,1217,31217,79,50,3,word,high,scam,4,4,external,m,n,4.666666666666667,0.6574,n,0,752.8
815,1126,31126,80,50,3,word,low,bang,4,4,external,g,k,1.1666666666666667,0.37222,g,1,676.01
815,2114,32114,81,50,3,pseudoword,low,dape,4,3,internal,p,s,1.2580645161290323,0.5767,p,1,656.88
815,2146,32146,82,50,3,pseudoword,low,proal,5,5,external,l,m,1.0666666666666667,0.5113,m,0,1404.12
815,1108,31108,83,50,3,word,low,hood,4,4,external,d,k,1.3333333333333333,0.3996,d,1,776.37
815,2203,32203,84,50,3,pseudoword,high,frope,5,4,internal,p,d,5.096774193548387,0.48985,p,1,1061.27
815,2142,32142,85,50,3,pseudoword,low,drol,4,4,external,l,m,1.0666666666666667,0.5113,m,0,1196.85
815,1233,31233,86,50,3,word,high,fade,4,3,internal,d,c,3.566666666666667,0.66158,d,1,622.09
815,2247,32247,87,50,3,pseudoword,high,jile,4,3,internal,l,k,2.8,0.53572,l,1,1101.64
815,1247,31247,88,50,3,word,high,bale,4,3,internal,l,k,2.8,0.53572,l,1,798.88
815,2225,32225,90,50,3,pseudoword,high,jege,4,3,internal,g,d,4.1,0.62488,d,0,680.09
815,3223,33223,91,50,3,consonant_string,high,vlbg,4,4,external,g,p,4.5,0.55857,p,0,647.97
815,3221,33221,92,50,3,consonant_string,high,fqcg,4,4,external,g,p,4.5,0.55857,g,1,1156.2
815,2217,32217,93,50,3,pseudoword,high,plim,4,4,external,m,n,4.666666666666667,0.6574,n,0,728.43
815,3102,33102,94,50,3,consonant_string,low,knfc,4,2,internal,n,l,1.3666666666666667,0.46775,n,1,1070.32
815,3120,33120,95,50,3,consonant_string,low,pktv,4,3,internal,t,m,1.0666666666666667,0.52674,m,0,1199.91
815,2243,32243,44,50,3,pseudoword,high,plur,4,4,external,r,n,3.1333333333333333,0.62334,r,1,2046.97
815,3140,33140,46,50,3,consonant_string,low,gtln,4,3,internal,l,s,1.1,0.4218,l,1,1587.29
815,1235,31235,47,50,3,word,high,drab,4,4,external,b,g,3.533333333333333,0.46543,b,1,1224.23
815,3207,33207,48,50,3,consonant_string,high,qvsd,4,4,external,d,p,5.096774193548387,0.48985,d,1,914.82
815,1116,31116,49,50,3,word,low,mime,4,3,internal,m,l,1.0666666666666667,0.5113,m,1,1365.4
815,2144,32144,50,50,3,pseudoword,low,slone,5,4,internal,n,k,1.5333333333333334,0.52768,n,1,1085.99
815,3144,33144,59,50,3,consonant_string,low,qjfnd,5,4,internal,n,k,1.5333333333333334,0.52768,n,1,1007.89
815,1134,31134,60,50,3,word,low,pride,5,4,internal,d,m,1.1333333333333333,0.58091,d,1,716.46
815,2128,32128,61,50,3,pseudoword,low,goif,4,4,external,f,d,1.4333333333333333,0.51654,f,1,1020.01
815,1104,31104,62,50,3,word,low,skid,4,4,external,d,m,1.1333333333333333,0.58091,d,1,695.57
815,2233,32233,63,50,3,pseudoword,high,kide,4,3,internal,d,c,3.566666666666667,0.66158,d,1,750.79
815,2112,32112,64,50,3,pseudoword,low,glip,4,4,external,p,t,1.3333333333333333,0.53002,t,0,674.0
815,1215,31215,65,50,3,word,high,beam,4,4,external,m,n,4.666666666666667,0.6574,n,0,571.87
815,2241,32241,66,50,3,pseudoword,high,bule,4,3,internal,l,r,3.2580645161290325,0.56415,l,1,606.4
815,3219,33219,68,50,3,consonant_string,high,gjkm,4,4,external,m,n,4.666666666666667,0.6574,n,0,719.6
815,1136,31136,69,50,3,word,low,stab,4,4,external,b,r,1.2666666666666666,0.51424,b,1,748.15
815,2130,32130,70,50,3,pseudoword,low,zeaf,4,4,external,f,p,1.6333333333333333,0.41008,f,1,1046.37
815,3132,33132,71,50,3,consonant_string,low,vzldb,5,4,internal,d,r,1.3333333333333333,0.49182,d,1,668.61
815,1142,31142,72,50,3,word,low,seal,4,4,external,l,m,1.0666666666666667,0.5113,l,1,606.15
815,1128,31128,73,50,3,word,low,reef,4,4,external,f,d,1.4333333333333333,0.51654,f,1,763.36
815,1245,31245,74,50,3,word,high,spire,5,4,internal,r,n,3.1333333333333333,0.62334,r,1,1217.92
815,1221,31221,119,50,3,word,high,flog,4,4,external,g,p,4.5,0.55857,g,1,1679.18
815,3239,33239,120,50,3,consonant_string,high,mvjt,4,4,external,t,r,3.3666666666666667,0.59892,t,1,1375.14
815,3237,33237,121,50,3,consonant_string,high,gbcw,4,4,external,w,m,3.4,0.62127,w,1,1629.09
815,2205,32205,123,50,3,pseudoword,high,brupe,5,4,internal,p,d,5.096774193548387,0.48985,d,0,1177.03
815,1203,31203,124,50,3,word,high,shape,5,4,internal,p,d,5.096774193548387,0.48985,p,1,770.94
815,2219,32219,125,50,3,pseudoword,high,chom,4,4,external,m,n,4.666666666666667,0.6574,n,0,1078.51
815,3233,33233,126,50,3,consonant_string,high,vkdj,4,3,internal,d,c,3.566666666666667,0.66158,c,0,1209.42
815,3235,33235,127,50,3,consonant_string,high,mkrb,4,4,external,b,g,3.533333333333333,0.46543,b,1,2476.07
815,3146,33146,128,50,3,consonant_string,low,bfnsl,5,5,external,l,m,1.0666666666666667,0.5113,l,1,1337.06
815,1213,31213,129,50,3,word,high,slab,4,4,external,b,p,5.066666666666666,0.70362,b,1,1536.01
815,3126,33126,130,50,3,consonant_string,low,lqvg,4,4,external,g,k,1.1666666666666667,0.37222,g,1,1646.97
815,3138,33138,131,50,3,consonant_string,low,njtb,4,3,internal,t,m,1.0666666666666667,0.52674,t,1,1043.24
815,2106,32106,132,50,3,pseudoword,low,strepe,6,5,internal,p,v,1.1333333333333333,0.49111,p,1,2454.54
815,2140,32140,134,50,3,pseudoword,low,hule,4,3,internal,l,s,1.1,0.4218,l,1,761.85
815,3142,33142,135,50,3,consonant_string,low,wktl,4,4,external,l,m,1.0666666666666667,0.5113,m,0,690.4
815,3229,33229,136,50,3,consonant_string,high,dtfh,4,3,internal,f,r,3.8,0.69632,f,1,2498.34
815,3209,33209,137,50,3,consonant_string,high,csbd,4,4,external,d,p,5.096774193548387,0.48985,d,1,1365.68
815,1241,31241,138,50,3,word,high,file,4,3,internal,l,r,3.2580645161290325,0.56415,l,1,1120.28
815,1209,31209,139,50,3,word,high,seed,4,4,external,d,p,5.096774193548387,0.48985,d,1,1303.88
815,3112,33112,96,50,3,consonant_string,low,qmwp,4,4,external,p,t,1.3333333333333333,0.53002,t,0,1192.16
815,3241,33241,97,50,3,consonant_string,high,pqlt,4,3,internal,l,r,3.2580645161290325,0.56415,l,1,578.39
815,1106,31106,98,50,3,word,low,stripe,6,5,internal,p,v,1.1333333333333333,0.49111,p,1,884.27
815,2215,32215,99,50,3,pseudoword,high,gulm,4,4,external,m,n,4.666666666666667,0.6574,n,0,1315.18
815,2209,32209,101,50,3,pseudoword,high,glod,4,4,external,d,p,5.096774193548387,0.48985,p,0,924.77
815,1122,31122,102,50,3,word,low,swag,4,4,external,g,n,1.7,0.55212,n,0,718.33
815,2207,32207,103,50,3,pseudoword,high,nood,4,4,external,d,p,5.096774193548387,0.48985,d,1,1070.88
815,3247,33247,104,50,3,consonant_string,high,gnlt,4,3,internal,l,k,2.8,0.53572,l,1,934.46
815,1237,31237,105,50,3,word,high,stew,4,4,external,w,m,3.4,0.62127,w,1,1575.38
815,3201,33201,106,50,3,consonant_string,high,znsq,4,2,internal,n,h,5.533333333333333,0.86536,n,1,1194.33
815,1223,31223,107,50,3,word,high,flag,4,4,external,g,p,4.5,0.55857,g,1,895.57
815,1207,31207,108,50,3,word,high,read,4,4,external,d,p,5.096774193548387,0.48985,d,1,1176.81
815,2124,32124,109,50,3,pseudoword,low,jote,4,3,internal,t,d,1.3666666666666667,0.47786,d,0,1107.73
815,3227,33227,110,50,3,consonant_string,high,bvcg,4,4,external,g,d,4.1,0.62488,g,1,1193.32
815,3128,33128,112,50,3,consonant_string,low,vjnf,4,4,external,f,d,1.4333333333333333,0.51654,d,0,861.56
815,3211,33211,113,50,3,consonant_string,high,srfd,4,4,external,d,p,5.096774193548387,0.48985,p,0,677.11
815,1112,31112,114,50,3,word,low,grip,4,4,external,p,t,1.3333333333333333,0.53002,p,1,805.99
815,3106,33106,115,50,3,consonant_string,low,jbfzpq,6,5,internal,p,v,1.1333333333333333,0.49111,v,0,1278.18
815,1219,31219,116,50,3,word,high,warm,4,4,external,m,n,4.666666666666667,0.6574,m,1,739.09
815,2120,32120,117,50,3,pseudoword,low,wote,4,3,internal,t,m,1.0666666666666667,0.52674,t,1,1007.98
815,3104,33104,118,50,3,consonant_string,low,htwd,4,4,external,d,m,1.1333333333333333,0.58091,m,0,1262.58
815,3136,33136,22,50,3,consonant_string,low,hfwb,4,4,external,b,r,1.2666666666666666,0.51424,b,1,953.34
815,2245,32245,24,50,3,pseudoword,high,swork,5,4,internal,r,n,3.1333333333333333,0.62334,r,1,1498.59
815,2211,32211,25,50,3,pseudoword,high,zoud,4,4,external,d,p,5.096774193548387,0.48985,d,1,837.85
815,1132,31132,26,50,3,word,low,spade,5,4,internal,d,r,1.3333333333333333,0.49182,d,1,766.74
815,2201,32201,27,50,3,pseudoword,high,snum,4,2,internal,n,h,5.533333333333333,0.86536,n,1,1089.3
815,1118,31118,0,50,3,word,low,home,4,3,internal,m,l,1.0666666666666667,0.5113,m,1,1787.67
815,2223,32223,56,50,3,pseudoword,high,blug,4,4,external,g,p,4.5,0.55857,g,1,1349.64
815,1231,31231,67,50,3,word,high,slide,5,4,internal,d,c,3.566666666666667,0.66158,d,1,823.89
815,3215,33215,78,50,3,consonant_string,high,sfdm,4,4,external,m,n,4.666666666666667,0.6574,n,0,1170.46
815,1205,31205,89,50,3,word,high,grape,5,4,internal,p,d,5.096774193548387,0.48985,p,1,774.03
815,2132,32132,100,50,3,pseudoword,low,ghade,5,4,internal,d,r,1.3333333333333333,0.49182,d,1,805.92
815,3130,33130,111,50,3,consonant_string,low,czhf,4,4,external,f,p,1.6333333333333333,0.41008,f,1,2118.19
815,1102,31102,122,50,3,word,low,snip,4,2,internal,n,l,1.3666666666666667,0.46775,l,0,2363.88
815,3110,33110,133,50,3,consonant_string,low,lsbd,4,4,external,d,k,1.3333333333333333,0.3996,d,1,847.52
815,2138,32138,1,50,3,pseudoword,low,jite,4,3,internal,t,m,1.0666666666666667,0.52674,t,1,741.74
815,2126,32126,12,50,3,pseudoword,low,yeng,4,4,external,g,k,1.1666666666666667,0.37222,g,1,919.96
815,3225,33225,23,50,3,consonant_string,high,fhgv,4,3,internal,g,d,4.1,0.62488,d,0,1083.53
815,3114,33114,34,50,3,consonant_string,low,klpj,4,3,internal,p,s,1.2580645161290323,0.5767,p,1,847.44
815,1138,31138,45,50,3,word,low,date,4,3,internal,t,m,1.0666666666666667,0.52674,t,1,527.65
815,3243,33243,51,50,3,consonant_string,high,fbvr,4,4,external,r,n,3.1333333333333333,0.62334,r,1,1221.54
815,3203,33203,52,50,3,consonant_string,high,qsgpn,5,4,internal,p,d,5.096774193548387,0.48985,d,0,1248.13
815,1225,31225,53,50,3,word,high,wage,4,3,internal,g,d,4.1,0.62488,d,0,895.38
815,1243,31243,54,50,3,word,high,moor,4,4,external,r,n,3.1333333333333333,0.62334,r,1,1537.63
815,2134,32134,55,50,3,pseudoword,low,brode,5,4,internal,d,m,1.1333333333333333,0.58091,d,1,798.56
815,3122,33122,57,50,3,consonant_string,low,wbjg,4,4,external,g,n,1.7,0.55212,g,1,979.79
815,1239,31239,58,50,3,word,high,spat,4,4,external,t,r,3.3666666666666667,0.59892,t,1,642.68
815,1124,31124,4,50,3,word,low,bite,4,3,internal,t,d,1.3666666666666667,0.47786,t,1,924.27
815,2118,32118,5,50,3,pseudoword,low,vume,4,3,internal,m,l,1.0666666666666667,0.5113,l,0,1569.85
815,3245,33245,6,50,3,consonant_string,high,hvwrt,5,4,internal,r,n,3.1333333333333333,0.62334,r,1,1824.49
815,1140,31140,7,50,3,word,low,pole,4,3,internal,l,s,1.1,0.4218,l,1,691.08
815,3217,33217,8,50,3,consonant_string,high,htjm,4,4,external,m,n,4.666666666666667,0.6574,n,0,1429.32
815,3116,33116,9,50,3,consonant_string,low,fsmt,4,3,internal,m,l,1.0666666666666667,0.5113,m,1,1149.26
815,2110,32110,10,50,3,pseudoword,low,fard,4,4,external,d,k,1.3333333333333333,0.3996,d,1,1384.52
815,2229,32229,11,50,3,pseudoword,high,vofe,4,3,internal,f,r,3.8,0.69632,f,1,2489.5
815,1120,31120,13,50,3,word,low,gate,4,3,internal,t,m,1.0666666666666667,0.52674,t,1,721.82
815,2231,32231,14,50,3,pseudoword,high,spode,5,4,internal,d,c,3.566666666666667,0.66158,d,1,2454.43
815,3231,33231,15,50,3,consonant_string,high,gjwds,5,4,internal,d,c,3.566666666666667,0.66158,c,0,854.75
815,2116,32116,16,50,3,pseudoword,low,hime,4,3,internal,m,l,1.0666666666666667,0.5113,m,1,1700.0
815,2239,32239,17,50,3,pseudoword,high,glot,4,4,external,t,r,3.3666666666666667,0.59892,t,1,1241.29
815,1227,31227,18,50,3,word,high,wing,4,4,external,g,d,4.1,0.62488,g,1,974.55
815,3148,33148,19,50,3,consonant_string,low,dhkw,4,3,internal,k,g,1.1666666666666667,0.37222,g,0,1376.13
815,2235,32235,20,50,3,pseudoword,high,frab,4,4,external,b,g,3.533333333333333,0.46543,g,0,2209.1
815,2102,32102,21,50,3,pseudoword,low,snad,4,2,internal,n,l,1.3666666666666667,0.46775,n,1,1270.75
815,3134,33134,140,50,3,consonant_string,low,pfldr,5,4,internal,d,m,1.1333333333333333,0.58091,d,1,1298.14
815,2122,32122,141,50,3,pseudoword,low,sleg,4,4,external,g,n,1.7,0.55212,g,1,2525.44
815,3118,33118,142,50,3,consonant_string,low,zsmj,4,3,internal,m,l,1.0666666666666667,0.5113,l,0,2115.49
815,2104,32104,143,50,3,pseudoword,low,swed,4,4,external,d,m,1.1333333333333333,0.58091,d,1,1487.13
815,2213,32213,2,50,3,pseudoword,high,nalb,4,4,external,b,p,5.066666666666666,0.70362,b,1,1792.1
815,1130,31130,3,50,3,word,low,beef,4,4,external,f,p,1.6333333333333333,0.41008,f,1,682.37
816,1228,41228,57,67,4,word,high,reef,4,4,external,f,l,4.033333333333333,0.60982,f,1,556.32
816,1103,41103,58,67,4,word,low,shape,5,4,internal,p,v,1.1333333333333333,0.49111,p,1,480.85
816,3101,43101,54,67,4,consonant_string,low,znsq,4,2,internal,n,t,1.1,0.6011,n,1,671.59
816,2137,42137,55,67,4,pseudoword,low,blaw,4,4,external,w,p,1.1666666666666667,0.53452,w,1,468.47
816,3127,43127,65,67,4,consonant_string,low,bvcg,4,4,external,g,k,1.1666666666666667,0.37222,k,0,558.19
816,1131,41131,66,67,4,word,low,slide,5,4,internal,d,m,1.1333333333333333,0.58091,d,1,554.71
816,3123,43123,68,67,4,consonant_string,low,vlbg,4,4,external,g,t,1.1333333333333333,0.44178,g,1,773.26
816,3238,43238,69,67,4,consonant_string,high,njtb,4,3,internal,t,r,3.3666666666666667,0.59892,r,0,749.14
816,2228,42228,70,67,4,pseudoword,high,goif,4,4,external,f,l,4.033333333333333,0.60982,f,1,777.68
816,1145,41145,71,67,4,word,low,spire,5,4,internal,r,c,1.4,0.55867,r,1,653.9
816,2103,42103,72,67,4,pseudoword,low,frope,5,4,internal,p,v,1.1333333333333333,0.49111,p,1,587.43
816,2202,42202,59,67,4,pseudoword,high,snad,4,2,internal,n,h,5.533333333333333,0.86536,n,1,514.05
816,3210,43210,60,67,4,consonant_string,high,lsbd,4,4,external,d,p,5.096774193548387,0.48985,p,0,474.91
816,1238,41238,61,67,4,word,high,date,4,3,internal,t,r,3.3666666666666667,0.59892,t,1,519.76
816,2145,42145,62,67,4,pseudoword,low,swork,5,4,internal,r,c,1.4,0.55867,r,1,438.61
816,2242,42242,63,67,4,pseudoword,high,drol,4,4,external,l,r,3.2580645161290325,0.56415,l,1,490.8
816,1107,41107,64,67,4,word,low,read,4,4,external,d,r,1.3333333333333333,0.49182,r,0,437.99
816,1119,41119,0,67,4,word,low,warm,4,4,external,m,t,1.0666666666666667,0.52674,m,1,524.05
816,3236,43236,56,67,4,consonant_string,high,hfwb,4,4,external,b,g,3.533333333333333,0.46543,g,0,991.92
816,2240,42240,67,67,4,pseudoword,high,hule,4,3,internal,l,r,3.2580645161290325,0.56415,l,1,653.49
816,3105,43105,78,67,4,consonant_string,low,fcmpk,5,4,internal,p,v,1.1333333333333333,0.49111,p,1,805.03
816,3147,43147,89,67,4,consonant_string,low,gnlt,4,3,internal,l,s,1.1,0.4218,l,1,627.57
816,2230,42230,100,67,4,pseudoword,high,zeaf,4,4,external,f,r,3.8,0.69632,f,1,608.78
816,1214,41214,111,67,4,word,high,rope,4,3,internal,p,b,5.066666666666666,0.70362,p,1,928.67
816,3214,43214,122,67,4,consonant_string,high,klpj,4,3,internal,p,b,5.066666666666666,0.70362,b,0,526.88
816,2131,42131,133,67,4,pseudoword,low,spode,5,4,internal,d,m,1.1333333333333333,0.58091,d,1,602.08
816,1143,41143,1,67,4,word,low,moor,4,4,external,r,d,1.3333333333333333,0.49182,r,1,493.61
816,1141,41141,12,67,4,word,low,file,4,3,internal,l,n,1.3666666666666667,0.46775,l,1,580.15
816,3133,43133,23,67,4,consonant_string,low,vkdj,4,3,internal,d,z,1.2333333333333334,0.52841,d,1,852.36
816,1242,41242,34,67,4,word,high,seal,4,4,external,l,r,3.2580645161290325,0.56415,l,1,501.89
816,2244,42244,45,67,4,pseudoword,high,slone,5,4,internal,n,r,3.1333333333333333,0.62334,r,0,861.43
816,2218,42218,51,67,4,pseudoword,high,vume,4,3,internal,m,n,4.666666666666667,0.6574,m,1,759.33
816,1232,41232,52,67,4,word,high,spade,5,4,internal,d,c,3.566666666666667,0.66158,d,1,474.2
816,2111,42111,53,67,4,pseudoword,low,zoud,4,4,external,d,k,1.3333333333333333,0.3996,d,1,600.07
816,1212,41212,98,67,4,word,high,grip,4,4,external,p,d,5.096774193548387,0.48985,p,1,614.39
816,2109,42109,99,67,4,pseudoword,low,glod,4,4,external,d,m,1.1333333333333333,0.58091,d,1,475.25
816,2232,42232,101,67,4,pseudoword,high,ghade,5,4,internal,d,c,3.566666666666667,0.66158,c,0,765.46
816,2123,42123,102,67,4,pseudoword,low,blug,4,4,external,g,t,1.1333333333333333,0.44178,g,1,776.34
816,1115,41115,103,67,4,word,low,beam,4,4,external,m,t,1.0666666666666667,0.52674,m,1,495.55
816,3119,43119,104,67,4,consonant_string,low,gjkm,4,4,external,m,t,1.0666666666666667,0.52674,t,0,763.08
816,2133,42133,105,67,4,pseudoword,low,kide,4,3,internal,d,z,1.2333333333333334,0.52841,d,1,630.97
816,1248,41248,106,67,4,word,high,sake,4,3,internal,k,l,2.8,0.53572,k,1,557.17
816,1109,41109,107,67,4,word,low,seed,4,4,external,d,m,1.1333333333333333,0.58091,d,1,425.69
816,1222,41222,108,67,4,word,high,swag,4,4,external,g,p,4.5,0.55857,g,1,910.89
816,3125,43125,109,67,4,consonant_string,low,fhgv,4,3,internal,g,k,1.1666666666666667,0.37222,g,1,793.78
816,2119,42119,110,67,4,pseudoword,low,chom,4,4,external,m,t,1.0666666666666667,0.52674,m,1,506.33
816,3226,43226,112,67,4,consonant_string,high,lqvg,4,4,external,g,d,4.1,0.62488,d,0,774.87
816,2226,42226,113,67,4,pseudoword,high,yeng,4,4,external,g,d,4.1,0.62488,g,1,811.76
816,3212,43212,114,67,4,consonant_string,high,qmwp,4,4,external,p,d,5.096774193548387,0.48985,d,0,719.63
816,2105,42105,115,67,4,pseudoword,low,brupe,5,4,internal,p,v,1.1333333333333333,0.49111,p,1,760.17
816,2236,42236,116,67,4,pseudoword,high,plob,4,4,external,b,g,3.533333333333333,0.46543,b,1,807.06
816,1218,41218,73,67,4,word,high,home,4,3,internal,m,n,4.666666666666667,0.6574,m,1,814.65
816,3129,43129,74,67,4,consonant_string,low,dtfh,4,3,internal,f,n,1.2,0.53217,n,0,1231.55
816,2214,42214,75,67,4,pseudoword,high,dape,4,3,internal,p,b,5.066666666666666,0.70362,b,0,591.79
816,1123,41123,76,67,4,word,low,flag,4,4,external,g,t,1.1333333333333333,0.44178,g,1,526.32
816,3121,43121,77,67,4,consonant_string,low,fqcg,4,4,external,g,w,1.1666666666666667,0.52446,w,0,1089.54
816,2206,42206,79,67,4,pseudoword,high,strepe,6,5,internal,p,d,5.096774193548387,0.48985,d,0,659.77
816,2101,42101,80,67,4,pseudoword,low,snum,4,2,internal,n,t,1.1,0.6011,n,1,498.63
816,1147,41147,81,67,4,word,low,bale,4,3,internal,l,s,1.1,0.4218,l,1,470.16
816,2141,42141,82,67,4,pseudoword,low,bule,4,3,internal,l,n,1.3666666666666667,0.46775,l,1,490.01
816,3202,43202,83,67,4,consonant_string,high,knfc,4,2,internal,n,h,5.533333333333333,0.86536,n,1,501.21
816,3208,43208,84,67,4,consonant_string,high,cvsd,4,4,external,d,p,5.096774193548387,0.48985,d,1,643.74
816,3248,43248,85,67,4,consonant_string,high,dhkw,4,3,internal,k,l,2.8,0.53572,l,0,684.28
816,1234,41234,86,67,4,word,high,pride,5,4,internal,d,c,3.566666666666667,0.66158,d,1,473.48
816,3145,43145,87,67,4,consonant_string,low,hvwrt,5,4,internal,r,c,1.4,0.55867,r,1,792.34
816,3240,43240,88,67,4,consonant_string,high,gtln,4,3,internal,l,r,3.2580645161290325,0.56415,r,0,610.89
816,2143,42143,90,67,4,pseudoword,low,plur,4,4,external,r,d,1.3333333333333333,0.49182,r,1,477.76
816,3141,43141,91,67,4,consonant_string,low,pqlt,4,3,internal,l,n,1.3666666666666667,0.46775,n,0,419.94
816,1202,41202,92,67,4,word,high,snip,4,2,internal,n,h,5.533333333333333,0.86536,n,1,411.81
816,2107,42107,93,67,4,pseudoword,low,nood,4,4,external,d,r,1.3333333333333333,0.49182,d,1,481.65
816,3117,43117,94,67,4,consonant_string,low,htjm,4,4,external,m,b,1.2333333333333334,0.5784,m,1,733.86
816,3242,43242,95,67,4,consonant_string,high,wktl,4,4,external,l,r,3.2580645161290325,0.56415,r,0,741.06
816,2115,42115,96,67,4,pseudoword,low,gulm,4,4,external,m,t,1.0666666666666667,0.52674,t,0,840.28
816,1220,41220,97,67,4,word,high,gate,4,3,internal,t,l,4.5,0.47576,l,0,810.51
816,2125,42125,142,67,4,pseudoword,low,jege,4,3,internal,g,k,1.1666666666666667,0.37222,g,1,1045.26
816,1133,41133,143,67,4,word,low,fade,4,3,internal,d,z,1.2333333333333334,0.52841,d,1,468.83
816,1216,41216,2,67,4,word,high,mime,4,3,internal,m,n,4.666666666666667,0.6574,m,1,464.69
816,1125,41125,3,67,4,word,low,wage,4,3,internal,g,k,1.1666666666666667,0.37222,g,1,588.55
816,3115,43115,4,67,4,consonant_string,low,sfdm,4,4,external,m,t,1.0666666666666667,0.52674,t,0,830.76
816,2139,42139,5,67,4,pseudoword,low,glot,4,4,external,t,n,1.1,0.6011,t,1,640.97
816,3206,43206,6,67,4,consonant_string,high,jbfzpq,6,5,internal,p,d,5.096774193548387,0.48985,p,1,470.16
816,3234,43234,7,67,4,consonant_string,high,pfldr,5,4,internal,d,c,3.566666666666667,0.66158,d,1,591.03
816,3224,43224,8,67,4,consonant_string,high,gpts,4,3,internal,t,l,4.5,0.47576,t,1,696.23
816,1127,41127,9,67,4,word,low,wing,4,4,external,g,k,1.1666666666666667,0.37222,g,1,567.77
816,2127,42127,10,67,4,pseudoword,low,reng,4,4,external,g,k,1.1666666666666667,0.37222,g,1,440.63
816,3143,43143,11,67,4,consonant_string,low,fbvr,4,4,external,r,d,1.3333333333333333,0.49182,r,1,980.84
816,1208,41208,13,67,4,word,high,hood,4,4,external,d,p,5.096774193548387,0.48985,d,1,470.06
816,2117,42117,14,67,4,pseudoword,low,plim,4,4,external,m,b,1.2333333333333334,0.5784,b,0,369.91
816,2129,42129,15,67,4,pseudoword,low,vofe,4,3,internal,f,n,1.2,0.53217,f,1,649.76
816,2210,42210,16,67,4,pseudoword,high,fard,4,4,external,d,p,5.096774193548387,0.48985,d,1,524.3
816,1236,41236,17,67,4,word,high,stab,4,4,external,b,g,3.533333333333333,0.46543,b,1,878.18
816,3244,43244,18,67,4,consonant_string,high,qjfnd,5,4,internal,n,r,3.1333333333333333,0.62334,r,0,553.4
816,3230,43230,19,67,4,consonant_string,high,czhf,4,4,external,f,r,3.8,0.69632,f,1,843.93
816,1224,41224,20,67,4,word,high,bite,4,3,internal,t,l,4.5,0.47576,t,1,1222.5
816,2222,42222,21,67,4,pseudoword,high,sleg,4,4,external,g,p,4.5,0.55857,p,0,654.41
816,2216,42216,22,67,4,pseudoword,high,hime,4,3,internal,m,n,4.666666666666667,0.6574,n,0,824.96
816,2238,42238,24,67,4,pseudoword,high,jite,4,3,internal,t,r,3.3666666666666667,0.59892,t,1,613.83
816,2246,42246,25,67,4,pseudoword,high,proal,5,5,external,l,k,2.8,0.53572,k,0,536.7
816,1244,41244,26,67,4,word,high,stone,5,4,internal,n,r,3.1333333333333333,0.62334,n,1,808.9
816,3228,43228,27,67,4,consonant_string,high,vjnf,4,4,external,f,l,4.033333333333333,0.60982,l,0,437.78
816,2220,42220,28,67,4,pseudoword,high,wote,4,3,internal,t,l,4.5,0.47576,t,1,648.97
816,3131,43131,29,67,4,consonant_string,low,gjwds,5,4,internal,d,m,1.1333333333333333,0.58091,d,1,565.51
816,1240,41240,30,67,4,word,high,pole,4,3,internal,l,r,3.2580645161290325,0.56415,l,1,538.38
816,2234,42234,31,67,4,pseudoword,high,brode,5,4,internal,d,c,3.566666666666667,0.66158,d,1,550.57
816,2121,42121,32,67,4,pseudoword,low,quag,4,4,external,g,w,1.1666666666666667,0.52446,g,1,769.11
816,1117,41117,33,67,4,word,low,scam,4,4,external,m,b,1.2333333333333334,0.5784,m,1,534.98
816,1137,41137,35,67,4,word,low,stew,4,4,external,w,p,1.1666666666666667,0.53452,w,1,548.18
816,2147,42147,36,67,4,pseudoword,low,jile,4,3,internal,l,s,1.1,0.4218,l,1,720.71
816,1204,41204,37,67,4,word,high,skid,4,4,external,d,p,5.096774193548387,0.48985,p,0,1204.61
816,3103,43103,38,67,4,consonant_string,low,qsgpn,5,4,internal,p,v,1.1333333333333333,0.49111,p,1,724.19
816,1101,41101,39,67,4,word,low,snow,4,2,internal,n,t,1.1,0.6011,n,1,639.06
816,2248,42248,40,67,4,pseudoword,high,zoke,4,3,internal,k,l,2.8,0.53572,k,1,583.26
816,3216,43216,41,67,4,consonant_string,high,fsmt,4,3,internal,m,n,4.666666666666667,0.6574,m,1,983.47
816,3113,43113,42,67,4,consonant_string,low,rtcb,4,4,external,b,m,1.2333333333333334,0.5784,b,1,507.7
816,1111,41111,43,67,4,word,low,lead,4,4,external,d,k,1.3333333333333333,0.3996,d,1,1301.59
816,1121,41121,44,67,4,word,low,flog,4,4,external,g,w,1.1666666666666667,0.52446,g,1,653.16
816,1246,41246,46,67,4,word,high,steal,5,5,external,l,k,2.8,0.53572,k,0,557.7
816,3137,43137,47,67,4,consonant_string,low,gbcw,4,4,external,w,p,1.1666666666666667,0.53452,w,1,1230.59
816,3232,43232,48,67,4,consonant_string,high,vzldb,5,4,internal,d,c,3.566666666666667,0.66158,d,1,708.84
816,3218,43218,49,67,4,consonant_string,high,zsmj,4,3,internal,m,n,4.666666666666667,0.6574,m,1,651.71
816,1105,41105,50,67,4,word,low,grape,5,4,internal,p,v,1.1333333333333333,0.49111,p,1,661.25
816,3246,43246,119,67,4,consonant_string,high,bfnsl,5,5,external,l,k,2.8,0.53572,k,0,532.68
816,3139,43139,120,67,4,consonant_string,low,mvjt,4,4,external,t,n,1.1,0.6011,t,1,567.87
816,1206,41206,121,67,4,word,high,stripe,6,5,internal,p,d,5.096774193548387,0.48985,p,1,533.74
816,2135,42135,123,67,4,pseudoword,low,frab,4,4,external,b,w,1.1,0.5109,b,1,661.93
816,3220,43220,124,67,4,consonant_string,high,pktv,4,3,internal,t,l,4.5,0.47576,l,0,799.82
816,3222,43222,125,67,4,consonant_string,high,wbjg,4,4,external,g,p,4.5,0.55857,g,1,415.35
816,3111,43111,126,67,4,consonant_string,low,srfd,4,4,external,d,k,1.3333333333333333,0.3996,d,1,601.21
816,3109,43109,127,67,4,consonant_string,low,csbd,4,4,external,d,m,1.1333333333333333,0.58091,m,0,672.75
816,3135,43135,128,67,4,consonant_string,low,mkrb,4,4,external,b,w,1.1,0.5109,b,1,627.62
816,1226,41226,129,67,4,word,high,bang,4,4,external,g,d,4.1,0.62488,g,1,746.84
816,3107,43107,130,67,4,consonant_string,low,qvsd,4,4,external,d,r,1.3333333333333333,0.49182,d,1,499.38
816,2204,42204,117,67,4,pseudoword,high,swed,4,4,external,d,p,5.096774193548387,0.48985,p,0,524.6
816,1139,41139,118,67,4,word,low,spat,4,4,external,t,n,1.1,0.6011,n,0,737.47
816,1210,41210,134,67,4,word,high,weed,4,4,external,d,p,5.096774193548387,0.48985,d,1,697.01
816,2224,42224,135,67,4,pseudoword,high,jote,4,3,internal,t,l,4.5,0.47576,t,1,528.55
816,1230,41230,136,67,4,word,high,beef,4,4,external,f,r,3.8,0.69632,f,1,509.75
816,1113,41113,137,67,4,word,low,slab,4,4,external,b,m,1.2333333333333334,0.5784,b,1,545.6
816,1129,41129,138,67,4,word,low,wife,4,3,internal,f,n,1.2,0.53217,f,1,528.13
816,1135,41135,139,67,4,word,low,drab,4,4,external,b,w,1.1,0.5109,b,1,484.33
816,3204,43204,140,67,4,consonant_string,high,htwd,4,4,external,d,p,5.096774193548387,0.48985,d,1,519.52
816,2208,42208,141,67,4,pseudoword,high,vild,4,4,external,d,p,5.096774193548387,0.48985,d,1,673.38
816,2212,42212,132,67,4,pseudoword,high,glip,4,4,external,p,d,5.096774193548387,0.48985,p,1,1018.12
816,2113,42113,131,67,4,pseudoword,low,nalb,4,4,external,b,m,1.2333333333333334,0.5784,b,1,590.9
817,1148,11148,1,33,1,word,low,sake,4,3,internal,k,g,1.1666666666666667,0.37222,g,0,632.13
817,1217,11217,12,33,1,word,high,scam,4,4,external,m,n,4.666666666666667,0.6574,n,0,621.67
817,2203,12203,133,33,1,pseudoword,high,frope,5,4,internal,p,d,5.096774193548387,0.48985,p,1,1186.56
817,3231,13231,0,33,1,consonant_string,high,gjwds,5,4,internal,d,c,3.566666666666667,0.66158,d,1,1063.87
817,2126,12126,56,33,1,pseudoword,low,yeng,4,4,external,g,k,1.1666666666666667,0.37222,g,1,793.11
817,1247,11247,67,33,1,word,high,bale,4,3,internal,l,k,2.8,0.53572,l,1,555.98
817,1241,11241,78,33,1,word,high,file,4,3,internal,l,r,3.2580645161290325,0.56415,l,1,753.84
817,3207,13207,89,33,1,consonant_string,high,qvsd,4,4,external,d,p,5.096774193548387,0.48985,d,1,630.72
817,2211,12211,100,33,1,pseudoword,high,zoud,4,4,external,d,p,5.096774193548387,0.48985,d,1,667.25
817,3243,13243,111,33,1,consonant_string,high,fbvr,4,4,external,r,n,3.1333333333333333,0.62334,r,1,681.45
817,3237,13237,122,33,1,consonant_string,high,gbcw,4,4,external,w,m,3.4,0.62127,w,1,690.0
817,1130,11130,73,33,1,word,low,beef,4,4,external,f,p,1.6333333333333333,0.41008,f,1,609.55
817,3128,13128,74,33,1,consonant_string,low,vjnf,4,4,external,f,d,1.4333333333333333,0.51654,d,0,1283.78
817,1128,11128,75,33,1,word,low,reef,4,4,external,f,d,1.4333333333333333,0.51654,f,1,1239.37
817,3241,13241,76,33,1,consonant_string,high,pqlt,4,3,internal,l,r,3.2580645161290325,0.56415,r,0,795.96
817,3233,13233,77,33,1,consonant_string,high,vkdj,4,3,internal,d,c,3.566666666666667,0.66158,c,0,1415.86
817,3134,13134,79,33,1,consonant_string,low,pfldr,5,4,internal,d,m,1.1333333333333333,0.58091,d,1,1216.13
817,1110,11110,80,33,1,word,low,weed,4,4,external,d,k,1.3333333333333333,0.3996,d,1,1068.37
817,2205,12205,81,33,1,pseudoword,high,brupe,5,4,internal,p,d,5.096774193548387,0.48985,p,1,690.6
817,1233,11233,82,33,1,word,high,fade,4,3,internal,d,c,3.566666666666667,0.66158,d,1,851.16
817,3239,13239,83,33,1,consonant_string,high,mvjt,4,4,external,t,r,3.3666666666666667,0.59892,t,1,866.04
817,3227,13227,84,33,1,consonant_string,high,bvcg,4,4,external,g,d,4.1,0.62488,d,0,1878.3
817,1122,11122,85,33,1,word,low,swag,4,4,external,g,n,1.7,0.55212,g,1,631.91
817,1227,11227,86,33,1,word,high,wing,4,4,external,g,d,4.1,0.62488,g,1,810.44
817,3130,13130,87,33,1,consonant_string,low,czhf,4,4,external,f,p,1.6333333333333333,0.41008,f,1,697.66
817,2116,12116,88,33,1,pseudoword,low,hime,4,3,internal,m,l,1.0666666666666667,0.5113,m,1,711.54
817,1126,11126,90,33,1,word,low,bang,4,4,external,g,k,1.1666666666666667,0.37222,g,1,642.73
817,1201,11201,91,33,1,word,high,snow,4,2,internal,n,h,5.533333333333333,0.86536,n,1,640.6
817,2225,12225,23,33,1,pseudoword,high,jege,4,3,internal,g,d,4.1,0.62488,d,0,1231.89
817,2209,12209,34,33,1,pseudoword,high,glod,4,4,external,d,p,5.096774193548387,0.48985,p,0,1315.48
817,3108,13108,45,33,1,consonant_string,low,cvsd,4,4,external,d,k,1.3333333333333333,0.3996,d,1,534.72
817,1140,11140,51,33,1,word,low,pole,4,3,internal,l,s,1.1,0.4218,l,1,523.25
817,3126,13126,52,33,1,consonant_string,low,lqvg,4,4,external,g,k,1.1666666666666667,0.37222,g,1,580.43
817,2122,12122,53,33,1,pseudoword,low,sleg,4,4,external,g,n,1.7,0.55212,g,1,828.97
817,2104,12104,54,33,1,pseudoword,low,swed,4,4,external,d,m,1.1333333333333333,0.58091,d,1,593.52
817,1207,11207,55,33,1,word,high,read,4,4,external,d,p,5.096774193548387,0.48985,p,0,1129.4
817,1223,11223,57,33,1,word,high,flag,4,4,external,g,p,4.5,0.55857,p,0,571.96
817,3217,13217,58,33,1,consonant_string,high,htjm,4,4,external,m,n,4.666666666666667,0.6574,n,0,1141.19
817,2146,12146,59,33,1,pseudoword,low,proal,5,5,external,l,m,1.0666666666666667,0.5113,m,0,1235.1
817,3209,13209,60,33,1,consonant_string,high,csbd,4,4,external,d,p,5.096774193548387,0.48985,d,1,1075.69
817,3201,13201,61,33,1,consonant_string,high,znsq,4,2,internal,n,h,5.533333333333333,0.86536,h,0,1118.26
817,3120,13120,62,33,1,consonant_string,low,pktv,4,3,internal,t,m,1.0666666666666667,0.52674,t,1,714.5
817,1138,11138,63,33,1,word,low,date,4,3,internal,t,m,1.0666666666666667,0.52674,t,1,890.72
817,1114,11114,64,33,1,word,low,rope,4,3,internal,p,s,1.2580645161290323,0.5767,p,1,459.26
817,2102,12102,65,33,1,pseudoword,low,snad,4,2,internal,n,l,1.3666666666666667,0.46775,n,1,1152.47
817,3122,13122,66,33,1,consonant_string,low,wbjg,4,4,external,g,n,1.7,0.55212,n,0,1090.39
817,2223,12223,68,33,1,pseudoword,high,blug,4,4,external,g,p,4.5,0.55857,p,0,1263.96
817,2235,12235,69,33,1,pseudoword,high,frab,4,4,external,b,g,3.533333333333333,0.46543,b,1,952.22
817,2219,12219,70,33,1,pseudoword,high,chom,4,4,external,m,n,4.666666666666667,0.6574,n,0,868.11
817,3114,13114,71,33,1,consonant_string,low,klpj,4,3,internal,p,s,1.2580645161290323,0.5767,p,1,2317.4
817,3203,13203,72,33,1,consonant_string,high,qsgpn,5,4,internal,p,d,5.096774193548387,0.48985,p,1,557.69
817,3138,13138,116,33,1,consonant_string,low,njtb,4,3,internal,t,m,1.0666666666666667,0.52674,t,1,621.76
817,3106,13106,117,33,1,consonant_string,low,jbfzpq,6,5,internal,p,v,1.1333333333333333,0.49111,p,1,1155.99
817,2144,12144,118,33,1,pseudoword,low,slone,5,4,internal,n,k,1.5333333333333334,0.52768,k,0,1014.89
817,2142,12142,119,33,1,pseudoword,low,drol,4,4,external,l,m,1.0666666666666667,0.5113,l,1,979.13
817,2108,12108,120,33,1,pseudoword,low,vild,4,4,external,d,k,1.3333333333333333,0.3996,d,1,980.69
817,1225,11225,121,33,1,word,high,wage,4,3,internal,g,d,4.1,0.62488,g,1,625.25
817,1205,11205,123,33,1,word,high,grape,5,4,internal,p,d,5.096774193548387,0.48985,p,1,460.78
817,2239,12239,124,33,1,pseudoword,high,glot,4,4,external,t,r,3.3666666666666667,0.59892,t,1,1103.99
817,1132,11132,125,33,1,word,low,spade,5,4,internal,d,r,1.3333333333333333,0.49182,d,1,596.88
817,3223,13223,126,33,1,consonant_string,high,vlbg,4,4,external,g,p,4.5,0.55857,p,0,1691.79
817,3211,13211,127,33,1,consonant_string,high,srfd,4,4,external,d,p,5.096774193548387,0.48985,d,1,1009.74
817,1146,11146,128,33,1,word,low,steal,5,5,external,l,m,1.0666666666666667,0.5113,l,1,497.96
817,1211,11211,129,33,1,word,high,lead,4,4,external,d,p,5.096774193548387,0.48985,d,1,887.82
817,1104,11104,130,33,1,word,low,skid,4,4,external,d,m,1.1333333333333333,0.58091,d,1,1247.4
817,2213,12213,131,33,1,pseudoword,high,nalb,4,4,external,b,p,5.066666666666666,0.70362,b,1,1397.32
817,3229,13229,132,33,1,consonant_string,high,dtfh,4,3,internal,f,r,3.8,0.69632,f,1,1782.29
817,2130,12130,134,33,1,pseudoword,low,zeaf,4,4,external,f,p,1.6333333333333333,0.41008,f,1,793.89
817,1229,11229,135,33,1,word,high,wife,4,3,internal,f,r,3.8,0.69632,f,1,662.77
817,2124,12124,136,33,1,pseudoword,low,jote,4,3,internal,t,d,1.3666666666666667,0.47786,t,1,798.98
817,3118,13118,137,33,1,consonant_string,low,zsmj,4,3,internal,m,l,1.0666666666666667,0.5113,m,1,1163.88
817,1231,11231,138,33,1,word,high,slide,5,4,internal,d,c,3.566666666666667,0.66158,d,1,735.11
817,2215,12215,139,33,1,pseudoword,high,gulm,4,4,external,m,n,4.666666666666667,0.6574,m,1,813.66
817,2110,12110,140,33,1,pseudoword,low,fard,4,4,external,d,k,1.3333333333333333,0.3996,k,0,917.89
817,2237,12237,141,33,1,pseudoword,high,blaw,4,4,external,w,m,3.4,0.62127,w,1,713.11
817,1213,11213,142,33,1,word,high,slab,4,4,external,b,p,5.066666666666666,0.70362,b,1,1161.33
817,1144,11144,143,33,1,word,low,stone,5,4,internal,n,k,1.5333333333333334,0.52768,n,1,758.56
817,1108,11108,2,33,1,word,low,hood,4,4,external,d,k,1.3333333333333333,0.3996,d,1,706.44
817,1235,11235,3,33,1,word,high,drab,4,4,external,b,g,3.533333333333333,0.46543,g,0,939.32
817,2247,12247,4,33,1,pseudoword,high,jile,4,3,internal,l,k,2.8,0.53572,k,0,1688.92
817,2128,12128,5,33,1,pseudoword,low,goif,4,4,external,f,d,1.4333333333333333,0.51654,f,1,506.5
817,1239,11239,6,33,1,word,high,spat,4,4,external,t,r,3.3666666666666667,0.59892,r,0,1043.38
817,3215,13215,7,33,1,consonant_string,high,sfdm,4,4,external,m,n,4.666666666666667,0.6574,n,0,1088.29
817,2106,12106,8,33,1,pseudoword,low,strepe,6,5,internal,p,v,1.1333333333333333,0.49111,v,0,657.86
817,3136,13136,9,33,1,consonant_string,low,hfwb,4,4,external,b,r,1.2666666666666666,0.51424,b,1,994.07
817,3116,13116,10,33,1,consonant_string,low,fsmt,4,3,internal,m,l,1.0666666666666667,0.5113,l,0,1293.99
817,2221,12221,11,33,1,pseudoword,high,quag,4,4,external,g,p,4.5,0.55857,g,1,1046.91
817,3221,13221,13,33,1,consonant_string,high,fqcg,4,4,external,g,p,4.5,0.55857,g,1,834.81
817,1245,11245,14,33,1,word,high,spire,5,4,internal,r,n,3.1333333333333333,0.62334,r,1,933.36
817,1203,11203,15,33,1,word,high,shape,5,4,internal,p,d,5.096774193548387,0.48985,p,1,746.92
817,3124,13124,16,33,1,consonant_string,low,gpts,4,3,internal,t,d,1.3666666666666667,0.47786,d,0,630.8
817,3148,13148,17,33,1,consonant_string,low,dhkw,4,3,internal,k,g,1.1666666666666667,0.37222,k,1,853.34
817,2140,12140,18,33,1,pseudoword,low,hule,4,3,internal,l,s,1.1,0.4218,l,1,636.22
817,1136,11136,19,33,1,word,low,stab,4,4,external,b,r,1.2666666666666666,0.51424,b,1,609.75
817,1209,11209,20,33,1,word,high,seed,4,4,external,d,p,5.096774193548387,0.48985,d,1,738.96
817,2217,12217,21,33,1,pseudoword,high,plim,4,4,external,m,n,4.666666666666667,0.6574,m,1,620.48
817,2132,12132,22,33,1,pseudoword,low,ghade,5,4,internal,d,r,1.3333333333333333,0.49182,d,1,699.69
817,2118,12118,24,33,1,pseudoword,low,vume,4,3,internal,m,l,1.0666666666666667,0.5113,m,1,843.56
817,1116,11116,25,33,1,word,low,mime,4,3,internal,m,l,1.0666666666666667,0.5113,m,1,749.45
817,1219,11219,26,33,1,word,high,warm,4,4,external,m,n,4.666666666666667,0.6574,n,0,629.32
817,3245,13245,27,33,1,consonant_string,high,hvwrt,5,4,internal,r,n,3.1333333333333333,0.62334,n,0,1273.88
817,3110,13110,28,33,1,consonant_string,low,lsbd,4,4,external,d,k,1.3333333333333333,0.3996,k,0,764.12
817,3146,13146,29,33,1,consonant_string,low,bfnsl,5,5,external,l,m,1.0666666666666667,0.5113,m,0,647.35
817,3247,13247,30,33,1,consonant_string,high,gnlt,4,3,internal,l,k,2.8,0.53572,k,0,671.22
817,1215,11215,31,33,1,word,high,beam,4,4,external,m,n,4.666666666666667,0.6574,n,0,529.42
817,3112,13112,32,33,1,consonant_string,low,qmwp,4,4,external,p,t,1.3333333333333333,0.53002,p,1,1105.97
817,1243,11243,33,33,1,word,high,moor,4,4,external,r,n,3.1333333333333333,0.62334,r,1,1240.89
817,1118,11118,35,33,1,word,low,home,4,3,internal,m,l,1.0666666666666667,0.5113,m,1,598.47
817,2136,12136,36,33,1,pseudoword,low,plob,4,4,external,b,r,1.2666666666666666,0.51424,b,1,481.32
817,3104,13104,37,33,1,consonant_string,low,htwd,4,4,external,d,m,1.1333333333333333,0.58091,m,0,585.84
817,1134,11134,38,33,1,word,low,pride,5,4,internal,d,m,1.1333333333333333,0.58091,d,1,1202.39
817,2148,12148,39,33,1,pseudoword,low,zoke,4,3,internal,k,g,1.1666666666666667,0.37222,k,1,956.31
817,2120,12120,40,33,1,pseudoword,low,wote,4,3,internal,t,m,1.0666666666666667,0.52674,t,1,1817.23
817,2241,12241,41,33,1,pseudoword,high,bule,4,3,internal,l,r,3.2580645161290325,0.56415,l,1,615.51
817,3235,13235,42,33,1,consonant_string,high,mkrb,4,4,external,b,g,3.533333333333333,0.46543,b,1,835.71
817,2207,12207,43,33,1,pseudoword,high,nood,4,4,external,d,p,5.096774193548387,0.48985,d,1,608.26
817,3213,13213,44,33,1,consonant_string,high,rtcb,4,4,external,b,p,5.066666666666666,0.70362,b,1,901.13
817,2134,12134,46,33,1,pseudoword,low,brode,5,4,internal,d,m,1.1333333333333333,0.58091,d,1,603.02
817,3132,13132,47,33,1,consonant_string,low,vzldb,5,4,internal,d,r,1.3333333333333333,0.49182,d,1,1376.91
817,2243,12243,48,33,1,pseudoword,high,plur,4,4,external,r,n,3.1333333333333333,0.62334,r,1,618.5
817,2201,12201,49,33,1,pseudoword,high,snum,4,2,internal,n,h,5.533333333333333,0.86536,n,1,1597.73
817,2138,12138,50,33,1,pseudoword,low,jite,4,3,internal,t,m,1.0666666666666667,0.52674,t,1,974.66
817,1120,11120,105,33,1,word,low,gate,4,3,internal,t,m,1.0666666666666667,0.52674,m,0,1458.29
817,3142,13142,106,33,1,consonant_string,low,wktl,4,4,external,l,m,1.0666666666666667,0.5113,m,0,645.21
817,2245,12245,107,33,1,pseudoword,high,swork,5,4,internal,r,n,3.1333333333333333,0.62334,r,1,1522.11
817,1124,11124,108,33,1,word,low,bite,4,3,internal,t,d,1.3666666666666667,0.47786,t,1,494.36
817,1221,11221,109,33,1,word,high,flog,4,4,external,g,p,4.5,0.55857,g,1,760.22
817,1112,11112,110,33,1,word,low,grip,4,4,external,p,t,1.3333333333333333,0.53002,t,0,1069.45
817,1106,11106,112,33,1,word,low,stripe,6,5,internal,p,v,1.1333333333333333,0.49111,v,0,1065.69
817,3140,13140,113,33,1,consonant_string,low,gtln,4,3,internal,l,s,1.1,0.4218,l,1,750.92
817,2231,12231,114,33,1,pseudoword,high,spode,5,4,internal,d,c,3.566666666666667,0.66158,d,1,725.8
817,3205,13205,115,33,1,consonant_string,high,fcmpk,5,4,internal,p,d,5.096774193548387,0.48985,p,1,444.9
817,2227,12227,101,33,1,pseudoword,high,reng,4,4,external,g,d,4.1,0.62488,d,0,925.32
817,3225,13225,102,33,1,consonant_string,high,fhgv,4,3,internal,g,d,4.1,0.62488,d,0,1318.89
817,2114,12114,103,33,1,pseudoword,low,dape,4,3,internal,p,s,1.2580645161290323,0.5767,p,1,653.14
817,3219,13219,104,33,1,consonant_string,high,gjkm,4,4,external,m,n,4.666666666666667,0.6574,m,1,1158.02
817,1102,11102,95,33,1,word,low,snip,4,2,internal,n,l,1.3666666666666667,0.46775,n,1,939.83
817,1237,11237,92,33,1,word,high,stew,4,4,external,w,m,3.4,0.62127,w,1,623.15
817,1142,11142,93,33,1,word,low,seal,4,4,external,l,m,1.0666666666666667,0.5113,m,0,663.35
817,3144,13144,94,33,1,consonant_string,low,qjfnd,5,4,internal,n,k,1.5333333333333334,0.52768,n,1,1314.58
817,2229,12229,99,33,1,pseudoword,high,vofe,4,3,internal,f,r,3.8,0.69632,r,0,863.1
817,2233,12233,96,33,1,pseudoword,high,kide,4,3,internal,d,c,3.566666666666667,0.66158,d,1,1287.41
817,2112,12112,97,33,1,pseudoword,low,glip,4,4,external,p,t,1.3333333333333333,0.53002,p,1,526.98
817,3102,13102,98,33,1,consonant_string,low,knfc,4,2,internal,n,l,1.3666666666666667,0.46775,l,0,1027.52
818,3210,23210,42,33,2,consonant_string,high,lsbd,4,4,external,d,p,5.096774193548387,0.48985,d,1,499.17
818,1107,21107,38,33,2,word,low,read,4,4,external,d,r,1.3333333333333333,0.49182,d,1,348.02
818,1222,21222,39,33,2,word,high,swag,4,4,external,g,p,4.5,0.55857,p,0,507.86
818,3214,23214,40,33,2,consonant_string,high,klpj,4,3,internal,p,b,5.066666666666666,0.70362,p,1,996.08
818,3109,23109,41,33,2,consonant_string,low,csbd,4,4,external,d,m,1.1333333333333333,0.58091,d,1,673.97
818,3218,23218,65,33,2,consonant_string,high,zsmj,4,3,internal,m,n,4.666666666666667,0.6574,n,0,429.57
818,2105,22105,43,33,2,pseudoword,low,brupe,5,4,internal,p,v,1.1333333333333333,0.49111,p,1,664.03
818,1117,21117,44,33,2,word,low,scam,4,4,external,m,b,1.2333333333333334,0.5784,m,1,820.24
818,3117,23117,46,33,2,consonant_string,low,htjm,4,4,external,m,b,1.2333333333333334,0.5784,m,1,703.46
818,2202,22202,47,33,2,pseudoword,high,snad,4,2,internal,n,h,5.533333333333333,0.86536,h,0,950.34
818,3127,23127,48,33,2,consonant_string,low,bvcg,4,4,external,g,k,1.1666666666666667,0.37222,g,1,557.23
818,3234,23234,49,33,2,consonant_string,high,pfldr,5,4,internal,d,c,3.566666666666667,0.66158,d,1,410.07
818,3238,23238,50,33,2,consonant_string,high,njtb,4,3,internal,t,r,3.3666666666666667,0.59892,r,0,996.29
818,2137,22137,60,33,2,pseudoword,low,blaw,4,4,external,w,p,1.1666666666666667,0.53452,w,1,527.95
818,2246,22246,61,33,2,pseudoword,high,proal,5,5,external,l,k,2.8,0.53572,l,1,457.47
818,3123,23123,62,33,2,consonant_string,low,vlbg,4,4,external,g,t,1.1333333333333333,0.44178,g,1,648.33
818,3208,23208,63,33,2,consonant_string,high,cvsd,4,4,external,d,p,5.096774193548387,0.48985,p,0,452.2
818,2210,22210,64,33,2,pseudoword,high,fard,4,4,external,d,p,5.096774193548387,0.48985,d,1,534.05
818,3230,23230,27,33,2,consonant_string,high,czhf,4,4,external,f,r,3.8,0.69632,r,0,468.15
818,1224,21224,28,33,2,word,high,bite,4,3,internal,t,l,4.5,0.47576,t,1,623.35
818,3204,23204,29,33,2,consonant_string,high,htwd,4,4,external,d,p,5.096774193548387,0.48985,d,1,462.54
818,2135,22135,30,33,2,pseudoword,low,frab,4,4,external,b,w,1.1,0.5109,b,1,370.73
818,1143,21143,31,33,2,word,low,moor,4,4,external,r,d,1.3333333333333333,0.49182,d,0,354.9
818,3226,23226,32,33,2,consonant_string,high,lqvg,4,4,external,g,d,4.1,0.62488,g,1,480.75
818,1105,21105,33,33,2,word,low,grape,5,4,internal,p,v,1.1333333333333333,0.49111,p,1,460.26
818,1137,21137,35,33,2,word,low,stew,4,4,external,w,p,1.1666666666666667,0.53452,w,1,451.46
818,3145,23145,36,33,2,consonant_string,low,hvwrt,5,4,internal,r,c,1.4,0.55867,r,1,490.3
818,2214,22214,37,33,2,pseudoword,high,dape,4,3,internal,p,b,5.066666666666666,0.70362,p,1,572.82
818,1234,21234,92,33,2,word,high,pride,5,4,internal,d,c,3.566666666666667,0.66158,d,1,463.01
818,1216,21216,93,33,2,word,high,mime,4,3,internal,m,n,4.666666666666667,0.6574,m,1,536.19
818,2147,22147,94,33,2,pseudoword,low,jile,4,3,internal,l,s,1.1,0.4218,l,1,460.72
818,2216,22216,95,33,2,pseudoword,high,hime,4,3,internal,m,n,4.666666666666667,0.6574,n,0,613.91
818,1218,21218,96,33,2,word,high,home,4,3,internal,m,n,4.666666666666667,0.6574,m,1,497.1
818,3222,23222,97,33,2,consonant_string,high,wbjg,4,4,external,g,p,4.5,0.55857,g,1,478.96
818,3224,23224,98,33,2,consonant_string,high,gpts,4,3,internal,t,l,4.5,0.47576,l,0,476.48
818,2125,22125,99,33,2,pseudoword,low,jege,4,3,internal,g,k,1.1666666666666667,0.37222,g,1,438.0
818,3113,23113,101,33,2,consonant_string,low,rtcb,4,4,external,b,m,1.2333333333333334,0.5784,m,0,491.52
818,1240,21240,102,33,2,word,high,pole,4,3,internal,l,r,3.2580645161290325,0.56415,l,1,446.38
818,2248,22248,103,33,2,pseudoword,high,zoke,4,3,internal,k,l,2.8,0.53572,k,1,468.23
818,1141,21141,104,33,2,word,low,file,4,3,internal,l,n,1.3666666666666667,0.46775,l,1,375.41
818,2224,22224,105,33,2,pseudoword,high,jote,4,3,internal,t,l,4.5,0.47576,l,0,866.94
818,2208,22208,106,33,2,pseudoword,high,vild,4,4,external,d,p,5.096774193548387,0.48985,d,1,1365.19
818,2139,22139,107,33,2,pseudoword,low,glot,4,4,external,t,n,1.1,0.6011,t,1,476.42
818,3121,23121,108,33,2,consonant_string,low,fqcg,4,4,external,g,w,1.1666666666666667,0.52446,g,1,507.95
818,2145,22145,109,33,2,pseudoword,low,swork,5,4,internal,r,c,1.4,0.55867,r,1,484.14
818,2212,22212,110,33,2,pseudoword,high,glip,4,4,external,p,d,5.096774193548387,0.48985,p,1,635.66
818,3115,23115,112,33,2,consonant_string,low,sfdm,4,4,external,m,t,1.0666666666666667,0.52674,t,0,486.19
818,2115,22115,113,33,2,pseudoword,low,gulm,4,4,external,m,t,1.0666666666666667,0.52674,t,0,429.7
818,1125,21125,114,33,2,word,low,wage,4,3,internal,g,k,1.1666666666666667,0.37222,g,1,394.21
818,2238,22238,115,33,2,pseudoword,high,jite,4,3,internal,t,r,3.3666666666666667,0.59892,t,1,465.29
818,2206,22206,116,33,2,pseudoword,high,strepe,6,5,internal,p,d,5.096774193548387,0.48985,p,1,657.49
818,1109,21109,117,33,2,word,low,seed,4,4,external,d,m,1.1333333333333333,0.58091,d,1,498.36
818,2103,22103,118,33,2,pseudoword,low,frope,5,4,internal,p,v,1.1333333333333333,0.49111,p,1,401.2
818,3228,23228,119,33,2,consonant_string,high,vjnf,4,4,external,f,l,4.033333333333333,0.60982,f,1,426.05
818,2226,22226,120,33,2,pseudoword,high,yeng,4,4,external,g,d,4.1,0.62488,d,0,355.57
818,3216,23216,121,33,2,consonant_string,high,fsmt,4,3,internal,m,n,4.666666666666667,0.6574,n,0,509.42
818,3125,23125,123,33,2,consonant_string,low,fhgv,4,3,internal,g,k,1.1666666666666667,0.37222,g,1,370.6
818,3212,23212,124,33,2,consonant_string,high,qmwp,4,4,external,p,d,5.096774193548387,0.48985,d,0,749.79
818,2143,22143,125,33,2,pseudoword,low,plur,4,4,external,r,d,1.3333333333333333,0.49182,d,0,590.66
818,2230,22230,126,33,2,pseudoword,high,zeaf,4,4,external,f,r,3.8,0.69632,r,0,580.2
818,3220,23220,127,33,2,consonant_string,high,pktv,4,3,internal,t,l,4.5,0.47576,l,0,454.72
818,1208,21208,128,33,2,word,high,hood,4,4,external,d,p,5.096774193548387,0.48985,d,1,479.57
818,2232,22232,129,33,2,pseudoword,high,ghade,5,4,internal,d,c,3.566666666666667,0.66158,d,1,707.1
818,1145,21145,130,33,2,word,low,spire,5,4,internal,r,c,1.4,0.55867,r,1,512.97
818,3137,23137,131,33,2,consonant_string,low,gbcw,4,4,external,w,p,1.1666666666666667,0.53452,w,1,457.16
818,2240,22240,132,33,2,pseudoword,high,hule,4,3,internal,l,r,3.2580645161290325,0.56415,l,1,727.02
818,3129,23129,134,33,2,consonant_string,low,dtfh,4,3,internal,f,n,1.2,0.53217,n,0,558.56
818,3244,23244,135,33,2,consonant_string,high,qjfnd,5,4,internal,n,r,3.1333333333333333,0.62334,n,1,464.42
818,2242,22242,136,33,2,pseudoword,high,drol,4,4,external,l,r,3.2580645161290325,0.56415,l,1,504.61
818,2204,22204,137,33,2,pseudoword,high,swed,4,4,external,d,p,5.096774193548387,0.48985,p,0,470.46
818,1246,21246,138,33,2,word,high,steal,5,5,external,l,k,2.8,0.53572,l,1,438.64
818,1230,21230,139,33,2,word,high,beef,4,4,external,f,r,3.8,0.69632,f,1,480.17
818,1127,21127,140,33,2,word,low,wing,4,4,external,g,k,1.1666666666666667,0.37222,g,1,447.68
818,3232,23232,141,33,2,consonant_string,high,vzldb,5,4,internal,d,c,3.566666666666667,0.66158,d,1,629.54
818,2109,22109,142,33,2,pseudoword,low,glod,4,4,external,d,m,1.1333333333333333,0.58091,d,1,461.07
818,1131,21131,143,33,2,word,low,slide,5,4,internal,d,m,1.1333333333333333,0.58091,d,1,465.26
818,1228,21228,2,33,2,word,high,reef,4,4,external,f,l,4.033333333333333,0.60982,f,1,544.44
818,3139,23139,3,33,2,consonant_string,low,mvjt,4,4,external,t,n,1.1,0.6011,t,1,429.3
818,3242,23242,4,33,2,consonant_string,high,wktl,4,4,external,l,r,3.2580645161290325,0.56415,l,1,685.82
818,1242,21242,5,33,2,word,high,seal,4,4,external,l,r,3.2580645161290325,0.56415,l,1,390.35
818,1113,21113,6,33,2,word,low,slab,4,4,external,b,m,1.2333333333333334,0.5784,b,1,437.87
818,3111,23111,7,33,2,consonant_string,low,srfd,4,4,external,d,k,1.3333333333333333,0.3996,d,1,565.39
818,1121,21121,8,33,2,word,low,flog,4,4,external,g,w,1.1666666666666667,0.52446,g,1,508.58
818,3147,23147,9,33,2,consonant_string,low,gnlt,4,3,internal,l,s,1.1,0.4218,l,1,416.45
818,2123,22123,10,33,2,pseudoword,low,blug,4,4,external,g,t,1.1333333333333333,0.44178,g,1,389.62
818,3135,23135,11,33,2,consonant_string,low,mkrb,4,4,external,b,w,1.1,0.5109,b,1,454.13
818,1115,21115,13,33,2,word,low,beam,4,4,external,m,t,1.0666666666666667,0.52674,m,1,385.98
818,3131,23131,14,33,2,consonant_string,low,gjwds,5,4,internal,d,m,1.1333333333333333,0.58091,d,1,344.48
818,2222,22222,15,33,2,pseudoword,high,sleg,4,4,external,g,p,4.5,0.55857,g,1,339.33
818,1111,21111,16,33,2,word,low,lead,4,4,external,d,k,1.3333333333333333,0.3996,d,1,413.83
818,1101,21101,17,33,2,word,low,snow,4,2,internal,n,t,1.1,0.6011,t,0,346.01
818,2234,22234,18,33,2,pseudoword,high,brode,5,4,internal,d,c,3.566666666666667,0.66158,d,1,1305.89
818,1248,21248,19,33,2,word,high,sake,4,3,internal,k,l,2.8,0.53572,k,1,445.8
818,2131,22131,20,33,2,pseudoword,low,spode,5,4,internal,d,m,1.1333333333333333,0.58091,m,0,440.64
818,3143,23143,21,33,2,consonant_string,low,fbvr,4,4,external,r,d,1.3333333333333333,0.49182,r,1,1008.18
818,1236,21236,22,33,2,word,high,stab,4,4,external,b,g,3.533333333333333,0.46543,b,1,524.06
818,1210,21210,24,33,2,word,high,weed,4,4,external,d,p,5.096774193548387,0.48985,d,1,532.26
818,3133,23133,25,33,2,consonant_string,low,vkdj,4,3,internal,d,z,1.2333333333333334,0.52841,d,1,510.78
818,3246,23246,26,33,2,consonant_string,high,bfnsl,5,5,external,l,k,2.8,0.53572,l,1,467.97
818,2107,22107,0,33,2,pseudoword,low,nood,4,4,external,d,r,1.3333333333333333,0.49182,d,1,605.31
818,3248,23248,56,33,2,consonant_string,high,dhkw,4,3,internal,k,l,2.8,0.53572,k,1,715.19
818,2101,22101,67,33,2,pseudoword,low,snum,4,2,internal,n,t,1.1,0.6011,n,1,636.39
818,1206,21206,78,33,2,word,high,stripe,6,5,internal,p,d,5.096774193548387,0.48985,p,1,654.93
818,2121,22121,89,33,2,pseudoword,low,quag,4,4,external,g,w,1.1666666666666667,0.52446,g,1,713.8
818,1147,21147,100,33,2,word,low,bale,4,3,internal,l,s,1.1,0.4218,l,1,534.01
818,1212,21212,111,33,2,word,high,grip,4,4,external,p,d,5.096774193548387,0.48985,p,1,622.54
818,1226,21226,122,33,2,word,high,bang,4,4,external,g,d,4.1,0.62488,g,1,518.73
818,1202,21202,133,33,2,word,high,snip,4,2,internal,n,h,5.533333333333333,0.86536,n,1,501.92
818,2111,22111,1,33,2,pseudoword,low,zoud,4,4,external,d,k,1.3333333333333333,0.3996,d,1,473.78
818,1238,21238,12,33,2,word,high,date,4,3,internal,t,r,3.3666666666666667,0.59892,t,1,608.96
818,3107,23107,23,33,2,consonant_string,low,qvsd,4,4,external,d,r,1.3333333333333333,0.49182,d,1,405.16
818,3105,23105,34,33,2,consonant_string,low,fcmpk,5,4,internal,p,v,1.1333333333333333,0.49111,v,0,453.01
818,1244,21244,45,33,2,word,high,stone,5,4,internal,n,r,3.1333333333333333,0.62334,n,1,560.87
818,3206,23206,51,33,2,consonant_string,high,jbfzpq,6,5,internal,p,d,5.096774193548387,0.48985,p,1,540.06
818,2218,22218,52,33,2,pseudoword,high,vume,4,3,internal,m,n,4.666666666666667,0.6574,n,0,490.58
818,1139,21139,53,33,2,word,low,spat,4,4,external,t,n,1.1,0.6011,t,1,767.12
818,3202,23202,54,33,2,consonant_string,high,knfc,4,2,internal,n,h,5.533333333333333,0.86536,n,1,568.33
818,3119,23119,55,33,2,consonant_string,low,gjkm,4,4,external,m,t,1.0666666666666667,0.52674,t,0,493.53
818,2220,22220,57,33,2,pseudoword,high,wote,4,3,internal,t,l,4.5,0.47576,t,1,563.37
818,2244,22244,58,33,2,pseudoword,high,slone,5,4,internal,n,r,3.1333333333333333,0.62334,n,1,466.57
818,3141,23141,59,33,2,consonant_string,low,pqlt,4,3,internal,l,n,1.3666666666666667,0.46775,l,1,518.76
818,2133,22133,74,33,2,pseudoword,low,kide,4,3,internal,d,z,1.2333333333333334,0.52841,d,1,479.19
818,3103,23103,75,33,2,consonant_string,low,qsgpn,5,4,internal,p,v,1.1333333333333333,0.49111,p,1,663.72
818,2119,22119,76,33,2,pseudoword,low,chom,4,4,external,m,t,1.0666666666666667,0.52674,t,0,548.91
818,1204,21204,77,33,2,word,high,skid,4,4,external,d,p,5.096774193548387,0.48985,d,1,863.79
818,2228,22228,79,33,2,pseudoword,high,goif,4,4,external,f,l,4.033333333333333,0.60982,f,1,443.0
818,2117,22117,80,33,2,pseudoword,low,plim,4,4,external,m,b,1.2333333333333334,0.5784,b,0,917.87
818,1232,21232,66,33,2,word,high,spade,5,4,internal,d,c,3.566666666666667,0.66158,d,1,463.08
818,1214,21214,68,33,2,word,high,rope,4,3,internal,p,b,5.066666666666666,0.70362,p,1,492.27
818,1220,21220,69,33,2,word,high,gate,4,3,internal,t,l,4.5,0.47576,t,1,564.14
818,2236,22236,70,33,2,pseudoword,high,plob,4,4,external,b,g,3.533333333333333,0.46543,b,1,983.34
818,2129,22129,71,33,2,pseudoword,low,vofe,4,3,internal,f,n,1.2,0.53217,f,1,864.92
818,2141,22141,72,33,2,pseudoword,low,bule,4,3,internal,l,n,1.3666666666666667,0.46775,l,1,550.12
818,3240,23240,73,33,2,consonant_string,high,gtln,4,3,internal,l,r,3.2580645161290325,0.56415,l,1,673.99
818,1129,21129,88,33,2,word,low,wife,4,3,internal,f,n,1.2,0.53217,f,1,453.77
818,1119,21119,90,33,2,word,low,warm,4,4,external,m,t,1.0666666666666667,0.52674,m,1,575.63
818,1103,21103,91,33,2,word,low,shape,5,4,internal,p,v,1.1333333333333333,0.49111,p,1,443.15
818,1123,21123,82,33,2,word,low,flag,4,4,external,g,t,1.1333333333333333,0.44178,g,1,519.28
818,3236,23236,83,33,2,consonant_string,high,hfwb,4,4,external,b,g,3.533333333333333,0.46543,b,1,475.47
818,1133,21133,84,33,2,word,low,fade,4,3,internal,d,z,1.2333333333333334,0.52841,d,1,406.0
818,2127,22127,81,33,2,pseudoword,low,reng,4,4,external,g,k,1.1666666666666667,0.37222,g,1,569.09
818,2113,22113,86,33,2,pseudoword,low,nalb,4,4,external,b,m,1.2333333333333334,0.5784,b,1,739.71
818,1135,21135,87,33,2,word,low,drab,4,4,external,b,w,1.1,0.5109,b,1,476.25
818,3101,23101,85,33,2,consonant_string,low,znsq,4,2,internal,n,t,1.1,0.6011,t,0,643.84
819,2217,32217,100,33,3,pseudoword,high,plim,4,4,external,m,n,4.666666666666667,0.6574,m,1,761.58
819,3116,33116,78,33,3,consonant_string,low,fsmt,4,3,internal,m,l,1.0666666666666667,0.5113,m,1,530.17
819,3239,33239,89,33,3,consonant_string,high,mvjt,4,4,external,t,r,3.3666666666666667,0.59892,r,0,754.71
819,1241,31241,0,33,3,word,high,file,4,3,internal,l,r,3.2580645161290325,0.56415,r,0,611.56
819,3233,33233,56,33,3,consonant_string,high,vkdj,4,3,internal,d,c,3.566666666666667,0.66158,c,0,726.77
819,3110,33110,67,33,3,consonant_string,low,lsbd,4,4,external,d,k,1.3333333333333333,0.3996,k,0,645.31
819,2138,32138,68,33,3,pseudoword,low,jite,4,3,internal,t,m,1.0666666666666667,0.52674,m,0,826.93
819,1114,31114,69,33,3,word,low,rope,4,3,internal,p,s,1.2580645161290323,0.5767,p,1,912.49
819,1144,31144,70,33,3,word,low,stone,5,4,internal,n,k,1.5333333333333334,0.52768,k,0,766.71
819,3245,33245,71,33,3,consonant_string,high,hvwrt,5,4,internal,r,n,3.1333333333333333,0.62334,n,0,883.92
819,3118,33118,72,33,3,consonant_string,low,zsmj,4,3,internal,m,l,1.0666666666666667,0.5113,l,0,787.49
819,1134,31134,73,33,3,word,low,pride,5,4,internal,d,m,1.1333333333333333,0.58091,d,1,1075.05
819,3108,33108,74,33,3,consonant_string,low,cvsd,4,4,external,d,k,1.3333333333333333,0.3996,d,1,898.28
819,1227,31227,75,33,3,word,high,wing,4,4,external,g,d,4.1,0.62488,d,0,1533.19
819,3130,33130,76,33,3,consonant_string,low,czhf,4,4,external,f,p,1.6333333333333333,0.41008,f,1,785.8
819,3134,33134,77,33,3,consonant_string,low,pfldr,5,4,internal,d,m,1.1333333333333333,0.58091,m,0,1396.37
819,3215,33215,79,33,3,consonant_string,high,sfdm,4,4,external,m,n,4.666666666666667,0.6574,m,1,1061.3
819,1126,31126,80,33,3,word,low,bang,4,4,external,g,k,1.1666666666666667,0.37222,g,1,1567.55
819,1148,31148,81,33,3,word,low,sake,4,3,internal,k,g,1.1666666666666667,0.37222,k,1,837.82
819,3243,33243,82,33,3,consonant_string,high,fbvr,4,4,external,r,n,3.1333333333333333,0.62334,n,0,1469.4
819,3219,33219,83,33,3,consonant_string,high,gjkm,4,4,external,m,n,4.666666666666667,0.6574,m,1,931.66
819,3237,33237,84,33,3,consonant_string,high,gbcw,4,4,external,w,m,3.4,0.62127,m,0,914.22
819,3126,33126,85,33,3,consonant_string,low,lqvg,4,4,external,g,k,1.1666666666666667,0.37222,k,0,871.46
819,1203,31203,86,33,3,word,high,shape,5,4,internal,p,d,5.096774193548387,0.48985,d,0,777.67
819,3146,33146,87,33,3,consonant_string,low,bfnsl,5,5,external,l,m,1.0666666666666667,0.5113,m,0,812.22
819,3223,33223,88,33,3,consonant_string,high,vlbg,4,4,external,g,p,4.5,0.55857,g,1,757.44
819,2134,32134,90,33,3,pseudoword,low,brode,5,4,internal,d,m,1.1333333333333333,0.58091,m,0,800.31
819,2231,32231,91,33,3,pseudoword,high,spode,5,4,internal,d,c,3.566666666666667,0.66158,d,1,928.21
819,2235,32235,92,33,3,pseudoword,high,frab,4,4,external,b,g,3.533333333333333,0.46543,g,0,1181.78
819,3213,33213,93,33,3,consonant_string,high,rtcb,4,4,external,b,p,5.066666666666666,0.70362,b,1,958.35
819,1221,31221,94,33,3,word,high,flog,4,4,external,g,p,4.5,0.55857,g,1,985.26
819,3112,33112,95,33,3,consonant_string,low,qmwp,4,4,external,p,t,1.3333333333333333,0.53002,p,1,830.82
819,1108,31108,96,33,3,word,low,hood,4,4,external,d,k,1.3333333333333333,0.3996,k,0,1028.38
819,3207,33207,97,33,3,consonant_string,high,qvsd,4,4,external,d,p,5.096774193548387,0.48985,d,1,855.95
819,1116,31116,98,33,3,word,low,mime,4,3,internal,m,l,1.0666666666666667,0.5113,m,1,1120.85
819,3217,33217,99,33,3,consonant_string,high,htjm,4,4,external,m,n,4.666666666666667,0.6574,m,1,805.08
819,2203,32203,101,33,3,pseudoword,high,frope,5,4,internal,p,d,5.096774193548387,0.48985,p,1,804.97
819,1106,31106,102,33,3,word,low,stripe,6,5,internal,p,v,1.1333333333333333,0.49111,v,0,1045.86
819,2207,32207,103,33,3,pseudoword,high,nood,4,4,external,d,p,5.096774193548387,0.48985,d,1,824.76
819,3221,33221,104,33,3,consonant_string,high,fqcg,4,4,external,g,p,4.5,0.55857,g,1,927.98
819,2120,32120,105,33,3,pseudoword,low,wote,4,3,internal,t,m,1.0666666666666667,0.52674,m,0,694.54
819,3106,33106,106,33,3,consonant_string,low,jbfzpq,6,5,internal,p,v,1.1333333333333333,0.49111,p,1,941.4
819,1235,31235,107,33,3,word,high,drab,4,4,external,b,g,3.533333333333333,0.46543,g,0,918.97
819,2142,32142,108,33,3,pseudoword,low,drol,4,4,external,l,m,1.0666666666666667,0.5113,m,0,963.21
819,2148,32148,109,33,3,pseudoword,low,zoke,4,3,internal,k,g,1.1666666666666667,0.37222,k,1,1003.45
819,2245,32245,110,33,3,pseudoword,high,swork,5,4,internal,r,n,3.1333333333333333,0.62334,n,0,840.35
819,3241,33241,112,33,3,consonant_string,high,pqlt,4,3,internal,l,r,3.2580645161290325,0.56415,r,0,804.91
819,1225,31225,113,33,3,word,high,wage,4,3,internal,g,d,4.1,0.62488,g,1,705.79
819,1124,31124,114,33,3,word,low,bite,4,3,internal,t,d,1.3666666666666667,0.47786,t,1,629.66
819,1243,31243,115,33,3,word,high,moor,4,4,external,r,n,3.1333333333333333,0.62334,n,0,664.24
819,1120,31120,116,33,3,word,low,gate,4,3,internal,t,m,1.0666666666666667,0.52674,t,1,698.45
819,2209,32209,117,33,3,pseudoword,high,glod,4,4,external,d,p,5.096774193548387,0.48985,p,0,877.33
819,2239,32239,118,33,3,pseudoword,high,glot,4,4,external,t,r,3.3666666666666667,0.59892,r,0,907.9
819,3124,33124,119,33,3,consonant_string,low,gpts,4,3,internal,t,d,1.3666666666666667,0.47786,t,1,657.12
819,2102,32102,120,33,3,pseudoword,low,snad,4,2,internal,n,l,1.3666666666666667,0.46775,l,0,713.98
819,1217,31217,121,33,3,word,high,scam,4,4,external,m,n,4.666666666666667,0.6574,m,1,720.19
819,1136,31136,123,33,3,word,low,stab,4,4,external,b,r,1.2666666666666666,0.51424,r,0,856.41
819,3205,33205,124,33,3,consonant_string,high,fcmpk,5,4,internal,p,d,5.096774193548387,0.48985,p,1,806.3
819,2140,32140,125,33,3,pseudoword,low,hule,4,3,internal,l,s,1.1,0.4218,s,0,951.2
819,2132,32132,126,33,3,pseudoword,low,ghade,5,4,internal,d,r,1.3333333333333333,0.49182,r,0,677.08
819,2237,32237,127,33,3,pseudoword,high,blaw,4,4,external,w,m,3.4,0.62127,m,0,1601.65
819,1118,31118,128,33,3,word,low,home,4,3,internal,m,l,1.0666666666666667,0.5113,m,1,1102.59
819,3142,33142,129,33,3,consonant_string,low,wktl,4,4,external,l,m,1.0666666666666667,0.5113,l,1,1137.5
819,3227,33227,130,33,3,consonant_string,high,bvcg,4,4,external,g,d,4.1,0.62488,g,1,1061.09
819,3122,33122,131,33,3,consonant_string,low,wbjg,4,4,external,g,n,1.7,0.55212,g,1,939.32
819,1233,31233,132,33,3,word,high,fade,4,3,internal,d,c,3.566666666666667,0.66158,c,0,846.88
819,3114,33114,134,33,3,consonant_string,low,klpj,4,3,internal,p,s,1.2580645161290323,0.5767,p,1,786.77
819,1142,31142,135,33,3,word,low,seal,4,4,external,l,m,1.0666666666666667,0.5113,l,1,1016.33
819,3211,33211,136,33,3,consonant_string,high,srfd,4,4,external,d,p,5.096774193548387,0.48985,d,1,1130.59
819,1239,31239,137,33,3,word,high,spat,4,4,external,t,r,3.3666666666666667,0.59892,t,1,1374.16
819,3120,33120,138,33,3,consonant_string,low,pktv,4,3,internal,t,m,1.0666666666666667,0.52674,t,1,1734.44
819,1201,31201,139,33,3,word,high,snow,4,2,internal,n,h,5.533333333333333,0.86536,h,0,1228.07
819,1209,31209,140,33,3,word,high,seed,4,4,external,d,p,5.096774193548387,0.48985,d,1,1114.65
819,1229,31229,141,33,3,word,high,wife,4,3,internal,f,r,3.8,0.69632,r,0,1043.9
819,2225,32225,142,33,3,pseudoword,high,jege,4,3,internal,g,d,4.1,0.62488,d,0,911.81
819,2211,32211,143,33,3,pseudoword,high,zoud,4,4,external,d,p,5.096774193548387,0.48985,d,1,1012.04
819,2201,32201,2,33,3,pseudoword,high,snum,4,2,internal,n,h,5.533333333333333,0.86536,h,0,1331.28
819,2114,32114,3,33,3,pseudoword,low,dape,4,3,internal,p,s,1.2580645161290323,0.5767,p,1,1374.9
819,1237,31237,4,33,3,word,high,stew,4,4,external,w,m,3.4,0.62127,w,1,789.14
819,2136,32136,5,33,3,pseudoword,low,plob,4,4,external,b,r,1.2666666666666666,0.51424,b,1,1162.7
819,2116,32116,6,33,3,pseudoword,low,hime,4,3,internal,m,l,1.0666666666666667,0.5113,m,1,760.95
819,3102,33102,7,33,3,consonant_string,low,knfc,4,2,internal,n,l,1.3666666666666667,0.46775,n,1,1520.19
819,1205,31205,8,33,3,word,high,grape,5,4,internal,p,d,5.096774193548387,0.48985,p,1,711.44
819,2205,32205,9,33,3,pseudoword,high,brupe,5,4,internal,p,d,5.096774193548387,0.48985,p,1,781.66
819,1215,31215,10,33,3,word,high,beam,4,4,external,m,n,4.666666666666667,0.6574,n,0,1118.22
819,1247,31247,11,33,3,word,high,bale,4,3,internal,l,k,2.8,0.53572,k,0,1501.48
819,1102,31102,13,33,3,word,low,snip,4,2,internal,n,l,1.3666666666666667,0.46775,n,1,789.4
819,2128,32128,14,33,3,pseudoword,low,goif,4,4,external,f,d,1.4333333333333333,0.51654,d,0,1367.98
819,1213,31213,15,33,3,word,high,slab,4,4,external,b,p,5.066666666666666,0.70362,p,0,1133.24
819,2144,32144,16,33,3,pseudoword,low,slone,5,4,internal,n,k,1.5333333333333334,0.52768,k,0,936.81
819,1146,31146,17,33,3,word,low,steal,5,5,external,l,m,1.0666666666666667,0.5113,m,0,970.37
819,2124,32124,18,33,3,pseudoword,low,jote,4,3,internal,t,d,1.3666666666666667,0.47786,d,0,955.61
819,2146,32146,19,33,3,pseudoword,low,proal,5,5,external,l,m,1.0666666666666667,0.5113,m,0,941.5
819,1130,31130,20,33,3,word,low,beef,4,4,external,f,p,1.6333333333333333,0.41008,p,0,735.39
819,1211,31211,21,33,3,word,high,lead,4,4,external,d,p,5.096774193548387,0.48985,p,0,770.95
819,2233,32233,22,33,3,pseudoword,high,kide,4,3,internal,d,c,3.566666666666667,0.66158,c,0,624.15
819,3203,33203,24,33,3,consonant_string,high,qsgpn,5,4,internal,p,d,5.096774193548387,0.48985,d,0,647.36
819,2241,32241,25,33,3,pseudoword,high,bule,4,3,internal,l,r,3.2580645161290325,0.56415,r,0,588.23
819,3148,33148,26,33,3,consonant_string,low,dhkw,4,3,internal,k,g,1.1666666666666667,0.37222,k,1,694.75
819,2227,32227,27,33,3,pseudoword,high,reng,4,4,external,g,d,4.1,0.62488,d,0,611.62
819,3136,33136,28,33,3,consonant_string,low,hfwb,4,4,external,b,r,1.2666666666666666,0.51424,r,0,465.82
819,2118,32118,29,33,3,pseudoword,low,vume,4,3,internal,m,l,1.0666666666666667,0.5113,l,0,964.03
819,1110,31110,30,33,3,word,low,weed,4,4,external,d,k,1.3333333333333333,0.3996,d,1,796.25
819,2229,32229,31,33,3,pseudoword,high,vofe,4,3,internal,f,r,3.8,0.69632,r,0,727.14
819,1128,31128,111,33,3,word,low,reef,4,4,external,f,d,1.4333333333333333,0.51654,d,0,711.8
819,2122,32122,122,33,3,pseudoword,low,sleg,4,4,external,g,n,1.7,0.55212,g,1,1625.04
819,1223,31223,133,33,3,word,high,flag,4,4,external,g,p,4.5,0.55857,p,0,1472.34
819,2221,32221,1,33,3,pseudoword,high,quag,4,4,external,g,p,4.5,0.55857,g,1,857.58
819,3144,33144,12,33,3,consonant_string,low,qjfnd,5,4,internal,n,k,1.5333333333333334,0.52768,k,0,1091.48
819,3138,33138,23,33,3,consonant_string,low,njtb,4,3,internal,t,m,1.0666666666666667,0.52674,m,0,893.39
819,1231,31231,34,33,3,word,high,slide,5,4,internal,d,c,3.566666666666667,0.66158,d,1,1102.29
819,2106,32106,45,33,3,pseudoword,low,strepe,6,5,internal,p,v,1.1333333333333333,0.49111,p,1,1086.21
819,1207,31207,51,33,3,word,high,read,4,4,external,d,p,5.096774193548387,0.48985,d,1,852.78
819,3209,33209,52,33,3,consonant_string,high,csbd,4,4,external,d,p,5.096774193548387,0.48985,d,1,1196.68
819,1245,31245,53,33,3,word,high,spire,5,4,internal,r,n,3.1333333333333333,0.62334,r,1,1188.6
819,2130,32130,54,33,3,pseudoword,low,zeaf,4,4,external,f,p,1.6333333333333333,0.41008,p,0,1182.19
819,1112,31112,55,33,3,word,low,grip,4,4,external,p,t,1.3333333333333333,0.53002,p,1,1085.78
819,3132,33132,57,33,3,consonant_string,low,vzldb,5,4,internal,d,r,1.3333333333333333,0.49182,d,1,937.35
819,2110,32110,58,33,3,pseudoword,low,fard,4,4,external,d,k,1.3333333333333333,0.3996,d,1,977.89
819,3235,33235,59,33,3,consonant_string,high,mkrb,4,4,external,b,g,3.533333333333333,0.46543,g,0,783.48
819,1132,31132,60,33,3,word,low,spade,5,4,internal,d,r,1.3333333333333333,0.49182,d,1,805.03
819,1140,31140,61,33,3,word,low,pole,4,3,internal,l,s,1.1,0.4218,s,0,860.91
819,2215,32215,62,33,3,pseudoword,high,gulm,4,4,external,m,n,4.666666666666667,0.6574,n,0,939.14
819,2108,32108,63,33,3,pseudoword,low,vild,4,4,external,d,k,1.3333333333333333,0.3996,d,1,871.7
819,2104,32104,64,33,3,pseudoword,low,swed,4,4,external,d,m,1.1333333333333333,0.58091,d,1,1062.93
819,1122,31122,65,33,3,word,low,swag,4,4,external,g,n,1.7,0.55212,g,1,830.16
819,3225,33225,66,33,3,consonant_string,high,fhgv,4,3,internal,g,d,4.1,0.62488,g,1,719.71
819,2213,32213,40,33,3,pseudoword,high,nalb,4,4,external,b,p,5.066666666666666,0.70362,b,1,739.21
819,3229,33229,41,33,3,consonant_string,high,dtfh,4,3,internal,f,r,3.8,0.69632,r,0,740.75
819,3104,33104,42,33,3,consonant_string,low,htwd,4,4,external,d,m,1.1333333333333333,0.58091,d,1,687.29
819,3128,33128,43,33,3,consonant_string,low,vjnf,4,4,external,f,d,1.4333333333333333,0.51654,f,1,989.84
819,2223,32223,44,33,3,pseudoword,high,blug,4,4,external,g,p,4.5,0.55857,g,1,609.4
819,3231,33231,46,33,3,consonant_string,high,gjwds,5,4,internal,d,c,3.566666666666667,0.66158,d,1,774.61
819,1138,31138,32,33,3,word,low,date,4,3,internal,t,m,1.0666666666666667,0.52674,m,0,1407.71
819,2243,32243,33,33,3,pseudoword,high,plur,4,4,external,r,n,3.1333333333333333,0.62334,r,1,691.96
819,1104,31104,35,33,3,word,low,skid,4,4,external,d,m,1.1333333333333333,0.58091,d,1,685.83
819,3247,33247,36,33,3,consonant_string,high,gnlt,4,3,internal,l,k,2.8,0.53572,k,0,714.37
819,2247,32247,37,33,3,pseudoword,high,jile,4,3,internal,l,k,2.8,0.53572,k,0,694.58
819,2112,32112,38,33,3,pseudoword,low,glip,4,4,external,p,t,1.3333333333333333,0.53002,p,1,674.45
819,3140,33140,39,33,3,consonant_string,low,gtln,4,3,internal,l,s,1.1,0.4218,l,1,729.66
819,2126,32126,49,33,3,pseudoword,low,yeng,4,4,external,g,k,1.1666666666666667,0.37222,k,0,649.9
819,2219,32219,50,33,3,pseudoword,high,chom,4,4,external,m,n,4.666666666666667,0.6574,m,1,725.78
819,1219,31219,47,33,3,word,high,warm,4,4,external,m,n,4.666666666666667,0.6574,m,1,517.81
819,3201,33201,48,33,3,consonant_string,high,znsq,4,2,internal,n,h,5.533333333333333,0.86536,h,0,1004.02
820,3232,43232,32,50,4,consonant_string,high,vzldb,5,4,internal,d,c,3.566666666666667,0.66158,c,0,743.19
820,1121,41121,33,50,4,word,low,flog,4,4,external,g,w,1.1666666666666667,0.52446,g,1,508.4
820,2133,42133,35,50,4,pseudoword,low,kide,4,3,internal,d,z,1.2333333333333334,0.52841,d,1,683.6
820,3214,43214,36,50,4,consonant_string,high,klpj,4,3,internal,p,b,5.066666666666666,0.70362,b,0,516.47
820,2220,42220,37,50,4,pseudoword,high,wote,4,3,internal,t,l,4.5,0.47576,t,1,536.99
820,1222,41222,38,50,4,word,high,swag,4,4,external,g,p,4.5,0.55857,p,0,332.85
820,2244,42244,43,50,4,pseudoword,high,slone,5,4,internal,n,r,3.1333333333333333,0.62334,n,1,480.63
820,3123,43123,44,50,4,consonant_string,low,vlbg,4,4,external,g,t,1.1333333333333333,0.44178,g,1,413.47
820,2230,42230,46,50,4,pseudoword,high,zeaf,4,4,external,f,r,3.8,0.69632,f,1,480.0
820,1220,41220,47,50,4,word,high,gate,4,3,internal,t,l,4.5,0.47576,t,1,475.85
820,3105,43105,48,50,4,consonant_string,low,fcmpk,5,4,internal,p,v,1.1333333333333333,0.49111,p,1,713.71
820,1216,41216,49,50,4,word,high,mime,4,3,internal,m,n,4.666666666666667,0.6574,n,0,412.25
820,2131,42131,50,50,4,pseudoword,low,spode,5,4,internal,d,m,1.1333333333333333,0.58091,d,1,448.77
820,3216,43216,60,50,4,consonant_string,high,fsmt,4,3,internal,m,n,4.666666666666667,0.6574,n,0,583.64
820,2218,42218,61,50,4,pseudoword,high,vume,4,3,internal,m,n,4.666666666666667,0.6574,m,1,716.51
820,3145,43145,39,50,4,consonant_string,low,hvwrt,5,4,internal,r,c,1.4,0.55867,c,0,975.71
820,3119,43119,40,50,4,consonant_string,low,gjkm,4,4,external,m,t,1.0666666666666667,0.52674,m,1,838.61
820,3101,43101,41,50,4,consonant_string,low,znsq,4,2,internal,n,t,1.1,0.6011,n,1,664.49
820,1204,41204,42,50,4,word,high,skid,4,4,external,d,p,5.096774193548387,0.48985,d,1,1313.06
820,3109,43109,81,50,4,consonant_string,low,csbd,4,4,external,d,m,1.1333333333333333,0.58091,m,0,704.47
820,1131,41131,82,50,4,word,low,slide,5,4,internal,d,m,1.1333333333333333,0.58091,d,1,698.68
820,3137,43137,83,50,4,consonant_string,low,gbcw,4,4,external,w,p,1.1666666666666667,0.53452,w,1,558.9
820,2202,42202,84,50,4,pseudoword,high,snad,4,2,internal,n,h,5.533333333333333,0.86536,n,1,1386.45
820,2123,42123,85,50,4,pseudoword,low,blug,4,4,external,g,t,1.1333333333333333,0.44178,g,1,755.37
820,2210,42210,86,50,4,pseudoword,high,fard,4,4,external,d,p,5.096774193548387,0.48985,p,0,713.58
820,1123,41123,87,50,4,word,low,flag,4,4,external,g,t,1.1333333333333333,0.44178,g,1,557.12
820,3206,43206,88,50,4,consonant_string,high,jbfzpq,6,5,internal,p,d,5.096774193548387,0.48985,p,1,895.33
820,3117,43117,90,50,4,consonant_string,low,htjm,4,4,external,m,b,1.2333333333333334,0.5784,m,1,839.54
820,2216,42216,91,50,4,pseudoword,high,hime,4,3,internal,m,n,4.666666666666667,0.6574,m,1,808.43
820,3115,43115,92,50,4,consonant_string,low,sfdm,4,4,external,m,t,1.0666666666666667,0.52674,m,1,792.65
820,1238,41238,93,50,4,word,high,date,4,3,internal,t,r,3.3666666666666667,0.59892,t,1,514.86
820,3139,43139,94,50,4,consonant_string,low,mvjt,4,4,external,t,n,1.1,0.6011,n,0,535.39
820,1111,41111,95,50,4,word,low,lead,4,4,external,d,k,1.3333333333333333,0.3996,d,1,567.25
820,1129,41129,96,50,4,word,low,wife,4,3,internal,f,n,1.2,0.53217,f,1,484.77
820,2121,42121,97,50,4,pseudoword,low,quag,4,4,external,g,w,1.1666666666666667,0.52446,g,1,645.64
820,1125,41125,98,50,4,word,low,wage,4,3,internal,g,k,1.1666666666666667,0.37222,g,1,523.84
820,1101,41101,99,50,4,word,low,snow,4,2,internal,n,t,1.1,0.6011,n,1,597.37
820,2115,42115,101,50,4,pseudoword,low,gulm,4,4,external,m,t,1.0666666666666667,0.52674,m,1,896.58
820,1141,41141,102,50,4,word,low,file,4,3,internal,l,n,1.3666666666666667,0.46775,l,1,544.79
820,2117,42117,103,50,4,pseudoword,low,plim,4,4,external,m,b,1.2333333333333334,0.5784,m,1,654.99
820,1242,41242,104,50,4,word,high,seal,4,4,external,l,r,3.2580645161290325,0.56415,l,1,558.19
820,3125,43125,105,50,4,consonant_string,low,fhgv,4,3,internal,g,k,1.1666666666666667,0.37222,g,1,741.38
820,2125,42125,62,50,4,pseudoword,low,jege,4,3,internal,g,k,1.1666666666666667,0.37222,g,1,461.04
820,2143,42143,63,50,4,pseudoword,low,plur,4,4,external,r,d,1.3333333333333333,0.49182,r,1,632.57
820,2236,42236,64,50,4,pseudoword,high,plob,4,4,external,b,g,3.533333333333333,0.46543,g,0,668.44
820,2240,42240,65,50,4,pseudoword,high,hule,4,3,internal,l,r,3.2580645161290325,0.56415,l,1,529.97
820,3238,43238,66,50,4,consonant_string,high,njtb,4,3,internal,t,r,3.3666666666666667,0.59892,r,0,591.84
820,2208,42208,68,50,4,pseudoword,high,vild,4,4,external,d,p,5.096774193548387,0.48985,p,0,553.04
820,1103,41103,69,50,4,word,low,shape,5,4,internal,p,v,1.1333333333333333,0.49111,p,1,509.22
820,1135,41135,70,50,4,word,low,drab,4,4,external,b,w,1.1,0.5109,b,1,584.76
820,1137,41137,71,50,4,word,low,stew,4,4,external,w,p,1.1666666666666667,0.53452,w,1,537.62
820,3224,43224,72,50,4,consonant_string,high,gpts,4,3,internal,t,l,4.5,0.47576,t,1,607.48
820,2145,42145,73,50,4,pseudoword,low,swork,5,4,internal,r,c,1.4,0.55867,r,1,583.69
820,1208,41208,74,50,4,word,high,hood,4,4,external,d,p,5.096774193548387,0.48985,d,1,806.55
820,2214,42214,75,50,4,pseudoword,high,dape,4,3,internal,p,b,5.066666666666666,0.70362,p,1,680.76
820,2135,42135,76,50,4,pseudoword,low,frab,4,4,external,b,w,1.1,0.5109,b,1,705.64
820,1236,41236,77,50,4,word,high,stab,4,4,external,b,g,3.533333333333333,0.46543,b,1,580.84
820,3121,43121,79,50,4,consonant_string,low,fqcg,4,4,external,g,w,1.1666666666666667,0.52446,w,0,743.72
820,1212,41212,80,50,4,word,high,grip,4,4,external,p,d,5.096774193548387,0.48985,p,1,721.94
820,3248,43248,125,50,4,consonant_string,high,dhkw,4,3,internal,k,l,2.8,0.53572,l,0,624.78
820,3133,43133,126,50,4,consonant_string,low,vkdj,4,3,internal,d,z,1.2333333333333334,0.52841,d,1,1125.33
820,2147,42147,127,50,4,pseudoword,low,jile,4,3,internal,l,s,1.1,0.4218,l,1,576.23
820,3234,43234,128,50,4,consonant_string,high,pfldr,5,4,internal,d,c,3.566666666666667,0.66158,d,1,537.09
820,1248,41248,129,50,4,word,high,sake,4,3,internal,k,l,2.8,0.53572,k,1,490.95
820,3244,43244,130,50,4,consonant_string,high,qjfnd,5,4,internal,n,r,3.1333333333333333,0.62334,n,1,608.8
820,2119,42119,131,50,4,pseudoword,low,chom,4,4,external,m,t,1.0666666666666667,0.52674,m,1,473.32
820,3147,43147,132,50,4,consonant_string,low,gnlt,4,3,internal,l,s,1.1,0.4218,l,1,442.84
820,1224,41224,134,50,4,word,high,bite,4,3,internal,t,l,4.5,0.47576,t,1,706.71
820,3129,43129,135,50,4,consonant_string,low,dtfh,4,3,internal,f,n,1.2,0.53217,n,0,618.92
820,3242,43242,136,50,4,consonant_string,high,wktl,4,4,external,l,r,3.2580645161290325,0.56415,l,1,666.46
820,3226,43226,137,50,4,consonant_string,high,lqvg,4,4,external,g,d,4.1,0.62488,d,0,680.0
820,2238,42238,138,50,4,pseudoword,high,jite,4,3,internal,t,r,3.3666666666666667,0.59892,r,0,811.87
820,1202,41202,139,50,4,word,high,snip,4,2,internal,n,h,5.533333333333333,0.86536,n,1,605.43
820,2222,42222,140,50,4,pseudoword,high,sleg,4,4,external,g,p,4.5,0.55857,p,0,1146.64
820,3210,43210,141,50,4,consonant_string,high,lsbd,4,4,external,d,p,5.096774193548387,0.48985,d,1,960.89
820,2103,42103,142,50,4,pseudoword,low,frope,5,4,internal,p,v,1.1333333333333333,0.49111,p,1,509.43
820,2224,42224,143,50,4,pseudoword,high,jote,4,3,internal,t,l,4.5,0.47576,t,1,525.97
820,2105,42105,2,50,4,pseudoword,low,brupe,5,4,internal,p,v,1.1333333333333333,0.49111,p,1,573.83
820,1218,41218,3,50,4,word,high,home,4,3,internal,m,n,4.666666666666667,0.6574,m,1,617.36
820,3135,43135,4,50,4,consonant_string,low,mkrb,4,4,external,b,w,1.1,0.5109,b,1,760.89
820,2137,42137,5,50,4,pseudoword,low,blaw,4,4,external,w,p,1.1666666666666667,0.53452,w,1,677.45
820,3222,43222,6,50,4,consonant_string,high,wbjg,4,4,external,g,p,4.5,0.55857,g,1,805.32
820,1206,41206,106,50,4,word,high,stripe,6,5,internal,p,d,5.096774193548387,0.48985,p,1,519.6
820,3143,43143,107,50,4,consonant_string,low,fbvr,4,4,external,r,d,1.3333333333333333,0.49182,d,0,610.12
820,1113,41113,108,50,4,word,low,slab,4,4,external,b,m,1.2333333333333334,0.5784,b,1,641.66
820,3202,43202,109,50,4,consonant_string,high,knfc,4,2,internal,n,h,5.533333333333333,0.86536,n,1,821.87
820,2113,42113,110,50,4,pseudoword,low,nalb,4,4,external,b,m,1.2333333333333334,0.5784,b,1,599.42
820,3230,43230,112,50,4,consonant_string,high,czhf,4,4,external,f,r,3.8,0.69632,r,0,1196.64
820,2206,42206,113,50,4,pseudoword,high,strepe,6,5,internal,p,d,5.096774193548387,0.48985,p,1,705.88
820,1214,41214,114,50,4,word,high,rope,4,3,internal,p,b,5.066666666666666,0.70362,p,1,964.1
820,1147,41147,115,50,4,word,low,bale,4,3,internal,l,s,1.1,0.4218,l,1,576.28
820,1107,41107,116,50,4,word,low,read,4,4,external,d,r,1.3333333333333333,0.49182,d,1,565.14
820,1109,41109,117,50,4,word,low,seed,4,4,external,d,m,1.1333333333333333,0.58091,d,1,547.68
820,3246,43246,118,50,4,consonant_string,high,bfnsl,5,5,external,l,k,2.8,0.53572,k,0,777.88
820,1210,41210,119,50,4,word,high,weed,4,4,external,d,p,5.096774193548387,0.48985,d,1,568.76
820,2228,42228,120,50,4,pseudoword,high,goif,4,4,external,f,l,4.033333333333333,0.60982,f,1,509.28
820,2246,42246,121,50,4,pseudoword,high,proal,5,5,external,l,k,2.8,0.53572,l,1,962.83
820,3220,43220,123,50,4,consonant_string,high,pktv,4,3,internal,t,l,4.5,0.47576,l,0,646.38
820,1246,41246,124,50,4,word,high,steal,5,5,external,l,k,2.8,0.53572,l,1,492.59
820,3127,43127,0,50,4,consonant_string,low,bvcg,4,4,external,g,k,1.1666666666666667,0.37222,g,1,799.08
820,2232,42232,56,50,4,pseudoword,high,ghade,5,4,internal,d,c,3.566666666666667,0.66158,c,0,864.3
820,2226,42226,67,50,4,pseudoword,high,yeng,4,4,external,g,d,4.1,0.62488,g,1,834.85
820,3111,43111,78,50,4,consonant_string,low,srfd,4,4,external,d,k,1.3333333333333333,0.3996,d,1,1195.76
820,2212,42212,89,50,4,pseudoword,high,glip,4,4,external,p,d,5.096774193548387,0.48985,p,1,922.0
820,3113,43113,100,50,4,consonant_string,low,rtcb,4,4,external,b,m,1.2333333333333334,0.5784,b,1,2110.61
820,1117,41117,111,50,4,word,low,scam,4,4,external,m,b,1.2333333333333334,0.5784,m,1,700.24
820,3131,43131,122,50,4,consonant_string,low,gjwds,5,4,internal,d,m,1.1333333333333333,0.58091,d,1,787.44
820,3236,43236,133,50,4,consonant_string,high,hfwb,4,4,external,b,g,3.533333333333333,0.46543,g,0,563.32
820,3107,43107,1,50,4,consonant_string,low,qvsd,4,4,external,d,r,1.3333333333333333,0.49182,d,1,731.86
820,3240,43240,12,50,4,consonant_string,high,gtln,4,3,internal,l,r,3.2580645161290325,0.56415,r,0,1744.78
820,1133,41133,23,50,4,word,low,fade,4,3,internal,d,z,1.2333333333333334,0.52841,d,1,643.05
820,2139,42139,34,50,4,pseudoword,low,glot,4,4,external,t,n,1.1,0.6011,t,1,777.25
820,3141,43141,45,50,4,consonant_string,low,pqlt,4,3,internal,l,n,1.3666666666666667,0.46775,l,1,848.14
820,2107,42107,51,50,4,pseudoword,low,nood,4,4,external,d,r,1.3333333333333333,0.49182,d,1,612.36
820,1234,41234,52,50,4,word,high,pride,5,4,internal,d,c,3.566666666666667,0.66158,d,1,591.89
820,1230,41230,53,50,4,word,high,beef,4,4,external,f,r,3.8,0.69632,f,1,644.09
820,1143,41143,54,50,4,word,low,moor,4,4,external,r,d,1.3333333333333333,0.49182,d,0,930.31
820,1240,41240,55,50,4,word,high,pole,4,3,internal,l,r,3.2580645161290325,0.56415,l,1,471.18
820,3204,43204,57,50,4,consonant_string,high,htwd,4,4,external,d,p,5.096774193548387,0.48985,d,1,856.72
820,1244,41244,58,50,4,word,high,stone,5,4,internal,n,r,3.1333333333333333,0.62334,n,1,465.92
820,1139,41139,59,50,4,word,low,spat,4,4,external,t,n,1.1,0.6011,t,1,450.45
820,3228,43228,19,50,4,consonant_string,high,vjnf,4,4,external,f,l,4.033333333333333,0.60982,l,0,942.48
820,3208,43208,20,50,4,consonant_string,high,cvsd,4,4,external,d,p,5.096774193548387,0.48985,d,1,637.71
820,2111,42111,7,50,4,pseudoword,low,zoud,4,4,external,d,k,1.3333333333333333,0.3996,d,1,627.54
820,1119,41119,8,50,4,word,low,warm,4,4,external,m,t,1.0666666666666667,0.52674,m,1,510.4
820,1145,41145,9,50,4,word,low,spire,5,4,internal,r,c,1.4,0.55867,r,1,558.93
820,1226,41226,10,50,4,word,high,bang,4,4,external,g,d,4.1,0.62488,g,1,571.45
820,1115,41115,11,50,4,word,low,beam,4,4,external,m,t,1.0666666666666667,0.52674,m,1,441.98
820,2234,42234,13,50,4,pseudoword,high,brode,5,4,internal,d,c,3.566666666666667,0.66158,d,1,874.19
820,2109,42109,14,50,4,pseudoword,low,glod,4,4,external,d,m,1.1333333333333333,0.58091,d,1,606.73
820,2248,42248,15,50,4,pseudoword,high,zoke,4,3,internal,k,l,2.8,0.53572,k,1,511.93
820,2101,42101,16,50,4,pseudoword,low,snum,4,2,internal,n,t,1.1,0.6011,t,0,1525.49
820,1127,41127,17,50,4,word,low,wing,4,4,external,g,k,1.1666666666666667,0.37222,g,1,554.4
820,3212,43212,18,50,4,consonant_string,high,qmwp,4,4,external,p,d,5.096774193548387,0.48985,p,1,583.61
820,2141,42141,24,50,4,pseudoword,low,bule,4,3,internal,l,n,1.3666666666666667,0.46775,l,1,973.31
820,2242,42242,25,50,4,pseudoword,high,drol,4,4,external,l,r,3.2580645161290325,0.56415,l,1,722.88
820,3103,43103,21,50,4,consonant_string,low,qsgpn,5,4,internal,p,v,1.1333333333333333,0.49111,p,1,611.57
820,2129,42129,22,50,4,pseudoword,low,vofe,4,3,internal,f,n,1.2,0.53217,f,1,605.11
820,1105,41105,28,50,4,word,low,grape,5,4,internal,p,v,1.1333333333333333,0.49111,p,1,406.8
820,2127,42127,29,50,4,pseudoword,low,reng,4,4,external,g,k,1.1666666666666667,0.37222,g,1,367.97
820,2204,42204,26,50,4,pseudoword,high,swed,4,4,external,d,p,5.096774193548387,0.48985,d,1,492.41
820,3218,43218,27,50,4,consonant_string,high,zsmj,4,3,internal,m,n,4.666666666666667,0.6574,n,0,554.61
820,1232,41232,30,50,4,word,high,spade,5,4,internal,d,c,3.566666666666667,0.66158,d,1,420.48
820,1228,41228,31,50,4,word,high,reef,4,4,external,f,l,4.033333333333333,0.60982,f,1,453.0
821,2122,12122,0,50,1,pseudoword,low,sleg,4,4,external,g,n,1.7,0.55212,g,1,1152.8
821,1231,11231,56,50,1,word,high,slide,5,4,internal,d,c,3.566666666666667,0.66158,d,1,668.02
821,1144,11144,63,50,1,word,low,stone,5,4,internal,n,k,1.5333333333333334,0.52768,n,1,1329.41
821,1209,11209,64,50,1,word,high,seed,4,4,external,d,p,5.096774193548387,0.48985,d,1,710.33
821,3114,13114,65,50,1,consonant_string,low,klpj,4,3,internal,p,s,1.2580645161290323,0.5767,p,1,1449.9
821,1227,11227,66,50,1,word,high,wing,4,4,external,g,d,4.1,0.62488,g,1,1302.17
821,2148,12148,68,50,1,pseudoword,low,zoke,4,3,internal,k,g,1.1666666666666667,0.37222,k,1,1441.45
821,3142,13142,69,50,1,consonant_string,low,wktl,4,4,external,l,m,1.0666666666666667,0.5113,m,0,2250.76
821,1104,11104,70,50,1,word,low,skid,4,4,external,d,m,1.1333333333333333,0.58091,m,0,623.05
821,1106,11106,71,50,1,word,low,stripe,6,5,internal,p,v,1.1333333333333333,0.49111,p,1,900.6
821,2136,12136,72,50,1,pseudoword,low,plob,4,4,external,b,r,1.2666666666666666,0.51424,b,1,728.81
821,1237,11237,73,50,1,word,high,stew,4,4,external,w,m,3.4,0.62127,w,1,1682.73
821,2203,12203,74,50,1,pseudoword,high,frope,5,4,internal,p,d,5.096774193548387,0.48985,d,0,1911.71
821,2116,12116,75,50,1,pseudoword,low,hime,4,3,internal,m,l,1.0666666666666667,0.5113,m,1,1484.36
821,2219,12219,76,50,1,pseudoword,high,chom,4,4,external,m,n,4.666666666666667,0.6574,m,1,1167.29
821,1136,11136,77,50,1,word,low,stab,4,4,external,b,r,1.2666666666666666,0.51424,b,1,934.87
821,1108,11108,79,50,1,word,low,hood,4,4,external,d,k,1.3333333333333333,0.3996,d,1,1904.81
821,1114,11114,80,50,1,word,low,rope,4,3,internal,p,s,1.2580645161290323,0.5767,p,1,1266.11
821,3213,13213,81,50,1,consonant_string,high,rtcb,4,4,external,b,p,5.066666666666666,0.70362,b,1,1563.71
821,3219,13219,67,50,1,consonant_string,high,gjkm,4,4,external,m,n,4.666666666666667,0.6574,m,1,1107.58
821,3134,13134,78,50,1,consonant_string,low,pfldr,5,4,internal,d,m,1.1333333333333333,0.58091,m,0,1142.83
821,3225,13225,89,50,1,consonant_string,high,fhgv,4,3,internal,g,d,4.1,0.62488,g,1,1106.08
821,1132,11132,100,50,1,word,low,spade,5,4,internal,d,r,1.3333333333333333,0.49182,d,1,867.32
821,1128,11128,111,50,1,word,low,reef,4,4,external,f,d,1.4333333333333333,0.51654,f,1,813.87
821,1102,11102,122,50,1,word,low,snip,4,2,internal,n,l,1.3666666666666667,0.46775,n,1,1018.44
821,2237,12237,133,50,1,pseudoword,high,blaw,4,4,external,w,m,3.4,0.62127,w,1,1756.03
821,3207,13207,1,50,1,consonant_string,high,qvsd,4,4,external,d,p,5.096774193548387,0.48985,p,0,1488.34
821,2102,12102,12,50,1,pseudoword,low,snad,4,2,internal,n,l,1.3666666666666667,0.46775,n,1,777.26
821,3138,13138,23,50,1,consonant_string,low,njtb,4,3,internal,t,m,1.0666666666666667,0.52674,t,1,1051.15
821,1148,11148,34,50,1,word,low,sake,4,3,internal,k,g,1.1666666666666667,0.37222,k,1,728.38
821,2138,12138,45,50,1,pseudoword,low,jite,4,3,internal,t,m,1.0666666666666667,0.52674,t,1,1280.28
821,3128,13128,51,50,1,consonant_string,low,vjnf,4,4,external,f,d,1.4333333333333333,0.51654,f,1,1944.24
821,2213,12213,52,50,1,pseudoword,high,nalb,4,4,external,b,p,5.066666666666666,0.70362,b,1,1197.54
821,3231,13231,53,50,1,consonant_string,high,gjwds,5,4,internal,d,c,3.566666666666667,0.66158,d,1,1010.79
821,3118,13118,54,50,1,consonant_string,low,zsmj,4,3,internal,m,l,1.0666666666666667,0.5113,m,1,1179.37
821,1134,11134,55,50,1,word,low,pride,5,4,internal,d,m,1.1333333333333333,0.58091,d,1,1106.29
821,1138,11138,57,50,1,word,low,date,4,3,internal,t,m,1.0666666666666667,0.52674,t,1,678.52
821,3205,13205,58,50,1,consonant_string,high,fcmpk,5,4,internal,p,d,5.096774193548387,0.48985,p,1,1338.42
821,3126,13126,59,50,1,consonant_string,low,lqvg,4,4,external,g,k,1.1666666666666667,0.37222,k,0,1320.36
821,2124,12124,60,50,1,pseudoword,low,jote,4,3,internal,t,d,1.3666666666666667,0.47786,d,0,1391.95
821,1245,11245,61,50,1,word,high,spire,5,4,internal,r,n,3.1333333333333333,0.62334,r,1,1586.24
821,1110,11110,62,50,1,word,low,weed,4,4,external,d,k,1.3333333333333333,0.3996,d,1,905.17
821,2233,12233,107,50,1,pseudoword,high,kide,4,3,internal,d,c,3.566666666666667,0.66158,d,1,1209.39
821,2126,12126,108,50,1,pseudoword,low,yeng,4,4,external,g,k,1.1666666666666667,0.37222,g,1,2112.0
821,3229,13229,109,50,1,consonant_string,high,dtfh,4,3,internal,f,r,3.8,0.69632,f,1,1903.69
821,2207,12207,110,50,1,pseudoword,high,nood,4,4,external,d,p,5.096774193548387,0.48985,d,1,1030.98
821,1239,11239,112,50,1,word,high,spat,4,4,external,t,r,3.3666666666666667,0.59892,t,1,1202.89
821,2130,12130,113,50,1,pseudoword,low,zeaf,4,4,external,f,p,1.6333333333333333,0.41008,f,1,1446.15
821,2114,12114,114,50,1,pseudoword,low,dape,4,3,internal,p,s,1.2580645161290323,0.5767,p,1,856.42
821,3110,13110,115,50,1,consonant_string,low,lsbd,4,4,external,d,k,1.3333333333333333,0.3996,d,1,1098.31
821,3120,13120,116,50,1,consonant_string,low,pktv,4,3,internal,t,m,1.0666666666666667,0.52674,m,0,1261.56
821,3227,13227,117,50,1,consonant_string,high,bvcg,4,4,external,g,d,4.1,0.62488,g,1,1468.17
821,2225,12225,118,50,1,pseudoword,high,jege,4,3,internal,g,d,4.1,0.62488,d,0,2012.8
821,1243,11243,119,50,1,word,high,moor,4,4,external,r,n,3.1333333333333333,0.62334,r,1,927.42
821,1213,11213,120,50,1,word,high,slab,4,4,external,b,p,5.066666666666666,0.70362,b,1,903.33
821,3209,13209,121,50,1,consonant_string,high,csbd,4,4,external,d,p,5.096774193548387,0.48985,d,1,1279.57
821,1124,11124,123,50,1,word,low,bite,4,3,internal,t,d,1.3666666666666667,0.47786,t,1,983.49
821,3136,13136,124,50,1,consonant_string,low,hfwb,4,4,external,b,r,1.2666666666666666,0.51424,b,1,1139.4
821,1120,11120,125,50,1,word,low,gate,4,3,internal,t,m,1.0666666666666667,0.52674,t,1,897.3
821,2217,12217,82,50,1,pseudoword,high,plim,4,4,external,m,n,4.666666666666667,0.6574,m,1,1052.32
821,1223,11223,83,50,1,word,high,flag,4,4,external,g,p,4.5,0.55857,g,1,937.55
821,2120,12120,84,50,1,pseudoword,low,wote,4,3,internal,t,m,1.0666666666666667,0.52674,t,1,1535.47
821,2132,12132,85,50,1,pseudoword,low,ghade,5,4,internal,d,r,1.3333333333333333,0.49182,d,1,960.41
821,2104,12104,86,50,1,pseudoword,low,swed,4,4,external,d,m,1.1333333333333333,0.58091,d,1,1400.99
821,1118,11118,87,50,1,word,low,home,4,3,internal,m,l,1.0666666666666667,0.5113,m,1,1051.25
821,2106,12106,88,50,1,pseudoword,low,strepe,6,5,internal,p,v,1.1333333333333333,0.49111,p,1,1054.5
821,2239,12239,90,50,1,pseudoword,high,glot,4,4,external,t,r,3.3666666666666667,0.59892,t,1,785.72
821,3203,13203,91,50,1,consonant_string,high,qsgpn,5,4,internal,p,d,5.096774193548387,0.48985,p,1,1358.62
821,2229,12229,92,50,1,pseudoword,high,vofe,4,3,internal,f,r,3.8,0.69632,r,0,1675.91
821,3146,13146,93,50,1,consonant_string,low,bfnsl,5,5,external,l,m,1.0666666666666667,0.5113,m,0,1093.86
821,2205,12205,94,50,1,pseudoword,high,brupe,5,4,internal,p,d,5.096774193548387,0.48985,p,1,1208.12
821,2223,12223,95,50,1,pseudoword,high,blug,4,4,external,g,p,4.5,0.55857,g,1,1090.36
821,2211,12211,96,50,1,pseudoword,high,zoud,4,4,external,d,p,5.096774193548387,0.48985,d,1,1397.29
821,3132,13132,97,50,1,consonant_string,low,vzldb,5,4,internal,d,r,1.3333333333333333,0.49182,d,1,1237.56
821,3223,13223,98,50,1,consonant_string,high,vlbg,4,4,external,g,p,4.5,0.55857,g,1,839.47
821,2112,12112,99,50,1,pseudoword,low,glip,4,4,external,p,t,1.3333333333333333,0.53002,p,1,882.37
821,1112,11112,101,50,1,word,low,grip,4,4,external,p,t,1.3333333333333333,0.53002,p,1,851.25
821,1211,11211,102,50,1,word,high,lead,4,4,external,d,p,5.096774193548387,0.48985,d,1,914.48
821,1235,11235,103,50,1,word,high,drab,4,4,external,b,g,3.533333333333333,0.46543,b,1,1065.05
821,2235,12235,104,50,1,pseudoword,high,frab,4,4,external,b,g,3.533333333333333,0.46543,b,1,1340.63
821,3140,13140,105,50,1,consonant_string,low,gtln,4,3,internal,l,s,1.1,0.4218,l,1,1366.57
821,1130,11130,106,50,1,word,low,beef,4,4,external,f,p,1.6333333333333333,0.41008,f,1,853.16
821,2146,12146,8,50,1,pseudoword,low,proal,5,5,external,l,m,1.0666666666666667,0.5113,l,1,946.49
821,1146,11146,9,50,1,word,low,steal,5,5,external,l,m,1.0666666666666667,0.5113,l,1,1057.73
821,1201,11201,10,50,1,word,high,snow,4,2,internal,n,h,5.533333333333333,0.86536,n,1,1111.3
821,1241,11241,11,50,1,word,high,file,4,3,internal,l,r,3.2580645161290325,0.56415,l,1,879.88
821,1219,11219,13,50,1,word,high,warm,4,4,external,m,n,4.666666666666667,0.6574,m,1,703.77
821,1247,11247,14,50,1,word,high,bale,4,3,internal,l,k,2.8,0.53572,l,1,747.98
821,1225,11225,15,50,1,word,high,wage,4,3,internal,g,d,4.1,0.62488,g,1,761.19
821,3122,13122,16,50,1,consonant_string,low,wbjg,4,4,external,g,n,1.7,0.55212,g,1,1906.78
821,1215,11215,17,50,1,word,high,beam,4,4,external,m,n,4.666666666666667,0.6574,m,1,601.06
821,3102,13102,18,50,1,consonant_string,low,knfc,4,2,internal,n,l,1.3666666666666667,0.46775,n,1,1503.29
821,2241,12241,19,50,1,pseudoword,high,bule,4,3,internal,l,r,3.2580645161290325,0.56415,l,1,761.55
821,3237,13237,20,50,1,consonant_string,high,gbcw,4,4,external,w,m,3.4,0.62127,w,1,939.1
821,2118,12118,21,50,1,pseudoword,low,vume,4,3,internal,m,l,1.0666666666666667,0.5113,m,1,1204.01
821,2142,12142,22,50,1,pseudoword,low,drol,4,4,external,l,m,1.0666666666666667,0.5113,l,1,1029.26
821,3233,13233,24,50,1,consonant_string,high,vkdj,4,3,internal,d,c,3.566666666666667,0.66158,d,1,966.17
821,1229,11229,25,50,1,word,high,wife,4,3,internal,f,r,3.8,0.69632,f,1,1394.75
821,1203,11203,26,50,1,word,high,shape,5,4,internal,p,d,5.096774193548387,0.48985,p,1,1849.04
821,1205,11205,27,50,1,word,high,grape,5,4,internal,p,d,5.096774193548387,0.48985,p,1,933.33
821,3116,13116,28,50,1,consonant_string,low,fsmt,4,3,internal,m,l,1.0666666666666667,0.5113,m,1,1292.24
821,2247,12247,29,50,1,pseudoword,high,jile,4,3,internal,l,k,2.8,0.53572,l,1,685.48
821,3148,13148,30,50,1,consonant_string,low,dhkw,4,3,internal,k,g,1.1666666666666667,0.37222,k,1,1798.39
821,2227,12227,31,50,1,pseudoword,high,reng,4,4,external,g,d,4.1,0.62488,g,1,1103.69
821,2221,12221,32,50,1,pseudoword,high,quag,4,4,external,g,p,4.5,0.55857,g,1,2078.97
821,2144,12144,33,50,1,pseudoword,low,slone,5,4,internal,n,k,1.5333333333333334,0.52768,n,1,894.92
821,2134,12134,35,50,1,pseudoword,low,brode,5,4,internal,d,m,1.1333333333333333,0.58091,d,1,1097.17
821,3215,13215,36,50,1,consonant_string,high,sfdm,4,4,external,m,n,4.666666666666667,0.6574,n,0,1330.42
821,1126,11126,37,50,1,word,low,bang,4,4,external,g,k,1.1666666666666667,0.37222,g,1,601.33
821,3245,13245,38,50,1,consonant_string,high,hvwrt,5,4,internal,r,n,3.1333333333333333,0.62334,r,1,1106.55
821,3106,13106,39,50,1,consonant_string,low,jbfzpq,6,5,internal,p,v,1.1333333333333333,0.49111,p,1,1241.79
821,3124,13124,40,50,1,consonant_string,low,gpts,4,3,internal,t,d,1.3666666666666667,0.47786,t,1,1017.06
821,2110,12110,41,50,1,pseudoword,low,fard,4,4,external,d,k,1.3333333333333333,0.3996,d,1,1425.64
821,3239,13239,42,50,1,consonant_string,high,mvjt,4,4,external,t,r,3.3666666666666667,0.59892,t,1,1030.57
821,3247,13247,43,50,1,consonant_string,high,gnlt,4,3,internal,l,k,2.8,0.53572,l,1,1371.49
821,2209,12209,44,50,1,pseudoword,high,glod,4,4,external,d,p,5.096774193548387,0.48985,p,0,2021.12
821,3235,13235,46,50,1,consonant_string,high,mkrb,4,4,external,b,g,3.533333333333333,0.46543,b,1,1033.75
821,1233,11233,47,50,1,word,high,fade,4,3,internal,d,c,3.566666666666667,0.66158,d,1,687.64
821,2108,12108,48,50,1,pseudoword,low,vild,4,4,external,d,k,1.3333333333333333,0.3996,d,1,1775.56
821,3201,13201,49,50,1,consonant_string,high,znsq,4,2,internal,n,h,5.533333333333333,0.86536,h,0,1490.52
821,2243,12243,50,50,1,pseudoword,high,plur,4,4,external,r,n,3.1333333333333333,0.62334,r,1,1173.46
821,3112,13112,6,50,1,consonant_string,low,qmwp,4,4,external,p,t,1.3333333333333333,0.53002,p,1,717.7
821,3243,13243,7,50,1,consonant_string,high,fbvr,4,4,external,r,n,3.1333333333333333,0.62334,r,1,1007.25
821,1207,11207,136,50,1,word,high,read,4,4,external,d,p,5.096774193548387,0.48985,d,1,1010.94
821,1217,11217,137,50,1,word,high,scam,4,4,external,m,n,4.666666666666667,0.6574,n,0,1268.52
821,1140,11140,138,50,1,word,low,pole,4,3,internal,l,s,1.1,0.4218,l,1,781.1
821,2128,12128,139,50,1,pseudoword,low,goif,4,4,external,f,d,1.4333333333333333,0.51654,f,1,736.99
821,3211,13211,126,50,1,consonant_string,high,srfd,4,4,external,d,p,5.096774193548387,0.48985,d,1,1706.56
821,2201,12201,127,50,1,pseudoword,high,snum,4,2,internal,n,h,5.533333333333333,0.86536,n,1,2365.89
821,3104,13104,128,50,1,consonant_string,low,htwd,4,4,external,d,m,1.1333333333333333,0.58091,d,1,982.54
821,3144,13144,129,50,1,consonant_string,low,qjfnd,5,4,internal,n,k,1.5333333333333334,0.52768,n,1,1115.45
821,3221,13221,130,50,1,consonant_string,high,fqcg,4,4,external,g,p,4.5,0.55857,g,1,1746.06
821,2231,12231,131,50,1,pseudoword,high,spode,5,4,internal,d,c,3.566666666666667,0.66158,d,1,891.33
821,1142,11142,132,50,1,word,low,seal,4,4,external,l,m,1.0666666666666667,0.5113,l,1,886.55
821,2140,12140,134,50,1,pseudoword,low,hule,4,3,internal,l,s,1.1,0.4218,l,1,920.45
821,3241,13241,135,50,1,consonant_string,high,pqlt,4,3,internal,l,r,3.2580645161290325,0.56415,r,0,1181.02
821,1122,11122,140,50,1,word,low,swag,4,4,external,g,n,1.7,0.55212,g,1,677.86
821,1221,11221,141,50,1,word,high,flog,4,4,external,g,p,4.5,0.55857,g,1,875.73
821,3108,13108,142,50,1,consonant_string,low,cvsd,4,4,external,d,k,1.3333333333333333,0.3996,k,0,1897.67
821,3130,13130,143,50,1,consonant_string,low,czhf,4,4,external,f,p,1.6333333333333333,0.41008,f,1,2743.02
821,1116,11116,2,50,1,word,low,mime,4,3,internal,m,l,1.0666666666666667,0.5113,m,1,1308.39
821,2245,12245,3,50,1,pseudoword,high,swork,5,4,internal,r,n,3.1333333333333333,0.62334,r,1,1086.63
821,3217,13217,4,50,1,consonant_string,high,htjm,4,4,external,m,n,4.666666666666667,0.6574,m,1,1480.56
821,2215,12215,5,50,1,pseudoword,high,gulm,4,4,external,m,n,4.666666666666667,0.6574,n,0,855.48
822,3220,23220,67,50,2,consonant_string,high,pktv,4,3,internal,t,l,4.5,0.47576,t,1,741.5
822,2103,22103,78,50,2,pseudoword,low,frope,5,4,internal,p,v,1.1333333333333333,0.49111,p,1,727.71
822,2129,22129,89,50,2,pseudoword,low,vofe,4,3,internal,f,n,1.2,0.53217,n,0,901.58
822,1212,21212,100,50,2,word,high,grip,4,4,external,p,d,5.096774193548387,0.48985,p,1,746.81
822,1246,21246,51,50,2,word,high,steal,5,5,external,l,k,2.8,0.53572,k,0,830.41
822,3107,23107,52,50,2,consonant_string,low,qvsd,4,4,external,d,r,1.3333333333333333,0.49182,d,1,675.3
822,1139,21139,53,50,2,word,low,spat,4,4,external,t,n,1.1,0.6011,n,0,870.18
822,2105,22105,54,50,2,pseudoword,low,brupe,5,4,internal,p,v,1.1333333333333333,0.49111,v,0,1127.74
822,1216,21216,55,50,2,word,high,mime,4,3,internal,m,n,4.666666666666667,0.6574,m,1,726.65
822,2222,22222,111,50,2,pseudoword,high,sleg,4,4,external,g,p,4.5,0.55857,g,1,1467.06
822,2111,22111,122,50,2,pseudoword,low,zoud,4,4,external,d,k,1.3333333333333333,0.3996,d,1,1417.66
822,3218,23218,133,50,2,consonant_string,high,zsmj,4,3,internal,m,n,4.666666666666667,0.6574,n,0,1355.28
822,1232,21232,1,50,2,word,high,spade,5,4,internal,d,c,3.566666666666667,0.66158,d,1,788.52
822,3137,23137,12,50,2,consonant_string,low,gbcw,4,4,external,w,p,1.1666666666666667,0.53452,p,0,950.41
822,2246,22246,23,50,2,pseudoword,high,proal,5,5,external,l,k,2.8,0.53572,l,1,1430.67
822,2119,22119,34,50,2,pseudoword,low,chom,4,4,external,m,t,1.0666666666666667,0.52674,m,1,720.58
822,3240,23240,45,50,2,consonant_string,high,gtln,4,3,internal,l,r,3.2580645161290325,0.56415,r,0,1504.15
822,3244,23244,0,50,2,consonant_string,high,qjfnd,5,4,internal,n,r,3.1333333333333333,0.62334,n,1,777.73
822,3202,23202,56,50,2,consonant_string,high,knfc,4,2,internal,n,h,5.533333333333333,0.86536,n,1,786.62
822,2121,22121,82,50,2,pseudoword,low,quag,4,4,external,g,w,1.1666666666666667,0.52446,g,1,628.12
822,2133,22133,83,50,2,pseudoword,low,kide,4,3,internal,d,z,1.2333333333333334,0.52841,z,0,1111.01
822,1204,21204,84,50,2,word,high,skid,4,4,external,d,p,5.096774193548387,0.48985,d,1,709.57
822,2208,22208,85,50,2,pseudoword,high,vild,4,4,external,d,p,5.096774193548387,0.48985,d,1,745.12
822,2101,22101,86,50,2,pseudoword,low,snum,4,2,internal,n,t,1.1,0.6011,n,1,1720.36
822,2244,22244,87,50,2,pseudoword,high,slone,5,4,internal,n,r,3.1333333333333333,0.62334,r,0,536.96
822,3115,23115,88,50,2,consonant_string,low,sfdm,4,4,external,m,t,1.0666666666666667,0.52674,t,0,1244.84
822,1222,21222,90,50,2,word,high,swag,4,4,external,g,p,4.5,0.55857,g,1,689.1
822,3208,23208,91,50,2,consonant_string,high,cvsd,4,4,external,d,p,5.096774193548387,0.48985,d,1,739.97
822,3145,23145,92,50,2,consonant_string,low,hvwrt,5,4,internal,r,c,1.4,0.55867,c,0,677.84
822,3224,23224,93,50,2,consonant_string,high,gpts,4,3,internal,t,l,4.5,0.47576,l,0,827.71
822,1206,21206,94,50,2,word,high,stripe,6,5,internal,p,d,5.096774193548387,0.48985,p,1,576.59
822,2125,22125,95,50,2,pseudoword,low,jege,4,3,internal,g,k,1.1666666666666667,0.37222,g,1,988.47
822,2127,22127,96,50,2,pseudoword,low,reng,4,4,external,g,k,1.1666666666666667,0.37222,k,0,652.36
822,1147,21147,97,50,2,word,low,bale,4,3,internal,l,s,1.1,0.4218,s,0,916.58
822,3248,23248,98,50,2,consonant_string,high,dhkw,4,3,internal,k,l,2.8,0.53572,k,1,632.14
822,3230,23230,99,50,2,consonant_string,high,czhf,4,4,external,f,r,3.8,0.69632,r,0,572.0
822,1214,21214,57,50,2,word,high,rope,4,3,internal,p,b,5.066666666666666,0.70362,p,1,597.52
822,3238,23238,58,50,2,consonant_string,high,njtb,4,3,internal,t,r,3.3666666666666667,0.59892,t,1,1029.74
822,1238,21238,59,50,2,word,high,date,4,3,internal,t,r,3.3666666666666667,0.59892,r,0,594.63
822,3135,23135,60,50,2,consonant_string,low,mkrb,4,4,external,b,w,1.1,0.5109,w,0,604.83
822,3111,23111,61,50,2,consonant_string,low,srfd,4,4,external,d,k,1.3333333333333333,0.3996,d,1,469.02
822,2224,22224,62,50,2,pseudoword,high,jote,4,3,internal,t,l,4.5,0.47576,l,0,1086.56
822,1125,21125,63,50,2,word,low,wage,4,3,internal,g,k,1.1666666666666667,0.37222,g,1,915.47
822,1117,21117,64,50,2,word,low,scam,4,4,external,m,b,1.2333333333333334,0.5784,m,1,584.02
822,2147,22147,65,50,2,pseudoword,low,jile,4,3,internal,l,s,1.1,0.4218,l,1,823.89
822,1123,21123,66,50,2,word,low,flag,4,4,external,g,t,1.1333333333333333,0.44178,g,1,542.44
822,1121,21121,68,50,2,word,low,flog,4,4,external,g,w,1.1666666666666667,0.52446,g,1,529.63
822,1242,21242,69,50,2,word,high,seal,4,4,external,l,r,3.2580645161290325,0.56415,r,0,696.5
822,2109,22109,70,50,2,pseudoword,low,glod,4,4,external,d,m,1.1333333333333333,0.58091,d,1,546.71
822,3206,23206,71,50,2,consonant_string,high,jbfzpq,6,5,internal,p,d,5.096774193548387,0.48985,p,1,848.89
822,2228,22228,72,50,2,pseudoword,high,goif,4,4,external,f,l,4.033333333333333,0.60982,f,1,972.13
822,3141,23141,73,50,2,consonant_string,low,pqlt,4,3,internal,l,n,1.3666666666666667,0.46775,l,1,870.7
822,1234,21234,74,50,2,word,high,pride,5,4,internal,d,c,3.566666666666667,0.66158,d,1,648.25
822,2238,22238,75,50,2,pseudoword,high,jite,4,3,internal,t,r,3.3666666666666667,0.59892,r,0,723.45
822,1119,21119,76,50,2,word,low,warm,4,4,external,m,t,1.0666666666666667,0.52674,m,1,768.0
822,2232,22232,77,50,2,pseudoword,high,ghade,5,4,internal,d,c,3.566666666666667,0.66158,c,0,959.56
822,3105,23105,79,50,2,consonant_string,low,fcmpk,5,4,internal,p,v,1.1333333333333333,0.49111,p,1,743.11
822,2139,22139,80,50,2,pseudoword,low,glot,4,4,external,t,n,1.1,0.6011,n,0,974.33
822,2135,22135,81,50,2,pseudoword,low,frab,4,4,external,b,w,1.1,0.5109,b,1,845.91
822,1244,21244,124,50,2,word,high,stone,5,4,internal,n,r,3.1333333333333333,0.62334,n,1,690.2
822,1220,21220,125,50,2,word,high,gate,4,3,internal,t,l,4.5,0.47576,t,1,672.08
822,1224,21224,126,50,2,word,high,bite,4,3,internal,t,l,4.5,0.47576,t,1,764.62
822,3127,23127,127,50,2,consonant_string,low,bvcg,4,4,external,g,k,1.1666666666666667,0.37222,g,1,966.17
822,1115,21115,128,50,2,word,low,beam,4,4,external,m,t,1.0666666666666667,0.52674,m,1,459.72
822,2202,22202,129,50,2,pseudoword,high,snad,4,2,internal,n,h,5.533333333333333,0.86536,n,1,964.26
822,2220,22220,130,50,2,pseudoword,high,wote,4,3,internal,t,l,4.5,0.47576,t,1,587.82
822,1113,21113,131,50,2,word,low,slab,4,4,external,b,m,1.2333333333333334,0.5784,b,1,811.7
822,1236,21236,132,50,2,word,high,stab,4,4,external,b,g,3.533333333333333,0.46543,g,0,978.25
822,2210,22210,134,50,2,pseudoword,high,fard,4,4,external,d,p,5.096774193548387,0.48985,d,1,784.14
822,1103,21103,135,50,2,word,low,shape,5,4,internal,p,v,1.1333333333333333,0.49111,p,1,525.01
822,2123,22123,136,50,2,pseudoword,low,blug,4,4,external,g,t,1.1333333333333333,0.44178,g,1,462.54
822,3103,23103,137,50,2,consonant_string,low,qsgpn,5,4,internal,p,v,1.1333333333333333,0.49111,v,0,767.06
822,3204,23204,138,50,2,consonant_string,high,htwd,4,4,external,d,p,5.096774193548387,0.48985,d,1,797.62
822,3228,23228,139,50,2,consonant_string,high,vjnf,4,4,external,f,l,4.033333333333333,0.60982,f,1,756.83
822,1218,21218,140,50,2,word,high,home,4,3,internal,m,n,4.666666666666667,0.6574,m,1,582.04
822,2206,22206,141,50,2,pseudoword,high,strepe,6,5,internal,p,d,5.096774193548387,0.48985,p,1,741.91
822,1135,21135,142,50,2,word,low,drab,4,4,external,b,w,1.1,0.5109,w,0,688.13
822,3109,23109,143,50,2,consonant_string,low,csbd,4,4,external,d,m,1.1333333333333333,0.58091,d,1,640.99
822,3147,23147,2,50,2,consonant_string,low,gnlt,4,3,internal,l,s,1.1,0.4218,s,0,459.86
822,1131,21131,3,50,2,word,low,slide,5,4,internal,d,m,1.1333333333333333,0.58091,m,0,466.38
822,2117,22117,4,50,2,pseudoword,low,plim,4,4,external,m,b,1.2333333333333334,0.5784,m,1,575.9
822,3125,23125,5,50,2,consonant_string,low,fhgv,4,3,internal,g,k,1.1666666666666667,0.37222,g,1,465.77
822,1240,21240,6,50,2,word,high,pole,4,3,internal,l,r,3.2580645161290325,0.56415,r,0,600.3
822,3117,23117,7,50,2,consonant_string,low,htjm,4,4,external,m,b,1.2333333333333334,0.5784,m,1,626.48
822,1137,21137,8,50,2,word,low,stew,4,4,external,w,p,1.1666666666666667,0.53452,w,1,558.35
822,2216,22216,9,50,2,pseudoword,high,hime,4,3,internal,m,n,4.666666666666667,0.6574,m,1,472.54
822,3232,23232,10,50,2,consonant_string,high,vzldb,5,4,internal,d,c,3.566666666666667,0.66158,d,1,455.06
822,2145,22145,11,50,2,pseudoword,low,swork,5,4,internal,r,c,1.4,0.55867,r,1,666.26
822,1127,21127,13,50,2,word,low,wing,4,4,external,g,k,1.1666666666666667,0.37222,g,1,470.79
822,2131,22131,14,50,2,pseudoword,low,spode,5,4,internal,d,m,1.1333333333333333,0.58091,d,1,809.32
822,1145,21145,15,50,2,word,low,spire,5,4,internal,r,c,1.4,0.55867,r,1,551.87
822,2141,22141,16,50,2,pseudoword,low,bule,4,3,internal,l,n,1.3666666666666667,0.46775,n,0,559.07
822,2234,22234,17,50,2,pseudoword,high,brode,5,4,internal,d,c,3.566666666666667,0.66158,d,1,471.59
822,2212,22212,18,50,2,pseudoword,high,glip,4,4,external,p,d,5.096774193548387,0.48985,p,1,706.12
822,2107,22107,19,50,2,pseudoword,low,nood,4,4,external,d,r,1.3333333333333333,0.49182,d,1,555.32
822,2137,22137,20,50,2,pseudoword,low,blaw,4,4,external,w,p,1.1666666666666667,0.53452,w,1,435.51
822,3246,23246,21,50,2,consonant_string,high,bfnsl,5,5,external,l,k,2.8,0.53572,k,0,594.36
822,1109,21109,22,50,2,word,low,seed,4,4,external,d,m,1.1333333333333333,0.58091,m,0,465.56
822,3236,23236,24,50,2,consonant_string,high,hfwb,4,4,external,b,g,3.533333333333333,0.46543,b,1,774.09
822,3143,23143,25,50,2,consonant_string,low,fbvr,4,4,external,r,d,1.3333333333333333,0.49182,r,1,718.63
822,3113,23113,26,50,2,consonant_string,low,rtcb,4,4,external,b,m,1.2333333333333334,0.5784,m,0,1012.2
822,1141,21141,27,50,2,word,low,file,4,3,internal,l,n,1.3666666666666667,0.46775,n,0,1148.77
822,1210,21210,28,50,2,word,high,weed,4,4,external,d,p,5.096774193548387,0.48985,d,1,894.01
822,2248,22248,29,50,2,pseudoword,high,zoke,4,3,internal,k,l,2.8,0.53572,k,1,491.22
822,3242,23242,30,50,2,consonant_string,high,wktl,4,4,external,l,r,3.2580645161290325,0.56415,r,0,596.41
822,2242,22242,31,50,2,pseudoword,high,drol,4,4,external,l,r,3.2580645161290325,0.56415,r,0,1166.63
822,3214,23214,32,50,2,consonant_string,high,klpj,4,3,internal,p,b,5.066666666666666,0.70362,b,0,1266.23
822,1133,21133,33,50,2,word,low,fade,4,3,internal,d,z,1.2333333333333334,0.52841,z,0,1204.82
822,3216,23216,35,50,2,consonant_string,high,fsmt,4,3,internal,m,n,4.666666666666667,0.6574,m,1,593.06
822,3119,23119,36,50,2,consonant_string,low,gjkm,4,4,external,m,t,1.0666666666666667,0.52674,t,0,878.27
822,1202,21202,37,50,2,word,high,snip,4,2,internal,n,h,5.533333333333333,0.86536,n,1,1004.16
822,3123,23123,38,50,2,consonant_string,low,vlbg,4,4,external,g,t,1.1333333333333333,0.44178,g,1,817.39
822,3101,23101,39,50,2,consonant_string,low,znsq,4,2,internal,n,t,1.1,0.6011,t,0,858.95
822,1230,21230,40,50,2,word,high,beef,4,4,external,f,r,3.8,0.69632,f,1,604.49
822,2214,22214,41,50,2,pseudoword,high,dape,4,3,internal,p,b,5.066666666666666,0.70362,p,1,765.71
822,3139,23139,42,50,2,consonant_string,low,mvjt,4,4,external,t,n,1.1,0.6011,t,1,635.24
822,3212,23212,43,50,2,consonant_string,high,qmwp,4,4,external,p,d,5.096774193548387,0.48985,d,0,666.11
822,2240,22240,44,50,2,pseudoword,high,hule,4,3,internal,l,r,3.2580645161290325,0.56415,r,0,500.65
822,3121,23121,46,50,2,consonant_string,low,fqcg,4,4,external,g,w,1.1666666666666667,0.52446,w,0,588.84
822,1129,21129,47,50,2,word,low,wife,4,3,internal,f,n,1.2,0.53217,f,1,745.72
822,1226,21226,48,50,2,word,high,bang,4,4,external,g,d,4.1,0.62488,g,1,823.93
822,3234,23234,49,50,2,consonant_string,high,pfldr,5,4,internal,d,c,3.566666666666667,0.66158,c,0,790.48
822,2204,22204,50,50,2,pseudoword,high,swed,4,4,external,d,p,5.096774193548387,0.48985,d,1,1068.38
822,2218,22218,105,50,2,pseudoword,high,vume,4,3,internal,m,n,4.666666666666667,0.6574,m,1,749.74
822,3222,23222,106,50,2,consonant_string,high,wbjg,4,4,external,g,p,4.5,0.55857,g,1,633.95
822,1105,21105,107,50,2,word,low,grape,5,4,internal,p,v,1.1333333333333333,0.49111,p,1,537.82
822,2236,22236,108,50,2,pseudoword,high,plob,4,4,external,b,g,3.533333333333333,0.46543,b,1,1086.7
822,1107,21107,109,50,2,word,low,read,4,4,external,d,r,1.3333333333333333,0.49182,d,1,543.59
822,3131,23131,110,50,2,consonant_string,low,gjwds,5,4,internal,d,m,1.1333333333333333,0.58091,m,0,761.79
822,1248,21248,112,50,2,word,high,sake,4,3,internal,k,l,2.8,0.53572,k,1,810.34
822,1101,21101,113,50,2,word,low,snow,4,2,internal,n,t,1.1,0.6011,n,1,767.9
822,2226,22226,114,50,2,pseudoword,high,yeng,4,4,external,g,d,4.1,0.62488,g,1,758.44
822,2230,22230,115,50,2,pseudoword,high,zeaf,4,4,external,f,r,3.8,0.69632,r,0,484.89
822,3210,23210,116,50,2,consonant_string,high,lsbd,4,4,external,d,p,5.096774193548387,0.48985,d,1,438.73
822,1228,21228,117,50,2,word,high,reef,4,4,external,f,l,4.033333333333333,0.60982,f,1,633.59
822,1208,21208,118,50,2,word,high,hood,4,4,external,d,p,5.096774193548387,0.48985,d,1,595.46
822,3226,23226,119,50,2,consonant_string,high,lqvg,4,4,external,g,d,4.1,0.62488,g,1,1003.67
822,3129,23129,120,50,2,consonant_string,low,dtfh,4,3,internal,f,n,1.2,0.53217,n,0,687.9
822,2113,22113,121,50,2,pseudoword,low,nalb,4,4,external,b,m,1.2333333333333334,0.5784,b,1,671.78
822,1143,21143,123,50,2,word,low,moor,4,4,external,r,d,1.3333333333333333,0.49182,r,1,780.32
822,1111,21111,103,50,2,word,low,lead,4,4,external,d,k,1.3333333333333333,0.3996,d,1,618.62
822,2143,22143,104,50,2,pseudoword,low,plur,4,4,external,r,d,1.3333333333333333,0.49182,r,1,1123.17
822,2115,22115,101,50,2,pseudoword,low,gulm,4,4,external,m,t,1.0666666666666667,0.52674,m,1,528.53
822,3133,23133,102,50,2,consonant_string,low,vkdj,4,3,internal,d,z,1.2333333333333334,0.52841,d,1,893.4
823,1104,31104,47,50,3,word,low,skid,4,4,external,d,m,1.1333333333333333,0.58091,d,1,614.43
823,1221,31221,48,50,3,word,high,flog,4,4,external,g,p,4.5,0.55857,g,1,484.96
823,3118,33118,49,50,3,consonant_string,low,zsmj,4,3,internal,m,l,1.0666666666666667,0.5113,l,0,1252.84
823,1209,31209,50,50,3,word,high,seed,4,4,external,d,p,5.096774193548387,0.48985,d,1,500.07
823,3144,33144,59,50,3,consonant_string,low,qjfnd,5,4,internal,n,k,1.5333333333333334,0.52768,n,1,1088.11
823,3142,33142,60,50,3,consonant_string,low,wktl,4,4,external,l,m,1.0666666666666667,0.5113,m,0,970.02
823,2229,32229,65,50,3,pseudoword,high,vofe,4,3,internal,f,r,3.8,0.69632,f,1,894.09
823,1144,31144,66,50,3,word,low,stone,5,4,internal,n,k,1.5333333333333334,0.52768,n,1,710.32
823,1118,31118,68,50,3,word,low,home,4,3,internal,m,l,1.0666666666666667,0.5113,m,1,540.85
823,3140,33140,69,50,3,consonant_string,low,gtln,4,3,internal,l,s,1.1,0.4218,s,0,978.74
823,1124,31124,70,50,3,word,low,bite,4,3,internal,t,d,1.3666666666666667,0.47786,t,1,635.62
823,2217,32217,71,50,3,pseudoword,high,plim,4,4,external,m,n,4.666666666666667,0.6574,m,1,1100.5
823,2120,32120,72,50,3,pseudoword,low,wote,4,3,internal,t,m,1.0666666666666667,0.52674,t,1,888.75
823,3241,33241,73,50,3,consonant_string,high,pqlt,4,3,internal,l,r,3.2580645161290325,0.56415,l,1,783.63
823,3219,33219,74,50,3,consonant_string,high,gjkm,4,4,external,m,n,4.666666666666667,0.6574,m,1,887.52
823,1225,31225,61,50,3,word,high,wage,4,3,internal,g,d,4.1,0.62488,g,1,599.57
823,2142,32142,62,50,3,pseudoword,low,drol,4,4,external,l,m,1.0666666666666667,0.5113,l,1,721.78
823,1136,31136,63,50,3,word,low,stab,4,4,external,b,r,1.2666666666666666,0.51424,b,1,702.32
823,2227,32227,64,50,3,pseudoword,high,reng,4,4,external,g,d,4.1,0.62488,g,1,919.53
823,1112,31112,28,50,3,word,low,grip,4,4,external,p,t,1.3333333333333333,0.53002,p,1,436.57
823,1142,31142,29,50,3,word,low,seal,4,4,external,l,m,1.0666666666666667,0.5113,l,1,509.42
823,2233,32233,30,50,3,pseudoword,high,kide,4,3,internal,d,c,3.566666666666667,0.66158,d,1,566.95
823,1233,31233,31,50,3,word,high,fade,4,3,internal,d,c,3.566666666666667,0.66158,d,1,452.48
823,3104,33104,32,50,3,consonant_string,low,htwd,4,4,external,d,m,1.1333333333333333,0.58091,d,1,643.66
823,3110,33110,33,50,3,consonant_string,low,lsbd,4,4,external,d,k,1.3333333333333333,0.3996,d,1,481.86
823,2132,32132,35,50,3,pseudoword,low,ghade,5,4,internal,d,r,1.3333333333333333,0.49182,d,1,527.73
823,3102,33102,36,50,3,consonant_string,low,knfc,4,2,internal,n,l,1.3666666666666667,0.46775,n,1,1417.61
823,3126,33126,37,50,3,consonant_string,low,lqvg,4,4,external,g,k,1.1666666666666667,0.37222,g,1,1527.23
823,3247,33247,38,50,3,consonant_string,high,gnlt,4,3,internal,l,k,2.8,0.53572,l,1,885.16
823,1116,31116,39,50,3,word,low,mime,4,3,internal,m,l,1.0666666666666667,0.5113,m,1,710.04
823,1126,31126,40,50,3,word,low,bang,4,4,external,g,k,1.1666666666666667,0.37222,g,1,527.59
823,3245,33245,41,50,3,consonant_string,high,hvwrt,5,4,internal,r,n,3.1333333333333333,0.62334,r,1,521.45
823,2116,32116,42,50,3,pseudoword,low,hime,4,3,internal,m,l,1.0666666666666667,0.5113,m,1,707.97
823,1241,31241,43,50,3,word,high,file,4,3,internal,l,r,3.2580645161290325,0.56415,l,1,607.51
823,1122,31122,44,50,3,word,low,swag,4,4,external,g,n,1.7,0.55212,g,1,530.72
823,2108,32108,46,50,3,pseudoword,low,vild,4,4,external,d,k,1.3333333333333333,0.3996,d,1,527.57
823,3120,33120,101,50,3,consonant_string,low,pktv,4,3,internal,t,m,1.0666666666666667,0.52674,t,1,844.83
823,2231,32231,102,50,3,pseudoword,high,spode,5,4,internal,d,c,3.566666666666667,0.66158,d,1,742.05
823,3243,33243,103,50,3,consonant_string,high,fbvr,4,4,external,r,n,3.1333333333333333,0.62334,r,1,863.27
823,1132,31132,104,50,3,word,low,spade,5,4,internal,d,r,1.3333333333333333,0.49182,d,1,696.82
823,1243,31243,105,50,3,word,high,moor,4,4,external,r,n,3.1333333333333333,0.62334,r,1,472.02
823,3201,33201,106,50,3,consonant_string,high,znsq,4,2,internal,n,h,5.533333333333333,0.86536,n,1,580.54
823,1207,31207,107,50,3,word,high,read,4,4,external,d,p,5.096774193548387,0.48985,d,1,654.4
823,1128,31128,108,50,3,word,low,reef,4,4,external,f,d,1.4333333333333333,0.51654,f,1,702.62
823,2207,32207,109,50,3,pseudoword,high,nood,4,4,external,d,p,5.096774193548387,0.48985,d,1,600.82
823,2237,32237,110,50,3,pseudoword,high,blaw,4,4,external,w,m,3.4,0.62127,w,1,454.01
823,1217,31217,112,50,3,word,high,scam,4,4,external,m,n,4.666666666666667,0.6574,m,1,619.2
823,2140,32140,113,50,3,pseudoword,low,hule,4,3,internal,l,s,1.1,0.4218,l,1,553.73
823,2134,32134,114,50,3,pseudoword,low,brode,5,4,internal,d,m,1.1333333333333333,0.58091,d,1,608.93
823,3124,33124,115,50,3,consonant_string,low,gpts,4,3,internal,t,d,1.3666666666666667,0.47786,d,0,375.26
823,1203,31203,116,50,3,word,high,shape,5,4,internal,p,d,5.096774193548387,0.48985,p,1,495.11
823,3233,33233,117,50,3,consonant_string,high,vkdj,4,3,internal,d,c,3.566666666666667,0.66158,d,1,464.29
823,2130,32130,118,50,3,pseudoword,low,zeaf,4,4,external,f,p,1.6333333333333333,0.41008,f,1,554.81
823,2245,32245,119,50,3,pseudoword,high,swork,5,4,internal,r,n,3.1333333333333333,0.62334,r,1,811.01
823,3231,33231,120,50,3,consonant_string,high,gjwds,5,4,internal,d,c,3.566666666666667,0.66158,d,1,615.57
823,2225,32225,121,50,3,pseudoword,high,jege,4,3,internal,g,d,4.1,0.62488,d,0,768.11
823,1114,31114,123,50,3,word,low,rope,4,3,internal,p,s,1.2580645161290323,0.5767,p,1,646.65
823,3213,33213,124,50,3,consonant_string,high,rtcb,4,4,external,b,p,5.066666666666666,0.70362,p,0,621.85
823,3229,33229,125,50,3,consonant_string,high,dtfh,4,3,internal,f,r,3.8,0.69632,f,1,827.39
823,1223,31223,126,50,3,word,high,flag,4,4,external,g,p,4.5,0.55857,g,1,519.27
823,2215,32215,127,50,3,pseudoword,high,gulm,4,4,external,m,n,4.666666666666667,0.6574,m,1,639.8
823,1247,31247,128,50,3,word,high,bale,4,3,internal,l,k,2.8,0.53572,l,1,465.66
823,1146,31146,129,50,3,word,low,steal,5,5,external,l,m,1.0666666666666667,0.5113,l,1,454.18
823,1235,31235,130,50,3,word,high,drab,4,4,external,b,g,3.533333333333333,0.46543,b,1,547.37
823,1102,31102,131,50,3,word,low,snip,4,2,internal,n,l,1.3666666666666667,0.46775,n,1,524.23
823,2102,32102,132,50,3,pseudoword,low,snad,4,2,internal,n,l,1.3666666666666667,0.46775,n,1,536.76
823,3114,33114,134,50,3,consonant_string,low,klpj,4,3,internal,p,s,1.2580645161290323,0.5767,s,0,646.95
823,2203,32203,135,50,3,pseudoword,high,frope,5,4,internal,p,d,5.096774193548387,0.48985,p,1,560.16
823,3108,33108,136,50,3,consonant_string,low,cvsd,4,4,external,d,k,1.3333333333333333,0.3996,d,1,578.69
823,3132,33132,137,50,3,consonant_string,low,vzldb,5,4,internal,d,r,1.3333333333333333,0.49182,d,1,517.55
823,1205,31205,138,50,3,word,high,grape,5,4,internal,p,d,5.096774193548387,0.48985,p,1,492.07
823,3138,33138,139,50,3,consonant_string,low,njtb,4,3,internal,t,m,1.0666666666666667,0.52674,m,0,585.27
823,3116,33116,140,50,3,consonant_string,low,fsmt,4,3,internal,m,l,1.0666666666666667,0.5113,l,0,489.13
823,2239,32239,141,50,3,pseudoword,high,glot,4,4,external,t,r,3.3666666666666667,0.59892,r,0,621.99
823,2146,32146,142,50,3,pseudoword,low,proal,5,5,external,l,m,1.0666666666666667,0.5113,l,1,860.53
823,2118,32118,143,50,3,pseudoword,low,vume,4,3,internal,m,l,1.0666666666666667,0.5113,m,1,1015.09
823,2201,32201,2,50,3,pseudoword,high,snum,4,2,internal,n,h,5.533333333333333,0.86536,n,1,1112.68
823,2128,32128,3,50,3,pseudoword,low,goif,4,4,external,f,d,1.4333333333333333,0.51654,f,1,612.24
823,3211,33211,4,50,3,consonant_string,high,srfd,4,4,external,d,p,5.096774193548387,0.48985,d,1,748.78
823,1148,31148,5,50,3,word,low,sake,4,3,internal,k,g,1.1666666666666667,0.37222,k,1,629.99
823,1219,31219,6,50,3,word,high,warm,4,4,external,m,n,4.666666666666667,0.6574,m,1,649.85
823,2114,32114,7,50,3,pseudoword,low,dape,4,3,internal,p,s,1.2580645161290323,0.5767,p,1,755.06
823,3205,33205,8,50,3,consonant_string,high,fcmpk,5,4,internal,p,d,5.096774193548387,0.48985,d,0,1048.28
823,3225,33225,9,50,3,consonant_string,high,fhgv,4,3,internal,g,d,4.1,0.62488,g,1,1326.54
823,3146,33146,10,50,3,consonant_string,low,bfnsl,5,5,external,l,m,1.0666666666666667,0.5113,m,0,1197.47
823,1213,31213,11,50,3,word,high,slab,4,4,external,b,p,5.066666666666666,0.70362,b,1,683.71
823,3203,33203,13,50,3,consonant_string,high,qsgpn,5,4,internal,p,d,5.096774193548387,0.48985,d,0,713.58
823,1229,31229,14,50,3,word,high,wife,4,3,internal,f,r,3.8,0.69632,f,1,907.12
823,2211,32211,15,50,3,pseudoword,high,zoud,4,4,external,d,p,5.096774193548387,0.48985,d,1,982.35
823,1138,31138,16,50,3,word,low,date,4,3,internal,t,m,1.0666666666666667,0.52674,t,1,629.24
823,2104,32104,17,50,3,pseudoword,low,swed,4,4,external,d,m,1.1333333333333333,0.58091,d,1,927.14
823,3227,33227,18,50,3,consonant_string,high,bvcg,4,4,external,g,d,4.1,0.62488,g,1,659.03
823,1106,31106,19,50,3,word,low,stripe,6,5,internal,p,v,1.1333333333333333,0.49111,p,1,652.56
823,3239,33239,20,50,3,consonant_string,high,mvjt,4,4,external,t,r,3.3666666666666667,0.59892,t,1,885.77
823,2235,32235,21,50,3,pseudoword,high,frab,4,4,external,b,g,3.533333333333333,0.46543,b,1,659.66
823,2205,32205,22,50,3,pseudoword,high,brupe,5,4,internal,p,d,5.096774193548387,0.48985,p,1,644.19
823,1120,31120,24,50,3,word,low,gate,4,3,internal,t,m,1.0666666666666667,0.52674,t,1,688.41
823,2219,32219,25,50,3,pseudoword,high,chom,4,4,external,m,n,4.666666666666667,0.6574,n,0,1050.29
823,2223,32223,26,50,3,pseudoword,high,blug,4,4,external,g,p,4.5,0.55857,g,1,608.51
823,1211,31211,27,50,3,word,high,lead,4,4,external,d,p,5.096774193548387,0.48985,d,1,528.71
823,1231,31231,0,50,3,word,high,slide,5,4,internal,d,c,3.566666666666667,0.66158,d,1,1172.32
823,2144,32144,56,50,3,pseudoword,low,slone,5,4,internal,n,k,1.5333333333333334,0.52768,n,1,715.89
823,1239,31239,67,50,3,word,high,spat,4,4,external,t,r,3.3666666666666667,0.59892,t,1,801.44
823,2247,32247,78,50,3,pseudoword,high,jile,4,3,internal,l,k,2.8,0.53572,k,0,805.65
823,2136,32136,89,50,3,pseudoword,low,plob,4,4,external,b,r,1.2666666666666666,0.51424,b,1,739.87
823,3134,33134,100,50,3,consonant_string,low,pfldr,5,4,internal,d,m,1.1333333333333333,0.58091,m,0,1113.77
823,1245,31245,111,50,3,word,high,spire,5,4,internal,r,n,3.1333333333333333,0.62334,r,1,742.33
823,3106,33106,122,50,3,consonant_string,low,jbfzpq,6,5,internal,p,v,1.1333333333333333,0.49111,p,1,737.55
823,2126,32126,133,50,3,pseudoword,low,yeng,4,4,external,g,k,1.1666666666666667,0.37222,g,1,816.42
823,3223,33223,1,50,3,consonant_string,high,vlbg,4,4,external,g,p,4.5,0.55857,p,0,1257.0
823,2124,32124,12,50,3,pseudoword,low,jote,4,3,internal,t,d,1.3666666666666667,0.47786,t,1,475.23
823,2110,32110,23,50,3,pseudoword,low,fard,4,4,external,d,k,1.3333333333333333,0.3996,d,1,673.09
823,1110,31110,34,50,3,word,low,weed,4,4,external,d,k,1.3333333333333333,0.3996,d,1,563.62
823,3148,33148,45,50,3,consonant_string,low,dhkw,4,3,internal,k,g,1.1666666666666667,0.37222,k,1,742.15
823,2138,32138,51,50,3,pseudoword,low,jite,4,3,internal,t,m,1.0666666666666667,0.52674,t,1,534.36
823,1140,31140,52,50,3,word,low,pole,4,3,internal,l,s,1.1,0.4218,l,1,555.23
823,2122,32122,53,50,3,pseudoword,low,sleg,4,4,external,g,n,1.7,0.55212,g,1,534.42
823,1130,31130,54,50,3,word,low,beef,4,4,external,f,p,1.6333333333333333,0.41008,f,1,575.28
823,1108,31108,55,50,3,word,low,hood,4,4,external,d,k,1.3333333333333333,0.3996,d,1,477.15
823,3235,33235,57,50,3,consonant_string,high,mkrb,4,4,external,b,g,3.533333333333333,0.46543,b,1,788.01
823,2148,32148,58,50,3,pseudoword,low,zoke,4,3,internal,k,g,1.1666666666666667,0.37222,k,1,691.89
823,1215,31215,87,50,3,word,high,beam,4,4,external,m,n,4.666666666666667,0.6574,m,1,582.35
823,1201,31201,88,50,3,word,high,snow,4,2,internal,n,h,5.533333333333333,0.86536,h,0,832.23
823,2112,32112,75,50,3,pseudoword,low,glip,4,4,external,p,t,1.3333333333333333,0.53002,p,1,921.42
823,1227,31227,76,50,3,word,high,wing,4,4,external,g,d,4.1,0.62488,g,1,630.97
823,3112,33112,77,50,3,consonant_string,low,qmwp,4,4,external,p,t,1.3333333333333333,0.53002,t,0,685.84
823,1134,31134,79,50,3,word,low,pride,5,4,internal,d,m,1.1333333333333333,0.58091,d,1,721.72
823,2241,32241,80,50,3,pseudoword,high,bule,4,3,internal,l,r,3.2580645161290325,0.56415,r,0,670.26
823,3215,33215,81,50,3,consonant_string,high,sfdm,4,4,external,m,n,4.666666666666667,0.6574,n,0,784.8
823,3209,33209,82,50,3,consonant_string,high,csbd,4,4,external,d,p,5.096774193548387,0.48985,p,0,661.68
823,3130,33130,83,50,3,consonant_string,low,czhf,4,4,external,f,p,1.6333333333333333,0.41008,f,1,710.22
823,3217,33217,84,50,3,consonant_string,high,htjm,4,4,external,m,n,4.666666666666667,0.6574,m,1,600.76
823,3237,33237,85,50,3,consonant_string,high,gbcw,4,4,external,w,m,3.4,0.62127,w,1,554.96
823,1237,31237,86,50,3,word,high,stew,4,4,external,w,m,3.4,0.62127,w,1,644.15
823,2243,32243,92,50,3,pseudoword,high,plur,4,4,external,r,n,3.1333333333333333,0.62334,r,1,746.23
823,2213,32213,93,50,3,pseudoword,high,nalb,4,4,external,b,p,5.066666666666666,0.70362,b,1,1199.47
823,3122,33122,90,50,3,consonant_string,low,wbjg,4,4,external,g,n,1.7,0.55212,g,1,888.12
823,3136,33136,91,50,3,consonant_string,low,hfwb,4,4,external,b,r,1.2666666666666666,0.51424,b,1,905.01
823,2221,32221,96,50,3,pseudoword,high,quag,4,4,external,g,p,4.5,0.55857,p,0,1146.9
823,3128,33128,97,50,3,consonant_string,low,vjnf,4,4,external,f,d,1.4333333333333333,0.51654,f,1,874.14
823,3207,33207,94,50,3,consonant_string,high,qvsd,4,4,external,d,p,5.096774193548387,0.48985,p,0,1087.72
823,3221,33221,95,50,3,consonant_string,high,fqcg,4,4,external,g,p,4.5,0.55857,g,1,1341.64
823,2209,32209,98,50,3,pseudoword,high,glod,4,4,external,d,p,5.096774193548387,0.48985,d,1,749.7
823,2106,32106,99,50,3,pseudoword,low,strepe,6,5,internal,p,v,1.1333333333333333,0.49111,p,1,1078.92
824,3212,43212,0,50,4,consonant_string,high,qmwp,4,4,external,p,d,5.096774193548387,0.48985,p,1,1432.87
824,2131,42131,56,50,4,pseudoword,low,spode,5,4,internal,d,m,1.1333333333333333,0.58091,m,0,1889.83
824,3210,43210,34,50,4,consonant_string,high,lsbd,4,4,external,d,p,5.096774193548387,0.48985,d,1,2324.8
824,2204,42204,45,50,4,pseudoword,high,swed,4,4,external,d,p,5.096774193548387,0.48985,d,1,907.45
824,2105,42105,51,50,4,pseudoword,low,brupe,5,4,internal,p,v,1.1333333333333333,0.49111,p,1,935.67
824,2224,42224,67,50,4,pseudoword,high,jote,4,3,internal,t,l,4.5,0.47576,t,1,1211.79
824,2216,42216,78,50,4,pseudoword,high,hime,4,3,internal,m,n,4.666666666666667,0.6574,m,1,1459.39
824,1109,41109,89,50,4,word,low,seed,4,4,external,d,m,1.1333333333333333,0.58091,d,1,1066.99
824,2210,42210,100,50,4,pseudoword,high,fard,4,4,external,d,p,5.096774193548387,0.48985,p,0,1427.58
824,3226,43226,111,50,4,consonant_string,high,lqvg,4,4,external,g,d,4.1,0.62488,g,1,708.5
824,2111,42111,122,50,4,pseudoword,low,zoud,4,4,external,d,k,1.3333333333333333,0.3996,d,1,824.72
824,3230,43230,133,50,4,consonant_string,high,czhf,4,4,external,f,r,3.8,0.69632,f,1,2369.33
824,3244,43244,1,50,4,consonant_string,high,qjfnd,5,4,internal,n,r,3.1333333333333333,0.62334,r,0,2098.02
824,1220,41220,12,50,4,word,high,gate,4,3,internal,t,l,4.5,0.47576,t,1,986.31
824,1131,41131,23,50,4,word,low,slide,5,4,internal,d,m,1.1333333333333333,0.58091,d,1,570.2
824,1121,41121,77,50,4,word,low,flog,4,4,external,g,w,1.1666666666666667,0.52446,g,1,795.83
824,2232,42232,79,50,4,pseudoword,high,ghade,5,4,internal,d,c,3.566666666666667,0.66158,d,1,936.06
824,1147,41147,80,50,4,word,low,bale,4,3,internal,l,s,1.1,0.4218,l,1,519.94
824,1202,41202,81,50,4,word,high,snip,4,2,internal,n,h,5.533333333333333,0.86536,h,0,1887.52
824,3222,43222,82,50,4,consonant_string,high,wbjg,4,4,external,g,p,4.5,0.55857,g,1,593.46
824,1129,41129,83,50,4,word,low,wife,4,3,internal,f,n,1.2,0.53217,f,1,840.67
824,2141,42141,84,50,4,pseudoword,low,bule,4,3,internal,l,n,1.3666666666666667,0.46775,l,1,648.54
824,2244,42244,85,50,4,pseudoword,high,slone,5,4,internal,n,r,3.1333333333333333,0.62334,n,1,774.76
824,2117,42117,86,50,4,pseudoword,low,plim,4,4,external,m,b,1.2333333333333334,0.5784,m,1,1453.33
824,3139,43139,87,50,4,consonant_string,low,mvjt,4,4,external,t,n,1.1,0.6011,t,1,842.59
824,1216,41216,88,50,4,word,high,mime,4,3,internal,m,n,4.666666666666667,0.6574,n,0,841.82
824,3224,43224,90,50,4,consonant_string,high,gpts,4,3,internal,t,l,4.5,0.47576,t,1,910.03
824,3141,43141,91,50,4,consonant_string,low,pqlt,4,3,internal,l,n,1.3666666666666667,0.46775,l,1,655.59
824,2101,42101,92,50,4,pseudoword,low,snum,4,2,internal,n,t,1.1,0.6011,n,1,2014.85
824,2123,42123,93,50,4,pseudoword,low,blug,4,4,external,g,t,1.1333333333333333,0.44178,g,1,681.47
824,3131,43131,94,50,4,consonant_string,low,gjwds,5,4,internal,d,m,1.1333333333333333,0.58091,d,1,1096.34
824,2103,42103,95,50,4,pseudoword,low,frope,5,4,internal,p,v,1.1333333333333333,0.49111,p,1,1282.61
824,3125,43125,96,50,4,consonant_string,low,fhgv,4,3,internal,g,k,1.1666666666666667,0.37222,k,0,1610.55
824,3103,43103,97,50,4,consonant_string,low,qsgpn,5,4,internal,p,v,1.1333333333333333,0.49111,p,1,1005.16
824,2127,42127,98,50,4,pseudoword,low,reng,4,4,external,g,k,1.1666666666666667,0.37222,g,1,661.38
824,1236,41236,99,50,4,word,high,stab,4,4,external,b,g,3.533333333333333,0.46543,b,1,669.93
824,2238,42238,101,50,4,pseudoword,high,jite,4,3,internal,t,r,3.3666666666666667,0.59892,t,1,816.47
824,3204,43204,102,50,4,consonant_string,high,htwd,4,4,external,d,p,5.096774193548387,0.48985,p,0,1693.05
824,2214,42214,103,50,4,pseudoword,high,dape,4,3,internal,p,b,5.066666666666666,0.70362,b,0,1443.36
824,1103,41103,104,50,4,word,low,shape,5,4,internal,p,v,1.1333333333333333,0.49111,p,1,1077.61
824,3234,43234,105,50,4,consonant_string,high,pfldr,5,4,internal,d,c,3.566666666666667,0.66158,d,1,817.52
824,3228,43228,106,50,4,consonant_string,high,vjnf,4,4,external,f,l,4.033333333333333,0.60982,f,1,1988.11
824,2228,42228,107,50,4,pseudoword,high,goif,4,4,external,f,l,4.033333333333333,0.60982,f,1,662.06
824,2113,42113,108,50,4,pseudoword,low,nalb,4,4,external,b,m,1.2333333333333334,0.5784,b,1,649.6
824,1111,41111,109,50,4,word,low,lead,4,4,external,d,k,1.3333333333333333,0.3996,d,1,567.8
824,3135,43135,110,50,4,consonant_string,low,mkrb,4,4,external,b,w,1.1,0.5109,b,1,663.34
824,3133,43133,112,50,4,consonant_string,low,vkdj,4,3,internal,d,z,1.2333333333333334,0.52841,d,1,2369.95
824,1238,41238,113,50,4,word,high,date,4,3,internal,t,r,3.3666666666666667,0.59892,t,1,713.58
824,3115,43115,114,50,4,consonant_string,low,sfdm,4,4,external,m,t,1.0666666666666667,0.52674,m,1,811.12
824,1117,41117,115,50,4,word,low,scam,4,4,external,m,b,1.2333333333333334,0.5784,m,1,713.35
824,3147,43147,116,50,4,consonant_string,low,gnlt,4,3,internal,l,s,1.1,0.4218,l,1,951.89
824,2246,42246,117,50,4,pseudoword,high,proal,5,5,external,l,k,2.8,0.53572,k,0,1095.13
824,1137,41137,118,50,4,word,low,stew,4,4,external,w,p,1.1666666666666667,0.53452,w,1,616.36
824,1206,41206,119,50,4,word,high,stripe,6,5,internal,p,d,5.096774193548387,0.48985,p,1,832.9
824,3107,43107,120,50,4,consonant_string,low,qvsd,4,4,external,d,r,1.3333333333333333,0.49182,d,1,859.79
824,2135,42135,121,50,4,pseudoword,low,frab,4,4,external,b,w,1.1,0.5109,b,1,563.34
824,2240,42240,123,50,4,pseudoword,high,hule,4,3,internal,l,r,3.2580645161290325,0.56415,l,1,2037.92
824,1145,41145,124,50,4,word,low,spire,5,4,internal,r,c,1.4,0.55867,r,1,887.89
824,3101,43101,125,50,4,consonant_string,low,znsq,4,2,internal,n,t,1.1,0.6011,t,0,1315.8
824,1208,41208,126,50,4,word,high,hood,4,4,external,d,p,5.096774193548387,0.48985,d,1,800.37
824,1232,41232,127,50,4,word,high,spade,5,4,internal,d,c,3.566666666666667,0.66158,d,1,725.59
824,2137,42137,128,50,4,pseudoword,low,blaw,4,4,external,w,p,1.1666666666666667,0.53452,w,1,593.47
824,3248,43248,129,50,4,consonant_string,high,dhkw,4,3,internal,k,l,2.8,0.53572,k,1,1742.7
824,3246,43246,130,50,4,consonant_string,high,bfnsl,5,5,external,l,k,2.8,0.53572,k,0,1105.99
824,1125,41125,131,50,4,word,low,wage,4,3,internal,g,k,1.1666666666666667,0.37222,g,1,507.22
824,1123,41123,132,50,4,word,low,flag,4,4,external,g,t,1.1333333333333333,0.44178,g,1,529.41
824,3238,43238,134,50,4,consonant_string,high,njtb,4,3,internal,t,r,3.3666666666666667,0.59892,r,0,1812.32
824,3208,43208,135,50,4,consonant_string,high,cvsd,4,4,external,d,p,5.096774193548387,0.48985,d,1,644.93
824,1224,41224,136,50,4,word,high,bite,4,3,internal,t,l,4.5,0.47576,t,1,693.13
824,2121,42121,137,50,4,pseudoword,low,quag,4,4,external,g,w,1.1666666666666667,0.52446,g,1,1075.35
824,1246,41246,138,50,4,word,high,steal,5,5,external,l,k,2.8,0.53572,l,1,602.25
824,3240,43240,139,50,4,consonant_string,high,gtln,4,3,internal,l,r,3.2580645161290325,0.56415,l,1,2368.51
824,1133,41133,140,50,4,word,low,fade,4,3,internal,d,z,1.2333333333333334,0.52841,d,1,601.15
824,1143,41143,141,50,4,word,low,moor,4,4,external,r,d,1.3333333333333333,0.49182,d,0,768.36
824,1234,41234,142,50,4,word,high,pride,5,4,internal,d,c,3.566666666666667,0.66158,d,1,534.9
824,2125,42125,143,50,4,pseudoword,low,jege,4,3,internal,g,k,1.1666666666666667,0.37222,g,1,685.76
824,1228,41228,2,50,4,word,high,reef,4,4,external,f,l,4.033333333333333,0.60982,l,0,1239.66
824,2248,42248,3,50,4,pseudoword,high,zoke,4,3,internal,k,l,2.8,0.53572,k,1,531.56
824,3143,43143,4,50,4,consonant_string,low,fbvr,4,4,external,r,d,1.3333333333333333,0.49182,d,0,2229.48
824,1244,41244,5,50,4,word,high,stone,5,4,internal,n,r,3.1333333333333333,0.62334,n,1,471.44
824,1222,41222,6,50,4,word,high,swag,4,4,external,g,p,4.5,0.55857,g,1,672.98
824,1210,41210,7,50,4,word,high,weed,4,4,external,d,p,5.096774193548387,0.48985,d,1,636.5
824,1101,41101,8,50,4,word,low,snow,4,2,internal,n,t,1.1,0.6011,n,1,1649.41
824,1226,41226,9,50,4,word,high,bang,4,4,external,g,d,4.1,0.62488,g,1,554.67
824,1113,41113,10,50,4,word,low,slab,4,4,external,b,m,1.2333333333333334,0.5784,b,1,622.87
824,1135,41135,11,50,4,word,low,drab,4,4,external,b,w,1.1,0.5109,b,1,545.4
824,3129,43129,13,50,4,consonant_string,low,dtfh,4,3,internal,f,n,1.2,0.53217,f,1,1261.62
824,1127,41127,14,50,4,word,low,wing,4,4,external,g,k,1.1666666666666667,0.37222,g,1,546.19
824,2220,42220,15,50,4,pseudoword,high,wote,4,3,internal,t,l,4.5,0.47576,t,1,874.4
824,2208,42208,16,50,4,pseudoword,high,vild,4,4,external,d,p,5.096774193548387,0.48985,d,1,715.95
824,3127,43127,17,50,4,consonant_string,low,bvcg,4,4,external,g,k,1.1666666666666667,0.37222,g,1,516.49
824,1240,41240,18,50,4,word,high,pole,4,3,internal,l,r,3.2580645161290325,0.56415,l,1,783.02
824,2145,42145,19,50,4,pseudoword,low,swork,5,4,internal,r,c,1.4,0.55867,c,0,1694.96
824,1212,41212,20,50,4,word,high,grip,4,4,external,p,d,5.096774193548387,0.48985,p,1,691.2
824,1218,41218,21,50,4,word,high,home,4,3,internal,m,n,4.666666666666667,0.6574,m,1,860.42
824,1105,41105,22,50,4,word,low,grape,5,4,internal,p,v,1.1333333333333333,0.49111,p,1,660.97
824,2109,42109,24,50,4,pseudoword,low,glod,4,4,external,d,m,1.1333333333333333,0.58091,m,0,714.52
824,3202,43202,25,50,4,consonant_string,high,knfc,4,2,internal,n,h,5.533333333333333,0.86536,h,0,1519.09
824,1107,41107,26,50,4,word,low,read,4,4,external,d,r,1.3333333333333333,0.49182,d,1,550.67
824,3119,43119,27,50,4,consonant_string,low,gjkm,4,4,external,m,t,1.0666666666666667,0.52674,m,1,620.87
824,1139,41139,28,50,4,word,low,spat,4,4,external,t,n,1.1,0.6011,t,1,973.41
824,3105,43105,29,50,4,consonant_string,low,fcmpk,5,4,internal,p,v,1.1333333333333333,0.49111,p,1,2603.05
824,1204,41204,30,50,4,word,high,skid,4,4,external,d,p,5.096774193548387,0.48985,d,1,630.37
824,2222,42222,31,50,4,pseudoword,high,sleg,4,4,external,g,p,4.5,0.55857,g,1,722.23
824,2129,42129,32,50,4,pseudoword,low,vofe,4,3,internal,f,n,1.2,0.53217,f,1,1977.83
824,1248,41248,33,50,4,word,high,sake,4,3,internal,k,l,2.8,0.53572,k,1,665.77
824,3214,43214,35,50,4,consonant_string,high,klpj,4,3,internal,p,b,5.066666666666666,0.70362,p,1,1880.35
824,3111,43111,36,50,4,consonant_string,low,srfd,4,4,external,d,k,1.3333333333333333,0.3996,d,1,1003.32
824,2119,42119,37,50,4,pseudoword,low,chom,4,4,external,m,t,1.0666666666666667,0.52674,m,1,760.54
824,3220,43220,38,50,4,consonant_string,high,pktv,4,3,internal,t,l,4.5,0.47576,l,0,1947.14
824,3242,43242,39,50,4,consonant_string,high,wktl,4,4,external,l,r,3.2580645161290325,0.56415,r,0,1585.46
824,2230,42230,40,50,4,pseudoword,high,zeaf,4,4,external,f,r,3.8,0.69632,f,1,878.38
824,3137,43137,41,50,4,consonant_string,low,gbcw,4,4,external,w,p,1.1666666666666667,0.53452,w,1,673.27
824,1119,41119,52,50,4,word,low,warm,4,4,external,m,t,1.0666666666666667,0.52674,m,1,1153.58
824,2218,42218,53,50,4,pseudoword,high,vume,4,3,internal,m,n,4.666666666666667,0.6574,m,1,849.82
824,3216,43216,54,50,4,consonant_string,high,fsmt,4,3,internal,m,n,4.666666666666667,0.6574,n,0,792.04
824,3113,43113,55,50,4,consonant_string,low,rtcb,4,4,external,b,m,1.2333333333333334,0.5784,b,1,1014.27
824,2147,42147,57,50,4,pseudoword,low,jile,4,3,internal,l,s,1.1,0.4218,s,0,1165.86
824,2226,42226,58,50,4,pseudoword,high,yeng,4,4,external,g,d,4.1,0.62488,g,1,742.42
824,2234,42234,59,50,4,pseudoword,high,brode,5,4,internal,d,c,3.566666666666667,0.66158,d,1,965.64
824,3109,43109,60,50,4,consonant_string,low,csbd,4,4,external,d,m,1.1333333333333333,0.58091,d,1,783.21
824,1242,41242,61,50,4,word,high,seal,4,4,external,l,r,3.2580645161290325,0.56415,l,1,853.09
824,2107,42107,62,50,4,pseudoword,low,nood,4,4,external,d,r,1.3333333333333333,0.49182,d,1,637.31
824,2133,42133,63,50,4,pseudoword,low,kide,4,3,internal,d,z,1.2333333333333334,0.52841,d,1,1618.21
824,3123,43123,64,50,4,consonant_string,low,vlbg,4,4,external,g,t,1.1333333333333333,0.44178,g,1,707.81
824,3206,43206,65,50,4,consonant_string,high,jbfzpq,6,5,internal,p,d,5.096774193548387,0.48985,p,1,1755.39
824,3232,43232,66,50,4,consonant_string,high,vzldb,5,4,internal,d,c,3.566666666666667,0.66158,d,1,1374.68
824,3145,43145,68,50,4,consonant_string,low,hvwrt,5,4,internal,r,c,1.4,0.55867,c,0,1400.29
824,1115,41115,69,50,4,word,low,beam,4,4,external,m,t,1.0666666666666667,0.52674,m,1,620.54
824,3121,43121,70,50,4,consonant_string,low,fqcg,4,4,external,g,w,1.1666666666666667,0.52446,g,1,715.08
824,2236,42236,71,50,4,pseudoword,high,plob,4,4,external,b,g,3.533333333333333,0.46543,b,1,906.63
824,1141,41141,72,50,4,word,low,file,4,3,internal,l,n,1.3666666666666667,0.46775,l,1,2127.9
824,2202,42202,73,50,4,pseudoword,high,snad,4,2,internal,n,h,5.533333333333333,0.86536,h,0,990.87
824,2212,42212,74,50,4,pseudoword,high,glip,4,4,external,p,d,5.096774193548387,0.48985,p,1,1108.78
824,3117,43117,75,50,4,consonant_string,low,htjm,4,4,external,m,b,1.2333333333333334,0.5784,b,0,1254.37
824,3218,43218,76,50,4,consonant_string,high,zsmj,4,3,internal,m,n,4.666666666666667,0.6574,n,0,853.61
824,1214,41214,50,50,4,word,high,rope,4,3,internal,p,b,5.066666666666666,0.70362,p,1,935.54
824,2139,42139,46,50,4,pseudoword,low,glot,4,4,external,t,n,1.1,0.6011,t,1,716.96
824,2242,42242,42,50,4,pseudoword,high,drol,4,4,external,l,r,3.2580645161290325,0.56415,l,1,1562.84
824,2115,42115,43,50,4,pseudoword,low,gulm,4,4,external,m,t,1.0666666666666667,0.52674,m,1,1234.46
824,2206,42206,44,50,4,pseudoword,high,strepe,6,5,internal,p,d,5.096774193548387,0.48985,p,1,1261.39
824,1230,41230,47,50,4,word,high,beef,4,4,external,f,r,3.8,0.69632,f,1,656.5
824,2143,42143,48,50,4,pseudoword,low,plur,4,4,external,r,d,1.3333333333333333,0.49182,r,1,1477.74
824,3236,43236,49,50,4,consonant_string,high,hfwb,4,4,external,b,g,3.533333333333333,0.46543,b,1,788.66
825,2217,12217,43,67,1,pseudoword,high,plim,4,4,external,m,n,4.666666666666667,0.6574,m,1,854.71
825,2104,12104,48,67,1,pseudoword,low,swed,4,4,external,d,m,1.1333333333333333,0.58091,m,0,1204.37
825,3247,13247,44,67,1,consonant_string,high,gnlt,4,3,internal,l,k,2.8,0.53572,l,1,1068.28
825,1140,11140,46,67,1,word,low,pole,4,3,internal,l,s,1.1,0.4218,l,1,1036.19
825,3118,13118,47,67,1,consonant_string,low,zsmj,4,3,internal,m,l,1.0666666666666667,0.5113,m,1,1221.44
825,3138,13138,42,67,1,consonant_string,low,njtb,4,3,internal,t,m,1.0666666666666667,0.52674,t,1,2004.08
825,2247,12247,66,67,1,pseudoword,high,jile,4,3,internal,l,k,2.8,0.53572,k,0,1305.32
825,2231,12231,68,67,1,pseudoword,high,spode,5,4,internal,d,c,3.566666666666667,0.66158,c,0,1507.93
825,1132,11132,69,67,1,word,low,spade,5,4,internal,d,r,1.3333333333333333,0.49182,r,0,1533.88
825,3221,13221,70,67,1,consonant_string,high,fqcg,4,4,external,g,p,4.5,0.55857,g,1,1531.17
825,1235,11235,71,67,1,word,high,drab,4,4,external,b,g,3.533333333333333,0.46543,g,0,1178.43
825,1112,11112,49,67,1,word,low,grip,4,4,external,p,t,1.3333333333333333,0.53002,p,1,1313.96
825,1229,11229,50,67,1,word,high,wife,4,3,internal,f,r,3.8,0.69632,f,1,772.88
825,2146,12146,60,67,1,pseudoword,low,proal,5,5,external,l,m,1.0666666666666667,0.5113,m,0,1404.83
825,3225,13225,61,67,1,consonant_string,high,fhgv,4,3,internal,g,d,4.1,0.62488,d,0,1056.43
825,3213,13213,62,67,1,consonant_string,high,rtcb,4,4,external,b,p,5.066666666666666,0.70362,b,1,1164.01
825,1120,11120,63,67,1,word,low,gate,4,3,internal,t,m,1.0666666666666667,0.52674,t,1,1087.93
825,2207,12207,64,67,1,pseudoword,high,nood,4,4,external,d,p,5.096774193548387,0.48985,d,1,811.16
825,3102,13102,65,67,1,consonant_string,low,knfc,4,2,internal,n,l,1.3666666666666667,0.46775,l,0,1086.07
825,2229,12229,81,67,1,pseudoword,high,vofe,4,3,internal,f,r,3.8,0.69632,f,1,1485.34
825,2140,12140,82,67,1,pseudoword,low,hule,4,3,internal,l,s,1.1,0.4218,s,0,699.59
825,1247,11247,83,67,1,word,high,bale,4,3,internal,l,k,2.8,0.53572,k,0,762.14
825,1227,11227,84,67,1,word,high,wing,4,4,external,g,d,4.1,0.62488,g,1,1150.03
825,1213,11213,85,67,1,word,high,slab,4,4,external,b,p,5.066666666666666,0.70362,b,1,1091.62
825,1136,11136,86,67,1,word,low,stab,4,4,external,b,r,1.2666666666666666,0.51424,b,1,1388.22
825,2201,12201,87,67,1,pseudoword,high,snum,4,2,internal,n,h,5.533333333333333,0.86536,h,0,1772.51
825,2126,12126,88,67,1,pseudoword,low,yeng,4,4,external,g,k,1.1666666666666667,0.37222,g,1,1871.49
825,2108,12108,90,67,1,pseudoword,low,vild,4,4,external,d,k,1.3333333333333333,0.3996,d,1,810.44
825,1219,11219,91,67,1,word,high,warm,4,4,external,m,n,4.666666666666667,0.6574,m,1,746.32
825,3132,13132,92,67,1,consonant_string,low,vzldb,5,4,internal,d,r,1.3333333333333333,0.49182,d,1,1588.9
825,2237,12237,93,67,1,pseudoword,high,blaw,4,4,external,w,m,3.4,0.62127,m,0,1191.18
825,1102,11102,94,67,1,word,low,snip,4,2,internal,n,l,1.3666666666666667,0.46775,n,1,1055.78
825,2209,12209,95,67,1,pseudoword,high,glod,4,4,external,d,p,5.096774193548387,0.48985,d,1,977.35
825,1146,11146,96,67,1,word,low,steal,5,5,external,l,m,1.0666666666666667,0.5113,m,0,1478.61
825,3108,13108,97,67,1,consonant_string,low,cvsd,4,4,external,d,k,1.3333333333333333,0.3996,d,1,1194.88
825,3134,13134,98,67,1,consonant_string,low,pfldr,5,4,internal,d,m,1.1333333333333333,0.58091,m,0,1122.47
825,2116,12116,99,67,1,pseudoword,low,hime,4,3,internal,m,l,1.0666666666666667,0.5113,m,1,734.38
825,2134,12134,101,67,1,pseudoword,low,brode,5,4,internal,d,m,1.1333333333333333,0.58091,d,1,1143.6
825,1209,11209,102,67,1,word,high,seed,4,4,external,d,p,5.096774193548387,0.48985,d,1,843.18
825,2128,12128,103,67,1,pseudoword,low,goif,4,4,external,f,d,1.4333333333333333,0.51654,f,1,994.75
825,2112,12112,104,67,1,pseudoword,low,glip,4,4,external,p,t,1.3333333333333333,0.53002,p,1,1507.34
825,2221,12221,105,67,1,pseudoword,high,quag,4,4,external,g,p,4.5,0.55857,g,1,1036.94
825,1239,11239,106,67,1,word,high,spat,4,4,external,t,r,3.3666666666666667,0.59892,t,1,932.18
825,3233,13233,107,67,1,consonant_string,high,vkdj,4,3,internal,d,c,3.566666666666667,0.66158,d,1,1709.45
825,1231,11231,108,67,1,word,high,slide,5,4,internal,d,c,3.566666666666667,0.66158,d,1,1188.4
825,2102,12102,109,67,1,pseudoword,low,snad,4,2,internal,n,l,1.3666666666666667,0.46775,n,1,1038.64
825,1118,11118,110,67,1,word,low,home,4,3,internal,m,l,1.0666666666666667,0.5113,l,0,661.88
825,1241,11241,112,67,1,word,high,file,4,3,internal,l,r,3.2580645161290325,0.56415,r,0,1180.77
825,1106,11106,113,67,1,word,low,stripe,6,5,internal,p,v,1.1333333333333333,0.49111,p,1,1691.05
825,3104,13104,114,67,1,consonant_string,low,htwd,4,4,external,d,m,1.1333333333333333,0.58091,d,1,1291.34
825,3140,13140,115,67,1,consonant_string,low,gtln,4,3,internal,l,s,1.1,0.4218,s,0,731.58
825,2144,12144,72,67,1,pseudoword,low,slone,5,4,internal,n,k,1.5333333333333334,0.52768,n,1,874.69
825,3142,13142,73,67,1,consonant_string,low,wktl,4,4,external,l,m,1.0666666666666667,0.5113,m,0,1053.59
825,1215,11215,74,67,1,word,high,beam,4,4,external,m,n,4.666666666666667,0.6574,m,1,661.15
825,1104,11104,75,67,1,word,low,skid,4,4,external,d,m,1.1333333333333333,0.58091,d,1,1405.05
825,1124,11124,76,67,1,word,low,bite,4,3,internal,t,d,1.3666666666666667,0.47786,t,1,1378.67
825,1237,11237,77,67,1,word,high,stew,4,4,external,w,m,3.4,0.62127,w,1,1423.94
825,1126,11126,79,67,1,word,low,bang,4,4,external,g,k,1.1666666666666667,0.37222,k,0,840.86
825,2132,12132,80,67,1,pseudoword,low,ghade,5,4,internal,d,r,1.3333333333333333,0.49182,r,0,838.08
825,3237,13237,125,67,1,consonant_string,high,gbcw,4,4,external,w,m,3.4,0.62127,m,0,1026.96
825,1201,11201,126,67,1,word,high,snow,4,2,internal,n,h,5.533333333333333,0.86536,n,1,725.19
825,1130,11130,127,67,1,word,low,beef,4,4,external,f,p,1.6333333333333333,0.41008,f,1,994.42
825,2130,12130,128,67,1,pseudoword,low,zeaf,4,4,external,f,p,1.6333333333333333,0.41008,p,0,1768.01
825,2203,12203,129,67,1,pseudoword,high,frope,5,4,internal,p,d,5.096774193548387,0.48985,d,0,1330.98
825,3231,13231,130,67,1,consonant_string,high,gjwds,5,4,internal,d,c,3.566666666666667,0.66158,c,0,1076.25
825,3239,13239,131,67,1,consonant_string,high,mvjt,4,4,external,t,r,3.3666666666666667,0.59892,t,1,1247.5
825,1217,11217,132,67,1,word,high,scam,4,4,external,m,n,4.666666666666667,0.6574,m,1,800.08
825,3144,13144,134,67,1,consonant_string,low,qjfnd,5,4,internal,n,k,1.5333333333333334,0.52768,k,0,1197.65
825,2227,12227,135,67,1,pseudoword,high,reng,4,4,external,g,d,4.1,0.62488,d,0,1244.23
825,1221,11221,136,67,1,word,high,flog,4,4,external,g,p,4.5,0.55857,g,1,775.82
825,1138,11138,137,67,1,word,low,date,4,3,internal,t,m,1.0666666666666667,0.52674,t,1,1197.06
825,3122,13122,138,67,1,consonant_string,low,wbjg,4,4,external,g,n,1.7,0.55212,g,1,668.63
825,3112,13112,139,67,1,consonant_string,low,qmwp,4,4,external,p,t,1.3333333333333333,0.53002,p,1,1684.55
825,3201,13201,140,67,1,consonant_string,high,znsq,4,2,internal,n,h,5.533333333333333,0.86536,h,0,1131.83
825,1116,11116,141,67,1,word,low,mime,4,3,internal,m,l,1.0666666666666667,0.5113,m,1,1728.44
825,3217,13217,142,67,1,consonant_string,high,htjm,4,4,external,m,n,4.666666666666667,0.6574,m,1,1024.72
825,2245,12245,143,67,1,pseudoword,high,swork,5,4,internal,r,n,3.1333333333333333,0.62334,n,0,1803.66
825,2120,12120,2,67,1,pseudoword,low,wote,4,3,internal,t,m,1.0666666666666667,0.52674,t,1,847.27
825,1223,11223,3,67,1,word,high,flag,4,4,external,g,p,4.5,0.55857,g,1,839.83
825,2225,12225,4,67,1,pseudoword,high,jege,4,3,internal,g,d,4.1,0.62488,g,1,1202.08
825,1225,11225,5,67,1,word,high,wage,4,3,internal,g,d,4.1,0.62488,g,1,1340.68
825,2219,12219,6,67,1,pseudoword,high,chom,4,4,external,m,n,4.666666666666667,0.6574,m,1,739.93
825,2106,12106,7,67,1,pseudoword,low,strepe,6,5,internal,p,v,1.1333333333333333,0.49111,p,1,1834.18
825,2239,12239,8,67,1,pseudoword,high,glot,4,4,external,t,r,3.3666666666666667,0.59892,t,1,862.46
825,3110,13110,9,67,1,consonant_string,low,lsbd,4,4,external,d,k,1.3333333333333333,0.3996,d,1,1557.38
825,3203,13203,10,67,1,consonant_string,high,qsgpn,5,4,internal,p,d,5.096774193548387,0.48985,p,1,1191.0
825,1207,11207,11,67,1,word,high,read,4,4,external,d,p,5.096774193548387,0.48985,d,1,826.25
825,1245,11245,13,67,1,word,high,spire,5,4,internal,r,n,3.1333333333333333,0.62334,n,0,1223.48
825,3148,13148,14,67,1,consonant_string,low,dhkw,4,3,internal,k,g,1.1666666666666667,0.37222,k,1,714.39
825,2118,12118,15,67,1,pseudoword,low,vume,4,3,internal,m,l,1.0666666666666667,0.5113,m,1,942.28
825,2136,12136,16,67,1,pseudoword,low,plob,4,4,external,b,r,1.2666666666666666,0.51424,b,1,1029.85
825,1203,11203,116,67,1,word,high,shape,5,4,internal,p,d,5.096774193548387,0.48985,p,1,1439.83
825,3136,13136,117,67,1,consonant_string,low,hfwb,4,4,external,b,r,1.2666666666666666,0.51424,b,1,1375.12
825,2124,12124,118,67,1,pseudoword,low,jote,4,3,internal,t,d,1.3666666666666667,0.47786,t,1,845.37
825,2114,12114,119,67,1,pseudoword,low,dape,4,3,internal,p,s,1.2580645161290323,0.5767,s,0,1428.95
825,1144,11144,120,67,1,word,low,stone,5,4,internal,n,k,1.5333333333333334,0.52768,n,1,1000.21
825,1142,11142,121,67,1,word,low,seal,4,4,external,l,m,1.0666666666666667,0.5113,m,0,881.79
825,3223,13223,123,67,1,consonant_string,high,vlbg,4,4,external,g,p,4.5,0.55857,g,1,1774.05
825,3114,13114,124,67,1,consonant_string,low,klpj,4,3,internal,p,s,1.2580645161290323,0.5767,p,1,1525.01
825,3243,13243,0,67,1,consonant_string,high,fbvr,4,4,external,r,n,3.1333333333333333,0.62334,r,1,1011.08
825,3106,13106,56,67,1,consonant_string,low,jbfzpq,6,5,internal,p,v,1.1333333333333333,0.49111,p,1,893.97
825,1205,11205,67,67,1,word,high,grape,5,4,internal,p,d,5.096774193548387,0.48985,p,1,972.54
825,3207,13207,78,67,1,consonant_string,high,qvsd,4,4,external,d,p,5.096774193548387,0.48985,p,0,900.44
825,3235,13235,89,67,1,consonant_string,high,mkrb,4,4,external,b,g,3.533333333333333,0.46543,b,1,1002.01
825,3219,13219,100,67,1,consonant_string,high,gjkm,4,4,external,m,n,4.666666666666667,0.6574,m,1,736.57
825,2213,12213,111,67,1,pseudoword,high,nalb,4,4,external,b,p,5.066666666666666,0.70362,p,0,508.77
825,2138,12138,122,67,1,pseudoword,low,jite,4,3,internal,t,m,1.0666666666666667,0.52674,m,0,599.64
825,1108,11108,133,67,1,word,low,hood,4,4,external,d,k,1.3333333333333333,0.3996,k,0,522.17
825,2211,12211,1,67,1,pseudoword,high,zoud,4,4,external,d,p,5.096774193548387,0.48985,d,1,1549.07
825,3128,13128,12,67,1,consonant_string,low,vjnf,4,4,external,f,d,1.4333333333333333,0.51654,f,1,671.66
825,2110,12110,23,67,1,pseudoword,low,fard,4,4,external,d,k,1.3333333333333333,0.3996,k,0,1055.55
825,2215,12215,34,67,1,pseudoword,high,gulm,4,4,external,m,n,4.666666666666667,0.6574,m,1,550.11
825,2235,12235,45,67,1,pseudoword,high,frab,4,4,external,b,g,3.533333333333333,0.46543,b,1,863.65
825,2241,12241,51,67,1,pseudoword,high,bule,4,3,internal,l,r,3.2580645161290325,0.56415,r,0,681.54
825,2233,12233,52,67,1,pseudoword,high,kide,4,3,internal,d,c,3.566666666666667,0.66158,d,1,1107.75
825,3229,13229,53,67,1,consonant_string,high,dtfh,4,3,internal,f,r,3.8,0.69632,r,0,728.66
825,2122,12122,54,67,1,pseudoword,low,sleg,4,4,external,g,n,1.7,0.55212,n,0,779.87
825,3245,13245,55,67,1,consonant_string,high,hvwrt,5,4,internal,r,n,3.1333333333333333,0.62334,n,0,1111.11
825,3215,13215,57,67,1,consonant_string,high,sfdm,4,4,external,m,n,4.666666666666667,0.6574,n,0,734.0
825,2148,12148,58,67,1,pseudoword,low,zoke,4,3,internal,k,g,1.1666666666666667,0.37222,g,0,2215.28
825,1110,11110,59,67,1,word,low,weed,4,4,external,d,k,1.3333333333333333,0.3996,d,1,947.25
825,2243,12243,19,67,1,pseudoword,high,plur,4,4,external,r,n,3.1333333333333333,0.62334,r,1,807.87
825,3126,13126,20,67,1,consonant_string,low,lqvg,4,4,external,g,k,1.1666666666666667,0.37222,k,0,774.75
825,1128,11128,21,67,1,word,low,reef,4,4,external,f,d,1.4333333333333333,0.51654,f,1,613.63
825,2223,12223,22,67,1,pseudoword,high,blug,4,4,external,g,p,4.5,0.55857,g,1,986.52
825,3146,13146,24,67,1,consonant_string,low,bfnsl,5,5,external,l,m,1.0666666666666667,0.5113,m,0,1673.78
825,1122,11122,25,67,1,word,low,swag,4,4,external,g,n,1.7,0.55212,g,1,939.72
825,1211,11211,26,67,1,word,high,lead,4,4,external,d,p,5.096774193548387,0.48985,d,1,913.96
825,3124,13124,27,67,1,consonant_string,low,gpts,4,3,internal,t,d,1.3666666666666667,0.47786,t,1,857.85
825,2205,12205,28,67,1,pseudoword,high,brupe,5,4,internal,p,d,5.096774193548387,0.48985,d,0,859.75
825,3227,13227,29,67,1,consonant_string,high,bvcg,4,4,external,g,d,4.1,0.62488,g,1,1224.65
825,1233,11233,30,67,1,word,high,fade,4,3,internal,d,c,3.566666666666667,0.66158,d,1,1045.58
825,3120,13120,17,67,1,consonant_string,low,pktv,4,3,internal,t,m,1.0666666666666667,0.52674,t,1,677.08
825,3211,13211,18,67,1,consonant_string,high,srfd,4,4,external,d,p,5.096774193548387,0.48985,d,1,895.31
825,3209,13209,33,67,1,consonant_string,high,csbd,4,4,external,d,p,5.096774193548387,0.48985,d,1,1742.07
825,3116,13116,35,67,1,consonant_string,low,fsmt,4,3,internal,m,l,1.0666666666666667,0.5113,m,1,1855.72
825,3205,13205,36,67,1,consonant_string,high,fcmpk,5,4,internal,p,d,5.096774193548387,0.48985,p,1,2029.38
825,1148,11148,37,67,1,word,low,sake,4,3,internal,k,g,1.1666666666666667,0.37222,k,1,639.67
825,1243,11243,38,67,1,word,high,moor,4,4,external,r,n,3.1333333333333333,0.62334,r,1,1351.91
825,1134,11134,39,67,1,word,low,pride,5,4,internal,d,m,1.1333333333333333,0.58091,d,1,1010.5
825,3130,13130,40,67,1,consonant_string,low,czhf,4,4,external,f,p,1.6333333333333333,0.41008,f,1,1133.42
825,1114,11114,41,67,1,word,low,rope,4,3,internal,p,s,1.2580645161290323,0.5767,s,0,2432.72
825,3241,13241,32,67,1,consonant_string,high,pqlt,4,3,internal,l,r,3.2580645161290325,0.56415,r,0,1774.1
825,2142,12142,31,67,1,pseudoword,low,drol,4,4,external,l,m,1.0666666666666667,0.5113,l,1,962.15
826,1133,21133,1,33,2,word,low,fade,4,3,internal,d,z,1.2333333333333334,0.52841,d,1,761.38
826,1202,21202,12,33,2,word,high,snip,4,2,internal,n,h,5.533333333333333,0.86536,h,0,896.58
826,2147,22147,133,33,2,pseudoword,low,jile,4,3,internal,l,s,1.1,0.4218,s,0,703.48
826,3111,23111,0,33,2,consonant_string,low,srfd,4,4,external,d,k,1.3333333333333333,0.3996,d,1,716.43
826,3109,23109,56,33,2,consonant_string,low,csbd,4,4,external,d,m,1.1333333333333333,0.58091,m,0,890.65
826,2204,22204,67,33,2,pseudoword,high,swed,4,4,external,d,p,5.096774193548387,0.48985,p,0,693.53
826,2143,22143,78,33,2,pseudoword,low,plur,4,4,external,r,d,1.3333333333333333,0.49182,r,1,1246.43
826,1111,21111,89,33,2,word,low,lead,4,4,external,d,k,1.3333333333333333,0.3996,k,0,819.34
826,2123,22123,100,33,2,pseudoword,low,blug,4,4,external,g,t,1.1333333333333333,0.44178,g,1,609.55
826,3242,23242,111,33,2,consonant_string,high,wktl,4,4,external,l,r,3.2580645161290325,0.56415,l,1,592.75
826,3147,23147,122,33,2,consonant_string,low,gnlt,4,3,internal,l,s,1.1,0.4218,l,1,742.62
826,3137,23137,73,33,2,consonant_string,low,gbcw,4,4,external,w,p,1.1666666666666667,0.53452,w,1,575.68
826,2208,22208,74,33,2,pseudoword,high,vild,4,4,external,d,p,5.096774193548387,0.48985,d,1,1099.24
826,2101,22101,75,33,2,pseudoword,low,snum,4,2,internal,n,t,1.1,0.6011,t,0,844.15
826,3133,23133,76,33,2,consonant_string,low,vkdj,4,3,internal,d,z,1.2333333333333334,0.52841,d,1,597.03
826,2129,22129,77,33,2,pseudoword,low,vofe,4,3,internal,f,n,1.2,0.53217,f,1,1052.91
826,1228,21228,79,33,2,word,high,reef,4,4,external,f,l,4.033333333333333,0.60982,f,1,791.81
826,3115,23115,80,33,2,consonant_string,low,sfdm,4,4,external,m,t,1.0666666666666667,0.52674,t,0,991.7
826,2228,22228,81,33,2,pseudoword,high,goif,4,4,external,f,l,4.033333333333333,0.60982,f,1,596.6
826,2121,22121,82,33,2,pseudoword,low,quag,4,4,external,g,w,1.1666666666666667,0.52446,g,1,711.46
826,2238,22238,83,33,2,pseudoword,high,jite,4,3,internal,t,r,3.3666666666666667,0.59892,r,0,933.68
826,1131,21131,84,33,2,word,low,slide,5,4,internal,d,m,1.1333333333333333,0.58091,d,1,510.22
826,3121,23121,85,33,2,consonant_string,low,fqcg,4,4,external,g,w,1.1666666666666667,0.52446,g,1,654.43
826,3204,23204,86,33,2,consonant_string,high,htwd,4,4,external,d,p,5.096774193548387,0.48985,d,1,828.3
826,3127,23127,87,33,2,consonant_string,low,bvcg,4,4,external,g,k,1.1666666666666667,0.37222,k,0,836.86
826,2135,22135,88,33,2,pseudoword,low,frab,4,4,external,b,w,1.1,0.5109,w,0,987.42
826,2127,22127,90,33,2,pseudoword,low,reng,4,4,external,g,k,1.1666666666666667,0.37222,g,1,607.98
826,2214,22214,91,33,2,pseudoword,high,dape,4,3,internal,p,b,5.066666666666666,0.70362,p,1,629.17
826,1230,21230,23,33,2,word,high,beef,4,4,external,f,r,3.8,0.69632,f,1,622.48
826,2240,22240,34,33,2,pseudoword,high,hule,4,3,internal,l,r,3.2580645161290325,0.56415,l,1,607.69
826,2202,22202,45,33,2,pseudoword,high,snad,4,2,internal,n,h,5.533333333333333,0.86536,h,0,901.56
826,2141,22141,51,33,2,pseudoword,low,bule,4,3,internal,l,n,1.3666666666666667,0.46775,n,0,1967.51
826,1222,21222,52,33,2,word,high,swag,4,4,external,g,p,4.5,0.55857,g,1,1061.8
826,2232,22232,53,33,2,pseudoword,high,ghade,5,4,internal,d,c,3.566666666666667,0.66158,d,1,693.03
826,2216,22216,54,33,2,pseudoword,high,hime,4,3,internal,m,n,4.666666666666667,0.6574,m,1,902.91
826,1246,21246,55,33,2,word,high,steal,5,5,external,l,k,2.8,0.53572,k,0,693.78
826,3224,23224,57,33,2,consonant_string,high,gpts,4,3,internal,t,l,4.5,0.47576,l,0,561.67
826,3129,23129,58,33,2,consonant_string,low,dtfh,4,3,internal,f,n,1.2,0.53217,n,0,1441.9
826,2145,22145,59,33,2,pseudoword,low,swork,5,4,internal,r,c,1.4,0.55867,c,0,2016.87
826,1214,21214,60,33,2,word,high,rope,4,3,internal,p,b,5.066666666666666,0.70362,p,1,700.16
826,2234,22234,61,33,2,pseudoword,high,brode,5,4,internal,d,c,3.566666666666667,0.66158,d,1,739.02
826,3218,23218,62,33,2,consonant_string,high,zsmj,4,3,internal,m,n,4.666666666666667,0.6574,n,0,811.58
826,3240,23240,63,33,2,consonant_string,high,gtln,4,3,internal,l,r,3.2580645161290325,0.56415,l,1,717.79
826,1236,21236,64,33,2,word,high,stab,4,4,external,b,g,3.533333333333333,0.46543,g,0,985.01
826,3143,23143,65,33,2,consonant_string,low,fbvr,4,4,external,r,d,1.3333333333333333,0.49182,r,1,727.57
826,1113,21113,66,33,2,word,low,slab,4,4,external,b,m,1.2333333333333334,0.5784,b,1,706.12
826,3117,23117,68,33,2,consonant_string,low,htjm,4,4,external,m,b,1.2333333333333334,0.5784,m,1,631.99
826,1208,21208,69,33,2,word,high,hood,4,4,external,d,p,5.096774193548387,0.48985,d,1,690.53
826,3222,23222,70,33,2,consonant_string,high,wbjg,4,4,external,g,p,4.5,0.55857,p,0,798.08
826,1105,21105,71,33,2,word,low,grape,5,4,internal,p,v,1.1333333333333333,0.49111,p,1,567.95
826,1234,21234,72,33,2,word,high,pride,5,4,internal,d,c,3.566666666666667,0.66158,d,1,677.15
826,1244,21244,117,33,2,word,high,stone,5,4,internal,n,r,3.1333333333333333,0.62334,n,1,540.39
826,2248,22248,118,33,2,pseudoword,high,zoke,4,3,internal,k,l,2.8,0.53572,l,0,642.91
826,1226,21226,119,33,2,word,high,bang,4,4,external,g,d,4.1,0.62488,g,1,659.79
826,3131,23131,120,33,2,consonant_string,low,gjwds,5,4,internal,d,m,1.1333333333333333,0.58091,m,0,563.0
826,1218,21218,121,33,2,word,high,home,4,3,internal,m,n,4.666666666666667,0.6574,m,1,619.19
826,2117,22117,123,33,2,pseudoword,low,plim,4,4,external,m,b,1.2333333333333334,0.5784,m,1,1374.42
826,2109,22109,124,33,2,pseudoword,low,glod,4,4,external,d,m,1.1333333333333333,0.58091,d,1,949.68
826,3226,23226,125,33,2,consonant_string,high,lqvg,4,4,external,g,d,4.1,0.62488,g,1,679.57
826,3214,23214,126,33,2,consonant_string,high,klpj,4,3,internal,p,b,5.066666666666666,0.70362,b,0,1082.12
826,3238,23238,127,33,2,consonant_string,high,njtb,4,3,internal,t,r,3.3666666666666667,0.59892,r,0,909.71
826,2131,22131,128,33,2,pseudoword,low,spode,5,4,internal,d,m,1.1333333333333333,0.58091,m,0,826.92
826,3246,23246,129,33,2,consonant_string,high,bfnsl,5,5,external,l,k,2.8,0.53572,k,0,1100.5
826,1119,21119,130,33,2,word,low,warm,4,4,external,m,t,1.0666666666666667,0.52674,m,1,1264.41
826,3107,23107,131,33,2,consonant_string,low,qvsd,4,4,external,d,r,1.3333333333333333,0.49182,d,1,1048.68
826,3141,23141,132,33,2,consonant_string,low,pqlt,4,3,internal,l,n,1.3666666666666667,0.46775,l,1,1102.58
826,1220,21220,134,33,2,word,high,gate,4,3,internal,t,l,4.5,0.47576,t,1,602.47
826,1139,21139,135,33,2,word,low,spat,4,4,external,t,n,1.1,0.6011,n,0,956.35
826,3105,23105,92,33,2,consonant_string,low,fcmpk,5,4,internal,p,v,1.1333333333333333,0.49111,p,1,812.72
826,2139,22139,93,33,2,pseudoword,low,glot,4,4,external,t,n,1.1,0.6011,t,1,1283.95
826,3125,23125,94,33,2,consonant_string,low,fhgv,4,3,internal,g,k,1.1666666666666667,0.37222,g,1,818.54
826,2236,22236,95,33,2,pseudoword,high,plob,4,4,external,b,g,3.533333333333333,0.46543,g,0,1128.1
826,2242,22242,96,33,2,pseudoword,high,drol,4,4,external,l,r,3.2580645161290325,0.56415,r,0,964.67
826,1115,21115,97,33,2,word,low,beam,4,4,external,m,t,1.0666666666666667,0.52674,m,1,1385.93
826,1212,21212,98,33,2,word,high,grip,4,4,external,p,d,5.096774193548387,0.48985,p,1,685.51
826,1238,21238,99,33,2,word,high,date,4,3,internal,t,r,3.3666666666666667,0.59892,t,1,717.05
826,1125,21125,101,33,2,word,low,wage,4,3,internal,g,k,1.1666666666666667,0.37222,g,1,580.26
826,1101,21101,102,33,2,word,low,snow,4,2,internal,n,t,1.1,0.6011,n,1,1362.83
826,2111,22111,103,33,2,pseudoword,low,zoud,4,4,external,d,k,1.3333333333333333,0.3996,d,1,987.07
826,2230,22230,104,33,2,pseudoword,high,zeaf,4,4,external,f,r,3.8,0.69632,r,0,1149.66
826,1204,21204,105,33,2,word,high,skid,4,4,external,d,p,5.096774193548387,0.48985,d,1,780.56
826,3244,23244,106,33,2,consonant_string,high,qjfnd,5,4,internal,n,r,3.1333333333333333,0.62334,n,1,1036.13
826,2125,22125,107,33,2,pseudoword,low,jege,4,3,internal,g,k,1.1666666666666667,0.37222,k,0,970.7
826,1121,21121,108,33,2,word,low,flog,4,4,external,g,w,1.1666666666666667,0.52446,g,1,640.92
826,1127,21127,109,33,2,word,low,wing,4,4,external,g,k,1.1666666666666667,0.37222,g,1,786.46
826,2246,22246,110,33,2,pseudoword,high,proal,5,5,external,l,k,2.8,0.53572,l,1,856.01
826,3234,23234,112,33,2,consonant_string,high,pfldr,5,4,internal,d,c,3.566666666666667,0.66158,d,1,839.9
826,1240,21240,113,33,2,word,high,pole,4,3,internal,l,r,3.2580645161290325,0.56415,l,1,644.44
826,3123,23123,114,33,2,consonant_string,low,vlbg,4,4,external,g,t,1.1333333333333333,0.44178,g,1,550.32
826,1123,21123,115,33,2,word,low,flag,4,4,external,g,t,1.1333333333333333,0.44178,g,1,919.65
826,1137,21137,116,33,2,word,low,stew,4,4,external,w,p,1.1666666666666667,0.53452,w,1,488.86
826,2133,22133,18,33,2,pseudoword,low,kide,4,3,internal,d,z,1.2333333333333334,0.52841,d,1,2130.33
826,2218,22218,19,33,2,pseudoword,high,vume,4,3,internal,m,n,4.666666666666667,0.6574,m,1,746.95
826,3248,23248,20,33,2,consonant_string,high,dhkw,4,3,internal,k,l,2.8,0.53572,k,1,815.83
826,2206,22206,21,33,2,pseudoword,high,strepe,6,5,internal,p,d,5.096774193548387,0.48985,p,1,829.05
826,1135,21135,22,33,2,word,low,drab,4,4,external,b,w,1.1,0.5109,w,0,1094.62
826,3113,23113,24,33,2,consonant_string,low,rtcb,4,4,external,b,m,1.2333333333333334,0.5784,b,1,969.53
826,2222,22222,25,33,2,pseudoword,high,sleg,4,4,external,g,p,4.5,0.55857,p,0,1324.77
826,3202,23202,26,33,2,consonant_string,high,knfc,4,2,internal,n,h,5.533333333333333,0.86536,n,1,1660.05
826,2105,22105,27,33,2,pseudoword,low,brupe,5,4,internal,p,v,1.1333333333333333,0.49111,p,1,986.33
826,1145,21145,28,33,2,word,low,spire,5,4,internal,r,c,1.4,0.55867,r,1,766.89
826,2119,22119,29,33,2,pseudoword,low,chom,4,4,external,m,t,1.0666666666666667,0.52674,t,0,1302.13
826,2224,22224,30,33,2,pseudoword,high,jote,4,3,internal,t,l,4.5,0.47576,t,1,1691.08
826,1117,21117,31,33,2,word,low,scam,4,4,external,m,b,1.2333333333333334,0.5784,m,1,1097.69
826,1141,21141,32,33,2,word,low,file,4,3,internal,l,n,1.3666666666666667,0.46775,l,1,1552.62
826,1103,21103,33,33,2,word,low,shape,5,4,internal,p,v,1.1333333333333333,0.49111,p,1,565.54
826,1107,21107,35,33,2,word,low,read,4,4,external,d,r,1.3333333333333333,0.49182,d,1,500.73
826,1216,21216,36,33,2,word,high,mime,4,3,internal,m,n,4.666666666666667,0.6574,m,1,556.6
826,2226,22226,37,33,2,pseudoword,high,yeng,4,4,external,g,d,4.1,0.62488,g,1,666.46
826,2113,22113,38,33,2,pseudoword,low,nalb,4,4,external,b,m,1.2333333333333334,0.5784,m,0,1088.68
826,3230,23230,39,33,2,consonant_string,high,czhf,4,4,external,f,r,3.8,0.69632,f,1,1536.28
826,3212,23212,40,33,2,consonant_string,high,qmwp,4,4,external,p,d,5.096774193548387,0.48985,p,1,779.87
826,3220,23220,41,33,2,consonant_string,high,pktv,4,3,internal,t,l,4.5,0.47576,t,1,1740.46
826,3135,23135,42,33,2,consonant_string,low,mkrb,4,4,external,b,w,1.1,0.5109,b,1,1080.08
826,2115,22115,43,33,2,pseudoword,low,gulm,4,4,external,m,t,1.0666666666666667,0.52674,t,0,1124.65
826,1147,21147,44,33,2,word,low,bale,4,3,internal,l,s,1.1,0.4218,l,1,697.89
826,3208,23208,46,33,2,consonant_string,high,cvsd,4,4,external,d,p,5.096774193548387,0.48985,p,0,1422.8
826,3210,23210,47,33,2,consonant_string,high,lsbd,4,4,external,d,p,5.096774193548387,0.48985,d,1,1250.06
826,1232,21232,48,33,2,word,high,spade,5,4,internal,d,c,3.566666666666667,0.66158,d,1,844.97
826,3103,23103,49,33,2,consonant_string,low,qsgpn,5,4,internal,p,v,1.1333333333333333,0.49111,p,1,918.86
826,1206,21206,50,33,2,word,high,stripe,6,5,internal,p,d,5.096774193548387,0.48985,d,0,1061.1
826,3119,23119,6,33,2,consonant_string,low,gjkm,4,4,external,m,t,1.0666666666666667,0.52674,m,1,771.63
826,1242,21242,7,33,2,word,high,seal,4,4,external,l,r,3.2580645161290325,0.56415,l,1,792.85
826,1248,21248,8,33,2,word,high,sake,4,3,internal,k,l,2.8,0.53572,k,1,667.73
826,3139,23139,9,33,2,consonant_string,low,mvjt,4,4,external,t,n,1.1,0.6011,n,0,881.95
826,2103,22103,10,33,2,pseudoword,low,frope,5,4,internal,p,v,1.1333333333333333,0.49111,p,1,655.49
826,1109,21109,11,33,2,word,low,seed,4,4,external,d,m,1.1333333333333333,0.58091,d,1,600.37
826,3145,23145,13,33,2,consonant_string,low,hvwrt,5,4,internal,r,c,1.4,0.55867,r,1,1184.25
826,2210,22210,14,33,2,pseudoword,high,fard,4,4,external,d,p,5.096774193548387,0.48985,d,1,586.82
826,3216,23216,15,33,2,consonant_string,high,fsmt,4,3,internal,m,n,4.666666666666667,0.6574,n,0,885.37
826,3206,23206,16,33,2,consonant_string,high,jbfzpq,6,5,internal,p,d,5.096774193548387,0.48985,p,1,3384.02
826,2137,22137,17,33,2,pseudoword,low,blaw,4,4,external,w,p,1.1666666666666667,0.53452,w,1,775.71
826,1210,21210,3,33,2,word,high,weed,4,4,external,d,p,5.096774193548387,0.48985,d,1,568.0
826,3228,23228,4,33,2,consonant_string,high,vjnf,4,4,external,f,l,4.033333333333333,0.60982,f,1,843.21
826,3101,23101,5,33,2,consonant_string,low,znsq,4,2,internal,n,t,1.1,0.6011,n,1,679.09
826,3232,23232,139,33,2,consonant_string,high,vzldb,5,4,internal,d,c,3.566666666666667,0.66158,d,1,767.53
826,1143,21143,136,33,2,word,low,moor,4,4,external,r,d,1.3333333333333333,0.49182,d,0,873.25
826,2107,22107,137,33,2,pseudoword,low,nood,4,4,external,d,r,1.3333333333333333,0.49182,d,1,577.47
826,1224,21224,138,33,2,word,high,bite,4,3,internal,t,l,4.5,0.47576,t,1,527.99
826,2212,22212,143,33,2,pseudoword,high,glip,4,4,external,p,d,5.096774193548387,0.48985,p,1,707.93
826,2244,22244,140,33,2,pseudoword,high,slone,5,4,internal,n,r,3.1333333333333333,0.62334,n,1,869.74
826,2220,22220,141,33,2,pseudoword,high,wote,4,3,internal,t,l,4.5,0.47576,l,0,1711.01
826,3236,23236,142,33,2,consonant_string,high,hfwb,4,4,external,b,g,3.533333333333333,0.46543,g,0,1833.31
826,1129,21129,2,33,2,word,low,wife,4,3,internal,f,n,1.2,0.53217,f,1,650.13
827,3108,33108,51,67,3,consonant_string,low,cvsd,4,4,external,d,k,1.3333333333333333,0.3996,d,1,412.93
827,1203,31203,23,67,3,word,high,shape,5,4,internal,p,d,5.096774193548387,0.48985,p,1,692.34
827,1211,31211,34,67,3,word,high,lead,4,4,external,d,p,5.096774193548387,0.48985,d,1,588.87
827,3243,33243,45,67,3,consonant_string,high,fbvr,4,4,external,r,n,3.1333333333333333,0.62334,r,1,514.08
827,3229,33229,65,67,3,consonant_string,high,dtfh,4,3,internal,f,r,3.8,0.69632,r,0,523.82
827,2108,32108,52,67,3,pseudoword,low,vild,4,4,external,d,k,1.3333333333333333,0.3996,d,1,574.78
827,1144,31144,53,67,3,word,low,stone,5,4,internal,n,k,1.5333333333333334,0.52768,n,1,582.65
827,3124,33124,54,67,3,consonant_string,low,gpts,4,3,internal,t,d,1.3666666666666667,0.47786,t,1,484.84
827,2207,32207,55,67,3,pseudoword,high,nood,4,4,external,d,p,5.096774193548387,0.48985,d,1,458.04
827,3203,33203,57,67,3,consonant_string,high,qsgpn,5,4,internal,p,d,5.096774193548387,0.48985,p,1,660.9
827,2245,32245,58,67,3,pseudoword,high,swork,5,4,internal,r,n,3.1333333333333333,0.62334,r,1,495.77
827,1108,31108,59,67,3,word,low,hood,4,4,external,d,k,1.3333333333333333,0.3996,d,1,454.29
827,2144,32144,60,67,3,pseudoword,low,slone,5,4,internal,n,k,1.5333333333333334,0.52768,n,1,491.81
827,3207,33207,61,67,3,consonant_string,high,qvsd,4,4,external,d,p,5.096774193548387,0.48985,d,1,478.34
827,2237,32237,62,67,3,pseudoword,high,blaw,4,4,external,w,m,3.4,0.62127,w,1,591.54
827,3120,33120,63,67,3,consonant_string,low,pktv,4,3,internal,t,m,1.0666666666666667,0.52674,t,1,879.07
827,1243,31243,64,67,3,word,high,moor,4,4,external,r,n,3.1333333333333333,0.62334,r,1,545.3
827,2140,32140,0,67,3,pseudoword,low,hule,4,3,internal,l,s,1.1,0.4218,s,0,814.03
827,1124,31124,56,67,3,word,low,bite,4,3,internal,t,d,1.3666666666666667,0.47786,t,1,695.92
827,3132,33132,67,67,3,consonant_string,low,vzldb,5,4,internal,d,r,1.3333333333333333,0.49182,d,1,736.46
827,3128,33128,78,67,3,consonant_string,low,vjnf,4,4,external,f,d,1.4333333333333333,0.51654,d,0,597.67
827,1136,31136,89,67,3,word,low,stab,4,4,external,b,r,1.2666666666666666,0.51424,b,1,621.2
827,2201,32201,100,67,3,pseudoword,high,snum,4,2,internal,n,h,5.533333333333333,0.86536,h,0,837.08
827,3225,33225,111,67,3,consonant_string,high,fhgv,4,3,internal,g,d,4.1,0.62488,d,0,722.3
827,2215,32215,122,67,3,pseudoword,high,gulm,4,4,external,m,n,4.666666666666667,0.6574,m,1,769.18
827,3219,33219,133,67,3,consonant_string,high,gjkm,4,4,external,m,n,4.666666666666667,0.6574,n,0,727.07
827,1148,31148,1,67,3,word,low,sake,4,3,internal,k,g,1.1666666666666667,0.37222,k,1,568.28
827,2243,32243,12,67,3,pseudoword,high,plur,4,4,external,r,n,3.1333333333333333,0.62334,r,1,580.14
827,2118,32118,92,67,3,pseudoword,low,vume,4,3,internal,m,l,1.0666666666666667,0.5113,m,1,458.82
827,3209,33209,93,67,3,consonant_string,high,csbd,4,4,external,d,p,5.096774193548387,0.48985,d,1,511.68
827,3136,33136,94,67,3,consonant_string,low,hfwb,4,4,external,b,r,1.2666666666666666,0.51424,b,1,503.54
827,1132,31132,95,67,3,word,low,spade,5,4,internal,d,r,1.3333333333333333,0.49182,d,1,465.05
827,2138,32138,96,67,3,pseudoword,low,jite,4,3,internal,t,m,1.0666666666666667,0.52674,t,1,499.91
827,3102,33102,97,67,3,consonant_string,low,knfc,4,2,internal,n,l,1.3666666666666667,0.46775,n,1,511.44
827,3245,33245,98,67,3,consonant_string,high,hvwrt,5,4,internal,r,n,3.1333333333333333,0.62334,r,1,480.29
827,2122,32122,99,67,3,pseudoword,low,sleg,4,4,external,g,n,1.7,0.55212,g,1,501.49
827,2211,32211,101,67,3,pseudoword,high,zoud,4,4,external,d,p,5.096774193548387,0.48985,d,1,495.01
827,1223,31223,102,67,3,word,high,flag,4,4,external,g,p,4.5,0.55857,g,1,462.54
827,2114,32114,103,67,3,pseudoword,low,dape,4,3,internal,p,s,1.2580645161290323,0.5767,s,0,438.39
827,1122,31122,104,67,3,word,low,swag,4,4,external,g,n,1.7,0.55212,g,1,443.63
827,1233,31233,105,67,3,word,high,fade,4,3,internal,d,c,3.566666666666667,0.66158,d,1,564.11
827,1217,31217,106,67,3,word,high,scam,4,4,external,m,n,4.666666666666667,0.6574,m,1,500.97
827,3221,33221,107,67,3,consonant_string,high,fqcg,4,4,external,g,p,4.5,0.55857,g,1,455.48
827,1213,31213,108,67,3,word,high,slab,4,4,external,b,p,5.066666666666666,0.70362,b,1,441.0
827,3122,33122,109,67,3,consonant_string,low,wbjg,4,4,external,g,n,1.7,0.55212,g,1,453.19
827,3138,33138,66,67,3,consonant_string,low,njtb,4,3,internal,t,m,1.0666666666666667,0.52674,t,1,837.7
827,3134,33134,68,67,3,consonant_string,low,pfldr,5,4,internal,d,m,1.1333333333333333,0.58091,m,0,583.91
827,2134,32134,69,67,3,pseudoword,low,brode,5,4,internal,d,m,1.1333333333333333,0.58091,d,1,546.1
827,3201,33201,70,67,3,consonant_string,high,znsq,4,2,internal,n,h,5.533333333333333,0.86536,h,0,601.64
827,2233,32233,71,67,3,pseudoword,high,kide,4,3,internal,d,c,3.566666666666667,0.66158,d,1,469.16
827,1110,31110,72,67,3,word,low,weed,4,4,external,d,k,1.3333333333333333,0.3996,d,1,577.02
827,2142,32142,73,67,3,pseudoword,low,drol,4,4,external,l,m,1.0666666666666667,0.5113,l,1,641.23
827,1247,31247,74,67,3,word,high,bale,4,3,internal,l,k,2.8,0.53572,l,1,443.76
827,3241,33241,75,67,3,consonant_string,high,pqlt,4,3,internal,l,r,3.2580645161290325,0.56415,r,0,501.28
827,2106,32106,76,67,3,pseudoword,low,strepe,6,5,internal,p,v,1.1333333333333333,0.49111,p,1,548.81
827,1126,31126,77,67,3,word,low,bang,4,4,external,g,k,1.1666666666666667,0.37222,g,1,470.34
827,2112,32112,79,67,3,pseudoword,low,glip,4,4,external,p,t,1.3333333333333333,0.53002,p,1,454.19
827,3144,33144,80,67,3,consonant_string,low,qjfnd,5,4,internal,n,k,1.5333333333333334,0.52768,n,1,469.71
827,2241,32241,81,67,3,pseudoword,high,bule,4,3,internal,l,r,3.2580645161290325,0.56415,l,1,508.56
827,1209,31209,82,67,3,word,high,seed,4,4,external,d,p,5.096774193548387,0.48985,d,1,466.09
827,1231,31231,83,67,3,word,high,slide,5,4,internal,d,c,3.566666666666667,0.66158,d,1,428.95
827,3130,33130,84,67,3,consonant_string,low,czhf,4,4,external,f,p,1.6333333333333333,0.41008,f,1,568.14
827,2136,32136,85,67,3,pseudoword,low,plob,4,4,external,b,r,1.2666666666666666,0.51424,b,1,425.99
827,1130,31130,86,67,3,word,low,beef,4,4,external,f,p,1.6333333333333333,0.41008,p,0,428.18
827,2217,32217,87,67,3,pseudoword,high,plim,4,4,external,m,n,4.666666666666667,0.6574,m,1,553.37
827,3140,33140,88,67,3,consonant_string,low,gtln,4,3,internal,l,s,1.1,0.4218,l,1,696.9
827,1205,31205,90,67,3,word,high,grape,5,4,internal,p,d,5.096774193548387,0.48985,p,1,535.44
827,1128,31128,91,67,3,word,low,reef,4,4,external,f,d,1.4333333333333333,0.51654,f,1,439.63
827,3114,33114,135,67,3,consonant_string,low,klpj,4,3,internal,p,s,1.2580645161290323,0.5767,p,1,688.13
827,3106,33106,136,67,3,consonant_string,low,jbfzpq,6,5,internal,p,v,1.1333333333333333,0.49111,v,0,758.34
827,3110,33110,137,67,3,consonant_string,low,lsbd,4,4,external,d,k,1.3333333333333333,0.3996,d,1,668.89
827,1201,31201,138,67,3,word,high,snow,4,2,internal,n,h,5.533333333333333,0.86536,n,1,588.76
827,1207,31207,139,67,3,word,high,read,4,4,external,d,p,5.096774193548387,0.48985,d,1,620.96
827,2205,32205,140,67,3,pseudoword,high,brupe,5,4,internal,p,d,5.096774193548387,0.48985,p,1,741.84
827,1116,31116,141,67,3,word,low,mime,4,3,internal,m,l,1.0666666666666667,0.5113,m,1,566.38
827,2104,32104,142,67,3,pseudoword,low,swed,4,4,external,d,m,1.1333333333333333,0.58091,d,1,690.25
827,2247,32247,143,67,3,pseudoword,high,jile,4,3,internal,l,k,2.8,0.53572,l,1,653.45
827,2229,32229,2,67,3,pseudoword,high,vofe,4,3,internal,f,r,3.8,0.69632,f,1,716.0
827,2209,32209,3,67,3,pseudoword,high,glod,4,4,external,d,p,5.096774193548387,0.48985,d,1,665.87
827,3233,33233,4,67,3,consonant_string,high,vkdj,4,3,internal,d,c,3.566666666666667,0.66158,d,1,663.75
827,1138,31138,5,67,3,word,low,date,4,3,internal,t,m,1.0666666666666667,0.52674,t,1,613.62
827,3118,33118,6,67,3,consonant_string,low,zsmj,4,3,internal,m,l,1.0666666666666667,0.5113,l,0,651.49
827,3217,33217,7,67,3,consonant_string,high,htjm,4,4,external,m,n,4.666666666666667,0.6574,m,1,608.03
827,1245,31245,8,67,3,word,high,spire,5,4,internal,r,n,3.1333333333333333,0.62334,r,1,592.9
827,1235,31235,9,67,3,word,high,drab,4,4,external,b,g,3.533333333333333,0.46543,b,1,670.43
827,3205,33205,10,67,3,consonant_string,high,fcmpk,5,4,internal,p,d,5.096774193548387,0.48985,d,0,685.31
827,1219,31219,11,67,3,word,high,warm,4,4,external,m,n,4.666666666666667,0.6574,m,1,528.51
827,1225,31225,13,67,3,word,high,wage,4,3,internal,g,d,4.1,0.62488,g,1,564.71
827,3227,33227,14,67,3,consonant_string,high,bvcg,4,4,external,g,d,4.1,0.62488,g,1,714.58
827,1229,31229,15,67,3,word,high,wife,4,3,internal,f,r,3.8,0.69632,f,1,582.45
827,3148,33148,16,67,3,consonant_string,low,dhkw,4,3,internal,k,g,1.1666666666666667,0.37222,g,0,636.65
827,2120,32120,17,67,3,pseudoword,low,wote,4,3,internal,t,m,1.0666666666666667,0.52674,t,1,565.85
827,2235,32235,18,67,3,pseudoword,high,frab,4,4,external,b,g,3.533333333333333,0.46543,b,1,530.72
827,3247,33247,19,67,3,consonant_string,high,gnlt,4,3,internal,l,k,2.8,0.53572,l,1,676.92
827,3142,33142,20,67,3,consonant_string,low,wktl,4,4,external,l,m,1.0666666666666667,0.5113,m,0,665.13
827,3235,33235,21,67,3,consonant_string,high,mkrb,4,4,external,b,g,3.533333333333333,0.46543,b,1,592.0
827,2231,32231,22,67,3,pseudoword,high,spode,5,4,internal,d,c,3.566666666666667,0.66158,d,1,608.53
827,1118,31118,24,67,3,word,low,home,4,3,internal,m,l,1.0666666666666667,0.5113,m,1,560.07
827,1146,31146,25,67,3,word,low,steal,5,5,external,l,m,1.0666666666666667,0.5113,l,1,610.92
827,2223,32223,26,67,3,pseudoword,high,blug,4,4,external,g,p,4.5,0.55857,g,1,675.81
827,1239,31239,27,67,3,word,high,spat,4,4,external,t,r,3.3666666666666667,0.59892,t,1,505.01
827,1120,31120,28,67,3,word,low,gate,4,3,internal,t,m,1.0666666666666667,0.52674,t,1,448.53
827,3213,33213,29,67,3,consonant_string,high,rtcb,4,4,external,b,p,5.066666666666666,0.70362,p,0,544.06
827,2203,32203,30,67,3,pseudoword,high,frope,5,4,internal,p,d,5.096774193548387,0.48985,p,1,501.58
827,2132,32132,31,67,3,pseudoword,low,ghade,5,4,internal,d,r,1.3333333333333333,0.49182,d,1,563.11
827,3104,33104,32,67,3,consonant_string,low,htwd,4,4,external,d,m,1.1333333333333333,0.58091,d,1,543.97
827,2221,32221,33,67,3,pseudoword,high,quag,4,4,external,g,p,4.5,0.55857,g,1,476.5
827,1102,31102,35,67,3,word,low,snip,4,2,internal,n,l,1.3666666666666667,0.46775,l,0,721.7
827,2110,32110,36,67,3,pseudoword,low,fard,4,4,external,d,k,1.3333333333333333,0.3996,d,1,528.57
827,1114,31114,37,67,3,word,low,rope,4,3,internal,p,s,1.2580645161290323,0.5767,p,1,516.76
827,2239,32239,38,67,3,pseudoword,high,glot,4,4,external,t,r,3.3666666666666667,0.59892,t,1,705.64
827,3112,33112,39,67,3,consonant_string,low,qmwp,4,4,external,p,t,1.3333333333333333,0.53002,p,1,522.17
827,1140,31140,40,67,3,word,low,pole,4,3,internal,l,s,1.1,0.4218,l,1,446.03
827,3231,33231,41,67,3,consonant_string,high,gjwds,5,4,internal,d,c,3.566666666666667,0.66158,c,0,647.56
827,2213,32213,42,67,3,pseudoword,high,nalb,4,4,external,b,p,5.066666666666666,0.70362,b,1,548.09
827,1142,31142,43,67,3,word,low,seal,4,4,external,l,m,1.0666666666666667,0.5113,l,1,460.62
827,1221,31221,44,67,3,word,high,flog,4,4,external,g,p,4.5,0.55857,g,1,555.48
827,2146,32146,46,67,3,pseudoword,low,proal,5,5,external,l,m,1.0666666666666667,0.5113,l,1,488.0
827,1134,31134,47,67,3,word,low,pride,5,4,internal,d,m,1.1333333333333333,0.58091,d,1,589.19
827,1237,31237,48,67,3,word,high,stew,4,4,external,w,m,3.4,0.62127,m,0,513.4
827,1104,31104,49,67,3,word,low,skid,4,4,external,d,m,1.1333333333333333,0.58091,d,1,628.26
827,1241,31241,50,67,3,word,high,file,4,3,internal,l,r,3.2580645161290325,0.56415,l,1,600.45
827,2227,32227,119,67,3,pseudoword,high,reng,4,4,external,g,d,4.1,0.62488,g,1,976.62
827,2128,32128,120,67,3,pseudoword,low,goif,4,4,external,f,d,1.4333333333333333,0.51654,f,1,638.86
827,3239,33239,121,67,3,consonant_string,high,mvjt,4,4,external,t,r,3.3666666666666667,0.59892,t,1,560.05
827,2116,32116,123,67,3,pseudoword,low,hime,4,3,internal,m,l,1.0666666666666667,0.5113,m,1,676.93
827,3116,33116,124,67,3,consonant_string,low,fsmt,4,3,internal,m,l,1.0666666666666667,0.5113,m,1,591.13
827,1227,31227,110,67,3,word,high,wing,4,4,external,g,d,4.1,0.62488,g,1,651.73
827,1106,31106,112,67,3,word,low,stripe,6,5,internal,p,v,1.1333333333333333,0.49111,p,1,488.25
827,3146,33146,113,67,3,consonant_string,low,bfnsl,5,5,external,l,m,1.0666666666666667,0.5113,m,0,579.45
827,2219,32219,114,67,3,pseudoword,high,chom,4,4,external,m,n,4.666666666666667,0.6574,m,1,561.63
827,2102,32102,115,67,3,pseudoword,low,snad,4,2,internal,n,l,1.3666666666666667,0.46775,n,1,783.14
827,3237,33237,116,67,3,consonant_string,high,gbcw,4,4,external,w,m,3.4,0.62127,m,0,596.35
827,1112,31112,117,67,3,word,low,grip,4,4,external,p,t,1.3333333333333333,0.53002,p,1,515.88
827,3211,33211,118,67,3,consonant_string,high,srfd,4,4,external,d,p,5.096774193548387,0.48985,d,1,559.75
827,2124,32124,134,67,3,pseudoword,low,jote,4,3,internal,t,d,1.3666666666666667,0.47786,t,1,805.58
827,3223,33223,125,67,3,consonant_string,high,vlbg,4,4,external,g,p,4.5,0.55857,g,1,646.66
827,2130,32130,126,67,3,pseudoword,low,zeaf,4,4,external,f,p,1.6333333333333333,0.41008,f,1,550.2
827,3215,33215,127,67,3,consonant_string,high,sfdm,4,4,external,m,n,4.666666666666667,0.6574,m,1,564.73
827,2225,32225,128,67,3,pseudoword,high,jege,4,3,internal,g,d,4.1,0.62488,g,1,511.59
827,2148,32148,129,67,3,pseudoword,low,zoke,4,3,internal,k,g,1.1666666666666667,0.37222,k,1,576.45
827,3126,33126,130,67,3,consonant_string,low,lqvg,4,4,external,g,k,1.1666666666666667,0.37222,k,0,511.66
827,2126,32126,131,67,3,pseudoword,low,yeng,4,4,external,g,k,1.1666666666666667,0.37222,g,1,557.51
827,1215,31215,132,67,3,word,high,beam,4,4,external,m,n,4.666666666666667,0.6574,m,1,556.04
828,2232,42232,28,33,4,pseudoword,high,ghade,5,4,internal,d,c,3.566666666666667,0.66158,c,0,132.64
828,2111,42111,29,33,4,pseudoword,low,zoud,4,4,external,d,k,1.3333333333333333,0.3996,k,0,257.13
828,1224,41224,30,33,4,word,high,bite,4,3,internal,t,l,4.5,0.47576,t,1,145.95
828,2139,42139,31,33,4,pseudoword,low,glot,4,4,external,t,n,1.1,0.6011,t,1,127.78
828,3121,43121,27,33,4,consonant_string,low,fqcg,4,4,external,g,w,1.1666666666666667,0.52446,w,0,125.15
828,3111,43111,65,33,4,consonant_string,low,srfd,4,4,external,d,k,1.3333333333333333,0.3996,d,1,372.33
828,3248,43248,66,33,4,consonant_string,high,dhkw,4,3,internal,k,l,2.8,0.53572,k,1,286.49
828,3147,43147,68,33,4,consonant_string,low,gnlt,4,3,internal,l,s,1.1,0.4218,s,0,193.99
828,1206,41206,69,33,4,word,high,stripe,6,5,internal,p,d,5.096774193548387,0.48985,d,0,187.83
828,2212,42212,70,33,4,pseudoword,high,glip,4,4,external,p,d,5.096774193548387,0.48985,d,0,304.32
828,1246,41246,71,33,4,word,high,steal,5,5,external,l,k,2.8,0.53572,k,0,363.15
828,2214,42214,72,33,4,pseudoword,high,dape,4,3,internal,p,b,5.066666666666666,0.70362,b,0,230.33
828,1139,41139,73,33,4,word,low,spat,4,4,external,t,n,1.1,0.6011,t,1,279.83
828,3129,43129,74,33,4,consonant_string,low,dtfh,4,3,internal,f,n,1.2,0.53217,f,1,302.33
828,3101,43101,75,33,4,consonant_string,low,znsq,4,2,internal,n,t,1.1,0.6011,t,0,158.16
828,3214,43214,76,33,4,consonant_string,high,klpj,4,3,internal,p,b,5.066666666666666,0.70362,p,1,442.0
828,2210,42210,77,33,4,pseudoword,high,fard,4,4,external,d,p,5.096774193548387,0.48985,p,0,138.83
828,2147,42147,79,33,4,pseudoword,low,jile,4,3,internal,l,s,1.1,0.4218,l,1,274.32
828,3119,43119,80,33,4,consonant_string,low,gjkm,4,4,external,m,t,1.0666666666666667,0.52674,m,1,265.49
828,3240,43240,81,33,4,consonant_string,high,gtln,4,3,internal,l,r,3.2580645161290325,0.56415,l,1,193.65
828,2202,42202,82,33,4,pseudoword,high,snad,4,2,internal,n,h,5.533333333333333,0.86536,h,0,173.48
828,3232,43232,83,33,4,consonant_string,high,vzldb,5,4,internal,d,c,3.566666666666667,0.66158,d,1,195.64
828,2204,42204,84,33,4,pseudoword,high,swed,4,4,external,d,p,5.096774193548387,0.48985,p,0,315.47
828,3216,43216,32,33,4,consonant_string,high,fsmt,4,3,internal,m,n,4.666666666666667,0.6574,m,1,126.27
828,1204,41204,33,33,4,word,high,skid,4,4,external,d,p,5.096774193548387,0.48985,p,0,71.75
828,2220,42220,35,33,4,pseudoword,high,wote,4,3,internal,t,l,4.5,0.47576,l,0,206.91
828,1202,41202,36,33,4,word,high,snip,4,2,internal,n,h,5.533333333333333,0.86536,n,1,334.74
828,3137,43137,37,33,4,consonant_string,low,gbcw,4,4,external,w,p,1.1666666666666667,0.53452,w,1,101.24
828,2135,42135,38,33,4,pseudoword,low,frab,4,4,external,b,w,1.1,0.5109,b,1,335.05
828,1121,41121,39,33,4,word,low,flog,4,4,external,g,w,1.1666666666666667,0.52446,w,0,389.57
828,1133,41133,40,33,4,word,low,fade,4,3,internal,d,z,1.2333333333333334,0.52841,z,0,133.06
828,3202,43202,41,33,4,consonant_string,high,knfc,4,2,internal,n,h,5.533333333333333,0.86536,h,0,752.58
828,3143,43143,42,33,4,consonant_string,low,fbvr,4,4,external,r,d,1.3333333333333333,0.49182,r,1,498.45
828,1212,41212,43,33,4,word,high,grip,4,4,external,p,d,5.096774193548387,0.48985,d,0,675.31
828,3131,43131,44,33,4,consonant_string,low,gjwds,5,4,internal,d,m,1.1333333333333333,0.58091,m,0,588.84
828,3218,43218,46,33,4,consonant_string,high,zsmj,4,3,internal,m,n,4.666666666666667,0.6574,n,0,403.37
828,1115,41115,47,33,4,word,low,beam,4,4,external,m,t,1.0666666666666667,0.52674,m,1,229.2
828,3113,43113,48,33,4,consonant_string,low,rtcb,4,4,external,b,m,1.2333333333333334,0.5784,m,0,360.71
828,1234,41234,49,33,4,word,high,pride,5,4,internal,d,c,3.566666666666667,0.66158,d,1,340.88
828,2246,42246,50,33,4,pseudoword,high,proal,5,5,external,l,k,2.8,0.53572,l,1,443.4
828,3123,43123,60,33,4,consonant_string,low,vlbg,4,4,external,g,t,1.1333333333333333,0.44178,t,0,248.19
828,2131,42131,61,33,4,pseudoword,low,spode,5,4,internal,d,m,1.1333333333333333,0.58091,d,1,228.01
828,3244,43244,62,33,4,consonant_string,high,qjfnd,5,4,internal,n,r,3.1333333333333333,0.62334,n,1,179.5
828,3109,43109,63,33,4,consonant_string,low,csbd,4,4,external,d,m,1.1333333333333333,0.58091,m,0,204.99
828,1101,41101,64,33,4,word,low,snow,4,2,internal,n,t,1.1,0.6011,t,0,237.83
828,2129,42129,110,33,4,pseudoword,low,vofe,4,3,internal,f,n,1.2,0.53217,n,0,242.29
828,2113,42113,112,33,4,pseudoword,low,nalb,4,4,external,b,m,1.2333333333333334,0.5784,m,0,303.12
828,1123,41123,113,33,4,word,low,flag,4,4,external,g,t,1.1333333333333333,0.44178,g,1,216.96
828,3230,43230,114,33,4,consonant_string,high,czhf,4,4,external,f,r,3.8,0.69632,f,1,297.12
828,2117,42117,115,33,4,pseudoword,low,plim,4,4,external,m,b,1.2333333333333334,0.5784,b,0,259.2
828,3246,43246,116,33,4,consonant_string,high,bfnsl,5,5,external,l,k,2.8,0.53572,k,0,103.36
828,2228,42228,117,33,4,pseudoword,high,goif,4,4,external,f,l,4.033333333333333,0.60982,f,1,211.18
828,1214,41214,118,33,4,word,high,rope,4,3,internal,p,b,5.066666666666666,0.70362,p,1,166.34
828,1236,41236,119,33,4,word,high,stab,4,4,external,b,g,3.533333333333333,0.46543,g,0,172.5
828,3212,43212,120,33,4,consonant_string,high,qmwp,4,4,external,p,d,5.096774193548387,0.48985,p,1,150.65
828,3208,43208,121,33,4,consonant_string,high,cvsd,4,4,external,d,p,5.096774193548387,0.48985,p,0,210.48
828,3226,43226,123,33,4,consonant_string,high,lqvg,4,4,external,g,d,4.1,0.62488,d,0,259.64
828,2137,42137,124,33,4,pseudoword,low,blaw,4,4,external,w,p,1.1666666666666667,0.53452,w,1,226.81
828,2109,42109,125,33,4,pseudoword,low,glod,4,4,external,d,m,1.1333333333333333,0.58091,d,1,289.31
828,2236,42236,126,33,4,pseudoword,high,plob,4,4,external,b,g,3.533333333333333,0.46543,b,1,271.8
828,2206,42206,127,33,4,pseudoword,high,strepe,6,5,internal,p,d,5.096774193548387,0.48985,p,1,437.97
828,1147,41147,128,33,4,word,low,bale,4,3,internal,l,s,1.1,0.4218,l,1,237.49
828,2248,42248,129,33,4,pseudoword,high,zoke,4,3,internal,k,l,2.8,0.53572,l,0,196.98
828,2222,42222,130,33,4,pseudoword,high,sleg,4,4,external,g,p,4.5,0.55857,p,0,264.81
828,2234,42234,131,33,4,pseudoword,high,brode,5,4,internal,d,c,3.566666666666667,0.66158,c,0,195.97
828,1117,41117,132,33,4,word,low,scam,4,4,external,m,b,1.2333333333333334,0.5784,b,0,70.79
828,1105,41105,134,33,4,word,low,grape,5,4,internal,p,v,1.1333333333333333,0.49111,p,1,144.94
828,3141,43141,135,33,4,consonant_string,low,pqlt,4,3,internal,l,n,1.3666666666666667,0.46775,l,1,109.76
828,2123,42123,136,33,4,pseudoword,low,blug,4,4,external,g,t,1.1333333333333333,0.44178,t,0,224.92
828,1220,41220,137,33,4,word,high,gate,4,3,internal,t,l,4.5,0.47576,t,1,136.08
828,1135,41135,138,33,4,word,low,drab,4,4,external,b,w,1.1,0.5109,b,1,84.57
828,1210,41210,139,33,4,word,high,weed,4,4,external,d,p,5.096774193548387,0.48985,d,1,14.04
828,3234,43234,140,33,4,consonant_string,high,pfldr,5,4,internal,d,c,3.566666666666667,0.66158,d,1,198.19
828,1111,41111,141,33,4,word,low,lead,4,4,external,d,k,1.3333333333333333,0.3996,d,1,182.02
828,1107,41107,142,33,4,word,low,read,4,4,external,d,r,1.3333333333333333,0.49182,d,1,115.51
828,2230,42230,143,33,4,pseudoword,high,zeaf,4,4,external,f,r,3.8,0.69632,f,1,236.66
828,2244,42244,2,33,4,pseudoword,high,slone,5,4,internal,n,r,3.1333333333333333,0.62334,r,0,226.16
828,1208,41208,3,33,4,word,high,hood,4,4,external,d,p,5.096774193548387,0.48985,p,0,124.65
828,3115,43115,4,33,4,consonant_string,low,sfdm,4,4,external,m,t,1.0666666666666667,0.52674,m,1,205.8
828,3125,43125,5,33,4,consonant_string,low,fhgv,4,3,internal,g,k,1.1666666666666667,0.37222,g,1,223.64
828,3127,43127,6,33,4,consonant_string,low,bvcg,4,4,external,g,k,1.1666666666666667,0.37222,k,0,249.79
828,1141,41141,7,33,4,word,low,file,4,3,internal,l,n,1.3666666666666667,0.46775,l,1,276.63
828,2238,42238,8,33,4,pseudoword,high,jite,4,3,internal,t,r,3.3666666666666667,0.59892,t,1,275.13
828,2218,42218,9,33,4,pseudoword,high,vume,4,3,internal,m,n,4.666666666666667,0.6574,n,0,324.64
828,3135,43135,10,33,4,consonant_string,low,mkrb,4,4,external,b,w,1.1,0.5109,b,1,216.8
828,1143,41143,11,33,4,word,low,moor,4,4,external,r,d,1.3333333333333333,0.49182,r,1,344.97
828,1248,41248,13,33,4,word,high,sake,4,3,internal,k,l,2.8,0.53572,k,1,604.82
828,3236,43236,14,33,4,consonant_string,high,hfwb,4,4,external,b,g,3.533333333333333,0.46543,b,1,387.68
828,2226,42226,15,33,4,pseudoword,high,yeng,4,4,external,g,d,4.1,0.62488,g,1,508.2
828,1216,41216,16,33,4,word,high,mime,4,3,internal,m,n,4.666666666666667,0.6574,n,0,701.39
828,1222,41222,17,33,4,word,high,swag,4,4,external,g,p,4.5,0.55857,g,1,175.24
828,1232,41232,18,33,4,word,high,spade,5,4,internal,d,c,3.566666666666667,0.66158,d,1,213.74
828,1137,41137,19,33,4,word,low,stew,4,4,external,w,p,1.1666666666666667,0.53452,p,0,383.91
828,1109,41109,20,33,4,word,low,seed,4,4,external,d,m,1.1333333333333333,0.58091,m,0,270.41
828,1240,41240,21,33,4,word,high,pole,4,3,internal,l,r,3.2580645161290325,0.56415,l,1,612.58
828,2133,42133,22,33,4,pseudoword,low,kide,4,3,internal,d,z,1.2333333333333334,0.52841,d,1,454.78
828,2115,42115,24,33,4,pseudoword,low,gulm,4,4,external,m,t,1.0666666666666667,0.52674,t,0,530.63
828,3210,43210,25,33,4,consonant_string,high,lsbd,4,4,external,d,p,5.096774193548387,0.48985,p,0,354.15
828,3238,43238,26,33,4,consonant_string,high,njtb,4,3,internal,t,r,3.3666666666666667,0.59892,r,0,315.99
828,3222,43222,0,33,4,consonant_string,high,wbjg,4,4,external,g,p,4.5,0.55857,p,0,393.26
828,3242,43242,56,33,4,consonant_string,high,wktl,4,4,external,l,r,3.2580645161290325,0.56415,r,0,338.1
828,3206,43206,67,33,4,consonant_string,high,jbfzpq,6,5,internal,p,d,5.096774193548387,0.48985,d,0,186.61
828,1228,41228,78,33,4,word,high,reef,4,4,external,f,l,4.033333333333333,0.60982,l,0,185.09
828,1238,41238,89,33,4,word,high,date,4,3,internal,t,r,3.3666666666666667,0.59892,t,1,183.59
828,3139,43139,100,33,4,consonant_string,low,mvjt,4,4,external,t,n,1.1,0.6011,n,0,209.08
828,2216,42216,111,33,4,pseudoword,high,hime,4,3,internal,m,n,4.666666666666667,0.6574,n,0,267.24
828,1103,41103,122,33,4,word,low,shape,5,4,internal,p,v,1.1333333333333333,0.49111,p,1,267.41
828,3204,43204,133,33,4,consonant_string,high,htwd,4,4,external,d,p,5.096774193548387,0.48985,p,0,148.57
828,3228,43228,1,33,4,consonant_string,high,vjnf,4,4,external,f,l,4.033333333333333,0.60982,l,0,274.4
828,3107,43107,12,33,4,consonant_string,low,qvsd,4,4,external,d,r,1.3333333333333333,0.49182,r,0,299.57
828,3220,43220,23,33,4,consonant_string,high,pktv,4,3,internal,t,l,4.5,0.47576,t,1,314.4
828,2242,42242,34,33,4,pseudoword,high,drol,4,4,external,l,r,3.2580645161290325,0.56415,l,1,361.57
828,2127,42127,45,33,4,pseudoword,low,reng,4,4,external,g,k,1.1666666666666667,0.37222,g,1,226.75
828,1244,41244,51,33,4,word,high,stone,5,4,internal,n,r,3.1333333333333333,0.62334,r,0,230.24
828,2141,42141,52,33,4,pseudoword,low,bule,4,3,internal,l,n,1.3666666666666667,0.46775,l,1,172.73
828,2125,42125,53,33,4,pseudoword,low,jege,4,3,internal,g,k,1.1666666666666667,0.37222,k,0,199.89
828,1226,41226,54,33,4,word,high,bang,4,4,external,g,d,4.1,0.62488,g,1,47.71
828,1127,41127,55,33,4,word,low,wing,4,4,external,g,k,1.1666666666666667,0.37222,g,1,175.53
828,3105,43105,57,33,4,consonant_string,low,fcmpk,5,4,internal,p,v,1.1333333333333333,0.49111,v,0,219.02
828,1125,41125,58,33,4,word,low,wage,4,3,internal,g,k,1.1666666666666667,0.37222,k,0,206.19
828,1129,41129,59,33,4,word,low,wife,4,3,internal,f,n,1.2,0.53217,f,1,260.01
828,3145,43145,104,33,4,consonant_string,low,hvwrt,5,4,internal,r,c,1.4,0.55867,r,1,124.28
828,1145,41145,105,33,4,word,low,spire,5,4,internal,r,c,1.4,0.55867,r,1,169.44
828,3224,43224,106,33,4,consonant_string,high,gpts,4,3,internal,t,l,4.5,0.47576,t,1,431.6
828,2101,42101,107,33,4,pseudoword,low,snum,4,2,internal,n,t,1.1,0.6011,n,1,375.12
828,2119,42119,108,33,4,pseudoword,low,chom,4,4,external,m,t,1.0666666666666667,0.52674,t,0,326.63
828,2103,42103,109,33,4,pseudoword,low,frope,5,4,internal,p,v,1.1333333333333333,0.49111,v,0,170.13
828,3103,43103,95,33,4,consonant_string,low,qsgpn,5,4,internal,p,v,1.1333333333333333,0.49111,v,0,199.38
828,3133,43133,96,33,4,consonant_string,low,vkdj,4,3,internal,d,z,1.2333333333333334,0.52841,d,1,284.2
828,2107,42107,97,33,4,pseudoword,low,nood,4,4,external,d,r,1.3333333333333333,0.49182,r,0,95.69
828,2145,42145,98,33,4,pseudoword,low,swork,5,4,internal,r,c,1.4,0.55867,r,1,56.51
828,2121,42121,85,33,4,pseudoword,low,quag,4,4,external,g,w,1.1666666666666667,0.52446,w,0,162.62
828,1242,41242,86,33,4,word,high,seal,4,4,external,l,r,3.2580645161290325,0.56415,r,0,170.79
828,1131,41131,87,33,4,word,low,slide,5,4,internal,d,m,1.1333333333333333,0.58091,d,1,127.94
828,2240,42240,88,33,4,pseudoword,high,hule,4,3,internal,l,r,3.2580645161290325,0.56415,r,0,155.43
828,1113,41113,90,33,4,word,low,slab,4,4,external,b,m,1.2333333333333334,0.5784,m,0,90.25
828,2208,42208,91,33,4,pseudoword,high,vild,4,4,external,d,p,5.096774193548387,0.48985,d,1,132.73
828,1119,41119,92,33,4,word,low,warm,4,4,external,m,t,1.0666666666666667,0.52674,t,0,158.23
828,2143,42143,93,33,4,pseudoword,low,plur,4,4,external,r,d,1.3333333333333333,0.49182,r,1,267.05
828,1218,41218,94,33,4,word,high,home,4,3,internal,m,n,4.666666666666667,0.6574,m,1,223.21
828,3117,43117,99,33,4,consonant_string,low,htjm,4,4,external,m,b,1.2333333333333334,0.5784,b,0,123.33
828,2105,42105,101,33,4,pseudoword,low,brupe,5,4,internal,p,v,1.1333333333333333,0.49111,p,1,213.49
828,1230,41230,102,33,4,word,high,beef,4,4,external,f,r,3.8,0.69632,f,1,166.64
828,2224,42224,103,33,4,pseudoword,high,jote,4,3,internal,t,l,4.5,0.47576,l,0,190.8
829,1108,11108,111,33,1,word,low,hood,4,4,external,d,k,1.3333333333333333,0.3996,d,1,659.61
829,3235,13235,122,33,1,consonant_string,high,mkrb,4,4,external,b,g,3.533333333333333,0.46543,b,1,1117.83
829,1104,11104,133,33,1,word,low,skid,4,4,external,d,m,1.1333333333333333,0.58091,m,0,1168.08
829,2104,12104,1,33,1,pseudoword,low,swed,4,4,external,d,m,1.1333333333333333,0.58091,d,1,885.32
829,3239,13239,51,33,1,consonant_string,high,mvjt,4,4,external,t,r,3.3666666666666667,0.59892,r,0,1284.18
829,2217,12217,52,33,1,pseudoword,high,plim,4,4,external,m,n,4.666666666666667,0.6574,n,0,1160.77
829,3241,13241,53,33,1,consonant_string,high,pqlt,4,3,internal,l,r,3.2580645161290325,0.56415,l,1,958.01
829,2227,12227,54,33,1,pseudoword,high,reng,4,4,external,g,d,4.1,0.62488,d,0,752.23
829,1124,11124,55,33,1,word,low,bite,4,3,internal,t,d,1.3666666666666667,0.47786,t,1,549.12
829,1144,11144,57,33,1,word,low,stone,5,4,internal,n,k,1.5333333333333334,0.52768,n,1,737.98
829,1132,11132,58,33,1,word,low,spade,5,4,internal,d,r,1.3333333333333333,0.49182,d,1,1317.55
829,2247,12247,59,33,1,pseudoword,high,jile,4,3,internal,l,k,2.8,0.53572,l,1,757.79
829,1237,11237,60,33,1,word,high,stew,4,4,external,w,m,3.4,0.62127,w,1,820.01
829,3207,13207,12,33,1,consonant_string,high,qvsd,4,4,external,d,p,5.096774193548387,0.48985,d,1,1123.89
829,1114,11114,23,33,1,word,low,rope,4,3,internal,p,s,1.2580645161290323,0.5767,p,1,750.13
829,3118,13118,34,33,1,consonant_string,low,zsmj,4,3,internal,m,l,1.0666666666666667,0.5113,l,0,1329.03
829,1136,11136,45,33,1,word,low,stab,4,4,external,b,r,1.2666666666666666,0.51424,b,1,637.61
829,2116,12116,0,33,1,pseudoword,low,hime,4,3,internal,m,l,1.0666666666666667,0.5113,m,1,648.52
829,3124,13124,56,33,1,consonant_string,low,gpts,4,3,internal,t,d,1.3666666666666667,0.47786,d,0,950.42
829,2241,12241,67,33,1,pseudoword,high,bule,4,3,internal,l,r,3.2580645161290325,0.56415,r,0,1296.31
829,1241,11241,78,33,1,word,high,file,4,3,internal,l,r,3.2580645161290325,0.56415,l,1,738.23
829,1215,11215,89,33,1,word,high,beam,4,4,external,m,n,4.666666666666667,0.6574,m,1,1071.79
829,3209,13209,100,33,1,consonant_string,high,csbd,4,4,external,d,p,5.096774193548387,0.48985,d,1,1188.04
829,2211,12211,86,33,1,pseudoword,high,zoud,4,4,external,d,p,5.096774193548387,0.48985,d,1,790.28
829,3221,13221,87,33,1,consonant_string,high,fqcg,4,4,external,g,p,4.5,0.55857,g,1,885.85
829,1247,11247,88,33,1,word,high,bale,4,3,internal,l,k,2.8,0.53572,l,1,577.39
829,2134,12134,90,33,1,pseudoword,low,brode,5,4,internal,d,m,1.1333333333333333,0.58091,m,0,1789.97
829,1223,11223,91,33,1,word,high,flag,4,4,external,g,p,4.5,0.55857,g,1,766.57
829,2138,12138,92,33,1,pseudoword,low,jite,4,3,internal,t,m,1.0666666666666667,0.52674,m,0,1189.81
829,3237,13237,93,33,1,consonant_string,high,gbcw,4,4,external,w,m,3.4,0.62127,w,1,1115.39
829,1126,11126,94,33,1,word,low,bang,4,4,external,g,k,1.1666666666666667,0.37222,g,1,577.63
829,1227,11227,95,33,1,word,high,wing,4,4,external,g,d,4.1,0.62488,g,1,759.16
829,2233,12233,96,33,1,pseudoword,high,kide,4,3,internal,d,c,3.566666666666667,0.66158,d,1,970.36
829,1116,11116,97,33,1,word,low,mime,4,3,internal,m,l,1.0666666666666667,0.5113,l,0,1022.62
829,1211,11211,98,33,1,word,high,lead,4,4,external,d,p,5.096774193548387,0.48985,d,1,682.84
829,1122,11122,99,33,1,word,low,swag,4,4,external,g,n,1.7,0.55212,g,1,593.39
829,3247,13247,101,33,1,consonant_string,high,gnlt,4,3,internal,l,k,2.8,0.53572,l,1,1234.28
829,3225,13225,102,33,1,consonant_string,high,fhgv,4,3,internal,g,d,4.1,0.62488,d,0,862.85
829,2215,12215,103,33,1,pseudoword,high,gulm,4,4,external,m,n,4.666666666666667,0.6574,m,1,677.07
829,2235,12235,104,33,1,pseudoword,high,frab,4,4,external,b,g,3.533333333333333,0.46543,b,1,1020.63
829,3217,13217,105,33,1,consonant_string,high,htjm,4,4,external,m,n,4.666666666666667,0.6574,m,1,668.85
829,3233,13233,106,33,1,consonant_string,high,vkdj,4,3,internal,d,c,3.566666666666667,0.66158,c,0,873.06
829,3134,13134,107,33,1,consonant_string,low,pfldr,5,4,internal,d,m,1.1333333333333333,0.58091,d,1,632.28
829,1142,11142,108,33,1,word,low,seal,4,4,external,l,m,1.0666666666666667,0.5113,l,1,485.81
829,3136,13136,109,33,1,consonant_string,low,hfwb,4,4,external,b,r,1.2666666666666666,0.51424,r,0,936.35
829,2225,12225,110,33,1,pseudoword,high,jege,4,3,internal,g,d,4.1,0.62488,g,1,1230.92
829,3110,13110,112,33,1,consonant_string,low,lsbd,4,4,external,d,k,1.3333333333333333,0.3996,d,1,812.5
829,3102,13102,113,33,1,consonant_string,low,knfc,4,2,internal,n,l,1.3666666666666667,0.46775,l,0,1118.73
829,3142,13142,114,33,1,consonant_string,low,wktl,4,4,external,l,m,1.0666666666666667,0.5113,m,0,1063.98
829,3128,13128,115,33,1,consonant_string,low,vjnf,4,4,external,f,d,1.4333333333333333,0.51654,d,0,643.45
829,2221,12221,116,33,1,pseudoword,high,quag,4,4,external,g,p,4.5,0.55857,g,1,657.31
829,2112,12112,117,33,1,pseudoword,low,glip,4,4,external,p,t,1.3333333333333333,0.53002,p,1,721.2
829,2243,12243,118,33,1,pseudoword,high,plur,4,4,external,r,n,3.1333333333333333,0.62334,r,1,630.39
829,2140,12140,119,33,1,pseudoword,low,hule,4,3,internal,l,s,1.1,0.4218,s,0,1175.96
829,1235,11235,120,33,1,word,high,drab,4,4,external,b,g,3.533333333333333,0.46543,b,1,911.54
829,3245,13245,121,33,1,consonant_string,high,hvwrt,5,4,internal,r,n,3.1333333333333333,0.62334,r,1,1089.77
829,1102,11102,123,33,1,word,low,snip,4,2,internal,n,l,1.3666666666666667,0.46775,l,0,1479.37
829,1213,11213,124,33,1,word,high,slab,4,4,external,b,p,5.066666666666666,0.70362,b,1,816.96
829,1229,11229,125,33,1,word,high,wife,4,3,internal,f,r,3.8,0.69632,f,1,1219.2
829,1203,11203,126,33,1,word,high,shape,5,4,internal,p,d,5.096774193548387,0.48985,p,1,1311.46
829,1243,11243,127,33,1,word,high,moor,4,4,external,r,n,3.1333333333333333,0.62334,r,1,1163.71
829,2209,12209,128,33,1,pseudoword,high,glod,4,4,external,d,p,5.096774193548387,0.48985,d,1,1151.98
829,2136,12136,129,33,1,pseudoword,low,plob,4,4,external,b,r,1.2666666666666666,0.51424,r,0,1070.89
829,2102,12102,130,33,1,pseudoword,low,snad,4,2,internal,n,l,1.3666666666666667,0.46775,n,1,1587.15
829,1120,11120,131,33,1,word,low,gate,4,3,internal,t,m,1.0666666666666667,0.52674,t,1,792.75
829,1231,11231,132,33,1,word,high,slide,5,4,internal,d,c,3.566666666666667,0.66158,d,1,895.64
829,2124,12124,134,33,1,pseudoword,low,jote,4,3,internal,t,d,1.3666666666666667,0.47786,t,1,653.53
829,2142,12142,135,33,1,pseudoword,low,drol,4,4,external,l,m,1.0666666666666667,0.5113,l,1,893.41
829,1138,11138,136,33,1,word,low,date,4,3,internal,t,m,1.0666666666666667,0.52674,t,1,740.29
829,2132,12132,137,33,1,pseudoword,low,ghade,5,4,internal,d,r,1.3333333333333333,0.49182,d,1,877.84
829,2237,12237,138,33,1,pseudoword,high,blaw,4,4,external,w,m,3.4,0.62127,w,1,1017.41
829,1130,11130,139,33,1,word,low,beef,4,4,external,f,p,1.6333333333333333,0.41008,f,1,959.65
829,2108,12108,140,33,1,pseudoword,low,vild,4,4,external,d,k,1.3333333333333333,0.3996,d,1,782.88
829,2106,12106,141,33,1,pseudoword,low,strepe,6,5,internal,p,v,1.1333333333333333,0.49111,p,1,1141.44
829,2231,12231,142,33,1,pseudoword,high,spode,5,4,internal,d,c,3.566666666666667,0.66158,d,1,772.35
829,2144,12144,143,33,1,pseudoword,low,slone,5,4,internal,n,k,1.5333333333333334,0.52768,n,1,567.56
829,2110,12110,2,33,1,pseudoword,low,fard,4,4,external,d,k,1.3333333333333333,0.3996,d,1,885.76
829,2219,12219,3,33,1,pseudoword,high,chom,4,4,external,m,n,4.666666666666667,0.6574,m,1,641.32
829,1110,11110,4,33,1,word,low,weed,4,4,external,d,k,1.3333333333333333,0.3996,d,1,628.19
829,1225,11225,5,33,1,word,high,wage,4,3,internal,g,d,4.1,0.62488,g,1,792.73
829,2205,12205,6,33,1,pseudoword,high,brupe,5,4,internal,p,d,5.096774193548387,0.48985,p,1,1567.63
829,3106,13106,7,33,1,consonant_string,low,jbfzpq,6,5,internal,p,v,1.1333333333333333,0.49111,v,0,839.9
829,3231,13231,8,33,1,consonant_string,high,gjwds,5,4,internal,d,c,3.566666666666667,0.66158,d,1,876.46
829,3130,13130,9,33,1,consonant_string,low,czhf,4,4,external,f,p,1.6333333333333333,0.41008,f,1,922.02
829,3213,13213,10,33,1,consonant_string,high,rtcb,4,4,external,b,p,5.066666666666666,0.70362,b,1,852.25
829,3112,13112,11,33,1,consonant_string,low,qmwp,4,4,external,p,t,1.3333333333333333,0.53002,p,1,927.15
829,2118,12118,13,33,1,pseudoword,low,vume,4,3,internal,m,l,1.0666666666666667,0.5113,m,1,1419.73
829,2239,12239,14,33,1,pseudoword,high,glot,4,4,external,t,r,3.3666666666666667,0.59892,t,1,729.98
829,3144,13144,15,33,1,consonant_string,low,qjfnd,5,4,internal,n,k,1.5333333333333334,0.52768,n,1,802.53
829,3211,13211,16,33,1,consonant_string,high,srfd,4,4,external,d,p,5.096774193548387,0.48985,d,1,820.42
829,2128,12128,17,33,1,pseudoword,low,goif,4,4,external,f,d,1.4333333333333333,0.51654,f,1,619.62
829,3116,13116,18,33,1,consonant_string,low,fsmt,4,3,internal,m,l,1.0666666666666667,0.5113,m,1,1786.87
829,1217,11217,19,33,1,word,high,scam,4,4,external,m,n,4.666666666666667,0.6574,n,0,561.47
829,1140,11140,20,33,1,word,low,pole,4,3,internal,l,s,1.1,0.4218,l,1,568.67
829,2223,12223,21,33,1,pseudoword,high,blug,4,4,external,g,p,4.5,0.55857,g,1,700.87
829,1134,11134,22,33,1,word,low,pride,5,4,internal,d,m,1.1333333333333333,0.58091,d,1,541.74
829,3205,13205,24,33,1,consonant_string,high,fcmpk,5,4,internal,p,d,5.096774193548387,0.48985,p,1,1063.61
829,2229,12229,25,33,1,pseudoword,high,vofe,4,3,internal,f,r,3.8,0.69632,r,0,833.85
829,3148,13148,26,33,1,consonant_string,low,dhkw,4,3,internal,k,g,1.1666666666666667,0.37222,g,0,803.41
829,2207,12207,27,33,1,pseudoword,high,nood,4,4,external,d,p,5.096774193548387,0.48985,d,1,855.29
829,3114,13114,28,33,1,consonant_string,low,klpj,4,3,internal,p,s,1.2580645161290323,0.5767,p,1,867.18
829,3243,13243,29,33,1,consonant_string,high,fbvr,4,4,external,r,n,3.1333333333333333,0.62334,r,1,607.4
829,2146,12146,30,33,1,pseudoword,low,proal,5,5,external,l,m,1.0666666666666667,0.5113,m,0,899.28
829,1128,11128,31,33,1,word,low,reef,4,4,external,f,d,1.4333333333333333,0.51654,f,1,751.17
829,1207,11207,32,33,1,word,high,read,4,4,external,d,p,5.096774193548387,0.48985,d,1,632.04
829,2203,12203,33,33,1,pseudoword,high,frope,5,4,internal,p,d,5.096774193548387,0.48985,p,1,671.59
829,3215,13215,35,33,1,consonant_string,high,sfdm,4,4,external,m,n,4.666666666666667,0.6574,m,1,637.79
829,1118,11118,36,33,1,word,low,home,4,3,internal,m,l,1.0666666666666667,0.5113,m,1,753.33
829,2148,12148,37,33,1,pseudoword,low,zoke,4,3,internal,k,g,1.1666666666666667,0.37222,k,1,881.22
829,2120,12120,38,33,1,pseudoword,low,wote,4,3,internal,t,m,1.0666666666666667,0.52674,t,1,840.77
829,2114,12114,39,33,1,pseudoword,low,dape,4,3,internal,p,s,1.2580645161290323,0.5767,p,1,694.32
829,3108,13108,40,33,1,consonant_string,low,cvsd,4,4,external,d,k,1.3333333333333333,0.3996,k,0,667.19
829,3203,13203,41,33,1,consonant_string,high,qsgpn,5,4,internal,p,d,5.096774193548387,0.48985,p,1,608.39
829,1245,11245,42,33,1,word,high,spire,5,4,internal,r,n,3.1333333333333333,0.62334,r,1,624.27
829,3138,13138,43,33,1,consonant_string,low,njtb,4,3,internal,t,m,1.0666666666666667,0.52674,m,0,450.46
829,1209,11209,44,33,1,word,high,seed,4,4,external,d,p,5.096774193548387,0.48985,d,1,588.32
829,1106,11106,46,33,1,word,low,stripe,6,5,internal,p,v,1.1333333333333333,0.49111,p,1,847.86
829,1201,11201,47,33,1,word,high,snow,4,2,internal,n,h,5.533333333333333,0.86536,n,1,858.74
829,1233,11233,48,33,1,word,high,fade,4,3,internal,d,c,3.566666666666667,0.66158,d,1,625.97
829,3122,13122,49,33,1,consonant_string,low,wbjg,4,4,external,g,n,1.7,0.55212,g,1,560.5
829,3140,13140,50,33,1,consonant_string,low,gtln,4,3,internal,l,s,1.1,0.4218,s,0,850.7
829,2130,12130,61,33,1,pseudoword,low,zeaf,4,4,external,f,p,1.6333333333333333,0.41008,f,1,1084.24
829,1221,11221,62,33,1,word,high,flog,4,4,external,g,p,4.5,0.55857,g,1,734.82
829,3219,13219,63,33,1,consonant_string,high,gjkm,4,4,external,m,n,4.666666666666667,0.6574,m,1,1097.37
829,3104,13104,64,33,1,consonant_string,low,htwd,4,4,external,d,m,1.1333333333333333,0.58091,d,1,1181.29
829,3126,13126,65,33,1,consonant_string,low,lqvg,4,4,external,g,k,1.1666666666666667,0.37222,g,1,933.87
829,3227,13227,66,33,1,consonant_string,high,bvcg,4,4,external,g,d,4.1,0.62488,d,0,1344.44
829,3132,13132,68,33,1,consonant_string,low,vzldb,5,4,internal,d,r,1.3333333333333333,0.49182,d,1,1235.39
829,1146,11146,69,33,1,word,low,steal,5,5,external,l,m,1.0666666666666667,0.5113,l,1,1076.97
829,3229,13229,70,33,1,consonant_string,high,dtfh,4,3,internal,f,r,3.8,0.69632,r,0,1077.56
829,1239,11239,71,33,1,word,high,spat,4,4,external,t,r,3.3666666666666667,0.59892,t,1,663.11
829,1112,11112,72,33,1,word,low,grip,4,4,external,p,t,1.3333333333333333,0.53002,p,1,595.31
829,2201,12201,73,33,1,pseudoword,high,snum,4,2,internal,n,h,5.533333333333333,0.86536,h,0,1384.21
829,1219,11219,74,33,1,word,high,warm,4,4,external,m,n,4.666666666666667,0.6574,m,1,678.81
829,2122,12122,75,33,1,pseudoword,low,sleg,4,4,external,g,n,1.7,0.55212,g,1,970.35
829,3223,13223,76,33,1,consonant_string,high,vlbg,4,4,external,g,p,4.5,0.55857,p,0,1324.59
829,3201,13201,77,33,1,consonant_string,high,znsq,4,2,internal,n,h,5.533333333333333,0.86536,n,1,1143.86
829,3146,13146,79,33,1,consonant_string,low,bfnsl,5,5,external,l,m,1.0666666666666667,0.5113,m,0,1178.79
829,2213,12213,80,33,1,pseudoword,high,nalb,4,4,external,b,p,5.066666666666666,0.70362,p,0,1112.36
829,1205,11205,81,33,1,word,high,grape,5,4,internal,p,d,5.096774193548387,0.48985,p,1,575.59
829,3120,13120,82,33,1,consonant_string,low,pktv,4,3,internal,t,m,1.0666666666666667,0.52674,t,1,599.13
829,1148,11148,83,33,1,word,low,sake,4,3,internal,k,g,1.1666666666666667,0.37222,k,1,550.0
829,2245,12245,84,33,1,pseudoword,high,swork,5,4,internal,r,n,3.1333333333333333,0.62334,n,0,668.86
829,2126,12126,85,33,1,pseudoword,low,yeng,4,4,external,g,k,1.1666666666666667,0.37222,g,1,763.07
831,1146,31146,0,33,3,word,low,steal,5,5,external,l,m,1.0666666666666667,0.5113,l,1,615.36
831,3207,33207,56,33,3,consonant_string,high,qvsd,4,4,external,d,p,5.096774193548387,0.48985,d,1,1112.57
831,3146,33146,67,33,3,consonant_string,low,bfnsl,5,5,external,l,m,1.0666666666666667,0.5113,l,1,580.81
831,1126,31126,78,33,3,word,low,bang,4,4,external,g,k,1.1666666666666667,0.37222,g,1,1170.36
831,2211,32211,89,33,3,pseudoword,high,zoud,4,4,external,d,p,5.096774193548387,0.48985,p,0,1374.62
831,3219,33219,100,33,3,consonant_string,high,gjkm,4,4,external,m,n,4.666666666666667,0.6574,n,0,1491.23
831,1130,31130,111,33,3,word,low,beef,4,4,external,f,p,1.6333333333333333,0.41008,f,1,558.14
831,3104,33104,122,33,3,consonant_string,low,htwd,4,4,external,d,m,1.1333333333333333,0.58091,d,1,987.03
831,2235,32235,133,33,3,pseudoword,high,frab,4,4,external,b,g,3.533333333333333,0.46543,g,0,1350.61
831,3144,33144,1,33,3,consonant_string,low,qjfnd,5,4,internal,n,k,1.5333333333333334,0.52768,k,0,653.52
831,3241,33241,12,33,3,consonant_string,high,pqlt,4,3,internal,l,r,3.2580645161290325,0.56415,l,1,706.4
831,3239,33239,23,33,3,consonant_string,high,mvjt,4,4,external,t,r,3.3666666666666667,0.59892,t,1,1915.32
831,1229,31229,34,33,3,word,high,wife,4,3,internal,f,r,3.8,0.69632,f,1,958.6
831,1120,31120,45,33,3,word,low,gate,4,3,internal,t,m,1.0666666666666667,0.52674,t,1,676.5
831,2229,32229,51,33,3,pseudoword,high,vofe,4,3,internal,f,r,3.8,0.69632,r,0,1313.07
831,2104,32104,52,33,3,pseudoword,low,swed,4,4,external,d,m,1.1333333333333333,0.58091,d,1,1127.32
831,3231,33231,53,33,3,consonant_string,high,gjwds,5,4,internal,d,c,3.566666666666667,0.66158,c,0,668.88
831,3110,33110,54,33,3,consonant_string,low,lsbd,4,4,external,d,k,1.3333333333333333,0.3996,k,0,566.07
831,2219,32219,55,33,3,pseudoword,high,chom,4,4,external,m,n,4.666666666666667,0.6574,n,0,1304.3
831,1225,31225,57,33,3,word,high,wage,4,3,internal,g,d,4.1,0.62488,g,1,677.21
831,3106,33106,58,33,3,consonant_string,low,jbfzpq,6,5,internal,p,v,1.1333333333333333,0.49111,p,1,1610.79
831,3140,33140,59,33,3,consonant_string,low,gtln,4,3,internal,l,s,1.1,0.4218,l,1,678.06
831,2122,32122,60,33,3,pseudoword,low,sleg,4,4,external,g,n,1.7,0.55212,g,1,1864.64
831,2227,32227,61,33,3,pseudoword,high,reng,4,4,external,g,d,4.1,0.62488,d,0,1036.94
831,3215,33215,62,33,3,consonant_string,high,sfdm,4,4,external,m,n,4.666666666666667,0.6574,m,1,816.5
831,3221,33221,63,33,3,consonant_string,high,fqcg,4,4,external,g,p,4.5,0.55857,p,0,566.71
831,1112,31112,64,33,3,word,low,grip,4,4,external,p,t,1.3333333333333333,0.53002,p,1,548.9
831,2126,32126,65,33,3,pseudoword,low,yeng,4,4,external,g,k,1.1666666666666667,0.37222,k,0,1639.8
831,2217,32217,66,33,3,pseudoword,high,plim,4,4,external,m,n,4.666666666666667,0.6574,m,1,916.42
831,3126,33126,68,33,3,consonant_string,low,lqvg,4,4,external,g,k,1.1666666666666667,0.37222,g,1,805.64
831,1245,31245,69,33,3,word,high,spire,5,4,internal,r,n,3.1333333333333333,0.62334,n,0,1718.55
831,2231,32231,70,33,3,pseudoword,high,spode,5,4,internal,d,c,3.566666666666667,0.66158,d,1,522.82
831,3205,33205,71,33,3,consonant_string,high,fcmpk,5,4,internal,p,d,5.096774193548387,0.48985,p,1,539.01
831,3142,33142,72,33,3,consonant_string,low,wktl,4,4,external,l,m,1.0666666666666667,0.5113,m,0,1029.56
831,3211,33211,73,33,3,consonant_string,high,srfd,4,4,external,d,p,5.096774193548387,0.48985,p,0,489.11
831,2225,32225,74,33,3,pseudoword,high,jege,4,3,internal,g,d,4.1,0.62488,d,0,1291.66
831,2233,32233,75,33,3,pseudoword,high,kide,4,3,internal,d,c,3.566666666666667,0.66158,c,0,854.58
831,3247,33247,76,33,3,consonant_string,high,gnlt,4,3,internal,l,k,2.8,0.53572,l,1,474.45
831,2106,32106,77,33,3,pseudoword,low,strepe,6,5,internal,p,v,1.1333333333333333,0.49111,p,1,612.65
831,1132,31132,79,33,3,word,low,spade,5,4,internal,d,r,1.3333333333333333,0.49182,d,1,497.82
831,2243,32243,80,33,3,pseudoword,high,plur,4,4,external,r,n,3.1333333333333333,0.62334,r,1,870.71
831,2237,32237,81,33,3,pseudoword,high,blaw,4,4,external,w,m,3.4,0.62127,w,1,913.94
831,3124,33124,82,33,3,consonant_string,low,gpts,4,3,internal,t,d,1.3666666666666667,0.47786,d,0,1096.17
831,2124,32124,83,33,3,pseudoword,low,jote,4,3,internal,t,d,1.3666666666666667,0.47786,t,1,881.08
831,1227,31227,84,33,3,word,high,wing,4,4,external,g,d,4.1,0.62488,d,0,1165.65
831,1243,31243,85,33,3,word,high,moor,4,4,external,r,n,3.1333333333333333,0.62334,r,1,489.88
831,1116,31116,86,33,3,word,low,mime,4,3,internal,m,l,1.0666666666666667,0.5113,m,1,658.4
831,1124,31124,87,33,3,word,low,bite,4,3,internal,t,d,1.3666666666666667,0.47786,d,0,581.28
831,1237,31237,88,33,3,word,high,stew,4,4,external,w,m,3.4,0.62127,w,1,606.82
831,1118,31118,90,33,3,word,low,home,4,3,internal,m,l,1.0666666666666667,0.5113,m,1,526.67
831,1207,31207,91,33,3,word,high,read,4,4,external,d,p,5.096774193548387,0.48985,d,1,719.21
831,2130,32130,92,33,3,pseudoword,low,zeaf,4,4,external,f,p,1.6333333333333333,0.41008,f,1,1893.46
831,1215,31215,93,33,3,word,high,beam,4,4,external,m,n,4.666666666666667,0.6574,n,0,1061.42
831,3237,33237,94,33,3,consonant_string,high,gbcw,4,4,external,w,m,3.4,0.62127,w,1,1037.67
831,2108,32108,95,33,3,pseudoword,low,vild,4,4,external,d,k,1.3333333333333333,0.3996,d,1,917.23
831,3122,33122,96,33,3,consonant_string,low,wbjg,4,4,external,g,n,1.7,0.55212,g,1,1098.46
831,3116,33116,97,33,3,consonant_string,low,fsmt,4,3,internal,m,l,1.0666666666666667,0.5113,l,0,981.38
831,1231,31231,98,33,3,word,high,slide,5,4,internal,d,c,3.566666666666667,0.66158,c,0,1104.95
831,3243,33243,99,33,3,consonant_string,high,fbvr,4,4,external,r,n,3.1333333333333333,0.62334,r,1,865.86
831,1209,31209,101,33,3,word,high,seed,4,4,external,d,p,5.096774193548387,0.48985,d,1,1377.1
831,1102,31102,102,33,3,word,low,snip,4,2,internal,n,l,1.3666666666666667,0.46775,l,0,1359.71
831,3245,33245,103,33,3,consonant_string,high,hvwrt,5,4,internal,r,n,3.1333333333333333,0.62334,r,1,996.97
831,2203,32203,104,33,3,pseudoword,high,frope,5,4,internal,p,d,5.096774193548387,0.48985,p,1,836.87
831,1128,31128,105,33,3,word,low,reef,4,4,external,f,d,1.4333333333333333,0.51654,d,0,1013.42
831,1122,31122,106,33,3,word,low,swag,4,4,external,g,n,1.7,0.55212,g,1,657.66
831,3114,33114,107,33,3,consonant_string,low,klpj,4,3,internal,p,s,1.2580645161290323,0.5767,p,1,1296.55
831,3134,33134,108,33,3,consonant_string,low,pfldr,5,4,internal,d,m,1.1333333333333333,0.58091,d,1,796.46
831,1134,31134,109,33,3,word,low,pride,5,4,internal,d,m,1.1333333333333333,0.58091,m,0,1087.36
831,3233,33233,110,33,3,consonant_string,high,vkdj,4,3,internal,d,c,3.566666666666667,0.66158,d,1,1486.96
831,2201,32201,112,33,3,pseudoword,high,snum,4,2,internal,n,h,5.533333333333333,0.86536,h,0,845.55
831,2239,32239,113,33,3,pseudoword,high,glot,4,4,external,t,r,3.3666666666666667,0.59892,t,1,1317.46
831,1142,31142,114,33,3,word,low,seal,4,4,external,l,m,1.0666666666666667,0.5113,l,1,528.69
831,2142,32142,115,33,3,pseudoword,low,drol,4,4,external,l,m,1.0666666666666667,0.5113,l,1,1585.57
831,1148,31148,116,33,3,word,low,sake,4,3,internal,k,g,1.1666666666666667,0.37222,k,1,739.18
831,1201,31201,117,33,3,word,high,snow,4,2,internal,n,h,5.533333333333333,0.86536,n,1,975.73
831,1235,31235,118,33,3,word,high,drab,4,4,external,b,g,3.533333333333333,0.46543,g,0,779.3
831,1239,31239,119,33,3,word,high,spat,4,4,external,t,r,3.3666666666666667,0.59892,t,1,962.85
831,3128,33128,120,33,3,consonant_string,low,vjnf,4,4,external,f,d,1.4333333333333333,0.51654,d,0,881.08
831,1213,31213,121,33,3,word,high,slab,4,4,external,b,p,5.066666666666666,0.70362,b,1,1371.66
831,3201,33201,123,33,3,consonant_string,high,znsq,4,2,internal,n,h,5.533333333333333,0.86536,h,0,1119.92
831,2223,32223,124,33,3,pseudoword,high,blug,4,4,external,g,p,4.5,0.55857,g,1,1564.19
831,1223,31223,125,33,3,word,high,flag,4,4,external,g,p,4.5,0.55857,g,1,604.44
831,2221,32221,126,33,3,pseudoword,high,quag,4,4,external,g,p,4.5,0.55857,g,1,951.32
831,3118,33118,127,33,3,consonant_string,low,zsmj,4,3,internal,m,l,1.0666666666666667,0.5113,l,0,1537.25
831,3203,33203,128,33,3,consonant_string,high,qsgpn,5,4,internal,p,d,5.096774193548387,0.48985,p,1,945.84
831,3138,33138,129,33,3,consonant_string,low,njtb,4,3,internal,t,m,1.0666666666666667,0.52674,t,1,629.73
831,3120,33120,130,33,3,consonant_string,low,pktv,4,3,internal,t,m,1.0666666666666667,0.52674,t,1,613.26
831,2247,32247,131,33,3,pseudoword,high,jile,4,3,internal,l,k,2.8,0.53572,l,1,626.47
831,2136,32136,132,33,3,pseudoword,low,plob,4,4,external,b,r,1.2666666666666666,0.51424,b,1,752.01
831,2110,32110,134,33,3,pseudoword,low,fard,4,4,external,d,k,1.3333333333333333,0.3996,d,1,745.87
831,1217,31217,135,33,3,word,high,scam,4,4,external,m,n,4.666666666666667,0.6574,m,1,660.76
831,1247,31247,136,33,3,word,high,bale,4,3,internal,l,k,2.8,0.53572,l,1,678.97
831,3229,33229,137,33,3,consonant_string,high,dtfh,4,3,internal,f,r,3.8,0.69632,r,0,848.52
831,3148,33148,138,33,3,consonant_string,low,dhkw,4,3,internal,k,g,1.1666666666666667,0.37222,k,1,623.4
831,2120,32120,139,33,3,pseudoword,low,wote,4,3,internal,t,m,1.0666666666666667,0.52674,t,1,550.6
831,3108,33108,140,33,3,consonant_string,low,cvsd,4,4,external,d,k,1.3333333333333333,0.3996,d,1,960.47
831,2209,32209,141,33,3,pseudoword,high,glod,4,4,external,d,p,5.096774193548387,0.48985,d,1,1072.71
831,3102,33102,142,33,3,consonant_string,low,knfc,4,2,internal,n,l,1.3666666666666667,0.46775,l,0,800.95
831,3136,33136,143,33,3,consonant_string,low,hfwb,4,4,external,b,r,1.2666666666666666,0.51424,r,0,1272.85
831,2134,32134,2,33,3,pseudoword,low,brode,5,4,internal,d,m,1.1333333333333333,0.58091,d,1,694.09
831,2205,32205,3,33,3,pseudoword,high,brupe,5,4,internal,p,d,5.096774193548387,0.48985,p,1,858.04
831,2132,32132,4,33,3,pseudoword,low,ghade,5,4,internal,d,r,1.3333333333333333,0.49182,d,1,685.19
831,3223,33223,5,33,3,consonant_string,high,vlbg,4,4,external,g,p,4.5,0.55857,g,1,605.74
831,2241,32241,6,33,3,pseudoword,high,bule,4,3,internal,l,r,3.2580645161290325,0.56415,l,1,1468.63
831,2144,32144,7,33,3,pseudoword,low,slone,5,4,internal,n,k,1.5333333333333334,0.52768,n,1,1320.91
831,1114,31114,8,33,3,word,low,rope,4,3,internal,p,s,1.2580645161290323,0.5767,p,1,684.15
831,2146,32146,9,33,3,pseudoword,low,proal,5,5,external,l,m,1.0666666666666667,0.5113,l,1,927.7
831,1140,31140,10,33,3,word,low,pole,4,3,internal,l,s,1.1,0.4218,l,1,712.25
831,2118,32118,11,33,3,pseudoword,low,vume,4,3,internal,m,l,1.0666666666666667,0.5113,m,1,638.47
831,3217,33217,13,33,3,consonant_string,high,htjm,4,4,external,m,n,4.666666666666667,0.6574,n,0,2281.06
831,2114,32114,14,33,3,pseudoword,low,dape,4,3,internal,p,s,1.2580645161290323,0.5767,p,1,927.71
831,1136,31136,15,33,3,word,low,stab,4,4,external,b,r,1.2666666666666666,0.51424,r,0,1136.28
831,3235,33235,16,33,3,consonant_string,high,mkrb,4,4,external,b,g,3.533333333333333,0.46543,b,1,513.84
831,2213,32213,17,33,3,pseudoword,high,nalb,4,4,external,b,p,5.066666666666666,0.70362,b,1,1007.05
831,1211,31211,18,33,3,word,high,lead,4,4,external,d,p,5.096774193548387,0.48985,d,1,502.93
831,2138,32138,19,33,3,pseudoword,low,jite,4,3,internal,t,m,1.0666666666666667,0.52674,t,1,687.79
831,2128,32128,20,33,3,pseudoword,low,goif,4,4,external,f,d,1.4333333333333333,0.51654,d,0,567.33
831,1138,31138,21,33,3,word,low,date,4,3,internal,t,m,1.0666666666666667,0.52674,m,0,560.53
831,2148,32148,22,33,3,pseudoword,low,zoke,4,3,internal,k,g,1.1666666666666667,0.37222,g,0,1063.75
831,2215,32215,24,33,3,pseudoword,high,gulm,4,4,external,m,n,4.666666666666667,0.6574,m,1,694.98
831,1104,31104,25,33,3,word,low,skid,4,4,external,d,m,1.1333333333333333,0.58091,d,1,924.86
831,3227,33227,26,33,3,consonant_string,high,bvcg,4,4,external,g,d,4.1,0.62488,d,0,1622.12
831,3132,33132,27,33,3,consonant_string,low,vzldb,5,4,internal,d,r,1.3333333333333333,0.49182,d,1,675.37
831,1219,31219,28,33,3,word,high,warm,4,4,external,m,n,4.666666666666667,0.6574,m,1,612.92
831,2116,32116,29,33,3,pseudoword,low,hime,4,3,internal,m,l,1.0666666666666667,0.5113,m,1,609.12
831,2102,32102,30,33,3,pseudoword,low,snad,4,2,internal,n,l,1.3666666666666667,0.46775,l,0,1517.36
831,1106,31106,31,33,3,word,low,stripe,6,5,internal,p,v,1.1333333333333333,0.49111,p,1,1199.62
831,3225,33225,32,33,3,consonant_string,high,fhgv,4,3,internal,g,d,4.1,0.62488,g,1,893.54
831,1205,31205,33,33,3,word,high,grape,5,4,internal,p,d,5.096774193548387,0.48985,p,1,1336.44
831,2207,32207,35,33,3,pseudoword,high,nood,4,4,external,d,p,5.096774193548387,0.48985,p,0,1109.05
831,1203,31203,36,33,3,word,high,shape,5,4,internal,p,d,5.096774193548387,0.48985,p,1,571.27
831,2140,32140,37,33,3,pseudoword,low,hule,4,3,internal,l,s,1.1,0.4218,l,1,707.47
831,3130,33130,38,33,3,consonant_string,low,czhf,4,4,external,f,p,1.6333333333333333,0.41008,p,0,910.36
831,2112,32112,39,33,3,pseudoword,low,glip,4,4,external,p,t,1.3333333333333333,0.53002,p,1,625.58
831,1221,31221,40,33,3,word,high,flog,4,4,external,g,p,4.5,0.55857,g,1,584.12
831,1241,31241,41,33,3,word,high,file,4,3,internal,l,r,3.2580645161290325,0.56415,l,1,1264.67
831,1233,31233,42,33,3,word,high,fade,4,3,internal,d,c,3.566666666666667,0.66158,d,1,1027.93
831,3112,33112,43,33,3,consonant_string,low,qmwp,4,4,external,p,t,1.3333333333333333,0.53002,p,1,685.49
831,1108,31108,44,33,3,word,low,hood,4,4,external,d,k,1.3333333333333333,0.3996,d,1,539.02
831,3209,33209,46,33,3,consonant_string,high,csbd,4,4,external,d,p,5.096774193548387,0.48985,d,1,511.54
831,2245,32245,47,33,3,pseudoword,high,swork,5,4,internal,r,n,3.1333333333333333,0.62334,n,0,599.72
831,1144,31144,48,33,3,word,low,stone,5,4,internal,n,k,1.5333333333333334,0.52768,k,0,1487.64
831,1110,31110,49,33,3,word,low,weed,4,4,external,d,k,1.3333333333333333,0.3996,d,1,711.23
831,3213,33213,50,33,3,consonant_string,high,rtcb,4,4,external,b,p,5.066666666666666,0.70362,b,1,795.44
832,3135,43135,0,33,4,consonant_string,low,mkrb,4,4,external,b,w,1.1,0.5109,w,0,1358.54
832,2143,42143,56,33,4,pseudoword,low,plur,4,4,external,r,d,1.3333333333333333,0.49182,d,0,1127.47
832,3206,43206,67,33,4,consonant_string,high,jbfzpq,6,5,internal,p,d,5.096774193548387,0.48985,p,1,2942.12
832,3240,43240,78,33,4,consonant_string,high,gtln,4,3,internal,l,r,3.2580645161290325,0.56415,r,0,2328.18
832,1129,41129,89,33,4,word,low,wife,4,3,internal,f,n,1.2,0.53217,n,0,1495.85
832,3115,43115,100,33,4,consonant_string,low,sfdm,4,4,external,m,t,1.0666666666666667,0.52674,t,0,2099.82
832,1232,41232,111,33,4,word,high,spade,5,4,internal,d,c,3.566666666666667,0.66158,d,1,1214.8
832,1113,41113,122,33,4,word,low,slab,4,4,external,b,m,1.2333333333333334,0.5784,b,1,729.03
832,3103,43103,133,33,4,consonant_string,low,qsgpn,5,4,internal,p,v,1.1333333333333333,0.49111,p,1,829.58
832,2145,42145,1,33,4,pseudoword,low,swork,5,4,internal,r,c,1.4,0.55867,r,1,1487.17
832,1246,41246,12,33,4,word,high,steal,5,5,external,l,k,2.8,0.53572,k,0,1106.76
832,3220,43220,23,33,4,consonant_string,high,pktv,4,3,internal,t,l,4.5,0.47576,l,0,1975.71
832,3238,43238,34,33,4,consonant_string,high,njtb,4,3,internal,t,r,3.3666666666666667,0.59892,r,0,952.34
832,1218,41218,45,33,4,word,high,home,4,3,internal,m,n,4.666666666666667,0.6574,m,1,1325.25
832,2240,42240,51,33,4,pseudoword,high,hule,4,3,internal,l,r,3.2580645161290325,0.56415,r,0,898.84
832,2103,42103,52,33,4,pseudoword,low,frope,5,4,internal,p,v,1.1333333333333333,0.49111,p,1,956.73
832,1226,41226,53,33,4,word,high,bang,4,4,external,g,d,4.1,0.62488,g,1,1051.63
832,3248,43248,54,33,4,consonant_string,high,dhkw,4,3,internal,k,l,2.8,0.53572,l,0,1777.58
832,2208,42208,55,33,4,pseudoword,high,vild,4,4,external,d,p,5.096774193548387,0.48985,d,1,1111.19
832,1242,41242,57,33,4,word,high,seal,4,4,external,l,r,3.2580645161290325,0.56415,l,1,1151.43
832,2216,42216,58,33,4,pseudoword,high,hime,4,3,internal,m,n,4.666666666666667,0.6574,m,1,1442.37
832,1127,41127,59,33,4,word,low,wing,4,4,external,g,k,1.1666666666666667,0.37222,g,1,1742.32
832,3117,43117,60,33,4,consonant_string,low,htjm,4,4,external,m,b,1.2333333333333334,0.5784,m,1,1380.28
832,2234,42234,61,33,4,pseudoword,high,brode,5,4,internal,d,c,3.566666666666667,0.66158,d,1,923.87
832,3202,43202,62,33,4,consonant_string,high,knfc,4,2,internal,n,h,5.533333333333333,0.86536,h,0,1280.12
832,2111,42111,63,33,4,pseudoword,low,zoud,4,4,external,d,k,1.3333333333333333,0.3996,d,1,1269.71
832,2244,42244,64,33,4,pseudoword,high,slone,5,4,internal,n,r,3.1333333333333333,0.62334,r,0,1445.99
832,2202,42202,65,33,4,pseudoword,high,snad,4,2,internal,n,h,5.533333333333333,0.86536,h,0,1226.92
832,3242,43242,66,33,4,consonant_string,high,wktl,4,4,external,l,r,3.2580645161290325,0.56415,l,1,1266.51
832,3139,43139,68,33,4,consonant_string,low,mvjt,4,4,external,t,n,1.1,0.6011,n,0,1018.76
832,1212,41212,69,33,4,word,high,grip,4,4,external,p,d,5.096774193548387,0.48985,d,0,1332.02
832,1208,41208,70,33,4,word,high,hood,4,4,external,d,p,5.096774193548387,0.48985,d,1,1777.63
832,3236,43236,71,33,4,consonant_string,high,hfwb,4,4,external,b,g,3.533333333333333,0.46543,g,0,2569.31
832,1220,41220,72,33,4,word,high,gate,4,3,internal,t,l,4.5,0.47576,t,1,1353.65
832,3131,43131,73,33,4,consonant_string,low,gjwds,5,4,internal,d,m,1.1333333333333333,0.58091,d,1,1621.59
832,2117,42117,74,33,4,pseudoword,low,plim,4,4,external,m,b,1.2333333333333334,0.5784,b,0,1405.88
832,2123,42123,75,33,4,pseudoword,low,blug,4,4,external,g,t,1.1333333333333333,0.44178,g,1,1113.82
832,1222,41222,76,33,4,word,high,swag,4,4,external,g,p,4.5,0.55857,g,1,1020.06
832,1135,41135,77,33,4,word,low,drab,4,4,external,b,w,1.1,0.5109,b,1,867.29
832,1216,41216,79,33,4,word,high,mime,4,3,internal,m,n,4.666666666666667,0.6574,n,0,1531.54
832,1107,41107,80,33,4,word,low,read,4,4,external,d,r,1.3333333333333333,0.49182,d,1,896.13
832,1119,41119,81,33,4,word,low,warm,4,4,external,m,t,1.0666666666666667,0.52674,m,1,906.03
832,3232,43232,82,33,4,consonant_string,high,vzldb,5,4,internal,d,c,3.566666666666667,0.66158,d,1,925.92
832,3212,43212,83,33,4,consonant_string,high,qmwp,4,4,external,p,d,5.096774193548387,0.48985,p,1,1406.5
832,3145,43145,84,33,4,consonant_string,low,hvwrt,5,4,internal,r,c,1.4,0.55867,r,1,2168.48
832,3107,43107,85,33,4,consonant_string,low,qvsd,4,4,external,d,r,1.3333333333333333,0.49182,d,1,1565.8
832,2246,42246,86,33,4,pseudoword,high,proal,5,5,external,l,k,2.8,0.53572,k,0,1051.07
832,1228,41228,87,33,4,word,high,reef,4,4,external,f,l,4.033333333333333,0.60982,f,1,2027.01
832,1139,41139,88,33,4,word,low,spat,4,4,external,t,n,1.1,0.6011,t,1,939.31
832,2226,42226,90,33,4,pseudoword,high,yeng,4,4,external,g,d,4.1,0.62488,g,1,705.86
832,3101,43101,91,33,4,consonant_string,low,znsq,4,2,internal,n,t,1.1,0.6011,t,0,2077.79
832,2232,42232,92,33,4,pseudoword,high,ghade,5,4,internal,d,c,3.566666666666667,0.66158,d,1,1364.43
832,3141,43141,93,33,4,consonant_string,low,pqlt,4,3,internal,l,n,1.3666666666666667,0.46775,l,1,2898.76
832,3226,43226,94,33,4,consonant_string,high,lqvg,4,4,external,g,d,4.1,0.62488,d,0,2007.81
832,3230,43230,95,33,4,consonant_string,high,czhf,4,4,external,f,r,3.8,0.69632,r,0,1449.12
832,2242,42242,96,33,4,pseudoword,high,drol,4,4,external,l,r,3.2580645161290325,0.56415,r,0,2842.12
832,2115,42115,97,33,4,pseudoword,low,gulm,4,4,external,m,t,1.0666666666666667,0.52674,m,1,1256.14
832,2113,42113,98,33,4,pseudoword,low,nalb,4,4,external,b,m,1.2333333333333334,0.5784,m,0,1525.07
832,1109,41109,99,33,4,word,low,seed,4,4,external,d,m,1.1333333333333333,0.58091,d,1,809.34
832,3216,43216,101,33,4,consonant_string,high,fsmt,4,3,internal,m,n,4.666666666666667,0.6574,n,0,2241.6
832,3105,43105,102,33,4,consonant_string,low,fcmpk,5,4,internal,p,v,1.1333333333333333,0.49111,p,1,1173.58
832,2119,42119,103,33,4,pseudoword,low,chom,4,4,external,m,t,1.0666666666666667,0.52674,m,1,1345.84
832,2107,42107,104,33,4,pseudoword,low,nood,4,4,external,d,r,1.3333333333333333,0.49182,d,1,1504.78
832,3127,43127,105,33,4,consonant_string,low,bvcg,4,4,external,g,k,1.1666666666666667,0.37222,k,0,1773.75
832,3111,43111,106,33,4,consonant_string,low,srfd,4,4,external,d,k,1.3333333333333333,0.3996,d,1,954.01
832,3214,43214,107,33,4,consonant_string,high,klpj,4,3,internal,p,b,5.066666666666666,0.70362,b,0,3355.01
832,2105,42105,108,33,4,pseudoword,low,brupe,5,4,internal,p,v,1.1333333333333333,0.49111,p,1,832.04
832,1214,41214,109,33,4,word,high,rope,4,3,internal,p,b,5.066666666666666,0.70362,p,1,1189.6
832,3109,43109,110,33,4,consonant_string,low,csbd,4,4,external,d,m,1.1333333333333333,0.58091,m,0,2075.23
832,3218,43218,112,33,4,consonant_string,high,zsmj,4,3,internal,m,n,4.666666666666667,0.6574,n,0,1576.88
832,1133,41133,113,33,4,word,low,fade,4,3,internal,d,z,1.2333333333333334,0.52841,d,1,970.48
832,3113,43113,114,33,4,consonant_string,low,rtcb,4,4,external,b,m,1.2333333333333334,0.5784,m,0,2400.77
832,2214,42214,115,33,4,pseudoword,high,dape,4,3,internal,p,b,5.066666666666666,0.70362,p,1,1072.66
832,1125,41125,116,33,4,word,low,wage,4,3,internal,g,k,1.1666666666666667,0.37222,g,1,891.9
832,2109,42109,117,33,4,pseudoword,low,glod,4,4,external,d,m,1.1333333333333333,0.58091,d,1,1045.8
832,1210,41210,118,33,4,word,high,weed,4,4,external,d,p,5.096774193548387,0.48985,d,1,767.69
832,1147,41147,119,33,4,word,low,bale,4,3,internal,l,s,1.1,0.4218,l,1,2580.97
832,3123,43123,120,33,4,consonant_string,low,vlbg,4,4,external,g,t,1.1333333333333333,0.44178,g,1,885.62
832,2204,42204,121,33,4,pseudoword,high,swed,4,4,external,d,p,5.096774193548387,0.48985,d,1,882.18
832,1206,41206,123,33,4,word,high,stripe,6,5,internal,p,d,5.096774193548387,0.48985,d,0,1869.78
832,3244,43244,124,33,4,consonant_string,high,qjfnd,5,4,internal,n,r,3.1333333333333333,0.62334,n,1,1807.09
832,2147,42147,125,33,4,pseudoword,low,jile,4,3,internal,l,s,1.1,0.4218,l,1,1255.05
832,2141,42141,126,33,4,pseudoword,low,bule,4,3,internal,l,n,1.3666666666666667,0.46775,l,1,1396.98
832,1143,41143,127,33,4,word,low,moor,4,4,external,r,d,1.3333333333333333,0.49182,d,0,797.9
832,2230,42230,128,33,4,pseudoword,high,zeaf,4,4,external,f,r,3.8,0.69632,r,0,1545.85
832,3210,43210,129,33,4,consonant_string,high,lsbd,4,4,external,d,p,5.096774193548387,0.48985,d,1,2425.8
832,1103,41103,130,33,4,word,low,shape,5,4,internal,p,v,1.1333333333333333,0.49111,p,1,887.44
832,2206,42206,131,33,4,pseudoword,high,strepe,6,5,internal,p,d,5.096774193548387,0.48985,d,0,845.0
832,2121,42121,132,33,4,pseudoword,low,quag,4,4,external,g,w,1.1666666666666667,0.52446,g,1,1695.25
832,3143,43143,134,33,4,consonant_string,low,fbvr,4,4,external,r,d,1.3333333333333333,0.49182,r,1,1433.22
832,2224,42224,135,33,4,pseudoword,high,jote,4,3,internal,t,l,4.5,0.47576,l,0,2422.86
832,2238,42238,136,33,4,pseudoword,high,jite,4,3,internal,t,r,3.3666666666666667,0.59892,t,1,1350.19
832,3222,43222,137,33,4,consonant_string,high,wbjg,4,4,external,g,p,4.5,0.55857,p,0,1563.14
832,2212,42212,138,33,4,pseudoword,high,glip,4,4,external,p,d,5.096774193548387,0.48985,p,1,924.41
832,3119,43119,139,33,4,consonant_string,low,gjkm,4,4,external,m,t,1.0666666666666667,0.52674,t,0,2250.67
832,3125,43125,140,33,4,consonant_string,low,fhgv,4,3,internal,g,k,1.1666666666666667,0.37222,g,1,1633.67
832,1123,41123,141,33,4,word,low,flag,4,4,external,g,t,1.1333333333333333,0.44178,g,1,897.28
832,2101,42101,142,33,4,pseudoword,low,snum,4,2,internal,n,t,1.1,0.6011,t,0,1754.2
832,2127,42127,143,33,4,pseudoword,low,reng,4,4,external,g,k,1.1666666666666667,0.37222,g,1,1144.15
832,3208,43208,2,33,4,consonant_string,high,cvsd,4,4,external,d,p,5.096774193548387,0.48985,d,1,1453.08
832,3228,43228,3,33,4,consonant_string,high,vjnf,4,4,external,f,l,4.033333333333333,0.60982,l,0,1876.04
832,3129,43129,4,33,4,consonant_string,low,dtfh,4,3,internal,f,n,1.2,0.53217,n,0,2022.7
832,1145,41145,5,33,4,word,low,spire,5,4,internal,r,c,1.4,0.55867,r,1,1070.0
832,2220,42220,6,33,4,pseudoword,high,wote,4,3,internal,t,l,4.5,0.47576,t,1,1485.26
832,1101,41101,7,33,4,word,low,snow,4,2,internal,n,t,1.1,0.6011,n,1,1287.86
832,2129,42129,8,33,4,pseudoword,low,vofe,4,3,internal,f,n,1.2,0.53217,f,1,3039.52
832,2131,42131,9,33,4,pseudoword,low,spode,5,4,internal,d,m,1.1333333333333333,0.58091,d,1,2983.28
832,1224,41224,10,33,4,word,high,bite,4,3,internal,t,l,4.5,0.47576,t,1,624.95
832,2125,42125,11,33,4,pseudoword,low,jege,4,3,internal,g,k,1.1666666666666667,0.37222,k,0,2554.23
832,1230,41230,13,33,4,word,high,beef,4,4,external,f,r,3.8,0.69632,f,1,2317.26
832,1111,41111,14,33,4,word,low,lead,4,4,external,d,k,1.3333333333333333,0.3996,d,1,865.57
832,1234,41234,15,33,4,word,high,pride,5,4,internal,d,c,3.566666666666667,0.66158,d,1,915.8
832,3246,43246,16,33,4,consonant_string,high,bfnsl,5,5,external,l,k,2.8,0.53572,l,1,2451.07
832,1121,41121,17,33,4,word,low,flog,4,4,external,g,w,1.1666666666666667,0.52446,g,1,834.06
832,2139,42139,18,33,4,pseudoword,low,glot,4,4,external,t,n,1.1,0.6011,t,1,1576.64
832,2236,42236,19,33,4,pseudoword,high,plob,4,4,external,b,g,3.533333333333333,0.46543,g,0,3837.34
832,2210,42210,20,33,4,pseudoword,high,fard,4,4,external,d,p,5.096774193548387,0.48985,d,1,3854.19
832,1115,41115,21,33,4,word,low,beam,4,4,external,m,t,1.0666666666666667,0.52674,m,1,1782.27
832,2222,42222,22,33,4,pseudoword,high,sleg,4,4,external,g,p,4.5,0.55857,p,0,2637.96
832,1238,41238,24,33,4,word,high,date,4,3,internal,t,r,3.3666666666666667,0.59892,t,1,1116.62
832,2137,42137,25,33,4,pseudoword,low,blaw,4,4,external,w,p,1.1666666666666667,0.53452,w,1,1282.87
832,1141,41141,26,33,4,word,low,file,4,3,internal,l,n,1.3666666666666667,0.46775,l,1,1198.46
832,1240,41240,27,33,4,word,high,pole,4,3,internal,l,r,3.2580645161290325,0.56415,l,1,773.38
832,1137,41137,28,33,4,word,low,stew,4,4,external,w,p,1.1666666666666667,0.53452,p,0,1608.63
832,3224,43224,29,33,4,consonant_string,high,gpts,4,3,internal,t,l,4.5,0.47576,t,1,2494.62
832,2218,42218,30,33,4,pseudoword,high,vume,4,3,internal,m,n,4.666666666666667,0.6574,n,0,1298.61
832,1236,41236,31,33,4,word,high,stab,4,4,external,b,g,3.533333333333333,0.46543,b,1,1238.53
832,1248,41248,32,33,4,word,high,sake,4,3,internal,k,l,2.8,0.53572,k,1,827.11
832,3147,43147,33,33,4,consonant_string,low,gnlt,4,3,internal,l,s,1.1,0.4218,l,1,884.67
832,3204,43204,35,33,4,consonant_string,high,htwd,4,4,external,d,p,5.096774193548387,0.48985,d,1,2834.3
832,3234,43234,36,33,4,consonant_string,high,pfldr,5,4,internal,d,c,3.566666666666667,0.66158,d,1,765.97
832,2135,42135,37,33,4,pseudoword,low,frab,4,4,external,b,w,1.1,0.5109,b,1,1919.22
832,1204,41204,38,33,4,word,high,skid,4,4,external,d,p,5.096774193548387,0.48985,d,1,1675.54
832,1244,41244,39,33,4,word,high,stone,5,4,internal,n,r,3.1333333333333333,0.62334,n,1,647.13
832,3137,43137,40,33,4,consonant_string,low,gbcw,4,4,external,w,p,1.1666666666666667,0.53452,w,1,958.0
832,3133,43133,41,33,4,consonant_string,low,vkdj,4,3,internal,d,z,1.2333333333333334,0.52841,d,1,1760.27
832,2248,42248,42,33,4,pseudoword,high,zoke,4,3,internal,k,l,2.8,0.53572,k,1,679.54
832,1202,41202,43,33,4,word,high,snip,4,2,internal,n,h,5.533333333333333,0.86536,n,1,1202.1
832,1131,41131,44,33,4,word,low,slide,5,4,internal,d,m,1.1333333333333333,0.58091,d,1,757.01
832,1105,41105,46,33,4,word,low,grape,5,4,internal,p,v,1.1333333333333333,0.49111,p,1,1125.89
832,2133,42133,47,33,4,pseudoword,low,kide,4,3,internal,d,z,1.2333333333333334,0.52841,d,1,767.47
832,1117,41117,48,33,4,word,low,scam,4,4,external,m,b,1.2333333333333334,0.5784,m,1,780.68
832,3121,43121,49,33,4,consonant_string,low,fqcg,4,4,external,g,w,1.1666666666666667,0.52446,g,1,1554.25
832,2228,42228,50,33,4,pseudoword,high,goif,4,4,external,f,l,4.033333333333333,0.60982,f,1,945.19
833,3207,13207,0,83,1,consonant_string,high,qvsd,4,4,external,d,p,5.096774193548387,0.48985,d,1,639.45
833,2138,12138,56,83,1,pseudoword,low,jite,4,3,internal,t,m,1.0666666666666667,0.52674,t,1,681.0
833,1221,11221,67,83,1,word,high,flog,4,4,external,g,p,4.5,0.55857,g,1,778.55
833,3213,13213,78,83,1,consonant_string,high,rtcb,4,4,external,b,p,5.066666666666666,0.70362,b,1,519.09
833,2142,12142,89,83,1,pseudoword,low,drol,4,4,external,l,m,1.0666666666666667,0.5113,l,1,491.29
833,1118,11118,100,83,1,word,low,home,4,3,internal,m,l,1.0666666666666667,0.5113,m,1,601.16
833,2207,12207,111,83,1,pseudoword,high,nood,4,4,external,d,p,5.096774193548387,0.48985,d,1,619.02
833,2108,12108,122,83,1,pseudoword,low,vild,4,4,external,d,k,1.3333333333333333,0.3996,d,1,617.24
833,2134,12134,133,83,1,pseudoword,low,brode,5,4,internal,d,m,1.1333333333333333,0.58091,d,1,640.44
833,2205,12205,1,83,1,pseudoword,high,brupe,5,4,internal,p,d,5.096774193548387,0.48985,p,1,488.98
833,3211,13211,12,83,1,consonant_string,high,srfd,4,4,external,d,p,5.096774193548387,0.48985,p,0,649.52
833,3144,13144,23,83,1,consonant_string,low,qjfnd,5,4,internal,n,k,1.5333333333333334,0.52768,k,0,469.38
833,1241,11241,34,83,1,word,high,file,4,3,internal,l,r,3.2580645161290325,0.56415,l,1,680.58
833,3245,13245,45,83,1,consonant_string,high,hvwrt,5,4,internal,r,n,3.1333333333333333,0.62334,r,1,784.13
833,1116,11116,51,83,1,word,low,mime,4,3,internal,m,l,1.0666666666666667,0.5113,l,0,572.67
833,3122,13122,52,83,1,consonant_string,low,wbjg,4,4,external,g,n,1.7,0.55212,g,1,477.87
833,3112,13112,53,83,1,consonant_string,low,qmwp,4,4,external,p,t,1.3333333333333333,0.53002,t,0,539.4
833,3231,13231,54,83,1,consonant_string,high,gjwds,5,4,internal,d,c,3.566666666666667,0.66158,d,1,717.94
833,2116,12116,55,83,1,pseudoword,low,hime,4,3,internal,m,l,1.0666666666666667,0.5113,m,1,508.15
833,1205,11205,57,83,1,word,high,grape,5,4,internal,p,d,5.096774193548387,0.48985,p,1,508.01
833,2110,12110,58,83,1,pseudoword,low,fard,4,4,external,d,k,1.3333333333333333,0.3996,d,1,966.24
833,1201,11201,59,83,1,word,high,snow,4,2,internal,n,h,5.533333333333333,0.86536,n,1,806.46
833,3233,13233,60,83,1,consonant_string,high,vkdj,4,3,internal,d,c,3.566666666666667,0.66158,d,1,729.33
833,1235,11235,61,83,1,word,high,drab,4,4,external,b,g,3.533333333333333,0.46543,b,1,665.9
833,1217,11217,62,83,1,word,high,scam,4,4,external,m,n,4.666666666666667,0.6574,m,1,497.1
833,3108,13108,63,83,1,consonant_string,low,cvsd,4,4,external,d,k,1.3333333333333333,0.3996,k,0,590.97
833,1134,11134,64,83,1,word,low,pride,5,4,internal,d,m,1.1333333333333333,0.58091,d,1,496.5
833,2243,12243,65,83,1,pseudoword,high,plur,4,4,external,r,n,3.1333333333333333,0.62334,r,1,653.38
833,1239,11239,66,83,1,word,high,spat,4,4,external,t,r,3.3666666666666667,0.59892,t,1,647.24
833,3136,13136,68,83,1,consonant_string,low,hfwb,4,4,external,b,r,1.2666666666666666,0.51424,b,1,454.11
833,2132,12132,69,83,1,pseudoword,low,ghade,5,4,internal,d,r,1.3333333333333333,0.49182,r,0,371.97
833,1138,11138,70,83,1,word,low,date,4,3,internal,t,m,1.0666666666666667,0.52674,m,0,422.15
833,2112,12112,71,83,1,pseudoword,low,glip,4,4,external,p,t,1.3333333333333333,0.53002,p,1,694.35
833,3217,13217,72,83,1,consonant_string,high,htjm,4,4,external,m,n,4.666666666666667,0.6574,m,1,534.22
833,1148,11148,73,83,1,word,low,sake,4,3,internal,k,g,1.1666666666666667,0.37222,k,1,421.75
833,1126,11126,74,83,1,word,low,bang,4,4,external,g,k,1.1666666666666667,0.37222,g,1,472.94
833,3134,13134,75,83,1,consonant_string,low,pfldr,5,4,internal,d,m,1.1333333333333333,0.58091,d,1,601.14
833,2106,12106,76,83,1,pseudoword,low,strepe,6,5,internal,p,v,1.1333333333333333,0.49111,p,1,492.01
833,1237,11237,77,83,1,word,high,stew,4,4,external,w,m,3.4,0.62127,w,1,694.87
833,1227,11227,79,83,1,word,high,wing,4,4,external,g,d,4.1,0.62488,g,1,559.75
833,3130,13130,80,83,1,consonant_string,low,czhf,4,4,external,f,p,1.6333333333333333,0.41008,p,0,439.95
833,2239,12239,81,83,1,pseudoword,high,glot,4,4,external,t,r,3.3666666666666667,0.59892,t,1,539.47
833,2223,12223,82,83,1,pseudoword,high,blug,4,4,external,g,p,4.5,0.55857,p,0,457.0
833,1122,11122,83,83,1,word,low,swag,4,4,external,g,n,1.7,0.55212,g,1,543.87
833,1106,11106,84,83,1,word,low,stripe,6,5,internal,p,v,1.1333333333333333,0.49111,p,1,462.72
833,3243,13243,85,83,1,consonant_string,high,fbvr,4,4,external,r,n,3.1333333333333333,0.62334,r,1,677.93
833,2241,12241,86,83,1,pseudoword,high,bule,4,3,internal,l,r,3.2580645161290325,0.56415,r,0,498.46
833,1132,11132,87,83,1,word,low,spade,5,4,internal,d,r,1.3333333333333333,0.49182,r,0,416.32
833,2148,12148,88,83,1,pseudoword,low,zoke,4,3,internal,k,g,1.1666666666666667,0.37222,k,1,508.51
833,2247,12247,90,83,1,pseudoword,high,jile,4,3,internal,l,k,2.8,0.53572,l,1,698.39
833,1247,11247,91,83,1,word,high,bale,4,3,internal,l,k,2.8,0.53572,k,0,701.26
833,1209,11209,92,83,1,word,high,seed,4,4,external,d,p,5.096774193548387,0.48985,p,0,614.14
833,3106,13106,93,83,1,consonant_string,low,jbfzpq,6,5,internal,p,v,1.1333333333333333,0.49111,p,1,410.34
833,2229,12229,94,83,1,pseudoword,high,vofe,4,3,internal,f,r,3.8,0.69632,r,0,456.53
833,1203,11203,95,83,1,word,high,shape,5,4,internal,p,d,5.096774193548387,0.48985,p,1,423.39
833,3237,13237,96,83,1,consonant_string,high,gbcw,4,4,external,w,m,3.4,0.62127,w,1,511.57
833,2146,12146,97,83,1,pseudoword,low,proal,5,5,external,l,m,1.0666666666666667,0.5113,m,0,422.76
833,2235,12235,98,83,1,pseudoword,high,frab,4,4,external,b,g,3.533333333333333,0.46543,b,1,740.97
833,3128,13128,99,83,1,consonant_string,low,vjnf,4,4,external,f,d,1.4333333333333333,0.51654,d,0,531.52
833,2140,12140,101,83,1,pseudoword,low,hule,4,3,internal,l,s,1.1,0.4218,s,0,493.04
833,2209,12209,102,83,1,pseudoword,high,glod,4,4,external,d,p,5.096774193548387,0.48985,p,0,614.91
833,3132,13132,103,83,1,consonant_string,low,vzldb,5,4,internal,d,r,1.3333333333333333,0.49182,d,1,457.11
833,2225,12225,104,83,1,pseudoword,high,jege,4,3,internal,g,d,4.1,0.62488,g,1,508.97
833,1215,11215,105,83,1,word,high,beam,4,4,external,m,n,4.666666666666667,0.6574,m,1,473.16
833,1114,11114,106,83,1,word,low,rope,4,3,internal,p,s,1.2580645161290323,0.5767,p,1,556.36
833,1136,11136,107,83,1,word,low,stab,4,4,external,b,r,1.2666666666666666,0.51424,b,1,585.22
833,2221,12221,108,83,1,pseudoword,high,quag,4,4,external,g,p,4.5,0.55857,g,1,474.76
833,2120,12120,109,83,1,pseudoword,low,wote,4,3,internal,t,m,1.0666666666666667,0.52674,t,1,468.95
833,1223,11223,110,83,1,word,high,flag,4,4,external,g,p,4.5,0.55857,g,1,453.14
833,3221,13221,112,83,1,consonant_string,high,fqcg,4,4,external,g,p,4.5,0.55857,g,1,568.01
833,2217,12217,113,83,1,pseudoword,high,plim,4,4,external,m,n,4.666666666666667,0.6574,m,1,609.21
833,2122,12122,114,83,1,pseudoword,low,sleg,4,4,external,g,n,1.7,0.55212,g,1,546.41
833,3241,13241,115,83,1,consonant_string,high,pqlt,4,3,internal,l,r,3.2580645161290325,0.56415,r,0,371.19
833,1120,11120,116,83,1,word,low,gate,4,3,internal,t,m,1.0666666666666667,0.52674,t,1,455.38
833,3247,13247,117,83,1,consonant_string,high,gnlt,4,3,internal,l,k,2.8,0.53572,k,0,386.23
833,3201,13201,118,83,1,consonant_string,high,znsq,4,2,internal,n,h,5.533333333333333,0.86536,h,0,528.76
833,1108,11108,119,83,1,word,low,hood,4,4,external,d,k,1.3333333333333333,0.3996,d,1,444.29
833,3215,13215,120,83,1,consonant_string,high,sfdm,4,4,external,m,n,4.666666666666667,0.6574,m,1,502.15
833,1130,11130,121,83,1,word,low,beef,4,4,external,f,p,1.6333333333333333,0.41008,p,0,571.01
833,3239,13239,123,83,1,consonant_string,high,mvjt,4,4,external,t,r,3.3666666666666667,0.59892,r,0,653.22
833,1219,11219,124,83,1,word,high,warm,4,4,external,m,n,4.666666666666667,0.6574,n,0,1036.1
833,3110,13110,125,83,1,consonant_string,low,lsbd,4,4,external,d,k,1.3333333333333333,0.3996,d,1,638.67
833,2124,12124,126,83,1,pseudoword,low,jote,4,3,internal,t,d,1.3666666666666667,0.47786,t,1,865.22
833,1225,11225,127,83,1,word,high,wage,4,3,internal,g,d,4.1,0.62488,g,1,618.44
833,2118,12118,128,83,1,pseudoword,low,vume,4,3,internal,m,l,1.0666666666666667,0.5113,m,1,1126.67
833,1142,11142,129,83,1,word,low,seal,4,4,external,l,m,1.0666666666666667,0.5113,l,1,527.24
833,2233,12233,130,83,1,pseudoword,high,kide,4,3,internal,d,c,3.566666666666667,0.66158,d,1,513.76
833,3138,13138,131,83,1,consonant_string,low,njtb,4,3,internal,t,m,1.0666666666666667,0.52674,t,1,503.96
833,2215,12215,132,83,1,pseudoword,high,gulm,4,4,external,m,n,4.666666666666667,0.6574,n,0,730.83
833,3102,13102,134,83,1,consonant_string,low,knfc,4,2,internal,n,l,1.3666666666666667,0.46775,n,1,585.38
833,2237,12237,135,83,1,pseudoword,high,blaw,4,4,external,w,m,3.4,0.62127,m,0,1035.93
833,1124,11124,136,83,1,word,low,bite,4,3,internal,t,d,1.3666666666666667,0.47786,t,1,484.49
833,1213,11213,137,83,1,word,high,slab,4,4,external,b,p,5.066666666666666,0.70362,b,1,622.02
833,3229,13229,138,83,1,consonant_string,high,dtfh,4,3,internal,f,r,3.8,0.69632,r,0,455.22
833,3140,13140,139,83,1,consonant_string,low,gtln,4,3,internal,l,s,1.1,0.4218,l,1,387.75
833,3104,13104,140,83,1,consonant_string,low,htwd,4,4,external,d,m,1.1333333333333333,0.58091,d,1,441.6
833,3142,13142,141,83,1,consonant_string,low,wktl,4,4,external,l,m,1.0666666666666667,0.5113,l,1,504.45
833,2245,12245,142,83,1,pseudoword,high,swork,5,4,internal,r,n,3.1333333333333333,0.62334,r,1,660.32
833,2128,12128,143,83,1,pseudoword,low,goif,4,4,external,f,d,1.4333333333333333,0.51654,d,0,784.55
833,2231,12231,2,83,1,pseudoword,high,spode,5,4,internal,d,c,3.566666666666667,0.66158,d,1,715.1
833,3116,13116,3,83,1,consonant_string,low,fsmt,4,3,internal,m,l,1.0666666666666667,0.5113,l,0,583.3
833,1243,11243,4,83,1,word,high,moor,4,4,external,r,n,3.1333333333333333,0.62334,r,1,536.84
833,2211,12211,5,83,1,pseudoword,high,zoud,4,4,external,d,p,5.096774193548387,0.48985,d,1,620.38
833,3126,13126,6,83,1,consonant_string,low,lqvg,4,4,external,g,k,1.1666666666666667,0.37222,g,1,455.57
833,2126,12126,7,83,1,pseudoword,low,yeng,4,4,external,g,k,1.1666666666666667,0.37222,g,1,544.43
833,3148,13148,8,83,1,consonant_string,low,dhkw,4,3,internal,k,g,1.1666666666666667,0.37222,k,1,585.3
833,1140,11140,9,83,1,word,low,pole,4,3,internal,l,s,1.1,0.4218,l,1,1062.86
833,1233,11233,10,83,1,word,high,fade,4,3,internal,d,c,3.566666666666667,0.66158,d,1,624.09
833,3120,13120,11,83,1,consonant_string,low,pktv,4,3,internal,t,m,1.0666666666666667,0.52674,t,1,758.3
833,2203,12203,13,83,1,pseudoword,high,frope,5,4,internal,p,d,5.096774193548387,0.48985,d,0,479.52
833,3114,13114,14,83,1,consonant_string,low,klpj,4,3,internal,p,s,1.2580645161290323,0.5767,s,0,385.03
833,2102,12102,15,83,1,pseudoword,low,snad,4,2,internal,n,l,1.3666666666666667,0.46775,l,0,661.57
833,1128,11128,16,83,1,word,low,reef,4,4,external,f,d,1.4333333333333333,0.51654,f,1,882.79
833,1102,11102,17,83,1,word,low,snip,4,2,internal,n,l,1.3666666666666667,0.46775,n,1,615.34
833,3146,13146,18,83,1,consonant_string,low,bfnsl,5,5,external,l,m,1.0666666666666667,0.5113,l,1,508.54
833,2130,12130,19,83,1,pseudoword,low,zeaf,4,4,external,f,p,1.6333333333333333,0.41008,f,1,844.42
833,1211,11211,20,83,1,word,high,lead,4,4,external,d,p,5.096774193548387,0.48985,d,1,515.3
833,1207,11207,21,83,1,word,high,read,4,4,external,d,p,5.096774193548387,0.48985,d,1,515.49
833,2213,12213,22,83,1,pseudoword,high,nalb,4,4,external,b,p,5.066666666666666,0.70362,b,1,618.7
833,1229,11229,24,83,1,word,high,wife,4,3,internal,f,r,3.8,0.69632,f,1,1015.92
833,1104,11104,25,83,1,word,low,skid,4,4,external,d,m,1.1333333333333333,0.58091,d,1,716.15
833,2201,12201,26,83,1,pseudoword,high,snum,4,2,internal,n,h,5.533333333333333,0.86536,n,1,847.37
833,2136,12136,27,83,1,pseudoword,low,plob,4,4,external,b,r,1.2666666666666666,0.51424,b,1,502.26
833,2114,12114,28,83,1,pseudoword,low,dape,4,3,internal,p,s,1.2580645161290323,0.5767,p,1,489.11
833,3118,13118,29,83,1,consonant_string,low,zsmj,4,3,internal,m,l,1.0666666666666667,0.5113,l,0,565.65
833,2144,12144,30,83,1,pseudoword,low,slone,5,4,internal,n,k,1.5333333333333334,0.52768,n,1,594.84
833,3235,13235,31,83,1,consonant_string,high,mkrb,4,4,external,b,g,3.533333333333333,0.46543,b,1,463.72
833,1144,11144,32,83,1,word,low,stone,5,4,internal,n,k,1.5333333333333334,0.52768,n,1,510.91
833,1245,11245,33,83,1,word,high,spire,5,4,internal,r,n,3.1333333333333333,0.62334,r,1,557.11
833,2104,12104,35,83,1,pseudoword,low,swed,4,4,external,d,m,1.1333333333333333,0.58091,m,0,788.99
833,3205,13205,36,83,1,consonant_string,high,fcmpk,5,4,internal,p,d,5.096774193548387,0.48985,d,0,497.53
833,1146,11146,37,83,1,word,low,steal,5,5,external,l,m,1.0666666666666667,0.5113,l,1,747.4
833,1112,11112,38,83,1,word,low,grip,4,4,external,p,t,1.3333333333333333,0.53002,p,1,509.28
833,3223,13223,39,83,1,consonant_string,high,vlbg,4,4,external,g,p,4.5,0.55857,g,1,499.47
833,3219,13219,40,83,1,consonant_string,high,gjkm,4,4,external,m,n,4.666666666666667,0.6574,n,0,480.33
833,1231,11231,41,83,1,word,high,slide,5,4,internal,d,c,3.566666666666667,0.66158,d,1,593.87
833,3124,13124,42,83,1,consonant_string,low,gpts,4,3,internal,t,d,1.3666666666666667,0.47786,t,1,459.73
833,3227,13227,43,83,1,consonant_string,high,bvcg,4,4,external,g,d,4.1,0.62488,g,1,685.93
833,2219,12219,44,83,1,pseudoword,high,chom,4,4,external,m,n,4.666666666666667,0.6574,m,1,662.48
833,3225,13225,46,83,1,consonant_string,high,fhgv,4,3,internal,g,d,4.1,0.62488,g,1,495.68
833,3203,13203,47,83,1,consonant_string,high,qsgpn,5,4,internal,p,d,5.096774193548387,0.48985,d,0,564.54
833,2227,12227,48,83,1,pseudoword,high,reng,4,4,external,g,d,4.1,0.62488,g,1,520.75
833,3209,13209,49,83,1,consonant_string,high,csbd,4,4,external,d,p,5.096774193548387,0.48985,d,1,444.94
833,1110,11110,50,83,1,word,low,weed,4,4,external,d,k,1.3333333333333333,0.3996,k,0,432.8
834,2224,22224,0,67,2,pseudoword,high,jote,4,3,internal,t,l,4.5,0.47576,t,1,1153.21
834,3232,23232,56,67,2,consonant_string,high,vzldb,5,4,internal,d,c,3.566666666666667,0.66158,d,1,732.78
834,3127,23127,67,67,2,consonant_string,low,bvcg,4,4,external,g,k,1.1666666666666667,0.37222,k,0,548.99
834,2103,22103,78,67,2,pseudoword,low,frope,5,4,internal,p,v,1.1333333333333333,0.49111,p,1,1462.57
834,2248,22248,89,67,2,pseudoword,high,zoke,4,3,internal,k,l,2.8,0.53572,k,1,763.48
834,3141,23141,100,67,2,consonant_string,low,pqlt,4,3,internal,l,n,1.3666666666666667,0.46775,l,1,903.37
834,2123,22123,111,67,2,pseudoword,low,blug,4,4,external,g,t,1.1333333333333333,0.44178,g,1,837.93
834,3236,23236,122,67,2,consonant_string,high,hfwb,4,4,external,b,g,3.533333333333333,0.46543,b,1,821.16
834,3103,23103,133,67,2,consonant_string,low,qsgpn,5,4,internal,p,v,1.1333333333333333,0.49111,p,1,578.04
834,2244,22244,1,67,2,pseudoword,high,slone,5,4,internal,n,r,3.1333333333333333,0.62334,r,0,961.26
834,3143,23143,12,67,2,consonant_string,low,fbvr,4,4,external,r,d,1.3333333333333333,0.49182,r,1,587.16
834,2135,22135,23,67,2,pseudoword,low,frab,4,4,external,b,w,1.1,0.5109,b,1,744.35
834,2208,22208,34,67,2,pseudoword,high,vild,4,4,external,d,p,5.096774193548387,0.48985,d,1,665.91
834,1101,21101,45,67,2,word,low,snow,4,2,internal,n,t,1.1,0.6011,n,1,1110.8
834,3117,23117,51,67,2,consonant_string,low,htjm,4,4,external,m,b,1.2333333333333334,0.5784,b,0,614.7
834,3121,23121,52,67,2,consonant_string,low,fqcg,4,4,external,g,w,1.1666666666666667,0.52446,g,1,552.56
834,2141,22141,53,67,2,pseudoword,low,bule,4,3,internal,l,n,1.3666666666666667,0.46775,l,1,1982.16
834,2119,22119,54,67,2,pseudoword,low,chom,4,4,external,m,t,1.0666666666666667,0.52674,m,1,504.44
834,2125,22125,55,67,2,pseudoword,low,jege,4,3,internal,g,k,1.1666666666666667,0.37222,g,1,928.98
834,1210,21210,57,67,2,word,high,weed,4,4,external,d,p,5.096774193548387,0.48985,d,1,539.2
834,2238,22238,58,67,2,pseudoword,high,jite,4,3,internal,t,r,3.3666666666666667,0.59892,r,0,1099.42
834,2216,22216,59,67,2,pseudoword,high,hime,4,3,internal,m,n,4.666666666666667,0.6574,m,1,773.98
834,1137,21137,60,67,2,word,low,stew,4,4,external,w,p,1.1666666666666667,0.53452,w,1,520.86
834,3224,23224,61,67,2,consonant_string,high,gpts,4,3,internal,t,l,4.5,0.47576,t,1,581.73
834,1218,21218,62,67,2,word,high,home,4,3,internal,m,n,4.666666666666667,0.6574,m,1,606.92
834,3240,23240,63,67,2,consonant_string,high,gtln,4,3,internal,l,r,3.2580645161290325,0.56415,l,1,686.46
834,2246,22246,64,67,2,pseudoword,high,proal,5,5,external,l,k,2.8,0.53572,k,0,558.68
834,1133,21133,65,67,2,word,low,fade,4,3,internal,d,z,1.2333333333333334,0.52841,d,1,572.21
834,2107,22107,66,67,2,pseudoword,low,nood,4,4,external,d,r,1.3333333333333333,0.49182,d,1,430.06
834,3115,23115,68,67,2,consonant_string,low,sfdm,4,4,external,m,t,1.0666666666666667,0.52674,m,1,555.26
834,1236,21236,69,67,2,word,high,stab,4,4,external,b,g,3.533333333333333,0.46543,b,1,602.8
834,3208,23208,70,67,2,consonant_string,high,cvsd,4,4,external,d,p,5.096774193548387,0.48985,d,1,559.32
834,1129,21129,71,67,2,word,low,wife,4,3,internal,f,n,1.2,0.53217,f,1,653.2
834,1220,21220,72,67,2,word,high,gate,4,3,internal,t,l,4.5,0.47576,t,1,345.72
834,1103,21103,73,67,2,word,low,shape,5,4,internal,p,v,1.1333333333333333,0.49111,p,1,501.25
834,2127,22127,74,67,2,pseudoword,low,reng,4,4,external,g,k,1.1666666666666667,0.37222,g,1,2105.84
834,2115,22115,75,67,2,pseudoword,low,gulm,4,4,external,m,t,1.0666666666666667,0.52674,m,1,481.45
834,1119,21119,76,67,2,word,low,warm,4,4,external,m,t,1.0666666666666667,0.52674,m,1,825.66
834,3109,23109,77,67,2,consonant_string,low,csbd,4,4,external,d,m,1.1333333333333333,0.58091,d,1,603.87
834,1212,21212,79,67,2,word,high,grip,4,4,external,p,d,5.096774193548387,0.48985,p,1,437.4
834,1109,21109,80,67,2,word,low,seed,4,4,external,d,m,1.1333333333333333,0.58091,d,1,428.59
834,3206,23206,81,67,2,consonant_string,high,jbfzpq,6,5,internal,p,d,5.096774193548387,0.48985,d,0,801.79
834,2143,22143,82,67,2,pseudoword,low,plur,4,4,external,r,d,1.3333333333333333,0.49182,r,1,552.33
834,1145,21145,83,67,2,word,low,spire,5,4,internal,r,c,1.4,0.55867,r,1,1376.91
834,2234,22234,84,67,2,pseudoword,high,brode,5,4,internal,d,c,3.566666666666667,0.66158,d,1,690.14
834,1117,21117,85,67,2,word,low,scam,4,4,external,m,b,1.2333333333333334,0.5784,m,1,389.34
834,3107,23107,86,67,2,consonant_string,low,qvsd,4,4,external,d,r,1.3333333333333333,0.49182,r,0,658.54
834,3212,23212,87,67,2,consonant_string,high,qmwp,4,4,external,p,d,5.096774193548387,0.48985,p,1,796.09
834,2202,22202,88,67,2,pseudoword,high,snad,4,2,internal,n,h,5.533333333333333,0.86536,n,1,624.64
834,2133,22133,90,67,2,pseudoword,low,kide,4,3,internal,d,z,1.2333333333333334,0.52841,d,1,1596.56
834,1147,21147,91,67,2,word,low,bale,4,3,internal,l,s,1.1,0.4218,l,1,1342.18
834,2145,22145,92,67,2,pseudoword,low,swork,5,4,internal,r,c,1.4,0.55867,r,1,1075.77
834,3226,23226,93,67,2,consonant_string,high,lqvg,4,4,external,g,d,4.1,0.62488,d,0,1679.05
834,1123,21123,94,67,2,word,low,flag,4,4,external,g,t,1.1333333333333333,0.44178,g,1,629.3
834,2212,22212,95,67,2,pseudoword,high,glip,4,4,external,p,d,5.096774193548387,0.48985,p,1,523.5
834,1127,21127,96,67,2,word,low,wing,4,4,external,g,k,1.1666666666666667,0.37222,g,1,597.37
834,3242,23242,97,67,2,consonant_string,high,wktl,4,4,external,l,r,3.2580645161290325,0.56415,r,0,665.92
834,2242,22242,98,67,2,pseudoword,high,drol,4,4,external,l,r,3.2580645161290325,0.56415,l,1,564.79
834,2117,22117,99,67,2,pseudoword,low,plim,4,4,external,m,b,1.2333333333333334,0.5784,m,1,473.63
834,2111,22111,101,67,2,pseudoword,low,zoud,4,4,external,d,k,1.3333333333333333,0.3996,k,0,600.51
834,3210,23210,102,67,2,consonant_string,high,lsbd,4,4,external,d,p,5.096774193548387,0.48985,d,1,433.04
834,3214,23214,103,67,2,consonant_string,high,klpj,4,3,internal,p,b,5.066666666666666,0.70362,b,0,467.23
834,2222,22222,104,67,2,pseudoword,high,sleg,4,4,external,g,p,4.5,0.55857,p,0,827.1
834,3131,23131,105,67,2,consonant_string,low,gjwds,5,4,internal,d,m,1.1333333333333333,0.58091,m,0,576.31
834,3244,23244,106,67,2,consonant_string,high,qjfnd,5,4,internal,n,r,3.1333333333333333,0.62334,n,1,498.5
834,1111,21111,107,67,2,word,low,lead,4,4,external,d,k,1.3333333333333333,0.3996,d,1,386.03
834,1228,21228,108,67,2,word,high,reef,4,4,external,f,l,4.033333333333333,0.60982,f,1,517.22
834,2240,22240,109,67,2,pseudoword,high,hule,4,3,internal,l,r,3.2580645161290325,0.56415,l,1,808.1
834,2228,22228,110,67,2,pseudoword,high,goif,4,4,external,f,l,4.033333333333333,0.60982,f,1,846.65
834,1214,21214,112,67,2,word,high,rope,4,3,internal,p,b,5.066666666666666,0.70362,p,1,487.2
834,1238,21238,113,67,2,word,high,date,4,3,internal,t,r,3.3666666666666667,0.59892,t,1,627.4
834,2129,22129,114,67,2,pseudoword,low,vofe,4,3,internal,f,n,1.2,0.53217,f,1,531.6
834,3137,23137,115,67,2,consonant_string,low,gbcw,4,4,external,w,p,1.1666666666666667,0.53452,w,1,543.12
834,2236,22236,116,67,2,pseudoword,high,plob,4,4,external,b,g,3.533333333333333,0.46543,b,1,1351.7
834,3113,23113,117,67,2,consonant_string,low,rtcb,4,4,external,b,m,1.2333333333333334,0.5784,b,1,798.27
834,1216,21216,118,67,2,word,high,mime,4,3,internal,m,n,4.666666666666667,0.6574,m,1,486.82
834,1135,21135,119,67,2,word,low,drab,4,4,external,b,w,1.1,0.5109,b,1,510.01
834,2101,22101,120,67,2,pseudoword,low,snum,4,2,internal,n,t,1.1,0.6011,n,1,503.87
834,3230,23230,121,67,2,consonant_string,high,czhf,4,4,external,f,r,3.8,0.69632,f,1,574.4
834,3147,23147,123,67,2,consonant_string,low,gnlt,4,3,internal,l,s,1.1,0.4218,l,1,562.27
834,2220,22220,124,67,2,pseudoword,high,wote,4,3,internal,t,l,4.5,0.47576,t,1,708.14
834,1143,21143,125,67,2,word,low,moor,4,4,external,r,d,1.3333333333333333,0.49182,r,1,540.68
834,1121,21121,126,67,2,word,low,flog,4,4,external,g,w,1.1666666666666667,0.52446,g,1,722.88
834,1244,21244,127,67,2,word,high,stone,5,4,internal,n,r,3.1333333333333333,0.62334,n,1,551.75
834,2131,22131,128,67,2,pseudoword,low,spode,5,4,internal,d,m,1.1333333333333333,0.58091,m,0,888.3
834,2210,22210,129,67,2,pseudoword,high,fard,4,4,external,d,p,5.096774193548387,0.48985,d,1,776.53
834,2105,22105,130,67,2,pseudoword,low,brupe,5,4,internal,p,v,1.1333333333333333,0.49111,p,1,771.75
834,3218,23218,131,67,2,consonant_string,high,zsmj,4,3,internal,m,n,4.666666666666667,0.6574,m,1,739.63
834,3111,23111,132,67,2,consonant_string,low,srfd,4,4,external,d,k,1.3333333333333333,0.3996,d,1,885.86
834,2218,22218,134,67,2,pseudoword,high,vume,4,3,internal,m,n,4.666666666666667,0.6574,n,0,1299.1
834,1246,21246,135,67,2,word,high,steal,5,5,external,l,k,2.8,0.53572,l,1,496.67
834,3119,23119,136,67,2,consonant_string,low,gjkm,4,4,external,m,t,1.0666666666666667,0.52674,m,1,569.2
834,1105,21105,137,67,2,word,low,grape,5,4,internal,p,v,1.1333333333333333,0.49111,p,1,439.06
834,3238,23238,138,67,2,consonant_string,high,njtb,4,3,internal,t,r,3.3666666666666667,0.59892,t,1,494.25
834,2226,22226,139,67,2,pseudoword,high,yeng,4,4,external,g,d,4.1,0.62488,d,0,628.78
834,3202,23202,140,67,2,consonant_string,high,knfc,4,2,internal,n,h,5.533333333333333,0.86536,h,0,541.98
834,3101,23101,141,67,2,consonant_string,low,znsq,4,2,internal,n,t,1.1,0.6011,n,1,432.51
834,1226,21226,142,67,2,word,high,bang,4,4,external,g,d,4.1,0.62488,g,1,586.71
834,2113,22113,143,67,2,pseudoword,low,nalb,4,4,external,b,m,1.2333333333333334,0.5784,b,1,679.91
834,1224,21224,2,67,2,word,high,bite,4,3,internal,t,l,4.5,0.47576,t,1,602.12
834,2214,22214,3,67,2,pseudoword,high,dape,4,3,internal,p,b,5.066666666666666,0.70362,p,1,878.67
834,3135,23135,4,67,2,consonant_string,low,mkrb,4,4,external,b,w,1.1,0.5109,w,0,602.88
834,2109,22109,5,67,2,pseudoword,low,glod,4,4,external,d,m,1.1333333333333333,0.58091,d,1,629.42
834,1232,21232,6,67,2,word,high,spade,5,4,internal,d,c,3.566666666666667,0.66158,d,1,1133.66
834,2137,22137,7,67,2,pseudoword,low,blaw,4,4,external,w,p,1.1666666666666667,0.53452,w,1,575.88
834,1240,21240,8,67,2,word,high,pole,4,3,internal,l,r,3.2580645161290325,0.56415,l,1,509.1
834,2147,22147,9,67,2,pseudoword,low,jile,4,3,internal,l,s,1.1,0.4218,l,1,2049.02
834,3105,23105,10,67,2,consonant_string,low,fcmpk,5,4,internal,p,v,1.1333333333333333,0.49111,p,1,827.63
834,1141,21141,11,67,2,word,low,file,4,3,internal,l,n,1.3666666666666667,0.46775,l,1,499.84
834,3129,23129,13,67,2,consonant_string,low,dtfh,4,3,internal,f,n,1.2,0.53217,f,1,642.37
834,3125,23125,14,67,2,consonant_string,low,fhgv,4,3,internal,g,k,1.1666666666666667,0.37222,g,1,680.92
834,1131,21131,15,67,2,word,low,slide,5,4,internal,d,m,1.1333333333333333,0.58091,d,1,555.12
834,1113,21113,16,67,2,word,low,slab,4,4,external,b,m,1.2333333333333334,0.5784,b,1,576.65
834,3222,23222,17,67,2,consonant_string,high,wbjg,4,4,external,g,p,4.5,0.55857,p,0,533.86
834,2139,22139,18,67,2,pseudoword,low,glot,4,4,external,t,n,1.1,0.6011,t,1,508.05
834,3228,23228,19,67,2,consonant_string,high,vjnf,4,4,external,f,l,4.033333333333333,0.60982,l,0,523.91
834,2230,22230,20,67,2,pseudoword,high,zeaf,4,4,external,f,r,3.8,0.69632,f,1,587.78
834,1242,21242,21,67,2,word,high,seal,4,4,external,l,r,3.2580645161290325,0.56415,l,1,498.97
834,3248,23248,22,67,2,consonant_string,high,dhkw,4,3,internal,k,l,2.8,0.53572,l,0,583.5
834,1125,21125,24,67,2,word,low,wage,4,3,internal,g,k,1.1666666666666667,0.37222,g,1,470.7
834,1115,21115,25,67,2,word,low,beam,4,4,external,m,t,1.0666666666666667,0.52674,m,1,486.55
834,3139,23139,26,67,2,consonant_string,low,mvjt,4,4,external,t,n,1.1,0.6011,t,1,503.74
834,3145,23145,27,67,2,consonant_string,low,hvwrt,5,4,internal,r,c,1.4,0.55867,r,1,748.3
834,1107,21107,28,67,2,word,low,read,4,4,external,d,r,1.3333333333333333,0.49182,d,1,506.83
834,2204,22204,29,67,2,pseudoword,high,swed,4,4,external,d,p,5.096774193548387,0.48985,p,0,1881.42
834,1222,21222,30,67,2,word,high,swag,4,4,external,g,p,4.5,0.55857,g,1,641.68
834,2121,22121,31,67,2,pseudoword,low,quag,4,4,external,g,w,1.1666666666666667,0.52446,g,1,644.23
834,1248,21248,32,67,2,word,high,sake,4,3,internal,k,l,2.8,0.53572,k,1,690.77
834,3204,23204,33,67,2,consonant_string,high,htwd,4,4,external,d,p,5.096774193548387,0.48985,d,1,584.97
834,3246,23246,35,67,2,consonant_string,high,bfnsl,5,5,external,l,k,2.8,0.53572,l,1,517.18
834,2206,22206,36,67,2,pseudoword,high,strepe,6,5,internal,p,d,5.096774193548387,0.48985,p,1,934.06
834,1202,21202,37,67,2,word,high,snip,4,2,internal,n,h,5.533333333333333,0.86536,n,1,690.28
834,3216,23216,38,67,2,consonant_string,high,fsmt,4,3,internal,m,n,4.666666666666667,0.6574,n,0,584.48
834,1204,21204,39,67,2,word,high,skid,4,4,external,d,p,5.096774193548387,0.48985,d,1,543.69
834,1230,21230,40,67,2,word,high,beef,4,4,external,f,r,3.8,0.69632,f,1,584.21
834,3133,23133,41,67,2,consonant_string,low,vkdj,4,3,internal,d,z,1.2333333333333334,0.52841,z,0,373.4
834,1208,21208,42,67,2,word,high,hood,4,4,external,d,p,5.096774193548387,0.48985,d,1,596.27
834,1206,21206,43,67,2,word,high,stripe,6,5,internal,p,d,5.096774193548387,0.48985,p,1,645.8
834,2232,22232,44,67,2,pseudoword,high,ghade,5,4,internal,d,c,3.566666666666667,0.66158,d,1,536.34
834,3234,23234,46,67,2,consonant_string,high,pfldr,5,4,internal,d,c,3.566666666666667,0.66158,c,0,406.54
834,1234,21234,47,67,2,word,high,pride,5,4,internal,d,c,3.566666666666667,0.66158,d,1,523.05
834,3123,23123,48,67,2,consonant_string,low,vlbg,4,4,external,g,t,1.1333333333333333,0.44178,g,1,774.92
834,3220,23220,49,67,2,consonant_string,high,pktv,4,3,internal,t,l,4.5,0.47576,l,0,403.13
834,1139,21139,50,67,2,word,low,spat,4,4,external,t,n,1.1,0.6011,t,1,495.65
835,2221,32221,0,50,3,pseudoword,high,quag,4,4,external,g,p,4.5,0.55857,p,0,1698.53
835,3223,33223,56,50,3,consonant_string,high,vlbg,4,4,external,g,p,4.5,0.55857,g,1,1485.82
835,3231,33231,67,50,3,consonant_string,high,gjwds,5,4,internal,d,c,3.566666666666667,0.66158,c,0,2421.82
835,2241,32241,78,50,3,pseudoword,high,bule,4,3,internal,l,r,3.2580645161290325,0.56415,r,0,2143.51
835,1146,31146,89,50,3,word,low,steal,5,5,external,l,m,1.0666666666666667,0.5113,l,1,1743.84
835,3233,33233,100,50,3,consonant_string,high,vkdj,4,3,internal,d,c,3.566666666666667,0.66158,c,0,2948.2
835,2134,32134,111,50,3,pseudoword,low,brode,5,4,internal,d,m,1.1333333333333333,0.58091,d,1,1998.59
835,1223,31223,122,50,3,word,high,flag,4,4,external,g,p,4.5,0.55857,p,0,2457.93
835,3132,33132,133,50,3,consonant_string,low,vzldb,5,4,internal,d,r,1.3333333333333333,0.49182,d,1,1574.6
835,3219,33219,1,50,3,consonant_string,high,gjkm,4,4,external,m,n,4.666666666666667,0.6574,n,0,1207.21
835,3211,33211,12,50,3,consonant_string,high,srfd,4,4,external,d,p,5.096774193548387,0.48985,d,1,1608.49
835,1207,31207,23,50,3,word,high,read,4,4,external,d,p,5.096774193548387,0.48985,d,1,1431.78
835,1120,31120,34,50,3,word,low,gate,4,3,internal,t,m,1.0666666666666667,0.52674,m,0,2159.75
835,2126,32126,45,50,3,pseudoword,low,yeng,4,4,external,g,k,1.1666666666666667,0.37222,g,1,1405.39
835,3229,33229,51,50,3,consonant_string,high,dtfh,4,3,internal,f,r,3.8,0.69632,f,1,1326.67
835,2128,32128,52,50,3,pseudoword,low,goif,4,4,external,f,d,1.4333333333333333,0.51654,d,0,1922.63
835,3221,33221,53,50,3,consonant_string,high,fqcg,4,4,external,g,p,4.5,0.55857,g,1,1604.27
835,1217,31217,54,50,3,word,high,scam,4,4,external,m,n,4.666666666666667,0.6574,n,0,1566.58
835,3217,33217,55,50,3,consonant_string,high,htjm,4,4,external,m,n,4.666666666666667,0.6574,n,0,1932.2
835,1247,31247,57,50,3,word,high,bale,4,3,internal,l,k,2.8,0.53572,k,0,1307.16
835,3128,33128,58,50,3,consonant_string,low,vjnf,4,4,external,f,d,1.4333333333333333,0.51654,f,1,1976.47
835,3243,33243,59,50,3,consonant_string,high,fbvr,4,4,external,r,n,3.1333333333333333,0.62334,r,1,2045.47
835,3116,33116,60,50,3,consonant_string,low,fsmt,4,3,internal,m,l,1.0666666666666667,0.5113,l,0,1443.77
835,1213,31213,61,50,3,word,high,slab,4,4,external,b,p,5.066666666666666,0.70362,b,1,1936.08
835,2245,32245,62,50,3,pseudoword,high,swork,5,4,internal,r,n,3.1333333333333333,0.62334,r,1,1265.04
835,1203,31203,63,50,3,word,high,shape,5,4,internal,p,d,5.096774193548387,0.48985,d,0,1772.67
835,2102,32102,64,50,3,pseudoword,low,snad,4,2,internal,n,l,1.3666666666666667,0.46775,l,0,2546.34
835,1144,31144,65,50,3,word,low,stone,5,4,internal,n,k,1.5333333333333334,0.52768,k,0,1292.67
835,2219,32219,66,50,3,pseudoword,high,chom,4,4,external,m,n,4.666666666666667,0.6574,n,0,1662.94
835,1106,31106,68,50,3,word,low,stripe,6,5,internal,p,v,1.1333333333333333,0.49111,p,1,1673.58
835,1229,31229,69,50,3,word,high,wife,4,3,internal,f,r,3.8,0.69632,r,0,2066.24
835,2211,32211,70,50,3,pseudoword,high,zoud,4,4,external,d,p,5.096774193548387,0.48985,p,0,1119.87
835,3140,33140,71,50,3,consonant_string,low,gtln,4,3,internal,l,s,1.1,0.4218,s,0,1289.45
835,2110,32110,72,50,3,pseudoword,low,fard,4,4,external,d,k,1.3333333333333333,0.3996,k,0,1621.41
835,1102,31102,73,50,3,word,low,snip,4,2,internal,n,l,1.3666666666666667,0.46775,n,1,1648.04
835,1237,31237,74,50,3,word,high,stew,4,4,external,w,m,3.4,0.62127,w,1,2685.38
835,3126,33126,75,50,3,consonant_string,low,lqvg,4,4,external,g,k,1.1666666666666667,0.37222,k,0,1342.37
835,1219,31219,76,50,3,word,high,warm,4,4,external,m,n,4.666666666666667,0.6574,m,1,1509.65
835,2136,32136,77,50,3,pseudoword,low,plob,4,4,external,b,r,1.2666666666666666,0.51424,b,1,2560.33
835,3215,33215,79,50,3,consonant_string,high,sfdm,4,4,external,m,n,4.666666666666667,0.6574,m,1,1529.99
835,3142,33142,80,50,3,consonant_string,low,wktl,4,4,external,l,m,1.0666666666666667,0.5113,l,1,1162.93
835,1209,31209,81,50,3,word,high,seed,4,4,external,d,p,5.096774193548387,0.48985,p,0,2289.58
835,1132,31132,82,50,3,word,low,spade,5,4,internal,d,r,1.3333333333333333,0.49182,d,1,1367.55
835,2223,32223,83,50,3,pseudoword,high,blug,4,4,external,g,p,4.5,0.55857,g,1,1054.15
835,3247,33247,84,50,3,consonant_string,high,gnlt,4,3,internal,l,k,2.8,0.53572,l,1,1995.43
835,2132,32132,85,50,3,pseudoword,low,ghade,5,4,internal,d,r,1.3333333333333333,0.49182,d,1,1339.74
835,3207,33207,86,50,3,consonant_string,high,qvsd,4,4,external,d,p,5.096774193548387,0.48985,p,0,1962.69
835,1104,31104,87,50,3,word,low,skid,4,4,external,d,m,1.1333333333333333,0.58091,m,0,1106.33
835,2205,32205,88,50,3,pseudoword,high,brupe,5,4,internal,p,d,5.096774193548387,0.48985,p,1,2479.63
835,3203,33203,90,50,3,consonant_string,high,qsgpn,5,4,internal,p,d,5.096774193548387,0.48985,d,0,1084.61
835,3201,33201,91,50,3,consonant_string,high,znsq,4,2,internal,n,h,5.533333333333333,0.86536,h,0,1033.52
835,3102,33102,92,50,3,consonant_string,low,knfc,4,2,internal,n,l,1.3666666666666667,0.46775,n,1,1078.43
835,3118,33118,93,50,3,consonant_string,low,zsmj,4,3,internal,m,l,1.0666666666666667,0.5113,m,1,1043.34
835,2235,32235,94,50,3,pseudoword,high,frab,4,4,external,b,g,3.533333333333333,0.46543,b,1,957.58
835,2140,32140,95,50,3,pseudoword,low,hule,4,3,internal,l,s,1.1,0.4218,l,1,1577.84
835,3245,33245,96,50,3,consonant_string,high,hvwrt,5,4,internal,r,n,3.1333333333333333,0.62334,n,0,1793.8
835,3209,33209,97,50,3,consonant_string,high,csbd,4,4,external,d,p,5.096774193548387,0.48985,p,0,859.07
835,3138,33138,98,50,3,consonant_string,low,njtb,4,3,internal,t,m,1.0666666666666667,0.52674,m,0,1219.65
835,2207,32207,99,50,3,pseudoword,high,nood,4,4,external,d,p,5.096774193548387,0.48985,p,0,1066.23
835,1235,31235,101,50,3,word,high,drab,4,4,external,b,g,3.533333333333333,0.46543,b,1,1507.83
835,2239,32239,102,50,3,pseudoword,high,glot,4,4,external,t,r,3.3666666666666667,0.59892,t,1,1053.43
835,1134,31134,103,50,3,word,low,pride,5,4,internal,d,m,1.1333333333333333,0.58091,m,0,1513.7
835,1233,31233,104,50,3,word,high,fade,4,3,internal,d,c,3.566666666666667,0.66158,d,1,1612.32
835,1108,31108,105,50,3,word,low,hood,4,4,external,d,k,1.3333333333333333,0.3996,d,1,1772.95
835,2114,32114,106,50,3,pseudoword,low,dape,4,3,internal,p,s,1.2580645161290323,0.5767,p,1,1078.58
835,1225,31225,107,50,3,word,high,wage,4,3,internal,g,d,4.1,0.62488,d,0,2025.53
835,3227,33227,108,50,3,consonant_string,high,bvcg,4,4,external,g,d,4.1,0.62488,g,1,1846.52
835,2209,32209,109,50,3,pseudoword,high,glod,4,4,external,d,p,5.096774193548387,0.48985,p,0,921.79
835,3146,33146,110,50,3,consonant_string,low,bfnsl,5,5,external,l,m,1.0666666666666667,0.5113,m,0,1043.36
835,3104,33104,112,50,3,consonant_string,low,htwd,4,4,external,d,m,1.1333333333333333,0.58091,m,0,1430.62
835,3136,33136,113,50,3,consonant_string,low,hfwb,4,4,external,b,r,1.2666666666666666,0.51424,b,1,838.54
835,3110,33110,114,50,3,consonant_string,low,lsbd,4,4,external,d,k,1.3333333333333333,0.3996,d,1,892.43
835,2203,32203,115,50,3,pseudoword,high,frope,5,4,internal,p,d,5.096774193548387,0.48985,d,0,755.2
835,2104,32104,116,50,3,pseudoword,low,swed,4,4,external,d,m,1.1333333333333333,0.58091,m,0,779.42
835,1136,31136,117,50,3,word,low,stab,4,4,external,b,r,1.2666666666666666,0.51424,b,1,824.31
835,1211,31211,118,50,3,word,high,lead,4,4,external,d,p,5.096774193548387,0.48985,d,1,923.86
835,2142,32142,119,50,3,pseudoword,low,drol,4,4,external,l,m,1.0666666666666667,0.5113,m,0,797.41
835,2122,32122,120,50,3,pseudoword,low,sleg,4,4,external,g,n,1.7,0.55212,g,1,641.63
835,1241,31241,121,50,3,word,high,file,4,3,internal,l,r,3.2580645161290325,0.56415,r,0,2389.92
835,2215,32215,123,50,3,pseudoword,high,gulm,4,4,external,m,n,4.666666666666667,0.6574,n,0,2156.95
835,2233,32233,124,50,3,pseudoword,high,kide,4,3,internal,d,c,3.566666666666667,0.66158,d,1,879.23
835,1124,31124,125,50,3,word,low,bite,4,3,internal,t,d,1.3666666666666667,0.47786,d,0,838.12
835,1221,31221,126,50,3,word,high,flog,4,4,external,g,p,4.5,0.55857,p,0,1715.04
835,1122,31122,127,50,3,word,low,swag,4,4,external,g,n,1.7,0.55212,g,1,998.65
835,2146,32146,128,50,3,pseudoword,low,proal,5,5,external,l,m,1.0666666666666667,0.5113,m,0,1410.9
835,3148,33148,129,50,3,consonant_string,low,dhkw,4,3,internal,k,g,1.1666666666666667,0.37222,k,1,1733.54
835,2217,32217,130,50,3,pseudoword,high,plim,4,4,external,m,n,4.666666666666667,0.6574,n,0,2182.53
835,1201,31201,131,50,3,word,high,snow,4,2,internal,n,h,5.533333333333333,0.86536,h,0,1002.49
835,1112,31112,132,50,3,word,low,grip,4,4,external,p,t,1.3333333333333333,0.53002,p,1,666.71
835,2120,32120,134,50,3,pseudoword,low,wote,4,3,internal,t,m,1.0666666666666667,0.52674,m,0,760.26
835,1142,31142,135,50,3,word,low,seal,4,4,external,l,m,1.0666666666666667,0.5113,m,0,1401.83
835,3120,33120,136,50,3,consonant_string,low,pktv,4,3,internal,t,m,1.0666666666666667,0.52674,m,0,863.08
835,3114,33114,137,50,3,consonant_string,low,klpj,4,3,internal,p,s,1.2580645161290323,0.5767,p,1,583.63
835,3106,33106,138,50,3,consonant_string,low,jbfzpq,6,5,internal,p,v,1.1333333333333333,0.49111,p,1,1704.55
835,3237,33237,139,50,3,consonant_string,high,gbcw,4,4,external,w,m,3.4,0.62127,m,0,650.8
835,1140,31140,140,50,3,word,low,pole,4,3,internal,l,s,1.1,0.4218,l,1,1025.02
835,1110,31110,141,50,3,word,low,weed,4,4,external,d,k,1.3333333333333333,0.3996,d,1,1426.62
835,2124,32124,142,50,3,pseudoword,low,jote,4,3,internal,t,d,1.3666666666666667,0.47786,d,0,927.53
835,2148,32148,143,50,3,pseudoword,low,zoke,4,3,internal,k,g,1.1666666666666667,0.37222,k,1,1069.44
835,3134,33134,2,50,3,consonant_string,low,pfldr,5,4,internal,d,m,1.1333333333333333,0.58091,d,1,943.01
835,2106,32106,3,50,3,pseudoword,low,strepe,6,5,internal,p,v,1.1333333333333333,0.49111,p,1,870.24
835,1126,31126,4,50,3,word,low,bang,4,4,external,g,k,1.1666666666666667,0.37222,k,0,1508.83
835,2243,32243,5,50,3,pseudoword,high,plur,4,4,external,r,n,3.1333333333333333,0.62334,r,1,1007.42
835,1245,31245,6,50,3,word,high,spire,5,4,internal,r,n,3.1333333333333333,0.62334,r,1,923.66
835,1243,31243,7,50,3,word,high,moor,4,4,external,r,n,3.1333333333333333,0.62334,n,0,1274.23
835,3122,33122,8,50,3,consonant_string,low,wbjg,4,4,external,g,n,1.7,0.55212,g,1,917.81
835,2108,32108,9,50,3,pseudoword,low,vild,4,4,external,d,k,1.3333333333333333,0.3996,d,1,1210.39
835,3108,33108,10,50,3,consonant_string,low,cvsd,4,4,external,d,k,1.3333333333333333,0.3996,d,1,777.97
835,1118,31118,11,50,3,word,low,home,4,3,internal,m,l,1.0666666666666667,0.5113,m,1,1551.89
835,3213,33213,13,50,3,consonant_string,high,rtcb,4,4,external,b,p,5.066666666666666,0.70362,b,1,955.15
835,2225,32225,14,50,3,pseudoword,high,jege,4,3,internal,g,d,4.1,0.62488,d,0,2191.43
835,3144,33144,15,50,3,consonant_string,low,qjfnd,5,4,internal,n,k,1.5333333333333334,0.52768,n,1,1778.77
835,2237,32237,16,50,3,pseudoword,high,blaw,4,4,external,w,m,3.4,0.62127,m,0,1648.74
835,3112,33112,17,50,3,consonant_string,low,qmwp,4,4,external,p,t,1.3333333333333333,0.53002,p,1,1347.03
835,1231,31231,18,50,3,word,high,slide,5,4,internal,d,c,3.566666666666667,0.66158,d,1,742.26
835,2138,32138,19,50,3,pseudoword,low,jite,4,3,internal,t,m,1.0666666666666667,0.52674,m,0,1936.54
835,3235,33235,20,50,3,consonant_string,high,mkrb,4,4,external,b,g,3.533333333333333,0.46543,b,1,742.47
835,2130,32130,21,50,3,pseudoword,low,zeaf,4,4,external,f,p,1.6333333333333333,0.41008,f,1,962.69
835,3130,33130,22,50,3,consonant_string,low,czhf,4,4,external,f,p,1.6333333333333333,0.41008,f,1,1176.28
835,2116,32116,24,50,3,pseudoword,low,hime,4,3,internal,m,l,1.0666666666666667,0.5113,m,1,1793.23
835,2144,32144,25,50,3,pseudoword,low,slone,5,4,internal,n,k,1.5333333333333334,0.52768,n,1,910.51
835,2112,32112,26,50,3,pseudoword,low,glip,4,4,external,p,t,1.3333333333333333,0.53002,p,1,646.06
835,2247,32247,27,50,3,pseudoword,high,jile,4,3,internal,l,k,2.8,0.53572,l,1,772.26
835,1138,31138,28,50,3,word,low,date,4,3,internal,t,m,1.0666666666666667,0.52674,t,1,943.82
835,1114,31114,29,50,3,word,low,rope,4,3,internal,p,s,1.2580645161290323,0.5767,p,1,1117.05
835,1227,31227,30,50,3,word,high,wing,4,4,external,g,d,4.1,0.62488,d,0,1626.66
835,1239,31239,31,50,3,word,high,spat,4,4,external,t,r,3.3666666666666667,0.59892,t,1,631.59
835,3124,33124,32,50,3,consonant_string,low,gpts,4,3,internal,t,d,1.3666666666666667,0.47786,d,0,689.45
835,3241,33241,33,50,3,consonant_string,high,pqlt,4,3,internal,l,r,3.2580645161290325,0.56415,r,0,1421.37
835,3239,33239,35,50,3,consonant_string,high,mvjt,4,4,external,t,r,3.3666666666666667,0.59892,t,1,1351.97
835,1215,31215,36,50,3,word,high,beam,4,4,external,m,n,4.666666666666667,0.6574,n,0,1205.24
835,3205,33205,37,50,3,consonant_string,high,fcmpk,5,4,internal,p,d,5.096774193548387,0.48985,p,1,1915.53
835,2213,32213,38,50,3,pseudoword,high,nalb,4,4,external,b,p,5.066666666666666,0.70362,p,0,1216.14
835,1148,31148,39,50,3,word,low,sake,4,3,internal,k,g,1.1666666666666667,0.37222,k,1,1640.76
835,2227,32227,40,50,3,pseudoword,high,reng,4,4,external,g,d,4.1,0.62488,d,0,2118.75
835,2229,32229,41,50,3,pseudoword,high,vofe,4,3,internal,f,r,3.8,0.69632,f,1,1737.41
835,2118,32118,42,50,3,pseudoword,low,vume,4,3,internal,m,l,1.0666666666666667,0.5113,l,0,1496.37
835,1130,31130,43,50,3,word,low,beef,4,4,external,f,p,1.6333333333333333,0.41008,p,0,1228.64
835,1205,31205,44,50,3,word,high,grape,5,4,internal,p,d,5.096774193548387,0.48985,d,0,1092.56
835,1116,31116,46,50,3,word,low,mime,4,3,internal,m,l,1.0666666666666667,0.5113,m,1,1436.83
835,1128,31128,47,50,3,word,low,reef,4,4,external,f,d,1.4333333333333333,0.51654,f,1,1331.76
835,2201,32201,48,50,3,pseudoword,high,snum,4,2,internal,n,h,5.533333333333333,0.86536,h,0,2597.76
835,3225,33225,49,50,3,consonant_string,high,fhgv,4,3,internal,g,d,4.1,0.62488,g,1,891.07
835,2231,32231,50,50,3,pseudoword,high,spode,5,4,internal,d,c,3.566666666666667,0.66158,c,0,1564.99
836,1145,41145,0,50,4,word,low,spire,5,4,internal,r,c,1.4,0.55867,c,0,927.63
836,3246,43246,56,50,4,consonant_string,high,bfnsl,5,5,external,l,k,2.8,0.53572,l,1,747.52
836,1127,41127,67,50,4,word,low,wing,4,4,external,g,k,1.1666666666666667,0.37222,g,1,888.74
836,3137,43137,78,50,4,consonant_string,low,gbcw,4,4,external,w,p,1.1666666666666667,0.53452,p,0,767.63
836,3113,43113,89,50,4,consonant_string,low,rtcb,4,4,external,b,m,1.2333333333333334,0.5784,m,0,1160.2
836,3125,43125,100,50,4,consonant_string,low,fhgv,4,3,internal,g,k,1.1666666666666667,0.37222,g,1,1188.8
836,2131,42131,111,50,4,pseudoword,low,spode,5,4,internal,d,m,1.1333333333333333,0.58091,d,1,1159.72
836,3103,43103,122,50,4,consonant_string,low,qsgpn,5,4,internal,p,v,1.1333333333333333,0.49111,p,1,584.28
836,1216,41216,133,50,4,word,high,mime,4,3,internal,m,n,4.666666666666667,0.6574,n,0,663.15
836,3230,43230,1,50,4,consonant_string,high,czhf,4,4,external,f,r,3.8,0.69632,r,0,800.69
836,3202,43202,12,50,4,consonant_string,high,knfc,4,2,internal,n,h,5.533333333333333,0.86536,n,1,835.92
836,1246,41246,23,50,4,word,high,steal,5,5,external,l,k,2.8,0.53572,l,1,825.81
836,1133,41133,34,50,4,word,low,fade,4,3,internal,d,z,1.2333333333333334,0.52841,d,1,1039.71
836,3228,43228,45,50,4,consonant_string,high,vjnf,4,4,external,f,l,4.033333333333333,0.60982,f,1,979.61
836,1226,41226,51,50,4,word,high,bang,4,4,external,g,d,4.1,0.62488,g,1,939.53
836,2208,42208,52,50,4,pseudoword,high,vild,4,4,external,d,p,5.096774193548387,0.48985,d,1,878.42
836,2236,42236,53,50,4,pseudoword,high,plob,4,4,external,b,g,3.533333333333333,0.46543,b,1,1020.32
836,3226,43226,54,50,4,consonant_string,high,lqvg,4,4,external,g,d,4.1,0.62488,d,0,1169.9
836,2206,42206,55,50,4,pseudoword,high,strepe,6,5,internal,p,d,5.096774193548387,0.48985,d,0,632.46
836,3117,43117,57,50,4,consonant_string,low,htjm,4,4,external,m,b,1.2333333333333334,0.5784,m,1,677.34
836,2133,42133,58,50,4,pseudoword,low,kide,4,3,internal,d,z,1.2333333333333334,0.52841,d,1,589.21
836,3119,43119,59,50,4,consonant_string,low,gjkm,4,4,external,m,t,1.0666666666666667,0.52674,m,1,1018.1
836,3111,43111,60,50,4,consonant_string,low,srfd,4,4,external,d,k,1.3333333333333333,0.3996,d,1,1033.68
836,3121,43121,61,50,4,consonant_string,low,fqcg,4,4,external,g,w,1.1666666666666667,0.52446,g,1,1082.59
836,1214,41214,62,50,4,word,high,rope,4,3,internal,p,b,5.066666666666666,0.70362,b,0,638.48
836,3242,43242,63,50,4,consonant_string,high,wktl,4,4,external,l,r,3.2580645161290325,0.56415,l,1,553.35
836,1202,41202,64,50,4,word,high,snip,4,2,internal,n,h,5.533333333333333,0.86536,h,0,1241.58
836,2230,42230,65,50,4,pseudoword,high,zeaf,4,4,external,f,r,3.8,0.69632,r,0,903.82
836,3101,43101,66,50,4,consonant_string,low,znsq,4,2,internal,n,t,1.1,0.6011,t,0,815.06
836,3222,43222,68,50,4,consonant_string,high,wbjg,4,4,external,g,p,4.5,0.55857,g,1,915.62
836,1119,41119,69,50,4,word,low,warm,4,4,external,m,t,1.0666666666666667,0.52674,m,1,1061.2
836,2103,42103,70,50,4,pseudoword,low,frope,5,4,internal,p,v,1.1333333333333333,0.49111,v,0,871.76
836,2214,42214,71,50,4,pseudoword,high,dape,4,3,internal,p,b,5.066666666666666,0.70362,p,1,1089.33
836,3129,43129,72,50,4,consonant_string,low,dtfh,4,3,internal,f,n,1.2,0.53217,n,0,947.24
836,1123,41123,73,50,4,word,low,flag,4,4,external,g,t,1.1333333333333333,0.44178,g,1,658.47
836,1204,41204,74,50,4,word,high,skid,4,4,external,d,p,5.096774193548387,0.48985,d,1,936.68
836,3135,43135,75,50,4,consonant_string,low,mkrb,4,4,external,b,w,1.1,0.5109,b,1,901.57
836,2212,42212,76,50,4,pseudoword,high,glip,4,4,external,p,d,5.096774193548387,0.48985,p,1,692.8
836,1135,41135,77,50,4,word,low,drab,4,4,external,b,w,1.1,0.5109,b,1,693.02
836,2129,42129,79,50,4,pseudoword,low,vofe,4,3,internal,f,n,1.2,0.53217,f,1,1411.26
836,3105,43105,80,50,4,consonant_string,low,fcmpk,5,4,internal,p,v,1.1333333333333333,0.49111,p,1,941.85
836,3123,43123,81,50,4,consonant_string,low,vlbg,4,4,external,g,t,1.1333333333333333,0.44178,g,1,617.07
836,2244,42244,82,50,4,pseudoword,high,slone,5,4,internal,n,r,3.1333333333333333,0.62334,n,1,583.61
836,3234,43234,83,50,4,consonant_string,high,pfldr,5,4,internal,d,c,3.566666666666667,0.66158,c,0,648.48
836,2137,42137,84,50,4,pseudoword,low,blaw,4,4,external,w,p,1.1666666666666667,0.53452,w,1,1032.7
836,2113,42113,85,50,4,pseudoword,low,nalb,4,4,external,b,m,1.2333333333333334,0.5784,m,0,1140.61
836,3212,43212,86,50,4,consonant_string,high,qmwp,4,4,external,p,d,5.096774193548387,0.48985,p,1,720.51
836,2238,42238,87,50,4,pseudoword,high,jite,4,3,internal,t,r,3.3666666666666667,0.59892,t,1,1013.08
836,3220,43220,88,50,4,consonant_string,high,pktv,4,3,internal,t,l,4.5,0.47576,t,1,709.64
836,1220,41220,90,50,4,word,high,gate,4,3,internal,t,l,4.5,0.47576,t,1,754.19
836,2117,42117,91,50,4,pseudoword,low,plim,4,4,external,m,b,1.2333333333333334,0.5784,m,1,1150.41
836,1238,41238,92,50,4,word,high,date,4,3,internal,t,r,3.3666666666666667,0.59892,t,1,592.65
836,1125,41125,93,50,4,word,low,wage,4,3,internal,g,k,1.1666666666666667,0.37222,g,1,670.85
836,1121,41121,94,50,4,word,low,flog,4,4,external,g,w,1.1666666666666667,0.52446,g,1,680.39
836,3206,43206,95,50,4,consonant_string,high,jbfzpq,6,5,internal,p,d,5.096774193548387,0.48985,p,1,1019.29
836,2216,42216,96,50,4,pseudoword,high,hime,4,3,internal,m,n,4.666666666666667,0.6574,m,1,780.85
836,1248,41248,97,50,4,word,high,sake,4,3,internal,k,l,2.8,0.53572,k,1,522.73
836,3147,43147,98,50,4,consonant_string,low,gnlt,4,3,internal,l,s,1.1,0.4218,s,0,549.25
836,3244,43244,99,50,4,consonant_string,high,qjfnd,5,4,internal,n,r,3.1333333333333333,0.62334,n,1,823.46
836,2248,42248,101,50,4,pseudoword,high,zoke,4,3,internal,k,l,2.8,0.53572,l,0,1435.04
836,2101,42101,102,50,4,pseudoword,low,snum,4,2,internal,n,t,1.1,0.6011,t,0,1275.98
836,1131,41131,103,50,4,word,low,slide,5,4,internal,d,m,1.1333333333333333,0.58091,d,1,798.89
836,1141,41141,104,50,4,word,low,file,4,3,internal,l,n,1.3666666666666667,0.46775,l,1,760.12
836,1222,41222,105,50,4,word,high,swag,4,4,external,g,p,4.5,0.55857,g,1,1230.69
836,1109,41109,106,50,4,word,low,seed,4,4,external,d,m,1.1333333333333333,0.58091,d,1,790.6
836,1208,41208,107,50,4,word,high,hood,4,4,external,d,p,5.096774193548387,0.48985,d,1,847.49
836,2202,42202,108,50,4,pseudoword,high,snad,4,2,internal,n,h,5.533333333333333,0.86536,n,1,1052.72
836,2125,42125,109,50,4,pseudoword,low,jege,4,3,internal,g,k,1.1666666666666667,0.37222,g,1,676.95
836,3248,43248,110,50,4,consonant_string,high,dhkw,4,3,internal,k,l,2.8,0.53572,l,0,1054.84
836,2242,42242,112,50,4,pseudoword,high,drol,4,4,external,l,r,3.2580645161290325,0.56415,l,1,712.07
836,3218,43218,113,50,4,consonant_string,high,zsmj,4,3,internal,m,n,4.666666666666667,0.6574,m,1,884.63
836,2107,42107,114,50,4,pseudoword,low,nood,4,4,external,d,r,1.3333333333333333,0.49182,d,1,731.52
836,1228,41228,115,50,4,word,high,reef,4,4,external,f,l,4.033333333333333,0.60982,f,1,633.41
836,1115,41115,116,50,4,word,low,beam,4,4,external,m,t,1.0666666666666667,0.52674,m,1,852.27
836,3107,43107,117,50,4,consonant_string,low,qvsd,4,4,external,d,r,1.3333333333333333,0.49182,d,1,659.5
836,2143,42143,118,50,4,pseudoword,low,plur,4,4,external,r,d,1.3333333333333333,0.49182,r,1,617.03
836,3143,43143,119,50,4,consonant_string,low,fbvr,4,4,external,r,d,1.3333333333333333,0.49182,d,0,534.57
836,1236,41236,120,50,4,word,high,stab,4,4,external,b,g,3.533333333333333,0.46543,b,1,1010.45
836,1111,41111,121,50,4,word,low,lead,4,4,external,d,k,1.3333333333333333,0.3996,d,1,551.01
836,2210,42210,123,50,4,pseudoword,high,fard,4,4,external,d,p,5.096774193548387,0.48985,d,1,984.22
836,1242,41242,124,50,4,word,high,seal,4,4,external,l,r,3.2580645161290325,0.56415,l,1,559.1
836,3236,43236,125,50,4,consonant_string,high,hfwb,4,4,external,b,g,3.533333333333333,0.46543,g,0,564.64
836,2141,42141,126,50,4,pseudoword,low,bule,4,3,internal,l,n,1.3666666666666667,0.46775,l,1,747.19
836,3216,43216,127,50,4,consonant_string,high,fsmt,4,3,internal,m,n,4.666666666666667,0.6574,n,0,1205.41
836,1230,41230,128,50,4,word,high,beef,4,4,external,f,r,3.8,0.69632,f,1,611.66
836,2232,42232,129,50,4,pseudoword,high,ghade,5,4,internal,d,c,3.566666666666667,0.66158,d,1,783.19
836,1234,41234,130,50,4,word,high,pride,5,4,internal,d,c,3.566666666666667,0.66158,d,1,630.08
836,1129,41129,131,50,4,word,low,wife,4,3,internal,f,n,1.2,0.53217,f,1,522.94
836,2224,42224,132,50,4,pseudoword,high,jote,4,3,internal,t,l,4.5,0.47576,t,1,728.48
836,3139,43139,134,50,4,consonant_string,low,mvjt,4,4,external,t,n,1.1,0.6011,t,1,812.36
836,2105,42105,135,50,4,pseudoword,low,brupe,5,4,internal,p,v,1.1333333333333333,0.49111,p,1,736.91
836,2246,42246,136,50,4,pseudoword,high,proal,5,5,external,l,k,2.8,0.53572,l,1,499.79
836,2222,42222,137,50,4,pseudoword,high,sleg,4,4,external,g,p,4.5,0.55857,g,1,716.99
836,2135,42135,138,50,4,pseudoword,low,frab,4,4,external,b,w,1.1,0.5109,b,1,550.53
836,1107,41107,139,50,4,word,low,read,4,4,external,d,r,1.3333333333333333,0.49182,d,1,1051.75
836,1210,41210,140,50,4,word,high,weed,4,4,external,d,p,5.096774193548387,0.48985,p,0,647.97
836,2127,42127,141,50,4,pseudoword,low,reng,4,4,external,g,k,1.1666666666666667,0.37222,k,0,1152.2
836,3238,43238,142,50,4,consonant_string,high,njtb,4,3,internal,t,r,3.3666666666666667,0.59892,t,1,865.45
836,3208,43208,143,50,4,consonant_string,high,cvsd,4,4,external,d,p,5.096774193548387,0.48985,d,1,1088.02
836,2123,42123,2,50,4,pseudoword,low,blug,4,4,external,g,t,1.1333333333333333,0.44178,g,1,654.91
836,1206,41206,3,50,4,word,high,stripe,6,5,internal,p,d,5.096774193548387,0.48985,p,1,1701.15
836,2226,42226,4,50,4,pseudoword,high,yeng,4,4,external,g,d,4.1,0.62488,g,1,805.43
836,3224,43224,5,50,4,consonant_string,high,gpts,4,3,internal,t,l,4.5,0.47576,t,1,838.65
836,3115,43115,6,50,4,consonant_string,low,sfdm,4,4,external,m,t,1.0666666666666667,0.52674,m,1,1220.56
836,1224,41224,7,50,4,word,high,bite,4,3,internal,t,l,4.5,0.47576,t,1,1003.15
836,2145,42145,8,50,4,pseudoword,low,swork,5,4,internal,r,c,1.4,0.55867,r,1,937.38
836,3133,43133,9,50,4,consonant_string,low,vkdj,4,3,internal,d,z,1.2333333333333334,0.52841,z,0,646.27
836,2119,42119,10,50,4,pseudoword,low,chom,4,4,external,m,t,1.0666666666666667,0.52674,m,1,774.49
836,3210,43210,11,50,4,consonant_string,high,lsbd,4,4,external,d,p,5.096774193548387,0.48985,d,1,774.04
836,2109,42109,13,50,4,pseudoword,low,glod,4,4,external,d,m,1.1333333333333333,0.58091,d,1,822.58
836,2220,42220,14,50,4,pseudoword,high,wote,4,3,internal,t,l,4.5,0.47576,t,1,1058.15
836,2147,42147,15,50,4,pseudoword,low,jile,4,3,internal,l,s,1.1,0.4218,l,1,1780.42
836,1143,41143,16,50,4,word,low,moor,4,4,external,r,d,1.3333333333333333,0.49182,r,1,785.36
836,1139,41139,17,50,4,word,low,spat,4,4,external,t,n,1.1,0.6011,t,1,872.26
836,1101,41101,18,50,4,word,low,snow,4,2,internal,n,t,1.1,0.6011,n,1,1204.83
836,1212,41212,19,50,4,word,high,grip,4,4,external,p,d,5.096774193548387,0.48985,p,1,811.08
836,2115,42115,20,50,4,pseudoword,low,gulm,4,4,external,m,t,1.0666666666666667,0.52674,t,0,1158.65
836,3204,43204,21,50,4,consonant_string,high,htwd,4,4,external,d,p,5.096774193548387,0.48985,d,1,632.88
836,2121,42121,22,50,4,pseudoword,low,quag,4,4,external,g,w,1.1666666666666667,0.52446,g,1,691.76
836,1103,41103,24,50,4,word,low,shape,5,4,internal,p,v,1.1333333333333333,0.49111,p,1,539.96
836,1147,41147,25,50,4,word,low,bale,4,3,internal,l,s,1.1,0.4218,l,1,668.83
836,1105,41105,26,50,4,word,low,grape,5,4,internal,p,v,1.1333333333333333,0.49111,p,1,760.37
836,3240,43240,27,50,4,consonant_string,high,gtln,4,3,internal,l,r,3.2580645161290325,0.56415,l,1,477.91
836,1240,41240,28,50,4,word,high,pole,4,3,internal,l,r,3.2580645161290325,0.56415,l,1,683.78
836,2111,42111,29,50,4,pseudoword,low,zoud,4,4,external,d,k,1.3333333333333333,0.3996,d,1,941.67
836,3214,43214,30,50,4,consonant_string,high,klpj,4,3,internal,p,b,5.066666666666666,0.70362,p,1,742.89
836,2204,42204,31,50,4,pseudoword,high,swed,4,4,external,d,p,5.096774193548387,0.48985,d,1,747.1
836,2240,42240,32,50,4,pseudoword,high,hule,4,3,internal,l,r,3.2580645161290325,0.56415,l,1,608.32
836,2228,42228,33,50,4,pseudoword,high,goif,4,4,external,f,l,4.033333333333333,0.60982,f,1,1610.56
836,3127,43127,35,50,4,consonant_string,low,bvcg,4,4,external,g,k,1.1666666666666667,0.37222,k,0,560.15
836,3232,43232,36,50,4,consonant_string,high,vzldb,5,4,internal,d,c,3.566666666666667,0.66158,d,1,703.68
836,3141,43141,37,50,4,consonant_string,low,pqlt,4,3,internal,l,n,1.3666666666666667,0.46775,n,0,1187.92
836,1117,41117,38,50,4,word,low,scam,4,4,external,m,b,1.2333333333333334,0.5784,m,1,1940.87
836,3145,43145,39,50,4,consonant_string,low,hvwrt,5,4,internal,r,c,1.4,0.55867,c,0,818.82
836,1218,41218,40,50,4,word,high,home,4,3,internal,m,n,4.666666666666667,0.6574,m,1,798.38
836,1113,41113,41,50,4,word,low,slab,4,4,external,b,m,1.2333333333333334,0.5784,b,1,769.59
836,1137,41137,42,50,4,word,low,stew,4,4,external,w,p,1.1666666666666667,0.53452,w,1,713.15
836,2139,42139,43,50,4,pseudoword,low,glot,4,4,external,t,n,1.1,0.6011,t,1,579.69
836,2218,42218,44,50,4,pseudoword,high,vume,4,3,internal,m,n,4.666666666666667,0.6574,m,1,714.56
836,3109,43109,46,50,4,consonant_string,low,csbd,4,4,external,d,m,1.1333333333333333,0.58091,d,1,866.12
836,1244,41244,47,50,4,word,high,stone,5,4,internal,n,r,3.1333333333333333,0.62334,n,1,894.67
836,1232,41232,48,50,4,word,high,spade,5,4,internal,d,c,3.566666666666667,0.66158,d,1,894.9
836,2234,42234,49,50,4,pseudoword,high,brode,5,4,internal,d,c,3.566666666666667,0.66158,d,1,819.14
836,3131,43131,50,50,4,consonant_string,low,gjwds,5,4,internal,d,m,1.1333333333333333,0.58091,m,0,1070.7
837,1128,11128,0,50,1,word,low,reef,4,4,external,f,d,1.4333333333333333,0.51654,f,1,1036.87
837,2241,12241,56,50,1,pseudoword,high,bule,4,3,internal,l,r,3.2580645161290325,0.56415,l,1,787.77
837,1134,11134,67,50,1,word,low,pride,5,4,internal,d,m,1.1333333333333333,0.58091,d,1,994.66
837,1201,11201,78,50,1,word,high,snow,4,2,internal,n,h,5.533333333333333,0.86536,n,1,675.89
837,2227,12227,89,50,1,pseudoword,high,reng,4,4,external,g,d,4.1,0.62488,d,0,1560.8
837,3108,13108,100,50,1,consonant_string,low,cvsd,4,4,external,d,k,1.3333333333333333,0.3996,k,0,1171.42
837,3211,13211,111,50,1,consonant_string,high,srfd,4,4,external,d,p,5.096774193548387,0.48985,d,1,2458.05
837,3148,13148,122,50,1,consonant_string,low,dhkw,4,3,internal,k,g,1.1666666666666667,0.37222,k,1,1479.73
837,2144,12144,133,50,1,pseudoword,low,slone,5,4,internal,n,k,1.5333333333333334,0.52768,n,1,691.65
837,3118,13118,1,50,1,consonant_string,low,zsmj,4,3,internal,m,l,1.0666666666666667,0.5113,l,0,1441.89
837,2130,12130,12,50,1,pseudoword,low,zeaf,4,4,external,f,p,1.6333333333333333,0.41008,p,0,1717.2
837,1140,11140,23,50,1,word,low,pole,4,3,internal,l,s,1.1,0.4218,l,1,557.78
837,1219,11219,34,50,1,word,high,warm,4,4,external,m,n,4.666666666666667,0.6574,m,1,639.32
837,2219,12219,45,50,1,pseudoword,high,chom,4,4,external,m,n,4.666666666666667,0.6574,n,0,1796.23
837,2132,12132,51,50,1,pseudoword,low,ghade,5,4,internal,d,r,1.3333333333333333,0.49182,d,1,812.51
837,1225,11225,52,50,1,word,high,wage,4,3,internal,g,d,4.1,0.62488,g,1,1335.09
837,3227,13227,53,50,1,consonant_string,high,bvcg,4,4,external,g,d,4.1,0.62488,d,0,1369.03
837,3112,13112,54,50,1,consonant_string,low,qmwp,4,4,external,p,t,1.3333333333333333,0.53002,p,1,1704.65
837,1110,11110,55,50,1,word,low,weed,4,4,external,d,k,1.3333333333333333,0.3996,d,1,1311.94
837,3245,13245,57,50,1,consonant_string,high,hvwrt,5,4,internal,r,n,3.1333333333333333,0.62334,r,1,1012.53
837,2217,12217,58,50,1,pseudoword,high,plim,4,4,external,m,n,4.666666666666667,0.6574,n,0,1527.13
837,1102,11102,59,50,1,word,low,snip,4,2,internal,n,l,1.3666666666666667,0.46775,n,1,736.06
837,1112,11112,60,50,1,word,low,grip,4,4,external,p,t,1.3333333333333333,0.53002,p,1,550.93
837,3106,13106,61,50,1,consonant_string,low,jbfzpq,6,5,internal,p,v,1.1333333333333333,0.49111,v,0,774.13
837,2209,12209,62,50,1,pseudoword,high,glod,4,4,external,d,p,5.096774193548387,0.48985,d,1,798.68
837,1233,11233,63,50,1,word,high,fade,4,3,internal,d,c,3.566666666666667,0.66158,d,1,715.91
837,2211,12211,64,50,1,pseudoword,high,zoud,4,4,external,d,p,5.096774193548387,0.48985,d,1,932.45
837,1229,11229,65,50,1,word,high,wife,4,3,internal,f,r,3.8,0.69632,f,1,713.35
837,1104,11104,66,50,1,word,low,skid,4,4,external,d,m,1.1333333333333333,0.58091,d,1,815.9
837,3213,13213,68,50,1,consonant_string,high,rtcb,4,4,external,b,p,5.066666666666666,0.70362,p,0,1665.5
837,1237,11237,69,50,1,word,high,stew,4,4,external,w,m,3.4,0.62127,w,1,748.09
837,2203,12203,70,50,1,pseudoword,high,frope,5,4,internal,p,d,5.096774193548387,0.48985,p,1,1962.36
837,2108,12108,71,50,1,pseudoword,low,vild,4,4,external,d,k,1.3333333333333333,0.3996,d,1,1893.02
837,3237,13237,72,50,1,consonant_string,high,gbcw,4,4,external,w,m,3.4,0.62127,w,1,919.31
837,3241,13241,73,50,1,consonant_string,high,pqlt,4,3,internal,l,r,3.2580645161290325,0.56415,r,0,980.87
837,1245,11245,74,50,1,word,high,spire,5,4,internal,r,n,3.1333333333333333,0.62334,n,0,1528.8
837,3130,13130,75,50,1,consonant_string,low,czhf,4,4,external,f,p,1.6333333333333333,0.41008,f,1,585.73
837,3140,13140,76,50,1,consonant_string,low,gtln,4,3,internal,l,s,1.1,0.4218,s,0,996.6
837,1215,11215,77,50,1,word,high,beam,4,4,external,m,n,4.666666666666667,0.6574,n,0,911.85
837,3122,13122,79,50,1,consonant_string,low,wbjg,4,4,external,g,n,1.7,0.55212,g,1,891.4
837,1207,11207,80,50,1,word,high,read,4,4,external,d,p,5.096774193548387,0.48985,d,1,643.62
837,3203,13203,81,50,1,consonant_string,high,qsgpn,5,4,internal,p,d,5.096774193548387,0.48985,d,0,901.85
837,3223,13223,82,50,1,consonant_string,high,vlbg,4,4,external,g,p,4.5,0.55857,p,0,2259.13
837,1205,11205,83,50,1,word,high,grape,5,4,internal,p,d,5.096774193548387,0.48985,p,1,639.76
837,2225,12225,84,50,1,pseudoword,high,jege,4,3,internal,g,d,4.1,0.62488,g,1,1266.65
837,3110,13110,85,50,1,consonant_string,low,lsbd,4,4,external,d,k,1.3333333333333333,0.3996,k,0,1585.27
837,2126,12126,86,50,1,pseudoword,low,yeng,4,4,external,g,k,1.1666666666666667,0.37222,g,1,1139.21
837,3205,13205,87,50,1,consonant_string,high,fcmpk,5,4,internal,p,d,5.096774193548387,0.48985,p,1,1758.15
837,3102,13102,88,50,1,consonant_string,low,knfc,4,2,internal,n,l,1.3666666666666667,0.46775,n,1,1498.46
837,3124,13124,90,50,1,consonant_string,low,gpts,4,3,internal,t,d,1.3666666666666667,0.47786,t,1,1342.74
837,1108,11108,91,50,1,word,low,hood,4,4,external,d,k,1.3333333333333333,0.3996,d,1,1176.01
837,1114,11114,92,50,1,word,low,rope,4,3,internal,p,s,1.2580645161290323,0.5767,p,1,1770.93
837,2114,12114,93,50,1,pseudoword,low,dape,4,3,internal,p,s,1.2580645161290323,0.5767,p,1,1400.57
837,2102,12102,94,50,1,pseudoword,low,snad,4,2,internal,n,l,1.3666666666666667,0.46775,l,0,1126.84
837,2207,12207,95,50,1,pseudoword,high,nood,4,4,external,d,p,5.096774193548387,0.48985,d,1,1250.76
837,2233,12233,96,50,1,pseudoword,high,kide,4,3,internal,d,c,3.566666666666667,0.66158,d,1,1091.02
837,3229,13229,97,50,1,consonant_string,high,dtfh,4,3,internal,f,r,3.8,0.69632,f,1,1093.93
837,1239,11239,98,50,1,word,high,spat,4,4,external,t,r,3.3666666666666667,0.59892,r,0,1191.19
837,1120,11120,99,50,1,word,low,gate,4,3,internal,t,m,1.0666666666666667,0.52674,t,1,543.42
837,3243,13243,101,50,1,consonant_string,high,fbvr,4,4,external,r,n,3.1333333333333333,0.62334,r,1,719.63
837,1126,11126,102,50,1,word,low,bang,4,4,external,g,k,1.1666666666666667,0.37222,g,1,732.17
837,1203,11203,103,50,1,word,high,shape,5,4,internal,p,d,5.096774193548387,0.48985,p,1,1501.1
837,1116,11116,104,50,1,word,low,mime,4,3,internal,m,l,1.0666666666666667,0.5113,l,0,1048.37
837,2223,12223,105,50,1,pseudoword,high,blug,4,4,external,g,p,4.5,0.55857,g,1,935.6
837,1213,11213,106,50,1,word,high,slab,4,4,external,b,p,5.066666666666666,0.70362,b,1,1702.54
837,3221,13221,107,50,1,consonant_string,high,fqcg,4,4,external,g,p,4.5,0.55857,p,0,742.8
837,3126,13126,108,50,1,consonant_string,low,lqvg,4,4,external,g,k,1.1666666666666667,0.37222,g,1,1539.05
837,2146,12146,109,50,1,pseudoword,low,proal,5,5,external,l,m,1.0666666666666667,0.5113,m,0,1216.0
837,1243,11243,110,50,1,word,high,moor,4,4,external,r,n,3.1333333333333333,0.62334,r,1,1925.62
837,3136,13136,112,50,1,consonant_string,low,hfwb,4,4,external,b,r,1.2666666666666666,0.51424,b,1,1796.61
837,3142,13142,113,50,1,consonant_string,low,wktl,4,4,external,l,m,1.0666666666666667,0.5113,m,0,1152.9
837,2110,12110,114,50,1,pseudoword,low,fard,4,4,external,d,k,1.3333333333333333,0.3996,d,1,891.15
837,1241,11241,115,50,1,word,high,file,4,3,internal,l,r,3.2580645161290325,0.56415,l,1,650.08
837,1130,11130,116,50,1,word,low,beef,4,4,external,f,p,1.6333333333333333,0.41008,f,1,664.28
837,2205,12205,117,50,1,pseudoword,high,brupe,5,4,internal,p,d,5.096774193548387,0.48985,p,1,636.83
837,2215,12215,118,50,1,pseudoword,high,gulm,4,4,external,m,n,4.666666666666667,0.6574,m,1,739.7
837,3235,13235,119,50,1,consonant_string,high,mkrb,4,4,external,b,g,3.533333333333333,0.46543,b,1,696.58
837,2122,12122,120,50,1,pseudoword,low,sleg,4,4,external,g,n,1.7,0.55212,g,1,602.79
837,2148,12148,121,50,1,pseudoword,low,zoke,4,3,internal,k,g,1.1666666666666667,0.37222,k,1,512.99
837,1122,11122,123,50,1,word,low,swag,4,4,external,g,n,1.7,0.55212,g,1,557.51
837,1247,11247,124,50,1,word,high,bale,4,3,internal,l,k,2.8,0.53572,l,1,581.72
837,2221,12221,125,50,1,pseudoword,high,quag,4,4,external,g,p,4.5,0.55857,g,1,695.59
837,2124,12124,126,50,1,pseudoword,low,jote,4,3,internal,t,d,1.3666666666666667,0.47786,d,0,800.81
837,1142,11142,127,50,1,word,low,seal,4,4,external,l,m,1.0666666666666667,0.5113,l,1,620.01
837,2106,12106,128,50,1,pseudoword,low,strepe,6,5,internal,p,v,1.1333333333333333,0.49111,v,0,592.55
837,1136,11136,129,50,1,word,low,stab,4,4,external,b,r,1.2666666666666666,0.51424,b,1,608.75
837,2247,12247,130,50,1,pseudoword,high,jile,4,3,internal,l,k,2.8,0.53572,l,1,1156.31
837,2245,12245,131,50,1,pseudoword,high,swork,5,4,internal,r,n,3.1333333333333333,0.62334,n,0,560.54
837,1144,11144,132,50,1,word,low,stone,5,4,internal,n,k,1.5333333333333334,0.52768,n,1,588.07
837,1118,11118,134,50,1,word,low,home,4,3,internal,m,l,1.0666666666666667,0.5113,m,1,618.94
837,3215,13215,135,50,1,consonant_string,high,sfdm,4,4,external,m,n,4.666666666666667,0.6574,n,0,826.48
837,3225,13225,136,50,1,consonant_string,high,fhgv,4,3,internal,g,d,4.1,0.62488,d,0,531.36
837,2235,12235,137,50,1,pseudoword,high,frab,4,4,external,b,g,3.533333333333333,0.46543,b,1,617.23
837,3146,13146,138,50,1,consonant_string,low,bfnsl,5,5,external,l,m,1.0666666666666667,0.5113,m,0,717.77
837,3217,13217,139,50,1,consonant_string,high,htjm,4,4,external,m,n,4.666666666666667,0.6574,n,0,933.32
837,2104,12104,140,50,1,pseudoword,low,swed,4,4,external,d,m,1.1333333333333333,0.58091,d,1,902.23
837,3132,13132,141,50,1,consonant_string,low,vzldb,5,4,internal,d,r,1.3333333333333333,0.49182,r,0,469.44
837,2231,12231,142,50,1,pseudoword,high,spode,5,4,internal,d,c,3.566666666666667,0.66158,d,1,640.96
837,1138,11138,143,50,1,word,low,date,4,3,internal,t,m,1.0666666666666667,0.52674,t,1,584.84
837,1231,11231,2,50,1,word,high,slide,5,4,internal,d,c,3.566666666666667,0.66158,d,1,746.71
837,2142,12142,3,50,1,pseudoword,low,drol,4,4,external,l,m,1.0666666666666667,0.5113,l,1,649.92
837,2229,12229,4,50,1,pseudoword,high,vofe,4,3,internal,f,r,3.8,0.69632,r,0,601.12
837,2116,12116,5,50,1,pseudoword,low,hime,4,3,internal,m,l,1.0666666666666667,0.5113,m,1,624.33
837,2201,12201,6,50,1,pseudoword,high,snum,4,2,internal,n,h,5.533333333333333,0.86536,h,0,775.87
837,1124,11124,7,50,1,word,low,bite,4,3,internal,t,d,1.3666666666666667,0.47786,t,1,630.75
837,2138,12138,8,50,1,pseudoword,low,jite,4,3,internal,t,m,1.0666666666666667,0.52674,t,1,968.63
837,1132,11132,9,50,1,word,low,spade,5,4,internal,d,r,1.3333333333333333,0.49182,d,1,649.19
837,2120,12120,10,50,1,pseudoword,low,wote,4,3,internal,t,m,1.0666666666666667,0.52674,t,1,549.39
837,3201,13201,11,50,1,consonant_string,high,znsq,4,2,internal,n,h,5.533333333333333,0.86536,h,0,702.6
837,1146,11146,13,50,1,word,low,steal,5,5,external,l,m,1.0666666666666667,0.5113,l,1,513.8
837,1221,11221,14,50,1,word,high,flog,4,4,external,g,p,4.5,0.55857,g,1,609.33
837,2213,12213,15,50,1,pseudoword,high,nalb,4,4,external,b,p,5.066666666666666,0.70362,b,1,886.88
837,1217,11217,16,50,1,word,high,scam,4,4,external,m,n,4.666666666666667,0.6574,n,0,764.77
837,2134,12134,17,50,1,pseudoword,low,brode,5,4,internal,d,m,1.1333333333333333,0.58091,m,0,591.31
837,2136,12136,18,50,1,pseudoword,low,plob,4,4,external,b,r,1.2666666666666666,0.51424,b,1,650.52
837,3114,13114,19,50,1,consonant_string,low,klpj,4,3,internal,p,s,1.2580645161290323,0.5767,p,1,756.73
837,3219,13219,20,50,1,consonant_string,high,gjkm,4,4,external,m,n,4.666666666666667,0.6574,n,0,527.93
837,2128,12128,21,50,1,pseudoword,low,goif,4,4,external,f,d,1.4333333333333333,0.51654,d,0,1192.82
837,3207,13207,22,50,1,consonant_string,high,qvsd,4,4,external,d,p,5.096774193548387,0.48985,d,1,1318.08
837,2118,12118,24,50,1,pseudoword,low,vume,4,3,internal,m,l,1.0666666666666667,0.5113,l,0,1225.68
837,2239,12239,25,50,1,pseudoword,high,glot,4,4,external,t,r,3.3666666666666667,0.59892,r,0,625.61
837,3144,13144,26,50,1,consonant_string,low,qjfnd,5,4,internal,n,k,1.5333333333333334,0.52768,n,1,584.46
837,3134,13134,27,50,1,consonant_string,low,pfldr,5,4,internal,d,m,1.1333333333333333,0.58091,d,1,582.32
837,1235,11235,28,50,1,word,high,drab,4,4,external,b,g,3.533333333333333,0.46543,b,1,625.19
837,2112,12112,29,50,1,pseudoword,low,glip,4,4,external,p,t,1.3333333333333333,0.53002,p,1,593.06
837,3138,13138,30,50,1,consonant_string,low,njtb,4,3,internal,t,m,1.0666666666666667,0.52674,t,1,614.27
837,2237,12237,31,50,1,pseudoword,high,blaw,4,4,external,w,m,3.4,0.62127,w,1,861.81
837,1223,11223,32,50,1,word,high,flag,4,4,external,g,p,4.5,0.55857,g,1,686.37
837,1209,11209,33,50,1,word,high,seed,4,4,external,d,p,5.096774193548387,0.48985,d,1,708.24
837,3209,13209,35,50,1,consonant_string,high,csbd,4,4,external,d,p,5.096774193548387,0.48985,p,0,1244.48
837,3116,13116,36,50,1,consonant_string,low,fsmt,4,3,internal,m,l,1.0666666666666667,0.5113,m,1,1044.74
837,1148,11148,37,50,1,word,low,sake,4,3,internal,k,g,1.1666666666666667,0.37222,k,1,673.96
837,3231,13231,38,50,1,consonant_string,high,gjwds,5,4,internal,d,c,3.566666666666667,0.66158,c,0,561.5
837,1227,11227,39,50,1,word,high,wing,4,4,external,g,d,4.1,0.62488,g,1,602.03
837,2243,12243,40,50,1,pseudoword,high,plur,4,4,external,r,n,3.1333333333333333,0.62334,r,1,739.24
837,3104,13104,41,50,1,consonant_string,low,htwd,4,4,external,d,m,1.1333333333333333,0.58091,d,1,1452.15
837,3128,13128,42,50,1,consonant_string,low,vjnf,4,4,external,f,d,1.4333333333333333,0.51654,d,0,1067.43
837,1106,11106,43,50,1,word,low,stripe,6,5,internal,p,v,1.1333333333333333,0.49111,p,1,597.98
837,3233,13233,44,50,1,consonant_string,high,vkdj,4,3,internal,d,c,3.566666666666667,0.66158,d,1,634.19
837,1211,11211,46,50,1,word,high,lead,4,4,external,d,p,5.096774193548387,0.48985,d,1,702.05
837,2140,12140,47,50,1,pseudoword,low,hule,4,3,internal,l,s,1.1,0.4218,l,1,658.27
837,3120,13120,48,50,1,consonant_string,low,pktv,4,3,internal,t,m,1.0666666666666667,0.52674,t,1,1621.51
837,3239,13239,49,50,1,consonant_string,high,mvjt,4,4,external,t,r,3.3666666666666667,0.59892,t,1,1496.14
837,3247,13247,50,50,1,consonant_string,high,gnlt,4,3,internal,l,k,2.8,0.53572,k,0,1265.41
838,1248,21248,0,67,2,word,high,sake,4,3,internal,k,l,2.8,0.53572,k,1,1302.73
838,3117,23117,56,67,2,consonant_string,low,htjm,4,4,external,m,b,1.2333333333333334,0.5784,m,1,1984.37
838,3234,23234,67,67,2,consonant_string,high,pfldr,5,4,internal,d,c,3.566666666666667,0.66158,d,1,1038.66
838,3145,23145,78,67,2,consonant_string,low,hvwrt,5,4,internal,r,c,1.4,0.55867,r,1,1310.91
838,2204,22204,89,67,2,pseudoword,high,swed,4,4,external,d,p,5.096774193548387,0.48985,d,1,2039.88
838,1137,21137,100,67,2,word,low,stew,4,4,external,w,p,1.1666666666666667,0.53452,w,1,798.17
838,1141,21141,111,67,2,word,low,file,4,3,internal,l,n,1.3666666666666667,0.46775,l,1,953.74
838,1214,21214,122,67,2,word,high,rope,4,3,internal,p,b,5.066666666666666,0.70362,p,1,943.29
838,1240,21240,133,67,2,word,high,pole,4,3,internal,l,r,3.2580645161290325,0.56415,l,1,683.85
838,2137,22137,1,67,2,pseudoword,low,blaw,4,4,external,w,p,1.1666666666666667,0.53452,w,1,845.07
838,1228,21228,12,67,2,word,high,reef,4,4,external,f,l,4.033333333333333,0.60982,f,1,810.65
838,2214,22214,23,67,2,pseudoword,high,dape,4,3,internal,p,b,5.066666666666666,0.70362,p,1,1472.56
838,3208,23208,34,67,2,consonant_string,high,cvsd,4,4,external,d,p,5.096774193548387,0.48985,p,0,1079.5
838,3222,23222,45,67,2,consonant_string,high,wbjg,4,4,external,g,p,4.5,0.55857,g,1,1008.74
838,2242,22242,51,67,2,pseudoword,high,drol,4,4,external,l,r,3.2580645161290325,0.56415,l,1,676.64
838,1222,21222,52,67,2,word,high,swag,4,4,external,g,p,4.5,0.55857,g,1,742.86
838,2107,22107,53,67,2,pseudoword,low,nood,4,4,external,d,r,1.3333333333333333,0.49182,r,0,2079.47
838,3214,23214,54,67,2,consonant_string,high,klpj,4,3,internal,p,b,5.066666666666666,0.70362,b,0,1231.78
838,1123,21123,55,67,2,word,low,flag,4,4,external,g,t,1.1333333333333333,0.44178,g,1,759.02
838,2216,22216,57,67,2,pseudoword,high,hime,4,3,internal,m,n,4.666666666666667,0.6574,m,1,1655.94
838,1117,21117,58,67,2,word,low,scam,4,4,external,m,b,1.2333333333333334,0.5784,m,1,650.54
838,2111,22111,59,67,2,pseudoword,low,zoud,4,4,external,d,k,1.3333333333333333,0.3996,k,0,1255.11
838,3220,23220,60,67,2,consonant_string,high,pktv,4,3,internal,t,l,4.5,0.47576,t,1,679.68
838,2224,22224,61,67,2,pseudoword,high,jote,4,3,internal,t,l,4.5,0.47576,t,1,882.9
838,1232,21232,62,67,2,word,high,spade,5,4,internal,d,c,3.566666666666667,0.66158,c,0,1005.14
838,1145,21145,63,67,2,word,low,spire,5,4,internal,r,c,1.4,0.55867,r,1,785.71
838,1234,21234,64,67,2,word,high,pride,5,4,internal,d,c,3.566666666666667,0.66158,d,1,664.91
838,1103,21103,65,67,2,word,low,shape,5,4,internal,p,v,1.1333333333333333,0.49111,p,1,540.78
838,3143,23143,66,67,2,consonant_string,low,fbvr,4,4,external,r,d,1.3333333333333333,0.49182,r,1,748.99
838,3230,23230,68,67,2,consonant_string,high,czhf,4,4,external,f,r,3.8,0.69632,f,1,1484.58
838,2246,22246,69,67,2,pseudoword,high,proal,5,5,external,l,k,2.8,0.53572,l,1,1404.86
838,2244,22244,70,67,2,pseudoword,high,slone,5,4,internal,n,r,3.1333333333333333,0.62334,n,1,1387.47
838,2103,22103,71,67,2,pseudoword,low,frope,5,4,internal,p,v,1.1333333333333333,0.49111,v,0,1061.74
838,3141,23141,72,67,2,consonant_string,low,pqlt,4,3,internal,l,n,1.3666666666666667,0.46775,n,0,693.63
838,3115,23115,73,67,2,consonant_string,low,sfdm,4,4,external,m,t,1.0666666666666667,0.52674,t,0,1556.22
838,1202,21202,74,67,2,word,high,snip,4,2,internal,n,h,5.533333333333333,0.86536,n,1,1001.8
838,3109,23109,75,67,2,consonant_string,low,csbd,4,4,external,d,m,1.1333333333333333,0.58091,d,1,775.38
838,1206,21206,76,67,2,word,high,stripe,6,5,internal,p,d,5.096774193548387,0.48985,p,1,1224.62
838,3103,23103,77,67,2,consonant_string,low,qsgpn,5,4,internal,p,v,1.1333333333333333,0.49111,p,1,728.53
838,1230,21230,79,67,2,word,high,beef,4,4,external,f,r,3.8,0.69632,f,1,2506.82
838,3107,23107,80,67,2,consonant_string,low,qvsd,4,4,external,d,r,1.3333333333333333,0.49182,r,0,1298.49
838,2143,22143,81,67,2,pseudoword,low,plur,4,4,external,r,d,1.3333333333333333,0.49182,r,1,654.07
838,3131,23131,82,67,2,consonant_string,low,gjwds,5,4,internal,d,m,1.1333333333333333,0.58091,m,0,707.61
838,3135,23135,83,67,2,consonant_string,low,mkrb,4,4,external,b,w,1.1,0.5109,w,0,710.16
838,2135,22135,84,67,2,pseudoword,low,frab,4,4,external,b,w,1.1,0.5109,b,1,583.03
838,1135,21135,85,67,2,word,low,drab,4,4,external,b,w,1.1,0.5109,b,1,586.24
838,3236,23236,86,67,2,consonant_string,high,hfwb,4,4,external,b,g,3.533333333333333,0.46543,g,0,684.44
838,1226,21226,87,67,2,word,high,bang,4,4,external,g,d,4.1,0.62488,g,1,913.66
838,3206,23206,88,67,2,consonant_string,high,jbfzpq,6,5,internal,p,d,5.096774193548387,0.48985,d,0,1299.59
838,1125,21125,90,67,2,word,low,wage,4,3,internal,g,k,1.1666666666666667,0.37222,g,1,651.16
838,2238,22238,91,67,2,pseudoword,high,jite,4,3,internal,t,r,3.3666666666666667,0.59892,r,0,793.7
838,3127,23127,92,67,2,consonant_string,low,bvcg,4,4,external,g,k,1.1666666666666667,0.37222,k,0,990.27
838,1147,21147,93,67,2,word,low,bale,4,3,internal,l,s,1.1,0.4218,l,1,686.49
838,2206,22206,94,67,2,pseudoword,high,strepe,6,5,internal,p,d,5.096774193548387,0.48985,p,1,1450.74
838,3123,23123,95,67,2,consonant_string,low,vlbg,4,4,external,g,t,1.1333333333333333,0.44178,g,1,822.33
838,3204,23204,96,67,2,consonant_string,high,htwd,4,4,external,d,p,5.096774193548387,0.48985,p,0,1401.25
838,2121,22121,97,67,2,pseudoword,low,quag,4,4,external,g,w,1.1666666666666667,0.52446,g,1,708.83
838,3113,23113,98,67,2,consonant_string,low,rtcb,4,4,external,b,m,1.2333333333333334,0.5784,m,0,1101.73
838,3218,23218,99,67,2,consonant_string,high,zsmj,4,3,internal,m,n,4.666666666666667,0.6574,m,1,1051.31
838,3133,23133,101,67,2,consonant_string,low,vkdj,4,3,internal,d,z,1.2333333333333334,0.52841,d,1,775.88
838,2123,22123,102,67,2,pseudoword,low,blug,4,4,external,g,t,1.1333333333333333,0.44178,g,1,856.1
838,1210,21210,103,67,2,word,high,weed,4,4,external,d,p,5.096774193548387,0.48985,d,1,1101.67
838,1129,21129,104,67,2,word,low,wife,4,3,internal,f,n,1.2,0.53217,f,1,619.24
838,1246,21246,105,67,2,word,high,steal,5,5,external,l,k,2.8,0.53572,l,1,838.12
838,2133,22133,106,67,2,pseudoword,low,kide,4,3,internal,d,z,1.2333333333333334,0.52841,d,1,631.33
838,2212,22212,107,67,2,pseudoword,high,glip,4,4,external,p,d,5.096774193548387,0.48985,p,1,719.55
838,3232,23232,108,67,2,consonant_string,high,vzldb,5,4,internal,d,c,3.566666666666667,0.66158,c,0,660.42
838,3137,23137,109,67,2,consonant_string,low,gbcw,4,4,external,w,p,1.1666666666666667,0.53452,w,1,497.3
838,2147,22147,110,67,2,pseudoword,low,jile,4,3,internal,l,s,1.1,0.4218,l,1,684.84
838,1208,21208,112,67,2,word,high,hood,4,4,external,d,p,5.096774193548387,0.48985,d,1,699.05
838,1101,21101,113,67,2,word,low,snow,4,2,internal,n,t,1.1,0.6011,n,1,996.6
838,3111,23111,114,67,2,consonant_string,low,srfd,4,4,external,d,k,1.3333333333333333,0.3996,k,0,681.17
838,3224,23224,115,67,2,consonant_string,high,gpts,4,3,internal,t,l,4.5,0.47576,l,0,686.05
838,3202,23202,116,67,2,consonant_string,high,knfc,4,2,internal,n,h,5.533333333333333,0.86536,n,1,875.27
838,1238,21238,117,67,2,word,high,date,4,3,internal,t,r,3.3666666666666667,0.59892,t,1,1624.53
838,2228,22228,118,67,2,pseudoword,high,goif,4,4,external,f,l,4.033333333333333,0.60982,l,0,1361.49
838,2234,22234,119,67,2,pseudoword,high,brode,5,4,internal,d,c,3.566666666666667,0.66158,d,1,1074.41
838,3121,23121,120,67,2,consonant_string,low,fqcg,4,4,external,g,w,1.1666666666666667,0.52446,w,0,754.32
838,1131,21131,121,67,2,word,low,slide,5,4,internal,d,m,1.1333333333333333,0.58091,d,1,2282.94
838,3125,23125,123,67,2,consonant_string,low,fhgv,4,3,internal,g,k,1.1666666666666667,0.37222,k,0,529.23
838,2210,22210,124,67,2,pseudoword,high,fard,4,4,external,d,p,5.096774193548387,0.48985,d,1,1938.47
838,1218,21218,125,67,2,word,high,home,4,3,internal,m,n,4.666666666666667,0.6574,m,1,651.76
838,3248,23248,126,67,2,consonant_string,high,dhkw,4,3,internal,k,l,2.8,0.53572,k,1,585.3
838,3101,23101,127,67,2,consonant_string,low,znsq,4,2,internal,n,t,1.1,0.6011,n,1,1128.52
838,1224,21224,128,67,2,word,high,bite,4,3,internal,t,l,4.5,0.47576,t,1,514.75
838,3129,23129,129,67,2,consonant_string,low,dtfh,4,3,internal,f,n,1.2,0.53217,f,1,567.61
838,2248,22248,130,67,2,pseudoword,high,zoke,4,3,internal,k,l,2.8,0.53572,k,1,922.5
838,2129,22129,131,67,2,pseudoword,low,vofe,4,3,internal,f,n,1.2,0.53217,n,0,1653.43
838,1113,21113,132,67,2,word,low,slab,4,4,external,b,m,1.2333333333333334,0.5784,b,1,869.03
838,2218,22218,134,67,2,pseudoword,high,vume,4,3,internal,m,n,4.666666666666667,0.6574,m,1,734.92
838,2208,22208,135,67,2,pseudoword,high,vild,4,4,external,d,p,5.096774193548387,0.48985,d,1,964.18
838,2220,22220,136,67,2,pseudoword,high,wote,4,3,internal,t,l,4.5,0.47576,t,1,566.03
838,1115,21115,137,67,2,word,low,beam,4,4,external,m,t,1.0666666666666667,0.52674,m,1,524.9
838,2119,22119,138,67,2,pseudoword,low,chom,4,4,external,m,t,1.0666666666666667,0.52674,m,1,721.77
838,2131,22131,139,67,2,pseudoword,low,spode,5,4,internal,d,m,1.1333333333333333,0.58091,d,1,1079.67
838,2232,22232,140,67,2,pseudoword,high,ghade,5,4,internal,d,c,3.566666666666667,0.66158,d,1,696.9
838,2125,22125,141,67,2,pseudoword,low,jege,4,3,internal,g,k,1.1666666666666667,0.37222,g,1,1404.48
838,1143,21143,142,67,2,word,low,moor,4,4,external,r,d,1.3333333333333333,0.49182,r,1,775.06
838,1119,21119,143,67,2,word,low,warm,4,4,external,m,t,1.0666666666666667,0.52674,m,1,492.94
838,1133,21133,2,67,2,word,low,fade,4,3,internal,d,z,1.2333333333333334,0.52841,d,1,485.47
838,3212,23212,3,67,2,consonant_string,high,qmwp,4,4,external,p,d,5.096774193548387,0.48985,p,1,829.67
838,2109,22109,4,67,2,pseudoword,low,glod,4,4,external,d,m,1.1333333333333333,0.58091,d,1,590.88
838,2113,22113,5,67,2,pseudoword,low,nalb,4,4,external,b,m,1.2333333333333334,0.5784,b,1,1662.13
838,1127,21127,6,67,2,word,low,wing,4,4,external,g,k,1.1666666666666667,0.37222,g,1,541.05
838,1111,21111,7,67,2,word,low,lead,4,4,external,d,k,1.3333333333333333,0.3996,d,1,492.26
838,3105,23105,8,67,2,consonant_string,low,fcmpk,5,4,internal,p,v,1.1333333333333333,0.49111,v,0,937.8
838,2117,22117,9,67,2,pseudoword,low,plim,4,4,external,m,b,1.2333333333333334,0.5784,m,1,540.01
838,2236,22236,10,67,2,pseudoword,high,plob,4,4,external,b,g,3.533333333333333,0.46543,b,1,1097.24
838,2230,22230,11,67,2,pseudoword,high,zeaf,4,4,external,f,r,3.8,0.69632,f,1,1065.81
838,1216,21216,13,67,2,word,high,mime,4,3,internal,m,n,4.666666666666667,0.6574,m,1,614.72
838,2145,22145,14,67,2,pseudoword,low,swork,5,4,internal,r,c,1.4,0.55867,c,0,1308.62
838,3210,23210,15,67,2,consonant_string,high,lsbd,4,4,external,d,p,5.096774193548387,0.48985,p,0,850.2
838,1105,21105,16,67,2,word,low,grape,5,4,internal,p,v,1.1333333333333333,0.49111,p,1,543.75
838,2139,22139,17,67,2,pseudoword,low,glot,4,4,external,t,n,1.1,0.6011,t,1,600.28
838,1220,21220,18,67,2,word,high,gate,4,3,internal,t,l,4.5,0.47576,t,1,471.82
838,3242,23242,19,67,2,consonant_string,high,wktl,4,4,external,l,r,3.2580645161290325,0.56415,l,1,678.68
838,1212,21212,20,67,2,word,high,grip,4,4,external,p,d,5.096774193548387,0.48985,p,1,841.9
838,2240,22240,21,67,2,pseudoword,high,hule,4,3,internal,l,r,3.2580645161290325,0.56415,l,1,735.45
838,1109,21109,22,67,2,word,low,seed,4,4,external,d,m,1.1333333333333333,0.58091,d,1,464.66
838,1121,21121,24,67,2,word,low,flog,4,4,external,g,w,1.1666666666666667,0.52446,g,1,625.53
838,3246,23246,25,67,2,consonant_string,high,bfnsl,5,5,external,l,k,2.8,0.53572,l,1,528.72
838,1139,21139,26,67,2,word,low,spat,4,4,external,t,n,1.1,0.6011,t,1,638.93
838,1107,21107,27,67,2,word,low,read,4,4,external,d,r,1.3333333333333333,0.49182,d,1,477.12
838,2202,22202,28,67,2,pseudoword,high,snad,4,2,internal,n,h,5.533333333333333,0.86536,n,1,1233.35
838,3139,23139,29,67,2,consonant_string,low,mvjt,4,4,external,t,n,1.1,0.6011,t,1,803.6
838,1236,21236,30,67,2,word,high,stab,4,4,external,b,g,3.533333333333333,0.46543,b,1,1028.16
838,2226,22226,31,67,2,pseudoword,high,yeng,4,4,external,g,d,4.1,0.62488,g,1,681.39
838,2105,22105,32,67,2,pseudoword,low,brupe,5,4,internal,p,v,1.1333333333333333,0.49111,p,1,546.6
838,2127,22127,33,67,2,pseudoword,low,reng,4,4,external,g,k,1.1666666666666667,0.37222,g,1,521.13
838,3216,23216,35,67,2,consonant_string,high,fsmt,4,3,internal,m,n,4.666666666666667,0.6574,m,1,585.99
838,3244,23244,36,67,2,consonant_string,high,qjfnd,5,4,internal,n,r,3.1333333333333333,0.62334,r,0,1138.22
838,1244,21244,37,67,2,word,high,stone,5,4,internal,n,r,3.1333333333333333,0.62334,n,1,567.44
838,3226,23226,38,67,2,consonant_string,high,lqvg,4,4,external,g,d,4.1,0.62488,g,1,1465.35
838,1204,21204,39,67,2,word,high,skid,4,4,external,d,p,5.096774193548387,0.48985,d,1,703.27
838,2141,22141,40,67,2,pseudoword,low,bule,4,3,internal,l,n,1.3666666666666667,0.46775,l,1,537.82
838,3228,23228,41,67,2,consonant_string,high,vjnf,4,4,external,f,l,4.033333333333333,0.60982,f,1,807.02
838,3238,23238,42,67,2,consonant_string,high,njtb,4,3,internal,t,r,3.3666666666666667,0.59892,t,1,1078.58
838,2115,22115,43,67,2,pseudoword,low,gulm,4,4,external,m,t,1.0666666666666667,0.52674,m,1,716.82
838,3240,23240,44,67,2,consonant_string,high,gtln,4,3,internal,l,r,3.2580645161290325,0.56415,l,1,628.7
838,3147,23147,46,67,2,consonant_string,low,gnlt,4,3,internal,l,s,1.1,0.4218,l,1,1226.92
838,2101,22101,47,67,2,pseudoword,low,snum,4,2,internal,n,t,1.1,0.6011,n,1,728.17
838,2222,22222,48,67,2,pseudoword,high,sleg,4,4,external,g,p,4.5,0.55857,g,1,1410.41
838,1242,21242,49,67,2,word,high,seal,4,4,external,l,r,3.2580645161290325,0.56415,l,1,568.33
838,3119,23119,50,67,2,consonant_string,low,gjkm,4,4,external,m,t,1.0666666666666667,0.52674,m,1,611.19
839,3108,33108,0,67,3,consonant_string,low,cvsd,4,4,external,d,k,1.3333333333333333,0.3996,d,1,1532.89
839,3207,33207,56,67,3,consonant_string,high,qvsd,4,4,external,d,p,5.096774193548387,0.48985,d,1,1539.17
839,1146,31146,67,67,3,word,low,steal,5,5,external,l,m,1.0666666666666667,0.5113,l,1,479.42
839,2215,32215,78,67,3,pseudoword,high,gulm,4,4,external,m,n,4.666666666666667,0.6574,n,0,946.63
839,1247,31247,89,67,3,word,high,bale,4,3,internal,l,k,2.8,0.53572,l,1,435.18
839,2138,32138,100,67,3,pseudoword,low,jite,4,3,internal,t,m,1.0666666666666667,0.52674,t,1,862.39
839,3114,33114,111,67,3,consonant_string,low,klpj,4,3,internal,p,s,1.2580645161290323,0.5767,p,1,823.29
839,2122,32122,122,67,3,pseudoword,low,sleg,4,4,external,g,n,1.7,0.55212,g,1,478.17
839,2142,32142,133,67,3,pseudoword,low,drol,4,4,external,l,m,1.0666666666666667,0.5113,l,1,486.35
839,1124,31124,1,67,3,word,low,bite,4,3,internal,t,d,1.3666666666666667,0.47786,t,1,537.54
839,2209,32209,12,67,3,pseudoword,high,glod,4,4,external,d,p,5.096774193548387,0.48985,d,1,600.75
839,2114,32114,23,67,3,pseudoword,low,dape,4,3,internal,p,s,1.2580645161290323,0.5767,p,1,1545.32
839,1102,31102,34,67,3,word,low,snip,4,2,internal,n,l,1.3666666666666667,0.46775,n,1,927.92
839,3225,33225,45,67,3,consonant_string,high,fhgv,4,3,internal,g,d,4.1,0.62488,g,1,900.16
839,2247,32247,51,67,3,pseudoword,high,jile,4,3,internal,l,k,2.8,0.53572,l,1,584.72
839,1245,31245,52,67,3,word,high,spire,5,4,internal,r,n,3.1333333333333333,0.62334,r,1,527.91
839,1235,31235,53,67,3,word,high,drab,4,4,external,b,g,3.533333333333333,0.46543,b,1,747.11
839,2205,32205,54,67,3,pseudoword,high,brupe,5,4,internal,p,d,5.096774193548387,0.48985,p,1,680.67
839,1241,31241,55,67,3,word,high,file,4,3,internal,l,r,3.2580645161290325,0.56415,l,1,439.86
839,1142,31142,57,67,3,word,low,seal,4,4,external,l,m,1.0666666666666667,0.5113,l,1,414.06
839,3245,33245,58,67,3,consonant_string,high,hvwrt,5,4,internal,r,n,3.1333333333333333,0.62334,r,1,402.91
839,2235,32235,59,67,3,pseudoword,high,frab,4,4,external,b,g,3.533333333333333,0.46543,b,1,596.43
839,1122,31122,60,67,3,word,low,swag,4,4,external,g,n,1.7,0.55212,g,1,876.97
839,3102,33102,61,67,3,consonant_string,low,knfc,4,2,internal,n,l,1.3666666666666667,0.46775,n,1,640.2
839,3205,33205,62,67,3,consonant_string,high,fcmpk,5,4,internal,p,d,5.096774193548387,0.48985,d,0,1618.44
839,3221,33221,63,67,3,consonant_string,high,fqcg,4,4,external,g,p,4.5,0.55857,g,1,720.37
839,1144,31144,64,67,3,word,low,stone,5,4,internal,n,k,1.5333333333333334,0.52768,n,1,446.25
839,1104,31104,65,67,3,word,low,skid,4,4,external,d,m,1.1333333333333333,0.58091,d,1,675.78
839,2140,32140,66,67,3,pseudoword,low,hule,4,3,internal,l,s,1.1,0.4218,l,1,519.99
839,3112,33112,68,67,3,consonant_string,low,qmwp,4,4,external,p,t,1.3333333333333333,0.53002,p,1,485.86
839,2243,32243,69,67,3,pseudoword,high,plur,4,4,external,r,n,3.1333333333333333,0.62334,r,1,475.04
839,3116,33116,70,67,3,consonant_string,low,fsmt,4,3,internal,m,l,1.0666666666666667,0.5113,m,1,744.91
839,1140,31140,71,67,3,word,low,pole,4,3,internal,l,s,1.1,0.4218,l,1,414.44
839,3120,33120,72,67,3,consonant_string,low,pktv,4,3,internal,t,m,1.0666666666666667,0.52674,t,1,1248.32
839,1126,31126,73,67,3,word,low,bang,4,4,external,g,k,1.1666666666666667,0.37222,g,1,379.89
839,1118,31118,74,67,3,word,low,home,4,3,internal,m,l,1.0666666666666667,0.5113,m,1,438.08
839,2203,32203,75,67,3,pseudoword,high,frope,5,4,internal,p,d,5.096774193548387,0.48985,p,1,1324.29
839,1138,31138,76,67,3,word,low,date,4,3,internal,t,m,1.0666666666666667,0.52674,t,1,416.2
839,1128,31128,77,67,3,word,low,reef,4,4,external,f,d,1.4333333333333333,0.51654,d,0,370.05
839,3132,33132,79,67,3,consonant_string,low,vzldb,5,4,internal,d,r,1.3333333333333333,0.49182,r,0,1046.92
839,2130,32130,80,67,3,pseudoword,low,zeaf,4,4,external,f,p,1.6333333333333333,0.41008,f,1,550.48
839,1112,31112,81,67,3,word,low,grip,4,4,external,p,t,1.3333333333333333,0.53002,p,1,481.02
839,2217,32217,82,67,3,pseudoword,high,plim,4,4,external,m,n,4.666666666666667,0.6574,n,0,917.22
839,3148,33148,83,67,3,consonant_string,low,dhkw,4,3,internal,k,g,1.1666666666666667,0.37222,g,0,1573.15
839,3134,33134,84,67,3,consonant_string,low,pfldr,5,4,internal,d,m,1.1333333333333333,0.58091,d,1,611.07
839,3223,33223,85,67,3,consonant_string,high,vlbg,4,4,external,g,p,4.5,0.55857,g,1,792.96
839,3231,33231,86,67,3,consonant_string,high,gjwds,5,4,internal,d,c,3.566666666666667,0.66158,d,1,722.51
839,1239,31239,87,67,3,word,high,spat,4,4,external,t,r,3.3666666666666667,0.59892,r,0,551.38
839,2102,32102,88,67,3,pseudoword,low,snad,4,2,internal,n,l,1.3666666666666667,0.46775,n,1,813.92
839,3213,33213,90,67,3,consonant_string,high,rtcb,4,4,external,b,p,5.066666666666666,0.70362,b,1,705.8
839,3203,33203,91,67,3,consonant_string,high,qsgpn,5,4,internal,p,d,5.096774193548387,0.48985,p,1,908.36
839,1219,31219,92,67,3,word,high,warm,4,4,external,m,n,4.666666666666667,0.6574,m,1,492.91
839,2213,32213,93,67,3,pseudoword,high,nalb,4,4,external,b,p,5.066666666666666,0.70362,b,1,790.45
839,3104,33104,94,67,3,consonant_string,low,htwd,4,4,external,d,m,1.1333333333333333,0.58091,d,1,792.67
839,1201,31201,95,67,3,word,high,snow,4,2,internal,n,h,5.533333333333333,0.86536,n,1,590.22
839,1134,31134,96,67,3,word,low,pride,5,4,internal,d,m,1.1333333333333333,0.58091,d,1,495.41
839,2227,32227,97,67,3,pseudoword,high,reng,4,4,external,g,d,4.1,0.62488,g,1,684.96
839,2128,32128,98,67,3,pseudoword,low,goif,4,4,external,f,d,1.4333333333333333,0.51654,f,1,1166.18
839,3106,33106,99,67,3,consonant_string,low,jbfzpq,6,5,internal,p,v,1.1333333333333333,0.49111,v,0,887.09
839,2108,32108,101,67,3,pseudoword,low,vild,4,4,external,d,k,1.3333333333333333,0.3996,d,1,769.33
839,3237,33237,102,67,3,consonant_string,high,gbcw,4,4,external,w,m,3.4,0.62127,w,1,943.21
839,2233,32233,103,67,3,pseudoword,high,kide,4,3,internal,d,c,3.566666666666667,0.66158,d,1,439.76
839,1229,31229,104,67,3,word,high,wife,4,3,internal,f,r,3.8,0.69632,f,1,473.95
839,1148,31148,105,67,3,word,low,sake,4,3,internal,k,g,1.1666666666666667,0.37222,k,1,412.8
839,3209,33209,106,67,3,consonant_string,high,csbd,4,4,external,d,p,5.096774193548387,0.48985,d,1,692.66
839,2237,32237,107,67,3,pseudoword,high,blaw,4,4,external,w,m,3.4,0.62127,w,1,918.22
839,2239,32239,108,67,3,pseudoword,high,glot,4,4,external,t,r,3.3666666666666667,0.59892,t,1,622.11
839,1213,31213,109,67,3,word,high,slab,4,4,external,b,p,5.066666666666666,0.70362,b,1,459.98
839,3239,33239,110,67,3,consonant_string,high,mvjt,4,4,external,t,r,3.3666666666666667,0.59892,t,1,639.85
839,3118,33118,112,67,3,consonant_string,low,zsmj,4,3,internal,m,l,1.0666666666666667,0.5113,l,0,717.05
839,3247,33247,113,67,3,consonant_string,high,gnlt,4,3,internal,l,k,2.8,0.53572,l,1,1123.95
839,1108,31108,114,67,3,word,low,hood,4,4,external,d,k,1.3333333333333333,0.3996,d,1,502.84
839,2201,32201,115,67,3,pseudoword,high,snum,4,2,internal,n,h,5.533333333333333,0.86536,n,1,632.61
839,1203,31203,116,67,3,word,high,shape,5,4,internal,p,d,5.096774193548387,0.48985,p,1,584.82
839,3241,33241,117,67,3,consonant_string,high,pqlt,4,3,internal,l,r,3.2580645161290325,0.56415,r,0,647.02
839,3229,33229,118,67,3,consonant_string,high,dtfh,4,3,internal,f,r,3.8,0.69632,f,1,449.56
839,2136,32136,119,67,3,pseudoword,low,plob,4,4,external,b,r,1.2666666666666666,0.51424,b,1,547.08
839,3146,33146,120,67,3,consonant_string,low,bfnsl,5,5,external,l,m,1.0666666666666667,0.5113,m,0,662.61
839,3217,33217,121,67,3,consonant_string,high,htjm,4,4,external,m,n,4.666666666666667,0.6574,n,0,780.5
839,2221,32221,123,67,3,pseudoword,high,quag,4,4,external,g,p,4.5,0.55857,p,0,719.71
839,1207,31207,124,67,3,word,high,read,4,4,external,d,p,5.096774193548387,0.48985,d,1,635.58
839,3140,33140,125,67,3,consonant_string,low,gtln,4,3,internal,l,s,1.1,0.4218,s,0,1084.81
839,3130,33130,126,67,3,consonant_string,low,czhf,4,4,external,f,p,1.6333333333333333,0.41008,p,0,777.05
839,3211,33211,127,67,3,consonant_string,high,srfd,4,4,external,d,p,5.096774193548387,0.48985,d,1,807.28
839,1114,31114,128,67,3,word,low,rope,4,3,internal,p,s,1.2580645161290323,0.5767,p,1,569.82
839,3227,33227,129,67,3,consonant_string,high,bvcg,4,4,external,g,d,4.1,0.62488,d,0,1020.7
839,2219,32219,130,67,3,pseudoword,high,chom,4,4,external,m,n,4.666666666666667,0.6574,m,1,490.59
839,3219,33219,131,67,3,consonant_string,high,gjkm,4,4,external,m,n,4.666666666666667,0.6574,n,0,811.8
839,2116,32116,132,67,3,pseudoword,low,hime,4,3,internal,m,l,1.0666666666666667,0.5113,m,1,510.67
839,3136,33136,134,67,3,consonant_string,low,hfwb,4,4,external,b,r,1.2666666666666666,0.51424,r,0,1402.58
839,2229,32229,135,67,3,pseudoword,high,vofe,4,3,internal,f,r,3.8,0.69632,f,1,672.16
839,1209,31209,136,67,3,word,high,seed,4,4,external,d,p,5.096774193548387,0.48985,d,1,487.02
839,2132,32132,137,67,3,pseudoword,low,ghade,5,4,internal,d,r,1.3333333333333333,0.49182,d,1,961.24
839,3142,33142,138,67,3,consonant_string,low,wktl,4,4,external,l,m,1.0666666666666667,0.5113,m,0,745.13
839,1215,31215,139,67,3,word,high,beam,4,4,external,m,n,4.666666666666667,0.6574,m,1,474.67
839,2207,32207,140,67,3,pseudoword,high,nood,4,4,external,d,p,5.096774193548387,0.48985,d,1,782.54
839,2134,32134,141,67,3,pseudoword,low,brode,5,4,internal,d,m,1.1333333333333333,0.58091,m,0,1241.78
839,2146,32146,142,67,3,pseudoword,low,proal,5,5,external,l,m,1.0666666666666667,0.5113,l,1,557.35
839,3144,33144,143,67,3,consonant_string,low,qjfnd,5,4,internal,n,k,1.5333333333333334,0.52768,n,1,1247.92
839,1233,31233,2,67,3,word,high,fade,4,3,internal,d,c,3.566666666666667,0.66158,c,0,495.48
839,2112,32112,3,67,3,pseudoword,low,glip,4,4,external,p,t,1.3333333333333333,0.53002,p,1,518.0
839,1136,31136,4,67,3,word,low,stab,4,4,external,b,r,1.2666666666666666,0.51424,b,1,643.87
839,2126,32126,5,67,3,pseudoword,low,yeng,4,4,external,g,k,1.1666666666666667,0.37222,g,1,660.42
839,2245,32245,6,67,3,pseudoword,high,swork,5,4,internal,r,n,3.1333333333333333,0.62334,r,1,683.29
839,1227,31227,7,67,3,word,high,wing,4,4,external,g,d,4.1,0.62488,g,1,642.5
839,2225,32225,8,67,3,pseudoword,high,jege,4,3,internal,g,d,4.1,0.62488,d,0,813.05
839,3215,33215,9,67,3,consonant_string,high,sfdm,4,4,external,m,n,4.666666666666667,0.6574,n,0,1229.97
839,2106,32106,10,67,3,pseudoword,low,strepe,6,5,internal,p,v,1.1333333333333333,0.49111,p,1,1009.22
839,1116,31116,11,67,3,word,low,mime,4,3,internal,m,l,1.0666666666666667,0.5113,m,1,700.11
839,1223,31223,13,67,3,word,high,flag,4,4,external,g,p,4.5,0.55857,g,1,703.67
839,1132,31132,14,67,3,word,low,spade,5,4,internal,d,r,1.3333333333333333,0.49182,r,0,1434.24
839,3128,33128,15,67,3,consonant_string,low,vjnf,4,4,external,f,d,1.4333333333333333,0.51654,d,0,1856.53
839,2241,32241,16,67,3,pseudoword,high,bule,4,3,internal,l,r,3.2580645161290325,0.56415,l,1,524.14
839,1225,31225,17,67,3,word,high,wage,4,3,internal,g,d,4.1,0.62488,d,0,444.99
839,2148,32148,18,67,3,pseudoword,low,zoke,4,3,internal,k,g,1.1666666666666667,0.37222,g,0,2800.62
839,1130,31130,19,67,3,word,low,beef,4,4,external,f,p,1.6333333333333333,0.41008,f,1,435.26
839,3110,33110,20,67,3,consonant_string,low,lsbd,4,4,external,d,k,1.3333333333333333,0.3996,d,1,820.47
839,2110,32110,21,67,3,pseudoword,low,fard,4,4,external,d,k,1.3333333333333333,0.3996,d,1,514.35
839,3243,33243,22,67,3,consonant_string,high,fbvr,4,4,external,r,n,3.1333333333333333,0.62334,r,1,603.21
839,1120,31120,24,67,3,word,low,gate,4,3,internal,t,m,1.0666666666666667,0.52674,t,1,437.75
839,3126,33126,25,67,3,consonant_string,low,lqvg,4,4,external,g,k,1.1666666666666667,0.37222,g,1,471.94
839,1205,31205,26,67,3,word,high,grape,5,4,internal,p,d,5.096774193548387,0.48985,p,1,886.81
839,3201,33201,27,67,3,consonant_string,high,znsq,4,2,internal,n,h,5.533333333333333,0.86536,n,1,791.03
839,3233,33233,28,67,3,consonant_string,high,vkdj,4,3,internal,d,c,3.566666666666667,0.66158,d,1,507.25
839,2211,32211,29,67,3,pseudoword,high,zoud,4,4,external,d,p,5.096774193548387,0.48985,d,1,642.77
839,2124,32124,30,67,3,pseudoword,low,jote,4,3,internal,t,d,1.3666666666666667,0.47786,t,1,445.31
839,1243,31243,31,67,3,word,high,moor,4,4,external,r,n,3.1333333333333333,0.62334,r,1,467.84
839,2104,32104,32,67,3,pseudoword,low,swed,4,4,external,d,m,1.1333333333333333,0.58091,d,1,789.7
839,1211,31211,33,67,3,word,high,lead,4,4,external,d,p,5.096774193548387,0.48985,d,1,618.92
839,1221,31221,35,67,3,word,high,flog,4,4,external,g,p,4.5,0.55857,g,1,516.78
839,1217,31217,36,67,3,word,high,scam,4,4,external,m,n,4.666666666666667,0.6574,m,1,491.65
839,2223,32223,37,67,3,pseudoword,high,blug,4,4,external,g,p,4.5,0.55857,g,1,1390.21
839,2118,32118,38,67,3,pseudoword,low,vume,4,3,internal,m,l,1.0666666666666667,0.5113,l,0,1613.5
839,3138,33138,39,67,3,consonant_string,low,njtb,4,3,internal,t,m,1.0666666666666667,0.52674,t,1,1710.47
839,2120,32120,40,67,3,pseudoword,low,wote,4,3,internal,t,m,1.0666666666666667,0.52674,t,1,425.39
839,2144,32144,41,67,3,pseudoword,low,slone,5,4,internal,n,k,1.5333333333333334,0.52768,n,1,530.58
839,1237,31237,42,67,3,word,high,stew,4,4,external,w,m,3.4,0.62127,w,1,492.77
839,1110,31110,43,67,3,word,low,weed,4,4,external,d,k,1.3333333333333333,0.3996,d,1,578.31
839,3235,33235,44,67,3,consonant_string,high,mkrb,4,4,external,b,g,3.533333333333333,0.46543,b,1,1218.54
839,1231,31231,46,67,3,word,high,slide,5,4,internal,d,c,3.566666666666667,0.66158,d,1,560.43
839,2231,32231,47,67,3,pseudoword,high,spode,5,4,internal,d,c,3.566666666666667,0.66158,d,1,609.31
839,3122,33122,48,67,3,consonant_string,low,wbjg,4,4,external,g,n,1.7,0.55212,g,1,577.18
839,1106,31106,49,67,3,word,low,stripe,6,5,internal,p,v,1.1333333333333333,0.49111,p,1,562.38
839,3124,33124,50,67,3,consonant_string,low,gpts,4,3,internal,t,d,1.3666666666666667,0.47786,t,1,628.24
840,1111,41111,0,67,4,word,low,lead,4,4,external,d,k,1.3333333333333333,0.3996,k,0,671.87
840,1133,41133,56,67,4,word,low,fade,4,3,internal,d,z,1.2333333333333334,0.52841,d,1,488.75
840,3127,43127,67,67,4,consonant_string,low,bvcg,4,4,external,g,k,1.1666666666666667,0.37222,g,1,501.94
840,2145,42145,78,67,4,pseudoword,low,swork,5,4,internal,r,c,1.4,0.55867,r,1,603.46
840,3129,43129,89,67,4,consonant_string,low,dtfh,4,3,internal,f,n,1.2,0.53217,f,1,574.0
840,1145,41145,100,67,4,word,low,spire,5,4,internal,r,c,1.4,0.55867,r,1,603.2
840,2109,42109,111,67,4,pseudoword,low,glod,4,4,external,d,m,1.1333333333333333,0.58091,d,1,811.76
840,3204,43204,122,67,4,consonant_string,high,htwd,4,4,external,d,p,5.096774193548387,0.48985,d,1,1137.65
840,1228,41228,133,67,4,word,high,reef,4,4,external,f,l,4.033333333333333,0.60982,f,1,489.88
840,1210,41210,1,67,4,word,high,weed,4,4,external,d,p,5.096774193548387,0.48985,d,1,598.08
840,2137,42137,12,67,4,pseudoword,low,blaw,4,4,external,w,p,1.1666666666666667,0.53452,w,1,544.61
840,2133,42133,23,67,4,pseudoword,low,kide,4,3,internal,d,z,1.2333333333333334,0.52841,d,1,506.15
840,2228,42228,34,67,4,pseudoword,high,goif,4,4,external,f,l,4.033333333333333,0.60982,f,1,518.67
840,1246,41246,45,67,4,word,high,steal,5,5,external,l,k,2.8,0.53572,l,1,504.53
840,1222,41222,51,67,4,word,high,swag,4,4,external,g,p,4.5,0.55857,g,1,634.06
840,1242,41242,52,67,4,word,high,seal,4,4,external,l,r,3.2580645161290325,0.56415,l,1,521.27
840,2127,42127,53,67,4,pseudoword,low,reng,4,4,external,g,k,1.1666666666666667,0.37222,g,1,559.13
840,2226,42226,54,67,4,pseudoword,high,yeng,4,4,external,g,d,4.1,0.62488,g,1,470.99
840,3101,43101,55,67,4,consonant_string,low,znsq,4,2,internal,n,t,1.1,0.6011,n,1,1628.9
840,1101,41101,57,67,4,word,low,snow,4,2,internal,n,t,1.1,0.6011,n,1,1058.17
840,3210,43210,58,67,4,consonant_string,high,lsbd,4,4,external,d,p,5.096774193548387,0.48985,p,0,763.75
840,1248,41248,59,67,4,word,high,sake,4,3,internal,k,l,2.8,0.53572,k,1,423.62
840,3123,43123,60,67,4,consonant_string,low,vlbg,4,4,external,g,t,1.1333333333333333,0.44178,g,1,594.47
840,2246,42246,61,67,4,pseudoword,high,proal,5,5,external,l,k,2.8,0.53572,l,1,437.0
840,2244,42244,62,67,4,pseudoword,high,slone,5,4,internal,n,r,3.1333333333333333,0.62334,n,1,486.2
840,2208,42208,63,67,4,pseudoword,high,vild,4,4,external,d,p,5.096774193548387,0.48985,d,1,491.39
840,3232,43232,64,67,4,consonant_string,high,vzldb,5,4,internal,d,c,3.566666666666667,0.66158,d,1,437.91
840,3208,43208,65,67,4,consonant_string,high,cvsd,4,4,external,d,p,5.096774193548387,0.48985,p,0,677.11
840,2111,42111,66,67,4,pseudoword,low,zoud,4,4,external,d,k,1.3333333333333333,0.3996,d,1,627.31
840,1204,41204,68,67,4,word,high,skid,4,4,external,d,p,5.096774193548387,0.48985,d,1,555.52
840,3240,43240,69,67,4,consonant_string,high,gtln,4,3,internal,l,r,3.2580645161290325,0.56415,l,1,610.05
840,2139,42139,70,67,4,pseudoword,low,glot,4,4,external,t,n,1.1,0.6011,t,1,431.92
840,2218,42218,71,67,4,pseudoword,high,vume,4,3,internal,m,n,4.666666666666667,0.6574,m,1,731.11
840,3115,43115,72,67,4,consonant_string,low,sfdm,4,4,external,m,t,1.0666666666666667,0.52674,t,0,492.33
840,2147,42147,73,67,4,pseudoword,low,jile,4,3,internal,l,s,1.1,0.4218,l,1,429.84
840,3137,43137,74,67,4,consonant_string,low,gbcw,4,4,external,w,p,1.1666666666666667,0.53452,w,1,424.03
840,3218,43218,75,67,4,consonant_string,high,zsmj,4,3,internal,m,n,4.666666666666667,0.6574,n,0,619.9
840,1103,41103,76,67,4,word,low,shape,5,4,internal,p,v,1.1333333333333333,0.49111,p,1,630.76
840,3216,43216,77,67,4,consonant_string,high,fsmt,4,3,internal,m,n,4.666666666666667,0.6574,n,0,427.97
840,3212,43212,79,67,4,consonant_string,high,qmwp,4,4,external,p,d,5.096774193548387,0.48985,d,0,432.13
840,3109,43109,80,67,4,consonant_string,low,csbd,4,4,external,d,m,1.1333333333333333,0.58091,m,0,552.33
840,2236,42236,81,67,4,pseudoword,high,plob,4,4,external,b,g,3.533333333333333,0.46543,b,1,528.87
840,2242,42242,82,67,4,pseudoword,high,drol,4,4,external,l,r,3.2580645161290325,0.56415,l,1,360.06
840,2220,42220,83,67,4,pseudoword,high,wote,4,3,internal,t,l,4.5,0.47576,t,1,425.92
840,3242,43242,84,67,4,consonant_string,high,wktl,4,4,external,l,r,3.2580645161290325,0.56415,r,0,736.11
840,1236,41236,85,67,4,word,high,stab,4,4,external,b,g,3.533333333333333,0.46543,b,1,378.31
840,2131,42131,86,67,4,pseudoword,low,spode,5,4,internal,d,m,1.1333333333333333,0.58091,d,1,409.5
840,3121,43121,87,67,4,consonant_string,low,fqcg,4,4,external,g,w,1.1666666666666667,0.52446,w,0,872.37
840,3125,43125,88,67,4,consonant_string,low,fhgv,4,3,internal,g,k,1.1666666666666667,0.37222,g,1,494.25
840,1234,41234,90,67,4,word,high,pride,5,4,internal,d,c,3.566666666666667,0.66158,d,1,440.77
840,3105,43105,91,67,4,consonant_string,low,fcmpk,5,4,internal,p,v,1.1333333333333333,0.49111,v,0,411.96
840,3224,43224,92,67,4,consonant_string,high,gpts,4,3,internal,t,l,4.5,0.47576,t,1,647.82
840,3202,43202,93,67,4,consonant_string,high,knfc,4,2,internal,n,h,5.533333333333333,0.86536,h,0,506.36
840,3248,43248,94,67,4,consonant_string,high,dhkw,4,3,internal,k,l,2.8,0.53572,k,1,401.88
840,1238,41238,95,67,4,word,high,date,4,3,internal,t,r,3.3666666666666667,0.59892,t,1,561.4
840,1129,41129,96,67,4,word,low,wife,4,3,internal,f,n,1.2,0.53217,f,1,371.26
840,3230,43230,97,67,4,consonant_string,high,czhf,4,4,external,f,r,3.8,0.69632,f,1,491.11
840,1143,41143,98,67,4,word,low,moor,4,4,external,r,d,1.3333333333333333,0.49182,r,1,408.64
840,1113,41113,99,67,4,word,low,slab,4,4,external,b,m,1.2333333333333334,0.5784,b,1,696.17
840,1105,41105,101,67,4,word,low,grape,5,4,internal,p,v,1.1333333333333333,0.49111,v,0,526.7
840,1127,41127,102,67,4,word,low,wing,4,4,external,g,k,1.1666666666666667,0.37222,g,1,422.9
840,3111,43111,103,67,4,consonant_string,low,srfd,4,4,external,d,k,1.3333333333333333,0.3996,d,1,611.76
840,1244,41244,104,67,4,word,high,stone,5,4,internal,n,r,3.1333333333333333,0.62334,n,1,531.63
840,2119,42119,105,67,4,pseudoword,low,chom,4,4,external,m,t,1.0666666666666667,0.52674,m,1,467.82
840,2101,42101,106,67,4,pseudoword,low,snum,4,2,internal,n,t,1.1,0.6011,t,0,778.69
840,2212,42212,107,67,4,pseudoword,high,glip,4,4,external,p,d,5.096774193548387,0.48985,p,1,768.91
840,1139,41139,108,67,4,word,low,spat,4,4,external,t,n,1.1,0.6011,t,1,529.78
840,1230,41230,109,67,4,word,high,beef,4,4,external,f,r,3.8,0.69632,f,1,734.99
840,2143,42143,110,67,4,pseudoword,low,plur,4,4,external,r,d,1.3333333333333333,0.49182,r,1,1041.22
840,3141,43141,112,67,4,consonant_string,low,pqlt,4,3,internal,l,n,1.3666666666666667,0.46775,n,0,882.79
840,1240,41240,113,67,4,word,high,pole,4,3,internal,l,r,3.2580645161290325,0.56415,l,1,614.01
840,3222,43222,114,67,4,consonant_string,high,wbjg,4,4,external,g,p,4.5,0.55857,g,1,763.88
840,1226,41226,115,67,4,word,high,bang,4,4,external,g,d,4.1,0.62488,g,1,582.44
840,3117,43117,116,67,4,consonant_string,low,htjm,4,4,external,m,b,1.2333333333333334,0.5784,m,1,478.64
840,2232,42232,117,67,4,pseudoword,high,ghade,5,4,internal,d,c,3.566666666666667,0.66158,d,1,404.83
840,2202,42202,118,67,4,pseudoword,high,snad,4,2,internal,n,h,5.533333333333333,0.86536,n,1,767.37
840,2248,42248,119,67,4,pseudoword,high,zoke,4,3,internal,k,l,2.8,0.53572,k,1,886.25
840,1206,41206,120,67,4,word,high,stripe,6,5,internal,p,d,5.096774193548387,0.48985,p,1,555.47
840,3244,43244,121,67,4,consonant_string,high,qjfnd,5,4,internal,n,r,3.1333333333333333,0.62334,n,1,492.0
840,3145,43145,123,67,4,consonant_string,low,hvwrt,5,4,internal,r,c,1.4,0.55867,r,1,499.52
840,2123,42123,124,67,4,pseudoword,low,blug,4,4,external,g,t,1.1333333333333333,0.44178,g,1,390.05
840,2141,42141,125,67,4,pseudoword,low,bule,4,3,internal,l,n,1.3666666666666667,0.46775,n,0,715.24
840,3214,43214,126,67,4,consonant_string,high,klpj,4,3,internal,p,b,5.066666666666666,0.70362,p,1,480.11
840,2210,42210,127,67,4,pseudoword,high,fard,4,4,external,d,p,5.096774193548387,0.48985,d,1,778.32
840,1220,41220,128,67,4,word,high,gate,4,3,internal,t,l,4.5,0.47576,t,1,650.53
840,3107,43107,129,67,4,consonant_string,low,qvsd,4,4,external,d,r,1.3333333333333333,0.49182,d,1,577.07
840,2222,42222,130,67,4,pseudoword,high,sleg,4,4,external,g,p,4.5,0.55857,g,1,801.28
840,3133,43133,131,67,4,consonant_string,low,vkdj,4,3,internal,d,z,1.2333333333333334,0.52841,z,0,494.83
840,3119,43119,132,67,4,consonant_string,low,gjkm,4,4,external,m,t,1.0666666666666667,0.52674,t,0,496.35
840,3234,43234,134,67,4,consonant_string,high,pfldr,5,4,internal,d,c,3.566666666666667,0.66158,d,1,699.89
840,1135,41135,135,67,4,word,low,drab,4,4,external,b,w,1.1,0.5109,b,1,716.44
840,2121,42121,136,67,4,pseudoword,low,quag,4,4,external,g,w,1.1666666666666667,0.52446,g,1,485.31
840,2230,42230,137,67,4,pseudoword,high,zeaf,4,4,external,f,r,3.8,0.69632,f,1,714.52
840,1224,41224,138,67,4,word,high,bite,4,3,internal,t,l,4.5,0.47576,t,1,573.38
840,1117,41117,139,67,4,word,low,scam,4,4,external,m,b,1.2333333333333334,0.5784,m,1,556.25
840,1216,41216,140,67,4,word,high,mime,4,3,internal,m,n,4.666666666666667,0.6574,m,1,437.78
840,1119,41119,141,67,4,word,low,warm,4,4,external,m,t,1.0666666666666667,0.52674,m,1,454.96
840,3246,43246,142,67,4,consonant_string,high,bfnsl,5,5,external,l,k,2.8,0.53572,k,0,468.48
840,1137,41137,143,67,4,word,low,stew,4,4,external,w,p,1.1666666666666667,0.53452,w,1,570.35
840,1218,41218,2,67,4,word,high,home,4,3,internal,m,n,4.666666666666667,0.6574,m,1,413.2
840,3103,43103,3,67,4,consonant_string,low,qsgpn,5,4,internal,p,v,1.1333333333333333,0.49111,p,1,581.07
840,1125,41125,4,67,4,word,low,wage,4,3,internal,g,k,1.1666666666666667,0.37222,g,1,571.27
840,1107,41107,5,67,4,word,low,read,4,4,external,d,r,1.3333333333333333,0.49182,d,1,478.13
840,2216,42216,6,67,4,pseudoword,high,hime,4,3,internal,m,n,4.666666666666667,0.6574,m,1,518.33
840,1212,41212,7,67,4,word,high,grip,4,4,external,p,d,5.096774193548387,0.48985,p,1,541.19
840,1115,41115,8,67,4,word,low,beam,4,4,external,m,t,1.0666666666666667,0.52674,m,1,634.77
840,2103,42103,9,67,4,pseudoword,low,frope,5,4,internal,p,v,1.1333333333333333,0.49111,p,1,451.92
840,2115,42115,10,67,4,pseudoword,low,gulm,4,4,external,m,t,1.0666666666666667,0.52674,m,1,446.44
840,3135,43135,11,67,4,consonant_string,low,mkrb,4,4,external,b,w,1.1,0.5109,b,1,847.98
840,2129,42129,13,67,4,pseudoword,low,vofe,4,3,internal,f,n,1.2,0.53217,f,1,849.54
840,3228,43228,14,67,4,consonant_string,high,vjnf,4,4,external,f,l,4.033333333333333,0.60982,f,1,878.11
840,1147,41147,15,67,4,word,low,bale,4,3,internal,l,s,1.1,0.4218,l,1,677.33
840,2214,42214,16,67,4,pseudoword,high,dape,4,3,internal,p,b,5.066666666666666,0.70362,p,1,478.53
840,2105,42105,17,67,4,pseudoword,low,brupe,5,4,internal,p,v,1.1333333333333333,0.49111,p,1,427.72
840,3139,43139,18,67,4,consonant_string,low,mvjt,4,4,external,t,n,1.1,0.6011,t,1,803.92
840,2240,42240,19,67,4,pseudoword,high,hule,4,3,internal,l,r,3.2580645161290325,0.56415,l,1,765.47
840,3206,43206,20,67,4,consonant_string,high,jbfzpq,6,5,internal,p,d,5.096774193548387,0.48985,p,1,463.35
840,2125,42125,21,67,4,pseudoword,low,jege,4,3,internal,g,k,1.1666666666666667,0.37222,g,1,896.23
840,3131,43131,22,67,4,consonant_string,low,gjwds,5,4,internal,d,m,1.1333333333333333,0.58091,m,0,613.78
840,1202,41202,24,67,4,word,high,snip,4,2,internal,n,h,5.533333333333333,0.86536,n,1,758.65
840,2234,42234,25,67,4,pseudoword,high,brode,5,4,internal,d,c,3.566666666666667,0.66158,d,1,417.19
840,3236,43236,26,67,4,consonant_string,high,hfwb,4,4,external,b,g,3.533333333333333,0.46543,b,1,736.06
840,2206,42206,27,67,4,pseudoword,high,strepe,6,5,internal,p,d,5.096774193548387,0.48985,p,1,603.27
840,2117,42117,28,67,4,pseudoword,low,plim,4,4,external,m,b,1.2333333333333334,0.5784,m,1,489.8
840,3143,43143,29,67,4,consonant_string,low,fbvr,4,4,external,r,d,1.3333333333333333,0.49182,d,0,497.99
840,3226,43226,30,67,4,consonant_string,high,lqvg,4,4,external,g,d,4.1,0.62488,g,1,621.52
840,2238,42238,31,67,4,pseudoword,high,jite,4,3,internal,t,r,3.3666666666666667,0.59892,t,1,946.4
840,1123,41123,32,67,4,word,low,flag,4,4,external,g,t,1.1333333333333333,0.44178,g,1,361.95
840,1109,41109,33,67,4,word,low,seed,4,4,external,d,m,1.1333333333333333,0.58091,d,1,756.81
840,2224,42224,35,67,4,pseudoword,high,jote,4,3,internal,t,l,4.5,0.47576,t,1,649.36
840,1232,41232,36,67,4,word,high,spade,5,4,internal,d,c,3.566666666666667,0.66158,d,1,669.91
840,2107,42107,37,67,4,pseudoword,low,nood,4,4,external,d,r,1.3333333333333333,0.49182,d,1,650.78
840,1121,41121,38,67,4,word,low,flog,4,4,external,g,w,1.1666666666666667,0.52446,g,1,398.3
840,2113,42113,39,67,4,pseudoword,low,nalb,4,4,external,b,m,1.2333333333333334,0.5784,m,0,867.85
840,1141,41141,40,67,4,word,low,file,4,3,internal,l,n,1.3666666666666667,0.46775,l,1,641.73
840,1131,41131,41,67,4,word,low,slide,5,4,internal,d,m,1.1333333333333333,0.58091,d,1,571.27
840,2135,42135,42,67,4,pseudoword,low,frab,4,4,external,b,w,1.1,0.5109,b,1,568.14
840,1214,41214,43,67,4,word,high,rope,4,3,internal,p,b,5.066666666666666,0.70362,b,0,755.01
840,2204,42204,44,67,4,pseudoword,high,swed,4,4,external,d,p,5.096774193548387,0.48985,d,1,619.56
840,3147,43147,46,67,4,consonant_string,low,gnlt,4,3,internal,l,s,1.1,0.4218,l,1,477.42
840,3113,43113,47,67,4,consonant_string,low,rtcb,4,4,external,b,m,1.2333333333333334,0.5784,m,0,414.62
840,3220,43220,48,67,4,consonant_string,high,pktv,4,3,internal,t,l,4.5,0.47576,t,1,783.48
840,1208,41208,49,67,4,word,high,hood,4,4,external,d,p,5.096774193548387,0.48985,d,1,546.7
840,3238,43238,50,67,4,consonant_string,high,njtb,4,3,internal,t,r,3.3666666666666667,0.59892,t,1,624.22
841,2229,12229,0,50,1,pseudoword,high,vofe,4,3,internal,f,r,3.8,0.69632,r,0,651.9
841,3239,13239,56,50,1,consonant_string,high,mvjt,4,4,external,t,r,3.3666666666666667,0.59892,t,1,856.1
841,1122,11122,67,50,1,word,low,swag,4,4,external,g,n,1.7,0.55212,g,1,696.33
841,3213,13213,78,50,1,consonant_string,high,rtcb,4,4,external,b,p,5.066666666666666,0.70362,p,0,773.55
841,2136,12136,89,50,1,pseudoword,low,plob,4,4,external,b,r,1.2666666666666666,0.51424,b,1,1232.12
841,3120,13120,100,50,1,consonant_string,low,pktv,4,3,internal,t,m,1.0666666666666667,0.52674,t,1,733.02
841,2201,12201,111,50,1,pseudoword,high,snum,4,2,internal,n,h,5.533333333333333,0.86536,n,1,753.9
841,2142,12142,122,50,1,pseudoword,low,drol,4,4,external,l,m,1.0666666666666667,0.5113,l,1,673.11
841,2120,12120,133,50,1,pseudoword,low,wote,4,3,internal,t,m,1.0666666666666667,0.52674,t,1,599.65
841,1231,11231,1,50,1,word,high,slide,5,4,internal,d,c,3.566666666666667,0.66158,d,1,763.86
841,3128,13128,12,50,1,consonant_string,low,vjnf,4,4,external,f,d,1.4333333333333333,0.51654,d,0,1187.43
841,1130,11130,23,50,1,word,low,beef,4,4,external,f,p,1.6333333333333333,0.41008,f,1,780.34
841,1132,11132,34,50,1,word,low,spade,5,4,internal,d,r,1.3333333333333333,0.49182,d,1,786.22
841,3132,13132,45,50,1,consonant_string,low,vzldb,5,4,internal,d,r,1.3333333333333333,0.49182,r,0,1008.12
841,1203,11203,51,50,1,word,high,shape,5,4,internal,p,d,5.096774193548387,0.48985,p,1,853.35
841,3201,13201,52,50,1,consonant_string,high,znsq,4,2,internal,n,h,5.533333333333333,0.86536,h,0,845.58
841,1233,11233,53,50,1,word,high,fade,4,3,internal,d,c,3.566666666666667,0.66158,c,0,1178.82
841,3217,13217,54,50,1,consonant_string,high,htjm,4,4,external,m,n,4.666666666666667,0.6574,n,0,787.72
841,1108,11108,55,50,1,word,low,hood,4,4,external,d,k,1.3333333333333333,0.3996,d,1,620.6
841,1201,11201,57,50,1,word,high,snow,4,2,internal,n,h,5.533333333333333,0.86536,n,1,793.14
841,3106,13106,58,50,1,consonant_string,low,jbfzpq,6,5,internal,p,v,1.1333333333333333,0.49111,v,0,1186.37
841,1126,11126,59,50,1,word,low,bang,4,4,external,g,k,1.1666666666666667,0.37222,g,1,747.29
841,1211,11211,60,50,1,word,high,lead,4,4,external,d,p,5.096774193548387,0.48985,d,1,733.5
841,1241,11241,61,50,1,word,high,file,4,3,internal,l,r,3.2580645161290325,0.56415,l,1,733.38
841,2221,12221,62,50,1,pseudoword,high,quag,4,4,external,g,p,4.5,0.55857,p,0,1357.28
841,2148,12148,63,50,1,pseudoword,low,zoke,4,3,internal,k,g,1.1666666666666667,0.37222,g,0,1263.56
841,2116,12116,64,50,1,pseudoword,low,hime,4,3,internal,m,l,1.0666666666666667,0.5113,m,1,954.14
841,1106,11106,65,50,1,word,low,stripe,6,5,internal,p,v,1.1333333333333333,0.49111,p,1,717.37
841,2104,12104,66,50,1,pseudoword,low,swed,4,4,external,d,m,1.1333333333333333,0.58091,d,1,1198.93
841,2239,12239,68,50,1,pseudoword,high,glot,4,4,external,t,r,3.3666666666666667,0.59892,t,1,651.18
841,1229,11229,69,50,1,word,high,wife,4,3,internal,f,r,3.8,0.69632,f,1,631.38
841,2215,12215,70,50,1,pseudoword,high,gulm,4,4,external,m,n,4.666666666666667,0.6574,n,0,1031.26
841,2134,12134,71,50,1,pseudoword,low,brode,5,4,internal,d,m,1.1333333333333333,0.58091,d,1,744.16
841,3241,13241,72,50,1,consonant_string,high,pqlt,4,3,internal,l,r,3.2580645161290325,0.56415,r,0,692.38
841,1245,11245,73,50,1,word,high,spire,5,4,internal,r,n,3.1333333333333333,0.62334,r,1,637.6
841,1209,11209,74,50,1,word,high,seed,4,4,external,d,p,5.096774193548387,0.48985,d,1,737.46
841,2106,12106,75,50,1,pseudoword,low,strepe,6,5,internal,p,v,1.1333333333333333,0.49111,p,1,707.34
841,3205,13205,76,50,1,consonant_string,high,fcmpk,5,4,internal,p,d,5.096774193548387,0.48985,d,0,814.55
841,2118,12118,77,50,1,pseudoword,low,vume,4,3,internal,m,l,1.0666666666666667,0.5113,m,1,617.1
841,3136,13136,79,50,1,consonant_string,low,hfwb,4,4,external,b,r,1.2666666666666666,0.51424,b,1,785.65
841,2138,12138,80,50,1,pseudoword,low,jite,4,3,internal,t,m,1.0666666666666667,0.52674,t,1,572.52
841,1243,11243,81,50,1,word,high,moor,4,4,external,r,n,3.1333333333333333,0.62334,r,1,668.06
841,2146,12146,82,50,1,pseudoword,low,proal,5,5,external,l,m,1.0666666666666667,0.5113,m,0,638.6
841,2102,12102,83,50,1,pseudoword,low,snad,4,2,internal,n,l,1.3666666666666667,0.46775,n,1,752.46
841,3116,13116,84,50,1,consonant_string,low,fsmt,4,3,internal,m,l,1.0666666666666667,0.5113,l,0,513.68
841,3227,13227,85,50,1,consonant_string,high,bvcg,4,4,external,g,d,4.1,0.62488,d,0,768.22
841,2132,12132,86,50,1,pseudoword,low,ghade,5,4,internal,d,r,1.3333333333333333,0.49182,d,1,694.76
841,1128,11128,87,50,1,word,low,reef,4,4,external,f,d,1.4333333333333333,0.51654,f,1,609.97
841,3102,13102,88,50,1,consonant_string,low,knfc,4,2,internal,n,l,1.3666666666666667,0.46775,n,1,670.5
841,2207,12207,90,50,1,pseudoword,high,nood,4,4,external,d,p,5.096774193548387,0.48985,p,0,668.05
841,2144,12144,91,50,1,pseudoword,low,slone,5,4,internal,n,k,1.5333333333333334,0.52768,n,1,608.59
841,3138,13138,92,50,1,consonant_string,low,njtb,4,3,internal,t,m,1.0666666666666667,0.52674,m,0,676.79
841,3247,13247,93,50,1,consonant_string,high,gnlt,4,3,internal,l,k,2.8,0.53572,k,0,739.67
841,3223,13223,94,50,1,consonant_string,high,vlbg,4,4,external,g,p,4.5,0.55857,p,0,691.55
841,1219,11219,95,50,1,word,high,warm,4,4,external,m,n,4.666666666666667,0.6574,m,1,633.75
841,2209,12209,96,50,1,pseudoword,high,glod,4,4,external,d,p,5.096774193548387,0.48985,p,0,808.63
841,2233,12233,97,50,1,pseudoword,high,kide,4,3,internal,d,c,3.566666666666667,0.66158,d,1,843.86
841,2223,12223,98,50,1,pseudoword,high,blug,4,4,external,g,p,4.5,0.55857,g,1,722.06
841,1124,11124,99,50,1,word,low,bite,4,3,internal,t,d,1.3666666666666667,0.47786,t,1,560.61
841,3144,13144,101,50,1,consonant_string,low,qjfnd,5,4,internal,n,k,1.5333333333333334,0.52768,n,1,754.16
841,3122,13122,102,50,1,consonant_string,low,wbjg,4,4,external,g,n,1.7,0.55212,g,1,560.36
841,3233,13233,103,50,1,consonant_string,high,vkdj,4,3,internal,d,c,3.566666666666667,0.66158,d,1,536.89
841,3207,13207,104,50,1,consonant_string,high,qvsd,4,4,external,d,p,5.096774193548387,0.48985,d,1,984.77
841,1134,11134,105,50,1,word,low,pride,5,4,internal,d,m,1.1333333333333333,0.58091,d,1,708.67
841,3104,13104,106,50,1,consonant_string,low,htwd,4,4,external,d,m,1.1333333333333333,0.58091,d,1,841.89
841,3108,13108,107,50,1,consonant_string,low,cvsd,4,4,external,d,k,1.3333333333333333,0.3996,k,0,638.1
841,3219,13219,108,50,1,consonant_string,high,gjkm,4,4,external,m,n,4.666666666666667,0.6574,n,0,1268.0
841,1205,11205,109,50,1,word,high,grape,5,4,internal,p,d,5.096774193548387,0.48985,p,1,514.56
841,2227,12227,110,50,1,pseudoword,high,reng,4,4,external,g,d,4.1,0.62488,g,1,1159.12
841,2245,12245,112,50,1,pseudoword,high,swork,5,4,internal,r,n,3.1333333333333333,0.62334,r,1,1196.71
841,1215,11215,113,50,1,word,high,beam,4,4,external,m,n,4.666666666666667,0.6574,m,1,793.95
841,1247,11247,114,50,1,word,high,bale,4,3,internal,l,k,2.8,0.53572,l,1,490.16
841,2211,12211,115,50,1,pseudoword,high,zoud,4,4,external,d,p,5.096774193548387,0.48985,d,1,693.29
841,2203,12203,116,50,1,pseudoword,high,frope,5,4,internal,p,d,5.096774193548387,0.48985,d,0,809.51
841,1237,11237,117,50,1,word,high,stew,4,4,external,w,m,3.4,0.62127,w,1,660.06
841,1142,11142,118,50,1,word,low,seal,4,4,external,l,m,1.0666666666666667,0.5113,l,1,578.6
841,3148,13148,119,50,1,consonant_string,low,dhkw,4,3,internal,k,g,1.1666666666666667,0.37222,k,1,1029.48
841,3211,13211,120,50,1,consonant_string,high,srfd,4,4,external,d,p,5.096774193548387,0.48985,d,1,620.37
841,1207,11207,121,50,1,word,high,read,4,4,external,d,p,5.096774193548387,0.48985,d,1,764.92
841,3124,13124,123,50,1,consonant_string,low,gpts,4,3,internal,t,d,1.3666666666666667,0.47786,d,0,550.46
841,1116,11116,124,50,1,word,low,mime,4,3,internal,m,l,1.0666666666666667,0.5113,m,1,737.67
841,2124,12124,125,50,1,pseudoword,low,jote,4,3,internal,t,d,1.3666666666666667,0.47786,d,0,969.55
841,2225,12225,126,50,1,pseudoword,high,jege,4,3,internal,g,d,4.1,0.62488,g,1,520.11
841,1223,11223,127,50,1,word,high,flag,4,4,external,g,p,4.5,0.55857,g,1,1126.65
841,2241,12241,128,50,1,pseudoword,high,bule,4,3,internal,l,r,3.2580645161290325,0.56415,l,1,526.55
841,2128,12128,129,50,1,pseudoword,low,goif,4,4,external,f,d,1.4333333333333333,0.51654,f,1,777.43
841,3146,13146,130,50,1,consonant_string,low,bfnsl,5,5,external,l,m,1.0666666666666667,0.5113,m,0,708.3
841,3112,13112,131,50,1,consonant_string,low,qmwp,4,4,external,p,t,1.3333333333333333,0.53002,t,0,436.51
841,2110,12110,132,50,1,pseudoword,low,fard,4,4,external,d,k,1.3333333333333333,0.3996,d,1,744.37
841,1112,11112,134,50,1,word,low,grip,4,4,external,p,t,1.3333333333333333,0.53002,p,1,525.58
841,2130,12130,135,50,1,pseudoword,low,zeaf,4,4,external,f,p,1.6333333333333333,0.41008,f,1,634.44
841,1140,11140,136,50,1,word,low,pole,4,3,internal,l,s,1.1,0.4218,l,1,450.31
841,3142,13142,137,50,1,consonant_string,low,wktl,4,4,external,l,m,1.0666666666666667,0.5113,l,1,822.5
841,1148,11148,138,50,1,word,low,sake,4,3,internal,k,g,1.1666666666666667,0.37222,k,1,546.05
841,3237,13237,139,50,1,consonant_string,high,gbcw,4,4,external,w,m,3.4,0.62127,m,0,512.25
841,3235,13235,140,50,1,consonant_string,high,mkrb,4,4,external,b,g,3.533333333333333,0.46543,b,1,531.77
841,1120,11120,141,50,1,word,low,gate,4,3,internal,t,m,1.0666666666666667,0.52674,t,1,601.64
841,1144,11144,142,50,1,word,low,stone,5,4,internal,n,k,1.5333333333333334,0.52768,n,1,615.84
841,3245,13245,143,50,1,consonant_string,high,hvwrt,5,4,internal,r,n,3.1333333333333333,0.62334,n,0,809.39
841,1104,11104,2,50,1,word,low,skid,4,4,external,d,m,1.1333333333333333,0.58091,d,1,965.95
841,1221,11221,3,50,1,word,high,flog,4,4,external,g,p,4.5,0.55857,g,1,699.5
841,2114,12114,4,50,1,pseudoword,low,dape,4,3,internal,p,s,1.2580645161290323,0.5767,p,1,610.71
841,1138,11138,5,50,1,word,low,date,4,3,internal,t,m,1.0666666666666667,0.52674,t,1,569.25
841,1146,11146,6,50,1,word,low,steal,5,5,external,l,m,1.0666666666666667,0.5113,l,1,575.78
841,2237,12237,7,50,1,pseudoword,high,blaw,4,4,external,w,m,3.4,0.62127,w,1,746.65
841,2108,12108,8,50,1,pseudoword,low,vild,4,4,external,d,k,1.3333333333333333,0.3996,d,1,702.86
841,3126,13126,9,50,1,consonant_string,low,lqvg,4,4,external,g,k,1.1666666666666667,0.37222,g,1,898.09
841,2231,12231,10,50,1,pseudoword,high,spode,5,4,internal,d,c,3.566666666666667,0.66158,d,1,506.3
841,3221,13221,11,50,1,consonant_string,high,fqcg,4,4,external,g,p,4.5,0.55857,p,0,602.49
841,2217,12217,13,50,1,pseudoword,high,plim,4,4,external,m,n,4.666666666666667,0.6574,n,0,573.7
841,3215,13215,14,50,1,consonant_string,high,sfdm,4,4,external,m,n,4.666666666666667,0.6574,m,1,781.24
841,3114,13114,15,50,1,consonant_string,low,klpj,4,3,internal,p,s,1.2580645161290323,0.5767,s,0,628.12
841,2235,12235,16,50,1,pseudoword,high,frab,4,4,external,b,g,3.533333333333333,0.46543,b,1,577.98
841,2247,12247,17,50,1,pseudoword,high,jile,4,3,internal,l,k,2.8,0.53572,l,1,453.84
841,3134,13134,18,50,1,consonant_string,low,pfldr,5,4,internal,d,m,1.1333333333333333,0.58091,d,1,434.03
841,3110,13110,19,50,1,consonant_string,low,lsbd,4,4,external,d,k,1.3333333333333333,0.3996,k,0,847.9
841,3229,13229,20,50,1,consonant_string,high,dtfh,4,3,internal,f,r,3.8,0.69632,r,0,594.11
841,3231,13231,21,50,1,consonant_string,high,gjwds,5,4,internal,d,c,3.566666666666667,0.66158,d,1,418.31
841,1110,11110,22,50,1,word,low,weed,4,4,external,d,k,1.3333333333333333,0.3996,d,1,833.84
841,3130,13130,24,50,1,consonant_string,low,czhf,4,4,external,f,p,1.6333333333333333,0.41008,f,1,586.7
841,2243,12243,25,50,1,pseudoword,high,plur,4,4,external,r,n,3.1333333333333333,0.62334,r,1,502.59
841,1239,11239,26,50,1,word,high,spat,4,4,external,t,r,3.3666666666666667,0.59892,t,1,1181.81
841,1213,11213,27,50,1,word,high,slab,4,4,external,b,p,5.066666666666666,0.70362,b,1,647.7
841,2213,12213,28,50,1,pseudoword,high,nalb,4,4,external,b,p,5.066666666666666,0.70362,b,1,638.91
841,2126,12126,29,50,1,pseudoword,low,yeng,4,4,external,g,k,1.1666666666666667,0.37222,g,1,615.77
841,3243,13243,30,50,1,consonant_string,high,fbvr,4,4,external,r,n,3.1333333333333333,0.62334,r,1,552.31
841,2112,12112,31,50,1,pseudoword,low,glip,4,4,external,p,t,1.3333333333333333,0.53002,p,1,645.52
841,2219,12219,32,50,1,pseudoword,high,chom,4,4,external,m,n,4.666666666666667,0.6574,m,1,626.72
841,1217,11217,33,50,1,word,high,scam,4,4,external,m,n,4.666666666666667,0.6574,m,1,503.58
841,1227,11227,35,50,1,word,high,wing,4,4,external,g,d,4.1,0.62488,g,1,553.78
841,1136,11136,36,50,1,word,low,stab,4,4,external,b,r,1.2666666666666666,0.51424,b,1,519.98
841,3225,13225,37,50,1,consonant_string,high,fhgv,4,3,internal,g,d,4.1,0.62488,d,0,654.5
841,1225,11225,38,50,1,word,high,wage,4,3,internal,g,d,4.1,0.62488,g,1,492.7
841,2140,12140,39,50,1,pseudoword,low,hule,4,3,internal,l,s,1.1,0.4218,l,1,455.89
841,3118,13118,40,50,1,consonant_string,low,zsmj,4,3,internal,m,l,1.0666666666666667,0.5113,l,0,452.08
841,2205,12205,41,50,1,pseudoword,high,brupe,5,4,internal,p,d,5.096774193548387,0.48985,d,0,715.27
841,1118,11118,42,50,1,word,low,home,4,3,internal,m,l,1.0666666666666667,0.5113,m,1,534.81
841,3140,13140,43,50,1,consonant_string,low,gtln,4,3,internal,l,s,1.1,0.4218,l,1,556.67
841,1102,11102,44,50,1,word,low,snip,4,2,internal,n,l,1.3666666666666667,0.46775,n,1,647.88
841,2122,12122,46,50,1,pseudoword,low,sleg,4,4,external,g,n,1.7,0.55212,n,0,564.08
841,3209,13209,47,50,1,consonant_string,high,csbd,4,4,external,d,p,5.096774193548387,0.48985,d,1,557.61
841,1235,11235,48,50,1,word,high,drab,4,4,external,b,g,3.533333333333333,0.46543,b,1,529.81
841,1114,11114,49,50,1,word,low,rope,4,3,internal,p,s,1.2580645161290323,0.5767,s,0,497.67
841,3203,13203,50,50,1,consonant_string,high,qsgpn,5,4,internal,p,d,5.096774193548387,0.48985,d,0,785.88
842,3111,23111,0,67,2,consonant_string,low,srfd,4,4,external,d,k,1.3333333333333333,0.3996,k,0,1359.42
842,3123,23123,56,67,2,consonant_string,low,vlbg,4,4,external,g,t,1.1333333333333333,0.44178,g,1,1325.37
842,2127,22127,67,67,2,pseudoword,low,reng,4,4,external,g,k,1.1666666666666667,0.37222,g,1,2145.67
842,2244,22244,78,67,2,pseudoword,high,slone,5,4,internal,n,r,3.1333333333333333,0.62334,n,1,642.29
842,1208,21208,89,67,2,word,high,hood,4,4,external,d,p,5.096774193548387,0.48985,d,1,564.83
842,1234,21234,100,67,2,word,high,pride,5,4,internal,d,c,3.566666666666667,0.66158,d,1,491.69
842,3129,23129,111,67,2,consonant_string,low,dtfh,4,3,internal,f,n,1.2,0.53217,n,0,1351.26
842,1121,21121,122,67,2,word,low,flog,4,4,external,g,w,1.1666666666666667,0.52446,g,1,517.83
842,3212,23212,133,67,2,consonant_string,high,qmwp,4,4,external,p,d,5.096774193548387,0.48985,d,0,1109.72
842,3232,23232,1,67,2,consonant_string,high,vzldb,5,4,internal,d,c,3.566666666666667,0.66158,c,0,1456.66
842,3105,23105,12,67,2,consonant_string,low,fcmpk,5,4,internal,p,v,1.1333333333333333,0.49111,v,0,824.24
842,1202,21202,23,67,2,word,high,snip,4,2,internal,n,h,5.533333333333333,0.86536,n,1,809.14
842,3133,23133,34,67,2,consonant_string,low,vkdj,4,3,internal,d,z,1.2333333333333334,0.52841,d,1,894.03
842,2117,22117,45,67,2,pseudoword,low,plim,4,4,external,m,b,1.2333333333333334,0.5784,m,1,573.58
842,3101,23101,51,67,2,consonant_string,low,znsq,4,2,internal,n,t,1.1,0.6011,n,1,1013.46
842,1244,21244,52,67,2,word,high,stone,5,4,internal,n,r,3.1333333333333333,0.62334,n,1,536.35
842,3230,23230,53,67,2,consonant_string,high,czhf,4,4,external,f,r,3.8,0.69632,f,1,1015.58
842,3246,23246,54,67,2,consonant_string,high,bfnsl,5,5,external,l,k,2.8,0.53572,k,0,1049.48
842,1222,21222,55,67,2,word,high,swag,4,4,external,g,p,4.5,0.55857,g,1,748.05
842,3107,23107,57,67,2,consonant_string,low,qvsd,4,4,external,d,r,1.3333333333333333,0.49182,d,1,1833.65
842,1101,21101,58,67,2,word,low,snow,4,2,internal,n,t,1.1,0.6011,n,1,553.91
842,2232,22232,59,67,2,pseudoword,high,ghade,5,4,internal,d,c,3.566666666666667,0.66158,d,1,877.46
842,1212,21212,60,67,2,word,high,grip,4,4,external,p,d,5.096774193548387,0.48985,p,1,553.67
842,3226,23226,61,67,2,consonant_string,high,lqvg,4,4,external,g,d,4.1,0.62488,d,0,1371.24
842,1105,21105,62,67,2,word,low,grape,5,4,internal,p,v,1.1333333333333333,0.49111,p,1,576.15
842,1115,21115,63,67,2,word,low,beam,4,4,external,m,t,1.0666666666666667,0.52674,m,1,551.35
842,3147,23147,64,67,2,consonant_string,low,gnlt,4,3,internal,l,s,1.1,0.4218,l,1,855.89
842,1210,21210,65,67,2,word,high,weed,4,4,external,d,p,5.096774193548387,0.48985,d,1,573.44
842,2111,22111,66,67,2,pseudoword,low,zoud,4,4,external,d,k,1.3333333333333333,0.3996,d,1,891.32
842,3117,23117,68,67,2,consonant_string,low,htjm,4,4,external,m,b,1.2333333333333334,0.5784,m,1,726.88
842,2119,22119,69,67,2,pseudoword,low,chom,4,4,external,m,t,1.0666666666666667,0.52674,m,1,540.08
842,3228,23228,70,67,2,consonant_string,high,vjnf,4,4,external,f,l,4.033333333333333,0.60982,f,1,855.3
842,3204,23204,71,67,2,consonant_string,high,htwd,4,4,external,d,p,5.096774193548387,0.48985,d,1,489.83
842,1228,21228,72,67,2,word,high,reef,4,4,external,f,l,4.033333333333333,0.60982,f,1,581.03
842,2246,22246,73,67,2,pseudoword,high,proal,5,5,external,l,k,2.8,0.53572,l,1,631.24
842,1139,21139,74,67,2,word,low,spat,4,4,external,t,n,1.1,0.6011,t,1,707.45
842,1246,21246,75,67,2,word,high,steal,5,5,external,l,k,2.8,0.53572,l,1,570.98
842,2143,22143,76,67,2,pseudoword,low,plur,4,4,external,r,d,1.3333333333333333,0.49182,r,1,628.85
842,2234,22234,77,67,2,pseudoword,high,brode,5,4,internal,d,c,3.566666666666667,0.66158,d,1,638.07
842,2208,22208,79,67,2,pseudoword,high,vild,4,4,external,d,p,5.096774193548387,0.48985,d,1,1446.3
842,1141,21141,80,67,2,word,low,file,4,3,internal,l,n,1.3666666666666667,0.46775,l,1,546.89
842,1107,21107,81,67,2,word,low,read,4,4,external,d,r,1.3333333333333333,0.49182,d,1,549.42
842,3127,23127,82,67,2,consonant_string,low,bvcg,4,4,external,g,k,1.1666666666666667,0.37222,g,1,532.94
842,2248,22248,83,67,2,pseudoword,high,zoke,4,3,internal,k,l,2.8,0.53572,k,1,711.15
842,1145,21145,84,67,2,word,low,spire,5,4,internal,r,c,1.4,0.55867,r,1,580.03
842,1230,21230,85,67,2,word,high,beef,4,4,external,f,r,3.8,0.69632,f,1,754.23
842,3115,23115,86,67,2,consonant_string,low,sfdm,4,4,external,m,t,1.0666666666666667,0.52674,m,1,695.78
842,2238,22238,87,67,2,pseudoword,high,jite,4,3,internal,t,r,3.3666666666666667,0.59892,t,1,580.32
842,1123,21123,88,67,2,word,low,flag,4,4,external,g,t,1.1333333333333333,0.44178,g,1,644.53
842,3222,23222,90,67,2,consonant_string,high,wbjg,4,4,external,g,p,4.5,0.55857,p,0,906.08
842,3224,23224,91,67,2,consonant_string,high,gpts,4,3,internal,t,l,4.5,0.47576,t,1,660.64
842,1220,21220,92,67,2,word,high,gate,4,3,internal,t,l,4.5,0.47576,t,1,584.5
842,3121,23121,93,67,2,consonant_string,low,fqcg,4,4,external,g,w,1.1666666666666667,0.52446,g,1,636.71
842,3137,23137,94,67,2,consonant_string,low,gbcw,4,4,external,w,p,1.1666666666666667,0.53452,p,0,754.92
842,1240,21240,95,67,2,word,high,pole,4,3,internal,l,r,3.2580645161290325,0.56415,l,1,486.47
842,3244,23244,96,67,2,consonant_string,high,qjfnd,5,4,internal,n,r,3.1333333333333333,0.62334,n,1,788.67
842,3109,23109,97,67,2,consonant_string,low,csbd,4,4,external,d,m,1.1333333333333333,0.58091,d,1,738.88
842,2139,22139,98,67,2,pseudoword,low,glot,4,4,external,t,n,1.1,0.6011,t,1,537.09
842,2133,22133,99,67,2,pseudoword,low,kide,4,3,internal,d,z,1.2333333333333334,0.52841,d,1,611.28
842,1109,21109,101,67,2,word,low,seed,4,4,external,d,m,1.1333333333333333,0.58091,d,1,535.16
842,3216,23216,102,67,2,consonant_string,high,fsmt,4,3,internal,m,n,4.666666666666667,0.6574,m,1,933.37
842,3236,23236,103,67,2,consonant_string,high,hfwb,4,4,external,b,g,3.533333333333333,0.46543,b,1,715.59
842,3208,23208,104,67,2,consonant_string,high,cvsd,4,4,external,d,p,5.096774193548387,0.48985,d,1,561.46
842,3242,23242,105,67,2,consonant_string,high,wktl,4,4,external,l,r,3.2580645161290325,0.56415,r,0,945.35
842,1242,21242,106,67,2,word,high,seal,4,4,external,l,r,3.2580645161290325,0.56415,l,1,563.91
842,1214,21214,107,67,2,word,high,rope,4,3,internal,p,b,5.066666666666666,0.70362,p,1,517.78
842,3143,23143,108,67,2,consonant_string,low,fbvr,4,4,external,r,d,1.3333333333333333,0.49182,r,1,604.63
842,2218,22218,109,67,2,pseudoword,high,vume,4,3,internal,m,n,4.666666666666667,0.6574,m,1,636.17
842,1248,21248,110,67,2,word,high,sake,4,3,internal,k,l,2.8,0.53572,k,1,490.37
842,3125,23125,112,67,2,consonant_string,low,fhgv,4,3,internal,g,k,1.1666666666666667,0.37222,g,1,1136.58
842,2107,22107,113,67,2,pseudoword,low,nood,4,4,external,d,r,1.3333333333333333,0.49182,d,1,534.81
842,2123,22123,114,67,2,pseudoword,low,blug,4,4,external,g,t,1.1333333333333333,0.44178,t,0,903.7
842,2145,22145,115,67,2,pseudoword,low,swork,5,4,internal,r,c,1.4,0.55867,r,1,669.86
842,1147,21147,116,67,2,word,low,bale,4,3,internal,l,s,1.1,0.4218,l,1,595.73
842,2121,22121,117,67,2,pseudoword,low,quag,4,4,external,g,w,1.1666666666666667,0.52446,g,1,522.26
842,1232,21232,118,67,2,word,high,spade,5,4,internal,d,c,3.566666666666667,0.66158,d,1,611.12
842,1206,21206,119,67,2,word,high,stripe,6,5,internal,p,d,5.096774193548387,0.48985,p,1,510.0
842,2240,22240,120,67,2,pseudoword,high,hule,4,3,internal,l,r,3.2580645161290325,0.56415,l,1,523.85
842,1137,21137,121,67,2,word,low,stew,4,4,external,w,p,1.1666666666666667,0.53452,w,1,584.72
842,2214,22214,123,67,2,pseudoword,high,dape,4,3,internal,p,b,5.066666666666666,0.70362,p,1,505.92
842,1135,21135,124,67,2,word,low,drab,4,4,external,b,w,1.1,0.5109,b,1,592.46
842,2228,22228,125,67,2,pseudoword,high,goif,4,4,external,f,l,4.033333333333333,0.60982,f,1,554.98
842,2216,22216,126,67,2,pseudoword,high,hime,4,3,internal,m,n,4.666666666666667,0.6574,m,1,540.52
842,2137,22137,127,67,2,pseudoword,low,blaw,4,4,external,w,p,1.1666666666666667,0.53452,w,1,501.71
842,2103,22103,128,67,2,pseudoword,low,frope,5,4,internal,p,v,1.1333333333333333,0.49111,p,1,554.25
842,3145,23145,129,67,2,consonant_string,low,hvwrt,5,4,internal,r,c,1.4,0.55867,r,1,619.77
842,1113,21113,130,67,2,word,low,slab,4,4,external,b,m,1.2333333333333334,0.5784,b,1,516.64
842,2125,22125,131,67,2,pseudoword,low,jege,4,3,internal,g,k,1.1666666666666667,0.37222,g,1,567.51
842,3139,23139,132,67,2,consonant_string,low,mvjt,4,4,external,t,n,1.1,0.6011,t,1,908.38
842,1238,21238,134,67,2,word,high,date,4,3,internal,t,r,3.3666666666666667,0.59892,t,1,587.93
842,3135,23135,135,67,2,consonant_string,low,mkrb,4,4,external,b,w,1.1,0.5109,b,1,521.13
842,2220,22220,136,67,2,pseudoword,high,wote,4,3,internal,t,l,4.5,0.47576,t,1,535.99
842,1119,21119,137,67,2,word,low,warm,4,4,external,m,t,1.0666666666666667,0.52674,m,1,558.2
842,2242,22242,138,67,2,pseudoword,high,drol,4,4,external,l,r,3.2580645161290325,0.56415,l,1,489.73
842,2210,22210,139,67,2,pseudoword,high,fard,4,4,external,d,p,5.096774193548387,0.48985,d,1,564.91
842,3210,23210,140,67,2,consonant_string,high,lsbd,4,4,external,d,p,5.096774193548387,0.48985,d,1,651.79
842,3248,23248,141,67,2,consonant_string,high,dhkw,4,3,internal,k,l,2.8,0.53572,k,1,481.32
842,1226,21226,142,67,2,word,high,bang,4,4,external,g,d,4.1,0.62488,g,1,604.52
842,2236,22236,143,67,2,pseudoword,high,plob,4,4,external,b,g,3.533333333333333,0.46543,b,1,632.05
842,1218,21218,2,67,2,word,high,home,4,3,internal,m,n,4.666666666666667,0.6574,m,1,577.26
842,3214,23214,3,67,2,consonant_string,high,klpj,4,3,internal,p,b,5.066666666666666,0.70362,p,1,1002.48
842,1117,21117,4,67,2,word,low,scam,4,4,external,m,b,1.2333333333333334,0.5784,m,1,613.04
842,2101,22101,5,67,2,pseudoword,low,snum,4,2,internal,n,t,1.1,0.6011,n,1,1069.92
842,3113,23113,6,67,2,consonant_string,low,rtcb,4,4,external,b,m,1.2333333333333334,0.5784,b,1,608.83
842,2113,22113,7,67,2,pseudoword,low,nalb,4,4,external,b,m,1.2333333333333334,0.5784,b,1,545.69
842,2105,22105,8,67,2,pseudoword,low,brupe,5,4,internal,p,v,1.1333333333333333,0.49111,p,1,874.24
842,1216,21216,9,67,2,word,high,mime,4,3,internal,m,n,4.666666666666667,0.6574,m,1,750.13
842,2147,22147,10,67,2,pseudoword,low,jile,4,3,internal,l,s,1.1,0.4218,l,1,554.7
842,1236,21236,11,67,2,word,high,stab,4,4,external,b,g,3.533333333333333,0.46543,b,1,635.2
842,3240,23240,13,67,2,consonant_string,high,gtln,4,3,internal,l,r,3.2580645161290325,0.56415,l,1,837.42
842,2224,22224,14,67,2,pseudoword,high,jote,4,3,internal,t,l,4.5,0.47576,t,1,608.64
842,3103,23103,15,67,2,consonant_string,low,qsgpn,5,4,internal,p,v,1.1333333333333333,0.49111,p,1,718.18
842,1111,21111,16,67,2,word,low,lead,4,4,external,d,k,1.3333333333333333,0.3996,d,1,639.05
842,3238,23238,17,67,2,consonant_string,high,njtb,4,3,internal,t,r,3.3666666666666667,0.59892,t,1,663.26
842,2226,22226,18,67,2,pseudoword,high,yeng,4,4,external,g,d,4.1,0.62488,g,1,790.14
842,2109,22109,19,67,2,pseudoword,low,glod,4,4,external,d,m,1.1333333333333333,0.58091,d,1,517.35
842,1131,21131,20,67,2,word,low,slide,5,4,internal,d,m,1.1333333333333333,0.58091,d,1,521.22
842,1127,21127,21,67,2,word,low,wing,4,4,external,g,k,1.1666666666666667,0.37222,g,1,542.07
842,1129,21129,22,67,2,word,low,wife,4,3,internal,f,n,1.2,0.53217,f,1,540.61
842,1204,21204,24,67,2,word,high,skid,4,4,external,d,p,5.096774193548387,0.48985,d,1,494.81
842,2222,22222,25,67,2,pseudoword,high,sleg,4,4,external,g,p,4.5,0.55857,g,1,828.35
842,2131,22131,26,67,2,pseudoword,low,spode,5,4,internal,d,m,1.1333333333333333,0.58091,d,1,693.56
842,3218,23218,27,67,2,consonant_string,high,zsmj,4,3,internal,m,n,4.666666666666667,0.6574,m,1,827.11
842,3220,23220,28,67,2,consonant_string,high,pktv,4,3,internal,t,l,4.5,0.47576,t,1,929.34
842,1143,21143,29,67,2,word,low,moor,4,4,external,r,d,1.3333333333333333,0.49182,r,1,609.56
842,2206,22206,30,67,2,pseudoword,high,strepe,6,5,internal,p,d,5.096774193548387,0.48985,d,0,743.44
842,2135,22135,31,67,2,pseudoword,low,frab,4,4,external,b,w,1.1,0.5109,b,1,567.98
842,3202,23202,32,67,2,consonant_string,high,knfc,4,2,internal,n,h,5.533333333333333,0.86536,n,1,614.85
842,2204,22204,33,67,2,pseudoword,high,swed,4,4,external,d,p,5.096774193548387,0.48985,d,1,569.72
842,3131,23131,35,67,2,consonant_string,low,gjwds,5,4,internal,d,m,1.1333333333333333,0.58091,d,1,581.58
842,3206,23206,36,67,2,consonant_string,high,jbfzpq,6,5,internal,p,d,5.096774193548387,0.48985,p,1,764.8
842,1103,21103,37,67,2,word,low,shape,5,4,internal,p,v,1.1333333333333333,0.49111,p,1,575.67
842,2129,22129,38,67,2,pseudoword,low,vofe,4,3,internal,f,n,1.2,0.53217,f,1,537.87
842,1224,21224,39,67,2,word,high,bite,4,3,internal,t,l,4.5,0.47576,t,1,505.07
842,2212,22212,40,67,2,pseudoword,high,glip,4,4,external,p,d,5.096774193548387,0.48985,p,1,573.6
842,2230,22230,41,67,2,pseudoword,high,zeaf,4,4,external,f,r,3.8,0.69632,f,1,652.81
842,3234,23234,42,67,2,consonant_string,high,pfldr,5,4,internal,d,c,3.566666666666667,0.66158,d,1,780.35
842,2202,22202,43,67,2,pseudoword,high,snad,4,2,internal,n,h,5.533333333333333,0.86536,n,1,686.56
842,1125,21125,44,67,2,word,low,wage,4,3,internal,g,k,1.1666666666666667,0.37222,g,1,502.77
842,2141,22141,46,67,2,pseudoword,low,bule,4,3,internal,l,n,1.3666666666666667,0.46775,l,1,636.3
842,3141,23141,47,67,2,consonant_string,low,pqlt,4,3,internal,l,n,1.3666666666666667,0.46775,l,1,1080.52
842,2115,22115,48,67,2,pseudoword,low,gulm,4,4,external,m,t,1.0666666666666667,0.52674,m,1,672.75
842,3119,23119,49,67,2,consonant_string,low,gjkm,4,4,external,m,t,1.0666666666666667,0.52674,m,1,950.65
842,1133,21133,50,67,2,word,low,fade,4,3,internal,d,z,1.2333333333333334,0.52841,d,1,519.2
843,2142,32142,0,33,3,pseudoword,low,drol,4,4,external,l,m,1.0666666666666667,0.5113,l,1,1451.25
843,1144,31144,56,33,3,word,low,stone,5,4,internal,n,k,1.5333333333333334,0.52768,n,1,1204.18
843,3104,33104,67,33,3,consonant_string,low,htwd,4,4,external,d,m,1.1333333333333333,0.58091,m,0,1634.11
843,2235,32235,78,33,3,pseudoword,high,frab,4,4,external,b,g,3.533333333333333,0.46543,b,1,1582.75
843,3118,33118,89,33,3,consonant_string,low,zsmj,4,3,internal,m,l,1.0666666666666667,0.5113,l,0,2159.4
843,3227,33227,100,33,3,consonant_string,high,bvcg,4,4,external,g,d,4.1,0.62488,d,0,1705.73
843,1201,31201,111,33,3,word,high,snow,4,2,internal,n,h,5.533333333333333,0.86536,h,0,1551.69
843,1239,31239,122,33,3,word,high,spat,4,4,external,t,r,3.3666666666666667,0.59892,t,1,1098.63
843,1138,31138,133,33,3,word,low,date,4,3,internal,t,m,1.0666666666666667,0.52674,t,1,1622.56
843,3110,33110,1,33,3,consonant_string,low,lsbd,4,4,external,d,k,1.3333333333333333,0.3996,k,0,1858.88
843,2112,32112,12,33,3,pseudoword,low,glip,4,4,external,p,t,1.3333333333333333,0.53002,p,1,935.15
843,3203,33203,23,33,3,consonant_string,high,qsgpn,5,4,internal,p,d,5.096774193548387,0.48985,d,0,1567.74
843,2140,32140,34,33,3,pseudoword,low,hule,4,3,internal,l,s,1.1,0.4218,l,1,1110.01
843,1120,31120,45,33,3,word,low,gate,4,3,internal,t,m,1.0666666666666667,0.52674,t,1,3481.36
843,2211,32211,51,33,3,pseudoword,high,zoud,4,4,external,d,p,5.096774193548387,0.48985,p,0,2562.13
843,1205,31205,52,33,3,word,high,grape,5,4,internal,p,d,5.096774193548387,0.48985,p,1,2259.5
843,3126,33126,53,33,3,consonant_string,low,lqvg,4,4,external,g,k,1.1666666666666667,0.37222,g,1,1598.83
843,3213,33213,54,33,3,consonant_string,high,rtcb,4,4,external,b,p,5.066666666666666,0.70362,p,0,1619.8
843,3120,33120,55,33,3,consonant_string,low,pktv,4,3,internal,t,m,1.0666666666666667,0.52674,m,0,1981.11
843,3211,33211,57,33,3,consonant_string,high,srfd,4,4,external,d,p,5.096774193548387,0.48985,d,1,802.72
843,3106,33106,58,33,3,consonant_string,low,jbfzpq,6,5,internal,p,v,1.1333333333333333,0.49111,v,0,1581.64
843,3140,33140,59,33,3,consonant_string,low,gtln,4,3,internal,l,s,1.1,0.4218,s,0,1167.25
843,2213,32213,60,33,3,pseudoword,high,nalb,4,4,external,b,p,5.066666666666666,0.70362,p,0,1183.5
843,2203,32203,61,33,3,pseudoword,high,frope,5,4,internal,p,d,5.096774193548387,0.48985,p,1,1538.11
843,2118,32118,62,33,3,pseudoword,low,vume,4,3,internal,m,l,1.0666666666666667,0.5113,l,0,971.7
843,2124,32124,63,33,3,pseudoword,low,jote,4,3,internal,t,d,1.3666666666666667,0.47786,d,0,842.94
843,3122,33122,64,33,3,consonant_string,low,wbjg,4,4,external,g,n,1.7,0.55212,g,1,1931.86
843,1229,31229,65,33,3,word,high,wife,4,3,internal,f,r,3.8,0.69632,f,1,1214.5
843,2247,32247,66,33,3,pseudoword,high,jile,4,3,internal,l,k,2.8,0.53572,l,1,1015.74
843,3102,33102,68,33,3,consonant_string,low,knfc,4,2,internal,n,l,1.3666666666666667,0.46775,n,1,2135.03
843,3128,33128,69,33,3,consonant_string,low,vjnf,4,4,external,f,d,1.4333333333333333,0.51654,f,1,1168.67
843,2144,32144,70,33,3,pseudoword,low,slone,5,4,internal,n,k,1.5333333333333334,0.52768,n,1,1197.93
843,2120,32120,71,33,3,pseudoword,low,wote,4,3,internal,t,m,1.0666666666666667,0.52674,t,1,1434.86
843,3237,33237,72,33,3,consonant_string,high,gbcw,4,4,external,w,m,3.4,0.62127,w,1,1088.46
843,1146,31146,73,33,3,word,low,steal,5,5,external,l,m,1.0666666666666667,0.5113,l,1,1279.04
843,2227,32227,74,33,3,pseudoword,high,reng,4,4,external,g,d,4.1,0.62488,d,0,1098.62
843,2229,32229,75,33,3,pseudoword,high,vofe,4,3,internal,f,r,3.8,0.69632,f,1,1490.56
843,1114,31114,76,33,3,word,low,rope,4,3,internal,p,s,1.2580645161290323,0.5767,p,1,1041.16
843,2130,32130,77,33,3,pseudoword,low,zeaf,4,4,external,f,p,1.6333333333333333,0.41008,f,1,1102.07
843,3138,33138,79,33,3,consonant_string,low,njtb,4,3,internal,t,m,1.0666666666666667,0.52674,m,0,1039.97
843,3124,33124,80,33,3,consonant_string,low,gpts,4,3,internal,t,d,1.3666666666666667,0.47786,d,0,1829.59
843,1140,31140,81,33,3,word,low,pole,4,3,internal,l,s,1.1,0.4218,s,0,1697.24
843,3132,33132,82,33,3,consonant_string,low,vzldb,5,4,internal,d,r,1.3333333333333333,0.49182,d,1,1430.19
843,3205,33205,83,33,3,consonant_string,high,fcmpk,5,4,internal,p,d,5.096774193548387,0.48985,p,1,948.78
843,1116,31116,84,33,3,word,low,mime,4,3,internal,m,l,1.0666666666666667,0.5113,l,0,939.68
843,2132,32132,85,33,3,pseudoword,low,ghade,5,4,internal,d,r,1.3333333333333333,0.49182,d,1,1252.26
843,3130,33130,86,33,3,consonant_string,low,czhf,4,4,external,f,p,1.6333333333333333,0.41008,f,1,1157.19
843,1148,31148,87,33,3,word,low,sake,4,3,internal,k,g,1.1666666666666667,0.37222,g,0,877.09
843,1247,31247,88,33,3,word,high,bale,4,3,internal,l,k,2.8,0.53572,l,1,775.65
843,2102,32102,90,33,3,pseudoword,low,snad,4,2,internal,n,l,1.3666666666666667,0.46775,n,1,912.2
843,1215,31215,91,33,3,word,high,beam,4,4,external,m,n,4.666666666666667,0.6574,n,0,833.43
843,2207,32207,92,33,3,pseudoword,high,nood,4,4,external,d,p,5.096774193548387,0.48985,d,1,1289.0
843,2241,32241,93,33,3,pseudoword,high,bule,4,3,internal,l,r,3.2580645161290325,0.56415,l,1,1169.59
843,2128,32128,94,33,3,pseudoword,low,goif,4,4,external,f,d,1.4333333333333333,0.51654,f,1,1807.87
843,3148,33148,95,33,3,consonant_string,low,dhkw,4,3,internal,k,g,1.1666666666666667,0.37222,k,1,1267.49
843,2225,32225,96,33,3,pseudoword,high,jege,4,3,internal,g,d,4.1,0.62488,g,1,801.72
843,3243,33243,97,33,3,consonant_string,high,fbvr,4,4,external,r,n,3.1333333333333333,0.62334,n,0,1208.62
843,3134,33134,98,33,3,consonant_string,low,pfldr,5,4,internal,d,m,1.1333333333333333,0.58091,d,1,1331.55
843,2219,32219,99,33,3,pseudoword,high,chom,4,4,external,m,n,4.666666666666667,0.6574,n,0,980.15
843,2136,32136,101,33,3,pseudoword,low,plob,4,4,external,b,r,1.2666666666666666,0.51424,b,1,1021.71
843,2148,32148,102,33,3,pseudoword,low,zoke,4,3,internal,k,g,1.1666666666666667,0.37222,k,1,1147.96
843,3201,33201,103,33,3,consonant_string,high,znsq,4,2,internal,n,h,5.533333333333333,0.86536,h,0,1545.89
843,2126,32126,104,33,3,pseudoword,low,yeng,4,4,external,g,k,1.1666666666666667,0.37222,k,0,1552.86
843,3233,33233,105,33,3,consonant_string,high,vkdj,4,3,internal,d,c,3.566666666666667,0.66158,d,1,780.8
843,2215,32215,106,33,3,pseudoword,high,gulm,4,4,external,m,n,4.666666666666667,0.6574,m,1,1372.36
843,1211,31211,107,33,3,word,high,lead,4,4,external,d,p,5.096774193548387,0.48985,d,1,1048.62
843,3225,33225,108,33,3,consonant_string,high,fhgv,4,3,internal,g,d,4.1,0.62488,g,1,793.52
843,3114,33114,109,33,3,consonant_string,low,klpj,4,3,internal,p,s,1.2580645161290323,0.5767,p,1,1334.42
843,1122,31122,110,33,3,word,low,swag,4,4,external,g,n,1.7,0.55212,g,1,1289.02
843,3217,33217,112,33,3,consonant_string,high,htjm,4,4,external,m,n,4.666666666666667,0.6574,n,0,833.61
843,2106,32106,113,33,3,pseudoword,low,strepe,6,5,internal,p,v,1.1333333333333333,0.49111,p,1,841.16
843,3229,33229,114,33,3,consonant_string,high,dtfh,4,3,internal,f,r,3.8,0.69632,f,1,822.05
843,1128,31128,115,33,3,word,low,reef,4,4,external,f,d,1.4333333333333333,0.51654,f,1,990.59
843,3241,33241,116,33,3,consonant_string,high,pqlt,4,3,internal,l,r,3.2580645161290325,0.56415,l,1,813.15
843,2201,32201,117,33,3,pseudoword,high,snum,4,2,internal,n,h,5.533333333333333,0.86536,h,0,1466.39
843,1243,31243,118,33,3,word,high,moor,4,4,external,r,n,3.1333333333333333,0.62334,n,0,634.64
843,3235,33235,119,33,3,consonant_string,high,mkrb,4,4,external,b,g,3.533333333333333,0.46543,b,1,771.19
843,2245,32245,120,33,3,pseudoword,high,swork,5,4,internal,r,n,3.1333333333333333,0.62334,n,0,815.41
843,1112,31112,121,33,3,word,low,grip,4,4,external,p,t,1.3333333333333333,0.53002,t,0,674.62
843,1209,31209,123,33,3,word,high,seed,4,4,external,d,p,5.096774193548387,0.48985,p,0,1268.85
843,1203,31203,124,33,3,word,high,shape,5,4,internal,p,d,5.096774193548387,0.48985,p,1,1314.11
843,2110,32110,125,33,3,pseudoword,low,fard,4,4,external,d,k,1.3333333333333333,0.3996,k,0,872.36
843,3112,33112,126,33,3,consonant_string,low,qmwp,4,4,external,p,t,1.3333333333333333,0.53002,t,0,1131.61
843,3247,33247,127,33,3,consonant_string,high,gnlt,4,3,internal,l,k,2.8,0.53572,k,0,887.17
843,1134,31134,128,33,3,word,low,pride,5,4,internal,d,m,1.1333333333333333,0.58091,d,1,1018.73
843,2233,32233,129,33,3,pseudoword,high,kide,4,3,internal,d,c,3.566666666666667,0.66158,c,0,909.97
843,2209,32209,130,33,3,pseudoword,high,glod,4,4,external,d,p,5.096774193548387,0.48985,p,0,624.18
843,3239,33239,131,33,3,consonant_string,high,mvjt,4,4,external,t,r,3.3666666666666667,0.59892,t,1,751.39
843,1227,31227,132,33,3,word,high,wing,4,4,external,g,d,4.1,0.62488,g,1,655.26
843,3223,33223,134,33,3,consonant_string,high,vlbg,4,4,external,g,p,4.5,0.55857,p,0,873.15
843,1132,31132,135,33,3,word,low,spade,5,4,internal,d,r,1.3333333333333333,0.49182,d,1,951.37
843,2104,32104,136,33,3,pseudoword,low,swed,4,4,external,d,m,1.1333333333333333,0.58091,d,1,1527.3
843,1142,31142,137,33,3,word,low,seal,4,4,external,l,m,1.0666666666666667,0.5113,l,1,1017.89
843,3144,33144,138,33,3,consonant_string,low,qjfnd,5,4,internal,n,k,1.5333333333333334,0.52768,k,0,1432.15
843,2223,32223,139,33,3,pseudoword,high,blug,4,4,external,g,p,4.5,0.55857,g,1,965.75
843,3221,33221,140,33,3,consonant_string,high,fqcg,4,4,external,g,p,4.5,0.55857,g,1,738.96
843,2237,32237,141,33,3,pseudoword,high,blaw,4,4,external,w,m,3.4,0.62127,w,1,855.52
843,3207,33207,142,33,3,consonant_string,high,qvsd,4,4,external,d,p,5.096774193548387,0.48985,d,1,1007.41
843,1221,31221,143,33,3,word,high,flog,4,4,external,g,p,4.5,0.55857,g,1,813.31
843,3146,33146,2,33,3,consonant_string,low,bfnsl,5,5,external,l,m,1.0666666666666667,0.5113,l,1,1235.54
843,3108,33108,3,33,3,consonant_string,low,cvsd,4,4,external,d,k,1.3333333333333333,0.3996,d,1,833.12
843,1118,31118,4,33,3,word,low,home,4,3,internal,m,l,1.0666666666666667,0.5113,m,1,1388.7
843,1219,31219,5,33,3,word,high,warm,4,4,external,m,n,4.666666666666667,0.6574,n,0,1195.3
843,2122,32122,6,33,3,pseudoword,low,sleg,4,4,external,g,n,1.7,0.55212,g,1,1058.21
843,2243,32243,7,33,3,pseudoword,high,plur,4,4,external,r,n,3.1333333333333333,0.62334,n,0,1271.14
843,1126,31126,8,33,3,word,low,bang,4,4,external,g,k,1.1666666666666667,0.37222,g,1,688.37
843,1104,31104,9,33,3,word,low,skid,4,4,external,d,m,1.1333333333333333,0.58091,m,0,1414.95
843,1213,31213,10,33,3,word,high,slab,4,4,external,b,p,5.066666666666666,0.70362,b,1,1251.21
843,3209,33209,11,33,3,consonant_string,high,csbd,4,4,external,d,p,5.096774193548387,0.48985,p,0,1018.13
843,3215,33215,13,33,3,consonant_string,high,sfdm,4,4,external,m,n,4.666666666666667,0.6574,n,0,1117.38
843,2146,32146,14,33,3,pseudoword,low,proal,5,5,external,l,m,1.0666666666666667,0.5113,m,0,1005.62
843,3219,33219,15,33,3,consonant_string,high,gjkm,4,4,external,m,n,4.666666666666667,0.6574,n,0,688.51
843,1110,31110,16,33,3,word,low,weed,4,4,external,d,k,1.3333333333333333,0.3996,d,1,771.05
843,1233,31233,17,33,3,word,high,fade,4,3,internal,d,c,3.566666666666667,0.66158,c,0,1480.29
843,2239,32239,18,33,3,pseudoword,high,glot,4,4,external,t,r,3.3666666666666667,0.59892,r,0,1309.9
843,3231,33231,19,33,3,consonant_string,high,gjwds,5,4,internal,d,c,3.566666666666667,0.66158,d,1,1000.16
843,2138,32138,20,33,3,pseudoword,low,jite,4,3,internal,t,m,1.0666666666666667,0.52674,t,1,1668.09
843,1106,31106,21,33,3,word,low,stripe,6,5,internal,p,v,1.1333333333333333,0.49111,p,1,1433.38
843,2116,32116,22,33,3,pseudoword,low,hime,4,3,internal,m,l,1.0666666666666667,0.5113,l,0,2166.0
843,1136,31136,24,33,3,word,low,stab,4,4,external,b,r,1.2666666666666666,0.51424,r,0,999.31
843,1124,31124,25,33,3,word,low,bite,4,3,internal,t,d,1.3666666666666667,0.47786,d,0,1350.23
843,1217,31217,26,33,3,word,high,scam,4,4,external,m,n,4.666666666666667,0.6574,m,1,1108.16
843,3116,33116,27,33,3,consonant_string,low,fsmt,4,3,internal,m,l,1.0666666666666667,0.5113,m,1,1103.08
843,2205,32205,28,33,3,pseudoword,high,brupe,5,4,internal,p,d,5.096774193548387,0.48985,d,0,1111.99
843,1225,31225,29,33,3,word,high,wage,4,3,internal,g,d,4.1,0.62488,g,1,1106.23
843,3142,33142,30,33,3,consonant_string,low,wktl,4,4,external,l,m,1.0666666666666667,0.5113,m,0,967.15
843,2114,32114,31,33,3,pseudoword,low,dape,4,3,internal,p,s,1.2580645161290323,0.5767,s,0,963.38
843,1207,31207,32,33,3,word,high,read,4,4,external,d,p,5.096774193548387,0.48985,d,1,1519.63
843,2134,32134,33,33,3,pseudoword,low,brode,5,4,internal,d,m,1.1333333333333333,0.58091,d,1,1020.9
843,1223,31223,35,33,3,word,high,flag,4,4,external,g,p,4.5,0.55857,p,0,972.14
843,1130,31130,36,33,3,word,low,beef,4,4,external,f,p,1.6333333333333333,0.41008,p,0,847.37
843,2221,32221,37,33,3,pseudoword,high,quag,4,4,external,g,p,4.5,0.55857,g,1,936.26
843,3245,33245,38,33,3,consonant_string,high,hvwrt,5,4,internal,r,n,3.1333333333333333,0.62334,r,1,829.82
843,1237,31237,39,33,3,word,high,stew,4,4,external,w,m,3.4,0.62127,w,1,1155.38
843,3136,33136,40,33,3,consonant_string,low,hfwb,4,4,external,b,r,1.2666666666666666,0.51424,b,1,688.29
843,2217,32217,41,33,3,pseudoword,high,plim,4,4,external,m,n,4.666666666666667,0.6574,n,0,1062.84
843,1235,31235,42,33,3,word,high,drab,4,4,external,b,g,3.533333333333333,0.46543,g,0,1075.09
843,1102,31102,43,33,3,word,low,snip,4,2,internal,n,l,1.3666666666666667,0.46775,n,1,1384.67
843,1231,31231,44,33,3,word,high,slide,5,4,internal,d,c,3.566666666666667,0.66158,d,1,1192.27
843,1108,31108,46,33,3,word,low,hood,4,4,external,d,k,1.3333333333333333,0.3996,d,1,1467.2
843,1245,31245,47,33,3,word,high,spire,5,4,internal,r,n,3.1333333333333333,0.62334,r,1,1737.5
843,1241,31241,48,33,3,word,high,file,4,3,internal,l,r,3.2580645161290325,0.56415,r,0,1227.12
843,2108,32108,49,33,3,pseudoword,low,vild,4,4,external,d,k,1.3333333333333333,0.3996,d,1,967.7
843,2231,32231,50,33,3,pseudoword,high,spode,5,4,internal,d,c,3.566666666666667,0.66158,d,1,2151.99
844,3216,43216,0,33,4,consonant_string,high,fsmt,4,3,internal,m,n,4.666666666666667,0.6574,n,0,1618.86
844,3244,43244,56,33,4,consonant_string,high,qjfnd,5,4,internal,n,r,3.1333333333333333,0.62334,r,0,984.13
844,3248,43248,67,33,4,consonant_string,high,dhkw,4,3,internal,k,l,2.8,0.53572,k,1,729.69
844,1218,41218,78,33,4,word,high,home,4,3,internal,m,n,4.666666666666667,0.6574,n,0,886.24
844,3214,43214,89,33,4,consonant_string,high,klpj,4,3,internal,p,b,5.066666666666666,0.70362,b,0,825.79
844,2238,42238,100,33,4,pseudoword,high,jite,4,3,internal,t,r,3.3666666666666667,0.59892,t,1,1136.37
844,1129,41129,111,33,4,word,low,wife,4,3,internal,f,n,1.2,0.53217,n,0,931.93
844,1103,41103,122,33,4,word,low,shape,5,4,internal,p,v,1.1333333333333333,0.49111,v,0,1049.5
844,3210,43210,133,33,4,consonant_string,high,lsbd,4,4,external,d,p,5.096774193548387,0.48985,d,1,1741.44
844,2119,42119,1,33,4,pseudoword,low,chom,4,4,external,m,t,1.0666666666666667,0.52674,t,0,1407.42
844,3143,43143,12,33,4,consonant_string,low,fbvr,4,4,external,r,d,1.3333333333333333,0.49182,r,1,1190.33
844,2105,42105,23,33,4,pseudoword,low,brupe,5,4,internal,p,v,1.1333333333333333,0.49111,v,0,958.9
844,3240,43240,34,33,4,consonant_string,high,gtln,4,3,internal,l,r,3.2580645161290325,0.56415,l,1,1856.18
844,3115,43115,45,33,4,consonant_string,low,sfdm,4,4,external,m,t,1.0666666666666667,0.52674,m,1,1361.14
844,2137,42137,51,33,4,pseudoword,low,blaw,4,4,external,w,p,1.1666666666666667,0.53452,w,1,751.38
844,3230,43230,52,33,4,consonant_string,high,czhf,4,4,external,f,r,3.8,0.69632,f,1,733.26
844,2220,42220,53,33,4,pseudoword,high,wote,4,3,internal,t,l,4.5,0.47576,l,0,963.81
844,2246,42246,54,33,4,pseudoword,high,proal,5,5,external,l,k,2.8,0.53572,l,1,1383.07
844,1137,41137,55,33,4,word,low,stew,4,4,external,w,p,1.1666666666666667,0.53452,w,1,794.64
844,2107,42107,57,33,4,pseudoword,low,nood,4,4,external,d,r,1.3333333333333333,0.49182,r,0,1781.57
844,3222,43222,58,33,4,consonant_string,high,wbjg,4,4,external,g,p,4.5,0.55857,p,0,1126.19
844,3133,43133,59,33,4,consonant_string,low,vkdj,4,3,internal,d,z,1.2333333333333334,0.52841,d,1,1521.79
844,3117,43117,60,33,4,consonant_string,low,htjm,4,4,external,m,b,1.2333333333333334,0.5784,b,0,1876.09
844,2204,42204,61,33,4,pseudoword,high,swed,4,4,external,d,p,5.096774193548387,0.48985,d,1,1495.72
844,1143,41143,62,33,4,word,low,moor,4,4,external,r,d,1.3333333333333333,0.49182,r,1,1516.68
844,2214,42214,63,33,4,pseudoword,high,dape,4,3,internal,p,b,5.066666666666666,0.70362,b,0,959.94
844,1141,41141,64,33,4,word,low,file,4,3,internal,l,n,1.3666666666666667,0.46775,n,0,1920.21
844,3212,43212,65,33,4,consonant_string,high,qmwp,4,4,external,p,d,5.096774193548387,0.48985,d,0,1721.52
844,1232,41232,66,33,4,word,high,spade,5,4,internal,d,c,3.566666666666667,0.66158,d,1,797.79
844,3105,43105,68,33,4,consonant_string,low,fcmpk,5,4,internal,p,v,1.1333333333333333,0.49111,v,0,766.67
844,1115,41115,69,33,4,word,low,beam,4,4,external,m,t,1.0666666666666667,0.52674,t,0,1073.9
844,3107,43107,70,33,4,consonant_string,low,qvsd,4,4,external,d,r,1.3333333333333333,0.49182,d,1,946.14
844,3226,43226,71,33,4,consonant_string,high,lqvg,4,4,external,g,d,4.1,0.62488,g,1,878.02
844,1242,41242,72,33,4,word,high,seal,4,4,external,l,r,3.2580645161290325,0.56415,l,1,1829.63
844,3113,43113,73,33,4,consonant_string,low,rtcb,4,4,external,b,m,1.2333333333333334,0.5784,m,0,1110.24
844,3246,43246,74,33,4,consonant_string,high,bfnsl,5,5,external,l,k,2.8,0.53572,l,1,1826.51
844,1246,41246,75,33,4,word,high,steal,5,5,external,l,k,2.8,0.53572,k,0,1000.13
844,2226,42226,76,33,4,pseudoword,high,yeng,4,4,external,g,d,4.1,0.62488,g,1,1711.07
844,2224,42224,77,33,4,pseudoword,high,jote,4,3,internal,t,l,4.5,0.47576,t,1,1076.35
844,1109,41109,79,33,4,word,low,seed,4,4,external,d,m,1.1333333333333333,0.58091,d,1,1634.94
844,2206,42206,80,33,4,pseudoword,high,strepe,6,5,internal,p,d,5.096774193548387,0.48985,d,0,2340.6
844,3238,43238,81,33,4,consonant_string,high,njtb,4,3,internal,t,r,3.3666666666666667,0.59892,r,0,862.23
844,2242,42242,82,33,4,pseudoword,high,drol,4,4,external,l,r,3.2580645161290325,0.56415,l,1,1300.48
844,1121,41121,83,33,4,word,low,flog,4,4,external,g,w,1.1666666666666667,0.52446,w,0,1244.41
844,2244,42244,84,33,4,pseudoword,high,slone,5,4,internal,n,r,3.1333333333333333,0.62334,n,1,1103.33
844,3139,43139,85,33,4,consonant_string,low,mvjt,4,4,external,t,n,1.1,0.6011,t,1,1102.24
844,1107,41107,86,33,4,word,low,read,4,4,external,d,r,1.3333333333333333,0.49182,r,0,801.14
844,2125,42125,87,33,4,pseudoword,low,jege,4,3,internal,g,k,1.1666666666666667,0.37222,g,1,831.03
844,2218,42218,88,33,4,pseudoword,high,vume,4,3,internal,m,n,4.666666666666667,0.6574,n,0,961.58
844,2113,42113,90,33,4,pseudoword,low,nalb,4,4,external,b,m,1.2333333333333334,0.5784,b,1,1582.83
844,1216,41216,91,33,4,word,high,mime,4,3,internal,m,n,4.666666666666667,0.6574,n,0,1411.46
844,2101,42101,92,33,4,pseudoword,low,snum,4,2,internal,n,t,1.1,0.6011,t,0,1449.73
844,3224,43224,93,33,4,consonant_string,high,gpts,4,3,internal,t,l,4.5,0.47576,t,1,2101.7
844,3228,43228,94,33,4,consonant_string,high,vjnf,4,4,external,f,l,4.033333333333333,0.60982,f,1,1067.66
844,1113,41113,95,33,4,word,low,slab,4,4,external,b,m,1.2333333333333334,0.5784,m,0,1344.92
844,2115,42115,96,33,4,pseudoword,low,gulm,4,4,external,m,t,1.0666666666666667,0.52674,m,1,2223.89
844,1236,41236,97,33,4,word,high,stab,4,4,external,b,g,3.533333333333333,0.46543,b,1,717.18
844,3145,43145,98,33,4,consonant_string,low,hvwrt,5,4,internal,r,c,1.4,0.55867,c,0,2190.45
844,1222,41222,99,33,4,word,high,swag,4,4,external,g,p,4.5,0.55857,p,0,1012.08
844,3220,43220,101,33,4,consonant_string,high,pktv,4,3,internal,t,l,4.5,0.47576,l,0,1036.32
844,2147,42147,102,33,4,pseudoword,low,jile,4,3,internal,l,s,1.1,0.4218,l,1,896.89
844,2248,42248,103,33,4,pseudoword,high,zoke,4,3,internal,k,l,2.8,0.53572,k,1,971.79
844,1210,41210,104,33,4,word,high,weed,4,4,external,d,p,5.096774193548387,0.48985,p,0,1327.03
844,1123,41123,105,33,4,word,low,flag,4,4,external,g,t,1.1333333333333333,0.44178,g,1,2130.66
844,1111,41111,106,33,4,word,low,lead,4,4,external,d,k,1.3333333333333333,0.3996,k,0,1610.32
844,1238,41238,107,33,4,word,high,date,4,3,internal,t,r,3.3666666666666667,0.59892,t,1,823.58
844,1228,41228,108,33,4,word,high,reef,4,4,external,f,l,4.033333333333333,0.60982,f,1,2312.87
844,3131,43131,109,33,4,consonant_string,low,gjwds,5,4,internal,d,m,1.1333333333333333,0.58091,m,0,2516.23
844,2210,42210,110,33,4,pseudoword,high,fard,4,4,external,d,p,5.096774193548387,0.48985,p,0,1702.57
844,3123,43123,112,33,4,consonant_string,low,vlbg,4,4,external,g,t,1.1333333333333333,0.44178,t,0,1225.53
844,2222,42222,113,33,4,pseudoword,high,sleg,4,4,external,g,p,4.5,0.55857,p,0,1136.11
844,2232,42232,114,33,4,pseudoword,high,ghade,5,4,internal,d,c,3.566666666666667,0.66158,d,1,1016.68
844,2216,42216,115,33,4,pseudoword,high,hime,4,3,internal,m,n,4.666666666666667,0.6574,n,0,727.63
844,1234,41234,116,33,4,word,high,pride,5,4,internal,d,c,3.566666666666667,0.66158,c,0,1227.2
844,3129,43129,117,33,4,consonant_string,low,dtfh,4,3,internal,f,n,1.2,0.53217,f,1,749.77
844,3135,43135,118,33,4,consonant_string,low,mkrb,4,4,external,b,w,1.1,0.5109,b,1,818.66
844,1226,41226,119,33,4,word,high,bang,4,4,external,g,d,4.1,0.62488,g,1,1874.91
844,3137,43137,120,33,4,consonant_string,low,gbcw,4,4,external,w,p,1.1666666666666667,0.53452,p,0,993.2
844,1105,41105,121,33,4,word,low,grape,5,4,internal,p,v,1.1333333333333333,0.49111,p,1,1285.11
844,2131,42131,123,33,4,pseudoword,low,spode,5,4,internal,d,m,1.1333333333333333,0.58091,d,1,1020.7
844,2141,42141,124,33,4,pseudoword,low,bule,4,3,internal,l,n,1.3666666666666667,0.46775,l,1,1251.94
844,3141,43141,125,33,4,consonant_string,low,pqlt,4,3,internal,l,n,1.3666666666666667,0.46775,n,0,729.84
844,1127,41127,126,33,4,word,low,wing,4,4,external,g,k,1.1666666666666667,0.37222,g,1,2441.46
844,3236,43236,127,33,4,consonant_string,high,hfwb,4,4,external,b,g,3.533333333333333,0.46543,b,1,1457.45
844,2234,42234,128,33,4,pseudoword,high,brode,5,4,internal,d,c,3.566666666666667,0.66158,d,1,1143.4
844,1208,41208,129,33,4,word,high,hood,4,4,external,d,p,5.096774193548387,0.48985,d,1,1379.32
844,1133,41133,130,33,4,word,low,fade,4,3,internal,d,z,1.2333333333333334,0.52841,d,1,781.89
844,3234,43234,131,33,4,consonant_string,high,pfldr,5,4,internal,d,c,3.566666666666667,0.66158,d,1,658.45
844,1204,41204,132,33,4,word,high,skid,4,4,external,d,p,5.096774193548387,0.48985,p,0,969.33
844,3204,43204,134,33,4,consonant_string,high,htwd,4,4,external,d,p,5.096774193548387,0.48985,p,0,740.54
844,1248,41248,135,33,4,word,high,sake,4,3,internal,k,l,2.8,0.53572,k,1,1836.13
844,3206,43206,136,33,4,consonant_string,high,jbfzpq,6,5,internal,p,d,5.096774193548387,0.48985,d,0,2070.8
844,1119,41119,137,33,4,word,low,warm,4,4,external,m,t,1.0666666666666667,0.52674,m,1,663.07
844,3242,43242,138,33,4,consonant_string,high,wktl,4,4,external,l,r,3.2580645161290325,0.56415,r,0,1710.32
844,1131,41131,139,33,4,word,low,slide,5,4,internal,d,m,1.1333333333333333,0.58091,d,1,628.58
844,3218,43218,140,33,4,consonant_string,high,zsmj,4,3,internal,m,n,4.666666666666667,0.6574,n,0,904.13
844,2143,42143,141,33,4,pseudoword,low,plur,4,4,external,r,d,1.3333333333333333,0.49182,d,0,3797.13
844,3208,43208,142,33,4,consonant_string,high,cvsd,4,4,external,d,p,5.096774193548387,0.48985,p,0,682.17
844,1139,41139,143,33,4,word,low,spat,4,4,external,t,n,1.1,0.6011,n,0,971.72
844,1224,41224,2,33,4,word,high,bite,4,3,internal,t,l,4.5,0.47576,l,0,1165.97
844,2139,42139,3,33,4,pseudoword,low,glot,4,4,external,t,n,1.1,0.6011,n,0,852.2
844,1214,41214,4,33,4,word,high,rope,4,3,internal,p,b,5.066666666666666,0.70362,p,1,1886.13
844,1145,41145,5,33,4,word,low,spire,5,4,internal,r,c,1.4,0.55867,c,0,1894.79
844,3119,43119,6,33,4,consonant_string,low,gjkm,4,4,external,m,t,1.0666666666666667,0.52674,m,1,2154.79
844,2103,42103,7,33,4,pseudoword,low,frope,5,4,internal,p,v,1.1333333333333333,0.49111,p,1,825.74
844,2111,42111,8,33,4,pseudoword,low,zoud,4,4,external,d,k,1.3333333333333333,0.3996,d,1,1676.31
844,2212,42212,9,33,4,pseudoword,high,glip,4,4,external,p,d,5.096774193548387,0.48985,p,1,838.93
844,3121,43121,10,33,4,consonant_string,low,fqcg,4,4,external,g,w,1.1666666666666667,0.52446,g,1,1703.52
844,2129,42129,11,33,4,pseudoword,low,vofe,4,3,internal,f,n,1.2,0.53217,n,0,653.45
844,2230,42230,13,33,4,pseudoword,high,zeaf,4,4,external,f,r,3.8,0.69632,f,1,1045.33
844,2117,42117,14,33,4,pseudoword,low,plim,4,4,external,m,b,1.2333333333333334,0.5784,m,1,810.22
844,3125,43125,15,33,4,consonant_string,low,fhgv,4,3,internal,g,k,1.1666666666666667,0.37222,g,1,929.45
844,2123,42123,16,33,4,pseudoword,low,blug,4,4,external,g,t,1.1333333333333333,0.44178,t,0,1271.0
844,1230,41230,17,33,4,word,high,beef,4,4,external,f,r,3.8,0.69632,r,0,1017.26
844,3147,43147,18,33,4,consonant_string,low,gnlt,4,3,internal,l,s,1.1,0.4218,l,1,1088.5
844,1125,41125,19,33,4,word,low,wage,4,3,internal,g,k,1.1666666666666667,0.37222,k,0,833.09
844,2121,42121,20,33,4,pseudoword,low,quag,4,4,external,g,w,1.1666666666666667,0.52446,g,1,2331.7
844,1212,41212,21,33,4,word,high,grip,4,4,external,p,d,5.096774193548387,0.48985,p,1,818.33
844,3111,43111,22,33,4,consonant_string,low,srfd,4,4,external,d,k,1.3333333333333333,0.3996,d,1,838.55
844,2109,42109,24,33,4,pseudoword,low,glod,4,4,external,d,m,1.1333333333333333,0.58091,d,1,892.1
844,3232,43232,25,33,4,consonant_string,high,vzldb,5,4,internal,d,c,3.566666666666667,0.66158,c,0,994.0
844,3103,43103,26,33,4,consonant_string,low,qsgpn,5,4,internal,p,v,1.1333333333333333,0.49111,p,1,1075.91
844,1101,41101,27,33,4,word,low,snow,4,2,internal,n,t,1.1,0.6011,n,1,1889.51
844,2127,42127,28,33,4,pseudoword,low,reng,4,4,external,g,k,1.1666666666666667,0.37222,k,0,1146.14
844,2236,42236,29,33,4,pseudoword,high,plob,4,4,external,b,g,3.533333333333333,0.46543,g,0,775.04
844,3109,43109,30,33,4,consonant_string,low,csbd,4,4,external,d,m,1.1333333333333333,0.58091,d,1,750.25
844,1244,41244,31,33,4,word,high,stone,5,4,internal,n,r,3.1333333333333333,0.62334,n,1,2451.2
844,3202,43202,32,33,4,consonant_string,high,knfc,4,2,internal,n,h,5.533333333333333,0.86536,h,0,1231.18
844,1206,41206,33,33,4,word,high,stripe,6,5,internal,p,d,5.096774193548387,0.48985,p,1,1581.8
844,1240,41240,35,33,4,word,high,pole,4,3,internal,l,r,3.2580645161290325,0.56415,r,0,1420.41
844,3127,43127,36,33,4,consonant_string,low,bvcg,4,4,external,g,k,1.1666666666666667,0.37222,k,0,902.66
844,2135,42135,37,33,4,pseudoword,low,frab,4,4,external,b,w,1.1,0.5109,b,1,1778.6
844,3101,43101,38,33,4,consonant_string,low,znsq,4,2,internal,n,t,1.1,0.6011,n,1,1072.21
844,2202,42202,39,33,4,pseudoword,high,snad,4,2,internal,n,h,5.533333333333333,0.86536,h,0,1205.45
844,1135,41135,40,33,4,word,low,drab,4,4,external,b,w,1.1,0.5109,w,0,3512.47
844,2133,42133,41,33,4,pseudoword,low,kide,4,3,internal,d,z,1.2333333333333334,0.52841,z,0,1192.85
844,1147,41147,42,33,4,word,low,bale,4,3,internal,l,s,1.1,0.4218,s,0,1811.8
844,2145,42145,43,33,4,pseudoword,low,swork,5,4,internal,r,c,1.4,0.55867,r,1,1945.12
844,1202,41202,44,33,4,word,high,snip,4,2,internal,n,h,5.533333333333333,0.86536,h,0,1573.1
844,1117,41117,46,33,4,word,low,scam,4,4,external,m,b,1.2333333333333334,0.5784,m,1,1299.37
844,2240,42240,47,33,4,pseudoword,high,hule,4,3,internal,l,r,3.2580645161290325,0.56415,r,0,870.29
844,2208,42208,48,33,4,pseudoword,high,vild,4,4,external,d,p,5.096774193548387,0.48985,d,1,888.51
844,2228,42228,49,33,4,pseudoword,high,goif,4,4,external,f,l,4.033333333333333,0.60982,f,1,1841.11
844,1220,41220,50,33,4,word,high,gate,4,3,internal,t,l,4.5,0.47576,l,0,2175.77
845,3241,13241,0,33,1,consonant_string,high,pqlt,4,3,internal,l,r,3.2580645161290325,0.56415,l,1,697.77
845,3144,13144,56,33,1,consonant_string,low,qjfnd,5,4,internal,n,k,1.5333333333333334,0.52768,n,1,840.65
845,2241,12241,67,33,1,pseudoword,high,bule,4,3,internal,l,r,3.2580645161290325,0.56415,r,0,537.2
845,1136,11136,78,33,1,word,low,stab,4,4,external,b,r,1.2666666666666666,0.51424,b,1,1073.73
845,2223,12223,89,33,1,pseudoword,high,blug,4,4,external,g,p,4.5,0.55857,g,1,756.96
845,2207,12207,100,33,1,pseudoword,high,nood,4,4,external,d,p,5.096774193548387,0.48985,d,1,970.87
845,3213,13213,111,33,1,consonant_string,high,rtcb,4,4,external,b,p,5.066666666666666,0.70362,p,0,728.1
845,1221,11221,122,33,1,word,high,flog,4,4,external,g,p,4.5,0.55857,g,1,616.64
845,2112,12112,133,33,1,pseudoword,low,glip,4,4,external,p,t,1.3333333333333333,0.53002,p,1,1051.85
845,2140,12140,1,33,1,pseudoword,low,hule,4,3,internal,l,s,1.1,0.4218,s,0,1202.77
845,2233,12233,12,33,1,pseudoword,high,kide,4,3,internal,d,c,3.566666666666667,0.66158,d,1,922.68
845,3134,13134,23,33,1,consonant_string,low,pfldr,5,4,internal,d,m,1.1333333333333333,0.58091,m,0,903.91
845,1148,11148,34,33,1,word,low,sake,4,3,internal,k,g,1.1666666666666667,0.37222,k,1,602.8
845,2132,12132,45,33,1,pseudoword,low,ghade,5,4,internal,d,r,1.3333333333333333,0.49182,r,0,789.67
845,3239,13239,51,33,1,consonant_string,high,mvjt,4,4,external,t,r,3.3666666666666667,0.59892,t,1,1392.24
845,2229,12229,52,33,1,pseudoword,high,vofe,4,3,internal,f,r,3.8,0.69632,r,0,1278.18
845,3211,13211,53,33,1,consonant_string,high,srfd,4,4,external,d,p,5.096774193548387,0.48985,d,1,1174.78
845,1245,11245,54,33,1,word,high,spire,5,4,internal,r,n,3.1333333333333333,0.62334,r,1,725.02
845,3102,13102,55,33,1,consonant_string,low,knfc,4,2,internal,n,l,1.3666666666666667,0.46775,n,1,808.23
845,2211,12211,57,33,1,pseudoword,high,zoud,4,4,external,d,p,5.096774193548387,0.48985,d,1,1033.12
845,2217,12217,58,33,1,pseudoword,high,plim,4,4,external,m,n,4.666666666666667,0.6574,m,1,739.69
845,1110,11110,59,33,1,word,low,weed,4,4,external,d,k,1.3333333333333333,0.3996,k,0,1071.25
845,1114,11114,60,33,1,word,low,rope,4,3,internal,p,s,1.2580645161290323,0.5767,s,0,781.48
845,1134,11134,61,33,1,word,low,pride,5,4,internal,d,m,1.1333333333333333,0.58091,d,1,738.02
845,2209,12209,62,33,1,pseudoword,high,glod,4,4,external,d,p,5.096774193548387,0.48985,p,0,1023.58
845,1229,11229,63,33,1,word,high,wife,4,3,internal,f,r,3.8,0.69632,r,0,575.81
845,3116,13116,64,33,1,consonant_string,low,fsmt,4,3,internal,m,l,1.0666666666666667,0.5113,l,0,851.36
845,2142,12142,65,33,1,pseudoword,low,drol,4,4,external,l,m,1.0666666666666667,0.5113,m,0,880.25
845,1215,11215,66,33,1,word,high,beam,4,4,external,m,n,4.666666666666667,0.6574,n,0,645.8
845,1120,11120,68,33,1,word,low,gate,4,3,internal,t,m,1.0666666666666667,0.52674,t,1,579.68
845,1138,11138,69,33,1,word,low,date,4,3,internal,t,m,1.0666666666666667,0.52674,t,1,879.2
845,1225,11225,70,33,1,word,high,wage,4,3,internal,g,d,4.1,0.62488,g,1,609.76
845,3112,13112,71,33,1,consonant_string,low,qmwp,4,4,external,p,t,1.3333333333333333,0.53002,p,1,987.97
845,2104,12104,72,33,1,pseudoword,low,swed,4,4,external,d,m,1.1333333333333333,0.58091,m,0,662.53
845,1142,11142,73,33,1,word,low,seal,4,4,external,l,m,1.0666666666666667,0.5113,m,0,1418.77
845,3140,13140,74,33,1,consonant_string,low,gtln,4,3,internal,l,s,1.1,0.4218,l,1,1174.03
845,2245,12245,75,33,1,pseudoword,high,swork,5,4,internal,r,n,3.1333333333333333,0.62334,n,0,1273.29
845,3223,13223,76,33,1,consonant_string,high,vlbg,4,4,external,g,p,4.5,0.55857,g,1,891.54
845,1213,11213,77,33,1,word,high,slab,4,4,external,b,p,5.066666666666666,0.70362,b,1,767.43
845,1233,11233,79,33,1,word,high,fade,4,3,internal,d,c,3.566666666666667,0.66158,d,1,616.64
845,2203,12203,80,33,1,pseudoword,high,frope,5,4,internal,p,d,5.096774193548387,0.48985,p,1,633.84
845,3124,13124,81,33,1,consonant_string,low,gpts,4,3,internal,t,d,1.3666666666666667,0.47786,d,0,788.39
845,1132,11132,82,33,1,word,low,spade,5,4,internal,d,r,1.3333333333333333,0.49182,r,0,585.94
845,2118,12118,83,33,1,pseudoword,low,vume,4,3,internal,m,l,1.0666666666666667,0.5113,m,1,557.46
845,3138,13138,84,33,1,consonant_string,low,njtb,4,3,internal,t,m,1.0666666666666667,0.52674,m,0,606.33
845,3227,13227,85,33,1,consonant_string,high,bvcg,4,4,external,g,d,4.1,0.62488,g,1,587.19
845,1104,11104,86,33,1,word,low,skid,4,4,external,d,m,1.1333333333333333,0.58091,m,0,1098.74
845,2138,12138,87,33,1,pseudoword,low,jite,4,3,internal,t,m,1.0666666666666667,0.52674,m,0,1267.66
845,1102,11102,88,33,1,word,low,snip,4,2,internal,n,l,1.3666666666666667,0.46775,l,0,1055.92
845,1231,11231,90,33,1,word,high,slide,5,4,internal,d,c,3.566666666666667,0.66158,d,1,670.81
845,1106,11106,91,33,1,word,low,stripe,6,5,internal,p,v,1.1333333333333333,0.49111,p,1,674.01
845,2136,12136,92,33,1,pseudoword,low,plob,4,4,external,b,r,1.2666666666666666,0.51424,b,1,653.22
845,1144,11144,93,33,1,word,low,stone,5,4,internal,n,k,1.5333333333333334,0.52768,k,0,549.1
845,1203,11203,94,33,1,word,high,shape,5,4,internal,p,d,5.096774193548387,0.48985,p,1,561.95
845,1124,11124,95,33,1,word,low,bite,4,3,internal,t,d,1.3666666666666667,0.47786,t,1,536.14
845,1247,11247,96,33,1,word,high,bale,4,3,internal,l,k,2.8,0.53572,k,0,505.68
845,1217,11217,97,33,1,word,high,scam,4,4,external,m,n,4.666666666666667,0.6574,m,1,929.55
845,3128,13128,98,33,1,consonant_string,low,vjnf,4,4,external,f,d,1.4333333333333333,0.51654,f,1,838.11
845,3120,13120,99,33,1,consonant_string,low,pktv,4,3,internal,t,m,1.0666666666666667,0.52674,t,1,692.67
845,1223,11223,101,33,1,word,high,flag,4,4,external,g,p,4.5,0.55857,g,1,612.54
845,1130,11130,102,33,1,word,low,beef,4,4,external,f,p,1.6333333333333333,0.41008,f,1,712.75
845,1209,11209,103,33,1,word,high,seed,4,4,external,d,p,5.096774193548387,0.48985,d,1,1258.97
845,3201,13201,104,33,1,consonant_string,high,znsq,4,2,internal,n,h,5.533333333333333,0.86536,h,0,1109.23
845,2126,12126,105,33,1,pseudoword,low,yeng,4,4,external,g,k,1.1666666666666667,0.37222,g,1,1079.48
845,2110,12110,106,33,1,pseudoword,low,fard,4,4,external,d,k,1.3333333333333333,0.3996,k,0,803.05
845,3136,13136,107,33,1,consonant_string,low,hfwb,4,4,external,b,r,1.2666666666666666,0.51424,b,1,1191.95
845,3146,13146,108,33,1,consonant_string,low,bfnsl,5,5,external,l,m,1.0666666666666667,0.5113,m,0,688.85
845,2124,12124,109,33,1,pseudoword,low,jote,4,3,internal,t,d,1.3666666666666667,0.47786,t,1,867.4
845,2235,12235,110,33,1,pseudoword,high,frab,4,4,external,b,g,3.533333333333333,0.46543,g,0,842.63
845,2227,12227,112,33,1,pseudoword,high,reng,4,4,external,g,d,4.1,0.62488,g,1,706.51
845,1128,11128,113,33,1,word,low,reef,4,4,external,f,d,1.4333333333333333,0.51654,f,1,742.38
845,1241,11241,114,33,1,word,high,file,4,3,internal,l,r,3.2580645161290325,0.56415,r,0,906.28
845,3118,13118,115,33,1,consonant_string,low,zsmj,4,3,internal,m,l,1.0666666666666667,0.5113,m,1,1355.81
845,3122,13122,116,33,1,consonant_string,low,wbjg,4,4,external,g,n,1.7,0.55212,g,1,822.74
845,3209,13209,117,33,1,consonant_string,high,csbd,4,4,external,d,p,5.096774193548387,0.48985,d,1,991.96
845,3203,13203,118,33,1,consonant_string,high,qsgpn,5,4,internal,p,d,5.096774193548387,0.48985,d,0,919.87
845,3235,13235,119,33,1,consonant_string,high,mkrb,4,4,external,b,g,3.533333333333333,0.46543,g,0,794.1
845,2108,12108,120,33,1,pseudoword,low,vild,4,4,external,d,k,1.3333333333333333,0.3996,d,1,706.97
845,2239,12239,121,33,1,pseudoword,high,glot,4,4,external,t,r,3.3666666666666667,0.59892,t,1,827.85
845,3142,13142,123,33,1,consonant_string,low,wktl,4,4,external,l,m,1.0666666666666667,0.5113,m,0,664.4
845,3225,13225,124,33,1,consonant_string,high,fhgv,4,3,internal,g,d,4.1,0.62488,d,0,857.61
845,2122,12122,125,33,1,pseudoword,low,sleg,4,4,external,g,n,1.7,0.55212,g,1,782.5
845,3247,13247,126,33,1,consonant_string,high,gnlt,4,3,internal,l,k,2.8,0.53572,l,1,1282.07
845,3104,13104,127,33,1,consonant_string,low,htwd,4,4,external,d,m,1.1333333333333333,0.58091,d,1,609.64
845,2201,12201,128,33,1,pseudoword,high,snum,4,2,internal,n,h,5.533333333333333,0.86536,h,0,1222.88
845,3207,13207,129,33,1,consonant_string,high,qvsd,4,4,external,d,p,5.096774193548387,0.48985,d,1,831.11
845,1219,11219,130,33,1,word,high,warm,4,4,external,m,n,4.666666666666667,0.6574,m,1,604.66
845,1237,11237,131,33,1,word,high,stew,4,4,external,w,m,3.4,0.62127,w,1,647.52
845,3231,13231,132,33,1,consonant_string,high,gjwds,5,4,internal,d,c,3.566666666666667,0.66158,d,1,892.4
845,3130,13130,134,33,1,consonant_string,low,czhf,4,4,external,f,p,1.6333333333333333,0.41008,p,0,634.3
845,1243,11243,135,33,1,word,high,moor,4,4,external,r,n,3.1333333333333333,0.62334,r,1,978.85
845,1207,11207,136,33,1,word,high,read,4,4,external,d,p,5.096774193548387,0.48985,d,1,911.4
845,1116,11116,137,33,1,word,low,mime,4,3,internal,m,l,1.0666666666666667,0.5113,m,1,602.64
845,2225,12225,138,33,1,pseudoword,high,jege,4,3,internal,g,d,4.1,0.62488,g,1,673.49
845,3126,13126,139,33,1,consonant_string,low,lqvg,4,4,external,g,k,1.1666666666666667,0.37222,g,1,665.71
845,1235,11235,140,33,1,word,high,drab,4,4,external,b,g,3.533333333333333,0.46543,b,1,802.91
845,2215,12215,141,33,1,pseudoword,high,gulm,4,4,external,m,n,4.666666666666667,0.6574,n,0,1050.81
845,2247,12247,142,33,1,pseudoword,high,jile,4,3,internal,l,k,2.8,0.53572,k,0,703.7
845,2148,12148,143,33,1,pseudoword,low,zoke,4,3,internal,k,g,1.1666666666666667,0.37222,k,1,798.59
845,3217,13217,2,33,1,consonant_string,high,htjm,4,4,external,m,n,4.666666666666667,0.6574,m,1,705.47
845,2134,12134,3,33,1,pseudoword,low,brode,5,4,internal,d,m,1.1333333333333333,0.58091,d,1,582.34
845,2106,12106,4,33,1,pseudoword,low,strepe,6,5,internal,p,v,1.1333333333333333,0.49111,p,1,576.87
845,3237,13237,5,33,1,consonant_string,high,gbcw,4,4,external,w,m,3.4,0.62127,w,1,683.4
845,2243,12243,6,33,1,pseudoword,high,plur,4,4,external,r,n,3.1333333333333333,0.62334,n,0,1431.98
845,2114,12114,7,33,1,pseudoword,low,dape,4,3,internal,p,s,1.2580645161290323,0.5767,p,1,732.54
845,2102,12102,8,33,1,pseudoword,low,snad,4,2,internal,n,l,1.3666666666666667,0.46775,n,1,1142.12
845,3245,13245,9,33,1,consonant_string,high,hvwrt,5,4,internal,r,n,3.1333333333333333,0.62334,r,1,858.03
845,1126,11126,10,33,1,word,low,bang,4,4,external,g,k,1.1666666666666667,0.37222,g,1,690.24
845,3205,13205,11,33,1,consonant_string,high,fcmpk,5,4,internal,p,d,5.096774193548387,0.48985,p,1,1074.81
845,3132,13132,13,33,1,consonant_string,low,vzldb,5,4,internal,d,r,1.3333333333333333,0.49182,r,0,957.04
845,3243,13243,14,33,1,consonant_string,high,fbvr,4,4,external,r,n,3.1333333333333333,0.62334,r,1,733.93
845,2116,12116,15,33,1,pseudoword,low,hime,4,3,internal,m,l,1.0666666666666667,0.5113,m,1,575.47
845,2128,12128,16,33,1,pseudoword,low,goif,4,4,external,f,d,1.4333333333333333,0.51654,d,0,1285.03
845,2144,12144,17,33,1,pseudoword,low,slone,5,4,internal,n,k,1.5333333333333334,0.52768,n,1,853.61
845,3106,13106,18,33,1,consonant_string,low,jbfzpq,6,5,internal,p,v,1.1333333333333333,0.49111,p,1,1108.52
845,1140,11140,19,33,1,word,low,pole,4,3,internal,l,s,1.1,0.4218,l,1,563.41
845,1108,11108,20,33,1,word,low,hood,4,4,external,d,k,1.3333333333333333,0.3996,d,1,583.61
845,3221,13221,21,33,1,consonant_string,high,fqcg,4,4,external,g,p,4.5,0.55857,g,1,1109.16
845,1118,11118,22,33,1,word,low,home,4,3,internal,m,l,1.0666666666666667,0.5113,m,1,654.4
845,3110,13110,24,33,1,consonant_string,low,lsbd,4,4,external,d,k,1.3333333333333333,0.3996,k,0,685.26
845,2231,12231,25,33,1,pseudoword,high,spode,5,4,internal,d,c,3.566666666666667,0.66158,d,1,641.81
845,1146,11146,26,33,1,word,low,steal,5,5,external,l,m,1.0666666666666667,0.5113,m,0,719.67
845,3233,13233,27,33,1,consonant_string,high,vkdj,4,3,internal,d,c,3.566666666666667,0.66158,c,0,1284.91
845,3148,13148,28,33,1,consonant_string,low,dhkw,4,3,internal,k,g,1.1666666666666667,0.37222,k,1,812.49
845,2205,12205,29,33,1,pseudoword,high,brupe,5,4,internal,p,d,5.096774193548387,0.48985,p,1,592.71
845,3114,13114,30,33,1,consonant_string,low,klpj,4,3,internal,p,s,1.2580645161290323,0.5767,p,1,746.58
845,2219,12219,31,33,1,pseudoword,high,chom,4,4,external,m,n,4.666666666666667,0.6574,n,0,909.46
845,1211,11211,32,33,1,word,high,lead,4,4,external,d,p,5.096774193548387,0.48985,d,1,777.69
845,1112,11112,33,33,1,word,low,grip,4,4,external,p,t,1.3333333333333333,0.53002,p,1,604.24
845,2120,12120,35,33,1,pseudoword,low,wote,4,3,internal,t,m,1.0666666666666667,0.52674,t,1,585.09
845,1201,11201,36,33,1,word,high,snow,4,2,internal,n,h,5.533333333333333,0.86536,n,1,2197.69
845,1227,11227,37,33,1,word,high,wing,4,4,external,g,d,4.1,0.62488,g,1,675.66
845,2146,12146,38,33,1,pseudoword,low,proal,5,5,external,l,m,1.0666666666666667,0.5113,l,1,1270.21
845,2221,12221,39,33,1,pseudoword,high,quag,4,4,external,g,p,4.5,0.55857,g,1,1006.47
845,3108,13108,40,33,1,consonant_string,low,cvsd,4,4,external,d,k,1.3333333333333333,0.3996,d,1,1380.39
845,1122,11122,41,33,1,word,low,swag,4,4,external,g,n,1.7,0.55212,g,1,943.98
845,3215,13215,42,33,1,consonant_string,high,sfdm,4,4,external,m,n,4.666666666666667,0.6574,m,1,1288.89
845,2237,12237,43,33,1,pseudoword,high,blaw,4,4,external,w,m,3.4,0.62127,w,1,563.47
845,2213,12213,44,33,1,pseudoword,high,nalb,4,4,external,b,p,5.066666666666666,0.70362,b,1,905.67
845,3219,13219,46,33,1,consonant_string,high,gjkm,4,4,external,m,n,4.666666666666667,0.6574,m,1,1558.6
845,2130,12130,47,33,1,pseudoword,low,zeaf,4,4,external,f,p,1.6333333333333333,0.41008,f,1,647.51
845,1205,11205,48,33,1,word,high,grape,5,4,internal,p,d,5.096774193548387,0.48985,p,1,669.4
845,1239,11239,49,33,1,word,high,spat,4,4,external,t,r,3.3666666666666667,0.59892,t,1,691.6
845,3229,13229,50,33,1,consonant_string,high,dtfh,4,3,internal,f,r,3.8,0.69632,r,0,1218.5
846,3127,23127,0,50,2,consonant_string,low,bvcg,4,4,external,g,k,1.1666666666666667,0.37222,k,0,820.65
846,1232,21232,56,50,2,word,high,spade,5,4,internal,d,c,3.566666666666667,0.66158,c,0,542.19
846,3226,23226,67,50,2,consonant_string,high,lqvg,4,4,external,g,d,4.1,0.62488,g,1,752.41
846,1111,21111,78,50,2,word,low,lead,4,4,external,d,k,1.3333333333333333,0.3996,d,1,596.6
846,3220,23220,89,50,2,consonant_string,high,pktv,4,3,internal,t,l,4.5,0.47576,l,0,673.82
846,3137,23137,100,50,2,consonant_string,low,gbcw,4,4,external,w,p,1.1666666666666667,0.53452,p,0,798.69
846,3139,23139,111,50,2,consonant_string,low,mvjt,4,4,external,t,n,1.1,0.6011,t,1,1069.92
846,1143,21143,122,50,2,word,low,moor,4,4,external,r,d,1.3333333333333333,0.49182,d,0,776.5
846,1147,21147,133,50,2,word,low,bale,4,3,internal,l,s,1.1,0.4218,s,0,886.39
846,3212,23212,1,50,2,consonant_string,high,qmwp,4,4,external,p,d,5.096774193548387,0.48985,d,0,735.27
846,2119,22119,12,50,2,pseudoword,low,chom,4,4,external,m,t,1.0666666666666667,0.52674,t,0,780.16
846,1224,21224,23,50,2,word,high,bite,4,3,internal,t,l,4.5,0.47576,l,0,1263.06
846,3216,23216,34,50,2,consonant_string,high,fsmt,4,3,internal,m,n,4.666666666666667,0.6574,n,0,851.65
846,1127,21127,45,50,2,word,low,wing,4,4,external,g,k,1.1666666666666667,0.37222,k,0,841.87
846,3210,23210,51,50,2,consonant_string,high,lsbd,4,4,external,d,p,5.096774193548387,0.48985,d,1,964.1
846,3218,23218,52,50,2,consonant_string,high,zsmj,4,3,internal,m,n,4.666666666666667,0.6574,n,0,874.66
846,2208,22208,53,50,2,pseudoword,high,vild,4,4,external,d,p,5.096774193548387,0.48985,d,1,743.22
846,1222,21222,54,50,2,word,high,swag,4,4,external,g,p,4.5,0.55857,p,0,721.44
846,3131,23131,55,50,2,consonant_string,low,gjwds,5,4,internal,d,m,1.1333333333333333,0.58091,m,0,776.98
846,1137,21137,57,50,2,word,low,stew,4,4,external,w,p,1.1666666666666667,0.53452,p,0,951.87
846,3248,23248,58,50,2,consonant_string,high,dhkw,4,3,internal,k,l,2.8,0.53572,l,0,827.11
846,1234,21234,59,50,2,word,high,pride,5,4,internal,d,c,3.566666666666667,0.66158,c,0,1100.0
846,3246,23246,60,50,2,consonant_string,high,bfnsl,5,5,external,l,k,2.8,0.53572,k,0,613.24
846,3125,23125,61,50,2,consonant_string,low,fhgv,4,3,internal,g,k,1.1666666666666667,0.37222,g,1,734.79
846,2125,22125,62,50,2,pseudoword,low,jege,4,3,internal,g,k,1.1666666666666667,0.37222,g,1,702.66
846,3119,23119,63,50,2,consonant_string,low,gjkm,4,4,external,m,t,1.0666666666666667,0.52674,m,1,773.87
846,3234,23234,64,50,2,consonant_string,high,pfldr,5,4,internal,d,c,3.566666666666667,0.66158,c,0,667.75
846,2115,22115,65,50,2,pseudoword,low,gulm,4,4,external,m,t,1.0666666666666667,0.52674,m,1,954.3
846,1125,21125,66,50,2,word,low,wage,4,3,internal,g,k,1.1666666666666667,0.37222,k,0,752.53
846,2123,22123,68,50,2,pseudoword,low,blug,4,4,external,g,t,1.1333333333333333,0.44178,t,0,742.75
846,2133,22133,69,50,2,pseudoword,low,kide,4,3,internal,d,z,1.2333333333333334,0.52841,z,0,885.98
846,3103,23103,70,50,2,consonant_string,low,qsgpn,5,4,internal,p,v,1.1333333333333333,0.49111,p,1,481.85
846,2234,22234,71,50,2,pseudoword,high,brode,5,4,internal,d,c,3.566666666666667,0.66158,c,0,537.72
846,2113,22113,72,50,2,pseudoword,low,nalb,4,4,external,b,m,1.2333333333333334,0.5784,m,0,899.59
846,2111,22111,73,50,2,pseudoword,low,zoud,4,4,external,d,k,1.3333333333333333,0.3996,d,1,666.81
846,3113,23113,74,50,2,consonant_string,low,rtcb,4,4,external,b,m,1.2333333333333334,0.5784,b,1,494.34
846,2103,22103,75,50,2,pseudoword,low,frope,5,4,internal,p,v,1.1333333333333333,0.49111,v,0,654.55
846,2246,22246,76,50,2,pseudoword,high,proal,5,5,external,l,k,2.8,0.53572,k,0,491.75
846,2135,22135,77,50,2,pseudoword,low,frab,4,4,external,b,w,1.1,0.5109,b,1,605.94
846,2202,22202,79,50,2,pseudoword,high,snad,4,2,internal,n,h,5.533333333333333,0.86536,n,1,724.15
846,3147,23147,80,50,2,consonant_string,low,gnlt,4,3,internal,l,s,1.1,0.4218,l,1,994.71
846,3109,23109,81,50,2,consonant_string,low,csbd,4,4,external,d,m,1.1333333333333333,0.58091,d,1,777.94
846,3145,23145,82,50,2,consonant_string,low,hvwrt,5,4,internal,r,c,1.4,0.55867,r,1,713.82
846,2228,22228,83,50,2,pseudoword,high,goif,4,4,external,f,l,4.033333333333333,0.60982,l,0,622.36
846,1139,21139,84,50,2,word,low,spat,4,4,external,t,n,1.1,0.6011,t,1,590.89
846,1202,21202,85,50,2,word,high,snip,4,2,internal,n,h,5.533333333333333,0.86536,n,1,554.76
846,2206,22206,86,50,2,pseudoword,high,strepe,6,5,internal,p,d,5.096774193548387,0.48985,d,0,993.98
846,2214,22214,87,50,2,pseudoword,high,dape,4,3,internal,p,b,5.066666666666666,0.70362,p,1,762.2
846,2131,22131,88,50,2,pseudoword,low,spode,5,4,internal,d,m,1.1333333333333333,0.58091,m,0,1426.78
846,3240,23240,90,50,2,consonant_string,high,gtln,4,3,internal,l,r,3.2580645161290325,0.56415,r,0,969.7
846,3238,23238,91,50,2,consonant_string,high,njtb,4,3,internal,t,r,3.3666666666666667,0.59892,r,0,853.27
846,1103,21103,92,50,2,word,low,shape,5,4,internal,p,v,1.1333333333333333,0.49111,p,1,682.5
846,2220,22220,93,50,2,pseudoword,high,wote,4,3,internal,t,l,4.5,0.47576,t,1,780.37
846,1129,21129,94,50,2,word,low,wife,4,3,internal,f,n,1.2,0.53217,f,1,1016.27
846,2101,22101,95,50,2,pseudoword,low,snum,4,2,internal,n,t,1.1,0.6011,n,1,1975.87
846,1220,21220,96,50,2,word,high,gate,4,3,internal,t,l,4.5,0.47576,l,0,547.82
846,2139,22139,97,50,2,pseudoword,low,glot,4,4,external,t,n,1.1,0.6011,t,1,825.03
846,2222,22222,98,50,2,pseudoword,high,sleg,4,4,external,g,p,4.5,0.55857,p,0,956.59
846,2224,22224,99,50,2,pseudoword,high,jote,4,3,internal,t,l,4.5,0.47576,t,1,1248.84
846,3133,23133,101,50,2,consonant_string,low,vkdj,4,3,internal,d,z,1.2333333333333334,0.52841,d,1,951.09
846,2226,22226,102,50,2,pseudoword,high,yeng,4,4,external,g,d,4.1,0.62488,d,0,1026.33
846,1226,21226,103,50,2,word,high,bang,4,4,external,g,d,4.1,0.62488,g,1,750.22
846,2216,22216,104,50,2,pseudoword,high,hime,4,3,internal,m,n,4.666666666666667,0.6574,n,0,979.46
846,1145,21145,105,50,2,word,low,spire,5,4,internal,r,c,1.4,0.55867,c,0,1801.39
846,1115,21115,106,50,2,word,low,beam,4,4,external,m,t,1.0666666666666667,0.52674,t,0,1229.68
846,1204,21204,107,50,2,word,high,skid,4,4,external,d,p,5.096774193548387,0.48985,p,0,953.6
846,1113,21113,108,50,2,word,low,slab,4,4,external,b,m,1.2333333333333334,0.5784,m,0,1371.86
846,3232,23232,109,50,2,consonant_string,high,vzldb,5,4,internal,d,c,3.566666666666667,0.66158,d,1,1196.45
846,2204,22204,110,50,2,pseudoword,high,swed,4,4,external,d,p,5.096774193548387,0.48985,d,1,738.7
846,1133,21133,112,50,2,word,low,fade,4,3,internal,d,z,1.2333333333333334,0.52841,d,1,1311.6
846,3204,23204,113,50,2,consonant_string,high,htwd,4,4,external,d,p,5.096774193548387,0.48985,d,1,804.18
846,1216,21216,114,50,2,word,high,mime,4,3,internal,m,n,4.666666666666667,0.6574,n,0,632.4
846,3101,23101,115,50,2,consonant_string,low,znsq,4,2,internal,n,t,1.1,0.6011,t,0,765.18
846,2230,22230,116,50,2,pseudoword,high,zeaf,4,4,external,f,r,3.8,0.69632,f,1,712.73
846,1109,21109,117,50,2,word,low,seed,4,4,external,d,m,1.1333333333333333,0.58091,m,0,485.27
846,2137,22137,118,50,2,pseudoword,low,blaw,4,4,external,w,p,1.1666666666666667,0.53452,w,1,1186.16
846,2242,22242,119,50,2,pseudoword,high,drol,4,4,external,l,r,3.2580645161290325,0.56415,l,1,834.07
846,2218,22218,120,50,2,pseudoword,high,vume,4,3,internal,m,n,4.666666666666667,0.6574,m,1,1051.96
846,1117,21117,121,50,2,word,low,scam,4,4,external,m,b,1.2333333333333334,0.5784,m,1,659.2
846,3228,23228,123,50,2,consonant_string,high,vjnf,4,4,external,f,l,4.033333333333333,0.60982,l,0,555.73
846,1248,21248,124,50,2,word,high,sake,4,3,internal,k,l,2.8,0.53572,k,1,681.93
846,1212,21212,125,50,2,word,high,grip,4,4,external,p,d,5.096774193548387,0.48985,p,1,995.83
846,3206,23206,126,50,2,consonant_string,high,jbfzpq,6,5,internal,p,d,5.096774193548387,0.48985,p,1,705.05
846,2236,22236,127,50,2,pseudoword,high,plob,4,4,external,b,g,3.533333333333333,0.46543,b,1,677.26
846,2105,22105,128,50,2,pseudoword,low,brupe,5,4,internal,p,v,1.1333333333333333,0.49111,p,1,513.13
846,2109,22109,129,50,2,pseudoword,low,glod,4,4,external,d,m,1.1333333333333333,0.58091,d,1,612.66
846,1105,21105,130,50,2,word,low,grape,5,4,internal,p,v,1.1333333333333333,0.49111,p,1,785.2
846,3224,23224,131,50,2,consonant_string,high,gpts,4,3,internal,t,l,4.5,0.47576,t,1,947.09
846,1230,21230,132,50,2,word,high,beef,4,4,external,f,r,3.8,0.69632,f,1,653.31
846,3236,23236,134,50,2,consonant_string,high,hfwb,4,4,external,b,g,3.533333333333333,0.46543,g,0,766.53
846,1208,21208,135,50,2,word,high,hood,4,4,external,d,p,5.096774193548387,0.48985,d,1,615.07
846,1206,21206,136,50,2,word,high,stripe,6,5,internal,p,d,5.096774193548387,0.48985,p,1,580.61
846,2147,22147,137,50,2,pseudoword,low,jile,4,3,internal,l,s,1.1,0.4218,l,1,597.48
846,1246,21246,138,50,2,word,high,steal,5,5,external,l,k,2.8,0.53572,l,1,564.67
846,1218,21218,139,50,2,word,high,home,4,3,internal,m,n,4.666666666666667,0.6574,m,1,522.21
846,3242,23242,140,50,2,consonant_string,high,wktl,4,4,external,l,r,3.2580645161290325,0.56415,r,0,790.74
846,2248,22248,141,50,2,pseudoword,high,zoke,4,3,internal,k,l,2.8,0.53572,k,1,631.63
846,3222,23222,142,50,2,consonant_string,high,wbjg,4,4,external,g,p,4.5,0.55857,g,1,701.49
846,3202,23202,143,50,2,consonant_string,high,knfc,4,2,internal,n,h,5.533333333333333,0.86536,n,1,663.7
846,2145,22145,2,50,2,pseudoword,low,swork,5,4,internal,r,c,1.4,0.55867,r,1,707.25
846,2117,22117,3,50,2,pseudoword,low,plim,4,4,external,m,b,1.2333333333333334,0.5784,m,1,568.45
846,2121,22121,4,50,2,pseudoword,low,quag,4,4,external,g,w,1.1666666666666667,0.52446,w,0,675.0
846,1242,21242,5,50,2,word,high,seal,4,4,external,l,r,3.2580645161290325,0.56415,l,1,556.53
846,3115,23115,6,50,2,consonant_string,low,sfdm,4,4,external,m,t,1.0666666666666667,0.52674,m,1,485.72
846,3143,23143,7,50,2,consonant_string,low,fbvr,4,4,external,r,d,1.3333333333333333,0.49182,d,0,551.58
846,1236,21236,8,50,2,word,high,stab,4,4,external,b,g,3.533333333333333,0.46543,b,1,844.79
846,3111,23111,9,50,2,consonant_string,low,srfd,4,4,external,d,k,1.3333333333333333,0.3996,k,0,749.01
846,3141,23141,10,50,2,consonant_string,low,pqlt,4,3,internal,l,n,1.3666666666666667,0.46775,n,0,701.23
846,2244,22244,11,50,2,pseudoword,high,slone,5,4,internal,n,r,3.1333333333333333,0.62334,n,1,734.43
846,2107,22107,13,50,2,pseudoword,low,nood,4,4,external,d,r,1.3333333333333333,0.49182,d,1,551.31
846,2210,22210,14,50,2,pseudoword,high,fard,4,4,external,d,p,5.096774193548387,0.48985,d,1,643.51
846,2240,22240,15,50,2,pseudoword,high,hule,4,3,internal,l,r,3.2580645161290325,0.56415,l,1,659.71
846,2212,22212,16,50,2,pseudoword,high,glip,4,4,external,p,d,5.096774193548387,0.48985,p,1,581.26
846,3107,23107,17,50,2,consonant_string,low,qvsd,4,4,external,d,r,1.3333333333333333,0.49182,d,1,676.13
846,2143,22143,18,50,2,pseudoword,low,plur,4,4,external,r,d,1.3333333333333333,0.49182,d,0,531.01
846,1141,21141,19,50,2,word,low,file,4,3,internal,l,n,1.3666666666666667,0.46775,l,1,534.86
846,3105,23105,20,50,2,consonant_string,low,fcmpk,5,4,internal,p,v,1.1333333333333333,0.49111,p,1,753.72
846,1228,21228,21,50,2,word,high,reef,4,4,external,f,l,4.033333333333333,0.60982,l,0,665.95
846,1238,21238,22,50,2,word,high,date,4,3,internal,t,r,3.3666666666666667,0.59892,t,1,665.48
846,1131,21131,24,50,2,word,low,slide,5,4,internal,d,m,1.1333333333333333,0.58091,d,1,728.02
846,2141,22141,25,50,2,pseudoword,low,bule,4,3,internal,l,n,1.3666666666666667,0.46775,l,1,677.91
846,3121,23121,26,50,2,consonant_string,low,fqcg,4,4,external,g,w,1.1666666666666667,0.52446,g,1,977.79
846,2129,22129,27,50,2,pseudoword,low,vofe,4,3,internal,f,n,1.2,0.53217,n,0,1205.71
846,1121,21121,28,50,2,word,low,flog,4,4,external,g,w,1.1666666666666667,0.52446,g,1,695.95
846,3208,23208,29,50,2,consonant_string,high,cvsd,4,4,external,d,p,5.096774193548387,0.48985,d,1,561.15
846,3230,23230,30,50,2,consonant_string,high,czhf,4,4,external,f,r,3.8,0.69632,r,0,524.68
846,1123,21123,31,50,2,word,low,flag,4,4,external,g,t,1.1333333333333333,0.44178,g,1,598.21
846,1107,21107,32,50,2,word,low,read,4,4,external,d,r,1.3333333333333333,0.49182,d,1,542.4
846,1214,21214,33,50,2,word,high,rope,4,3,internal,p,b,5.066666666666666,0.70362,p,1,552.61
846,3214,23214,35,50,2,consonant_string,high,klpj,4,3,internal,p,b,5.066666666666666,0.70362,p,1,471.8
846,1210,21210,36,50,2,word,high,weed,4,4,external,d,p,5.096774193548387,0.48985,d,1,603.34
846,3135,23135,37,50,2,consonant_string,low,mkrb,4,4,external,b,w,1.1,0.5109,b,1,686.54
846,1119,21119,38,50,2,word,low,warm,4,4,external,m,t,1.0666666666666667,0.52674,m,1,472.39
846,3244,23244,39,50,2,consonant_string,high,qjfnd,5,4,internal,n,r,3.1333333333333333,0.62334,n,1,1114.94
846,3117,23117,40,50,2,consonant_string,low,htjm,4,4,external,m,b,1.2333333333333334,0.5784,m,1,521.51
846,1244,21244,41,50,2,word,high,stone,5,4,internal,n,r,3.1333333333333333,0.62334,n,1,633.04
846,1101,21101,42,50,2,word,low,snow,4,2,internal,n,t,1.1,0.6011,n,1,497.91
846,2127,22127,43,50,2,pseudoword,low,reng,4,4,external,g,k,1.1666666666666667,0.37222,g,1,717.11
846,1240,21240,44,50,2,word,high,pole,4,3,internal,l,r,3.2580645161290325,0.56415,r,0,681.65
846,2238,22238,46,50,2,pseudoword,high,jite,4,3,internal,t,r,3.3666666666666667,0.59892,r,0,682.53
846,2232,22232,47,50,2,pseudoword,high,ghade,5,4,internal,d,c,3.566666666666667,0.66158,d,1,674.4
846,1135,21135,48,50,2,word,low,drab,4,4,external,b,w,1.1,0.5109,b,1,514.94
846,3129,23129,49,50,2,consonant_string,low,dtfh,4,3,internal,f,n,1.2,0.53217,n,0,565.46
846,3123,23123,50,50,2,consonant_string,low,vlbg,4,4,external,g,t,1.1333333333333333,0.44178,g,1,573.99
847,1241,31241,0,50,3,word,high,file,4,3,internal,l,r,3.2580645161290325,0.56415,l,1,419.0
847,3146,33146,56,50,3,consonant_string,low,bfnsl,5,5,external,l,m,1.0666666666666667,0.5113,l,1,723.53
847,3235,33235,67,50,3,consonant_string,high,mkrb,4,4,external,b,g,3.533333333333333,0.46543,b,1,931.08
847,2239,32239,78,50,3,pseudoword,high,glot,4,4,external,t,r,3.3666666666666667,0.59892,t,1,636.98
847,2221,32221,89,50,3,pseudoword,high,quag,4,4,external,g,p,4.5,0.55857,g,1,578.85
847,1122,31122,100,50,3,word,low,swag,4,4,external,g,n,1.7,0.55212,g,1,528.71
847,3233,33233,111,50,3,consonant_string,high,vkdj,4,3,internal,d,c,3.566666666666667,0.66158,c,0,1038.58
847,3245,33245,122,50,3,consonant_string,high,hvwrt,5,4,internal,r,n,3.1333333333333333,0.62334,r,1,655.49
847,1146,31146,133,50,3,word,low,steal,5,5,external,l,m,1.0666666666666667,0.5113,l,1,524.68
847,1229,31229,1,50,3,word,high,wife,4,3,internal,f,r,3.8,0.69632,f,1,504.21
847,1128,31128,12,50,3,word,low,reef,4,4,external,f,d,1.4333333333333333,0.51654,f,1,451.4
847,1138,31138,23,50,3,word,low,date,4,3,internal,t,m,1.0666666666666667,0.52674,t,1,507.6
847,3138,33138,34,50,3,consonant_string,low,njtb,4,3,internal,t,m,1.0666666666666667,0.52674,m,0,678.79
847,3116,33116,45,50,3,consonant_string,low,fsmt,4,3,internal,m,l,1.0666666666666667,0.5113,m,1,855.67
847,3207,33207,51,50,3,consonant_string,high,qvsd,4,4,external,d,p,5.096774193548387,0.48985,p,0,1089.9
847,1211,31211,52,50,3,word,high,lead,4,4,external,d,p,5.096774193548387,0.48985,d,1,594.8
847,2110,32110,53,50,3,pseudoword,low,fard,4,4,external,d,k,1.3333333333333333,0.3996,d,1,765.01
847,2104,32104,54,50,3,pseudoword,low,swed,4,4,external,d,m,1.1333333333333333,0.58091,d,1,667.55
847,1201,31201,55,50,3,word,high,snow,4,2,internal,n,h,5.533333333333333,0.86536,h,0,1439.13
847,1243,31243,57,50,3,word,high,moor,4,4,external,r,n,3.1333333333333333,0.62334,r,1,496.03
847,3239,33239,58,50,3,consonant_string,high,mvjt,4,4,external,t,r,3.3666666666666667,0.59892,r,0,793.23
847,3122,33122,59,50,3,consonant_string,low,wbjg,4,4,external,g,n,1.7,0.55212,g,1,670.45
847,1203,31203,60,50,3,word,high,shape,5,4,internal,p,d,5.096774193548387,0.48985,p,1,545.99
847,3219,33219,61,50,3,consonant_string,high,gjkm,4,4,external,m,n,4.666666666666667,0.6574,m,1,704.19
847,1134,31134,62,50,3,word,low,pride,5,4,internal,d,m,1.1333333333333333,0.58091,d,1,477.39
847,3118,33118,63,50,3,consonant_string,low,zsmj,4,3,internal,m,l,1.0666666666666667,0.5113,m,1,522.25
847,1148,31148,64,50,3,word,low,sake,4,3,internal,k,g,1.1666666666666667,0.37222,k,1,470.78
847,1213,31213,65,50,3,word,high,slab,4,4,external,b,p,5.066666666666666,0.70362,b,1,527.31
847,2148,32148,66,50,3,pseudoword,low,zoke,4,3,internal,k,g,1.1666666666666667,0.37222,k,1,537.17
847,3142,33142,68,50,3,consonant_string,low,wktl,4,4,external,l,m,1.0666666666666667,0.5113,l,1,659.02
847,2116,32116,69,50,3,pseudoword,low,hime,4,3,internal,m,l,1.0666666666666667,0.5113,m,1,487.56
847,2233,32233,70,50,3,pseudoword,high,kide,4,3,internal,d,c,3.566666666666667,0.66158,d,1,656.43
847,3221,33221,71,50,3,consonant_string,high,fqcg,4,4,external,g,p,4.5,0.55857,g,1,711.63
847,3106,33106,72,50,3,consonant_string,low,jbfzpq,6,5,internal,p,v,1.1333333333333333,0.49111,p,1,749.18
847,3102,33102,73,50,3,consonant_string,low,knfc,4,2,internal,n,l,1.3666666666666667,0.46775,n,1,753.4
847,2225,32225,74,50,3,pseudoword,high,jege,4,3,internal,g,d,4.1,0.62488,d,0,973.62
847,3213,33213,75,50,3,consonant_string,high,rtcb,4,4,external,b,p,5.066666666666666,0.70362,b,1,628.18
847,3215,33215,76,50,3,consonant_string,high,sfdm,4,4,external,m,n,4.666666666666667,0.6574,m,1,1232.08
847,2203,32203,77,50,3,pseudoword,high,frope,5,4,internal,p,d,5.096774193548387,0.48985,p,1,503.97
847,2118,32118,79,50,3,pseudoword,low,vume,4,3,internal,m,l,1.0666666666666667,0.5113,m,1,623.17
847,3126,33126,80,50,3,consonant_string,low,lqvg,4,4,external,g,k,1.1666666666666667,0.37222,g,1,721.71
847,1207,31207,81,50,3,word,high,read,4,4,external,d,p,5.096774193548387,0.48985,d,1,426.24
847,1223,31223,82,50,3,word,high,flag,4,4,external,g,p,4.5,0.55857,g,1,496.09
847,3203,33203,83,50,3,consonant_string,high,qsgpn,5,4,internal,p,d,5.096774193548387,0.48985,p,1,538.29
847,1118,31118,84,50,3,word,low,home,4,3,internal,m,l,1.0666666666666667,0.5113,m,1,487.16
847,2215,32215,85,50,3,pseudoword,high,gulm,4,4,external,m,n,4.666666666666667,0.6574,m,1,812.03
847,3231,33231,86,50,3,consonant_string,high,gjwds,5,4,internal,d,c,3.566666666666667,0.66158,d,1,1055.58
847,1217,31217,87,50,3,word,high,scam,4,4,external,m,n,4.666666666666667,0.6574,m,1,740.83
847,1239,31239,88,50,3,word,high,spat,4,4,external,t,r,3.3666666666666667,0.59892,t,1,591.69
847,2124,32124,90,50,3,pseudoword,low,jote,4,3,internal,t,d,1.3666666666666667,0.47786,t,1,547.9
847,1227,31227,91,50,3,word,high,wing,4,4,external,g,d,4.1,0.62488,g,1,730.09
847,1126,31126,92,50,3,word,low,bang,4,4,external,g,k,1.1666666666666667,0.37222,g,1,386.97
847,2219,32219,93,50,3,pseudoword,high,chom,4,4,external,m,n,4.666666666666667,0.6574,m,1,718.82
847,1136,31136,94,50,3,word,low,stab,4,4,external,b,r,1.2666666666666666,0.51424,b,1,501.36
847,1114,31114,95,50,3,word,low,rope,4,3,internal,p,s,1.2580645161290323,0.5767,p,1,440.55
847,1231,31231,96,50,3,word,high,slide,5,4,internal,d,c,3.566666666666667,0.66158,d,1,446.4
847,2146,32146,97,50,3,pseudoword,low,proal,5,5,external,l,m,1.0666666666666667,0.5113,l,1,667.59
847,3229,33229,98,50,3,consonant_string,high,dtfh,4,3,internal,f,r,3.8,0.69632,f,1,994.15
847,2136,32136,99,50,3,pseudoword,low,plob,4,4,external,b,r,1.2666666666666666,0.51424,b,1,488.37
847,1221,31221,101,50,3,word,high,flog,4,4,external,g,p,4.5,0.55857,g,1,445.23
847,3110,33110,102,50,3,consonant_string,low,lsbd,4,4,external,d,k,1.3333333333333333,0.3996,d,1,892.43
847,2211,32211,103,50,3,pseudoword,high,zoud,4,4,external,d,p,5.096774193548387,0.48985,d,1,738.66
847,2108,32108,104,50,3,pseudoword,low,vild,4,4,external,d,k,1.3333333333333333,0.3996,d,1,577.53
847,2128,32128,105,50,3,pseudoword,low,goif,4,4,external,f,d,1.4333333333333333,0.51654,f,1,456.39
847,3134,33134,106,50,3,consonant_string,low,pfldr,5,4,internal,d,m,1.1333333333333333,0.58091,d,1,513.58
847,2122,32122,107,50,3,pseudoword,low,sleg,4,4,external,g,n,1.7,0.55212,g,1,484.11
847,1225,31225,108,50,3,word,high,wage,4,3,internal,g,d,4.1,0.62488,g,1,446.96
847,1112,31112,109,50,3,word,low,grip,4,4,external,p,t,1.3333333333333333,0.53002,p,1,336.15
847,2201,32201,110,50,3,pseudoword,high,snum,4,2,internal,n,h,5.533333333333333,0.86536,n,1,1340.02
847,2142,32142,112,50,3,pseudoword,low,drol,4,4,external,l,m,1.0666666666666667,0.5113,l,1,573.93
847,2241,32241,113,50,3,pseudoword,high,bule,4,3,internal,l,r,3.2580645161290325,0.56415,r,0,681.47
847,1106,31106,114,50,3,word,low,stripe,6,5,internal,p,v,1.1333333333333333,0.49111,p,1,508.34
847,3128,33128,115,50,3,consonant_string,low,vjnf,4,4,external,f,d,1.4333333333333333,0.51654,f,1,451.81
847,3120,33120,116,50,3,consonant_string,low,pktv,4,3,internal,t,m,1.0666666666666667,0.52674,t,1,1024.36
847,1110,31110,117,50,3,word,low,weed,4,4,external,d,k,1.3333333333333333,0.3996,d,1,498.91
847,2112,32112,118,50,3,pseudoword,low,glip,4,4,external,p,t,1.3333333333333333,0.53002,p,1,445.1
847,3209,33209,119,50,3,consonant_string,high,csbd,4,4,external,d,p,5.096774193548387,0.48985,d,1,1234.32
847,1237,31237,120,50,3,word,high,stew,4,4,external,w,m,3.4,0.62127,w,1,430.22
847,3241,33241,121,50,3,consonant_string,high,pqlt,4,3,internal,l,r,3.2580645161290325,0.56415,l,1,1285.11
847,1215,31215,123,50,3,word,high,beam,4,4,external,m,n,4.666666666666667,0.6574,m,1,446.01
847,3237,33237,124,50,3,consonant_string,high,gbcw,4,4,external,w,m,3.4,0.62127,m,0,1006.22
847,2213,32213,125,50,3,pseudoword,high,nalb,4,4,external,b,p,5.066666666666666,0.70362,b,1,508.44
847,3114,33114,126,50,3,consonant_string,low,klpj,4,3,internal,p,s,1.2580645161290323,0.5767,p,1,635.63
847,3243,33243,127,50,3,consonant_string,high,fbvr,4,4,external,r,n,3.1333333333333333,0.62334,r,1,621.5
847,2106,32106,128,50,3,pseudoword,low,strepe,6,5,internal,p,v,1.1333333333333333,0.49111,p,1,465.03
847,2132,32132,129,50,3,pseudoword,low,ghade,5,4,internal,d,r,1.3333333333333333,0.49182,d,1,574.56
847,2247,32247,130,50,3,pseudoword,high,jile,4,3,internal,l,k,2.8,0.53572,l,1,673.09
847,2243,32243,131,50,3,pseudoword,high,plur,4,4,external,r,n,3.1333333333333333,0.62334,r,1,719.63
847,1142,31142,132,50,3,word,low,seal,4,4,external,l,m,1.0666666666666667,0.5113,l,1,522.18
847,1116,31116,134,50,3,word,low,mime,4,3,internal,m,l,1.0666666666666667,0.5113,m,1,457.69
847,1132,31132,135,50,3,word,low,spade,5,4,internal,d,r,1.3333333333333333,0.49182,d,1,404.89
847,1104,31104,136,50,3,word,low,skid,4,4,external,d,m,1.1333333333333333,0.58091,d,1,408.06
847,2231,32231,137,50,3,pseudoword,high,spode,5,4,internal,d,c,3.566666666666667,0.66158,d,1,423.25
847,3205,33205,138,50,3,consonant_string,high,fcmpk,5,4,internal,p,d,5.096774193548387,0.48985,p,1,853.77
847,3124,33124,139,50,3,consonant_string,low,gpts,4,3,internal,t,d,1.3666666666666667,0.47786,d,0,545.0
847,1245,31245,140,50,3,word,high,spire,5,4,internal,r,n,3.1333333333333333,0.62334,r,1,545.19
847,3225,33225,141,50,3,consonant_string,high,fhgv,4,3,internal,g,d,4.1,0.62488,g,1,703.4
847,2140,32140,142,50,3,pseudoword,low,hule,4,3,internal,l,s,1.1,0.4218,l,1,497.59
847,2102,32102,143,50,3,pseudoword,low,snad,4,2,internal,n,l,1.3666666666666667,0.46775,n,1,633.79
847,1124,31124,2,50,3,word,low,bite,4,3,internal,t,d,1.3666666666666667,0.47786,t,1,600.66
847,2217,32217,3,50,3,pseudoword,high,plim,4,4,external,m,n,4.666666666666667,0.6574,n,0,800.86
847,2130,32130,4,50,3,pseudoword,low,zeaf,4,4,external,f,p,1.6333333333333333,0.41008,f,1,544.08
847,2126,32126,5,50,3,pseudoword,low,yeng,4,4,external,g,k,1.1666666666666667,0.37222,g,1,553.29
847,3148,33148,6,50,3,consonant_string,low,dhkw,4,3,internal,k,g,1.1666666666666667,0.37222,k,1,878.49
847,1130,31130,7,50,3,word,low,beef,4,4,external,f,p,1.6333333333333333,0.41008,f,1,457.36
847,2207,32207,8,50,3,pseudoword,high,nood,4,4,external,d,p,5.096774193548387,0.48985,d,1,527.56
847,2237,32237,9,50,3,pseudoword,high,blaw,4,4,external,w,m,3.4,0.62127,w,1,463.41
847,1120,31120,10,50,3,word,low,gate,4,3,internal,t,m,1.0666666666666667,0.52674,t,1,750.95
847,2134,32134,11,50,3,pseudoword,low,brode,5,4,internal,d,m,1.1333333333333333,0.58091,d,1,433.14
847,2235,32235,13,50,3,pseudoword,high,frab,4,4,external,b,g,3.533333333333333,0.46543,b,1,786.02
847,1247,31247,14,50,3,word,high,bale,4,3,internal,l,k,2.8,0.53572,l,1,437.89
847,1102,31102,15,50,3,word,low,snip,4,2,internal,n,l,1.3666666666666667,0.46775,n,1,789.75
847,3217,33217,16,50,3,consonant_string,high,htjm,4,4,external,m,n,4.666666666666667,0.6574,n,0,782.63
847,3130,33130,17,50,3,consonant_string,low,czhf,4,4,external,f,p,1.6333333333333333,0.41008,f,1,469.5
847,1108,31108,18,50,3,word,low,hood,4,4,external,d,k,1.3333333333333333,0.3996,d,1,497.03
847,3201,33201,19,50,3,consonant_string,high,znsq,4,2,internal,n,h,5.533333333333333,0.86536,n,1,811.24
847,3104,33104,20,50,3,consonant_string,low,htwd,4,4,external,d,m,1.1333333333333333,0.58091,d,1,655.78
847,1219,31219,21,50,3,word,high,warm,4,4,external,m,n,4.666666666666667,0.6574,m,1,813.99
847,2138,32138,22,50,3,pseudoword,low,jite,4,3,internal,t,m,1.0666666666666667,0.52674,t,1,541.54
847,1140,31140,24,50,3,word,low,pole,4,3,internal,l,s,1.1,0.4218,l,1,610.73
847,2144,32144,25,50,3,pseudoword,low,slone,5,4,internal,n,k,1.5333333333333334,0.52768,n,1,800.28
847,2223,32223,26,50,3,pseudoword,high,blug,4,4,external,g,p,4.5,0.55857,g,1,477.49
847,3211,33211,27,50,3,consonant_string,high,srfd,4,4,external,d,p,5.096774193548387,0.48985,d,1,660.35
847,3227,33227,28,50,3,consonant_string,high,bvcg,4,4,external,g,d,4.1,0.62488,g,1,711.89
847,3223,33223,29,50,3,consonant_string,high,vlbg,4,4,external,g,p,4.5,0.55857,g,1,419.43
847,3136,33136,30,50,3,consonant_string,low,hfwb,4,4,external,b,r,1.2666666666666666,0.51424,b,1,632.96
847,2227,32227,31,50,3,pseudoword,high,reng,4,4,external,g,d,4.1,0.62488,g,1,898.84
847,2114,32114,32,50,3,pseudoword,low,dape,4,3,internal,p,s,1.2580645161290323,0.5767,p,1,422.05
847,1235,31235,33,50,3,word,high,drab,4,4,external,b,g,3.533333333333333,0.46543,b,1,540.57
847,2209,32209,35,50,3,pseudoword,high,glod,4,4,external,d,p,5.096774193548387,0.48985,d,1,409.42
847,1205,31205,36,50,3,word,high,grape,5,4,internal,p,d,5.096774193548387,0.48985,p,1,724.96
847,2205,32205,37,50,3,pseudoword,high,brupe,5,4,internal,p,d,5.096774193548387,0.48985,p,1,537.49
847,3108,33108,38,50,3,consonant_string,low,cvsd,4,4,external,d,k,1.3333333333333333,0.3996,d,1,806.36
847,2229,32229,39,50,3,pseudoword,high,vofe,4,3,internal,f,r,3.8,0.69632,f,1,537.58
847,3112,33112,40,50,3,consonant_string,low,qmwp,4,4,external,p,t,1.3333333333333333,0.53002,p,1,416.43
847,1209,31209,41,50,3,word,high,seed,4,4,external,d,p,5.096774193548387,0.48985,d,1,533.95
847,3140,33140,42,50,3,consonant_string,low,gtln,4,3,internal,l,s,1.1,0.4218,l,1,777.82
847,2245,32245,43,50,3,pseudoword,high,swork,5,4,internal,r,n,3.1333333333333333,0.62334,r,1,936.71
847,3247,33247,44,50,3,consonant_string,high,gnlt,4,3,internal,l,k,2.8,0.53572,l,1,1550.64
847,3132,33132,46,50,3,consonant_string,low,vzldb,5,4,internal,d,r,1.3333333333333333,0.49182,d,1,1040.91
847,2120,32120,47,50,3,pseudoword,low,wote,4,3,internal,t,m,1.0666666666666667,0.52674,t,1,724.81
847,1144,31144,48,50,3,word,low,stone,5,4,internal,n,k,1.5333333333333334,0.52768,n,1,583.35
847,1233,31233,49,50,3,word,high,fade,4,3,internal,d,c,3.566666666666667,0.66158,d,1,520.21
847,3144,33144,50,50,3,consonant_string,low,qjfnd,5,4,internal,n,k,1.5333333333333334,0.52768,n,1,729.75
848,1123,41123,0,67,4,word,low,flag,4,4,external,g,t,1.1333333333333333,0.44178,g,1,1073.48
848,2103,42103,56,67,4,pseudoword,low,frope,5,4,internal,p,v,1.1333333333333333,0.49111,p,1,1529.41
848,3224,43224,67,67,4,consonant_string,high,gpts,4,3,internal,t,l,4.5,0.47576,l,0,1083.69
848,1242,41242,78,67,4,word,high,seal,4,4,external,l,r,3.2580645161290325,0.56415,l,1,939.93
848,1109,41109,89,67,4,word,low,seed,4,4,external,d,m,1.1333333333333333,0.58091,d,1,679.16
848,3246,43246,100,67,4,consonant_string,high,bfnsl,5,5,external,l,k,2.8,0.53572,k,0,921.38
848,2208,42208,111,67,4,pseudoword,high,vild,4,4,external,d,p,5.096774193548387,0.48985,d,1,639.26
848,1248,41248,122,67,4,word,high,sake,4,3,internal,k,l,2.8,0.53572,k,1,723.47
848,1119,41119,133,67,4,word,low,warm,4,4,external,m,t,1.0666666666666667,0.52674,m,1,612.36
848,1113,41113,1,67,4,word,low,slab,4,4,external,b,m,1.2333333333333334,0.5784,b,1,682.23
848,1222,41222,12,67,4,word,high,swag,4,4,external,g,p,4.5,0.55857,g,1,550.43
848,1234,41234,23,67,4,word,high,pride,5,4,internal,d,c,3.566666666666667,0.66158,d,1,628.96
848,2133,42133,34,67,4,pseudoword,low,kide,4,3,internal,d,z,1.2333333333333334,0.52841,d,1,1313.21
848,3242,43242,45,67,4,consonant_string,high,wktl,4,4,external,l,r,3.2580645161290325,0.56415,l,1,1322.14
848,1220,41220,51,67,4,word,high,gate,4,3,internal,t,l,4.5,0.47576,t,1,888.05
848,3206,43206,52,67,4,consonant_string,high,jbfzpq,6,5,internal,p,d,5.096774193548387,0.48985,p,1,903.29
848,2204,42204,53,67,4,pseudoword,high,swed,4,4,external,d,p,5.096774193548387,0.48985,d,1,774.85
848,3137,43137,54,67,4,consonant_string,low,gbcw,4,4,external,w,p,1.1666666666666667,0.53452,w,1,1433.76
848,3212,43212,55,67,4,consonant_string,high,qmwp,4,4,external,p,d,5.096774193548387,0.48985,p,1,771.02
848,1228,41228,57,67,4,word,high,reef,4,4,external,f,l,4.033333333333333,0.60982,f,1,623.9
848,2214,42214,58,67,4,pseudoword,high,dape,4,3,internal,p,b,5.066666666666666,0.70362,p,1,514.77
848,1204,41204,59,67,4,word,high,skid,4,4,external,d,p,5.096774193548387,0.48985,d,1,521.62
848,3133,43133,60,67,4,consonant_string,low,vkdj,4,3,internal,d,z,1.2333333333333334,0.52841,d,1,821.5
848,2212,42212,61,67,4,pseudoword,high,glip,4,4,external,p,d,5.096774193548387,0.48985,p,1,622.39
848,2226,42226,62,67,4,pseudoword,high,yeng,4,4,external,g,d,4.1,0.62488,g,1,790.26
848,1244,41244,63,67,4,word,high,stone,5,4,internal,n,r,3.1333333333333333,0.62334,n,1,655.48
848,1129,41129,64,67,4,word,low,wife,4,3,internal,f,n,1.2,0.53217,f,1,548.02
848,1111,41111,65,67,4,word,low,lead,4,4,external,d,k,1.3333333333333333,0.3996,d,1,581.55
848,2236,42236,66,67,4,pseudoword,high,plob,4,4,external,b,g,3.533333333333333,0.46543,b,1,568.75
848,2101,42101,68,67,4,pseudoword,low,snum,4,2,internal,n,t,1.1,0.6011,n,1,1246.64
848,2141,42141,69,67,4,pseudoword,low,bule,4,3,internal,l,n,1.3666666666666667,0.46775,l,1,573.21
848,1216,41216,70,67,4,word,high,mime,4,3,internal,m,n,4.666666666666667,0.6574,m,1,1098.1
848,1101,41101,71,67,4,word,low,snow,4,2,internal,n,t,1.1,0.6011,n,1,1825.71
848,3119,43119,72,67,4,consonant_string,low,gjkm,4,4,external,m,t,1.0666666666666667,0.52674,m,1,634.99
848,2131,42131,73,67,4,pseudoword,low,spode,5,4,internal,d,m,1.1333333333333333,0.58091,d,1,571.19
848,2228,42228,74,67,4,pseudoword,high,goif,4,4,external,f,l,4.033333333333333,0.60982,f,1,599.06
848,1115,41115,75,67,4,word,low,beam,4,4,external,m,t,1.0666666666666667,0.52674,m,1,596.59
848,2230,42230,76,67,4,pseudoword,high,zeaf,4,4,external,f,r,3.8,0.69632,f,1,550.13
848,1135,41135,77,67,4,word,low,drab,4,4,external,b,w,1.1,0.5109,b,1,621.66
848,3101,43101,79,67,4,consonant_string,low,znsq,4,2,internal,n,t,1.1,0.6011,t,0,879.54
848,2244,42244,80,67,4,pseudoword,high,slone,5,4,internal,n,r,3.1333333333333333,0.62334,n,1,714.76
848,3228,43228,81,67,4,consonant_string,high,vjnf,4,4,external,f,l,4.033333333333333,0.60982,f,1,1085.67
848,1137,41137,82,67,4,word,low,stew,4,4,external,w,p,1.1666666666666667,0.53452,w,1,590.9
848,2246,42246,83,67,4,pseudoword,high,proal,5,5,external,l,k,2.8,0.53572,l,1,707.1
848,2147,42147,84,67,4,pseudoword,low,jile,4,3,internal,l,s,1.1,0.4218,l,1,835.66
848,2238,42238,85,67,4,pseudoword,high,jite,4,3,internal,t,r,3.3666666666666667,0.59892,t,1,1042.88
848,3105,43105,86,67,4,consonant_string,low,fcmpk,5,4,internal,p,v,1.1333333333333333,0.49111,p,1,1274.47
848,1210,41210,87,67,4,word,high,weed,4,4,external,d,p,5.096774193548387,0.48985,d,1,746.42
848,3216,43216,88,67,4,consonant_string,high,fsmt,4,3,internal,m,n,4.666666666666667,0.6574,n,0,2737.02
848,2137,42137,90,67,4,pseudoword,low,blaw,4,4,external,w,p,1.1666666666666667,0.53452,w,1,569.34
848,3210,43210,91,67,4,consonant_string,high,lsbd,4,4,external,d,p,5.096774193548387,0.48985,d,1,1002.22
848,3135,43135,92,67,4,consonant_string,low,mkrb,4,4,external,b,w,1.1,0.5109,b,1,848.79
848,1246,41246,93,67,4,word,high,steal,5,5,external,l,k,2.8,0.53572,l,1,579.34
848,3115,43115,94,67,4,consonant_string,low,sfdm,4,4,external,m,t,1.0666666666666667,0.52674,m,1,1258.57
848,3238,43238,95,67,4,consonant_string,high,njtb,4,3,internal,t,r,3.3666666666666667,0.59892,t,1,1082.16
848,2224,42224,96,67,4,pseudoword,high,jote,4,3,internal,t,l,4.5,0.47576,t,1,1085.4
848,2129,42129,97,67,4,pseudoword,low,vofe,4,3,internal,f,n,1.2,0.53217,f,1,705.64
848,3129,43129,98,67,4,consonant_string,low,dtfh,4,3,internal,f,n,1.2,0.53217,f,1,791.2
848,1133,41133,99,67,4,word,low,fade,4,3,internal,d,z,1.2333333333333334,0.52841,d,1,678.74
848,3244,43244,101,67,4,consonant_string,high,qjfnd,5,4,internal,n,r,3.1333333333333333,0.62334,n,1,804.96
848,1125,41125,102,67,4,word,low,wage,4,3,internal,g,k,1.1666666666666667,0.37222,g,1,612.51
848,3139,43139,103,67,4,consonant_string,low,mvjt,4,4,external,t,n,1.1,0.6011,t,1,695.38
848,3111,43111,104,67,4,consonant_string,low,srfd,4,4,external,d,k,1.3333333333333333,0.3996,d,1,1171.94
848,3234,43234,105,67,4,consonant_string,high,pfldr,5,4,internal,d,c,3.566666666666667,0.66158,d,1,552.84
848,3103,43103,106,67,4,consonant_string,low,qsgpn,5,4,internal,p,v,1.1333333333333333,0.49111,p,1,606.37
848,1107,41107,107,67,4,word,low,read,4,4,external,d,r,1.3333333333333333,0.49182,d,1,713.92
848,1226,41226,108,67,4,word,high,bang,4,4,external,g,d,4.1,0.62488,g,1,637.79
848,2115,42115,109,67,4,pseudoword,low,gulm,4,4,external,m,t,1.0666666666666667,0.52674,t,0,715.0
848,2210,42210,110,67,4,pseudoword,high,fard,4,4,external,d,p,5.096774193548387,0.48985,d,1,681.88
848,3123,43123,112,67,4,consonant_string,low,vlbg,4,4,external,g,t,1.1333333333333333,0.44178,g,1,632.1
848,2123,42123,113,67,4,pseudoword,low,blug,4,4,external,g,t,1.1333333333333333,0.44178,t,0,795.31
848,2220,42220,114,67,4,pseudoword,high,wote,4,3,internal,t,l,4.5,0.47576,t,1,843.86
848,1143,41143,115,67,4,word,low,moor,4,4,external,r,d,1.3333333333333333,0.49182,r,1,552.64
848,1240,41240,116,67,4,word,high,pole,4,3,internal,l,r,3.2580645161290325,0.56415,l,1,600.19
848,2113,42113,117,67,4,pseudoword,low,nalb,4,4,external,b,m,1.2333333333333334,0.5784,m,0,1238.74
848,2107,42107,118,67,4,pseudoword,low,nood,4,4,external,d,r,1.3333333333333333,0.49182,d,1,611.97
848,3214,43214,119,67,4,consonant_string,high,klpj,4,3,internal,p,b,5.066666666666666,0.70362,b,0,675.83
848,3240,43240,120,67,4,consonant_string,high,gtln,4,3,internal,l,r,3.2580645161290325,0.56415,r,0,845.07
848,3226,43226,121,67,4,consonant_string,high,lqvg,4,4,external,g,d,4.1,0.62488,d,0,1291.65
848,2216,42216,123,67,4,pseudoword,high,hime,4,3,internal,m,n,4.666666666666667,0.6574,m,1,739.23
848,2240,42240,124,67,4,pseudoword,high,hule,4,3,internal,l,r,3.2580645161290325,0.56415,l,1,614.43
848,3236,43236,125,67,4,consonant_string,high,hfwb,4,4,external,b,g,3.533333333333333,0.46543,g,0,884.32
848,3121,43121,126,67,4,consonant_string,low,fqcg,4,4,external,g,w,1.1666666666666667,0.52446,g,1,857.55
848,2242,42242,127,67,4,pseudoword,high,drol,4,4,external,l,r,3.2580645161290325,0.56415,l,1,841.1
848,3143,43143,128,67,4,consonant_string,low,fbvr,4,4,external,r,d,1.3333333333333333,0.49182,r,1,696.66
848,3208,43208,129,67,4,consonant_string,high,cvsd,4,4,external,d,p,5.096774193548387,0.48985,d,1,665.2
848,1238,41238,130,67,4,word,high,date,4,3,internal,t,r,3.3666666666666667,0.59892,t,1,563.07
848,3131,43131,131,67,4,consonant_string,low,gjwds,5,4,internal,d,m,1.1333333333333333,0.58091,m,0,796.96
848,2117,42117,132,67,4,pseudoword,low,plim,4,4,external,m,b,1.2333333333333334,0.5784,m,1,618.5
848,3145,43145,134,67,4,consonant_string,low,hvwrt,5,4,internal,r,c,1.4,0.55867,r,1,605.37
848,1212,41212,135,67,4,word,high,grip,4,4,external,p,d,5.096774193548387,0.48985,p,1,553.91
848,2127,42127,136,67,4,pseudoword,low,reng,4,4,external,g,k,1.1666666666666667,0.37222,g,1,590.44
848,3127,43127,137,67,4,consonant_string,low,bvcg,4,4,external,g,k,1.1666666666666667,0.37222,k,0,689.64
848,3218,43218,138,67,4,consonant_string,high,zsmj,4,3,internal,m,n,4.666666666666667,0.6574,m,1,621.85
848,1131,41131,139,67,4,word,low,slide,5,4,internal,d,m,1.1333333333333333,0.58091,d,1,496.72
848,3117,43117,140,67,4,consonant_string,low,htjm,4,4,external,m,b,1.2333333333333334,0.5784,b,0,562.24
848,2222,42222,141,67,4,pseudoword,high,sleg,4,4,external,g,p,4.5,0.55857,g,1,612.11
848,3248,43248,142,67,4,consonant_string,high,dhkw,4,3,internal,k,l,2.8,0.53572,k,1,589.99
848,3204,43204,143,67,4,consonant_string,high,htwd,4,4,external,d,p,5.096774193548387,0.48985,d,1,573.19
848,2218,42218,2,67,4,pseudoword,high,vume,4,3,internal,m,n,4.666666666666667,0.6574,m,1,704.06
848,1236,41236,3,67,4,word,high,stab,4,4,external,b,g,3.533333333333333,0.46543,b,1,574.6
848,2125,42125,4,67,4,pseudoword,low,jege,4,3,internal,g,k,1.1666666666666667,0.37222,g,1,689.47
848,3230,43230,5,67,4,consonant_string,high,czhf,4,4,external,f,r,3.8,0.69632,r,0,765.68
848,1206,41206,6,67,4,word,high,stripe,6,5,internal,p,d,5.096774193548387,0.48985,p,1,830.57
848,1141,41141,7,67,4,word,low,file,4,3,internal,l,n,1.3666666666666667,0.46775,l,1,979.8
848,3109,43109,8,67,4,consonant_string,low,csbd,4,4,external,d,m,1.1333333333333333,0.58091,d,1,648.02
848,2139,42139,9,67,4,pseudoword,low,glot,4,4,external,t,n,1.1,0.6011,t,1,634.57
848,1103,41103,10,67,4,word,low,shape,5,4,internal,p,v,1.1333333333333333,0.49111,p,1,573.78
848,2111,42111,11,67,4,pseudoword,low,zoud,4,4,external,d,k,1.3333333333333333,0.3996,d,1,600.64
848,1224,41224,13,67,4,word,high,bite,4,3,internal,t,l,4.5,0.47576,t,1,584.18
848,1127,41127,14,67,4,word,low,wing,4,4,external,g,k,1.1666666666666667,0.37222,g,1,540.37
848,2234,42234,15,67,4,pseudoword,high,brode,5,4,internal,d,c,3.566666666666667,0.66158,d,1,559.57
848,3107,43107,16,67,4,consonant_string,low,qvsd,4,4,external,d,r,1.3333333333333333,0.49182,d,1,497.44
848,2248,42248,17,67,4,pseudoword,high,zoke,4,3,internal,k,l,2.8,0.53572,k,1,513.97
848,3147,43147,18,67,4,consonant_string,low,gnlt,4,3,internal,l,s,1.1,0.4218,l,1,581.82
848,3232,43232,19,67,4,consonant_string,high,vzldb,5,4,internal,d,c,3.566666666666667,0.66158,d,1,578.03
848,2135,42135,20,67,4,pseudoword,low,frab,4,4,external,b,w,1.1,0.5109,b,1,556.21
848,1147,41147,21,67,4,word,low,bale,4,3,internal,l,s,1.1,0.4218,l,1,470.75
848,2232,42232,22,67,4,pseudoword,high,ghade,5,4,internal,d,c,3.566666666666667,0.66158,d,1,527.61
848,1208,41208,24,67,4,word,high,hood,4,4,external,d,p,5.096774193548387,0.48985,d,1,558.81
848,2105,42105,25,67,4,pseudoword,low,brupe,5,4,internal,p,v,1.1333333333333333,0.49111,p,1,597.69
848,1105,41105,26,67,4,word,low,grape,5,4,internal,p,v,1.1333333333333333,0.49111,p,1,543.21
848,3222,43222,27,67,4,consonant_string,high,wbjg,4,4,external,g,p,4.5,0.55857,p,0,571.74
848,1117,41117,28,67,4,word,low,scam,4,4,external,m,b,1.2333333333333334,0.5784,m,1,593.62
848,3113,43113,29,67,4,consonant_string,low,rtcb,4,4,external,b,m,1.2333333333333334,0.5784,b,1,837.16
848,1202,41202,30,67,4,word,high,snip,4,2,internal,n,h,5.533333333333333,0.86536,h,0,923.38
848,1121,41121,31,67,4,word,low,flog,4,4,external,g,w,1.1666666666666667,0.52446,g,1,579.27
848,1214,41214,32,67,4,word,high,rope,4,3,internal,p,b,5.066666666666666,0.70362,p,1,621.48
848,2145,42145,33,67,4,pseudoword,low,swork,5,4,internal,r,c,1.4,0.55867,r,1,871.36
848,1145,41145,35,67,4,word,low,spire,5,4,internal,r,c,1.4,0.55867,r,1,820.25
848,2109,42109,36,67,4,pseudoword,low,glod,4,4,external,d,m,1.1333333333333333,0.58091,d,1,585.13
848,1230,41230,37,67,4,word,high,beef,4,4,external,f,r,3.8,0.69632,f,1,548.33
848,3202,43202,38,67,4,consonant_string,high,knfc,4,2,internal,n,h,5.533333333333333,0.86536,n,1,2280.93
848,2202,42202,39,67,4,pseudoword,high,snad,4,2,internal,n,h,5.533333333333333,0.86536,n,1,884.24
848,1139,41139,40,67,4,word,low,spat,4,4,external,t,n,1.1,0.6011,t,1,596.46
848,3141,43141,41,67,4,consonant_string,low,pqlt,4,3,internal,l,n,1.3666666666666667,0.46775,l,1,997.01
848,2143,42143,42,67,4,pseudoword,low,plur,4,4,external,r,d,1.3333333333333333,0.49182,r,1,652.57
848,2121,42121,43,67,4,pseudoword,low,quag,4,4,external,g,w,1.1666666666666667,0.52446,g,1,772.12
848,1218,41218,44,67,4,word,high,home,4,3,internal,m,n,4.666666666666667,0.6574,m,1,718.0
848,1232,41232,46,67,4,word,high,spade,5,4,internal,d,c,3.566666666666667,0.66158,d,1,566.87
848,2206,42206,47,67,4,pseudoword,high,strepe,6,5,internal,p,d,5.096774193548387,0.48985,d,0,735.75
848,3220,43220,48,67,4,consonant_string,high,pktv,4,3,internal,t,l,4.5,0.47576,l,0,731.96
848,3125,43125,49,67,4,consonant_string,low,fhgv,4,3,internal,g,k,1.1666666666666667,0.37222,g,1,708.17
848,2119,42119,50,67,4,pseudoword,low,chom,4,4,external,m,t,1.0666666666666667,0.52674,t,0,946.73
849,1128,11128,0,33,1,word,low,reef,4,4,external,f,d,1.4333333333333333,0.51654,d,0,947.35
849,2221,12221,56,33,1,pseudoword,high,quag,4,4,external,g,p,4.5,0.55857,p,0,905.26
849,3201,13201,67,33,1,consonant_string,high,znsq,4,2,internal,n,h,5.533333333333333,0.86536,n,1,847.15
849,2235,12235,78,33,1,pseudoword,high,frab,4,4,external,b,g,3.533333333333333,0.46543,b,1,765.04
849,2223,12223,89,33,1,pseudoword,high,blug,4,4,external,g,p,4.5,0.55857,p,0,736.25
849,3130,13130,100,33,1,consonant_string,low,czhf,4,4,external,f,p,1.6333333333333333,0.41008,p,0,1007.8
849,3225,13225,111,33,1,consonant_string,high,fhgv,4,3,internal,g,d,4.1,0.62488,d,0,1034.03
849,2201,12201,122,33,1,pseudoword,high,snum,4,2,internal,n,h,5.533333333333333,0.86536,n,1,957.6
849,1132,11132,133,33,1,word,low,spade,5,4,internal,d,r,1.3333333333333333,0.49182,d,1,844.51
849,1102,11102,1,33,1,word,low,snip,4,2,internal,n,l,1.3666666666666667,0.46775,n,1,780.4
849,1225,11225,12,33,1,word,high,wage,4,3,internal,g,d,4.1,0.62488,g,1,781.95
849,1118,11118,23,33,1,word,low,home,4,3,internal,m,l,1.0666666666666667,0.5113,m,1,841.5
849,1114,11114,34,33,1,word,low,rope,4,3,internal,p,s,1.2580645161290323,0.5767,p,1,741.38
849,2136,12136,45,33,1,pseudoword,low,plob,4,4,external,b,r,1.2666666666666666,0.51424,b,1,1118.29
849,3223,13223,51,33,1,consonant_string,high,vlbg,4,4,external,g,p,4.5,0.55857,g,1,779.51
849,3239,13239,52,33,1,consonant_string,high,mvjt,4,4,external,t,r,3.3666666666666667,0.59892,r,0,773.07
849,2247,12247,53,33,1,pseudoword,high,jile,4,3,internal,l,k,2.8,0.53572,l,1,833.28
849,1142,11142,54,33,1,word,low,seal,4,4,external,l,m,1.0666666666666667,0.5113,l,1,754.84
849,3213,13213,55,33,1,consonant_string,high,rtcb,4,4,external,b,p,5.066666666666666,0.70362,b,1,829.72
849,3148,13148,57,33,1,consonant_string,low,dhkw,4,3,internal,k,g,1.1666666666666667,0.37222,k,1,724.26
849,2205,12205,58,33,1,pseudoword,high,brupe,5,4,internal,p,d,5.096774193548387,0.48985,p,1,1190.5
849,1207,11207,59,33,1,word,high,read,4,4,external,d,p,5.096774193548387,0.48985,d,1,711.08
849,2203,12203,60,33,1,pseudoword,high,frope,5,4,internal,p,d,5.096774193548387,0.48985,p,1,680.28
849,1104,11104,61,33,1,word,low,skid,4,4,external,d,m,1.1333333333333333,0.58091,d,1,804.82
849,2144,12144,62,33,1,pseudoword,low,slone,5,4,internal,n,k,1.5333333333333334,0.52768,n,1,839.71
849,1136,11136,63,33,1,word,low,stab,4,4,external,b,r,1.2666666666666666,0.51424,b,1,675.26
849,3140,13140,64,33,1,consonant_string,low,gtln,4,3,internal,l,s,1.1,0.4218,l,1,1115.81
849,2241,12241,65,33,1,pseudoword,high,bule,4,3,internal,l,r,3.2580645161290325,0.56415,l,1,972.06
849,2102,12102,66,33,1,pseudoword,low,snad,4,2,internal,n,l,1.3666666666666667,0.46775,n,1,1019.29
849,1219,11219,68,33,1,word,high,warm,4,4,external,m,n,4.666666666666667,0.6574,n,0,1835.56
849,1140,11140,69,33,1,word,low,pole,4,3,internal,l,s,1.1,0.4218,l,1,875.18
849,3209,13209,70,33,1,consonant_string,high,csbd,4,4,external,d,p,5.096774193548387,0.48985,d,1,917.73
849,1110,11110,71,33,1,word,low,weed,4,4,external,d,k,1.3333333333333333,0.3996,d,1,741.96
849,2233,12233,72,33,1,pseudoword,high,kide,4,3,internal,d,c,3.566666666666667,0.66158,d,1,802.84
849,3243,13243,73,33,1,consonant_string,high,fbvr,4,4,external,r,n,3.1333333333333333,0.62334,n,0,805.72
849,1241,11241,74,33,1,word,high,file,4,3,internal,l,r,3.2580645161290325,0.56415,r,0,867.61
849,3207,13207,75,33,1,consonant_string,high,qvsd,4,4,external,d,p,5.096774193548387,0.48985,d,1,678.83
849,1223,11223,76,33,1,word,high,flag,4,4,external,g,p,4.5,0.55857,g,1,1412.4
849,2114,12114,77,33,1,pseudoword,low,dape,4,3,internal,p,s,1.2580645161290323,0.5767,p,1,888.65
849,2118,12118,79,33,1,pseudoword,low,vume,4,3,internal,m,l,1.0666666666666667,0.5113,l,0,1190.22
849,2245,12245,80,33,1,pseudoword,high,swork,5,4,internal,r,n,3.1333333333333333,0.62334,r,1,1066.81
849,1201,11201,81,33,1,word,high,snow,4,2,internal,n,h,5.533333333333333,0.86536,n,1,908.05
849,1211,11211,82,33,1,word,high,lead,4,4,external,d,p,5.096774193548387,0.48985,d,1,1032.28
849,3235,13235,83,33,1,consonant_string,high,mkrb,4,4,external,b,g,3.533333333333333,0.46543,g,0,1600.88
849,3245,13245,84,33,1,consonant_string,high,hvwrt,5,4,internal,r,n,3.1333333333333333,0.62334,n,0,1095.82
849,1243,11243,85,33,1,word,high,moor,4,4,external,r,n,3.1333333333333333,0.62334,r,1,1143.73
849,3229,13229,86,33,1,consonant_string,high,dtfh,4,3,internal,f,r,3.8,0.69632,r,0,673.64
849,3116,13116,87,33,1,consonant_string,low,fsmt,4,3,internal,m,l,1.0666666666666667,0.5113,l,0,893.85
849,3104,13104,88,33,1,consonant_string,low,htwd,4,4,external,d,m,1.1333333333333333,0.58091,d,1,871.74
849,3122,13122,90,33,1,consonant_string,low,wbjg,4,4,external,g,n,1.7,0.55212,g,1,939.97
849,2207,12207,91,33,1,pseudoword,high,nood,4,4,external,d,p,5.096774193548387,0.48985,d,1,799.52
849,2243,12243,92,33,1,pseudoword,high,plur,4,4,external,r,n,3.1333333333333333,0.62334,n,0,985.42
849,1237,11237,93,33,1,word,high,stew,4,4,external,w,m,3.4,0.62127,w,1,935.99
849,3128,13128,94,33,1,consonant_string,low,vjnf,4,4,external,f,d,1.4333333333333333,0.51654,d,0,889.55
849,1148,11148,95,33,1,word,low,sake,4,3,internal,k,g,1.1666666666666667,0.37222,k,1,730.11
849,2124,12124,96,33,1,pseudoword,low,jote,4,3,internal,t,d,1.3666666666666667,0.47786,d,0,1115.67
849,3134,13134,97,33,1,consonant_string,low,pfldr,5,4,internal,d,m,1.1333333333333333,0.58091,d,1,751.9
849,2237,12237,98,33,1,pseudoword,high,blaw,4,4,external,w,m,3.4,0.62127,w,1,981.8
849,3146,13146,99,33,1,consonant_string,low,bfnsl,5,5,external,l,m,1.0666666666666667,0.5113,l,1,811.35
849,1138,11138,101,33,1,word,low,date,4,3,internal,t,m,1.0666666666666667,0.52674,t,1,987.57
849,2132,12132,102,33,1,pseudoword,low,ghade,5,4,internal,d,r,1.3333333333333333,0.49182,r,0,859.15
849,1233,11233,103,33,1,word,high,fade,4,3,internal,d,c,3.566666666666667,0.66158,d,1,537.36
849,2106,12106,104,33,1,pseudoword,low,strepe,6,5,internal,p,v,1.1333333333333333,0.49111,p,1,886.89
849,2146,12146,105,33,1,pseudoword,low,proal,5,5,external,l,m,1.0666666666666667,0.5113,l,1,833.45
849,2213,12213,106,33,1,pseudoword,high,nalb,4,4,external,b,p,5.066666666666666,0.70362,b,1,949.01
849,3118,13118,107,33,1,consonant_string,low,zsmj,4,3,internal,m,l,1.0666666666666667,0.5113,l,0,730.9
849,2140,12140,108,33,1,pseudoword,low,hule,4,3,internal,l,s,1.1,0.4218,l,1,647.45
849,1227,11227,109,33,1,word,high,wing,4,4,external,g,d,4.1,0.62488,g,1,776.31
849,1245,11245,110,33,1,word,high,spire,5,4,internal,r,n,3.1333333333333333,0.62334,n,0,1301.88
849,2126,12126,112,33,1,pseudoword,low,yeng,4,4,external,g,k,1.1666666666666667,0.37222,g,1,757.8
849,2148,12148,113,33,1,pseudoword,low,zoke,4,3,internal,k,g,1.1666666666666667,0.37222,k,1,635.02
849,1120,11120,114,33,1,word,low,gate,4,3,internal,t,m,1.0666666666666667,0.52674,t,1,1005.56
849,3120,13120,115,33,1,consonant_string,low,pktv,4,3,internal,t,m,1.0666666666666667,0.52674,m,0,873.64
849,2104,12104,116,33,1,pseudoword,low,swed,4,4,external,d,m,1.1333333333333333,0.58091,d,1,785.87
849,1116,11116,117,33,1,word,low,mime,4,3,internal,m,l,1.0666666666666667,0.5113,m,1,1093.42
849,3142,13142,118,33,1,consonant_string,low,wktl,4,4,external,l,m,1.0666666666666667,0.5113,m,0,995.32
849,2239,12239,119,33,1,pseudoword,high,glot,4,4,external,t,r,3.3666666666666667,0.59892,r,0,970.23
849,1124,11124,120,33,1,word,low,bite,4,3,internal,t,d,1.3666666666666667,0.47786,d,0,1754.49
849,1231,11231,121,33,1,word,high,slide,5,4,internal,d,c,3.566666666666667,0.66158,c,0,946.43
849,2130,12130,123,33,1,pseudoword,low,zeaf,4,4,external,f,p,1.6333333333333333,0.41008,p,0,730.34
849,1235,11235,124,33,1,word,high,drab,4,4,external,b,g,3.533333333333333,0.46543,b,1,963.89
849,3106,13106,125,33,1,consonant_string,low,jbfzpq,6,5,internal,p,v,1.1333333333333333,0.49111,p,1,1008.13
849,3211,13211,126,33,1,consonant_string,high,srfd,4,4,external,d,p,5.096774193548387,0.48985,d,1,933.02
849,2134,12134,127,33,1,pseudoword,low,brode,5,4,internal,d,m,1.1333333333333333,0.58091,m,0,912.59
849,3102,13102,128,33,1,consonant_string,low,knfc,4,2,internal,n,l,1.3666666666666667,0.46775,n,1,1003.83
849,3126,13126,129,33,1,consonant_string,low,lqvg,4,4,external,g,k,1.1666666666666667,0.37222,g,1,1377.75
849,1213,11213,130,33,1,word,high,slab,4,4,external,b,p,5.066666666666666,0.70362,b,1,751.33
849,1130,11130,131,33,1,word,low,beef,4,4,external,f,p,1.6333333333333333,0.41008,f,1,1044.22
849,3108,13108,132,33,1,consonant_string,low,cvsd,4,4,external,d,k,1.3333333333333333,0.3996,d,1,860.11
849,3144,13144,134,33,1,consonant_string,low,qjfnd,5,4,internal,n,k,1.5333333333333334,0.52768,k,0,796.34
849,2120,12120,135,33,1,pseudoword,low,wote,4,3,internal,t,m,1.0666666666666667,0.52674,t,1,1033.23
849,3110,13110,136,33,1,consonant_string,low,lsbd,4,4,external,d,k,1.3333333333333333,0.3996,d,1,894.8
849,2227,12227,137,33,1,pseudoword,high,reng,4,4,external,g,d,4.1,0.62488,d,0,607.68
849,1146,11146,138,33,1,word,low,steal,5,5,external,l,m,1.0666666666666667,0.5113,l,1,834.56
849,1217,11217,139,33,1,word,high,scam,4,4,external,m,n,4.666666666666667,0.6574,m,1,750.11
849,2217,12217,140,33,1,pseudoword,high,plim,4,4,external,m,n,4.666666666666667,0.6574,n,0,825.99
849,1229,11229,141,33,1,word,high,wife,4,3,internal,f,r,3.8,0.69632,r,0,730.55
849,1108,11108,142,33,1,word,low,hood,4,4,external,d,k,1.3333333333333333,0.3996,d,1,663.09
849,3217,13217,143,33,1,consonant_string,high,htjm,4,4,external,m,n,4.666666666666667,0.6574,m,1,799.3
849,1205,11205,2,33,1,word,high,grape,5,4,internal,p,d,5.096774193548387,0.48985,p,1,576.17
849,3233,13233,3,33,1,consonant_string,high,vkdj,4,3,internal,d,c,3.566666666666667,0.66158,c,0,787.71
849,2138,12138,4,33,1,pseudoword,low,jite,4,3,internal,t,m,1.0666666666666667,0.52674,t,1,740.26
849,3237,13237,5,33,1,consonant_string,high,gbcw,4,4,external,w,m,3.4,0.62127,w,1,842.82
849,3215,13215,6,33,1,consonant_string,high,sfdm,4,4,external,m,n,4.666666666666667,0.6574,n,0,792.7
849,1221,11221,7,33,1,word,high,flog,4,4,external,g,p,4.5,0.55857,g,1,787.58
849,2112,12112,8,33,1,pseudoword,low,glip,4,4,external,p,t,1.3333333333333333,0.53002,p,1,676.13
849,1203,11203,9,33,1,word,high,shape,5,4,internal,p,d,5.096774193548387,0.48985,p,1,637.67
849,1126,11126,10,33,1,word,low,bang,4,4,external,g,k,1.1666666666666667,0.37222,g,1,821.21
849,2211,12211,11,33,1,pseudoword,high,zoud,4,4,external,d,p,5.096774193548387,0.48985,d,1,965.43
849,2215,12215,13,33,1,pseudoword,high,gulm,4,4,external,m,n,4.666666666666667,0.6574,m,1,1061.67
849,3136,13136,14,33,1,consonant_string,low,hfwb,4,4,external,b,r,1.2666666666666666,0.51424,r,0,1152.92
849,2229,12229,15,33,1,pseudoword,high,vofe,4,3,internal,f,r,3.8,0.69632,r,0,677.82
849,2225,12225,16,33,1,pseudoword,high,jege,4,3,internal,g,d,4.1,0.62488,d,0,1099.39
849,3247,13247,17,33,1,consonant_string,high,gnlt,4,3,internal,l,k,2.8,0.53572,k,0,945.28
849,1247,11247,18,33,1,word,high,bale,4,3,internal,l,k,2.8,0.53572,k,0,1108.19
849,3114,13114,19,33,1,consonant_string,low,klpj,4,3,internal,p,s,1.2580645161290323,0.5767,s,0,743.09
849,1112,11112,20,33,1,word,low,grip,4,4,external,p,t,1.3333333333333333,0.53002,p,1,938.98
849,1209,11209,21,33,1,word,high,seed,4,4,external,d,p,5.096774193548387,0.48985,d,1,1019.54
849,1106,11106,22,33,1,word,low,stripe,6,5,internal,p,v,1.1333333333333333,0.49111,p,1,770.78
849,3138,13138,24,33,1,consonant_string,low,njtb,4,3,internal,t,m,1.0666666666666667,0.52674,m,0,1031.0
849,1239,11239,25,33,1,word,high,spat,4,4,external,t,r,3.3666666666666667,0.59892,r,0,961.57
849,1215,11215,26,33,1,word,high,beam,4,4,external,m,n,4.666666666666667,0.6574,m,1,1001.81
849,2108,12108,27,33,1,pseudoword,low,vild,4,4,external,d,k,1.3333333333333333,0.3996,d,1,1053.71
849,3221,13221,28,33,1,consonant_string,high,fqcg,4,4,external,g,p,4.5,0.55857,p,0,1161.62
849,3124,13124,29,33,1,consonant_string,low,gpts,4,3,internal,t,d,1.3666666666666667,0.47786,t,1,800.87
849,1144,11144,30,33,1,word,low,stone,5,4,internal,n,k,1.5333333333333334,0.52768,n,1,705.75
849,1134,11134,31,33,1,word,low,pride,5,4,internal,d,m,1.1333333333333333,0.58091,d,1,812.63
849,3112,13112,32,33,1,consonant_string,low,qmwp,4,4,external,p,t,1.3333333333333333,0.53002,p,1,721.85
849,3205,13205,33,33,1,consonant_string,high,fcmpk,5,4,internal,p,d,5.096774193548387,0.48985,d,0,927.06
849,3241,13241,35,33,1,consonant_string,high,pqlt,4,3,internal,l,r,3.2580645161290325,0.56415,r,0,842.62
849,3227,13227,36,33,1,consonant_string,high,bvcg,4,4,external,g,d,4.1,0.62488,d,0,1039.52
849,2231,12231,37,33,1,pseudoword,high,spode,5,4,internal,d,c,3.566666666666667,0.66158,d,1,1225.1
849,2110,12110,38,33,1,pseudoword,low,fard,4,4,external,d,k,1.3333333333333333,0.3996,d,1,1041.69
849,1122,11122,39,33,1,word,low,swag,4,4,external,g,n,1.7,0.55212,g,1,762.58
849,2116,12116,40,33,1,pseudoword,low,hime,4,3,internal,m,l,1.0666666666666667,0.5113,l,0,952.81
849,2209,12209,41,33,1,pseudoword,high,glod,4,4,external,d,p,5.096774193548387,0.48985,d,1,809.7
849,3132,13132,42,33,1,consonant_string,low,vzldb,5,4,internal,d,r,1.3333333333333333,0.49182,r,0,640.92
849,2128,12128,43,33,1,pseudoword,low,goif,4,4,external,f,d,1.4333333333333333,0.51654,d,0,629.45
849,2122,12122,44,33,1,pseudoword,low,sleg,4,4,external,g,n,1.7,0.55212,g,1,669.99
849,2142,12142,46,33,1,pseudoword,low,drol,4,4,external,l,m,1.0666666666666667,0.5113,m,0,797.2
849,2219,12219,47,33,1,pseudoword,high,chom,4,4,external,m,n,4.666666666666667,0.6574,m,1,876.08
849,3231,13231,48,33,1,consonant_string,high,gjwds,5,4,internal,d,c,3.566666666666667,0.66158,d,1,1160.66
849,3203,13203,49,33,1,consonant_string,high,qsgpn,5,4,internal,p,d,5.096774193548387,0.48985,p,1,735.89
849,3219,13219,50,33,1,consonant_string,high,gjkm,4,4,external,m,n,4.666666666666667,0.6574,m,1,742.44
850,1232,21232,0,33,2,word,high,spade,5,4,internal,d,c,3.566666666666667,0.66158,c,0,1131.73
850,3214,23214,56,33,2,consonant_string,high,klpj,4,3,internal,p,b,5.066666666666666,0.70362,b,0,1487.32
850,3210,23210,67,33,2,consonant_string,high,lsbd,4,4,external,d,p,5.096774193548387,0.48985,d,1,856.91
850,1133,21133,78,33,2,word,low,fade,4,3,internal,d,z,1.2333333333333334,0.52841,d,1,854.8
850,3222,23222,89,33,2,consonant_string,high,wbjg,4,4,external,g,p,4.5,0.55857,g,1,1497.71
850,2202,22202,100,33,2,pseudoword,high,snad,4,2,internal,n,h,5.533333333333333,0.86536,h,0,912.64
850,3204,23204,111,33,2,consonant_string,high,htwd,4,4,external,d,p,5.096774193548387,0.48985,d,1,974.87
850,2107,22107,122,33,2,pseudoword,low,nood,4,4,external,d,r,1.3333333333333333,0.49182,d,1,938.11
850,3103,23103,133,33,2,consonant_string,low,qsgpn,5,4,internal,p,v,1.1333333333333333,0.49111,v,0,886.67
850,2238,22238,1,33,2,pseudoword,high,jite,4,3,internal,t,r,3.3666666666666667,0.59892,r,0,1214.24
850,3107,23107,12,33,2,consonant_string,low,qvsd,4,4,external,d,r,1.3333333333333333,0.49182,d,1,876.49
850,3244,23244,23,33,2,consonant_string,high,qjfnd,5,4,internal,n,r,3.1333333333333333,0.62334,n,1,637.04
850,2212,22212,34,33,2,pseudoword,high,glip,4,4,external,p,d,5.096774193548387,0.48985,d,0,1334.61
850,3109,23109,45,33,2,consonant_string,low,csbd,4,4,external,d,m,1.1333333333333333,0.58091,d,1,907.19
850,3206,23206,51,33,2,consonant_string,high,jbfzpq,6,5,internal,p,d,5.096774193548387,0.48985,d,0,1473.1
850,2131,22131,52,33,2,pseudoword,low,spode,5,4,internal,d,m,1.1333333333333333,0.58091,m,0,1211.38
850,1220,21220,53,33,2,word,high,gate,4,3,internal,t,l,4.5,0.47576,t,1,877.62
850,2234,22234,54,33,2,pseudoword,high,brode,5,4,internal,d,c,3.566666666666667,0.66158,d,1,561.18
850,2214,22214,55,33,2,pseudoword,high,dape,4,3,internal,p,b,5.066666666666666,0.70362,p,1,1094.38
850,1240,21240,57,33,2,word,high,pole,4,3,internal,l,r,3.2580645161290325,0.56415,r,0,1264.98
850,3135,23135,58,33,2,consonant_string,low,mkrb,4,4,external,b,w,1.1,0.5109,b,1,416.21
850,2115,22115,59,33,2,pseudoword,low,gulm,4,4,external,m,t,1.0666666666666667,0.52674,m,1,991.41
850,3139,23139,60,33,2,consonant_string,low,mvjt,4,4,external,t,n,1.1,0.6011,t,1,542.29
850,1135,21135,61,33,2,word,low,drab,4,4,external,b,w,1.1,0.5109,w,0,506.15
850,1244,21244,62,33,2,word,high,stone,5,4,internal,n,r,3.1333333333333333,0.62334,n,1,659.02
850,1236,21236,63,33,2,word,high,stab,4,4,external,b,g,3.533333333333333,0.46543,g,0,822.22
850,2248,22248,64,33,2,pseudoword,high,zoke,4,3,internal,k,l,2.8,0.53572,k,1,580.43
850,3246,23246,65,33,2,consonant_string,high,bfnsl,5,5,external,l,k,2.8,0.53572,k,0,683.98
850,3220,23220,66,33,2,consonant_string,high,pktv,4,3,internal,t,l,4.5,0.47576,l,0,628.51
850,3143,23143,68,33,2,consonant_string,low,fbvr,4,4,external,r,d,1.3333333333333333,0.49182,r,1,824.05
850,2105,22105,69,33,2,pseudoword,low,brupe,5,4,internal,p,v,1.1333333333333333,0.49111,p,1,535.27
850,3125,23125,70,33,2,consonant_string,low,fhgv,4,3,internal,g,k,1.1666666666666667,0.37222,g,1,462.79
850,1204,21204,71,33,2,word,high,skid,4,4,external,d,p,5.096774193548387,0.48985,d,1,639.97
850,2141,22141,72,33,2,pseudoword,low,bule,4,3,internal,l,n,1.3666666666666667,0.46775,l,1,669.52
850,2137,22137,73,33,2,pseudoword,low,blaw,4,4,external,w,p,1.1666666666666667,0.53452,p,0,1119.74
850,1137,21137,74,33,2,word,low,stew,4,4,external,w,p,1.1666666666666667,0.53452,w,1,593.96
850,1115,21115,75,33,2,word,low,beam,4,4,external,m,t,1.0666666666666667,0.52674,t,0,950.85
850,3248,23248,76,33,2,consonant_string,high,dhkw,4,3,internal,k,l,2.8,0.53572,l,0,728.74
850,1141,21141,77,33,2,word,low,file,4,3,internal,l,n,1.3666666666666667,0.46775,l,1,509.27
850,3101,23101,79,33,2,consonant_string,low,znsq,4,2,internal,n,t,1.1,0.6011,n,1,1063.49
850,1242,21242,80,33,2,word,high,seal,4,4,external,l,r,3.2580645161290325,0.56415,l,1,581.72
850,3236,23236,81,33,2,consonant_string,high,hfwb,4,4,external,b,g,3.533333333333333,0.46543,g,0,640.25
850,1111,21111,82,33,2,word,low,lead,4,4,external,d,k,1.3333333333333333,0.3996,d,1,770.77
850,3232,23232,83,33,2,consonant_string,high,vzldb,5,4,internal,d,c,3.566666666666667,0.66158,d,1,792.99
850,1103,21103,84,33,2,word,low,shape,5,4,internal,p,v,1.1333333333333333,0.49111,v,0,1369.91
850,2240,22240,85,33,2,pseudoword,high,hule,4,3,internal,l,r,3.2580645161290325,0.56415,r,0,955.16
850,3230,23230,86,33,2,consonant_string,high,czhf,4,4,external,f,r,3.8,0.69632,f,1,992.06
850,1143,21143,87,33,2,word,low,moor,4,4,external,r,d,1.3333333333333333,0.49182,d,0,499.95
850,2143,22143,88,33,2,pseudoword,low,plur,4,4,external,r,d,1.3333333333333333,0.49182,r,1,709.82
850,1206,21206,90,33,2,word,high,stripe,6,5,internal,p,d,5.096774193548387,0.48985,p,1,673.02
850,2121,22121,91,33,2,pseudoword,low,quag,4,4,external,g,w,1.1666666666666667,0.52446,w,0,572.22
850,2220,22220,92,33,2,pseudoword,high,wote,4,3,internal,t,l,4.5,0.47576,l,0,600.43
850,2125,22125,93,33,2,pseudoword,low,jege,4,3,internal,g,k,1.1666666666666667,0.37222,k,0,889.3
850,1214,21214,94,33,2,word,high,rope,4,3,internal,p,b,5.066666666666666,0.70362,p,1,871.85
850,1125,21125,95,33,2,word,low,wage,4,3,internal,g,k,1.1666666666666667,0.37222,g,1,529.06
850,2129,22129,96,33,2,pseudoword,low,vofe,4,3,internal,f,n,1.2,0.53217,n,0,878.61
850,1230,21230,97,33,2,word,high,beef,4,4,external,f,r,3.8,0.69632,f,1,501.15
850,2222,22222,98,33,2,pseudoword,high,sleg,4,4,external,g,p,4.5,0.55857,g,1,617.01
850,2139,22139,99,33,2,pseudoword,low,glot,4,4,external,t,n,1.1,0.6011,t,1,440.2
850,3133,23133,101,33,2,consonant_string,low,vkdj,4,3,internal,d,z,1.2333333333333334,0.52841,z,0,691.73
850,3129,23129,102,33,2,consonant_string,low,dtfh,4,3,internal,f,n,1.2,0.53217,n,0,756.61
850,1212,21212,103,33,2,word,high,grip,4,4,external,p,d,5.096774193548387,0.48985,d,0,565.47
850,3242,23242,104,33,2,consonant_string,high,wktl,4,4,external,l,r,3.2580645161290325,0.56415,r,0,592.68
850,1248,21248,105,33,2,word,high,sake,4,3,internal,k,l,2.8,0.53572,k,1,456.53
850,1129,21129,106,33,2,word,low,wife,4,3,internal,f,n,1.2,0.53217,f,1,1019.42
850,3127,23127,107,33,2,consonant_string,low,bvcg,4,4,external,g,k,1.1666666666666667,0.37222,k,0,362.63
850,3228,23228,108,33,2,consonant_string,high,vjnf,4,4,external,f,l,4.033333333333333,0.60982,f,1,466.8
850,3115,23115,109,33,2,consonant_string,low,sfdm,4,4,external,m,t,1.0666666666666667,0.52674,m,1,787.0
850,2113,22113,110,33,2,pseudoword,low,nalb,4,4,external,b,m,1.2333333333333334,0.5784,m,0,640.55
850,3117,23117,112,33,2,consonant_string,low,htjm,4,4,external,m,b,1.2333333333333334,0.5784,m,1,2045.14
850,3131,23131,113,33,2,consonant_string,low,gjwds,5,4,internal,d,m,1.1333333333333333,0.58091,d,1,393.08
850,2101,22101,114,33,2,pseudoword,low,snum,4,2,internal,n,t,1.1,0.6011,n,1,673.94
850,3119,23119,115,33,2,consonant_string,low,gjkm,4,4,external,m,t,1.0666666666666667,0.52674,m,1,566.35
850,2242,22242,116,33,2,pseudoword,high,drol,4,4,external,l,r,3.2580645161290325,0.56415,l,1,338.53
850,2208,22208,117,33,2,pseudoword,high,vild,4,4,external,d,p,5.096774193548387,0.48985,d,1,756.07
850,2246,22246,118,33,2,pseudoword,high,proal,5,5,external,l,k,2.8,0.53572,l,1,884.94
850,1139,21139,119,33,2,word,low,spat,4,4,external,t,n,1.1,0.6011,n,0,630.5
850,3216,23216,120,33,2,consonant_string,high,fsmt,4,3,internal,m,n,4.666666666666667,0.6574,m,1,489.03
850,3202,23202,121,33,2,consonant_string,high,knfc,4,2,internal,n,h,5.533333333333333,0.86536,h,0,622.55
850,3208,23208,123,33,2,consonant_string,high,cvsd,4,4,external,d,p,5.096774193548387,0.48985,d,1,983.77
850,2206,22206,124,33,2,pseudoword,high,strepe,6,5,internal,p,d,5.096774193548387,0.48985,p,1,1077.34
850,3238,23238,125,33,2,consonant_string,high,njtb,4,3,internal,t,r,3.3666666666666667,0.59892,t,1,860.9
850,1216,21216,126,33,2,word,high,mime,4,3,internal,m,n,4.666666666666667,0.6574,n,0,795.13
850,1145,21145,127,33,2,word,low,spire,5,4,internal,r,c,1.4,0.55867,c,0,632.01
850,1224,21224,128,33,2,word,high,bite,4,3,internal,t,l,4.5,0.47576,t,1,531.55
850,2232,22232,129,33,2,pseudoword,high,ghade,5,4,internal,d,c,3.566666666666667,0.66158,c,0,1020.09
850,3121,23121,130,33,2,consonant_string,low,fqcg,4,4,external,g,w,1.1666666666666667,0.52446,g,1,882.33
850,2210,22210,131,33,2,pseudoword,high,fard,4,4,external,d,p,5.096774193548387,0.48985,d,1,1352.9
850,2119,22119,132,33,2,pseudoword,low,chom,4,4,external,m,t,1.0666666666666667,0.52674,m,1,853.81
850,2109,22109,134,33,2,pseudoword,low,glod,4,4,external,d,m,1.1333333333333333,0.58091,m,0,624.69
850,1113,21113,135,33,2,word,low,slab,4,4,external,b,m,1.2333333333333334,0.5784,b,1,569.9
850,2145,22145,136,33,2,pseudoword,low,swork,5,4,internal,r,c,1.4,0.55867,c,0,870.1
850,2117,22117,137,33,2,pseudoword,low,plim,4,4,external,m,b,1.2333333333333334,0.5784,b,0,1465.35
850,1222,21222,138,33,2,word,high,swag,4,4,external,g,p,4.5,0.55857,g,1,763.61
850,1228,21228,139,33,2,word,high,reef,4,4,external,f,l,4.033333333333333,0.60982,f,1,764.82
850,3147,23147,140,33,2,consonant_string,low,gnlt,4,3,internal,l,s,1.1,0.4218,s,0,816.04
850,1147,21147,141,33,2,word,low,bale,4,3,internal,l,s,1.1,0.4218,l,1,1073.27
850,2133,22133,142,33,2,pseudoword,low,kide,4,3,internal,d,z,1.2333333333333334,0.52841,z,0,1010.51
850,1109,21109,143,33,2,word,low,seed,4,4,external,d,m,1.1333333333333333,0.58091,d,1,673.74
850,1107,21107,2,33,2,word,low,read,4,4,external,d,r,1.3333333333333333,0.49182,d,1,791.94
850,1234,21234,3,33,2,word,high,pride,5,4,internal,d,c,3.566666666666667,0.66158,d,1,653.83
850,1117,21117,4,33,2,word,low,scam,4,4,external,m,b,1.2333333333333334,0.5784,m,1,721.7
850,1202,21202,5,33,2,word,high,snip,4,2,internal,n,h,5.533333333333333,0.86536,h,0,1148.92
850,1210,21210,6,33,2,word,high,weed,4,4,external,d,p,5.096774193548387,0.48985,d,1,875.83
850,1123,21123,7,33,2,word,low,flag,4,4,external,g,t,1.1333333333333333,0.44178,g,1,594.38
850,2147,22147,8,33,2,pseudoword,low,jile,4,3,internal,l,s,1.1,0.4218,l,1,936.26
850,2226,22226,9,33,2,pseudoword,high,yeng,4,4,external,g,d,4.1,0.62488,g,1,1297.84
850,3212,23212,10,33,2,consonant_string,high,qmwp,4,4,external,p,d,5.096774193548387,0.48985,p,1,553.74
850,3226,23226,11,33,2,consonant_string,high,lqvg,4,4,external,g,d,4.1,0.62488,g,1,1438.63
850,1121,21121,13,33,2,word,low,flog,4,4,external,g,w,1.1666666666666667,0.52446,g,1,603.21
850,1105,21105,14,33,2,word,low,grape,5,4,internal,p,v,1.1333333333333333,0.49111,p,1,610.08
850,3224,23224,15,33,2,consonant_string,high,gpts,4,3,internal,t,l,4.5,0.47576,t,1,795.29
850,2103,22103,16,33,2,pseudoword,low,frope,5,4,internal,p,v,1.1333333333333333,0.49111,v,0,796.18
850,2127,22127,17,33,2,pseudoword,low,reng,4,4,external,g,k,1.1666666666666667,0.37222,g,1,1178.07
850,3234,23234,18,33,2,consonant_string,high,pfldr,5,4,internal,d,c,3.566666666666667,0.66158,d,1,820.65
850,3137,23137,19,33,2,consonant_string,low,gbcw,4,4,external,w,p,1.1666666666666667,0.53452,w,1,757.86
850,2216,22216,20,33,2,pseudoword,high,hime,4,3,internal,m,n,4.666666666666667,0.6574,n,0,1213.1
850,3145,23145,21,33,2,consonant_string,low,hvwrt,5,4,internal,r,c,1.4,0.55867,r,1,1200.36
850,3105,23105,22,33,2,consonant_string,low,fcmpk,5,4,internal,p,v,1.1333333333333333,0.49111,p,1,736.27
850,2123,22123,24,33,2,pseudoword,low,blug,4,4,external,g,t,1.1333333333333333,0.44178,t,0,1044.82
850,2111,22111,25,33,2,pseudoword,low,zoud,4,4,external,d,k,1.3333333333333333,0.3996,d,1,723.72
850,1208,21208,26,33,2,word,high,hood,4,4,external,d,p,5.096774193548387,0.48985,d,1,1023.94
850,2244,22244,27,33,2,pseudoword,high,slone,5,4,internal,n,r,3.1333333333333333,0.62334,n,1,652.5
850,3123,23123,28,33,2,consonant_string,low,vlbg,4,4,external,g,t,1.1333333333333333,0.44178,t,0,978.38
850,2224,22224,29,33,2,pseudoword,high,jote,4,3,internal,t,l,4.5,0.47576,t,1,1110.96
850,1119,21119,30,33,2,word,low,warm,4,4,external,m,t,1.0666666666666667,0.52674,m,1,485.18
850,3141,23141,31,33,2,consonant_string,low,pqlt,4,3,internal,l,n,1.3666666666666667,0.46775,n,0,1015.72
850,1238,21238,32,33,2,word,high,date,4,3,internal,t,r,3.3666666666666667,0.59892,t,1,782.95
850,2204,22204,33,33,2,pseudoword,high,swed,4,4,external,d,p,5.096774193548387,0.48985,d,1,830.5
850,1101,21101,35,33,2,word,low,snow,4,2,internal,n,t,1.1,0.6011,t,0,674.05
850,3218,23218,36,33,2,consonant_string,high,zsmj,4,3,internal,m,n,4.666666666666667,0.6574,m,1,641.26
850,2135,22135,37,33,2,pseudoword,low,frab,4,4,external,b,w,1.1,0.5109,w,0,933.14
850,2230,22230,38,33,2,pseudoword,high,zeaf,4,4,external,f,r,3.8,0.69632,r,0,1379.72
850,3111,23111,39,33,2,consonant_string,low,srfd,4,4,external,d,k,1.3333333333333333,0.3996,k,0,1511.34
850,2236,22236,40,33,2,pseudoword,high,plob,4,4,external,b,g,3.533333333333333,0.46543,g,0,738.59
850,1127,21127,41,33,2,word,low,wing,4,4,external,g,k,1.1666666666666667,0.37222,g,1,802.14
850,1218,21218,42,33,2,word,high,home,4,3,internal,m,n,4.666666666666667,0.6574,m,1,772.02
850,3113,23113,43,33,2,consonant_string,low,rtcb,4,4,external,b,m,1.2333333333333334,0.5784,m,0,539.23
850,3240,23240,44,33,2,consonant_string,high,gtln,4,3,internal,l,r,3.2580645161290325,0.56415,l,1,849.77
850,1131,21131,46,33,2,word,low,slide,5,4,internal,d,m,1.1333333333333333,0.58091,m,0,1073.66
850,1226,21226,47,33,2,word,high,bang,4,4,external,g,d,4.1,0.62488,g,1,607.89
850,1246,21246,48,33,2,word,high,steal,5,5,external,l,k,2.8,0.53572,k,0,506.08
850,2228,22228,49,33,2,pseudoword,high,goif,4,4,external,f,l,4.033333333333333,0.60982,f,1,907.95
850,2218,22218,50,33,2,pseudoword,high,vume,4,3,internal,m,n,4.666666666666667,0.6574,m,1,794.18
851,2102,32102,0,67,3,pseudoword,low,snad,4,2,internal,n,l,1.3666666666666667,0.46775,n,1,723.24
851,3114,33114,56,67,3,consonant_string,low,klpj,4,3,internal,p,s,1.2580645161290323,0.5767,p,1,832.12
851,2215,32215,67,67,3,pseudoword,high,gulm,4,4,external,m,n,4.666666666666667,0.6574,m,1,505.33
851,1126,31126,78,67,3,word,low,bang,4,4,external,g,k,1.1666666666666667,0.37222,g,1,544.86
851,3116,33116,89,67,3,consonant_string,low,fsmt,4,3,internal,m,l,1.0666666666666667,0.5113,l,0,883.4
851,2209,32209,100,67,3,pseudoword,high,glod,4,4,external,d,p,5.096774193548387,0.48985,d,1,633.63
851,2128,32128,111,67,3,pseudoword,low,goif,4,4,external,f,d,1.4333333333333333,0.51654,f,1,519.83
851,3110,33110,122,67,3,consonant_string,low,lsbd,4,4,external,d,k,1.3333333333333333,0.3996,d,1,758.69
851,1239,31239,133,67,3,word,high,spat,4,4,external,t,r,3.3666666666666667,0.59892,t,1,509.23
851,1235,31235,1,67,3,word,high,drab,4,4,external,b,g,3.533333333333333,0.46543,b,1,517.09
851,3233,33233,12,67,3,consonant_string,high,vkdj,4,3,internal,d,c,3.566666666666667,0.66158,c,0,921.96
851,3118,33118,23,67,3,consonant_string,low,zsmj,4,3,internal,m,l,1.0666666666666667,0.5113,l,0,777.86
851,3132,33132,34,67,3,consonant_string,low,vzldb,5,4,internal,d,r,1.3333333333333333,0.49182,r,0,726.08
851,2239,32239,45,67,3,pseudoword,high,glot,4,4,external,t,r,3.3666666666666667,0.59892,t,1,475.28
851,2235,32235,51,67,3,pseudoword,high,frab,4,4,external,b,g,3.533333333333333,0.46543,b,1,698.48
851,2132,32132,52,67,3,pseudoword,low,ghade,5,4,internal,d,r,1.3333333333333333,0.49182,d,1,731.02
851,1231,31231,53,67,3,word,high,slide,5,4,internal,d,c,3.566666666666667,0.66158,d,1,546.23
851,3227,33227,54,67,3,consonant_string,high,bvcg,4,4,external,g,d,4.1,0.62488,d,0,832.77
851,2245,32245,55,67,3,pseudoword,high,swork,5,4,internal,r,n,3.1333333333333333,0.62334,r,1,776.99
851,1233,31233,57,67,3,word,high,fade,4,3,internal,d,c,3.566666666666667,0.66158,d,1,483.2
851,2221,32221,58,67,3,pseudoword,high,quag,4,4,external,g,p,4.5,0.55857,g,1,743.39
851,2108,32108,59,67,3,pseudoword,low,vild,4,4,external,d,k,1.3333333333333333,0.3996,d,1,597.94
851,3209,33209,60,67,3,consonant_string,high,csbd,4,4,external,d,p,5.096774193548387,0.48985,p,0,823.48
851,3142,33142,61,67,3,consonant_string,low,wktl,4,4,external,l,m,1.0666666666666667,0.5113,l,1,581.37
851,1108,31108,62,67,3,word,low,hood,4,4,external,d,k,1.3333333333333333,0.3996,d,1,575.57
851,1241,31241,63,67,3,word,high,file,4,3,internal,l,r,3.2580645161290325,0.56415,l,1,478.76
851,3136,33136,64,67,3,consonant_string,low,hfwb,4,4,external,b,r,1.2666666666666666,0.51424,b,1,732.96
851,2126,32126,65,67,3,pseudoword,low,yeng,4,4,external,g,k,1.1666666666666667,0.37222,g,1,476.16
851,2130,32130,66,67,3,pseudoword,low,zeaf,4,4,external,f,p,1.6333333333333333,0.41008,f,1,603.36
851,1104,31104,68,67,3,word,low,skid,4,4,external,d,m,1.1333333333333333,0.58091,d,1,621.89
851,1134,31134,69,67,3,word,low,pride,5,4,internal,d,m,1.1333333333333333,0.58091,m,0,503.76
851,3245,33245,70,67,3,consonant_string,high,hvwrt,5,4,internal,r,n,3.1333333333333333,0.62334,n,0,825.3
851,1144,31144,71,67,3,word,low,stone,5,4,internal,n,k,1.5333333333333334,0.52768,n,1,448.5
851,1142,31142,72,67,3,word,low,seal,4,4,external,l,m,1.0666666666666667,0.5113,l,1,402.03
851,1122,31122,73,67,3,word,low,swag,4,4,external,g,n,1.7,0.55212,g,1,494.55
851,3130,33130,74,67,3,consonant_string,low,czhf,4,4,external,f,p,1.6333333333333333,0.41008,f,1,642.07
851,3207,33207,75,67,3,consonant_string,high,qvsd,4,4,external,d,p,5.096774193548387,0.48985,d,1,686.62
851,2148,32148,76,67,3,pseudoword,low,zoke,4,3,internal,k,g,1.1666666666666667,0.37222,k,1,534.82
851,1114,31114,77,67,3,word,low,rope,4,3,internal,p,s,1.2580645161290323,0.5767,p,1,594.01
851,3213,33213,79,67,3,consonant_string,high,rtcb,4,4,external,b,p,5.066666666666666,0.70362,b,1,741.56
851,2110,32110,80,67,3,pseudoword,low,fard,4,4,external,d,k,1.3333333333333333,0.3996,d,1,639.1
851,1110,31110,81,67,3,word,low,weed,4,4,external,d,k,1.3333333333333333,0.3996,d,1,511.29
851,3235,33235,82,67,3,consonant_string,high,mkrb,4,4,external,b,g,3.533333333333333,0.46543,b,1,584.16
851,3126,33126,83,67,3,consonant_string,low,lqvg,4,4,external,g,k,1.1666666666666667,0.37222,g,1,631.36
851,1245,31245,84,67,3,word,high,spire,5,4,internal,r,n,3.1333333333333333,0.62334,r,1,503.57
851,2116,32116,85,67,3,pseudoword,low,hime,4,3,internal,m,l,1.0666666666666667,0.5113,m,1,530.09
851,3203,33203,86,67,3,consonant_string,high,qsgpn,5,4,internal,p,d,5.096774193548387,0.48985,p,1,965.3
851,3106,33106,87,67,3,consonant_string,low,jbfzpq,6,5,internal,p,v,1.1333333333333333,0.49111,v,0,836.2
851,3205,33205,88,67,3,consonant_string,high,fcmpk,5,4,internal,p,d,5.096774193548387,0.48985,d,0,693.41
851,3128,33128,90,67,3,consonant_string,low,vjnf,4,4,external,f,d,1.4333333333333333,0.51654,f,1,565.95
851,3219,33219,91,67,3,consonant_string,high,gjkm,4,4,external,m,n,4.666666666666667,0.6574,m,1,554.81
851,3112,33112,92,67,3,consonant_string,low,qmwp,4,4,external,p,t,1.3333333333333333,0.53002,p,1,936.36
851,2217,32217,93,67,3,pseudoword,high,plim,4,4,external,m,n,4.666666666666667,0.6574,m,1,681.6
851,1146,31146,94,67,3,word,low,steal,5,5,external,l,m,1.0666666666666667,0.5113,l,1,519.79
851,2104,32104,95,67,3,pseudoword,low,swed,4,4,external,d,m,1.1333333333333333,0.58091,d,1,584.65
851,1203,31203,96,67,3,word,high,shape,5,4,internal,p,d,5.096774193548387,0.48985,p,1,577.85
851,1132,31132,97,67,3,word,low,spade,5,4,internal,d,r,1.3333333333333333,0.49182,d,1,591.05
851,3140,33140,98,67,3,consonant_string,low,gtln,4,3,internal,l,s,1.1,0.4218,l,1,630.26
851,1225,31225,99,67,3,word,high,wage,4,3,internal,g,d,4.1,0.62488,g,1,418.45
851,3215,33215,101,67,3,consonant_string,high,sfdm,4,4,external,m,n,4.666666666666667,0.6574,m,1,552.3
851,2207,32207,102,67,3,pseudoword,high,nood,4,4,external,d,p,5.096774193548387,0.48985,d,1,497.83
851,2138,32138,103,67,3,pseudoword,low,jite,4,3,internal,t,m,1.0666666666666667,0.52674,t,1,563.35
851,2243,32243,104,67,3,pseudoword,high,plur,4,4,external,r,n,3.1333333333333333,0.62334,r,1,568.23
851,2233,32233,105,67,3,pseudoword,high,kide,4,3,internal,d,c,3.566666666666667,0.66158,d,1,475.42
851,3217,33217,106,67,3,consonant_string,high,htjm,4,4,external,m,n,4.666666666666667,0.6574,m,1,774.62
851,3239,33239,107,67,3,consonant_string,high,mvjt,4,4,external,t,r,3.3666666666666667,0.59892,t,1,591.5
851,1124,31124,108,67,3,word,low,bite,4,3,internal,t,d,1.3666666666666667,0.47786,t,1,850.04
851,1243,31243,109,67,3,word,high,moor,4,4,external,r,n,3.1333333333333333,0.62334,r,1,675.6
851,2122,32122,110,67,3,pseudoword,low,sleg,4,4,external,g,n,1.7,0.55212,g,1,488.8
851,3201,33201,112,67,3,consonant_string,high,znsq,4,2,internal,n,h,5.533333333333333,0.86536,h,0,1209.01
851,1116,31116,113,67,3,word,low,mime,4,3,internal,m,l,1.0666666666666667,0.5113,m,1,462.91
851,1207,31207,114,67,3,word,high,read,4,4,external,d,p,5.096774193548387,0.48985,d,1,493.77
851,1209,31209,115,67,3,word,high,seed,4,4,external,d,p,5.096774193548387,0.48985,d,1,432.6
851,3225,33225,116,67,3,consonant_string,high,fhgv,4,3,internal,g,d,4.1,0.62488,g,1,617.79
851,2231,32231,117,67,3,pseudoword,high,spode,5,4,internal,d,c,3.566666666666667,0.66158,d,1,705.66
851,2241,32241,118,67,3,pseudoword,high,bule,4,3,internal,l,r,3.2580645161290325,0.56415,l,1,481.2
851,3144,33144,119,67,3,consonant_string,low,qjfnd,5,4,internal,n,k,1.5333333333333334,0.52768,n,1,990.41
851,2205,32205,120,67,3,pseudoword,high,brupe,5,4,internal,p,d,5.096774193548387,0.48985,p,1,581.63
851,3102,33102,121,67,3,consonant_string,low,knfc,4,2,internal,n,l,1.3666666666666667,0.46775,n,1,1138.85
851,3146,33146,123,67,3,consonant_string,low,bfnsl,5,5,external,l,m,1.0666666666666667,0.5113,m,0,959.1
851,2124,32124,124,67,3,pseudoword,low,jote,4,3,internal,t,d,1.3666666666666667,0.47786,d,0,536.98
851,1106,31106,125,67,3,word,low,stripe,6,5,internal,p,v,1.1333333333333333,0.49111,p,1,513.18
851,1112,31112,126,67,3,word,low,grip,4,4,external,p,t,1.3333333333333333,0.53002,p,1,466.04
851,3104,33104,127,67,3,consonant_string,low,htwd,4,4,external,d,m,1.1333333333333333,0.58091,d,1,636.9
851,1229,31229,128,67,3,word,high,wife,4,3,internal,f,r,3.8,0.69632,f,1,980.12
851,3108,33108,129,67,3,consonant_string,low,cvsd,4,4,external,d,k,1.3333333333333333,0.3996,d,1,643.34
851,3223,33223,130,67,3,consonant_string,high,vlbg,4,4,external,g,p,4.5,0.55857,g,1,563.88
851,1148,31148,131,67,3,word,low,sake,4,3,internal,k,g,1.1666666666666667,0.37222,k,1,605.74
851,3229,33229,132,67,3,consonant_string,high,dtfh,4,3,internal,f,r,3.8,0.69632,f,1,971.29
851,2134,32134,134,67,3,pseudoword,low,brode,5,4,internal,d,m,1.1333333333333333,0.58091,d,1,576.17
851,1237,31237,135,67,3,word,high,stew,4,4,external,w,m,3.4,0.62127,w,1,712.38
851,1227,31227,136,67,3,word,high,wing,4,4,external,g,d,4.1,0.62488,g,1,582.26
851,1138,31138,137,67,3,word,low,date,4,3,internal,t,m,1.0666666666666667,0.52674,t,1,509.45
851,3122,33122,138,67,3,consonant_string,low,wbjg,4,4,external,g,n,1.7,0.55212,g,1,495.32
851,3120,33120,139,67,3,consonant_string,low,pktv,4,3,internal,t,m,1.0666666666666667,0.52674,t,1,879.85
851,3211,33211,140,67,3,consonant_string,high,srfd,4,4,external,d,p,5.096774193548387,0.48985,d,1,712.07
851,2237,32237,141,67,3,pseudoword,high,blaw,4,4,external,w,m,3.4,0.62127,w,1,535.95
851,1201,31201,142,67,3,word,high,snow,4,2,internal,n,h,5.533333333333333,0.86536,n,1,646.15
851,2136,32136,143,67,3,pseudoword,low,plob,4,4,external,b,r,1.2666666666666666,0.51424,b,1,548.69
851,1213,31213,2,67,3,word,high,slab,4,4,external,b,p,5.066666666666666,0.70362,b,1,606.21
851,1102,31102,3,67,3,word,low,snip,4,2,internal,n,l,1.3666666666666667,0.46775,n,1,749.75
851,2106,32106,4,67,3,pseudoword,low,strepe,6,5,internal,p,v,1.1333333333333333,0.49111,p,1,620.3
851,2229,32229,5,67,3,pseudoword,high,vofe,4,3,internal,f,r,3.8,0.69632,f,1,669.17
851,1215,31215,6,67,3,word,high,beam,4,4,external,m,n,4.666666666666667,0.6574,m,1,495.04
851,1221,31221,7,67,3,word,high,flog,4,4,external,g,p,4.5,0.55857,g,1,525.56
851,3243,33243,8,67,3,consonant_string,high,fbvr,4,4,external,r,n,3.1333333333333333,0.62334,n,0,911.77
851,1140,31140,9,67,3,word,low,pole,4,3,internal,l,s,1.1,0.4218,l,1,485.65
851,2201,32201,10,67,3,pseudoword,high,snum,4,2,internal,n,h,5.533333333333333,0.86536,n,1,605.85
851,2112,32112,11,67,3,pseudoword,low,glip,4,4,external,p,t,1.3333333333333333,0.53002,p,1,607.38
851,2247,32247,13,67,3,pseudoword,high,jile,4,3,internal,l,k,2.8,0.53572,l,1,509.91
851,1205,31205,14,67,3,word,high,grape,5,4,internal,p,d,5.096774193548387,0.48985,p,1,521.78
851,2219,32219,15,67,3,pseudoword,high,chom,4,4,external,m,n,4.666666666666667,0.6574,m,1,729.64
851,3148,33148,16,67,3,consonant_string,low,dhkw,4,3,internal,k,g,1.1666666666666667,0.37222,k,1,695.85
851,3138,33138,17,67,3,consonant_string,low,njtb,4,3,internal,t,m,1.0666666666666667,0.52674,m,0,559.39
851,1136,31136,18,67,3,word,low,stab,4,4,external,b,r,1.2666666666666666,0.51424,b,1,506.26
851,2114,32114,19,67,3,pseudoword,low,dape,4,3,internal,p,s,1.2580645161290323,0.5767,p,1,518.78
851,2227,32227,20,67,3,pseudoword,high,reng,4,4,external,g,d,4.1,0.62488,g,1,553.65
851,3237,33237,21,67,3,consonant_string,high,gbcw,4,4,external,w,m,3.4,0.62127,w,1,765.18
851,3241,33241,22,67,3,consonant_string,high,pqlt,4,3,internal,l,r,3.2580645161290325,0.56415,l,1,648.07
851,1217,31217,24,67,3,word,high,scam,4,4,external,m,n,4.666666666666667,0.6574,m,1,466.59
851,2211,32211,25,67,3,pseudoword,high,zoud,4,4,external,d,p,5.096774193548387,0.48985,d,1,706.46
851,2118,32118,26,67,3,pseudoword,low,vume,4,3,internal,m,l,1.0666666666666667,0.5113,m,1,512.99
851,2223,32223,27,67,3,pseudoword,high,blug,4,4,external,g,p,4.5,0.55857,g,1,713.86
851,2203,32203,28,67,3,pseudoword,high,frope,5,4,internal,p,d,5.096774193548387,0.48985,p,1,772.74
851,2142,32142,29,67,3,pseudoword,low,drol,4,4,external,l,m,1.0666666666666667,0.5113,l,1,427.61
851,1120,31120,30,67,3,word,low,gate,4,3,internal,t,m,1.0666666666666667,0.52674,t,1,565.8
851,1247,31247,31,67,3,word,high,bale,4,3,internal,l,k,2.8,0.53572,l,1,461.66
851,2225,32225,32,67,3,pseudoword,high,jege,4,3,internal,g,d,4.1,0.62488,g,1,588.52
851,3124,33124,33,67,3,consonant_string,low,gpts,4,3,internal,t,d,1.3666666666666667,0.47786,t,1,625.72
851,1130,31130,35,67,3,word,low,beef,4,4,external,f,p,1.6333333333333333,0.41008,f,1,563.93
851,2144,32144,36,67,3,pseudoword,low,slone,5,4,internal,n,k,1.5333333333333334,0.52768,n,1,652.79
851,2140,32140,37,67,3,pseudoword,low,hule,4,3,internal,l,s,1.1,0.4218,l,1,526.33
851,2213,32213,38,67,3,pseudoword,high,nalb,4,4,external,b,p,5.066666666666666,0.70362,b,1,633.52
851,1128,31128,39,67,3,word,low,reef,4,4,external,f,d,1.4333333333333333,0.51654,d,0,608.73
851,1211,31211,40,67,3,word,high,lead,4,4,external,d,p,5.096774193548387,0.48985,d,1,571.59
851,3247,33247,41,67,3,consonant_string,high,gnlt,4,3,internal,l,k,2.8,0.53572,l,1,869.48
851,3221,33221,42,67,3,consonant_string,high,fqcg,4,4,external,g,p,4.5,0.55857,g,1,958.38
851,1223,31223,43,67,3,word,high,flag,4,4,external,g,p,4.5,0.55857,g,1,712.92
851,3231,33231,44,67,3,consonant_string,high,gjwds,5,4,internal,d,c,3.566666666666667,0.66158,d,1,559.8
851,1219,31219,46,67,3,word,high,warm,4,4,external,m,n,4.666666666666667,0.6574,m,1,474.66
851,2120,32120,47,67,3,pseudoword,low,wote,4,3,internal,t,m,1.0666666666666667,0.52674,t,1,569.52
851,2146,32146,48,67,3,pseudoword,low,proal,5,5,external,l,m,1.0666666666666667,0.5113,l,1,605.39
851,1118,31118,49,67,3,word,low,home,4,3,internal,m,l,1.0666666666666667,0.5113,m,1,494.92
851,3134,33134,50,67,3,consonant_string,low,pfldr,5,4,internal,d,m,1.1333333333333333,0.58091,d,1,562.46
852,1216,41216,0,33,4,word,high,mime,4,3,internal,m,n,4.666666666666667,0.6574,n,0,630.77
852,1121,41121,56,33,4,word,low,flog,4,4,external,g,w,1.1666666666666667,0.52446,g,1,545.28
852,2133,42133,67,33,4,pseudoword,low,kide,4,3,internal,d,z,1.2333333333333334,0.52841,d,1,599.17
852,2107,42107,78,33,4,pseudoword,low,nood,4,4,external,d,r,1.3333333333333333,0.49182,d,1,612.03
852,3129,43129,89,33,4,consonant_string,low,dtfh,4,3,internal,f,n,1.2,0.53217,f,1,741.23
852,3240,43240,100,33,4,consonant_string,high,gtln,4,3,internal,l,r,3.2580645161290325,0.56415,r,0,774.11
852,2135,42135,111,33,4,pseudoword,low,frab,4,4,external,b,w,1.1,0.5109,w,0,870.33
852,3216,43216,122,33,4,consonant_string,high,fsmt,4,3,internal,m,n,4.666666666666667,0.6574,n,0,1178.56
852,2113,42113,133,33,4,pseudoword,low,nalb,4,4,external,b,m,1.2333333333333334,0.5784,b,1,1039.15
852,1226,41226,1,33,4,word,high,bang,4,4,external,g,d,4.1,0.62488,g,1,632.7
852,1220,41220,12,33,4,word,high,gate,4,3,internal,t,l,4.5,0.47576,l,0,1013.24
852,2214,42214,23,33,4,pseudoword,high,dape,4,3,internal,p,b,5.066666666666666,0.70362,p,1,728.48
852,2228,42228,34,33,4,pseudoword,high,goif,4,4,external,f,l,4.033333333333333,0.60982,l,0,1019.03
852,2238,42238,45,33,4,pseudoword,high,jite,4,3,internal,t,r,3.3666666666666667,0.59892,t,1,830.26
852,1137,41137,51,33,4,word,low,stew,4,4,external,w,p,1.1666666666666667,0.53452,w,1,632.8
852,2141,42141,52,33,4,pseudoword,low,bule,4,3,internal,l,n,1.3666666666666667,0.46775,l,1,698.34
852,1212,41212,53,33,4,word,high,grip,4,4,external,p,d,5.096774193548387,0.48985,p,1,775.24
852,1232,41232,54,33,4,word,high,spade,5,4,internal,d,c,3.566666666666667,0.66158,d,1,603.76
852,2240,42240,55,33,4,pseudoword,high,hule,4,3,internal,l,r,3.2580645161290325,0.56415,l,1,812.63
852,1210,41210,57,33,4,word,high,weed,4,4,external,d,p,5.096774193548387,0.48985,d,1,631.85
852,2242,42242,58,33,4,pseudoword,high,drol,4,4,external,l,r,3.2580645161290325,0.56415,r,0,636.38
852,2202,42202,59,33,4,pseudoword,high,snad,4,2,internal,n,h,5.533333333333333,0.86536,h,0,700.92
852,2244,42244,60,33,4,pseudoword,high,slone,5,4,internal,n,r,3.1333333333333333,0.62334,n,1,920.81
852,3107,43107,61,33,4,consonant_string,low,qvsd,4,4,external,d,r,1.3333333333333333,0.49182,d,1,619.01
852,3222,43222,62,33,4,consonant_string,high,wbjg,4,4,external,g,p,4.5,0.55857,g,1,580.21
852,1131,41131,63,33,4,word,low,slide,5,4,internal,d,m,1.1333333333333333,0.58091,d,1,535.74
852,1218,41218,64,33,4,word,high,home,4,3,internal,m,n,4.666666666666667,0.6574,n,0,640.28
852,3238,43238,65,33,4,consonant_string,high,njtb,4,3,internal,t,r,3.3666666666666667,0.59892,t,1,643.81
852,1204,41204,66,33,4,word,high,skid,4,4,external,d,p,5.096774193548387,0.48985,d,1,613.67
852,1224,41224,68,33,4,word,high,bite,4,3,internal,t,l,4.5,0.47576,l,0,510.87
852,3125,43125,69,33,4,consonant_string,low,fhgv,4,3,internal,g,k,1.1666666666666667,0.37222,g,1,598.06
852,1129,41129,70,33,4,word,low,wife,4,3,internal,f,n,1.2,0.53217,n,0,851.94
852,3123,43123,71,33,4,consonant_string,low,vlbg,4,4,external,g,t,1.1333333333333333,0.44178,g,1,1012.84
852,3220,43220,72,33,4,consonant_string,high,pktv,4,3,internal,t,l,4.5,0.47576,l,0,1002.08
852,2109,42109,73,33,4,pseudoword,low,glod,4,4,external,d,m,1.1333333333333333,0.58091,d,1,675.97
852,1244,41244,74,33,4,word,high,stone,5,4,internal,n,r,3.1333333333333333,0.62334,n,1,644.5
852,2248,42248,75,33,4,pseudoword,high,zoke,4,3,internal,k,l,2.8,0.53572,k,1,687.38
852,1206,41206,76,33,4,word,high,stripe,6,5,internal,p,d,5.096774193548387,0.48985,p,1,620.91
852,1228,41228,77,33,4,word,high,reef,4,4,external,f,l,4.033333333333333,0.60982,f,1,551.11
852,2117,42117,79,33,4,pseudoword,low,plim,4,4,external,m,b,1.2333333333333334,0.5784,m,1,771.98
852,3204,43204,80,33,4,consonant_string,high,htwd,4,4,external,d,p,5.096774193548387,0.48985,d,1,993.2
852,3135,43135,81,33,4,consonant_string,low,mkrb,4,4,external,b,w,1.1,0.5109,w,0,655.09
852,3139,43139,82,33,4,consonant_string,low,mvjt,4,4,external,t,n,1.1,0.6011,t,1,1239.97
852,2139,42139,83,33,4,pseudoword,low,glot,4,4,external,t,n,1.1,0.6011,t,1,1131.57
852,2125,42125,84,33,4,pseudoword,low,jege,4,3,internal,g,k,1.1666666666666667,0.37222,g,1,609.12
852,3137,43137,85,33,4,consonant_string,low,gbcw,4,4,external,w,p,1.1666666666666667,0.53452,w,1,673.33
852,3117,43117,86,33,4,consonant_string,low,htjm,4,4,external,m,b,1.2333333333333334,0.5784,b,0,1381.56
852,2105,42105,87,33,4,pseudoword,low,brupe,5,4,internal,p,v,1.1333333333333333,0.49111,p,1,782.13
852,1127,41127,88,33,4,word,low,wing,4,4,external,g,k,1.1666666666666667,0.37222,g,1,645.68
852,2218,42218,90,33,4,pseudoword,high,vume,4,3,internal,m,n,4.666666666666667,0.6574,n,0,737.55
852,1125,41125,91,33,4,word,low,wage,4,3,internal,g,k,1.1666666666666667,0.37222,g,1,566.09
852,1119,41119,92,33,4,word,low,warm,4,4,external,m,t,1.0666666666666667,0.52674,t,0,730.3
852,3232,43232,93,33,4,consonant_string,high,vzldb,5,4,internal,d,c,3.566666666666667,0.66158,d,1,541.82
852,3228,43228,94,33,4,consonant_string,high,vjnf,4,4,external,f,l,4.033333333333333,0.60982,f,1,824.7
852,1246,41246,95,33,4,word,high,steal,5,5,external,l,k,2.8,0.53572,l,1,1013.93
852,1103,41103,96,33,4,word,low,shape,5,4,internal,p,v,1.1333333333333333,0.49111,p,1,567.14
852,2147,42147,97,33,4,pseudoword,low,jile,4,3,internal,l,s,1.1,0.4218,s,0,755.36
852,2210,42210,98,33,4,pseudoword,high,fard,4,4,external,d,p,5.096774193548387,0.48985,d,1,848.23
852,3143,43143,99,33,4,consonant_string,low,fbvr,4,4,external,r,d,1.3333333333333333,0.49182,r,1,716.11
852,3236,43236,101,33,4,consonant_string,high,hfwb,4,4,external,b,g,3.533333333333333,0.46543,b,1,935.33
852,1101,41101,102,33,4,word,low,snow,4,2,internal,n,t,1.1,0.6011,n,1,781.89
852,2246,42246,103,33,4,pseudoword,high,proal,5,5,external,l,k,2.8,0.53572,k,0,967.44
852,3133,43133,104,33,4,consonant_string,low,vkdj,4,3,internal,d,z,1.2333333333333334,0.52841,d,1,743.67
852,1202,41202,105,33,4,word,high,snip,4,2,internal,n,h,5.533333333333333,0.86536,h,0,949.56
852,3113,43113,106,33,4,consonant_string,low,rtcb,4,4,external,b,m,1.2333333333333334,0.5784,m,0,958.45
852,1222,41222,107,33,4,word,high,swag,4,4,external,g,p,4.5,0.55857,g,1,606.34
852,1115,41115,108,33,4,word,low,beam,4,4,external,m,t,1.0666666666666667,0.52674,m,1,934.22
852,3244,43244,109,33,4,consonant_string,high,qjfnd,5,4,internal,n,r,3.1333333333333333,0.62334,r,0,995.78
852,3230,43230,110,33,4,consonant_string,high,czhf,4,4,external,f,r,3.8,0.69632,r,0,704.67
852,2230,42230,112,33,4,pseudoword,high,zeaf,4,4,external,f,r,3.8,0.69632,r,0,885.55
852,2127,42127,113,33,4,pseudoword,low,reng,4,4,external,g,k,1.1666666666666667,0.37222,g,1,524.1
852,3131,43131,114,33,4,consonant_string,low,gjwds,5,4,internal,d,m,1.1333333333333333,0.58091,d,1,710.29
852,2143,42143,115,33,4,pseudoword,low,plur,4,4,external,r,d,1.3333333333333333,0.49182,d,0,604.87
852,2119,42119,116,33,4,pseudoword,low,chom,4,4,external,m,t,1.0666666666666667,0.52674,m,1,509.74
852,3103,43103,117,33,4,consonant_string,low,qsgpn,5,4,internal,p,v,1.1333333333333333,0.49111,p,1,561.93
852,1234,41234,118,33,4,word,high,pride,5,4,internal,d,c,3.566666666666667,0.66158,d,1,464.12
852,1133,41133,119,33,4,word,low,fade,4,3,internal,d,z,1.2333333333333334,0.52841,d,1,453.3
852,2234,42234,120,33,4,pseudoword,high,brode,5,4,internal,d,c,3.566666666666667,0.66158,d,1,589.16
852,2236,42236,121,33,4,pseudoword,high,plob,4,4,external,b,g,3.533333333333333,0.46543,b,1,897.7
852,3147,43147,123,33,4,consonant_string,low,gnlt,4,3,internal,l,s,1.1,0.4218,s,0,705.58
852,2111,42111,124,33,4,pseudoword,low,zoud,4,4,external,d,k,1.3333333333333333,0.3996,d,1,814.47
852,3208,43208,125,33,4,consonant_string,high,cvsd,4,4,external,d,p,5.096774193548387,0.48985,d,1,733.68
852,1113,41113,126,33,4,word,low,slab,4,4,external,b,m,1.2333333333333334,0.5784,b,1,645.22
852,1117,41117,127,33,4,word,low,scam,4,4,external,m,b,1.2333333333333334,0.5784,m,1,463.09
852,3242,43242,128,33,4,consonant_string,high,wktl,4,4,external,l,r,3.2580645161290325,0.56415,l,1,723.28
852,3141,43141,129,33,4,consonant_string,low,pqlt,4,3,internal,l,n,1.3666666666666667,0.46775,l,1,651.48
852,2232,42232,130,33,4,pseudoword,high,ghade,5,4,internal,d,c,3.566666666666667,0.66158,d,1,560.35
852,2220,42220,131,33,4,pseudoword,high,wote,4,3,internal,t,l,4.5,0.47576,t,1,568.55
852,1238,41238,132,33,4,word,high,date,4,3,internal,t,r,3.3666666666666667,0.59892,t,1,607.74
852,2101,42101,134,33,4,pseudoword,low,snum,4,2,internal,n,t,1.1,0.6011,n,1,568.95
852,1107,41107,135,33,4,word,low,read,4,4,external,d,r,1.3333333333333333,0.49182,d,1,658.13
852,2208,42208,136,33,4,pseudoword,high,vild,4,4,external,d,p,5.096774193548387,0.48985,d,1,765.01
852,3145,43145,137,33,4,consonant_string,low,hvwrt,5,4,internal,r,c,1.4,0.55867,r,1,643.22
852,1139,41139,138,33,4,word,low,spat,4,4,external,t,n,1.1,0.6011,t,1,570.08
852,2222,42222,139,33,4,pseudoword,high,sleg,4,4,external,g,p,4.5,0.55857,g,1,489.28
852,3127,43127,140,33,4,consonant_string,low,bvcg,4,4,external,g,k,1.1666666666666667,0.37222,g,1,531.8
852,2224,42224,141,33,4,pseudoword,high,jote,4,3,internal,t,l,4.5,0.47576,t,1,512.32
852,3246,43246,142,33,4,consonant_string,high,bfnsl,5,5,external,l,k,2.8,0.53572,k,0,746.53
852,2103,42103,143,33,4,pseudoword,low,frope,5,4,internal,p,v,1.1333333333333333,0.49111,p,1,514.39
852,1147,41147,2,33,4,word,low,bale,4,3,internal,l,s,1.1,0.4218,l,1,496.58
852,3212,43212,3,33,4,consonant_string,high,qmwp,4,4,external,p,d,5.096774193548387,0.48985,d,0,798.45
852,1230,41230,4,33,4,word,high,beef,4,4,external,f,r,3.8,0.69632,r,0,506.31
852,2212,42212,5,33,4,pseudoword,high,glip,4,4,external,p,d,5.096774193548387,0.48985,p,1,488.18
852,1141,41141,6,33,4,word,low,file,4,3,internal,l,n,1.3666666666666667,0.46775,l,1,597.7
852,3119,43119,7,33,4,consonant_string,low,gjkm,4,4,external,m,t,1.0666666666666667,0.52674,m,1,772.57
852,2216,42216,8,33,4,pseudoword,high,hime,4,3,internal,m,n,4.666666666666667,0.6574,m,1,479.77
852,2137,42137,9,33,4,pseudoword,low,blaw,4,4,external,w,p,1.1666666666666667,0.53452,w,1,650.3
852,2204,42204,10,33,4,pseudoword,high,swed,4,4,external,d,p,5.096774193548387,0.48985,d,1,474.16
852,1236,41236,11,33,4,word,high,stab,4,4,external,b,g,3.533333333333333,0.46543,b,1,555.34
852,1135,41135,13,33,4,word,low,drab,4,4,external,b,w,1.1,0.5109,w,0,817.21
852,2121,42121,14,33,4,pseudoword,low,quag,4,4,external,g,w,1.1666666666666667,0.52446,g,1,760.43
852,3101,43101,15,33,4,consonant_string,low,znsq,4,2,internal,n,t,1.1,0.6011,t,0,649.64
852,1240,41240,16,33,4,word,high,pole,4,3,internal,l,r,3.2580645161290325,0.56415,l,1,536.5
852,3206,43206,17,33,4,consonant_string,high,jbfzpq,6,5,internal,p,d,5.096774193548387,0.48985,p,1,885.05
852,2123,42123,18,33,4,pseudoword,low,blug,4,4,external,g,t,1.1333333333333333,0.44178,g,1,516.59
852,3105,43105,19,33,4,consonant_string,low,fcmpk,5,4,internal,p,v,1.1333333333333333,0.49111,p,1,1013.79
852,2145,42145,20,33,4,pseudoword,low,swork,5,4,internal,r,c,1.4,0.55867,r,1,708.02
852,3111,43111,21,33,4,consonant_string,low,srfd,4,4,external,d,k,1.3333333333333333,0.3996,d,1,599.23
852,1109,41109,22,33,4,word,low,seed,4,4,external,d,m,1.1333333333333333,0.58091,d,1,476.08
852,1105,41105,24,33,4,word,low,grape,5,4,internal,p,v,1.1333333333333333,0.49111,p,1,426.6
852,3234,43234,25,33,4,consonant_string,high,pfldr,5,4,internal,d,c,3.566666666666667,0.66158,d,1,533.12
852,3115,43115,26,33,4,consonant_string,low,sfdm,4,4,external,m,t,1.0666666666666667,0.52674,m,1,491.65
852,3202,43202,27,33,4,consonant_string,high,knfc,4,2,internal,n,h,5.533333333333333,0.86536,h,0,497.5
852,3121,43121,28,33,4,consonant_string,low,fqcg,4,4,external,g,w,1.1666666666666667,0.52446,g,1,478.36
852,1214,41214,29,33,4,word,high,rope,4,3,internal,p,b,5.066666666666666,0.70362,p,1,512.88
852,2115,42115,30,33,4,pseudoword,low,gulm,4,4,external,m,t,1.0666666666666667,0.52674,m,1,880.08
852,3109,43109,31,33,4,consonant_string,low,csbd,4,4,external,d,m,1.1333333333333333,0.58091,d,1,705.64
852,3248,43248,32,33,4,consonant_string,high,dhkw,4,3,internal,k,l,2.8,0.53572,k,1,514.5
852,1248,41248,33,33,4,word,high,sake,4,3,internal,k,l,2.8,0.53572,k,1,493.69
852,3226,43226,35,33,4,consonant_string,high,lqvg,4,4,external,g,d,4.1,0.62488,d,0,955.57
852,3224,43224,36,33,4,consonant_string,high,gpts,4,3,internal,t,l,4.5,0.47576,t,1,987.46
852,2226,42226,37,33,4,pseudoword,high,yeng,4,4,external,g,d,4.1,0.62488,g,1,797.02
852,1111,41111,38,33,4,word,low,lead,4,4,external,d,k,1.3333333333333333,0.3996,d,1,614.9
852,2131,42131,39,33,4,pseudoword,low,spode,5,4,internal,d,m,1.1333333333333333,0.58091,d,1,798.1
852,1123,41123,40,33,4,word,low,flag,4,4,external,g,t,1.1333333333333333,0.44178,g,1,489.97
852,2206,42206,41,33,4,pseudoword,high,strepe,6,5,internal,p,d,5.096774193548387,0.48985,p,1,571.49
852,1143,41143,42,33,4,word,low,moor,4,4,external,r,d,1.3333333333333333,0.49182,r,1,539.69
852,3210,43210,43,33,4,consonant_string,high,lsbd,4,4,external,d,p,5.096774193548387,0.48985,p,0,759.22
852,3218,43218,44,33,4,consonant_string,high,zsmj,4,3,internal,m,n,4.666666666666667,0.6574,n,0,616.43
852,1145,41145,46,33,4,word,low,spire,5,4,internal,r,c,1.4,0.55867,r,1,464.63
852,2129,42129,47,33,4,pseudoword,low,vofe,4,3,internal,f,n,1.2,0.53217,n,0,727.82
852,1242,41242,48,33,4,word,high,seal,4,4,external,l,r,3.2580645161290325,0.56415,l,1,545.36
852,3214,43214,49,33,4,consonant_string,high,klpj,4,3,internal,p,b,5.066666666666666,0.70362,b,0,1020.23
852,1208,41208,50,33,4,word,high,hood,4,4,external,d,p,5.096774193548387,0.48985,d,1,509.46
853,3110,13110,0,33,1,consonant_string,low,lsbd,4,4,external,d,k,1.3333333333333333,0.3996,d,1,984.0
853,1130,11130,56,33,1,word,low,beef,4,4,external,f,p,1.6333333333333333,0.41008,f,1,1085.57
853,2207,12207,67,33,1,pseudoword,high,nood,4,4,external,d,p,5.096774193548387,0.48985,d,1,773.14
853,2116,12116,78,33,1,pseudoword,low,hime,4,3,internal,m,l,1.0666666666666667,0.5113,m,1,993.36
853,3120,13120,89,33,1,consonant_string,low,pktv,4,3,internal,t,m,1.0666666666666667,0.52674,t,1,1009.26
853,2128,12128,100,33,1,pseudoword,low,goif,4,4,external,f,d,1.4333333333333333,0.51654,f,1,668.49
853,1108,11108,111,33,1,word,low,hood,4,4,external,d,k,1.3333333333333333,0.3996,d,1,689.69
853,1146,11146,122,33,1,word,low,steal,5,5,external,l,m,1.0666666666666667,0.5113,l,1,622.23
853,1102,11102,133,33,1,word,low,snip,4,2,internal,n,l,1.3666666666666667,0.46775,n,1,1023.45
853,3136,13136,1,33,1,consonant_string,low,hfwb,4,4,external,b,r,1.2666666666666666,0.51424,b,1,855.68
853,2201,12201,12,33,1,pseudoword,high,snum,4,2,internal,n,h,5.533333333333333,0.86536,h,0,1142.57
853,3227,13227,23,33,1,consonant_string,high,bvcg,4,4,external,g,d,4.1,0.62488,g,1,792.48
853,1140,11140,34,33,1,word,low,pole,4,3,internal,l,s,1.1,0.4218,l,1,811.37
853,1144,11144,45,33,1,word,low,stone,5,4,internal,n,k,1.5333333333333334,0.52768,n,1,672.58
853,3247,13247,51,33,1,consonant_string,high,gnlt,4,3,internal,l,k,2.8,0.53572,k,0,774.79
853,3221,13221,52,33,1,consonant_string,high,fqcg,4,4,external,g,p,4.5,0.55857,g,1,1769.04
853,1237,11237,53,33,1,word,high,stew,4,4,external,w,m,3.4,0.62127,m,0,1165.33
853,2229,12229,54,33,1,pseudoword,high,vofe,4,3,internal,f,r,3.8,0.69632,r,0,549.56
853,3215,13215,55,33,1,consonant_string,high,sfdm,4,4,external,m,n,4.666666666666667,0.6574,n,0,586.42
853,3104,13104,57,33,1,consonant_string,low,htwd,4,4,external,d,m,1.1333333333333333,0.58091,d,1,631.96
853,2215,12215,58,33,1,pseudoword,high,gulm,4,4,external,m,n,4.666666666666667,0.6574,n,0,648.5
853,1138,11138,59,33,1,word,low,date,4,3,internal,t,m,1.0666666666666667,0.52674,t,1,1080.38
853,2239,12239,60,33,1,pseudoword,high,glot,4,4,external,t,r,3.3666666666666667,0.59892,r,0,994.95
853,1217,11217,61,33,1,word,high,scam,4,4,external,m,n,4.666666666666667,0.6574,n,0,811.86
853,2233,12233,62,33,1,pseudoword,high,kide,4,3,internal,d,c,3.566666666666667,0.66158,d,1,1143.08
853,3146,13146,63,33,1,consonant_string,low,bfnsl,5,5,external,l,m,1.0666666666666667,0.5113,m,0,1455.01
853,2106,12106,64,33,1,pseudoword,low,strepe,6,5,internal,p,v,1.1333333333333333,0.49111,p,1,664.93
853,1112,11112,65,33,1,word,low,grip,4,4,external,p,t,1.3333333333333333,0.53002,p,1,568.14
853,2243,12243,66,33,1,pseudoword,high,plur,4,4,external,r,n,3.1333333333333333,0.62334,n,0,1227.35
853,3235,13235,68,33,1,consonant_string,high,mkrb,4,4,external,b,g,3.533333333333333,0.46543,b,1,895.93
853,1247,11247,69,33,1,word,high,bale,4,3,internal,l,k,2.8,0.53572,k,0,1077.84
853,1106,11106,70,33,1,word,low,stripe,6,5,internal,p,v,1.1333333333333333,0.49111,p,1,919.41
853,1128,11128,71,33,1,word,low,reef,4,4,external,f,d,1.4333333333333333,0.51654,f,1,782.63
853,2209,12209,72,33,1,pseudoword,high,glod,4,4,external,d,p,5.096774193548387,0.48985,p,0,1358.21
853,3140,13140,73,33,1,consonant_string,low,gtln,4,3,internal,l,s,1.1,0.4218,s,0,1921.18
853,3116,13116,74,33,1,consonant_string,low,fsmt,4,3,internal,m,l,1.0666666666666667,0.5113,m,1,817.45
853,2108,12108,75,33,1,pseudoword,low,vild,4,4,external,d,k,1.3333333333333333,0.3996,d,1,855.66
853,1207,11207,76,33,1,word,high,read,4,4,external,d,p,5.096774193548387,0.48985,p,0,677.54
853,3223,13223,77,33,1,consonant_string,high,vlbg,4,4,external,g,p,4.5,0.55857,g,1,1414.11
853,1209,11209,79,33,1,word,high,seed,4,4,external,d,p,5.096774193548387,0.48985,d,1,611.36
853,1148,11148,80,33,1,word,low,sake,4,3,internal,k,g,1.1666666666666667,0.37222,k,1,1009.58
853,2118,12118,81,33,1,pseudoword,low,vume,4,3,internal,m,l,1.0666666666666667,0.5113,m,1,1036.81
853,3114,13114,82,33,1,consonant_string,low,klpj,4,3,internal,p,s,1.2580645161290323,0.5767,p,1,1189.39
853,3239,13239,83,33,1,consonant_string,high,mvjt,4,4,external,t,r,3.3666666666666667,0.59892,r,0,1211.98
853,2213,12213,84,33,1,pseudoword,high,nalb,4,4,external,b,p,5.066666666666666,0.70362,b,1,1113.23
853,3124,13124,85,33,1,consonant_string,low,gpts,4,3,internal,t,d,1.3666666666666667,0.47786,t,1,1260.49
853,1223,11223,86,33,1,word,high,flag,4,4,external,g,p,4.5,0.55857,g,1,622.73
853,1122,11122,87,33,1,word,low,swag,4,4,external,g,n,1.7,0.55212,g,1,542.93
853,2225,12225,88,33,1,pseudoword,high,jege,4,3,internal,g,d,4.1,0.62488,g,1,1247.82
853,3138,13138,90,33,1,consonant_string,low,njtb,4,3,internal,t,m,1.0666666666666667,0.52674,m,0,974.73
853,1136,11136,91,33,1,word,low,stab,4,4,external,b,r,1.2666666666666666,0.51424,b,1,627.95
853,2245,12245,92,33,1,pseudoword,high,swork,5,4,internal,r,n,3.1333333333333333,0.62334,r,1,1664.52
853,2219,12219,93,33,1,pseudoword,high,chom,4,4,external,m,n,4.666666666666667,0.6574,n,0,731.79
853,3211,13211,94,33,1,consonant_string,high,srfd,4,4,external,d,p,5.096774193548387,0.48985,d,1,567.33
853,1203,11203,95,33,1,word,high,shape,5,4,internal,p,d,5.096774193548387,0.48985,p,1,673.53
853,3142,13142,96,33,1,consonant_string,low,wktl,4,4,external,l,m,1.0666666666666667,0.5113,m,0,1305.77
853,1243,11243,97,33,1,word,high,moor,4,4,external,r,n,3.1333333333333333,0.62334,n,0,891.67
853,1239,11239,98,33,1,word,high,spat,4,4,external,t,r,3.3666666666666667,0.59892,r,0,639.55
853,2211,12211,99,33,1,pseudoword,high,zoud,4,4,external,d,p,5.096774193548387,0.48985,d,1,1352.12
853,1229,11229,101,33,1,word,high,wife,4,3,internal,f,r,3.8,0.69632,r,0,723.03
853,3213,13213,102,33,1,consonant_string,high,rtcb,4,4,external,b,p,5.066666666666666,0.70362,b,1,724.25
853,2142,12142,103,33,1,pseudoword,low,drol,4,4,external,l,m,1.0666666666666667,0.5113,l,1,900.47
853,2120,12120,104,33,1,pseudoword,low,wote,4,3,internal,t,m,1.0666666666666667,0.52674,m,0,1095.36
853,2148,12148,105,33,1,pseudoword,low,zoke,4,3,internal,k,g,1.1666666666666667,0.37222,k,1,1212.28
853,3203,13203,106,33,1,consonant_string,high,qsgpn,5,4,internal,p,d,5.096774193548387,0.48985,p,1,758.52
853,1227,11227,107,33,1,word,high,wing,4,4,external,g,d,4.1,0.62488,g,1,587.39
853,3231,13231,108,33,1,consonant_string,high,gjwds,5,4,internal,d,c,3.566666666666667,0.66158,c,0,1018.94
853,2144,12144,109,33,1,pseudoword,low,slone,5,4,internal,n,k,1.5333333333333334,0.52768,n,1,608.16
853,1132,11132,110,33,1,word,low,spade,5,4,internal,d,r,1.3333333333333333,0.49182,d,1,707.03
853,2132,12132,112,33,1,pseudoword,low,ghade,5,4,internal,d,r,1.3333333333333333,0.49182,d,1,585.9
853,3148,13148,113,33,1,consonant_string,low,dhkw,4,3,internal,k,g,1.1666666666666667,0.37222,k,1,676.43
853,3233,13233,114,33,1,consonant_string,high,vkdj,4,3,internal,d,c,3.566666666666667,0.66158,c,0,1214.99
853,1219,11219,115,33,1,word,high,warm,4,4,external,m,n,4.666666666666667,0.6574,m,1,741.1
853,2146,12146,116,33,1,pseudoword,low,proal,5,5,external,l,m,1.0666666666666667,0.5113,l,1,1144.99
853,2203,12203,117,33,1,pseudoword,high,frope,5,4,internal,p,d,5.096774193548387,0.48985,p,1,498.89
853,2205,12205,118,33,1,pseudoword,high,brupe,5,4,internal,p,d,5.096774193548387,0.48985,p,1,740.75
853,3207,13207,119,33,1,consonant_string,high,qvsd,4,4,external,d,p,5.096774193548387,0.48985,d,1,607.28
853,3229,13229,120,33,1,consonant_string,high,dtfh,4,3,internal,f,r,3.8,0.69632,r,0,583.15
853,3106,13106,121,33,1,consonant_string,low,jbfzpq,6,5,internal,p,v,1.1333333333333333,0.49111,p,1,619.69
853,2104,12104,123,33,1,pseudoword,low,swed,4,4,external,d,m,1.1333333333333333,0.58091,d,1,543.88
853,2114,12114,124,33,1,pseudoword,low,dape,4,3,internal,p,s,1.2580645161290323,0.5767,p,1,599.74
853,2140,12140,125,33,1,pseudoword,low,hule,4,3,internal,l,s,1.1,0.4218,l,1,586.61
853,2247,12247,126,33,1,pseudoword,high,jile,4,3,internal,l,k,2.8,0.53572,l,1,646.14
853,1233,11233,127,33,1,word,high,fade,4,3,internal,d,c,3.566666666666667,0.66158,d,1,648.01
853,3237,13237,128,33,1,consonant_string,high,gbcw,4,4,external,w,m,3.4,0.62127,m,0,1955.93
853,1120,11120,129,33,1,word,low,gate,4,3,internal,t,m,1.0666666666666667,0.52674,t,1,561.87
853,1231,11231,130,33,1,word,high,slide,5,4,internal,d,c,3.566666666666667,0.66158,d,1,461.07
853,3241,13241,131,33,1,consonant_string,high,pqlt,4,3,internal,l,r,3.2580645161290325,0.56415,r,0,692.26
853,3205,13205,132,33,1,consonant_string,high,fcmpk,5,4,internal,p,d,5.096774193548387,0.48985,p,1,830.14
853,3245,13245,134,33,1,consonant_string,high,hvwrt,5,4,internal,r,n,3.1333333333333333,0.62334,r,1,905.7
853,1205,11205,135,33,1,word,high,grape,5,4,internal,p,d,5.096774193548387,0.48985,p,1,549.58
853,2112,12112,136,33,1,pseudoword,low,glip,4,4,external,p,t,1.3333333333333333,0.53002,p,1,522.44
853,3108,13108,137,33,1,consonant_string,low,cvsd,4,4,external,d,k,1.3333333333333333,0.3996,d,1,561.63
853,1213,11213,138,33,1,word,high,slab,4,4,external,b,p,5.066666666666666,0.70362,b,1,1169.84
853,1245,11245,139,33,1,word,high,spire,5,4,internal,r,n,3.1333333333333333,0.62334,r,1,682.08
853,1126,11126,140,33,1,word,low,bang,4,4,external,g,k,1.1666666666666667,0.37222,g,1,600.61
853,3132,13132,141,33,1,consonant_string,low,vzldb,5,4,internal,d,r,1.3333333333333333,0.49182,r,0,601.49
853,3128,13128,142,33,1,consonant_string,low,vjnf,4,4,external,f,d,1.4333333333333333,0.51654,d,0,713.36
853,2237,12237,143,33,1,pseudoword,high,blaw,4,4,external,w,m,3.4,0.62127,w,1,569.55
853,3217,13217,2,33,1,consonant_string,high,htjm,4,4,external,m,n,4.666666666666667,0.6574,m,1,1188.77
853,3209,13209,3,33,1,consonant_string,high,csbd,4,4,external,d,p,5.096774193548387,0.48985,d,1,788.35
853,3130,13130,4,33,1,consonant_string,low,czhf,4,4,external,f,p,1.6333333333333333,0.41008,p,0,669.88
853,1114,11114,5,33,1,word,low,rope,4,3,internal,p,s,1.2580645161290323,0.5767,p,1,518.09
853,1118,11118,6,33,1,word,low,home,4,3,internal,m,l,1.0666666666666667,0.5113,m,1,510.28
853,3134,13134,7,33,1,consonant_string,low,pfldr,5,4,internal,d,m,1.1333333333333333,0.58091,d,1,466.47
853,3102,13102,8,33,1,consonant_string,low,knfc,4,2,internal,n,l,1.3666666666666667,0.46775,n,1,1060.68
853,3201,13201,9,33,1,consonant_string,high,znsq,4,2,internal,n,h,5.533333333333333,0.86536,n,1,731.91
853,3122,13122,10,33,1,consonant_string,low,wbjg,4,4,external,g,n,1.7,0.55212,g,1,963.45
853,2126,12126,11,33,1,pseudoword,low,yeng,4,4,external,g,k,1.1666666666666667,0.37222,g,1,572.68
853,1235,11235,13,33,1,word,high,drab,4,4,external,b,g,3.533333333333333,0.46543,b,1,698.88
853,2110,12110,14,33,1,pseudoword,low,fard,4,4,external,d,k,1.3333333333333333,0.3996,d,1,478.74
853,1215,11215,15,33,1,word,high,beam,4,4,external,m,n,4.666666666666667,0.6574,n,0,1052.28
853,3243,13243,16,33,1,consonant_string,high,fbvr,4,4,external,r,n,3.1333333333333333,0.62334,n,0,1601.22
853,1225,11225,17,33,1,word,high,wage,4,3,internal,g,d,4.1,0.62488,g,1,497.13
853,1221,11221,18,33,1,word,high,flog,4,4,external,g,p,4.5,0.55857,g,1,638.0
853,1211,11211,19,33,1,word,high,lead,4,4,external,d,p,5.096774193548387,0.48985,d,1,498.53
853,3112,13112,20,33,1,consonant_string,low,qmwp,4,4,external,p,t,1.3333333333333333,0.53002,p,1,578.38
853,2138,12138,21,33,1,pseudoword,low,jite,4,3,internal,t,m,1.0666666666666667,0.52674,t,1,1319.94
853,2122,12122,22,33,1,pseudoword,low,sleg,4,4,external,g,n,1.7,0.55212,g,1,710.18
853,2231,12231,24,33,1,pseudoword,high,spode,5,4,internal,d,c,3.566666666666667,0.66158,d,1,625.38
853,1110,11110,25,33,1,word,low,weed,4,4,external,d,k,1.3333333333333333,0.3996,d,1,515.92
853,3126,13126,26,33,1,consonant_string,low,lqvg,4,4,external,g,k,1.1666666666666667,0.37222,g,1,406.11
853,1116,11116,27,33,1,word,low,mime,4,3,internal,m,l,1.0666666666666667,0.5113,m,1,628.96
853,3118,13118,28,33,1,consonant_string,low,zsmj,4,3,internal,m,l,1.0666666666666667,0.5113,l,0,1233.53
853,1142,11142,29,33,1,word,low,seal,4,4,external,l,m,1.0666666666666667,0.5113,l,1,1137.11
853,2241,12241,30,33,1,pseudoword,high,bule,4,3,internal,l,r,3.2580645161290325,0.56415,r,0,493.66
853,1241,11241,31,33,1,word,high,file,4,3,internal,l,r,3.2580645161290325,0.56415,l,1,443.52
853,2221,12221,32,33,1,pseudoword,high,quag,4,4,external,g,p,4.5,0.55857,g,1,534.37
853,1201,11201,33,33,1,word,high,snow,4,2,internal,n,h,5.533333333333333,0.86536,n,1,920.91
853,2235,12235,35,33,1,pseudoword,high,frab,4,4,external,b,g,3.533333333333333,0.46543,b,1,580.13
853,3144,13144,36,33,1,consonant_string,low,qjfnd,5,4,internal,n,k,1.5333333333333334,0.52768,n,1,1113.68
853,2130,12130,37,33,1,pseudoword,low,zeaf,4,4,external,f,p,1.6333333333333333,0.41008,f,1,1058.92
853,2102,12102,38,33,1,pseudoword,low,snad,4,2,internal,n,l,1.3666666666666667,0.46775,n,1,936.16
853,2227,12227,39,33,1,pseudoword,high,reng,4,4,external,g,d,4.1,0.62488,g,1,626.7
853,2124,12124,40,33,1,pseudoword,low,jote,4,3,internal,t,d,1.3666666666666667,0.47786,d,0,654.25
853,2136,12136,41,33,1,pseudoword,low,plob,4,4,external,b,r,1.2666666666666666,0.51424,b,1,609.11
853,1104,11104,42,33,1,word,low,skid,4,4,external,d,m,1.1333333333333333,0.58091,d,1,504.31
853,2223,12223,43,33,1,pseudoword,high,blug,4,4,external,g,p,4.5,0.55857,g,1,653.17
853,2134,12134,44,33,1,pseudoword,low,brode,5,4,internal,d,m,1.1333333333333333,0.58091,d,1,482.04
853,1134,11134,46,33,1,word,low,pride,5,4,internal,d,m,1.1333333333333333,0.58091,d,1,534.55
853,1124,11124,47,33,1,word,low,bite,4,3,internal,t,d,1.3666666666666667,0.47786,d,0,518.09
853,3225,13225,48,33,1,consonant_string,high,fhgv,4,3,internal,g,d,4.1,0.62488,g,1,891.28
853,2217,12217,49,33,1,pseudoword,high,plim,4,4,external,m,n,4.666666666666667,0.6574,n,0,531.16
853,3219,13219,50,33,1,consonant_string,high,gjkm,4,4,external,m,n,4.666666666666667,0.6574,n,0,833.69
854,2218,22218,0,33,2,pseudoword,high,vume,4,3,internal,m,n,4.666666666666667,0.6574,m,1,1679.14
854,1202,21202,56,33,2,word,high,snip,4,2,internal,n,h,5.533333333333333,0.86536,h,0,1470.77
854,3242,23242,67,33,2,consonant_string,high,wktl,4,4,external,l,r,3.2580645161290325,0.56415,r,0,1348.05
854,1105,21105,78,33,2,word,low,grape,5,4,internal,p,v,1.1333333333333333,0.49111,p,1,852.96
854,3244,23244,89,33,2,consonant_string,high,qjfnd,5,4,internal,n,r,3.1333333333333333,0.62334,r,0,1107.86
854,1101,21101,100,33,2,word,low,snow,4,2,internal,n,t,1.1,0.6011,n,1,1050.1
854,1242,21242,111,33,2,word,high,seal,4,4,external,l,r,3.2580645161290325,0.56415,l,1,1011.01
854,3139,23139,122,33,2,consonant_string,low,mvjt,4,4,external,t,n,1.1,0.6011,n,0,1776.28
854,3208,23208,133,33,2,consonant_string,high,cvsd,4,4,external,d,p,5.096774193548387,0.48985,d,1,739.88
854,3204,23204,1,33,2,consonant_string,high,htwd,4,4,external,d,p,5.096774193548387,0.48985,p,0,1098.44
854,1111,21111,12,33,2,word,low,lead,4,4,external,d,k,1.3333333333333333,0.3996,d,1,696.33
854,3238,23238,23,33,2,consonant_string,high,njtb,4,3,internal,t,r,3.3666666666666667,0.59892,r,0,1648.24
854,3141,23141,34,33,2,consonant_string,low,pqlt,4,3,internal,l,n,1.3666666666666667,0.46775,l,1,1343.2
854,2113,22113,45,33,2,pseudoword,low,nalb,4,4,external,b,m,1.2333333333333334,0.5784,m,0,1087.13
854,1224,21224,51,33,2,word,high,bite,4,3,internal,t,l,4.5,0.47576,t,1,1280.71
854,2137,22137,52,33,2,pseudoword,low,blaw,4,4,external,w,p,1.1666666666666667,0.53452,w,1,774.28
854,1131,21131,53,33,2,word,low,slide,5,4,internal,d,m,1.1333333333333333,0.58091,d,1,863.5
854,1135,21135,54,33,2,word,low,drab,4,4,external,b,w,1.1,0.5109,b,1,1906.77
854,2105,22105,55,33,2,pseudoword,low,brupe,5,4,internal,p,v,1.1333333333333333,0.49111,p,1,764.71
854,1244,21244,57,33,2,word,high,stone,5,4,internal,n,r,3.1333333333333333,0.62334,r,0,859.92
854,1220,21220,58,33,2,word,high,gate,4,3,internal,t,l,4.5,0.47576,t,1,2012.2
854,1222,21222,59,33,2,word,high,swag,4,4,external,g,p,4.5,0.55857,g,1,680.47
854,3133,23133,60,33,2,consonant_string,low,vkdj,4,3,internal,d,z,1.2333333333333334,0.52841,z,0,678.01
854,1228,21228,61,33,2,word,high,reef,4,4,external,f,l,4.033333333333333,0.60982,l,0,1346.58
854,2228,22228,62,33,2,pseudoword,high,goif,4,4,external,f,l,4.033333333333333,0.60982,f,1,769.48
854,2125,22125,63,33,2,pseudoword,low,jege,4,3,internal,g,k,1.1666666666666667,0.37222,g,1,1936.75
854,1240,21240,64,33,2,word,high,pole,4,3,internal,l,r,3.2580645161290325,0.56415,l,1,1272.38
854,2224,22224,65,33,2,pseudoword,high,jote,4,3,internal,t,l,4.5,0.47576,t,1,627.61
854,1232,21232,66,33,2,word,high,spade,5,4,internal,d,c,3.566666666666667,0.66158,c,0,741.16
854,3109,23109,68,33,2,consonant_string,low,csbd,4,4,external,d,m,1.1333333333333333,0.58091,d,1,725.03
854,1103,21103,69,33,2,word,low,shape,5,4,internal,p,v,1.1333333333333333,0.49111,p,1,694.23
854,1238,21238,70,33,2,word,high,date,4,3,internal,t,r,3.3666666666666667,0.59892,t,1,1133.13
854,2109,22109,71,33,2,pseudoword,low,glod,4,4,external,d,m,1.1333333333333333,0.58091,d,1,720.69
854,2226,22226,72,33,2,pseudoword,high,yeng,4,4,external,g,d,4.1,0.62488,g,1,899.91
854,3137,23137,73,33,2,consonant_string,low,gbcw,4,4,external,w,p,1.1666666666666667,0.53452,w,1,723.8
854,2145,22145,74,33,2,pseudoword,low,swork,5,4,internal,r,c,1.4,0.55867,c,0,1464.04
854,3105,23105,75,33,2,consonant_string,low,fcmpk,5,4,internal,p,v,1.1333333333333333,0.49111,v,0,1361.31
854,1226,21226,76,33,2,word,high,bang,4,4,external,g,d,4.1,0.62488,g,1,730.56
854,1204,21204,77,33,2,word,high,skid,4,4,external,d,p,5.096774193548387,0.48985,d,1,721.1
854,3131,23131,79,33,2,consonant_string,low,gjwds,5,4,internal,d,m,1.1333333333333333,0.58091,d,1,975.32
854,2107,22107,80,33,2,pseudoword,low,nood,4,4,external,d,r,1.3333333333333333,0.49182,d,1,592.87
854,1127,21127,81,33,2,word,low,wing,4,4,external,g,k,1.1666666666666667,0.37222,g,1,611.73
854,1218,21218,82,33,2,word,high,home,4,3,internal,m,n,4.666666666666667,0.6574,m,1,697.94
854,3226,23226,83,33,2,consonant_string,high,lqvg,4,4,external,g,d,4.1,0.62488,g,1,815.82
854,2248,22248,84,33,2,pseudoword,high,zoke,4,3,internal,k,l,2.8,0.53572,k,1,1349.07
854,3216,23216,85,33,2,consonant_string,high,fsmt,4,3,internal,m,n,4.666666666666667,0.6574,m,1,754.97
854,1212,21212,86,33,2,word,high,grip,4,4,external,p,d,5.096774193548387,0.48985,p,1,652.44
854,1141,21141,87,33,2,word,low,file,4,3,internal,l,n,1.3666666666666667,0.46775,l,1,1102.73
854,3145,23145,88,33,2,consonant_string,low,hvwrt,5,4,internal,r,c,1.4,0.55867,r,1,848.63
854,1214,21214,90,33,2,word,high,rope,4,3,internal,p,b,5.066666666666666,0.70362,p,1,540.51
854,1109,21109,91,33,2,word,low,seed,4,4,external,d,m,1.1333333333333333,0.58091,d,1,587.03
854,3218,23218,92,33,2,consonant_string,high,zsmj,4,3,internal,m,n,4.666666666666667,0.6574,n,0,1245.59
854,2147,22147,93,33,2,pseudoword,low,jile,4,3,internal,l,s,1.1,0.4218,l,1,859.5
854,3236,23236,94,33,2,consonant_string,high,hfwb,4,4,external,b,g,3.533333333333333,0.46543,g,0,594.71
854,1246,21246,95,33,2,word,high,steal,5,5,external,l,k,2.8,0.53572,k,0,645.58
854,2246,22246,96,33,2,pseudoword,high,proal,5,5,external,l,k,2.8,0.53572,l,1,629.45
854,2216,22216,97,33,2,pseudoword,high,hime,4,3,internal,m,n,4.666666666666667,0.6574,m,1,551.98
854,2204,22204,98,33,2,pseudoword,high,swed,4,4,external,d,p,5.096774193548387,0.48985,p,0,973.85
854,2121,22121,99,33,2,pseudoword,low,quag,4,4,external,g,w,1.1666666666666667,0.52446,g,1,489.06
854,2115,22115,101,33,2,pseudoword,low,gulm,4,4,external,m,t,1.0666666666666667,0.52674,t,0,1162.62
854,3143,23143,102,33,2,consonant_string,low,fbvr,4,4,external,r,d,1.3333333333333333,0.49182,d,0,817.85
854,2244,22244,103,33,2,pseudoword,high,slone,5,4,internal,n,r,3.1333333333333333,0.62334,r,0,753.07
854,1129,21129,104,33,2,word,low,wife,4,3,internal,f,n,1.2,0.53217,n,0,917.95
854,2234,22234,105,33,2,pseudoword,high,brode,5,4,internal,d,c,3.566666666666667,0.66158,d,1,1280.2
854,2202,22202,106,33,2,pseudoword,high,snad,4,2,internal,n,h,5.533333333333333,0.86536,h,0,1285.79
854,2141,22141,107,33,2,pseudoword,low,bule,4,3,internal,l,n,1.3666666666666667,0.46775,l,1,1039.37
854,1121,21121,108,33,2,word,low,flog,4,4,external,g,w,1.1666666666666667,0.52446,g,1,529.93
854,1234,21234,109,33,2,word,high,pride,5,4,internal,d,c,3.566666666666667,0.66158,d,1,636.46
854,1145,21145,110,33,2,word,low,spire,5,4,internal,r,c,1.4,0.55867,c,0,552.99
854,1230,21230,112,33,2,word,high,beef,4,4,external,f,r,3.8,0.69632,r,0,491.84
854,1236,21236,113,33,2,word,high,stab,4,4,external,b,g,3.533333333333333,0.46543,g,0,974.72
854,3240,23240,114,33,2,consonant_string,high,gtln,4,3,internal,l,r,3.2580645161290325,0.56415,l,1,689.93
854,1117,21117,115,33,2,word,low,scam,4,4,external,m,b,1.2333333333333334,0.5784,b,0,1010.27
854,2111,22111,116,33,2,pseudoword,low,zoud,4,4,external,d,k,1.3333333333333333,0.3996,d,1,559.49
854,2117,22117,117,33,2,pseudoword,low,plim,4,4,external,m,b,1.2333333333333334,0.5784,m,1,613.68
854,2220,22220,118,33,2,pseudoword,high,wote,4,3,internal,t,l,4.5,0.47576,l,0,1891.94
854,3113,23113,119,33,2,consonant_string,low,rtcb,4,4,external,b,m,1.2333333333333334,0.5784,b,1,1195.9
854,2240,22240,120,33,2,pseudoword,high,hule,4,3,internal,l,r,3.2580645161290325,0.56415,r,0,967.8
854,1139,21139,121,33,2,word,low,spat,4,4,external,t,n,1.1,0.6011,t,1,729.03
854,3119,23119,123,33,2,consonant_string,low,gjkm,4,4,external,m,t,1.0666666666666667,0.52674,m,1,664.57
854,2101,22101,124,33,2,pseudoword,low,snum,4,2,internal,n,t,1.1,0.6011,t,0,828.79
854,1119,21119,125,33,2,word,low,warm,4,4,external,m,t,1.0666666666666667,0.52674,m,1,700.34
854,2123,22123,126,33,2,pseudoword,low,blug,4,4,external,g,t,1.1333333333333333,0.44178,g,1,520.2
854,2131,22131,127,33,2,pseudoword,low,spode,5,4,internal,d,m,1.1333333333333333,0.58091,d,1,697.39
854,1210,21210,128,33,2,word,high,weed,4,4,external,d,p,5.096774193548387,0.48985,d,1,570.26
854,2208,22208,129,33,2,pseudoword,high,vild,4,4,external,d,p,5.096774193548387,0.48985,d,1,791.46
854,3107,23107,130,33,2,consonant_string,low,qvsd,4,4,external,d,r,1.3333333333333333,0.49182,r,0,575.34
854,3125,23125,131,33,2,consonant_string,low,fhgv,4,3,internal,g,k,1.1666666666666667,0.37222,g,1,884.88
854,2139,22139,132,33,2,pseudoword,low,glot,4,4,external,t,n,1.1,0.6011,n,0,1328.45
854,2119,22119,134,33,2,pseudoword,low,chom,4,4,external,m,t,1.0666666666666667,0.52674,t,0,997.05
854,2129,22129,135,33,2,pseudoword,low,vofe,4,3,internal,f,n,1.2,0.53217,n,0,2166.99
854,3121,23121,136,33,2,consonant_string,low,fqcg,4,4,external,g,w,1.1666666666666667,0.52446,g,1,597.28
854,1206,21206,137,33,2,word,high,stripe,6,5,internal,p,d,5.096774193548387,0.48985,p,1,686.15
854,1147,21147,138,33,2,word,low,bale,4,3,internal,l,s,1.1,0.4218,l,1,849.69
854,1137,21137,139,33,2,word,low,stew,4,4,external,w,p,1.1666666666666667,0.53452,w,1,711.58
854,2230,22230,140,33,2,pseudoword,high,zeaf,4,4,external,f,r,3.8,0.69632,r,0,570.77
854,1216,21216,141,33,2,word,high,mime,4,3,internal,m,n,4.666666666666667,0.6574,n,0,712.98
854,2242,22242,142,33,2,pseudoword,high,drol,4,4,external,l,r,3.2580645161290325,0.56415,l,1,911.19
854,3224,23224,143,33,2,consonant_string,high,gpts,4,3,internal,t,l,4.5,0.47576,t,1,720.41
854,3210,23210,2,33,2,consonant_string,high,lsbd,4,4,external,d,p,5.096774193548387,0.48985,d,1,714.62
854,2127,22127,3,33,2,pseudoword,low,reng,4,4,external,g,k,1.1666666666666667,0.37222,g,1,755.84
854,3135,23135,4,33,2,consonant_string,low,mkrb,4,4,external,b,w,1.1,0.5109,b,1,1198.75
854,1248,21248,5,33,2,word,high,sake,4,3,internal,k,l,2.8,0.53572,k,1,656.63
854,3220,23220,6,33,2,consonant_string,high,pktv,4,3,internal,t,l,4.5,0.47576,t,1,709.5
854,3246,23246,7,33,2,consonant_string,high,bfnsl,5,5,external,l,k,2.8,0.53572,k,0,1805.76
854,3222,23222,8,33,2,consonant_string,high,wbjg,4,4,external,g,p,4.5,0.55857,g,1,667.68
854,3111,23111,9,33,2,consonant_string,low,srfd,4,4,external,d,k,1.3333333333333333,0.3996,d,1,908.9
854,3214,23214,10,33,2,consonant_string,high,klpj,4,3,internal,p,b,5.066666666666666,0.70362,p,1,830.12
854,2206,22206,11,33,2,pseudoword,high,strepe,6,5,internal,p,d,5.096774193548387,0.48985,p,1,1059.68
854,1143,21143,13,33,2,word,low,moor,4,4,external,r,d,1.3333333333333333,0.49182,r,1,748.92
854,2103,22103,14,33,2,pseudoword,low,frope,5,4,internal,p,v,1.1333333333333333,0.49111,p,1,557.79
854,2236,22236,15,33,2,pseudoword,high,plob,4,4,external,b,g,3.533333333333333,0.46543,g,0,763.99
854,1115,21115,16,33,2,word,low,beam,4,4,external,m,t,1.0666666666666667,0.52674,m,1,907.21
854,2214,22214,17,33,2,pseudoword,high,dape,4,3,internal,p,b,5.066666666666666,0.70362,p,1,730.1
854,3127,23127,18,33,2,consonant_string,low,bvcg,4,4,external,g,k,1.1666666666666667,0.37222,g,1,699.64
854,1107,21107,19,33,2,word,low,read,4,4,external,d,r,1.3333333333333333,0.49182,d,1,731.51
854,3103,23103,20,33,2,consonant_string,low,qsgpn,5,4,internal,p,v,1.1333333333333333,0.49111,p,1,857.06
854,2222,22222,21,33,2,pseudoword,high,sleg,4,4,external,g,p,4.5,0.55857,g,1,847.95
854,3117,23117,22,33,2,consonant_string,low,htjm,4,4,external,m,b,1.2333333333333334,0.5784,m,1,921.85
854,1113,21113,24,33,2,word,low,slab,4,4,external,b,m,1.2333333333333334,0.5784,b,1,652.05
854,3232,23232,25,33,2,consonant_string,high,vzldb,5,4,internal,d,c,3.566666666666667,0.66158,d,1,799.93
854,3123,23123,26,33,2,consonant_string,low,vlbg,4,4,external,g,t,1.1333333333333333,0.44178,g,1,737.81
854,2238,22238,27,33,2,pseudoword,high,jite,4,3,internal,t,r,3.3666666666666667,0.59892,t,1,827.36
854,3228,23228,28,33,2,consonant_string,high,vjnf,4,4,external,f,l,4.033333333333333,0.60982,f,1,1633.96
854,2212,22212,29,33,2,pseudoword,high,glip,4,4,external,p,d,5.096774193548387,0.48985,p,1,565.53
854,2135,22135,30,33,2,pseudoword,low,frab,4,4,external,b,w,1.1,0.5109,b,1,764.74
854,1125,21125,31,33,2,word,low,wage,4,3,internal,g,k,1.1666666666666667,0.37222,g,1,691.95
854,2232,22232,32,33,2,pseudoword,high,ghade,5,4,internal,d,c,3.566666666666667,0.66158,d,1,938.84
854,2210,22210,33,33,2,pseudoword,high,fard,4,4,external,d,p,5.096774193548387,0.48985,d,1,601.38
854,3230,23230,35,33,2,consonant_string,high,czhf,4,4,external,f,r,3.8,0.69632,r,0,1030.27
854,2133,22133,36,33,2,pseudoword,low,kide,4,3,internal,d,z,1.2333333333333334,0.52841,d,1,651.83
854,3147,23147,37,33,2,consonant_string,low,gnlt,4,3,internal,l,s,1.1,0.4218,l,1,1109.71
854,3212,23212,38,33,2,consonant_string,high,qmwp,4,4,external,p,d,5.096774193548387,0.48985,p,1,528.93
854,3115,23115,39,33,2,consonant_string,low,sfdm,4,4,external,m,t,1.0666666666666667,0.52674,m,1,756.47
854,2143,22143,40,33,2,pseudoword,low,plur,4,4,external,r,d,1.3333333333333333,0.49182,d,0,588.34
854,3202,23202,41,33,2,consonant_string,high,knfc,4,2,internal,n,h,5.533333333333333,0.86536,h,0,910.89
854,1123,21123,42,33,2,word,low,flag,4,4,external,g,t,1.1333333333333333,0.44178,g,1,540.1
854,3101,23101,43,33,2,consonant_string,low,znsq,4,2,internal,n,t,1.1,0.6011,t,0,899.64
854,1208,21208,44,33,2,word,high,hood,4,4,external,d,p,5.096774193548387,0.48985,d,1,586.51
854,3206,23206,46,33,2,consonant_string,high,jbfzpq,6,5,internal,p,d,5.096774193548387,0.48985,p,1,643.04
854,3234,23234,47,33,2,consonant_string,high,pfldr,5,4,internal,d,c,3.566666666666667,0.66158,d,1,704.92
854,3129,23129,48,33,2,consonant_string,low,dtfh,4,3,internal,f,n,1.2,0.53217,n,0,1501.83
854,3248,23248,49,33,2,consonant_string,high,dhkw,4,3,internal,k,l,2.8,0.53572,k,1,825.76
854,1133,21133,50,33,2,word,low,fade,4,3,internal,d,z,1.2333333333333334,0.52841,d,1,2060.36
855,2245,32245,0,50,3,pseudoword,high,swork,5,4,internal,r,n,3.1333333333333333,0.62334,n,0,1189.7
855,3148,33148,56,50,3,consonant_string,low,dhkw,4,3,internal,k,g,1.1666666666666667,0.37222,k,1,1005.6
855,2136,32136,67,50,3,pseudoword,low,plob,4,4,external,b,r,1.2666666666666666,0.51424,b,1,743.82
855,1134,31134,78,50,3,word,low,pride,5,4,internal,d,m,1.1333333333333333,0.58091,d,1,588.01
855,3201,33201,89,50,3,consonant_string,high,znsq,4,2,internal,n,h,5.533333333333333,0.86536,n,1,1033.89
855,3211,33211,100,50,3,consonant_string,high,srfd,4,4,external,d,p,5.096774193548387,0.48985,p,0,1198.81
855,2235,32235,111,50,3,pseudoword,high,frab,4,4,external,b,g,3.533333333333333,0.46543,g,0,1747.07
855,2209,32209,122,50,3,pseudoword,high,glod,4,4,external,d,p,5.096774193548387,0.48985,d,1,958.34
855,2104,32104,133,50,3,pseudoword,low,swed,4,4,external,d,m,1.1333333333333333,0.58091,d,1,616.55
855,3207,33207,1,50,3,consonant_string,high,qvsd,4,4,external,d,p,5.096774193548387,0.48985,p,0,921.09
855,2138,32138,12,50,3,pseudoword,low,jite,4,3,internal,t,m,1.0666666666666667,0.52674,t,1,955.65
855,1104,31104,23,50,3,word,low,skid,4,4,external,d,m,1.1333333333333333,0.58091,d,1,863.87
855,3126,33126,34,50,3,consonant_string,low,lqvg,4,4,external,g,k,1.1666666666666667,0.37222,g,1,585.41
855,2106,32106,45,50,3,pseudoword,low,strepe,6,5,internal,p,v,1.1333333333333333,0.49111,p,1,863.28
855,1217,31217,51,50,3,word,high,scam,4,4,external,m,n,4.666666666666667,0.6574,m,1,833.84
855,1148,31148,52,50,3,word,low,sake,4,3,internal,k,g,1.1666666666666667,0.37222,k,1,506.7
855,1112,31112,53,50,3,word,low,grip,4,4,external,p,t,1.3333333333333333,0.53002,p,1,538.89
855,1130,31130,54,50,3,word,low,beef,4,4,external,f,p,1.6333333333333333,0.41008,f,1,503.74
855,2132,32132,55,50,3,pseudoword,low,ghade,5,4,internal,d,r,1.3333333333333333,0.49182,d,1,520.93
855,3237,33237,57,50,3,consonant_string,high,gbcw,4,4,external,w,m,3.4,0.62127,w,1,705.46
855,2146,32146,58,50,3,pseudoword,low,proal,5,5,external,l,m,1.0666666666666667,0.5113,m,0,1167.68
855,1122,31122,59,50,3,word,low,swag,4,4,external,g,n,1.7,0.55212,g,1,529.23
855,1126,31126,60,50,3,word,low,bang,4,4,external,g,k,1.1666666666666667,0.37222,g,1,720.1
855,3140,33140,61,50,3,consonant_string,low,gtln,4,3,internal,l,s,1.1,0.4218,l,1,1404.65
855,1120,31120,62,50,3,word,low,gate,4,3,internal,t,m,1.0666666666666667,0.52674,t,1,529.89
855,1237,31237,63,50,3,word,high,stew,4,4,external,w,m,3.4,0.62127,w,1,793.75
855,2229,32229,64,50,3,pseudoword,high,vofe,4,3,internal,f,r,3.8,0.69632,f,1,1060.99
855,3136,33136,65,50,3,consonant_string,low,hfwb,4,4,external,b,r,1.2666666666666666,0.51424,b,1,929.54
855,1124,31124,66,50,3,word,low,bite,4,3,internal,t,d,1.3666666666666667,0.47786,t,1,778.43
855,3104,33104,68,50,3,consonant_string,low,htwd,4,4,external,d,m,1.1333333333333333,0.58091,d,1,769.31
855,3102,33102,69,50,3,consonant_string,low,knfc,4,2,internal,n,l,1.3666666666666667,0.46775,n,1,1520.88
855,3203,33203,70,50,3,consonant_string,high,qsgpn,5,4,internal,p,d,5.096774193548387,0.48985,d,0,1181.47
855,1203,31203,71,50,3,word,high,shape,5,4,internal,p,d,5.096774193548387,0.48985,p,1,821.37
855,1239,31239,72,50,3,word,high,spat,4,4,external,t,r,3.3666666666666667,0.59892,t,1,1153.93
855,1110,31110,73,50,3,word,low,weed,4,4,external,d,k,1.3333333333333333,0.3996,d,1,620.16
855,2203,32203,74,50,3,pseudoword,high,frope,5,4,internal,p,d,5.096774193548387,0.48985,p,1,1099.71
855,2110,32110,75,50,3,pseudoword,low,fard,4,4,external,d,k,1.3333333333333333,0.3996,d,1,775.94
855,3130,33130,76,50,3,consonant_string,low,czhf,4,4,external,f,p,1.6333333333333333,0.41008,f,1,1628.84
855,2108,32108,77,50,3,pseudoword,low,vild,4,4,external,d,k,1.3333333333333333,0.3996,d,1,497.76
855,2243,32243,79,50,3,pseudoword,high,plur,4,4,external,r,n,3.1333333333333333,0.62334,r,1,1160.96
855,2140,32140,80,50,3,pseudoword,low,hule,4,3,internal,l,s,1.1,0.4218,l,1,895.54
855,1205,31205,81,50,3,word,high,grape,5,4,internal,p,d,5.096774193548387,0.48985,p,1,576.75
855,3217,33217,82,50,3,consonant_string,high,htjm,4,4,external,m,n,4.666666666666667,0.6574,n,0,976.62
855,1247,31247,83,50,3,word,high,bale,4,3,internal,l,k,2.8,0.53572,l,1,742.5
855,1221,31221,84,50,3,word,high,flog,4,4,external,g,p,4.5,0.55857,g,1,771.72
855,2221,32221,85,50,3,pseudoword,high,quag,4,4,external,g,p,4.5,0.55857,g,1,1058.27
855,1219,31219,86,50,3,word,high,warm,4,4,external,m,n,4.666666666666667,0.6574,m,1,598.49
855,1227,31227,87,50,3,word,high,wing,4,4,external,g,d,4.1,0.62488,g,1,769.69
855,2219,32219,88,50,3,pseudoword,high,chom,4,4,external,m,n,4.666666666666667,0.6574,m,1,598.22
855,3225,33225,90,50,3,consonant_string,high,fhgv,4,3,internal,g,d,4.1,0.62488,g,1,1020.44
855,1102,31102,91,50,3,word,low,snip,4,2,internal,n,l,1.3666666666666667,0.46775,n,1,828.0
855,1245,31245,92,50,3,word,high,spire,5,4,internal,r,n,3.1333333333333333,0.62334,n,0,1450.9
855,1116,31116,93,50,3,word,low,mime,4,3,internal,m,l,1.0666666666666667,0.5113,m,1,624.14
855,2215,32215,94,50,3,pseudoword,high,gulm,4,4,external,m,n,4.666666666666667,0.6574,m,1,861.69
855,3118,33118,95,50,3,consonant_string,low,zsmj,4,3,internal,m,l,1.0666666666666667,0.5113,m,1,715.22
855,3219,33219,96,50,3,consonant_string,high,gjkm,4,4,external,m,n,4.666666666666667,0.6574,m,1,894.77
855,1215,31215,97,50,3,word,high,beam,4,4,external,m,n,4.666666666666667,0.6574,m,1,666.98
855,2213,32213,98,50,3,pseudoword,high,nalb,4,4,external,b,p,5.066666666666666,0.70362,b,1,837.52
855,1223,31223,99,50,3,word,high,flag,4,4,external,g,p,4.5,0.55857,g,1,753.41
855,2231,32231,101,50,3,pseudoword,high,spode,5,4,internal,d,c,3.566666666666667,0.66158,d,1,643.6
855,1142,31142,102,50,3,word,low,seal,4,4,external,l,m,1.0666666666666667,0.5113,l,1,558.79
855,1207,31207,103,50,3,word,high,read,4,4,external,d,p,5.096774193548387,0.48985,d,1,804.34
855,1211,31211,104,50,3,word,high,lead,4,4,external,d,p,5.096774193548387,0.48985,p,0,1080.55
855,1108,31108,105,50,3,word,low,hood,4,4,external,d,k,1.3333333333333333,0.3996,d,1,565.45
855,2247,32247,106,50,3,pseudoword,high,jile,4,3,internal,l,k,2.8,0.53572,l,1,526.96
855,3134,33134,107,50,3,consonant_string,low,pfldr,5,4,internal,d,m,1.1333333333333333,0.58091,d,1,620.82
855,2142,32142,108,50,3,pseudoword,low,drol,4,4,external,l,m,1.0666666666666667,0.5113,l,1,818.36
855,2134,32134,109,50,3,pseudoword,low,brode,5,4,internal,d,m,1.1333333333333333,0.58091,d,1,586.9
855,3146,33146,110,50,3,consonant_string,low,bfnsl,5,5,external,l,m,1.0666666666666667,0.5113,m,0,1121.77
855,3108,33108,112,50,3,consonant_string,low,cvsd,4,4,external,d,k,1.3333333333333333,0.3996,d,1,613.33
855,3223,33223,113,50,3,consonant_string,high,vlbg,4,4,external,g,p,4.5,0.55857,g,1,908.87
855,3110,33110,114,50,3,consonant_string,low,lsbd,4,4,external,d,k,1.3333333333333333,0.3996,d,1,479.41
855,1213,31213,115,50,3,word,high,slab,4,4,external,b,p,5.066666666666666,0.70362,b,1,999.82
855,2148,32148,116,50,3,pseudoword,low,zoke,4,3,internal,k,g,1.1666666666666667,0.37222,k,1,720.04
855,2223,32223,117,50,3,pseudoword,high,blug,4,4,external,g,p,4.5,0.55857,g,1,638.57
855,3221,33221,118,50,3,consonant_string,high,fqcg,4,4,external,g,p,4.5,0.55857,g,1,660.44
855,2237,32237,119,50,3,pseudoword,high,blaw,4,4,external,w,m,3.4,0.62127,w,1,729.98
855,2201,32201,120,50,3,pseudoword,high,snum,4,2,internal,n,h,5.533333333333333,0.86536,n,1,1148.87
855,2225,32225,121,50,3,pseudoword,high,jege,4,3,internal,g,d,4.1,0.62488,g,1,739.1
855,3124,33124,123,50,3,consonant_string,low,gpts,4,3,internal,t,d,1.3666666666666667,0.47786,t,1,1015.99
855,3128,33128,124,50,3,consonant_string,low,vjnf,4,4,external,f,d,1.4333333333333333,0.51654,f,1,1732.57
855,1144,31144,125,50,3,word,low,stone,5,4,internal,n,k,1.5333333333333334,0.52768,n,1,596.49
855,2122,32122,126,50,3,pseudoword,low,sleg,4,4,external,g,n,1.7,0.55212,g,1,725.69
855,2211,32211,127,50,3,pseudoword,high,zoud,4,4,external,d,p,5.096774193548387,0.48985,d,1,788.56
855,3114,33114,128,50,3,consonant_string,low,klpj,4,3,internal,p,s,1.2580645161290323,0.5767,s,0,937.45
855,2102,32102,129,50,3,pseudoword,low,snad,4,2,internal,n,l,1.3666666666666667,0.46775,n,1,738.33
855,2144,32144,130,50,3,pseudoword,low,slone,5,4,internal,n,k,1.5333333333333334,0.52768,n,1,632.21
855,2233,32233,131,50,3,pseudoword,high,kide,4,3,internal,d,c,3.566666666666667,0.66158,d,1,578.07
855,3231,33231,132,50,3,consonant_string,high,gjwds,5,4,internal,d,c,3.566666666666667,0.66158,c,0,1349.96
855,2205,32205,134,50,3,pseudoword,high,brupe,5,4,internal,p,d,5.096774193548387,0.48985,p,1,908.21
855,2239,32239,135,50,3,pseudoword,high,glot,4,4,external,t,r,3.3666666666666667,0.59892,t,1,554.41
855,3209,33209,136,50,3,consonant_string,high,csbd,4,4,external,d,p,5.096774193548387,0.48985,p,0,689.61
855,2118,32118,137,50,3,pseudoword,low,vume,4,3,internal,m,l,1.0666666666666667,0.5113,m,1,519.46
855,3233,33233,138,50,3,consonant_string,high,vkdj,4,3,internal,d,c,3.566666666666667,0.66158,c,0,1250.02
855,2114,32114,139,50,3,pseudoword,low,dape,4,3,internal,p,s,1.2580645161290323,0.5767,p,1,608.25
855,2124,32124,140,50,3,pseudoword,low,jote,4,3,internal,t,d,1.3666666666666667,0.47786,t,1,578.44
855,1225,31225,141,50,3,word,high,wage,4,3,internal,g,d,4.1,0.62488,g,1,754.31
855,1138,31138,142,50,3,word,low,date,4,3,internal,t,m,1.0666666666666667,0.52674,t,1,507.51
855,3239,33239,143,50,3,consonant_string,high,mvjt,4,4,external,t,r,3.3666666666666667,0.59892,t,1,1044.71
855,2227,32227,2,50,3,pseudoword,high,reng,4,4,external,g,d,4.1,0.62488,g,1,693.94
855,2128,32128,3,50,3,pseudoword,low,goif,4,4,external,f,d,1.4333333333333333,0.51654,f,1,965.15
855,1118,31118,4,50,3,word,low,home,4,3,internal,m,l,1.0666666666666667,0.5113,m,1,482.69
855,2217,32217,5,50,3,pseudoword,high,plim,4,4,external,m,n,4.666666666666667,0.6574,m,1,1043.57
855,2207,32207,6,50,3,pseudoword,high,nood,4,4,external,d,p,5.096774193548387,0.48985,p,0,535.78
855,3112,33112,7,50,3,consonant_string,low,qmwp,4,4,external,p,t,1.3333333333333333,0.53002,p,1,513.64
855,3132,33132,8,50,3,consonant_string,low,vzldb,5,4,internal,d,r,1.3333333333333333,0.49182,r,0,1244.18
855,1201,31201,9,50,3,word,high,snow,4,2,internal,n,h,5.533333333333333,0.86536,n,1,967.42
855,2130,32130,10,50,3,pseudoword,low,zeaf,4,4,external,f,p,1.6333333333333333,0.41008,f,1,614.98
855,3116,33116,11,50,3,consonant_string,low,fsmt,4,3,internal,m,l,1.0666666666666667,0.5113,m,1,714.51
855,3227,33227,13,50,3,consonant_string,high,bvcg,4,4,external,g,d,4.1,0.62488,g,1,764.05
855,1241,31241,14,50,3,word,high,file,4,3,internal,l,r,3.2580645161290325,0.56415,l,1,621.59
855,1128,31128,15,50,3,word,low,reef,4,4,external,f,d,1.4333333333333333,0.51654,f,1,934.13
855,3243,33243,16,50,3,consonant_string,high,fbvr,4,4,external,r,n,3.1333333333333333,0.62334,r,1,969.02
855,1146,31146,17,50,3,word,low,steal,5,5,external,l,m,1.0666666666666667,0.5113,l,1,667.57
855,1136,31136,18,50,3,word,low,stab,4,4,external,b,r,1.2666666666666666,0.51424,b,1,548.1
855,1243,31243,19,50,3,word,high,moor,4,4,external,r,n,3.1333333333333333,0.62334,r,1,701.31
855,2112,32112,20,50,3,pseudoword,low,glip,4,4,external,p,t,1.3333333333333333,0.53002,p,1,516.5
855,3213,33213,21,50,3,consonant_string,high,rtcb,4,4,external,b,p,5.066666666666666,0.70362,p,0,1669.06
855,3144,33144,22,50,3,consonant_string,low,qjfnd,5,4,internal,n,k,1.5333333333333334,0.52768,n,1,1574.68
855,2120,32120,24,50,3,pseudoword,low,wote,4,3,internal,t,m,1.0666666666666667,0.52674,t,1,629.27
855,1140,31140,25,50,3,word,low,pole,4,3,internal,l,s,1.1,0.4218,l,1,544.13
855,1114,31114,26,50,3,word,low,rope,4,3,internal,p,s,1.2580645161290323,0.5767,p,1,551.32
855,2241,32241,27,50,3,pseudoword,high,bule,4,3,internal,l,r,3.2580645161290325,0.56415,l,1,576.51
855,3247,33247,28,50,3,consonant_string,high,gnlt,4,3,internal,l,k,2.8,0.53572,l,1,1114.4
855,1132,31132,29,50,3,word,low,spade,5,4,internal,d,r,1.3333333333333333,0.49182,d,1,1117.97
855,2116,32116,30,50,3,pseudoword,low,hime,4,3,internal,m,l,1.0666666666666667,0.5113,m,1,746.53
855,1235,31235,31,50,3,word,high,drab,4,4,external,b,g,3.533333333333333,0.46543,g,0,1421.77
855,1233,31233,32,50,3,word,high,fade,4,3,internal,d,c,3.566666666666667,0.66158,c,0,1656.38
855,3241,33241,33,50,3,consonant_string,high,pqlt,4,3,internal,l,r,3.2580645161290325,0.56415,l,1,511.63
855,3235,33235,35,50,3,consonant_string,high,mkrb,4,4,external,b,g,3.533333333333333,0.46543,b,1,734.16
855,1106,31106,36,50,3,word,low,stripe,6,5,internal,p,v,1.1333333333333333,0.49111,p,1,1283.06
855,3122,33122,37,50,3,consonant_string,low,wbjg,4,4,external,g,n,1.7,0.55212,g,1,1051.97
855,3106,33106,38,50,3,consonant_string,low,jbfzpq,6,5,internal,p,v,1.1333333333333333,0.49111,v,0,1048.2
855,3142,33142,39,50,3,consonant_string,low,wktl,4,4,external,l,m,1.0666666666666667,0.5113,m,0,1133.44
855,3229,33229,40,50,3,consonant_string,high,dtfh,4,3,internal,f,r,3.8,0.69632,f,1,1682.38
855,1209,31209,41,50,3,word,high,seed,4,4,external,d,p,5.096774193548387,0.48985,d,1,1208.33
855,1229,31229,42,50,3,word,high,wife,4,3,internal,f,r,3.8,0.69632,f,1,880.56
855,1231,31231,43,50,3,word,high,slide,5,4,internal,d,c,3.566666666666667,0.66158,d,1,939.45
855,3245,33245,44,50,3,consonant_string,high,hvwrt,5,4,internal,r,n,3.1333333333333333,0.62334,n,0,1235.36
855,3120,33120,46,50,3,consonant_string,low,pktv,4,3,internal,t,m,1.0666666666666667,0.52674,t,1,1212.28
855,3205,33205,47,50,3,consonant_string,high,fcmpk,5,4,internal,p,d,5.096774193548387,0.48985,d,0,1892.89
855,3138,33138,48,50,3,consonant_string,low,njtb,4,3,internal,t,m,1.0666666666666667,0.52674,t,1,708.16
855,3215,33215,49,50,3,consonant_string,high,sfdm,4,4,external,m,n,4.666666666666667,0.6574,m,1,798.37
855,2126,32126,50,50,3,pseudoword,low,yeng,4,4,external,g,k,1.1666666666666667,0.37222,g,1,693.58
856,1216,41216,0,33,4,word,high,mime,4,3,internal,m,n,4.666666666666667,0.6574,n,0,1328.91
856,3107,43107,56,33,4,consonant_string,low,qvsd,4,4,external,d,r,1.3333333333333333,0.49182,d,1,1064.51
856,3226,43226,67,33,4,consonant_string,high,lqvg,4,4,external,g,d,4.1,0.62488,g,1,1354.75
856,1224,41224,78,33,4,word,high,bite,4,3,internal,t,l,4.5,0.47576,t,1,1304.69
856,2103,42103,89,33,4,pseudoword,low,frope,5,4,internal,p,v,1.1333333333333333,0.49111,p,1,1154.61
856,2113,42113,100,33,4,pseudoword,low,nalb,4,4,external,b,m,1.2333333333333334,0.5784,m,0,1144.53
856,2111,42111,111,33,4,pseudoword,low,zoud,4,4,external,d,k,1.3333333333333333,0.3996,d,1,999.45
856,2115,42115,122,33,4,pseudoword,low,gulm,4,4,external,m,t,1.0666666666666667,0.52674,t,0,1159.35
856,2210,42210,133,33,4,pseudoword,high,fard,4,4,external,d,p,5.096774193548387,0.48985,d,1,1773.64
856,3145,43145,1,33,4,consonant_string,low,hvwrt,5,4,internal,r,c,1.4,0.55867,r,1,1675.94
856,3125,43125,12,33,4,consonant_string,low,fhgv,4,3,internal,g,k,1.1666666666666667,0.37222,g,1,1639.57
856,3204,43204,23,33,4,consonant_string,high,htwd,4,4,external,d,p,5.096774193548387,0.48985,p,0,1117.18
856,3234,43234,34,33,4,consonant_string,high,pfldr,5,4,internal,d,c,3.566666666666667,0.66158,c,0,1677.46
856,2206,42206,45,33,4,pseudoword,high,strepe,6,5,internal,p,d,5.096774193548387,0.48985,p,1,1400.08
856,1145,41145,51,33,4,word,low,spire,5,4,internal,r,c,1.4,0.55867,r,1,920.01
856,1234,41234,52,33,4,word,high,pride,5,4,internal,d,c,3.566666666666667,0.66158,d,1,928.23
856,1147,41147,53,33,4,word,low,bale,4,3,internal,l,s,1.1,0.4218,l,1,1429.82
856,1115,41115,54,33,4,word,low,beam,4,4,external,m,t,1.0666666666666667,0.52674,m,1,865.4
856,1242,41242,55,33,4,word,high,seal,4,4,external,l,r,3.2580645161290325,0.56415,l,1,1008.64
856,3131,43131,57,33,4,consonant_string,low,gjwds,5,4,internal,d,m,1.1333333333333333,0.58091,m,0,1181.55
856,2121,42121,58,33,4,pseudoword,low,quag,4,4,external,g,w,1.1666666666666667,0.52446,g,1,1130.13
856,1131,41131,59,33,4,word,low,slide,5,4,internal,d,m,1.1333333333333333,0.58091,d,1,1222.71
856,1129,41129,60,33,4,word,low,wife,4,3,internal,f,n,1.2,0.53217,f,1,1006.97
856,2202,42202,61,33,4,pseudoword,high,snad,4,2,internal,n,h,5.533333333333333,0.86536,h,0,1065.88
856,3143,43143,62,33,4,consonant_string,low,fbvr,4,4,external,r,d,1.3333333333333333,0.49182,r,1,1043.12
856,1240,41240,63,33,4,word,high,pole,4,3,internal,l,r,3.2580645161290325,0.56415,l,1,1085.03
856,3220,43220,64,33,4,consonant_string,high,pktv,4,3,internal,t,l,4.5,0.47576,t,1,1040.61
856,1222,41222,65,33,4,word,high,swag,4,4,external,g,p,4.5,0.55857,g,1,997.18
856,1101,41101,66,33,4,word,low,snow,4,2,internal,n,t,1.1,0.6011,n,1,893.08
856,1232,41232,68,33,4,word,high,spade,5,4,internal,d,c,3.566666666666667,0.66158,d,1,755.96
856,2230,42230,69,33,4,pseudoword,high,zeaf,4,4,external,f,r,3.8,0.69632,f,1,994.86
856,3133,43133,70,33,4,consonant_string,low,vkdj,4,3,internal,d,z,1.2333333333333334,0.52841,d,1,1236.77
856,3141,43141,71,33,4,consonant_string,low,pqlt,4,3,internal,l,n,1.3666666666666667,0.46775,n,0,1341.37
856,2204,42204,72,33,4,pseudoword,high,swed,4,4,external,d,p,5.096774193548387,0.48985,d,1,1195.3
856,2208,42208,73,33,4,pseudoword,high,vild,4,4,external,d,p,5.096774193548387,0.48985,p,0,877.21
856,3248,43248,74,33,4,consonant_string,high,dhkw,4,3,internal,k,l,2.8,0.53572,k,1,1589.79
856,1141,41141,75,33,4,word,low,file,4,3,internal,l,n,1.3666666666666667,0.46775,l,1,1008.4
856,2145,42145,76,33,4,pseudoword,low,swork,5,4,internal,r,c,1.4,0.55867,r,1,1015.31
856,1202,41202,77,33,4,word,high,snip,4,2,internal,n,h,5.533333333333333,0.86536,h,0,1014.55
856,3103,43103,79,33,4,consonant_string,low,qsgpn,5,4,internal,p,v,1.1333333333333333,0.49111,p,1,1192.8
856,2216,42216,80,33,4,pseudoword,high,hime,4,3,internal,m,n,4.666666666666667,0.6574,m,1,952.7
856,1238,41238,81,33,4,word,high,date,4,3,internal,t,r,3.3666666666666667,0.59892,t,1,1025.6
856,2133,42133,82,33,4,pseudoword,low,kide,4,3,internal,d,z,1.2333333333333334,0.52841,d,1,911.17
856,2232,42232,83,33,4,pseudoword,high,ghade,5,4,internal,d,c,3.566666666666667,0.66158,d,1,891.4
856,3240,43240,84,33,4,consonant_string,high,gtln,4,3,internal,l,r,3.2580645161290325,0.56415,l,1,922.29
856,2220,42220,85,33,4,pseudoword,high,wote,4,3,internal,t,l,4.5,0.47576,t,1,828.53
856,2248,42248,86,33,4,pseudoword,high,zoke,4,3,internal,k,l,2.8,0.53572,k,1,623.07
856,2129,42129,87,33,4,pseudoword,low,vofe,4,3,internal,f,n,1.2,0.53217,f,1,769.28
856,1214,41214,88,33,4,word,high,rope,4,3,internal,p,b,5.066666666666666,0.70362,p,1,682.48
856,3111,43111,90,33,4,consonant_string,low,srfd,4,4,external,d,k,1.3333333333333333,0.3996,k,0,991.04
856,1107,41107,91,33,4,word,low,read,4,4,external,d,r,1.3333333333333333,0.49182,d,1,764.6
856,2127,42127,92,33,4,pseudoword,low,reng,4,4,external,g,k,1.1666666666666667,0.37222,g,1,1376.83
856,3236,43236,93,33,4,consonant_string,high,hfwb,4,4,external,b,g,3.533333333333333,0.46543,b,1,1096.43
856,1206,41206,94,33,4,word,high,stripe,6,5,internal,p,d,5.096774193548387,0.48985,p,1,1444.36
856,2236,42236,95,33,4,pseudoword,high,plob,4,4,external,b,g,3.533333333333333,0.46543,b,1,1302.31
856,2123,42123,96,33,4,pseudoword,low,blug,4,4,external,g,t,1.1333333333333333,0.44178,g,1,801.22
856,1220,41220,97,33,4,word,high,gate,4,3,internal,t,l,4.5,0.47576,t,1,866.1
856,2234,42234,98,33,4,pseudoword,high,brode,5,4,internal,d,c,3.566666666666667,0.66158,d,1,860.32
856,2228,42228,99,33,4,pseudoword,high,goif,4,4,external,f,l,4.033333333333333,0.60982,f,1,1027.56
856,3139,43139,101,33,4,consonant_string,low,mvjt,4,4,external,t,n,1.1,0.6011,n,0,931.13
856,3121,43121,102,33,4,consonant_string,low,fqcg,4,4,external,g,w,1.1666666666666667,0.52446,g,1,1118.7
856,2117,42117,103,33,4,pseudoword,low,plim,4,4,external,m,b,1.2333333333333334,0.5784,m,1,1272.94
856,1139,41139,104,33,4,word,low,spat,4,4,external,t,n,1.1,0.6011,t,1,679.18
856,3137,43137,105,33,4,consonant_string,low,gbcw,4,4,external,w,p,1.1666666666666667,0.53452,p,0,1565.75
856,2214,42214,106,33,4,pseudoword,high,dape,4,3,internal,p,b,5.066666666666666,0.70362,p,1,1327.06
856,3105,43105,107,33,4,consonant_string,low,fcmpk,5,4,internal,p,v,1.1333333333333333,0.49111,p,1,980.64
856,1123,41123,108,33,4,word,low,flag,4,4,external,g,t,1.1333333333333333,0.44178,g,1,795.21
856,2224,42224,109,33,4,pseudoword,high,jote,4,3,internal,t,l,4.5,0.47576,l,0,1220.11
856,1103,41103,110,33,4,word,low,shape,5,4,internal,p,v,1.1333333333333333,0.49111,p,1,609.34
856,3113,43113,112,33,4,consonant_string,low,rtcb,4,4,external,b,m,1.2333333333333334,0.5784,m,0,1158.56
856,3222,43222,113,33,4,consonant_string,high,wbjg,4,4,external,g,p,4.5,0.55857,g,1,1860.51
856,1127,41127,114,33,4,word,low,wing,4,4,external,g,k,1.1666666666666667,0.37222,g,1,778.79
856,2139,42139,115,33,4,pseudoword,low,glot,4,4,external,t,n,1.1,0.6011,t,1,971.56
856,3246,43246,116,33,4,consonant_string,high,bfnsl,5,5,external,l,k,2.8,0.53572,k,0,864.79
856,2105,42105,117,33,4,pseudoword,low,brupe,5,4,internal,p,v,1.1333333333333333,0.49111,p,1,903.01
856,3101,43101,118,33,4,consonant_string,low,znsq,4,2,internal,n,t,1.1,0.6011,t,0,905.9
856,1208,41208,119,33,4,word,high,hood,4,4,external,d,p,5.096774193548387,0.48985,d,1,1026.81
856,3242,43242,120,33,4,consonant_string,high,wktl,4,4,external,l,r,3.2580645161290325,0.56415,l,1,1510.4
856,3208,43208,121,33,4,consonant_string,high,cvsd,4,4,external,d,p,5.096774193548387,0.48985,d,1,1185.68
856,2212,42212,123,33,4,pseudoword,high,glip,4,4,external,p,d,5.096774193548387,0.48985,p,1,972.26
856,1121,41121,124,33,4,word,low,flog,4,4,external,g,w,1.1666666666666667,0.52446,g,1,815.49
856,3117,43117,125,33,4,consonant_string,low,htjm,4,4,external,m,b,1.2333333333333334,0.5784,b,0,1200.71
856,1246,41246,126,33,4,word,high,steal,5,5,external,l,k,2.8,0.53572,l,1,535.62
856,3238,43238,127,33,4,consonant_string,high,njtb,4,3,internal,t,r,3.3666666666666667,0.59892,r,0,1092.17
856,1119,41119,128,33,4,word,low,warm,4,4,external,m,t,1.0666666666666667,0.52674,m,1,576.06
856,2242,42242,129,33,4,pseudoword,high,drol,4,4,external,l,r,3.2580645161290325,0.56415,l,1,626.59
856,3230,43230,130,33,4,consonant_string,high,czhf,4,4,external,f,r,3.8,0.69632,f,1,748.13
856,1226,41226,131,33,4,word,high,bang,4,4,external,g,d,4.1,0.62488,g,1,872.01
856,2141,42141,132,33,4,pseudoword,low,bule,4,3,internal,l,n,1.3666666666666667,0.46775,l,1,1388.26
856,1143,41143,134,33,4,word,low,moor,4,4,external,r,d,1.3333333333333333,0.49182,d,0,1260.86
856,2101,42101,135,33,4,pseudoword,low,snum,4,2,internal,n,t,1.1,0.6011,n,1,1278.65
856,3228,43228,136,33,4,consonant_string,high,vjnf,4,4,external,f,l,4.033333333333333,0.60982,f,1,1038.71
856,3210,43210,137,33,4,consonant_string,high,lsbd,4,4,external,d,p,5.096774193548387,0.48985,d,1,1323.3
856,1133,41133,138,33,4,word,low,fade,4,3,internal,d,z,1.2333333333333334,0.52841,d,1,732.54
856,3244,43244,139,33,4,consonant_string,high,qjfnd,5,4,internal,n,r,3.1333333333333333,0.62334,r,0,1111.1
856,2238,42238,140,33,4,pseudoword,high,jite,4,3,internal,t,r,3.3666666666666667,0.59892,t,1,970.35
856,2131,42131,141,33,4,pseudoword,low,spode,5,4,internal,d,m,1.1333333333333333,0.58091,d,1,700.57
856,1125,41125,142,33,4,word,low,wage,4,3,internal,g,k,1.1666666666666667,0.37222,g,1,746.45
856,3206,43206,143,33,4,consonant_string,high,jbfzpq,6,5,internal,p,d,5.096774193548387,0.48985,p,1,959.34
856,2135,42135,2,33,4,pseudoword,low,frab,4,4,external,b,w,1.1,0.5109,b,1,697.56
856,3135,43135,3,33,4,consonant_string,low,mkrb,4,4,external,b,w,1.1,0.5109,b,1,1641.47
856,2226,42226,4,33,4,pseudoword,high,yeng,4,4,external,g,d,4.1,0.62488,g,1,1133.43
856,1212,41212,5,33,4,word,high,grip,4,4,external,p,d,5.096774193548387,0.48985,p,1,691.99
856,3202,43202,6,33,4,consonant_string,high,knfc,4,2,internal,n,h,5.533333333333333,0.86536,h,0,1239.89
856,2218,42218,7,33,4,pseudoword,high,vume,4,3,internal,m,n,4.666666666666667,0.6574,m,1,1113.47
856,1230,41230,8,33,4,word,high,beef,4,4,external,f,r,3.8,0.69632,f,1,656.7
856,1210,41210,9,33,4,word,high,weed,4,4,external,d,p,5.096774193548387,0.48985,d,1,981.58
856,2107,42107,10,33,4,pseudoword,low,nood,4,4,external,d,r,1.3333333333333333,0.49182,d,1,1358.16
856,2119,42119,11,33,4,pseudoword,low,chom,4,4,external,m,t,1.0666666666666667,0.52674,m,1,1050.1
856,3212,43212,13,33,4,consonant_string,high,qmwp,4,4,external,p,d,5.096774193548387,0.48985,d,0,1099.01
856,2109,42109,14,33,4,pseudoword,low,glod,4,4,external,d,m,1.1333333333333333,0.58091,m,0,1113.92
856,2244,42244,15,33,4,pseudoword,high,slone,5,4,internal,n,r,3.1333333333333333,0.62334,n,1,1166.17
856,2246,42246,16,33,4,pseudoword,high,proal,5,5,external,l,k,2.8,0.53572,k,0,1393.44
856,1218,41218,17,33,4,word,high,home,4,3,internal,m,n,4.666666666666667,0.6574,m,1,897.35
856,1248,41248,18,33,4,word,high,sake,4,3,internal,k,l,2.8,0.53572,k,1,1048.26
856,3109,43109,19,33,4,consonant_string,low,csbd,4,4,external,d,m,1.1333333333333333,0.58091,m,0,1053.17
856,1236,41236,20,33,4,word,high,stab,4,4,external,b,g,3.533333333333333,0.46543,b,1,1567.1
856,3115,43115,21,33,4,consonant_string,low,sfdm,4,4,external,m,t,1.0666666666666667,0.52674,m,1,1226.38
856,3216,43216,22,33,4,consonant_string,high,fsmt,4,3,internal,m,n,4.666666666666667,0.6574,n,0,897.96
856,1204,41204,24,33,4,word,high,skid,4,4,external,d,p,5.096774193548387,0.48985,d,1,982.85
856,1109,41109,25,33,4,word,low,seed,4,4,external,d,m,1.1333333333333333,0.58091,d,1,787.42
856,2137,42137,26,33,4,pseudoword,low,blaw,4,4,external,w,p,1.1666666666666667,0.53452,w,1,654.96
856,2125,42125,27,33,4,pseudoword,low,jege,4,3,internal,g,k,1.1666666666666667,0.37222,k,0,1730.87
856,3127,43127,28,33,4,consonant_string,low,bvcg,4,4,external,g,k,1.1666666666666667,0.37222,g,1,721.47
856,3218,43218,29,33,4,consonant_string,high,zsmj,4,3,internal,m,n,4.666666666666667,0.6574,n,0,835.69
856,1137,41137,30,33,4,word,low,stew,4,4,external,w,p,1.1666666666666667,0.53452,w,1,624.23
856,2222,42222,31,33,4,pseudoword,high,sleg,4,4,external,g,p,4.5,0.55857,g,1,1021.45
856,1228,41228,32,33,4,word,high,reef,4,4,external,f,l,4.033333333333333,0.60982,f,1,780.67
856,3232,43232,33,33,4,consonant_string,high,vzldb,5,4,internal,d,c,3.566666666666667,0.66158,c,0,1033.24
856,3119,43119,35,33,4,consonant_string,low,gjkm,4,4,external,m,t,1.0666666666666667,0.52674,t,0,987.82
856,2240,42240,36,33,4,pseudoword,high,hule,4,3,internal,l,r,3.2580645161290325,0.56415,r,0,998.38
856,3129,43129,37,33,4,consonant_string,low,dtfh,4,3,internal,f,n,1.2,0.53217,f,1,909.28
856,1135,41135,38,33,4,word,low,drab,4,4,external,b,w,1.1,0.5109,b,1,1275.52
856,3123,43123,39,33,4,consonant_string,low,vlbg,4,4,external,g,t,1.1333333333333333,0.44178,g,1,1043.11
856,1111,41111,40,33,4,word,low,lead,4,4,external,d,k,1.3333333333333333,0.3996,d,1,1024.03
856,3147,43147,41,33,4,consonant_string,low,gnlt,4,3,internal,l,s,1.1,0.4218,l,1,816.25
856,1113,41113,42,33,4,word,low,slab,4,4,external,b,m,1.2333333333333334,0.5784,b,1,962.48
856,1117,41117,43,33,4,word,low,scam,4,4,external,m,b,1.2333333333333334,0.5784,m,1,723.71
856,3224,43224,44,33,4,consonant_string,high,gpts,4,3,internal,t,l,4.5,0.47576,l,0,694.92
856,1105,41105,46,33,4,word,low,grape,5,4,internal,p,v,1.1333333333333333,0.49111,p,1,714.79
856,1244,41244,47,33,4,word,high,stone,5,4,internal,n,r,3.1333333333333333,0.62334,n,1,694.0
856,2143,42143,48,33,4,pseudoword,low,plur,4,4,external,r,d,1.3333333333333333,0.49182,r,1,932.9
856,3214,43214,49,33,4,consonant_string,high,klpj,4,3,internal,p,b,5.066666666666666,0.70362,p,1,1628.48
856,2147,42147,50,33,4,pseudoword,low,jile,4,3,internal,l,s,1.1,0.4218,s,0,1185.09
857,3118,13118,0,33,1,consonant_string,low,zsmj,4,3,internal,m,l,1.0666666666666667,0.5113,m,1,853.05
857,1130,11130,56,33,1,word,low,beef,4,4,external,f,p,1.6333333333333333,0.41008,p,0,940.94
857,2229,12229,67,33,1,pseudoword,high,vofe,4,3,internal,f,r,3.8,0.69632,r,0,1084.51
857,1122,11122,78,33,1,word,low,swag,4,4,external,g,n,1.7,0.55212,g,1,779.08
857,2142,12142,89,33,1,pseudoword,low,drol,4,4,external,l,m,1.0666666666666667,0.5113,m,0,1145.65
857,1209,11209,100,33,1,word,high,seed,4,4,external,d,p,5.096774193548387,0.48985,d,1,1043.56
857,2138,12138,111,33,1,pseudoword,low,jite,4,3,internal,t,m,1.0666666666666667,0.52674,t,1,1577.49
857,3108,13108,122,33,1,consonant_string,low,cvsd,4,4,external,d,k,1.3333333333333333,0.3996,d,1,813.09
857,3112,13112,133,33,1,consonant_string,low,qmwp,4,4,external,p,t,1.3333333333333333,0.53002,p,1,761.31
857,3201,13201,1,33,1,consonant_string,high,znsq,4,2,internal,n,h,5.533333333333333,0.86536,n,1,1288.54
857,2124,12124,12,33,1,pseudoword,low,jote,4,3,internal,t,d,1.3666666666666667,0.47786,d,0,717.11
857,2215,12215,23,33,1,pseudoword,high,gulm,4,4,external,m,n,4.666666666666667,0.6574,n,0,1081.35
857,3227,13227,34,33,1,consonant_string,high,bvcg,4,4,external,g,d,4.1,0.62488,g,1,678.9
857,1148,11148,45,33,1,word,low,sake,4,3,internal,k,g,1.1666666666666667,0.37222,k,1,798.45
857,3114,13114,51,33,1,consonant_string,low,klpj,4,3,internal,p,s,1.2580645161290323,0.5767,p,1,548.33
857,2114,12114,52,33,1,pseudoword,low,dape,4,3,internal,p,s,1.2580645161290323,0.5767,p,1,621.19
857,2110,12110,53,33,1,pseudoword,low,fard,4,4,external,d,k,1.3333333333333333,0.3996,k,0,622.4
857,1239,11239,54,33,1,word,high,spat,4,4,external,t,r,3.3666666666666667,0.59892,r,0,612.6
857,1201,11201,55,33,1,word,high,snow,4,2,internal,n,h,5.533333333333333,0.86536,n,1,761.81
857,3146,13146,57,33,1,consonant_string,low,bfnsl,5,5,external,l,m,1.0666666666666667,0.5113,l,1,1049.03
857,2144,12144,58,33,1,pseudoword,low,slone,5,4,internal,n,k,1.5333333333333334,0.52768,n,1,728.93
857,3138,13138,59,33,1,consonant_string,low,njtb,4,3,internal,t,m,1.0666666666666667,0.52674,m,0,496.46
857,3225,13225,60,33,1,consonant_string,high,fhgv,4,3,internal,g,d,4.1,0.62488,g,1,516.32
857,3124,13124,61,33,1,consonant_string,low,gpts,4,3,internal,t,d,1.3666666666666667,0.47786,d,0,623.51
857,2223,12223,62,33,1,pseudoword,high,blug,4,4,external,g,p,4.5,0.55857,g,1,603.71
857,3235,13235,63,33,1,consonant_string,high,mkrb,4,4,external,b,g,3.533333333333333,0.46543,b,1,691.58
857,2209,12209,64,33,1,pseudoword,high,glod,4,4,external,d,p,5.096774193548387,0.48985,d,1,537.46
857,3136,13136,65,33,1,consonant_string,low,hfwb,4,4,external,b,r,1.2666666666666666,0.51424,b,1,538.98
857,2227,12227,66,33,1,pseudoword,high,reng,4,4,external,g,d,4.1,0.62488,g,1,673.51
857,2201,12201,68,33,1,pseudoword,high,snum,4,2,internal,n,h,5.533333333333333,0.86536,n,1,621.71
857,3203,13203,69,33,1,consonant_string,high,qsgpn,5,4,internal,p,d,5.096774193548387,0.48985,p,1,655.91
857,2221,12221,70,33,1,pseudoword,high,quag,4,4,external,g,p,4.5,0.55857,g,1,699.79
857,1118,11118,71,33,1,word,low,home,4,3,internal,m,l,1.0666666666666667,0.5113,m,1,757.67
857,1126,11126,72,33,1,word,low,bang,4,4,external,g,k,1.1666666666666667,0.37222,g,1,551.55
857,2247,12247,73,33,1,pseudoword,high,jile,4,3,internal,l,k,2.8,0.53572,l,1,719.41
857,3126,13126,74,33,1,consonant_string,low,lqvg,4,4,external,g,k,1.1666666666666667,0.37222,g,1,664.61
857,2122,12122,75,33,1,pseudoword,low,sleg,4,4,external,g,n,1.7,0.55212,g,1,605.81
857,3241,13241,76,33,1,consonant_string,high,pqlt,4,3,internal,l,r,3.2580645161290325,0.56415,l,1,631.69
857,3116,13116,77,33,1,consonant_string,low,fsmt,4,3,internal,m,l,1.0666666666666667,0.5113,l,0,534.21
857,2231,12231,79,33,1,pseudoword,high,spode,5,4,internal,d,c,3.566666666666667,0.66158,c,0,759.76
857,1112,11112,80,33,1,word,low,grip,4,4,external,p,t,1.3333333333333333,0.53002,p,1,614.96
857,1227,11227,81,33,1,word,high,wing,4,4,external,g,d,4.1,0.62488,g,1,537.16
857,1225,11225,82,33,1,word,high,wage,4,3,internal,g,d,4.1,0.62488,g,1,611.69
857,1217,11217,83,33,1,word,high,scam,4,4,external,m,n,4.666666666666667,0.6574,n,0,851.9
857,1245,11245,84,33,1,word,high,spire,5,4,internal,r,n,3.1333333333333333,0.62334,n,0,662.8
857,3219,13219,85,33,1,consonant_string,high,gjkm,4,4,external,m,n,4.666666666666667,0.6574,n,0,673.99
857,3142,13142,86,33,1,consonant_string,low,wktl,4,4,external,l,m,1.0666666666666667,0.5113,m,0,593.19
857,1146,11146,87,33,1,word,low,steal,5,5,external,l,m,1.0666666666666667,0.5113,m,0,1117.08
857,3120,13120,88,33,1,consonant_string,low,pktv,4,3,internal,t,m,1.0666666666666667,0.52674,m,0,1102.32
857,1124,11124,90,33,1,word,low,bite,4,3,internal,t,d,1.3666666666666667,0.47786,t,1,583.22
857,1114,11114,91,33,1,word,low,rope,4,3,internal,p,s,1.2580645161290323,0.5767,p,1,1023.76
857,3217,13217,92,33,1,consonant_string,high,htjm,4,4,external,m,n,4.666666666666667,0.6574,n,0,631.99
857,3102,13102,93,33,1,consonant_string,low,knfc,4,2,internal,n,l,1.3666666666666667,0.46775,n,1,640.53
857,3233,13233,94,33,1,consonant_string,high,vkdj,4,3,internal,d,c,3.566666666666667,0.66158,d,1,673.06
857,3130,13130,95,33,1,consonant_string,low,czhf,4,4,external,f,p,1.6333333333333333,0.41008,p,0,710.27
857,1237,11237,96,33,1,word,high,stew,4,4,external,w,m,3.4,0.62127,w,1,720.48
857,1142,11142,97,33,1,word,low,seal,4,4,external,l,m,1.0666666666666667,0.5113,l,1,690.7
857,1102,11102,98,33,1,word,low,snip,4,2,internal,n,l,1.3666666666666667,0.46775,n,1,1110.25
857,1207,11207,99,33,1,word,high,read,4,4,external,d,p,5.096774193548387,0.48985,p,0,839.49
857,2128,12128,101,33,1,pseudoword,low,goif,4,4,external,f,d,1.4333333333333333,0.51654,d,0,1220.05
857,2132,12132,102,33,1,pseudoword,low,ghade,5,4,internal,d,r,1.3333333333333333,0.49182,d,1,641.29
857,2130,12130,103,33,1,pseudoword,low,zeaf,4,4,external,f,p,1.6333333333333333,0.41008,f,1,733.17
857,2203,12203,104,33,1,pseudoword,high,frope,5,4,internal,p,d,5.096774193548387,0.48985,p,1,775.72
857,2140,12140,105,33,1,pseudoword,low,hule,4,3,internal,l,s,1.1,0.4218,l,1,608.26
857,3229,13229,106,33,1,consonant_string,high,dtfh,4,3,internal,f,r,3.8,0.69632,f,1,496.12
857,3211,13211,107,33,1,consonant_string,high,srfd,4,4,external,d,p,5.096774193548387,0.48985,p,0,667.99
857,2205,12205,108,33,1,pseudoword,high,brupe,5,4,internal,p,d,5.096774193548387,0.48985,p,1,746.19
857,3215,13215,109,33,1,consonant_string,high,sfdm,4,4,external,m,n,4.666666666666667,0.6574,n,0,578.07
857,3110,13110,110,33,1,consonant_string,low,lsbd,4,4,external,d,k,1.3333333333333333,0.3996,d,1,781.61
857,1144,11144,112,33,1,word,low,stone,5,4,internal,n,k,1.5333333333333334,0.52768,n,1,580.15
857,3245,13245,113,33,1,consonant_string,high,hvwrt,5,4,internal,r,n,3.1333333333333333,0.62334,r,1,677.68
857,3209,13209,114,33,1,consonant_string,high,csbd,4,4,external,d,p,5.096774193548387,0.48985,d,1,715.22
857,2126,12126,115,33,1,pseudoword,low,yeng,4,4,external,g,k,1.1666666666666667,0.37222,g,1,514.04
857,1128,11128,116,33,1,word,low,reef,4,4,external,f,d,1.4333333333333333,0.51654,f,1,653.24
857,1134,11134,117,33,1,word,low,pride,5,4,internal,d,m,1.1333333333333333,0.58091,d,1,520.11
857,2118,12118,118,33,1,pseudoword,low,vume,4,3,internal,m,l,1.0666666666666667,0.5113,m,1,533.3
857,2239,12239,119,33,1,pseudoword,high,glot,4,4,external,t,r,3.3666666666666667,0.59892,t,1,541.83
857,2211,12211,120,33,1,pseudoword,high,zoud,4,4,external,d,p,5.096774193548387,0.48985,d,1,697.7
857,2146,12146,121,33,1,pseudoword,low,proal,5,5,external,l,m,1.0666666666666667,0.5113,m,0,786.57
857,2233,12233,123,33,1,pseudoword,high,kide,4,3,internal,d,c,3.566666666666667,0.66158,d,1,544.11
857,2104,12104,124,33,1,pseudoword,low,swed,4,4,external,d,m,1.1333333333333333,0.58091,d,1,976.99
857,1132,11132,125,33,1,word,low,spade,5,4,internal,d,r,1.3333333333333333,0.49182,d,1,602.54
857,1106,11106,126,33,1,word,low,stripe,6,5,internal,p,v,1.1333333333333333,0.49111,p,1,538.41
857,1243,11243,127,33,1,word,high,moor,4,4,external,r,n,3.1333333333333333,0.62334,r,1,656.94
857,2134,12134,128,33,1,pseudoword,low,brode,5,4,internal,d,m,1.1333333333333333,0.58091,d,1,572.8
857,1233,11233,129,33,1,word,high,fade,4,3,internal,d,c,3.566666666666667,0.66158,d,1,531.0
857,2219,12219,130,33,1,pseudoword,high,chom,4,4,external,m,n,4.666666666666667,0.6574,m,1,510.53
857,3122,13122,131,33,1,consonant_string,low,wbjg,4,4,external,g,n,1.7,0.55212,g,1,514.72
857,1231,11231,132,33,1,word,high,slide,5,4,internal,d,c,3.566666666666667,0.66158,d,1,560.91
857,3221,13221,134,33,1,consonant_string,high,fqcg,4,4,external,g,p,4.5,0.55857,g,1,558.11
857,1108,11108,135,33,1,word,low,hood,4,4,external,d,k,1.3333333333333333,0.3996,k,0,521.97
857,3106,13106,136,33,1,consonant_string,low,jbfzpq,6,5,internal,p,v,1.1333333333333333,0.49111,p,1,604.17
857,3205,13205,137,33,1,consonant_string,high,fcmpk,5,4,internal,p,d,5.096774193548387,0.48985,d,0,808.04
857,1136,11136,138,33,1,word,low,stab,4,4,external,b,r,1.2666666666666666,0.51424,b,1,609.25
857,1116,11116,139,33,1,word,low,mime,4,3,internal,m,l,1.0666666666666667,0.5113,m,1,905.46
857,3134,13134,140,33,1,consonant_string,low,pfldr,5,4,internal,d,m,1.1333333333333333,0.58091,d,1,620.35
857,1241,11241,141,33,1,word,high,file,4,3,internal,l,r,3.2580645161290325,0.56415,l,1,769.55
857,2106,12106,142,33,1,pseudoword,low,strepe,6,5,internal,p,v,1.1333333333333333,0.49111,p,1,583.77
857,2225,12225,143,33,1,pseudoword,high,jege,4,3,internal,g,d,4.1,0.62488,g,1,522.3
857,3128,13128,2,33,1,consonant_string,low,vjnf,4,4,external,f,d,1.4333333333333333,0.51654,d,0,983.51
857,3207,13207,3,33,1,consonant_string,high,qvsd,4,4,external,d,p,5.096774193548387,0.48985,p,0,596.06
857,1211,11211,4,33,1,word,high,lead,4,4,external,d,p,5.096774193548387,0.48985,d,1,572.92
857,3213,13213,5,33,1,consonant_string,high,rtcb,4,4,external,b,p,5.066666666666666,0.70362,p,0,633.12
857,1138,11138,6,33,1,word,low,date,4,3,internal,t,m,1.0666666666666667,0.52674,m,0,593.66
857,2237,12237,7,33,1,pseudoword,high,blaw,4,4,external,w,m,3.4,0.62127,w,1,1083.54
857,1219,11219,8,33,1,word,high,warm,4,4,external,m,n,4.666666666666667,0.6574,m,1,547.09
857,3144,13144,9,33,1,consonant_string,low,qjfnd,5,4,internal,n,k,1.5333333333333334,0.52768,n,1,1014.98
857,1235,11235,10,33,1,word,high,drab,4,4,external,b,g,3.533333333333333,0.46543,b,1,923.22
857,2108,12108,11,33,1,pseudoword,low,vild,4,4,external,d,k,1.3333333333333333,0.3996,d,1,1351.46
857,1213,11213,13,33,1,word,high,slab,4,4,external,b,p,5.066666666666666,0.70362,b,1,956.38
857,3237,13237,14,33,1,consonant_string,high,gbcw,4,4,external,w,m,3.4,0.62127,w,1,635.27
857,1104,11104,15,33,1,word,low,skid,4,4,external,d,m,1.1333333333333333,0.58091,d,1,556.8
857,3243,13243,16,33,1,consonant_string,high,fbvr,4,4,external,r,n,3.1333333333333333,0.62334,r,1,1252.68
857,2102,12102,17,33,1,pseudoword,low,snad,4,2,internal,n,l,1.3666666666666667,0.46775,n,1,928.61
857,3247,13247,18,33,1,consonant_string,high,gnlt,4,3,internal,l,k,2.8,0.53572,k,0,1315.18
857,2112,12112,19,33,1,pseudoword,low,glip,4,4,external,p,t,1.3333333333333333,0.53002,p,1,543.43
857,2217,12217,20,33,1,pseudoword,high,plim,4,4,external,m,n,4.666666666666667,0.6574,n,0,760.29
857,2148,12148,21,33,1,pseudoword,low,zoke,4,3,internal,k,g,1.1666666666666667,0.37222,k,1,739.5
857,2120,12120,22,33,1,pseudoword,low,wote,4,3,internal,t,m,1.0666666666666667,0.52674,t,1,597.05
857,1205,11205,24,33,1,word,high,grape,5,4,internal,p,d,5.096774193548387,0.48985,p,1,607.91
857,2116,12116,25,33,1,pseudoword,low,hime,4,3,internal,m,l,1.0666666666666667,0.5113,m,1,558.11
857,2241,12241,26,33,1,pseudoword,high,bule,4,3,internal,l,r,3.2580645161290325,0.56415,l,1,575.97
857,1215,11215,27,33,1,word,high,beam,4,4,external,m,n,4.666666666666667,0.6574,m,1,777.52
857,1203,11203,28,33,1,word,high,shape,5,4,internal,p,d,5.096774193548387,0.48985,p,1,569.06
857,1221,11221,29,33,1,word,high,flog,4,4,external,g,p,4.5,0.55857,g,1,773.26
857,3148,13148,30,33,1,consonant_string,low,dhkw,4,3,internal,k,g,1.1666666666666667,0.37222,g,0,917.48
857,2235,12235,31,33,1,pseudoword,high,frab,4,4,external,b,g,3.533333333333333,0.46543,b,1,859.7
857,3132,13132,32,33,1,consonant_string,low,vzldb,5,4,internal,d,r,1.3333333333333333,0.49182,d,1,689.92
857,1110,11110,33,33,1,word,low,weed,4,4,external,d,k,1.3333333333333333,0.3996,d,1,726.46
857,1247,11247,35,33,1,word,high,bale,4,3,internal,l,k,2.8,0.53572,l,1,640.01
857,2213,12213,36,33,1,pseudoword,high,nalb,4,4,external,b,p,5.066666666666666,0.70362,p,0,656.55
857,2207,12207,37,33,1,pseudoword,high,nood,4,4,external,d,p,5.096774193548387,0.48985,d,1,559.41
857,1223,11223,38,33,1,word,high,flag,4,4,external,g,p,4.5,0.55857,g,1,758.61
857,2245,12245,39,33,1,pseudoword,high,swork,5,4,internal,r,n,3.1333333333333333,0.62334,r,1,772.5
857,2243,12243,40,33,1,pseudoword,high,plur,4,4,external,r,n,3.1333333333333333,0.62334,n,0,879.72
857,3231,13231,41,33,1,consonant_string,high,gjwds,5,4,internal,d,c,3.566666666666667,0.66158,d,1,539.27
857,3239,13239,42,33,1,consonant_string,high,mvjt,4,4,external,t,r,3.3666666666666667,0.59892,r,0,548.79
857,3140,13140,43,33,1,consonant_string,low,gtln,4,3,internal,l,s,1.1,0.4218,l,1,550.65
857,1120,11120,44,33,1,word,low,gate,4,3,internal,t,m,1.0666666666666667,0.52674,t,1,533.51
857,2136,12136,46,33,1,pseudoword,low,plob,4,4,external,b,r,1.2666666666666666,0.51424,b,1,484.04
857,1140,11140,47,33,1,word,low,pole,4,3,internal,l,s,1.1,0.4218,l,1,502.56
857,3104,13104,48,33,1,consonant_string,low,htwd,4,4,external,d,m,1.1333333333333333,0.58091,d,1,794.42
857,1229,11229,49,33,1,word,high,wife,4,3,internal,f,r,3.8,0.69632,f,1,760.32
857,3223,13223,50,33,1,consonant_string,high,vlbg,4,4,external,g,p,4.5,0.55857,g,1,734.53
858,2214,22214,0,33,2,pseudoword,high,dape,4,3,internal,p,b,5.066666666666666,0.70362,p,1,609.93
858,3238,23238,56,33,2,consonant_string,high,njtb,4,3,internal,t,r,3.3666666666666667,0.59892,r,0,1053.15
858,2101,22101,67,33,2,pseudoword,low,snum,4,2,internal,n,t,1.1,0.6011,n,1,1299.06
858,3248,23248,78,33,2,consonant_string,high,dhkw,4,3,internal,k,l,2.8,0.53572,k,1,775.98
858,2204,22204,89,33,2,pseudoword,high,swed,4,4,external,d,p,5.096774193548387,0.48985,d,1,1257.55
858,1143,21143,100,33,2,word,low,moor,4,4,external,r,d,1.3333333333333333,0.49182,r,1,1146.79
858,1224,21224,111,33,2,word,high,bite,4,3,internal,t,l,4.5,0.47576,t,1,706.71
858,1244,21244,122,33,2,word,high,stone,5,4,internal,n,r,3.1333333333333333,0.62334,n,1,878.59
858,2111,22111,133,33,2,pseudoword,low,zoud,4,4,external,d,k,1.3333333333333333,0.3996,k,0,1491.17
858,3145,23145,1,33,2,consonant_string,low,hvwrt,5,4,internal,r,c,1.4,0.55867,r,1,1099.11
858,3133,23133,12,33,2,consonant_string,low,vkdj,4,3,internal,d,z,1.2333333333333334,0.52841,d,1,1018.03
858,1123,21123,23,33,2,word,low,flag,4,4,external,g,t,1.1333333333333333,0.44178,g,1,688.25
858,3216,23216,34,33,2,consonant_string,high,fsmt,4,3,internal,m,n,4.666666666666667,0.6574,m,1,1325.81
858,3240,23240,45,33,2,consonant_string,high,gtln,4,3,internal,l,r,3.2580645161290325,0.56415,r,0,736.39
858,2240,22240,51,33,2,pseudoword,high,hule,4,3,internal,l,r,3.2580645161290325,0.56415,l,1,1253.96
858,1218,21218,52,33,2,word,high,home,4,3,internal,m,n,4.666666666666667,0.6574,m,1,736.86
858,2127,22127,53,33,2,pseudoword,low,reng,4,4,external,g,k,1.1666666666666667,0.37222,g,1,948.42
858,2125,22125,54,33,2,pseudoword,low,jege,4,3,internal,g,k,1.1666666666666667,0.37222,g,1,886.31
858,2119,22119,55,33,2,pseudoword,low,chom,4,4,external,m,t,1.0666666666666667,0.52674,m,1,1019.88
858,2210,22210,57,33,2,pseudoword,high,fard,4,4,external,d,p,5.096774193548387,0.48985,d,1,961.12
858,2145,22145,58,33,2,pseudoword,low,swork,5,4,internal,r,c,1.4,0.55867,r,1,1118.36
858,1236,21236,59,33,2,word,high,stab,4,4,external,b,g,3.533333333333333,0.46543,b,1,897.6
858,2238,22238,60,33,2,pseudoword,high,jite,4,3,internal,t,r,3.3666666666666667,0.59892,t,1,1103.5
858,3119,23119,61,33,2,consonant_string,low,gjkm,4,4,external,m,t,1.0666666666666667,0.52674,t,0,967.41
858,1242,21242,62,33,2,word,high,seal,4,4,external,l,r,3.2580645161290325,0.56415,l,1,917.64
858,2202,22202,63,33,2,pseudoword,high,snad,4,2,internal,n,h,5.533333333333333,0.86536,n,1,1044.9
858,3139,23139,64,33,2,consonant_string,low,mvjt,4,4,external,t,n,1.1,0.6011,t,1,1480.8
858,3127,23127,65,33,2,consonant_string,low,bvcg,4,4,external,g,k,1.1666666666666667,0.37222,g,1,979.41
858,2133,22133,66,33,2,pseudoword,low,kide,4,3,internal,d,z,1.2333333333333334,0.52841,d,1,863.97
858,2115,22115,68,33,2,pseudoword,low,gulm,4,4,external,m,t,1.0666666666666667,0.52674,m,1,1249.21
858,3208,23208,69,33,2,consonant_string,high,cvsd,4,4,external,d,p,5.096774193548387,0.48985,d,1,1394.14
858,2139,22139,70,33,2,pseudoword,low,glot,4,4,external,t,n,1.1,0.6011,t,1,992.06
858,3230,23230,71,33,2,consonant_string,high,czhf,4,4,external,f,r,3.8,0.69632,r,0,709.96
858,2131,22131,72,33,2,pseudoword,low,spode,5,4,internal,d,m,1.1333333333333333,0.58091,m,0,679.17
858,2109,22109,73,33,2,pseudoword,low,glod,4,4,external,d,m,1.1333333333333333,0.58091,d,1,775.71
858,3147,23147,74,33,2,consonant_string,low,gnlt,4,3,internal,l,s,1.1,0.4218,s,0,1168.28
858,3224,23224,75,33,2,consonant_string,high,gpts,4,3,internal,t,l,4.5,0.47576,t,1,734.51
858,3202,23202,76,33,2,consonant_string,high,knfc,4,2,internal,n,h,5.533333333333333,0.86536,n,1,1093.08
858,2137,22137,77,33,2,pseudoword,low,blaw,4,4,external,w,p,1.1666666666666667,0.53452,w,1,791.97
858,1145,21145,79,33,2,word,low,spire,5,4,internal,r,c,1.4,0.55867,r,1,1185.88
858,1109,21109,80,33,2,word,low,seed,4,4,external,d,m,1.1333333333333333,0.58091,d,1,846.46
858,2212,22212,81,33,2,pseudoword,high,glip,4,4,external,p,d,5.096774193548387,0.48985,d,0,1335.38
858,1103,21103,82,33,2,word,low,shape,5,4,internal,p,v,1.1333333333333333,0.49111,p,1,609.93
858,3115,23115,83,33,2,consonant_string,low,sfdm,4,4,external,m,t,1.0666666666666667,0.52674,m,1,1129.16
858,2141,22141,84,33,2,pseudoword,low,bule,4,3,internal,l,n,1.3666666666666667,0.46775,n,0,751.73
858,3218,23218,85,33,2,consonant_string,high,zsmj,4,3,internal,m,n,4.666666666666667,0.6574,n,0,1138.62
858,1234,21234,86,33,2,word,high,pride,5,4,internal,d,c,3.566666666666667,0.66158,d,1,940.19
858,3214,23214,87,33,2,consonant_string,high,klpj,4,3,internal,p,b,5.066666666666666,0.70362,p,1,755.75
858,2246,22246,88,33,2,pseudoword,high,proal,5,5,external,l,k,2.8,0.53572,k,0,792.64
858,3109,23109,90,33,2,consonant_string,low,csbd,4,4,external,d,m,1.1333333333333333,0.58091,d,1,1158.54
858,1101,21101,91,33,2,word,low,snow,4,2,internal,n,t,1.1,0.6011,n,1,845.44
858,2103,22103,92,33,2,pseudoword,low,frope,5,4,internal,p,v,1.1333333333333333,0.49111,p,1,919.33
858,1230,21230,93,33,2,word,high,beef,4,4,external,f,r,3.8,0.69632,f,1,1096.57
858,3234,23234,94,33,2,consonant_string,high,pfldr,5,4,internal,d,c,3.566666666666667,0.66158,d,1,1172.49
858,3135,23135,95,33,2,consonant_string,low,mkrb,4,4,external,b,w,1.1,0.5109,b,1,1356.76
858,2107,22107,96,33,2,pseudoword,low,nood,4,4,external,d,r,1.3333333333333333,0.49182,d,1,638.66
858,3228,23228,97,33,2,consonant_string,high,vjnf,4,4,external,f,l,4.033333333333333,0.60982,l,0,1064.22
858,3105,23105,98,33,2,consonant_string,low,fcmpk,5,4,internal,p,v,1.1333333333333333,0.49111,p,1,926.45
858,1246,21246,99,33,2,word,high,steal,5,5,external,l,k,2.8,0.53572,l,1,1127.02
858,2121,22121,101,33,2,pseudoword,low,quag,4,4,external,g,w,1.1666666666666667,0.52446,g,1,762.59
858,2230,22230,102,33,2,pseudoword,high,zeaf,4,4,external,f,r,3.8,0.69632,f,1,828.81
858,2147,22147,103,33,2,pseudoword,low,jile,4,3,internal,l,s,1.1,0.4218,l,1,912.37
858,2206,22206,104,33,2,pseudoword,high,strepe,6,5,internal,p,d,5.096774193548387,0.48985,p,1,711.59
858,1204,21204,105,33,2,word,high,skid,4,4,external,d,p,5.096774193548387,0.48985,d,1,1301.83
858,3206,23206,106,33,2,consonant_string,high,jbfzpq,6,5,internal,p,d,5.096774193548387,0.48985,p,1,780.74
858,3244,23244,107,33,2,consonant_string,high,qjfnd,5,4,internal,n,r,3.1333333333333333,0.62334,r,0,808.29
858,2220,22220,108,33,2,pseudoword,high,wote,4,3,internal,t,l,4.5,0.47576,t,1,767.16
858,2222,22222,109,33,2,pseudoword,high,sleg,4,4,external,g,p,4.5,0.55857,g,1,1196.41
858,2129,22129,110,33,2,pseudoword,low,vofe,4,3,internal,f,n,1.2,0.53217,f,1,895.31
858,3236,23236,112,33,2,consonant_string,high,hfwb,4,4,external,b,g,3.533333333333333,0.46543,g,0,1316.23
858,1105,21105,113,33,2,word,low,grape,5,4,internal,p,v,1.1333333333333333,0.49111,p,1,647.46
858,3226,23226,114,33,2,consonant_string,high,lqvg,4,4,external,g,d,4.1,0.62488,d,0,1808.4
858,2218,22218,115,33,2,pseudoword,high,vume,4,3,internal,m,n,4.666666666666667,0.6574,n,0,983.53
858,3121,23121,116,33,2,consonant_string,low,fqcg,4,4,external,g,w,1.1666666666666667,0.52446,g,1,765.09
858,3242,23242,117,33,2,consonant_string,high,wktl,4,4,external,l,r,3.2580645161290325,0.56415,r,0,1022.32
858,2113,22113,118,33,2,pseudoword,low,nalb,4,4,external,b,m,1.2333333333333334,0.5784,b,1,1274.57
858,3103,23103,119,33,2,consonant_string,low,qsgpn,5,4,internal,p,v,1.1333333333333333,0.49111,p,1,843.81
858,2226,22226,120,33,2,pseudoword,high,yeng,4,4,external,g,d,4.1,0.62488,g,1,941.7
858,2123,22123,121,33,2,pseudoword,low,blug,4,4,external,g,t,1.1333333333333333,0.44178,t,0,1360.62
858,1113,21113,123,33,2,word,low,slab,4,4,external,b,m,1.2333333333333334,0.5784,b,1,532.86
858,1202,21202,124,33,2,word,high,snip,4,2,internal,n,h,5.533333333333333,0.86536,n,1,1049.42
858,1216,21216,125,33,2,word,high,mime,4,3,internal,m,n,4.666666666666667,0.6574,m,1,848.32
858,2244,22244,126,33,2,pseudoword,high,slone,5,4,internal,n,r,3.1333333333333333,0.62334,n,1,761.2
858,2105,22105,127,33,2,pseudoword,low,brupe,5,4,internal,p,v,1.1333333333333333,0.49111,p,1,622.41
858,2216,22216,128,33,2,pseudoword,high,hime,4,3,internal,m,n,4.666666666666667,0.6574,m,1,755.61
858,3111,23111,129,33,2,consonant_string,low,srfd,4,4,external,d,k,1.3333333333333333,0.3996,k,0,1387.52
858,3101,23101,130,33,2,consonant_string,low,znsq,4,2,internal,n,t,1.1,0.6011,n,1,768.1
858,3131,23131,131,33,2,consonant_string,low,gjwds,5,4,internal,d,m,1.1333333333333333,0.58091,m,0,1091.34
858,2234,22234,132,33,2,pseudoword,high,brode,5,4,internal,d,c,3.566666666666667,0.66158,d,1,855.24
858,1240,21240,134,33,2,word,high,pole,4,3,internal,l,r,3.2580645161290325,0.56415,l,1,1435.14
858,3113,23113,135,33,2,consonant_string,low,rtcb,4,4,external,b,m,1.2333333333333334,0.5784,m,0,1194.75
858,1228,21228,136,33,2,word,high,reef,4,4,external,f,l,4.033333333333333,0.60982,f,1,863.67
858,3232,23232,137,33,2,consonant_string,high,vzldb,5,4,internal,d,c,3.566666666666667,0.66158,c,0,1122.89
858,1137,21137,138,33,2,word,low,stew,4,4,external,w,p,1.1666666666666667,0.53452,w,1,777.13
858,1117,21117,139,33,2,word,low,scam,4,4,external,m,b,1.2333333333333334,0.5784,m,1,969.69
858,2208,22208,140,33,2,pseudoword,high,vild,4,4,external,d,p,5.096774193548387,0.48985,d,1,952.92
858,3117,23117,141,33,2,consonant_string,low,htjm,4,4,external,m,b,1.2333333333333334,0.5784,b,0,994.84
858,1125,21125,142,33,2,word,low,wage,4,3,internal,g,k,1.1666666666666667,0.37222,g,1,845.73
858,1248,21248,143,33,2,word,high,sake,4,3,internal,k,l,2.8,0.53572,k,1,694.61
858,1129,21129,2,33,2,word,low,wife,4,3,internal,f,n,1.2,0.53217,f,1,943.49
858,3220,23220,3,33,2,consonant_string,high,pktv,4,3,internal,t,l,4.5,0.47576,t,1,812.39
858,2228,22228,4,33,2,pseudoword,high,goif,4,4,external,f,l,4.033333333333333,0.60982,f,1,733.6
858,1210,21210,5,33,2,word,high,weed,4,4,external,d,p,5.096774193548387,0.48985,d,1,825.16
858,1226,21226,6,33,2,word,high,bang,4,4,external,g,d,4.1,0.62488,g,1,928.71
858,2117,22117,7,33,2,pseudoword,low,plim,4,4,external,m,b,1.2333333333333334,0.5784,m,1,1009.28
858,3129,23129,8,33,2,consonant_string,low,dtfh,4,3,internal,f,n,1.2,0.53217,f,1,625.5
858,1147,21147,9,33,2,word,low,bale,4,3,internal,l,s,1.1,0.4218,s,0,1163.06
858,1232,21232,10,33,2,word,high,spade,5,4,internal,d,c,3.566666666666667,0.66158,d,1,709.29
858,1119,21119,11,33,2,word,low,warm,4,4,external,m,t,1.0666666666666667,0.52674,m,1,611.5
858,3137,23137,13,33,2,consonant_string,low,gbcw,4,4,external,w,p,1.1666666666666667,0.53452,p,0,1353.72
858,3222,23222,14,33,2,consonant_string,high,wbjg,4,4,external,g,p,4.5,0.55857,g,1,985.65
858,3125,23125,15,33,2,consonant_string,low,fhgv,4,3,internal,g,k,1.1666666666666667,0.37222,g,1,979.22
858,3107,23107,16,33,2,consonant_string,low,qvsd,4,4,external,d,r,1.3333333333333333,0.49182,d,1,669.78
858,1131,21131,17,33,2,word,low,slide,5,4,internal,d,m,1.1333333333333333,0.58091,d,1,758.99
858,1214,21214,18,33,2,word,high,rope,4,3,internal,p,b,5.066666666666666,0.70362,p,1,619.2
858,3246,23246,19,33,2,consonant_string,high,bfnsl,5,5,external,l,k,2.8,0.53572,k,0,867.4
858,1141,21141,20,33,2,word,low,file,4,3,internal,l,n,1.3666666666666667,0.46775,l,1,658.62
858,2232,22232,21,33,2,pseudoword,high,ghade,5,4,internal,d,c,3.566666666666667,0.66158,d,1,663.49
858,2143,22143,22,33,2,pseudoword,low,plur,4,4,external,r,d,1.3333333333333333,0.49182,r,1,1343.72
858,3210,23210,24,33,2,consonant_string,high,lsbd,4,4,external,d,p,5.096774193548387,0.48985,d,1,1036.65
858,1220,21220,25,33,2,word,high,gate,4,3,internal,t,l,4.5,0.47576,t,1,751.22
858,2224,22224,26,33,2,pseudoword,high,jote,4,3,internal,t,l,4.5,0.47576,t,1,737.09
858,1121,21121,27,33,2,word,low,flog,4,4,external,g,w,1.1666666666666667,0.52446,g,1,665.64
858,3123,23123,28,33,2,consonant_string,low,vlbg,4,4,external,g,t,1.1333333333333333,0.44178,t,0,1540.88
858,1206,21206,29,33,2,word,high,stripe,6,5,internal,p,d,5.096774193548387,0.48985,p,1,605.46
858,1208,21208,30,33,2,word,high,hood,4,4,external,d,p,5.096774193548387,0.48985,d,1,759.33
858,1133,21133,31,33,2,word,low,fade,4,3,internal,d,z,1.2333333333333334,0.52841,d,1,740.55
858,3212,23212,32,33,2,consonant_string,high,qmwp,4,4,external,p,d,5.096774193548387,0.48985,p,1,620.09
858,3204,23204,33,33,2,consonant_string,high,htwd,4,4,external,d,p,5.096774193548387,0.48985,p,0,1078.31
858,1222,21222,35,33,2,word,high,swag,4,4,external,g,p,4.5,0.55857,g,1,762.87
858,2236,22236,36,33,2,pseudoword,high,plob,4,4,external,b,g,3.533333333333333,0.46543,b,1,1067.1
858,3143,23143,37,33,2,consonant_string,low,fbvr,4,4,external,r,d,1.3333333333333333,0.49182,r,1,1281.35
858,1127,21127,38,33,2,word,low,wing,4,4,external,g,k,1.1666666666666667,0.37222,g,1,852.94
858,1238,21238,39,33,2,word,high,date,4,3,internal,t,r,3.3666666666666667,0.59892,r,0,648.81
858,1212,21212,40,33,2,word,high,grip,4,4,external,p,d,5.096774193548387,0.48985,p,1,826.69
858,1107,21107,41,33,2,word,low,read,4,4,external,d,r,1.3333333333333333,0.49182,d,1,585.23
858,3141,23141,42,33,2,consonant_string,low,pqlt,4,3,internal,l,n,1.3666666666666667,0.46775,l,1,1371.8
858,1115,21115,43,33,2,word,low,beam,4,4,external,m,t,1.0666666666666667,0.52674,m,1,542.03
858,2248,22248,44,33,2,pseudoword,high,zoke,4,3,internal,k,l,2.8,0.53572,k,1,640.9
858,2135,22135,46,33,2,pseudoword,low,frab,4,4,external,b,w,1.1,0.5109,b,1,634.44
858,2242,22242,47,33,2,pseudoword,high,drol,4,4,external,l,r,3.2580645161290325,0.56415,l,1,1019.99
858,1111,21111,48,33,2,word,low,lead,4,4,external,d,k,1.3333333333333333,0.3996,d,1,1497.24
858,1135,21135,49,33,2,word,low,drab,4,4,external,b,w,1.1,0.5109,b,1,601.16
858,1139,21139,50,33,2,word,low,spat,4,4,external,t,n,1.1,0.6011,t,1,624.03
859,2205,32205,0,33,3,pseudoword,high,brupe,5,4,internal,p,d,5.096774193548387,0.48985,p,1,609.15
859,2219,32219,56,33,3,pseudoword,high,chom,4,4,external,m,n,4.666666666666667,0.6574,n,0,877.36
859,2203,32203,67,33,3,pseudoword,high,frope,5,4,internal,p,d,5.096774193548387,0.48985,p,1,1218.93
859,2122,32122,78,33,3,pseudoword,low,sleg,4,4,external,g,n,1.7,0.55212,g,1,939.18
859,3241,33241,89,33,3,consonant_string,high,pqlt,4,3,internal,l,r,3.2580645161290325,0.56415,l,1,718.73
859,2104,32104,100,33,3,pseudoword,low,swed,4,4,external,d,m,1.1333333333333333,0.58091,d,1,544.94
859,3102,33102,111,33,3,consonant_string,low,knfc,4,2,internal,n,l,1.3666666666666667,0.46775,n,1,878.81
859,1227,31227,122,33,3,word,high,wing,4,4,external,g,d,4.1,0.62488,d,0,1009.38
859,1211,31211,133,33,3,word,high,lead,4,4,external,d,p,5.096774193548387,0.48985,p,0,731.62
859,1233,31233,1,33,3,word,high,fade,4,3,internal,d,c,3.566666666666667,0.66158,c,0,584.15
859,1106,31106,12,33,3,word,low,stripe,6,5,internal,p,v,1.1333333333333333,0.49111,v,0,606.68
859,2144,32144,23,33,3,pseudoword,low,slone,5,4,internal,n,k,1.5333333333333334,0.52768,k,0,907.55
859,3120,33120,34,33,3,consonant_string,low,pktv,4,3,internal,t,m,1.0666666666666667,0.52674,m,0,1173.46
859,1229,31229,45,33,3,word,high,wife,4,3,internal,f,r,3.8,0.69632,r,0,886.7
859,3122,33122,51,33,3,consonant_string,low,wbjg,4,4,external,g,n,1.7,0.55212,n,0,867.26
859,2213,32213,52,33,3,pseudoword,high,nalb,4,4,external,b,p,5.066666666666666,0.70362,b,1,525.47
859,1146,31146,53,33,3,word,low,steal,5,5,external,l,m,1.0666666666666667,0.5113,l,1,543.0
859,1104,31104,54,33,3,word,low,skid,4,4,external,d,m,1.1333333333333333,0.58091,d,1,521.86
859,1215,31215,55,33,3,word,high,beam,4,4,external,m,n,4.666666666666667,0.6574,n,0,841.05
859,2114,32114,57,33,3,pseudoword,low,dape,4,3,internal,p,s,1.2580645161290323,0.5767,s,0,603.61
859,3229,33229,58,33,3,consonant_string,high,dtfh,4,3,internal,f,r,3.8,0.69632,f,1,636.47
859,1142,31142,59,33,3,word,low,seal,4,4,external,l,m,1.0666666666666667,0.5113,m,0,493.01
859,2120,32120,60,33,3,pseudoword,low,wote,4,3,internal,t,m,1.0666666666666667,0.52674,m,0,448.86
859,3132,33132,61,33,3,consonant_string,low,vzldb,5,4,internal,d,r,1.3333333333333333,0.49182,r,0,510.72
859,3140,33140,62,33,3,consonant_string,low,gtln,4,3,internal,l,s,1.1,0.4218,s,0,626.25
859,3221,33221,63,33,3,consonant_string,high,fqcg,4,4,external,g,p,4.5,0.55857,p,0,580.78
859,3126,33126,64,33,3,consonant_string,low,lqvg,4,4,external,g,k,1.1666666666666667,0.37222,k,0,521.3
859,1118,31118,65,33,3,word,low,home,4,3,internal,m,l,1.0666666666666667,0.5113,l,0,527.5
859,2217,32217,66,33,3,pseudoword,high,plim,4,4,external,m,n,4.666666666666667,0.6574,m,1,422.02
859,2124,32124,68,33,3,pseudoword,low,jote,4,3,internal,t,d,1.3666666666666667,0.47786,d,0,461.21
859,2126,32126,69,33,3,pseudoword,low,yeng,4,4,external,g,k,1.1666666666666667,0.37222,k,0,646.41
859,1132,31132,70,33,3,word,low,spade,5,4,internal,d,r,1.3333333333333333,0.49182,d,1,712.28
859,3235,33235,71,33,3,consonant_string,high,mkrb,4,4,external,b,g,3.533333333333333,0.46543,g,0,618.48
859,2243,32243,72,33,3,pseudoword,high,plur,4,4,external,r,n,3.1333333333333333,0.62334,r,1,615.69
859,3219,33219,73,33,3,consonant_string,high,gjkm,4,4,external,m,n,4.666666666666667,0.6574,n,0,675.89
859,1116,31116,74,33,3,word,low,mime,4,3,internal,m,l,1.0666666666666667,0.5113,m,1,509.42
859,2233,32233,75,33,3,pseudoword,high,kide,4,3,internal,d,c,3.566666666666667,0.66158,d,1,456.61
859,3207,33207,76,33,3,consonant_string,high,qvsd,4,4,external,d,p,5.096774193548387,0.48985,d,1,535.46
859,1245,31245,77,33,3,word,high,spire,5,4,internal,r,n,3.1333333333333333,0.62334,r,1,556.99
859,3134,33134,79,33,3,consonant_string,low,pfldr,5,4,internal,d,m,1.1333333333333333,0.58091,d,1,465.84
859,3118,33118,80,33,3,consonant_string,low,zsmj,4,3,internal,m,l,1.0666666666666667,0.5113,l,0,599.04
859,1247,31247,81,33,3,word,high,bale,4,3,internal,l,k,2.8,0.53572,k,0,502.9
859,2148,32148,82,33,3,pseudoword,low,zoke,4,3,internal,k,g,1.1666666666666667,0.37222,k,1,432.76
859,1144,31144,83,33,3,word,low,stone,5,4,internal,n,k,1.5333333333333334,0.52768,k,0,540.27
859,1239,31239,84,33,3,word,high,spat,4,4,external,t,r,3.3666666666666667,0.59892,r,0,523.8
859,2110,32110,85,33,3,pseudoword,low,fard,4,4,external,d,k,1.3333333333333333,0.3996,k,0,755.0
859,3243,33243,86,33,3,consonant_string,high,fbvr,4,4,external,r,n,3.1333333333333333,0.62334,n,0,564.87
859,1128,31128,87,33,3,word,low,reef,4,4,external,f,d,1.4333333333333333,0.51654,f,1,499.06
859,2118,32118,88,33,3,pseudoword,low,vume,4,3,internal,m,l,1.0666666666666667,0.5113,m,1,697.93
859,2146,32146,90,33,3,pseudoword,low,proal,5,5,external,l,m,1.0666666666666667,0.5113,l,1,521.8
859,1221,31221,91,33,3,word,high,flog,4,4,external,g,p,4.5,0.55857,g,1,587.99
859,1203,31203,92,33,3,word,high,shape,5,4,internal,p,d,5.096774193548387,0.48985,d,0,615.53
859,3108,33108,93,33,3,consonant_string,low,cvsd,4,4,external,d,k,1.3333333333333333,0.3996,k,0,1267.75
859,3136,33136,94,33,3,consonant_string,low,hfwb,4,4,external,b,r,1.2666666666666666,0.51424,r,0,1215.02
859,1120,31120,95,33,3,word,low,gate,4,3,internal,t,m,1.0666666666666667,0.52674,t,1,723.25
859,3223,33223,96,33,3,consonant_string,high,vlbg,4,4,external,g,p,4.5,0.55857,p,0,589.46
859,2108,32108,97,33,3,pseudoword,low,vild,4,4,external,d,k,1.3333333333333333,0.3996,d,1,456.98
859,2106,32106,98,33,3,pseudoword,low,strepe,6,5,internal,p,v,1.1333333333333333,0.49111,v,0,606.84
859,2223,32223,99,33,3,pseudoword,high,blug,4,4,external,g,p,4.5,0.55857,g,1,559.7
859,3104,33104,101,33,3,consonant_string,low,htwd,4,4,external,d,m,1.1333333333333333,0.58091,m,0,491.9
859,1134,31134,102,33,3,word,low,pride,5,4,internal,d,m,1.1333333333333333,0.58091,d,1,564.76
859,3203,33203,103,33,3,consonant_string,high,qsgpn,5,4,internal,p,d,5.096774193548387,0.48985,p,1,493.95
859,2225,32225,104,33,3,pseudoword,high,jege,4,3,internal,g,d,4.1,0.62488,g,1,502.81
859,3112,33112,105,33,3,consonant_string,low,qmwp,4,4,external,p,t,1.3333333333333333,0.53002,p,1,548.67
859,2231,32231,106,33,3,pseudoword,high,spode,5,4,internal,d,c,3.566666666666667,0.66158,c,0,640.54
859,1130,31130,107,33,3,word,low,beef,4,4,external,f,p,1.6333333333333333,0.41008,p,0,802.07
859,2116,32116,108,33,3,pseudoword,low,hime,4,3,internal,m,l,1.0666666666666667,0.5113,l,0,1753.0
859,3239,33239,109,33,3,consonant_string,high,mvjt,4,4,external,t,r,3.3666666666666667,0.59892,t,1,658.92
859,2221,32221,110,33,3,pseudoword,high,quag,4,4,external,g,p,4.5,0.55857,g,1,514.14
859,2241,32241,112,33,3,pseudoword,high,bule,4,3,internal,l,r,3.2580645161290325,0.56415,l,1,343.32
859,3130,33130,113,33,3,consonant_string,low,czhf,4,4,external,f,p,1.6333333333333333,0.41008,p,0,632.17
859,1140,31140,114,33,3,word,low,pole,4,3,internal,l,s,1.1,0.4218,l,1,557.7
859,3124,33124,115,33,3,consonant_string,low,gpts,4,3,internal,t,d,1.3666666666666667,0.47786,d,0,580.44
859,2215,32215,116,33,3,pseudoword,high,gulm,4,4,external,m,n,4.666666666666667,0.6574,m,1,478.97
859,2130,32130,117,33,3,pseudoword,low,zeaf,4,4,external,f,p,1.6333333333333333,0.41008,f,1,629.49
859,3231,33231,118,33,3,consonant_string,high,gjwds,5,4,internal,d,c,3.566666666666667,0.66158,d,1,591.02
859,3114,33114,119,33,3,consonant_string,low,klpj,4,3,internal,p,s,1.2580645161290323,0.5767,p,1,510.56
859,3215,33215,120,33,3,consonant_string,high,sfdm,4,4,external,m,n,4.666666666666667,0.6574,n,0,554.75
859,1124,31124,121,33,3,word,low,bite,4,3,internal,t,d,1.3666666666666667,0.47786,t,1,547.61
859,1114,31114,123,33,3,word,low,rope,4,3,internal,p,s,1.2580645161290323,0.5767,s,0,526.46
859,1217,31217,124,33,3,word,high,scam,4,4,external,m,n,4.666666666666667,0.6574,m,1,429.99
859,3211,33211,125,33,3,consonant_string,high,srfd,4,4,external,d,p,5.096774193548387,0.48985,p,0,589.51
859,1110,31110,126,33,3,word,low,weed,4,4,external,d,k,1.3333333333333333,0.3996,d,1,742.05
859,1209,31209,127,33,3,word,high,seed,4,4,external,d,p,5.096774193548387,0.48985,d,1,989.94
859,3237,33237,128,33,3,consonant_string,high,gbcw,4,4,external,w,m,3.4,0.62127,m,0,1058.51
859,2140,32140,129,33,3,pseudoword,low,hule,4,3,internal,l,s,1.1,0.4218,l,1,1152.42
859,3201,33201,130,33,3,consonant_string,high,znsq,4,2,internal,n,h,5.533333333333333,0.86536,h,0,1026.34
859,3227,33227,131,33,3,consonant_string,high,bvcg,4,4,external,g,d,4.1,0.62488,d,0,1151.91
859,1136,31136,132,33,3,word,low,stab,4,4,external,b,r,1.2666666666666666,0.51424,r,0,1047.83
859,2136,32136,134,33,3,pseudoword,low,plob,4,4,external,b,r,1.2666666666666666,0.51424,r,0,878.74
859,3128,33128,135,33,3,consonant_string,low,vjnf,4,4,external,f,d,1.4333333333333333,0.51654,f,1,1021.3
859,1219,31219,136,33,3,word,high,warm,4,4,external,m,n,4.666666666666667,0.6574,n,0,848.54
859,1235,31235,137,33,3,word,high,drab,4,4,external,b,g,3.533333333333333,0.46543,b,1,1093.43
859,3225,33225,138,33,3,consonant_string,high,fhgv,4,3,internal,g,d,4.1,0.62488,d,0,767.33
859,2235,32235,139,33,3,pseudoword,high,frab,4,4,external,b,g,3.533333333333333,0.46543,g,0,769.55
859,1112,31112,140,33,3,word,low,grip,4,4,external,p,t,1.3333333333333333,0.53002,t,0,995.78
859,3116,33116,141,33,3,consonant_string,low,fsmt,4,3,internal,m,l,1.0666666666666667,0.5113,l,0,846.67
859,3138,33138,142,33,3,consonant_string,low,njtb,4,3,internal,t,m,1.0666666666666667,0.52674,t,1,770.55
859,2247,32247,143,33,3,pseudoword,high,jile,4,3,internal,l,k,2.8,0.53572,k,0,755.77
859,1205,31205,2,33,3,word,high,grape,5,4,internal,p,d,5.096774193548387,0.48985,p,1,644.65
859,3142,33142,3,33,3,consonant_string,low,wktl,4,4,external,l,m,1.0666666666666667,0.5113,m,0,699.52
859,1138,31138,4,33,3,word,low,date,4,3,internal,t,m,1.0666666666666667,0.52674,t,1,618.4
859,1201,31201,5,33,3,word,high,snow,4,2,internal,n,h,5.533333333333333,0.86536,n,1,874.6
859,3247,33247,6,33,3,consonant_string,high,gnlt,4,3,internal,l,k,2.8,0.53572,l,1,979.83
859,1213,31213,7,33,3,word,high,slab,4,4,external,b,p,5.066666666666666,0.70362,b,1,984.4
859,3205,33205,8,33,3,consonant_string,high,fcmpk,5,4,internal,p,d,5.096774193548387,0.48985,d,0,697.96
859,2112,32112,9,33,3,pseudoword,low,glip,4,4,external,p,t,1.3333333333333333,0.53002,p,1,681.84
859,1223,31223,10,33,3,word,high,flag,4,4,external,g,p,4.5,0.55857,g,1,895.38
859,1148,31148,11,33,3,word,low,sake,4,3,internal,k,g,1.1666666666666667,0.37222,k,1,1079.28
859,3146,33146,13,33,3,consonant_string,low,bfnsl,5,5,external,l,m,1.0666666666666667,0.5113,l,1,1072.87
859,3144,33144,14,33,3,consonant_string,low,qjfnd,5,4,internal,n,k,1.5333333333333334,0.52768,n,1,955.1
859,3110,33110,15,33,3,consonant_string,low,lsbd,4,4,external,d,k,1.3333333333333333,0.3996,d,1,905.0
859,2138,32138,16,33,3,pseudoword,low,jite,4,3,internal,t,m,1.0666666666666667,0.52674,m,0,1049.9
859,2132,32132,17,33,3,pseudoword,low,ghade,5,4,internal,d,r,1.3333333333333333,0.49182,d,1,782.81
859,3213,33213,18,33,3,consonant_string,high,rtcb,4,4,external,b,p,5.066666666666666,0.70362,b,1,885.35
859,2134,32134,19,33,3,pseudoword,low,brode,5,4,internal,d,m,1.1333333333333333,0.58091,m,0,1093.92
859,2237,32237,20,33,3,pseudoword,high,blaw,4,4,external,w,m,3.4,0.62127,w,1,1276.85
859,1243,31243,21,33,3,word,high,moor,4,4,external,r,n,3.1333333333333333,0.62334,r,1,2151.47
859,2142,32142,22,33,3,pseudoword,low,drol,4,4,external,l,m,1.0666666666666667,0.5113,m,0,830.43
859,1126,31126,24,33,3,word,low,bang,4,4,external,g,k,1.1666666666666667,0.37222,g,1,754.99
859,2211,32211,25,33,3,pseudoword,high,zoud,4,4,external,d,p,5.096774193548387,0.48985,d,1,607.86
859,1122,31122,26,33,3,word,low,swag,4,4,external,g,n,1.7,0.55212,g,1,702.07
859,3245,33245,27,33,3,consonant_string,high,hvwrt,5,4,internal,r,n,3.1333333333333333,0.62334,r,1,760.95
859,2128,32128,28,33,3,pseudoword,low,goif,4,4,external,f,d,1.4333333333333333,0.51654,d,0,774.17
859,3209,33209,29,33,3,consonant_string,high,csbd,4,4,external,d,p,5.096774193548387,0.48985,d,1,895.38
859,2245,32245,30,33,3,pseudoword,high,swork,5,4,internal,r,n,3.1333333333333333,0.62334,r,1,1585.3
859,3148,33148,31,33,3,consonant_string,low,dhkw,4,3,internal,k,g,1.1666666666666667,0.37222,g,0,825.9
859,1231,31231,32,33,3,word,high,slide,5,4,internal,d,c,3.566666666666667,0.66158,d,1,910.46
859,1108,31108,33,33,3,word,low,hood,4,4,external,d,k,1.3333333333333333,0.3996,d,1,712.68
859,2102,32102,35,33,3,pseudoword,low,snad,4,2,internal,n,l,1.3666666666666667,0.46775,l,0,832.89
859,2239,32239,36,33,3,pseudoword,high,glot,4,4,external,t,r,3.3666666666666667,0.59892,t,1,939.45
859,1237,31237,37,33,3,word,high,stew,4,4,external,w,m,3.4,0.62127,w,1,641.0
859,1225,31225,38,33,3,word,high,wage,4,3,internal,g,d,4.1,0.62488,g,1,693.55
859,3106,33106,39,33,3,consonant_string,low,jbfzpq,6,5,internal,p,v,1.1333333333333333,0.49111,p,1,736.42
859,1207,31207,40,33,3,word,high,read,4,4,external,d,p,5.096774193548387,0.48985,d,1,724.97
859,1102,31102,41,33,3,word,low,snip,4,2,internal,n,l,1.3666666666666667,0.46775,l,0,836.18
859,1241,31241,42,33,3,word,high,file,4,3,internal,l,r,3.2580645161290325,0.56415,r,0,663.74
859,3233,33233,43,33,3,consonant_string,high,vkdj,4,3,internal,d,c,3.566666666666667,0.66158,d,1,692.93
859,2201,32201,44,33,3,pseudoword,high,snum,4,2,internal,n,h,5.533333333333333,0.86536,n,1,1105.83
859,2229,32229,46,33,3,pseudoword,high,vofe,4,3,internal,f,r,3.8,0.69632,f,1,664.73
859,2227,32227,47,33,3,pseudoword,high,reng,4,4,external,g,d,4.1,0.62488,d,0,532.93
859,2209,32209,48,33,3,pseudoword,high,glod,4,4,external,d,p,5.096774193548387,0.48985,d,1,618.46
859,3217,33217,49,33,3,consonant_string,high,htjm,4,4,external,m,n,4.666666666666667,0.6574,m,1,827.66
859,2207,32207,50,33,3,pseudoword,high,nood,4,4,external,d,p,5.096774193548387,0.48985,d,1,733.22
860,3226,43226,0,50,4,consonant_string,high,lqvg,4,4,external,g,d,4.1,0.62488,d,0,755.37
860,3143,43143,56,50,4,consonant_string,low,fbvr,4,4,external,r,d,1.3333333333333333,0.49182,r,1,613.56
860,1115,41115,67,50,4,word,low,beam,4,4,external,m,t,1.0666666666666667,0.52674,m,1,529.09
860,2234,42234,78,50,4,pseudoword,high,brode,5,4,internal,d,c,3.566666666666667,0.66158,d,1,945.96
860,1135,41135,89,50,4,word,low,drab,4,4,external,b,w,1.1,0.5109,b,1,1003.19
860,2133,42133,100,50,4,pseudoword,low,kide,4,3,internal,d,z,1.2333333333333334,0.52841,d,1,961.42
860,1246,41246,111,50,4,word,high,steal,5,5,external,l,k,2.8,0.53572,k,0,588.96
860,1206,41206,122,50,4,word,high,stripe,6,5,internal,p,d,5.096774193548387,0.48985,p,1,1038.83
860,3139,43139,133,50,4,consonant_string,low,mvjt,4,4,external,t,n,1.1,0.6011,n,0,1051.73
860,3147,43147,1,50,4,consonant_string,low,gnlt,4,3,internal,l,s,1.1,0.4218,l,1,1067.97
860,3230,43230,12,50,4,consonant_string,high,czhf,4,4,external,f,r,3.8,0.69632,r,0,859.53
860,3141,43141,23,50,4,consonant_string,low,pqlt,4,3,internal,l,n,1.3666666666666667,0.46775,l,1,972.09
860,3220,43220,34,50,4,consonant_string,high,pktv,4,3,internal,t,l,4.5,0.47576,t,1,750.63
860,2224,42224,45,50,4,pseudoword,high,jote,4,3,internal,t,l,4.5,0.47576,l,0,945.85
860,3212,43212,51,50,4,consonant_string,high,qmwp,4,4,external,p,d,5.096774193548387,0.48985,p,1,604.06
860,1210,41210,52,50,4,word,high,weed,4,4,external,d,p,5.096774193548387,0.48985,d,1,553.26
860,3117,43117,53,50,4,consonant_string,low,htjm,4,4,external,m,b,1.2333333333333334,0.5784,b,0,1058.46
860,1234,41234,54,50,4,word,high,pride,5,4,internal,d,c,3.566666666666667,0.66158,d,1,705.68
860,2117,42117,55,50,4,pseudoword,low,plim,4,4,external,m,b,1.2333333333333334,0.5784,m,1,1049.86
860,2101,42101,57,50,4,pseudoword,low,snum,4,2,internal,n,t,1.1,0.6011,n,1,858.12
860,3248,43248,58,50,4,consonant_string,high,dhkw,4,3,internal,k,l,2.8,0.53572,k,1,910.34
860,3210,43210,59,50,4,consonant_string,high,lsbd,4,4,external,d,p,5.096774193548387,0.48985,d,1,684.88
860,3246,43246,60,50,4,consonant_string,high,bfnsl,5,5,external,l,k,2.8,0.53572,k,0,1794.8
860,2214,42214,61,50,4,pseudoword,high,dape,4,3,internal,p,b,5.066666666666666,0.70362,p,1,823.06
860,1236,41236,62,50,4,word,high,stab,4,4,external,b,g,3.533333333333333,0.46543,b,1,607.59
860,1131,41131,63,50,4,word,low,slide,5,4,internal,d,m,1.1333333333333333,0.58091,d,1,819.79
860,1240,41240,64,50,4,word,high,pole,4,3,internal,l,r,3.2580645161290325,0.56415,l,1,783.34
860,3129,43129,65,50,4,consonant_string,low,dtfh,4,3,internal,f,n,1.2,0.53217,f,1,651.22
860,3133,43133,66,50,4,consonant_string,low,vkdj,4,3,internal,d,z,1.2333333333333334,0.52841,z,0,1242.43
860,1224,41224,68,50,4,word,high,bite,4,3,internal,t,l,4.5,0.47576,t,1,526.66
860,2131,42131,69,50,4,pseudoword,low,spode,5,4,internal,d,m,1.1333333333333333,0.58091,d,1,656.51
860,3121,43121,70,50,4,consonant_string,low,fqcg,4,4,external,g,w,1.1666666666666667,0.52446,g,1,787.72
860,3113,43113,71,50,4,consonant_string,low,rtcb,4,4,external,b,m,1.2333333333333334,0.5784,m,0,787.59
860,3111,43111,72,50,4,consonant_string,low,srfd,4,4,external,d,k,1.3333333333333333,0.3996,d,1,569.46
860,2232,42232,73,50,4,pseudoword,high,ghade,5,4,internal,d,c,3.566666666666667,0.66158,d,1,906.01
860,1248,41248,74,50,4,word,high,sake,4,3,internal,k,l,2.8,0.53572,k,1,691.2
860,2147,42147,75,50,4,pseudoword,low,jile,4,3,internal,l,s,1.1,0.4218,l,1,651.41
860,1147,41147,76,50,4,word,low,bale,4,3,internal,l,s,1.1,0.4218,l,1,517.6
860,3115,43115,77,50,4,consonant_string,low,sfdm,4,4,external,m,t,1.0666666666666667,0.52674,t,0,1070.14
860,3238,43238,79,50,4,consonant_string,high,njtb,4,3,internal,t,r,3.3666666666666667,0.59892,r,0,1197.72
860,3242,43242,80,50,4,consonant_string,high,wktl,4,4,external,l,r,3.2580645161290325,0.56415,r,0,587.94
860,3202,43202,81,50,4,consonant_string,high,knfc,4,2,internal,n,h,5.533333333333333,0.86536,n,1,1054.81
860,2246,42246,82,50,4,pseudoword,high,proal,5,5,external,l,k,2.8,0.53572,l,1,1669.07
860,2216,42216,83,50,4,pseudoword,high,hime,4,3,internal,m,n,4.666666666666667,0.6574,m,1,984.66
860,1204,41204,84,50,4,word,high,skid,4,4,external,d,p,5.096774193548387,0.48985,d,1,473.54
860,1212,41212,85,50,4,word,high,grip,4,4,external,p,d,5.096774193548387,0.48985,p,1,408.05
860,2121,42121,86,50,4,pseudoword,low,quag,4,4,external,g,w,1.1666666666666667,0.52446,g,1,484.56
860,1127,41127,87,50,4,word,low,wing,4,4,external,g,k,1.1666666666666667,0.37222,k,0,837.43
860,1242,41242,88,50,4,word,high,seal,4,4,external,l,r,3.2580645161290325,0.56415,l,1,672.3
860,1105,41105,90,50,4,word,low,grape,5,4,internal,p,v,1.1333333333333333,0.49111,p,1,518.83
860,2107,42107,91,50,4,pseudoword,low,nood,4,4,external,d,r,1.3333333333333333,0.49182,d,1,641.35
860,1103,41103,92,50,4,word,low,shape,5,4,internal,p,v,1.1333333333333333,0.49111,p,1,632.55
860,1113,41113,93,50,4,word,low,slab,4,4,external,b,m,1.2333333333333334,0.5784,b,1,584.4
860,2119,42119,94,50,4,pseudoword,low,chom,4,4,external,m,t,1.0666666666666667,0.52674,t,0,1188.29
860,3216,43216,95,50,4,consonant_string,high,fsmt,4,3,internal,m,n,4.666666666666667,0.6574,n,0,1003.19
860,1125,41125,96,50,4,word,low,wage,4,3,internal,g,k,1.1666666666666667,0.37222,k,0,411.39
860,1107,41107,97,50,4,word,low,read,4,4,external,d,r,1.3333333333333333,0.49182,d,1,456.91
860,1143,41143,98,50,4,word,low,moor,4,4,external,r,d,1.3333333333333333,0.49182,d,0,1093.11
860,2137,42137,99,50,4,pseudoword,low,blaw,4,4,external,w,p,1.1666666666666667,0.53452,w,1,730.34
860,2139,42139,101,50,4,pseudoword,low,glot,4,4,external,t,n,1.1,0.6011,t,1,690.22
860,3107,43107,102,50,4,consonant_string,low,qvsd,4,4,external,d,r,1.3333333333333333,0.49182,d,1,1749.12
860,1238,41238,103,50,4,word,high,date,4,3,internal,t,r,3.3666666666666667,0.59892,t,1,673.37
860,1228,41228,104,50,4,word,high,reef,4,4,external,f,l,4.033333333333333,0.60982,f,1,598.9
860,2242,42242,105,50,4,pseudoword,high,drol,4,4,external,l,r,3.2580645161290325,0.56415,l,1,584.09
860,1123,41123,106,50,4,word,low,flag,4,4,external,g,t,1.1333333333333333,0.44178,g,1,964.96
860,2103,42103,107,50,4,pseudoword,low,frope,5,4,internal,p,v,1.1333333333333333,0.49111,p,1,1205.54
860,2129,42129,108,50,4,pseudoword,low,vofe,4,3,internal,f,n,1.2,0.53217,f,1,675.76
860,1232,41232,109,50,4,word,high,spade,5,4,internal,d,c,3.566666666666667,0.66158,d,1,560.62
860,1139,41139,110,50,4,word,low,spat,4,4,external,t,n,1.1,0.6011,t,1,824.16
860,3125,43125,112,50,4,consonant_string,low,fhgv,4,3,internal,g,k,1.1666666666666667,0.37222,g,1,790.7
860,3119,43119,113,50,4,consonant_string,low,gjkm,4,4,external,m,t,1.0666666666666667,0.52674,m,1,460.56
860,2222,42222,114,50,4,pseudoword,high,sleg,4,4,external,g,p,4.5,0.55857,g,1,587.09
860,2125,42125,115,50,4,pseudoword,low,jege,4,3,internal,g,k,1.1666666666666667,0.37222,g,1,474.46
860,3214,43214,116,50,4,consonant_string,high,klpj,4,3,internal,p,b,5.066666666666666,0.70362,p,1,765.99
860,2226,42226,117,50,4,pseudoword,high,yeng,4,4,external,g,d,4.1,0.62488,g,1,555.52
860,3244,43244,118,50,4,consonant_string,high,qjfnd,5,4,internal,n,r,3.1333333333333333,0.62334,r,0,916.72
860,1101,41101,119,50,4,word,low,snow,4,2,internal,n,t,1.1,0.6011,n,1,609.26
860,3236,43236,120,50,4,consonant_string,high,hfwb,4,4,external,b,g,3.533333333333333,0.46543,g,0,1018.81
860,2123,42123,121,50,4,pseudoword,low,blug,4,4,external,g,t,1.1333333333333333,0.44178,g,1,625.35
860,1244,41244,123,50,4,word,high,stone,5,4,internal,n,r,3.1333333333333333,0.62334,n,1,621.21
860,2220,42220,124,50,4,pseudoword,high,wote,4,3,internal,t,l,4.5,0.47576,t,1,1134.76
860,1111,41111,125,50,4,word,low,lead,4,4,external,d,k,1.3333333333333333,0.3996,d,1,791.65
860,2111,42111,126,50,4,pseudoword,low,zoud,4,4,external,d,k,1.3333333333333333,0.3996,k,0,1170.89
860,3232,43232,127,50,4,consonant_string,high,vzldb,5,4,internal,d,c,3.566666666666667,0.66158,d,1,790.45
860,1129,41129,128,50,4,word,low,wife,4,3,internal,f,n,1.2,0.53217,f,1,566.31
860,3206,43206,129,50,4,consonant_string,high,jbfzpq,6,5,internal,p,d,5.096774193548387,0.48985,p,1,1118.86
860,3131,43131,130,50,4,consonant_string,low,gjwds,5,4,internal,d,m,1.1333333333333333,0.58091,m,0,1073.43
860,1133,41133,131,50,4,word,low,fade,4,3,internal,d,z,1.2333333333333334,0.52841,d,1,517.98
860,1216,41216,132,50,4,word,high,mime,4,3,internal,m,n,4.666666666666667,0.6574,n,0,860.5
860,2141,42141,134,50,4,pseudoword,low,bule,4,3,internal,l,n,1.3666666666666667,0.46775,l,1,501.04
860,1117,41117,135,50,4,word,low,scam,4,4,external,m,b,1.2333333333333334,0.5784,m,1,581.23
860,2109,42109,136,50,4,pseudoword,low,glod,4,4,external,d,m,1.1333333333333333,0.58091,m,0,1265.12
860,2208,42208,137,50,4,pseudoword,high,vild,4,4,external,d,p,5.096774193548387,0.48985,p,0,2066.73
860,1145,41145,138,50,4,word,low,spire,5,4,internal,r,c,1.4,0.55867,r,1,606.34
860,2238,42238,139,50,4,pseudoword,high,jite,4,3,internal,t,r,3.3666666666666667,0.59892,t,1,778.54
860,3109,43109,140,50,4,consonant_string,low,csbd,4,4,external,d,m,1.1333333333333333,0.58091,m,0,1515.44
860,2230,42230,141,50,4,pseudoword,high,zeaf,4,4,external,f,r,3.8,0.69632,r,0,1097.04
860,3240,43240,142,50,4,consonant_string,high,gtln,4,3,internal,l,r,3.2580645161290325,0.56415,l,1,825.27
860,1230,41230,143,50,4,word,high,beef,4,4,external,f,r,3.8,0.69632,f,1,1633.17
860,2218,42218,2,50,4,pseudoword,high,vume,4,3,internal,m,n,4.666666666666667,0.6574,m,1,1788.14
860,1202,41202,3,50,4,word,high,snip,4,2,internal,n,h,5.533333333333333,0.86536,n,1,1027.08
860,3222,43222,4,50,4,consonant_string,high,wbjg,4,4,external,g,p,4.5,0.55857,g,1,1364.98
860,3204,43204,5,50,4,consonant_string,high,htwd,4,4,external,d,p,5.096774193548387,0.48985,d,1,1631.59
860,3123,43123,6,50,4,consonant_string,low,vlbg,4,4,external,g,t,1.1333333333333333,0.44178,g,1,2188.57
860,3105,43105,7,50,4,consonant_string,low,fcmpk,5,4,internal,p,v,1.1333333333333333,0.49111,v,0,1455.54
860,1208,41208,8,50,4,word,high,hood,4,4,external,d,p,5.096774193548387,0.48985,d,1,859.79
860,3101,43101,9,50,4,consonant_string,low,znsq,4,2,internal,n,t,1.1,0.6011,n,1,1582.38
860,2135,42135,10,50,4,pseudoword,low,frab,4,4,external,b,w,1.1,0.5109,b,1,686.28
860,3145,43145,11,50,4,consonant_string,low,hvwrt,5,4,internal,r,c,1.4,0.55867,r,1,687.15
860,2244,42244,13,50,4,pseudoword,high,slone,5,4,internal,n,r,3.1333333333333333,0.62334,n,1,804.02
860,1220,41220,14,50,4,word,high,gate,4,3,internal,t,l,4.5,0.47576,t,1,663.23
860,1226,41226,15,50,4,word,high,bang,4,4,external,g,d,4.1,0.62488,g,1,734.77
860,2105,42105,16,50,4,pseudoword,low,brupe,5,4,internal,p,v,1.1333333333333333,0.49111,p,1,671.63
860,2143,42143,17,50,4,pseudoword,low,plur,4,4,external,r,d,1.3333333333333333,0.49182,r,1,557.15
860,2127,42127,18,50,4,pseudoword,low,reng,4,4,external,g,k,1.1666666666666667,0.37222,k,0,907.36
860,3224,43224,19,50,4,consonant_string,high,gpts,4,3,internal,t,l,4.5,0.47576,l,0,1253.59
860,2206,42206,20,50,4,pseudoword,high,strepe,6,5,internal,p,d,5.096774193548387,0.48985,d,0,866.83
860,1222,41222,21,50,4,word,high,swag,4,4,external,g,p,4.5,0.55857,g,1,748.37
860,3127,43127,22,50,4,consonant_string,low,bvcg,4,4,external,g,k,1.1666666666666667,0.37222,k,0,1287.61
860,1109,41109,24,50,4,word,low,seed,4,4,external,d,m,1.1333333333333333,0.58091,d,1,655.5
860,2248,42248,25,50,4,pseudoword,high,zoke,4,3,internal,k,l,2.8,0.53572,l,0,1103.72
860,3218,43218,26,50,4,consonant_string,high,zsmj,4,3,internal,m,n,4.666666666666667,0.6574,n,0,1572.98
860,2236,42236,27,50,4,pseudoword,high,plob,4,4,external,b,g,3.533333333333333,0.46543,b,1,833.56
860,3135,43135,28,50,4,consonant_string,low,mkrb,4,4,external,b,w,1.1,0.5109,w,0,949.44
860,1121,41121,29,50,4,word,low,flog,4,4,external,g,w,1.1666666666666667,0.52446,g,1,628.66
860,2204,42204,30,50,4,pseudoword,high,swed,4,4,external,d,p,5.096774193548387,0.48985,p,0,2321.59
860,3137,43137,31,50,4,consonant_string,low,gbcw,4,4,external,w,p,1.1666666666666667,0.53452,w,1,1931.26
860,1119,41119,32,50,4,word,low,warm,4,4,external,m,t,1.0666666666666667,0.52674,m,1,513.18
860,2115,42115,33,50,4,pseudoword,low,gulm,4,4,external,m,t,1.0666666666666667,0.52674,t,0,2008.77
860,3208,43208,35,50,4,consonant_string,high,cvsd,4,4,external,d,p,5.096774193548387,0.48985,d,1,1291.4
860,1137,41137,36,50,4,word,low,stew,4,4,external,w,p,1.1666666666666667,0.53452,w,1,594.62
860,2228,42228,37,50,4,pseudoword,high,goif,4,4,external,f,l,4.033333333333333,0.60982,l,0,824.82
860,2202,42202,38,50,4,pseudoword,high,snad,4,2,internal,n,h,5.533333333333333,0.86536,n,1,911.37
860,1218,41218,39,50,4,word,high,home,4,3,internal,m,n,4.666666666666667,0.6574,m,1,632.92
860,3103,43103,40,50,4,consonant_string,low,qsgpn,5,4,internal,p,v,1.1333333333333333,0.49111,v,0,1261.8
860,3228,43228,41,50,4,consonant_string,high,vjnf,4,4,external,f,l,4.033333333333333,0.60982,l,0,804.37
860,2210,42210,42,50,4,pseudoword,high,fard,4,4,external,d,p,5.096774193548387,0.48985,d,1,678.58
860,2113,42113,43,50,4,pseudoword,low,nalb,4,4,external,b,m,1.2333333333333334,0.5784,b,1,588.44
860,1141,41141,44,50,4,word,low,file,4,3,internal,l,n,1.3666666666666667,0.46775,l,1,539.3
860,1214,41214,46,50,4,word,high,rope,4,3,internal,p,b,5.066666666666666,0.70362,p,1,602.15
860,2240,42240,47,50,4,pseudoword,high,hule,4,3,internal,l,r,3.2580645161290325,0.56415,l,1,669.35
860,2145,42145,48,50,4,pseudoword,low,swork,5,4,internal,r,c,1.4,0.55867,r,1,1242.91
860,3234,43234,49,50,4,consonant_string,high,pfldr,5,4,internal,d,c,3.566666666666667,0.66158,c,0,1177.16
860,2212,42212,50,50,4,pseudoword,high,glip,4,4,external,p,d,5.096774193548387,0.48985,p,1,545.04
861,2227,12227,0,67,1,pseudoword,high,reng,4,4,external,g,d,4.1,0.62488,g,1,494.64
861,2106,12106,56,67,1,pseudoword,low,strepe,6,5,internal,p,v,1.1333333333333333,0.49111,p,1,758.17
861,2247,12247,67,67,1,pseudoword,high,jile,4,3,internal,l,k,2.8,0.53572,l,1,603.71
861,3142,13142,78,67,1,consonant_string,low,wktl,4,4,external,l,m,1.0666666666666667,0.5113,m,0,708.25
861,1217,11217,89,67,1,word,high,scam,4,4,external,m,n,4.666666666666667,0.6574,m,1,528.79
861,3108,13108,100,67,1,consonant_string,low,cvsd,4,4,external,d,k,1.3333333333333333,0.3996,k,0,854.99
861,3209,13209,111,67,1,consonant_string,high,csbd,4,4,external,d,p,5.096774193548387,0.48985,d,1,758.54
861,1219,11219,122,67,1,word,high,warm,4,4,external,m,n,4.666666666666667,0.6574,m,1,623.08
861,2130,12130,133,67,1,pseudoword,low,zeaf,4,4,external,f,p,1.6333333333333333,0.41008,f,1,524.93
861,3229,13229,1,67,1,consonant_string,high,dtfh,4,3,internal,f,r,3.8,0.69632,r,0,780.82
861,2207,12207,12,67,1,pseudoword,high,nood,4,4,external,d,p,5.096774193548387,0.48985,d,1,799.03
861,2209,12209,23,67,1,pseudoword,high,glod,4,4,external,d,p,5.096774193548387,0.48985,p,0,1335.61
861,3247,13247,34,67,1,consonant_string,high,gnlt,4,3,internal,l,k,2.8,0.53572,l,1,1082.87
861,1241,11241,45,67,1,word,high,file,4,3,internal,l,r,3.2580645161290325,0.56415,r,0,797.11
861,1209,11209,51,67,1,word,high,seed,4,4,external,d,p,5.096774193548387,0.48985,d,1,1119.68
861,2104,12104,52,67,1,pseudoword,low,swed,4,4,external,d,m,1.1333333333333333,0.58091,d,1,656.57
861,1130,11130,53,67,1,word,low,beef,4,4,external,f,p,1.6333333333333333,0.41008,f,1,507.1
861,2233,12233,54,67,1,pseudoword,high,kide,4,3,internal,d,c,3.566666666666667,0.66158,d,1,773.63
861,2122,12122,55,67,1,pseudoword,low,sleg,4,4,external,g,n,1.7,0.55212,g,1,585.51
861,1225,11225,57,67,1,word,high,wage,4,3,internal,g,d,4.1,0.62488,d,0,822.72
861,2116,12116,58,67,1,pseudoword,low,hime,4,3,internal,m,l,1.0666666666666667,0.5113,m,1,481.59
861,3106,13106,59,67,1,consonant_string,low,jbfzpq,6,5,internal,p,v,1.1333333333333333,0.49111,p,1,773.79
861,1235,11235,60,67,1,word,high,drab,4,4,external,b,g,3.533333333333333,0.46543,b,1,943.69
861,1132,11132,61,67,1,word,low,spade,5,4,internal,d,r,1.3333333333333333,0.49182,d,1,546.23
861,2144,12144,62,67,1,pseudoword,low,slone,5,4,internal,n,k,1.5333333333333334,0.52768,n,1,743.77
861,2215,12215,63,67,1,pseudoword,high,gulm,4,4,external,m,n,4.666666666666667,0.6574,m,1,580.31
861,2136,12136,64,67,1,pseudoword,low,plob,4,4,external,b,r,1.2666666666666666,0.51424,b,1,525.5
861,1215,11215,65,67,1,word,high,beam,4,4,external,m,n,4.666666666666667,0.6574,m,1,475.69
861,2237,12237,66,67,1,pseudoword,high,blaw,4,4,external,w,m,3.4,0.62127,w,1,578.89
861,3138,13138,68,67,1,consonant_string,low,njtb,4,3,internal,t,m,1.0666666666666667,0.52674,t,1,1021.11
861,1239,11239,69,67,1,word,high,spat,4,4,external,t,r,3.3666666666666667,0.59892,t,1,631.0
861,1108,11108,70,67,1,word,low,hood,4,4,external,d,k,1.3333333333333333,0.3996,d,1,594.2
861,3211,13211,71,67,1,consonant_string,high,srfd,4,4,external,d,p,5.096774193548387,0.48985,p,0,588.74
861,3126,13126,72,67,1,consonant_string,low,lqvg,4,4,external,g,k,1.1666666666666667,0.37222,g,1,489.93
861,3241,13241,73,67,1,consonant_string,high,pqlt,4,3,internal,l,r,3.2580645161290325,0.56415,r,0,689.13
861,1245,11245,74,67,1,word,high,spire,5,4,internal,r,n,3.1333333333333333,0.62334,r,1,631.34
861,3102,13102,75,67,1,consonant_string,low,knfc,4,2,internal,n,l,1.3666666666666667,0.46775,n,1,817.54
861,1247,11247,76,67,1,word,high,bale,4,3,internal,l,k,2.8,0.53572,l,1,725.43
861,3134,13134,77,67,1,consonant_string,low,pfldr,5,4,internal,d,m,1.1333333333333333,0.58091,d,1,509.64
861,2213,12213,79,67,1,pseudoword,high,nalb,4,4,external,b,p,5.066666666666666,0.70362,b,1,866.51
861,2231,12231,80,67,1,pseudoword,high,spode,5,4,internal,d,c,3.566666666666667,0.66158,d,1,1044.41
861,2118,12118,81,67,1,pseudoword,low,vume,4,3,internal,m,l,1.0666666666666667,0.5113,m,1,808.98
861,1128,11128,82,67,1,word,low,reef,4,4,external,f,d,1.4333333333333333,0.51654,f,1,476.85
861,1233,11233,83,67,1,word,high,fade,4,3,internal,d,c,3.566666666666667,0.66158,d,1,1280.08
861,3110,13110,84,67,1,consonant_string,low,lsbd,4,4,external,d,k,1.3333333333333333,0.3996,d,1,595.32
861,3223,13223,85,67,1,consonant_string,high,vlbg,4,4,external,g,p,4.5,0.55857,g,1,1068.87
861,2142,12142,86,67,1,pseudoword,low,drol,4,4,external,l,m,1.0666666666666667,0.5113,m,0,1430.8
861,3148,13148,87,67,1,consonant_string,low,dhkw,4,3,internal,k,g,1.1666666666666667,0.37222,k,1,1207.08
861,2243,12243,88,67,1,pseudoword,high,plur,4,4,external,r,n,3.1333333333333333,0.62334,r,1,1069.65
861,3245,13245,90,67,1,consonant_string,high,hvwrt,5,4,internal,r,n,3.1333333333333333,0.62334,r,1,623.55
861,2114,12114,91,67,1,pseudoword,low,dape,4,3,internal,p,s,1.2580645161290323,0.5767,p,1,617.42
861,2126,12126,92,67,1,pseudoword,low,yeng,4,4,external,g,k,1.1666666666666667,0.37222,g,1,674.29
861,3215,13215,93,67,1,consonant_string,high,sfdm,4,4,external,m,n,4.666666666666667,0.6574,m,1,491.15
861,3124,13124,94,67,1,consonant_string,low,gpts,4,3,internal,t,d,1.3666666666666667,0.47786,d,0,670.69
861,1148,11148,95,67,1,word,low,sake,4,3,internal,k,g,1.1666666666666667,0.37222,g,0,1091.56
861,3231,13231,96,67,1,consonant_string,high,gjwds,5,4,internal,d,c,3.566666666666667,0.66158,d,1,637.15
861,3237,13237,97,67,1,consonant_string,high,gbcw,4,4,external,w,m,3.4,0.62127,w,1,560.34
861,3116,13116,98,67,1,consonant_string,low,fsmt,4,3,internal,m,l,1.0666666666666667,0.5113,m,1,518.21
861,3239,13239,99,67,1,consonant_string,high,mvjt,4,4,external,t,r,3.3666666666666667,0.59892,t,1,540.07
861,3140,13140,101,67,1,consonant_string,low,gtln,4,3,internal,l,s,1.1,0.4218,l,1,972.29
861,2132,12132,102,67,1,pseudoword,low,ghade,5,4,internal,d,r,1.3333333333333333,0.49182,d,1,579.18
861,1205,11205,103,67,1,word,high,grape,5,4,internal,p,d,5.096774193548387,0.48985,p,1,578.37
861,3227,13227,104,67,1,consonant_string,high,bvcg,4,4,external,g,d,4.1,0.62488,g,1,471.57
861,2235,12235,105,67,1,pseudoword,high,frab,4,4,external,b,g,3.533333333333333,0.46543,b,1,977.45
861,1243,11243,106,67,1,word,high,moor,4,4,external,r,n,3.1333333333333333,0.62334,r,1,755.68
861,1227,11227,107,67,1,word,high,wing,4,4,external,g,d,4.1,0.62488,g,1,415.21
861,2124,12124,108,67,1,pseudoword,low,jote,4,3,internal,t,d,1.3666666666666667,0.47786,t,1,680.07
861,1114,11114,109,67,1,word,low,rope,4,3,internal,p,s,1.2580645161290323,0.5767,s,0,576.27
861,1144,11144,110,67,1,word,low,stone,5,4,internal,n,k,1.5333333333333334,0.52768,n,1,549.48
861,2223,12223,112,67,1,pseudoword,high,blug,4,4,external,g,p,4.5,0.55857,g,1,689.02
861,1112,11112,113,67,1,word,low,grip,4,4,external,p,t,1.3333333333333333,0.53002,p,1,481.21
861,3219,13219,114,67,1,consonant_string,high,gjkm,4,4,external,m,n,4.666666666666667,0.6574,m,1,457.41
861,3235,13235,115,67,1,consonant_string,high,mkrb,4,4,external,b,g,3.533333333333333,0.46543,b,1,679.14
861,2219,12219,116,67,1,pseudoword,high,chom,4,4,external,m,n,4.666666666666667,0.6574,m,1,380.33
861,2102,12102,117,67,1,pseudoword,low,snad,4,2,internal,n,l,1.3666666666666667,0.46775,n,1,824.54
861,1120,11120,118,67,1,word,low,gate,4,3,internal,t,m,1.0666666666666667,0.52674,t,1,695.42
861,1138,11138,119,67,1,word,low,date,4,3,internal,t,m,1.0666666666666667,0.52674,t,1,600.96
861,2241,12241,120,67,1,pseudoword,high,bule,4,3,internal,l,r,3.2580645161290325,0.56415,r,0,647.5
861,3104,13104,121,67,1,consonant_string,low,htwd,4,4,external,d,m,1.1333333333333333,0.58091,d,1,574.04
861,1106,11106,123,67,1,word,low,stripe,6,5,internal,p,v,1.1333333333333333,0.49111,p,1,481.89
861,1124,11124,124,67,1,word,low,bite,4,3,internal,t,d,1.3666666666666667,0.47786,t,1,440.08
861,2221,12221,125,67,1,pseudoword,high,quag,4,4,external,g,p,4.5,0.55857,g,1,683.28
861,1237,11237,126,67,1,word,high,stew,4,4,external,w,m,3.4,0.62127,w,1,607.5
861,3112,13112,127,67,1,consonant_string,low,qmwp,4,4,external,p,t,1.3333333333333333,0.53002,p,1,416.02
861,1221,11221,128,67,1,word,high,flog,4,4,external,g,p,4.5,0.55857,p,0,393.87
861,2203,12203,129,67,1,pseudoword,high,frope,5,4,internal,p,d,5.096774193548387,0.48985,p,1,557.39
861,1146,11146,130,67,1,word,low,steal,5,5,external,l,m,1.0666666666666667,0.5113,l,1,510.93
861,2245,12245,131,67,1,pseudoword,high,swork,5,4,internal,r,n,3.1333333333333333,0.62334,n,0,1955.85
861,3203,13203,132,67,1,consonant_string,high,qsgpn,5,4,internal,p,d,5.096774193548387,0.48985,p,1,515.46
861,1142,11142,134,67,1,word,low,seal,4,4,external,l,m,1.0666666666666667,0.5113,l,1,734.33
861,2108,12108,135,67,1,pseudoword,low,vild,4,4,external,d,k,1.3333333333333333,0.3996,d,1,449.52
861,3225,13225,136,67,1,consonant_string,high,fhgv,4,3,internal,g,d,4.1,0.62488,g,1,620.06
861,3221,13221,137,67,1,consonant_string,high,fqcg,4,4,external,g,p,4.5,0.55857,g,1,681.93
861,1213,11213,138,67,1,word,high,slab,4,4,external,b,p,5.066666666666666,0.70362,b,1,519.13
861,3207,13207,139,67,1,consonant_string,high,qvsd,4,4,external,d,p,5.096774193548387,0.48985,d,1,550.0
861,3146,13146,140,67,1,consonant_string,low,bfnsl,5,5,external,l,m,1.0666666666666667,0.5113,l,1,440.52
861,1136,11136,141,67,1,word,low,stab,4,4,external,b,r,1.2666666666666666,0.51424,b,1,491.71
861,1104,11104,142,67,1,word,low,skid,4,4,external,d,m,1.1333333333333333,0.58091,d,1,476.24
861,1126,11126,143,67,1,word,low,bang,4,4,external,g,k,1.1666666666666667,0.37222,g,1,538.43
861,3233,13233,2,67,1,consonant_string,high,vkdj,4,3,internal,d,c,3.566666666666667,0.66158,d,1,709.64
861,1211,11211,3,67,1,word,high,lead,4,4,external,d,p,5.096774193548387,0.48985,d,1,857.52
861,2120,12120,4,67,1,pseudoword,low,wote,4,3,internal,t,m,1.0666666666666667,0.52674,t,1,527.07
861,3144,13144,5,67,1,consonant_string,low,qjfnd,5,4,internal,n,k,1.5333333333333334,0.52768,n,1,927.28
861,1116,11116,6,67,1,word,low,mime,4,3,internal,m,l,1.0666666666666667,0.5113,m,1,478.5
861,2205,12205,7,67,1,pseudoword,high,brupe,5,4,internal,p,d,5.096774193548387,0.48985,p,1,561.69
861,2134,12134,8,67,1,pseudoword,low,brode,5,4,internal,d,m,1.1333333333333333,0.58091,d,1,448.55
861,2211,12211,9,67,1,pseudoword,high,zoud,4,4,external,d,p,5.096774193548387,0.48985,d,1,793.1
861,1201,11201,10,67,1,word,high,snow,4,2,internal,n,h,5.533333333333333,0.86536,n,1,583.64
861,2140,12140,11,67,1,pseudoword,low,hule,4,3,internal,l,s,1.1,0.4218,l,1,530.84
861,3130,13130,13,67,1,consonant_string,low,czhf,4,4,external,f,p,1.6333333333333333,0.41008,f,1,615.04
861,3213,13213,14,67,1,consonant_string,high,rtcb,4,4,external,b,p,5.066666666666666,0.70362,b,1,614.9
861,3122,13122,15,67,1,consonant_string,low,wbjg,4,4,external,g,n,1.7,0.55212,n,0,905.8
861,2229,12229,16,67,1,pseudoword,high,vofe,4,3,internal,f,r,3.8,0.69632,r,0,1188.37
861,3136,13136,17,67,1,consonant_string,low,hfwb,4,4,external,b,r,1.2666666666666666,0.51424,b,1,581.61
861,2146,12146,18,67,1,pseudoword,low,proal,5,5,external,l,m,1.0666666666666667,0.5113,l,1,554.8
861,3128,13128,19,67,1,consonant_string,low,vjnf,4,4,external,f,d,1.4333333333333333,0.51654,f,1,619.34
861,3114,13114,20,67,1,consonant_string,low,klpj,4,3,internal,p,s,1.2580645161290323,0.5767,s,0,754.22
861,3118,13118,21,67,1,consonant_string,low,zsmj,4,3,internal,m,l,1.0666666666666667,0.5113,m,1,456.75
861,1122,11122,22,67,1,word,low,swag,4,4,external,g,n,1.7,0.55212,g,1,857.29
861,1229,11229,24,67,1,word,high,wife,4,3,internal,f,r,3.8,0.69632,f,1,442.83
861,1134,11134,25,67,1,word,low,pride,5,4,internal,d,m,1.1333333333333333,0.58091,d,1,483.36
861,1118,11118,26,67,1,word,low,home,4,3,internal,m,l,1.0666666666666667,0.5113,m,1,403.54
861,2239,12239,27,67,1,pseudoword,high,glot,4,4,external,t,r,3.3666666666666667,0.59892,t,1,595.08
861,1140,11140,28,67,1,word,low,pole,4,3,internal,l,s,1.1,0.4218,l,1,565.61
861,2217,12217,29,67,1,pseudoword,high,plim,4,4,external,m,n,4.666666666666667,0.6574,m,1,520.48
861,3201,13201,30,67,1,consonant_string,high,znsq,4,2,internal,n,h,5.533333333333333,0.86536,n,1,1207.37
861,1223,11223,31,67,1,word,high,flag,4,4,external,g,p,4.5,0.55857,g,1,803.94
861,3205,13205,32,67,1,consonant_string,high,fcmpk,5,4,internal,p,d,5.096774193548387,0.48985,p,1,961.51
861,2148,12148,33,67,1,pseudoword,low,zoke,4,3,internal,k,g,1.1666666666666667,0.37222,k,1,459.39
861,3132,13132,35,67,1,consonant_string,low,vzldb,5,4,internal,d,r,1.3333333333333333,0.49182,d,1,916.27
861,2112,12112,36,67,1,pseudoword,low,glip,4,4,external,p,t,1.3333333333333333,0.53002,p,1,532.15
861,2128,12128,37,67,1,pseudoword,low,goif,4,4,external,f,d,1.4333333333333333,0.51654,f,1,531.35
861,2201,12201,38,67,1,pseudoword,high,snum,4,2,internal,n,h,5.533333333333333,0.86536,n,1,672.54
861,3243,13243,39,67,1,consonant_string,high,fbvr,4,4,external,r,n,3.1333333333333333,0.62334,r,1,730.42
861,2110,12110,40,67,1,pseudoword,low,fard,4,4,external,d,k,1.3333333333333333,0.3996,d,1,462.63
861,1102,11102,41,67,1,word,low,snip,4,2,internal,n,l,1.3666666666666667,0.46775,n,1,590.49
861,2138,12138,42,67,1,pseudoword,low,jite,4,3,internal,t,m,1.0666666666666667,0.52674,t,1,540.69
861,1203,11203,43,67,1,word,high,shape,5,4,internal,p,d,5.096774193548387,0.48985,p,1,470.88
861,3120,13120,44,67,1,consonant_string,low,pktv,4,3,internal,t,m,1.0666666666666667,0.52674,m,0,1303.78
861,1110,11110,46,67,1,word,low,weed,4,4,external,d,k,1.3333333333333333,0.3996,d,1,517.34
861,3217,13217,47,67,1,consonant_string,high,htjm,4,4,external,m,n,4.666666666666667,0.6574,n,0,480.21
861,1231,11231,48,67,1,word,high,slide,5,4,internal,d,c,3.566666666666667,0.66158,d,1,612.4
861,1207,11207,49,67,1,word,high,read,4,4,external,d,p,5.096774193548387,0.48985,d,1,641.29
861,2225,12225,50,67,1,pseudoword,high,jege,4,3,internal,g,d,4.1,0.62488,g,1,691.82
862,3145,23145,0,50,2,consonant_string,low,hvwrt,5,4,internal,r,c,1.4,0.55867,r,1,840.37
862,3143,23143,56,50,2,consonant_string,low,fbvr,4,4,external,r,d,1.3333333333333333,0.49182,d,0,977.26
862,1129,21129,67,50,2,word,low,wife,4,3,internal,f,n,1.2,0.53217,f,1,696.16
862,1210,21210,78,50,2,word,high,weed,4,4,external,d,p,5.096774193548387,0.48985,d,1,901.37
862,2214,22214,89,50,2,pseudoword,high,dape,4,3,internal,p,b,5.066666666666666,0.70362,p,1,1141.61
862,2210,22210,100,50,2,pseudoword,high,fard,4,4,external,d,p,5.096774193548387,0.48985,d,1,1264.87
862,2131,22131,111,50,2,pseudoword,low,spode,5,4,internal,d,m,1.1333333333333333,0.58091,m,0,2263.52
862,1119,21119,122,50,2,word,low,warm,4,4,external,m,t,1.0666666666666667,0.52674,m,1,569.13
862,3121,23121,133,50,2,consonant_string,low,fqcg,4,4,external,g,w,1.1666666666666667,0.52446,w,0,1481.71
862,3242,23242,1,50,2,consonant_string,high,wktl,4,4,external,l,r,3.2580645161290325,0.56415,r,0,1481.67
862,3244,23244,12,50,2,consonant_string,high,qjfnd,5,4,internal,n,r,3.1333333333333333,0.62334,n,1,1325.59
862,1226,21226,23,50,2,word,high,bang,4,4,external,g,d,4.1,0.62488,g,1,836.51
862,1127,21127,34,50,2,word,low,wing,4,4,external,g,k,1.1666666666666667,0.37222,g,1,654.4
862,2125,22125,45,50,2,pseudoword,low,jege,4,3,internal,g,k,1.1666666666666667,0.37222,g,1,1562.64
862,3139,23139,51,50,2,consonant_string,low,mvjt,4,4,external,t,n,1.1,0.6011,n,0,1478.26
862,1105,21105,52,50,2,word,low,grape,5,4,internal,p,v,1.1333333333333333,0.49111,p,1,879.2
862,1204,21204,53,50,2,word,high,skid,4,4,external,d,p,5.096774193548387,0.48985,d,1,701.07
862,2117,22117,54,50,2,pseudoword,low,plim,4,4,external,m,b,1.2333333333333334,0.5784,m,1,1774.34
862,1228,21228,55,50,2,word,high,reef,4,4,external,f,l,4.033333333333333,0.60982,f,1,721.94
862,1202,21202,57,50,2,word,high,snip,4,2,internal,n,h,5.533333333333333,0.86536,n,1,1525.51
862,2109,22109,58,50,2,pseudoword,low,glod,4,4,external,d,m,1.1333333333333333,0.58091,d,1,758.44
862,2105,22105,59,50,2,pseudoword,low,brupe,5,4,internal,p,v,1.1333333333333333,0.49111,p,1,868.65
862,2236,22236,60,50,2,pseudoword,high,plob,4,4,external,b,g,3.533333333333333,0.46543,b,1,1267.23
862,2224,22224,61,50,2,pseudoword,high,jote,4,3,internal,t,l,4.5,0.47576,t,1,904.81
862,3202,23202,62,50,2,consonant_string,high,knfc,4,2,internal,n,h,5.533333333333333,0.86536,n,1,1229.06
862,3111,23111,63,50,2,consonant_string,low,srfd,4,4,external,d,k,1.3333333333333333,0.3996,d,1,809.96
862,2115,22115,64,50,2,pseudoword,low,gulm,4,4,external,m,t,1.0666666666666667,0.52674,m,1,623.52
862,3224,23224,65,50,2,consonant_string,high,gpts,4,3,internal,t,l,4.5,0.47576,t,1,1551.09
862,3123,23123,66,50,2,consonant_string,low,vlbg,4,4,external,g,t,1.1333333333333333,0.44178,g,1,740.35
862,2212,22212,68,50,2,pseudoword,high,glip,4,4,external,p,d,5.096774193548387,0.48985,p,1,700.22
862,2242,22242,69,50,2,pseudoword,high,drol,4,4,external,l,r,3.2580645161290325,0.56415,l,1,740.44
862,2232,22232,70,50,2,pseudoword,high,ghade,5,4,internal,d,c,3.566666666666667,0.66158,c,0,1220.34
862,3232,23232,71,50,2,consonant_string,high,vzldb,5,4,internal,d,c,3.566666666666667,0.66158,d,1,1211.94
862,2238,22238,72,50,2,pseudoword,high,jite,4,3,internal,t,r,3.3666666666666667,0.59892,r,0,1175.52
862,3119,23119,73,50,2,consonant_string,low,gjkm,4,4,external,m,t,1.0666666666666667,0.52674,m,1,764.43
862,3109,23109,74,50,2,consonant_string,low,csbd,4,4,external,d,m,1.1333333333333333,0.58091,d,1,1272.0
862,2202,22202,75,50,2,pseudoword,high,snad,4,2,internal,n,h,5.533333333333333,0.86536,n,1,1239.59
862,1133,21133,76,50,2,word,low,fade,4,3,internal,d,z,1.2333333333333334,0.52841,d,1,597.5
862,3214,23214,77,50,2,consonant_string,high,klpj,4,3,internal,p,b,5.066666666666666,0.70362,p,1,1809.75
862,1137,21137,79,50,2,word,low,stew,4,4,external,w,p,1.1666666666666667,0.53452,w,1,774.36
862,2246,22246,80,50,2,pseudoword,high,proal,5,5,external,l,k,2.8,0.53572,k,0,907.91
862,1131,21131,81,50,2,word,low,slide,5,4,internal,d,m,1.1333333333333333,0.58091,d,1,1296.49
862,3248,23248,82,50,2,consonant_string,high,dhkw,4,3,internal,k,l,2.8,0.53572,l,0,811.74
862,2240,22240,83,50,2,pseudoword,high,hule,4,3,internal,l,r,3.2580645161290325,0.56415,l,1,971.3
862,1208,21208,84,50,2,word,high,hood,4,4,external,d,p,5.096774193548387,0.48985,d,1,549.85
862,1135,21135,85,50,2,word,low,drab,4,4,external,b,w,1.1,0.5109,b,1,976.06
862,2218,22218,86,50,2,pseudoword,high,vume,4,3,internal,m,n,4.666666666666667,0.6574,m,1,1170.97
862,3226,23226,87,50,2,consonant_string,high,lqvg,4,4,external,g,d,4.1,0.62488,g,1,2083.61
862,3218,23218,88,50,2,consonant_string,high,zsmj,4,3,internal,m,n,4.666666666666667,0.6574,n,0,1369.58
862,2129,22129,90,50,2,pseudoword,low,vofe,4,3,internal,f,n,1.2,0.53217,f,1,1712.2
862,1236,21236,91,50,2,word,high,stab,4,4,external,b,g,3.533333333333333,0.46543,b,1,840.81
862,1240,21240,92,50,2,word,high,pole,4,3,internal,l,r,3.2580645161290325,0.56415,l,1,504.68
862,2248,22248,93,50,2,pseudoword,high,zoke,4,3,internal,k,l,2.8,0.53572,k,1,872.88
862,1113,21113,94,50,2,word,low,slab,4,4,external,b,m,1.2333333333333334,0.5784,b,1,607.44
862,3238,23238,95,50,2,consonant_string,high,njtb,4,3,internal,t,r,3.3666666666666667,0.59892,t,1,1067.66
862,3234,23234,96,50,2,consonant_string,high,pfldr,5,4,internal,d,c,3.566666666666667,0.66158,d,1,511.21
862,1224,21224,97,50,2,word,high,bite,4,3,internal,t,l,4.5,0.47576,t,1,662.74
862,2145,22145,98,50,2,pseudoword,low,swork,5,4,internal,r,c,1.4,0.55867,r,1,1114.31
862,2204,22204,99,50,2,pseudoword,high,swed,4,4,external,d,p,5.096774193548387,0.48985,d,1,827.88
862,3117,23117,101,50,2,consonant_string,low,htjm,4,4,external,m,b,1.2333333333333334,0.5784,b,0,1539.79
862,1125,21125,102,50,2,word,low,wage,4,3,internal,g,k,1.1666666666666667,0.37222,g,1,717.71
862,1220,21220,103,50,2,word,high,gate,4,3,internal,t,l,4.5,0.47576,t,1,608.26
862,3220,23220,104,50,2,consonant_string,high,pktv,4,3,internal,t,l,4.5,0.47576,t,1,931.47
862,2137,22137,105,50,2,pseudoword,low,blaw,4,4,external,w,p,1.1666666666666667,0.53452,w,1,744.37
862,2133,22133,106,50,2,pseudoword,low,kide,4,3,internal,d,z,1.2333333333333334,0.52841,d,1,879.58
862,2222,22222,107,50,2,pseudoword,high,sleg,4,4,external,g,p,4.5,0.55857,g,1,768.47
862,3204,23204,108,50,2,consonant_string,high,htwd,4,4,external,d,p,5.096774193548387,0.48985,d,1,950.03
862,1244,21244,109,50,2,word,high,stone,5,4,internal,n,r,3.1333333333333333,0.62334,n,1,491.24
862,2230,22230,110,50,2,pseudoword,high,zeaf,4,4,external,f,r,3.8,0.69632,f,1,799.44
862,2127,22127,112,50,2,pseudoword,low,reng,4,4,external,g,k,1.1666666666666667,0.37222,g,1,522.65
862,2216,22216,113,50,2,pseudoword,high,hime,4,3,internal,m,n,4.666666666666667,0.6574,m,1,998.2
862,2113,22113,114,50,2,pseudoword,low,nalb,4,4,external,b,m,1.2333333333333334,0.5784,b,1,1174.45
862,1103,21103,115,50,2,word,low,shape,5,4,internal,p,v,1.1333333333333333,0.49111,p,1,608.7
862,2121,22121,116,50,2,pseudoword,low,quag,4,4,external,g,w,1.1666666666666667,0.52446,g,1,850.91
862,1121,21121,117,50,2,word,low,flog,4,4,external,g,w,1.1666666666666667,0.52446,g,1,546.12
862,2111,22111,118,50,2,pseudoword,low,zoud,4,4,external,d,k,1.3333333333333333,0.3996,d,1,534.31
862,3107,23107,119,50,2,consonant_string,low,qvsd,4,4,external,d,r,1.3333333333333333,0.49182,r,0,1289.2
862,1145,21145,120,50,2,word,low,spire,5,4,internal,r,c,1.4,0.55867,r,1,628.11
862,1147,21147,121,50,2,word,low,bale,4,3,internal,l,s,1.1,0.4218,l,1,589.97
862,1232,21232,123,50,2,word,high,spade,5,4,internal,d,c,3.566666666666667,0.66158,d,1,769.86
862,2226,22226,124,50,2,pseudoword,high,yeng,4,4,external,g,d,4.1,0.62488,g,1,688.4
862,2103,22103,125,50,2,pseudoword,low,frope,5,4,internal,p,v,1.1333333333333333,0.49111,p,1,883.28
862,2107,22107,126,50,2,pseudoword,low,nood,4,4,external,d,r,1.3333333333333333,0.49182,d,1,821.17
862,1139,21139,127,50,2,word,low,spat,4,4,external,t,n,1.1,0.6011,t,1,792.72
862,1248,21248,128,50,2,word,high,sake,4,3,internal,k,l,2.8,0.53572,k,1,639.93
862,3131,23131,129,50,2,consonant_string,low,gjwds,5,4,internal,d,m,1.1333333333333333,0.58091,m,0,1542.85
862,2119,22119,130,50,2,pseudoword,low,chom,4,4,external,m,t,1.0666666666666667,0.52674,m,1,579.09
862,2234,22234,131,50,2,pseudoword,high,brode,5,4,internal,d,c,3.566666666666667,0.66158,d,1,642.96
862,2220,22220,132,50,2,pseudoword,high,wote,4,3,internal,t,l,4.5,0.47576,t,1,757.18
862,3206,23206,134,50,2,consonant_string,high,jbfzpq,6,5,internal,p,d,5.096774193548387,0.48985,p,1,720.39
862,3228,23228,135,50,2,consonant_string,high,vjnf,4,4,external,f,l,4.033333333333333,0.60982,f,1,792.94
862,3125,23125,136,50,2,consonant_string,low,fhgv,4,3,internal,g,k,1.1666666666666667,0.37222,g,1,902.16
862,1109,21109,137,50,2,word,low,seed,4,4,external,d,m,1.1333333333333333,0.58091,d,1,573.38
862,1238,21238,138,50,2,word,high,date,4,3,internal,t,r,3.3666666666666667,0.59892,t,1,409.91
862,3210,23210,139,50,2,consonant_string,high,lsbd,4,4,external,d,p,5.096774193548387,0.48985,p,0,1391.46
862,3216,23216,140,50,2,consonant_string,high,fsmt,4,3,internal,m,n,4.666666666666667,0.6574,m,1,968.72
862,1123,21123,141,50,2,word,low,flag,4,4,external,g,t,1.1333333333333333,0.44178,g,1,585.27
862,2135,22135,142,50,2,pseudoword,low,frab,4,4,external,b,w,1.1,0.5109,b,1,524.14
862,3137,23137,143,50,2,consonant_string,low,gbcw,4,4,external,w,p,1.1666666666666667,0.53452,w,1,1295.69
862,3133,23133,2,50,2,consonant_string,low,vkdj,4,3,internal,d,z,1.2333333333333334,0.52841,d,1,773.94
862,3103,23103,3,50,2,consonant_string,low,qsgpn,5,4,internal,p,v,1.1333333333333333,0.49111,p,1,618.48
862,1246,21246,4,50,2,word,high,steal,5,5,external,l,k,2.8,0.53572,l,1,469.01
862,3147,23147,5,50,2,consonant_string,low,gnlt,4,3,internal,l,s,1.1,0.4218,s,0,1150.56
862,2101,22101,6,50,2,pseudoword,low,snum,4,2,internal,n,t,1.1,0.6011,n,1,680.79
862,2208,22208,7,50,2,pseudoword,high,vild,4,4,external,d,p,5.096774193548387,0.48985,d,1,567.67
862,3135,23135,8,50,2,consonant_string,low,mkrb,4,4,external,b,w,1.1,0.5109,b,1,714.2
862,1216,21216,9,50,2,word,high,mime,4,3,internal,m,n,4.666666666666667,0.6574,n,0,1546.79
862,1206,21206,10,50,2,word,high,stripe,6,5,internal,p,d,5.096774193548387,0.48985,p,1,459.02
862,1141,21141,11,50,2,word,low,file,4,3,internal,l,n,1.3666666666666667,0.46775,l,1,439.54
862,1234,21234,13,50,2,word,high,pride,5,4,internal,d,c,3.566666666666667,0.66158,c,0,511.42
862,3115,23115,14,50,2,consonant_string,low,sfdm,4,4,external,m,t,1.0666666666666667,0.52674,t,0,1818.98
862,3141,23141,15,50,2,consonant_string,low,pqlt,4,3,internal,l,n,1.3666666666666667,0.46775,n,0,972.6
862,2143,22143,16,50,2,pseudoword,low,plur,4,4,external,r,d,1.3333333333333333,0.49182,r,1,1081.17
862,2228,22228,17,50,2,pseudoword,high,goif,4,4,external,f,l,4.033333333333333,0.60982,f,1,1181.09
862,1222,21222,18,50,2,word,high,swag,4,4,external,g,p,4.5,0.55857,g,1,666.98
862,2147,22147,19,50,2,pseudoword,low,jile,4,3,internal,l,s,1.1,0.4218,l,1,486.49
862,3240,23240,20,50,2,consonant_string,high,gtln,4,3,internal,l,r,3.2580645161290325,0.56415,l,1,1183.41
862,3222,23222,21,50,2,consonant_string,high,wbjg,4,4,external,g,p,4.5,0.55857,g,1,824.31
862,3105,23105,22,50,2,consonant_string,low,fcmpk,5,4,internal,p,v,1.1333333333333333,0.49111,p,1,957.87
862,1230,21230,24,50,2,word,high,beef,4,4,external,f,r,3.8,0.69632,f,1,691.44
862,3127,23127,25,50,2,consonant_string,low,bvcg,4,4,external,g,k,1.1666666666666667,0.37222,g,1,770.65
862,1143,21143,26,50,2,word,low,moor,4,4,external,r,d,1.3333333333333333,0.49182,r,1,677.19
862,1115,21115,27,50,2,word,low,beam,4,4,external,m,t,1.0666666666666667,0.52674,m,1,596.06
862,1212,21212,28,50,2,word,high,grip,4,4,external,p,d,5.096774193548387,0.48985,p,1,634.26
862,2206,22206,29,50,2,pseudoword,high,strepe,6,5,internal,p,d,5.096774193548387,0.48985,p,1,861.14
862,1107,21107,30,50,2,word,low,read,4,4,external,d,r,1.3333333333333333,0.49182,d,1,620.69
862,1101,21101,31,50,2,word,low,snow,4,2,internal,n,t,1.1,0.6011,t,0,1012.24
862,3246,23246,32,50,2,consonant_string,high,bfnsl,5,5,external,l,k,2.8,0.53572,k,0,1490.84
862,1218,21218,33,50,2,word,high,home,4,3,internal,m,n,4.666666666666667,0.6574,m,1,749.74
862,3236,23236,35,50,2,consonant_string,high,hfwb,4,4,external,b,g,3.533333333333333,0.46543,g,0,1554.01
862,2139,22139,36,50,2,pseudoword,low,glot,4,4,external,t,n,1.1,0.6011,t,1,594.25
862,2244,22244,37,50,2,pseudoword,high,slone,5,4,internal,n,r,3.1333333333333333,0.62334,n,1,1205.48
862,3212,23212,38,50,2,consonant_string,high,qmwp,4,4,external,p,d,5.096774193548387,0.48985,p,1,977.73
862,1117,21117,39,50,2,word,low,scam,4,4,external,m,b,1.2333333333333334,0.5784,m,1,816.63
862,1214,21214,40,50,2,word,high,rope,4,3,internal,p,b,5.066666666666666,0.70362,p,1,772.18
862,2123,22123,41,50,2,pseudoword,low,blug,4,4,external,g,t,1.1333333333333333,0.44178,g,1,1203.75
862,3101,23101,42,50,2,consonant_string,low,znsq,4,2,internal,n,t,1.1,0.6011,n,1,1250.0
862,3113,23113,43,50,2,consonant_string,low,rtcb,4,4,external,b,m,1.2333333333333334,0.5784,b,1,1770.29
862,3129,23129,44,50,2,consonant_string,low,dtfh,4,3,internal,f,n,1.2,0.53217,n,0,1316.92
862,3230,23230,46,50,2,consonant_string,high,czhf,4,4,external,f,r,3.8,0.69632,f,1,1096.5
862,3208,23208,47,50,2,consonant_string,high,cvsd,4,4,external,d,p,5.096774193548387,0.48985,p,0,1020.77
862,1242,21242,48,50,2,word,high,seal,4,4,external,l,r,3.2580645161290325,0.56415,l,1,537.31
862,1111,21111,49,50,2,word,low,lead,4,4,external,d,k,1.3333333333333333,0.3996,d,1,521.17
862,2141,22141,50,50,2,pseudoword,low,bule,4,3,internal,l,n,1.3666666666666667,0.46775,l,1,1834.75
863,1219,31219,0,33,3,word,high,warm,4,4,external,m,n,4.666666666666667,0.6574,n,0,1050.61
863,3201,33201,56,33,3,consonant_string,high,znsq,4,2,internal,n,h,5.533333333333333,0.86536,n,1,850.52
863,1211,31211,67,33,3,word,high,lead,4,4,external,d,p,5.096774193548387,0.48985,d,1,609.4
863,3114,33114,78,33,3,consonant_string,low,klpj,4,3,internal,p,s,1.2580645161290323,0.5767,s,0,704.66
863,1243,31243,89,33,3,word,high,moor,4,4,external,r,n,3.1333333333333333,0.62334,n,0,749.47
863,2116,32116,100,33,3,pseudoword,low,hime,4,3,internal,m,l,1.0666666666666667,0.5113,l,0,892.37
863,3128,33128,111,33,3,consonant_string,low,vjnf,4,4,external,f,d,1.4333333333333333,0.51654,d,0,844.26
863,1136,31136,122,33,3,word,low,stab,4,4,external,b,r,1.2666666666666666,0.51424,b,1,722.15
863,3227,33227,133,33,3,consonant_string,high,bvcg,4,4,external,g,d,4.1,0.62488,g,1,1823.4
863,2126,32126,1,33,3,pseudoword,low,yeng,4,4,external,g,k,1.1666666666666667,0.37222,g,1,635.67
863,1215,31215,12,33,3,word,high,beam,4,4,external,m,n,4.666666666666667,0.6574,n,0,2010.26
863,3215,33215,23,33,3,consonant_string,high,sfdm,4,4,external,m,n,4.666666666666667,0.6574,m,1,1244.56
863,2144,32144,34,33,3,pseudoword,low,slone,5,4,internal,n,k,1.5333333333333334,0.52768,n,1,1100.48
863,2229,32229,45,33,3,pseudoword,high,vofe,4,3,internal,f,r,3.8,0.69632,r,0,2202.45
863,1227,31227,51,33,3,word,high,wing,4,4,external,g,d,4.1,0.62488,g,1,526.39
863,3108,33108,52,33,3,consonant_string,low,cvsd,4,4,external,d,k,1.3333333333333333,0.3996,d,1,1572.96
863,3245,33245,53,33,3,consonant_string,high,hvwrt,5,4,internal,r,n,3.1333333333333333,0.62334,r,1,615.21
863,3126,33126,54,33,3,consonant_string,low,lqvg,4,4,external,g,k,1.1666666666666667,0.37222,g,1,3529.55
863,1239,31239,55,33,3,word,high,spat,4,4,external,t,r,3.3666666666666667,0.59892,t,1,1009.24
863,1108,31108,57,33,3,word,low,hood,4,4,external,d,k,1.3333333333333333,0.3996,d,1,530.46
863,1203,31203,58,33,3,word,high,shape,5,4,internal,p,d,5.096774193548387,0.48985,p,1,583.99
863,2235,32235,59,33,3,pseudoword,high,frab,4,4,external,b,g,3.533333333333333,0.46543,b,1,1410.57
863,2112,32112,60,33,3,pseudoword,low,glip,4,4,external,p,t,1.3333333333333333,0.53002,p,1,1923.86
863,3136,33136,61,33,3,consonant_string,low,hfwb,4,4,external,b,r,1.2666666666666666,0.51424,b,1,854.13
863,3223,33223,62,33,3,consonant_string,high,vlbg,4,4,external,g,p,4.5,0.55857,g,1,1085.03
863,1128,31128,63,33,3,word,low,reef,4,4,external,f,d,1.4333333333333333,0.51654,d,0,1792.65
863,1122,31122,64,33,3,word,low,swag,4,4,external,g,n,1.7,0.55212,g,1,522.57
863,1205,31205,65,33,3,word,high,grape,5,4,internal,p,d,5.096774193548387,0.48985,p,1,1142.8
863,1110,31110,66,33,3,word,low,weed,4,4,external,d,k,1.3333333333333333,0.3996,d,1,528.68
863,1225,31225,68,33,3,word,high,wage,4,3,internal,g,d,4.1,0.62488,g,1,818.22
863,1120,31120,69,33,3,word,low,gate,4,3,internal,t,m,1.0666666666666667,0.52674,t,1,725.44
863,2122,32122,70,33,3,pseudoword,low,sleg,4,4,external,g,n,1.7,0.55212,g,1,1464.01
863,2233,32233,71,33,3,pseudoword,high,kide,4,3,internal,d,c,3.566666666666667,0.66158,d,1,807.26
863,2132,32132,72,33,3,pseudoword,low,ghade,5,4,internal,d,r,1.3333333333333333,0.49182,d,1,1355.17
863,2130,32130,73,33,3,pseudoword,low,zeaf,4,4,external,f,p,1.6333333333333333,0.41008,f,1,857.1
863,2239,32239,74,33,3,pseudoword,high,glot,4,4,external,t,r,3.3666666666666667,0.59892,t,1,640.97
863,3130,33130,75,33,3,consonant_string,low,czhf,4,4,external,f,p,1.6333333333333333,0.41008,f,1,1411.54
863,1213,31213,76,33,3,word,high,slab,4,4,external,b,p,5.066666666666666,0.70362,b,1,748.79
863,2110,32110,77,33,3,pseudoword,low,fard,4,4,external,d,k,1.3333333333333333,0.3996,d,1,1044.68
863,3209,33209,79,33,3,consonant_string,high,csbd,4,4,external,d,p,5.096774193548387,0.48985,d,1,1324.6
863,3106,33106,80,33,3,consonant_string,low,jbfzpq,6,5,internal,p,v,1.1333333333333333,0.49111,v,0,2018.9
863,3104,33104,81,33,3,consonant_string,low,htwd,4,4,external,d,m,1.1333333333333333,0.58091,d,1,1363.21
863,1118,31118,82,33,3,word,low,home,4,3,internal,m,l,1.0666666666666667,0.5113,m,1,1774.5
863,1241,31241,83,33,3,word,high,file,4,3,internal,l,r,3.2580645161290325,0.56415,r,0,592.75
863,3231,33231,84,33,3,consonant_string,high,gjwds,5,4,internal,d,c,3.566666666666667,0.66158,d,1,563.62
863,2231,32231,85,33,3,pseudoword,high,spode,5,4,internal,d,c,3.566666666666667,0.66158,d,1,650.82
863,2237,32237,86,33,3,pseudoword,high,blaw,4,4,external,w,m,3.4,0.62127,w,1,550.69
863,1130,31130,87,33,3,word,low,beef,4,4,external,f,p,1.6333333333333333,0.41008,f,1,1729.62
863,3243,33243,88,33,3,consonant_string,high,fbvr,4,4,external,r,n,3.1333333333333333,0.62334,r,1,1542.23
863,2128,32128,90,33,3,pseudoword,low,goif,4,4,external,f,d,1.4333333333333333,0.51654,d,0,586.14
863,2136,32136,91,33,3,pseudoword,low,plob,4,4,external,b,r,1.2666666666666666,0.51424,b,1,494.67
863,2140,32140,92,33,3,pseudoword,low,hule,4,3,internal,l,s,1.1,0.4218,s,0,1023.55
863,1142,31142,93,33,3,word,low,seal,4,4,external,l,m,1.0666666666666667,0.5113,l,1,446.76
863,2134,32134,94,33,3,pseudoword,low,brode,5,4,internal,d,m,1.1333333333333333,0.58091,d,1,425.62
863,3241,33241,95,33,3,consonant_string,high,pqlt,4,3,internal,l,r,3.2580645161290325,0.56415,l,1,1070.16
863,3221,33221,96,33,3,consonant_string,high,fqcg,4,4,external,g,p,4.5,0.55857,g,1,1234.41
863,1140,31140,97,33,3,word,low,pole,4,3,internal,l,s,1.1,0.4218,l,1,1055.0
863,3213,33213,98,33,3,consonant_string,high,rtcb,4,4,external,b,p,5.066666666666666,0.70362,b,1,1317.92
863,1148,31148,99,33,3,word,low,sake,4,3,internal,k,g,1.1666666666666667,0.37222,k,1,439.15
863,1138,31138,101,33,3,word,low,date,4,3,internal,t,m,1.0666666666666667,0.52674,t,1,459.66
863,1217,31217,102,33,3,word,high,scam,4,4,external,m,n,4.666666666666667,0.6574,n,0,1165.88
863,3219,33219,103,33,3,consonant_string,high,gjkm,4,4,external,m,n,4.666666666666667,0.6574,n,0,866.13
863,3205,33205,104,33,3,consonant_string,high,fcmpk,5,4,internal,p,d,5.096774193548387,0.48985,d,0,1519.37
863,2108,32108,105,33,3,pseudoword,low,vild,4,4,external,d,k,1.3333333333333333,0.3996,k,0,537.62
863,1114,31114,106,33,3,word,low,rope,4,3,internal,p,s,1.2580645161290323,0.5767,p,1,688.15
863,3124,33124,107,33,3,consonant_string,low,gpts,4,3,internal,t,d,1.3666666666666667,0.47786,d,0,2279.77
863,2247,32247,108,33,3,pseudoword,high,jile,4,3,internal,l,k,2.8,0.53572,k,0,1096.4
863,1126,31126,109,33,3,word,low,bang,4,4,external,g,k,1.1666666666666667,0.37222,g,1,556.29
863,1237,31237,110,33,3,word,high,stew,4,4,external,w,m,3.4,0.62127,w,1,462.15
863,1233,31233,112,33,3,word,high,fade,4,3,internal,d,c,3.566666666666667,0.66158,d,1,497.33
863,2106,32106,113,33,3,pseudoword,low,strepe,6,5,internal,p,v,1.1333333333333333,0.49111,p,1,883.21
863,2241,32241,114,33,3,pseudoword,high,bule,4,3,internal,l,r,3.2580645161290325,0.56415,l,1,1398.79
863,3207,33207,115,33,3,consonant_string,high,qvsd,4,4,external,d,p,5.096774193548387,0.48985,d,1,808.19
863,3138,33138,116,33,3,consonant_string,low,njtb,4,3,internal,t,m,1.0666666666666667,0.52674,t,1,2689.15
863,3203,33203,117,33,3,consonant_string,high,qsgpn,5,4,internal,p,d,5.096774193548387,0.48985,d,0,660.8
863,3247,33247,118,33,3,consonant_string,high,gnlt,4,3,internal,l,k,2.8,0.53572,k,0,1340.04
863,1104,31104,119,33,3,word,low,skid,4,4,external,d,m,1.1333333333333333,0.58091,d,1,1010.63
863,1134,31134,120,33,3,word,low,pride,5,4,internal,d,m,1.1333333333333333,0.58091,d,1,472.84
863,3122,33122,121,33,3,consonant_string,low,wbjg,4,4,external,g,n,1.7,0.55212,n,0,3368.15
863,2142,32142,123,33,3,pseudoword,low,drol,4,4,external,l,m,1.0666666666666667,0.5113,m,0,1272.52
863,2138,32138,124,33,3,pseudoword,low,jite,4,3,internal,t,m,1.0666666666666667,0.52674,t,1,460.75
863,3217,33217,125,33,3,consonant_string,high,htjm,4,4,external,m,n,4.666666666666667,0.6574,m,1,931.96
863,3235,33235,126,33,3,consonant_string,high,mkrb,4,4,external,b,g,3.533333333333333,0.46543,b,1,1300.16
863,2114,32114,127,33,3,pseudoword,low,dape,4,3,internal,p,s,1.2580645161290323,0.5767,p,1,793.45
863,1102,31102,128,33,3,word,low,snip,4,2,internal,n,l,1.3666666666666667,0.46775,l,0,1160.34
863,1209,31209,129,33,3,word,high,seed,4,4,external,d,p,5.096774193548387,0.48985,d,1,887.59
863,3102,33102,130,33,3,consonant_string,low,knfc,4,2,internal,n,l,1.3666666666666667,0.46775,n,1,1251.16
863,2120,32120,131,33,3,pseudoword,low,wote,4,3,internal,t,m,1.0666666666666667,0.52674,t,1,666.06
863,2124,32124,132,33,3,pseudoword,low,jote,4,3,internal,t,d,1.3666666666666667,0.47786,d,0,2058.33
863,2225,32225,134,33,3,pseudoword,high,jege,4,3,internal,g,d,4.1,0.62488,d,0,1097.29
863,3142,33142,135,33,3,consonant_string,low,wktl,4,4,external,l,m,1.0666666666666667,0.5113,l,1,1528.23
863,3148,33148,136,33,3,consonant_string,low,dhkw,4,3,internal,k,g,1.1666666666666667,0.37222,k,1,487.8
863,3211,33211,137,33,3,consonant_string,high,srfd,4,4,external,d,p,5.096774193548387,0.48985,d,1,1583.37
863,2245,32245,138,33,3,pseudoword,high,swork,5,4,internal,r,n,3.1333333333333333,0.62334,r,1,640.95
863,2211,32211,139,33,3,pseudoword,high,zoud,4,4,external,d,p,5.096774193548387,0.48985,d,1,887.5
863,1146,31146,140,33,3,word,low,steal,5,5,external,l,m,1.0666666666666667,0.5113,l,1,538.05
863,2209,32209,141,33,3,pseudoword,high,glod,4,4,external,d,p,5.096774193548387,0.48985,p,0,2231.65
863,3120,33120,142,33,3,consonant_string,low,pktv,4,3,internal,t,m,1.0666666666666667,0.52674,m,0,1170.28
863,3132,33132,143,33,3,consonant_string,low,vzldb,5,4,internal,d,r,1.3333333333333333,0.49182,d,1,729.52
863,1221,31221,2,33,3,word,high,flog,4,4,external,g,p,4.5,0.55857,g,1,615.06
863,2104,32104,3,33,3,pseudoword,low,swed,4,4,external,d,m,1.1333333333333333,0.58091,d,1,932.27
863,2215,32215,4,33,3,pseudoword,high,gulm,4,4,external,m,n,4.666666666666667,0.6574,n,0,774.83
863,1231,31231,5,33,3,word,high,slide,5,4,internal,d,c,3.566666666666667,0.66158,d,1,466.03
863,1207,31207,6,33,3,word,high,read,4,4,external,d,p,5.096774193548387,0.48985,d,1,1005.24
863,2221,32221,7,33,3,pseudoword,high,quag,4,4,external,g,p,4.5,0.55857,g,1,1133.15
863,1247,31247,8,33,3,word,high,bale,4,3,internal,l,k,2.8,0.53572,l,1,487.71
863,2243,32243,9,33,3,pseudoword,high,plur,4,4,external,r,n,3.1333333333333333,0.62334,r,1,669.24
863,3112,33112,10,33,3,consonant_string,low,qmwp,4,4,external,p,t,1.3333333333333333,0.53002,t,0,755.45
863,3229,33229,11,33,3,consonant_string,high,dtfh,4,3,internal,f,r,3.8,0.69632,f,1,667.32
863,3144,33144,13,33,3,consonant_string,low,qjfnd,5,4,internal,n,k,1.5333333333333334,0.52768,n,1,584.52
863,1106,31106,14,33,3,word,low,stripe,6,5,internal,p,v,1.1333333333333333,0.49111,p,1,599.05
863,2203,32203,15,33,3,pseudoword,high,frope,5,4,internal,p,d,5.096774193548387,0.48985,d,0,1301.95
863,2205,32205,16,33,3,pseudoword,high,brupe,5,4,internal,p,d,5.096774193548387,0.48985,p,1,756.86
863,1201,31201,17,33,3,word,high,snow,4,2,internal,n,h,5.533333333333333,0.86536,n,1,713.73
863,3140,33140,18,33,3,consonant_string,low,gtln,4,3,internal,l,s,1.1,0.4218,l,1,499.93
863,1223,31223,19,33,3,word,high,flag,4,4,external,g,p,4.5,0.55857,g,1,612.8
863,1245,31245,20,33,3,word,high,spire,5,4,internal,r,n,3.1333333333333333,0.62334,r,1,518.99
863,2118,32118,21,33,3,pseudoword,low,vume,4,3,internal,m,l,1.0666666666666667,0.5113,m,1,1474.21
863,2219,32219,22,33,3,pseudoword,high,chom,4,4,external,m,n,4.666666666666667,0.6574,n,0,452.46
863,2148,32148,24,33,3,pseudoword,low,zoke,4,3,internal,k,g,1.1666666666666667,0.37222,k,1,546.32
863,1116,31116,25,33,3,word,low,mime,4,3,internal,m,l,1.0666666666666667,0.5113,l,0,1692.23
863,1132,31132,26,33,3,word,low,spade,5,4,internal,d,r,1.3333333333333333,0.49182,r,0,1318.18
863,3118,33118,27,33,3,consonant_string,low,zsmj,4,3,internal,m,l,1.0666666666666667,0.5113,m,1,1079.44
863,1124,31124,28,33,3,word,low,bite,4,3,internal,t,d,1.3666666666666667,0.47786,d,0,1055.02
863,1235,31235,29,33,3,word,high,drab,4,4,external,b,g,3.533333333333333,0.46543,b,1,956.92
863,3237,33237,30,33,3,consonant_string,high,gbcw,4,4,external,w,m,3.4,0.62127,w,1,469.8
863,2146,32146,31,33,3,pseudoword,low,proal,5,5,external,l,m,1.0666666666666667,0.5113,l,1,1361.02
863,1229,31229,32,33,3,word,high,wife,4,3,internal,f,r,3.8,0.69632,f,1,459.26
863,3110,33110,33,33,3,consonant_string,low,lsbd,4,4,external,d,k,1.3333333333333333,0.3996,d,1,582.45
863,3146,33146,35,33,3,consonant_string,low,bfnsl,5,5,external,l,m,1.0666666666666667,0.5113,l,1,1150.01
863,2217,32217,36,33,3,pseudoword,high,plim,4,4,external,m,n,4.666666666666667,0.6574,m,1,508.89
863,1112,31112,37,33,3,word,low,grip,4,4,external,p,t,1.3333333333333333,0.53002,p,1,992.1
863,2227,32227,38,33,3,pseudoword,high,reng,4,4,external,g,d,4.1,0.62488,g,1,579.0
863,2213,32213,39,33,3,pseudoword,high,nalb,4,4,external,b,p,5.066666666666666,0.70362,p,0,813.54
863,2207,32207,40,33,3,pseudoword,high,nood,4,4,external,d,p,5.096774193548387,0.48985,d,1,540.75
863,2102,32102,41,33,3,pseudoword,low,snad,4,2,internal,n,l,1.3666666666666667,0.46775,n,1,2796.37
863,2201,32201,42,33,3,pseudoword,high,snum,4,2,internal,n,h,5.533333333333333,0.86536,h,0,958.37
863,3239,33239,43,33,3,consonant_string,high,mvjt,4,4,external,t,r,3.3666666666666667,0.59892,t,1,696.25
863,3134,33134,44,33,3,consonant_string,low,pfldr,5,4,internal,d,m,1.1333333333333333,0.58091,d,1,473.11
863,3116,33116,46,33,3,consonant_string,low,fsmt,4,3,internal,m,l,1.0666666666666667,0.5113,l,0,1160.35
863,3233,33233,47,33,3,consonant_string,high,vkdj,4,3,internal,d,c,3.566666666666667,0.66158,c,0,1263.59
863,2223,32223,48,33,3,pseudoword,high,blug,4,4,external,g,p,4.5,0.55857,p,0,1087.85
863,1144,31144,49,33,3,word,low,stone,5,4,internal,n,k,1.5333333333333334,0.52768,n,1,1505.44
863,3225,33225,50,33,3,consonant_string,high,fhgv,4,3,internal,g,d,4.1,0.62488,d,0,1561.39
864,2218,42218,0,50,4,pseudoword,high,vume,4,3,internal,m,n,4.666666666666667,0.6574,m,1,1797.44
864,1248,41248,56,50,4,word,high,sake,4,3,internal,k,l,2.8,0.53572,k,1,1109.72
864,3109,43109,67,50,4,consonant_string,low,csbd,4,4,external,d,m,1.1333333333333333,0.58091,m,0,1533.32
864,1220,41220,78,50,4,word,high,gate,4,3,internal,t,l,4.5,0.47576,t,1,1262.27
864,3202,43202,89,50,4,consonant_string,high,knfc,4,2,internal,n,h,5.533333333333333,0.86536,h,0,1581.88
864,1103,41103,100,50,4,word,low,shape,5,4,internal,p,v,1.1333333333333333,0.49111,p,1,1335.83
864,1224,41224,111,50,4,word,high,bite,4,3,internal,t,l,4.5,0.47576,t,1,1344.76
864,2103,42103,122,50,4,pseudoword,low,frope,5,4,internal,p,v,1.1333333333333333,0.49111,p,1,1250.03
864,1133,41133,133,50,4,word,low,fade,4,3,internal,d,z,1.2333333333333334,0.52841,d,1,1338.3
864,2240,42240,1,50,4,pseudoword,high,hule,4,3,internal,l,r,3.2580645161290325,0.56415,l,1,1856.27
864,1232,41232,12,50,4,word,high,spade,5,4,internal,d,c,3.566666666666667,0.66158,d,1,1196.56
864,2131,42131,23,50,4,pseudoword,low,spode,5,4,internal,d,m,1.1333333333333333,0.58091,d,1,1474.82
864,3210,43210,34,50,4,consonant_string,high,lsbd,4,4,external,d,p,5.096774193548387,0.48985,p,0,1634.45
864,1117,41117,45,50,4,word,low,scam,4,4,external,m,b,1.2333333333333334,0.5784,m,1,1258.39
864,3244,43244,51,50,4,consonant_string,high,qjfnd,5,4,internal,n,r,3.1333333333333333,0.62334,r,0,1323.67
864,3214,43214,52,50,4,consonant_string,high,klpj,4,3,internal,p,b,5.066666666666666,0.70362,b,0,1303.27
864,3139,43139,53,50,4,consonant_string,low,mvjt,4,4,external,t,n,1.1,0.6011,t,1,1517.54
864,3242,43242,54,50,4,consonant_string,high,wktl,4,4,external,l,r,3.2580645161290325,0.56415,l,1,1430.16
864,3226,43226,55,50,4,consonant_string,high,lqvg,4,4,external,g,d,4.1,0.62488,d,0,1720.12
864,2125,42125,57,50,4,pseudoword,low,jege,4,3,internal,g,k,1.1666666666666667,0.37222,k,0,2026.77
864,1208,41208,58,50,4,word,high,hood,4,4,external,d,p,5.096774193548387,0.48985,d,1,1201.74
864,1147,41147,59,50,4,word,low,bale,4,3,internal,l,s,1.1,0.4218,l,1,924.99
864,1141,41141,60,50,4,word,low,file,4,3,internal,l,n,1.3666666666666667,0.46775,l,1,1387.57
864,3143,43143,61,50,4,consonant_string,low,fbvr,4,4,external,r,d,1.3333333333333333,0.49182,d,0,988.5
864,3135,43135,62,50,4,consonant_string,low,mkrb,4,4,external,b,w,1.1,0.5109,w,0,839.39
864,1139,41139,63,50,4,word,low,spat,4,4,external,t,n,1.1,0.6011,t,1,956.29
864,1101,41101,64,50,4,word,low,snow,4,2,internal,n,t,1.1,0.6011,t,0,1266.54
864,2133,42133,65,50,4,pseudoword,low,kide,4,3,internal,d,z,1.2333333333333334,0.52841,d,1,1409.14
864,3236,43236,66,50,4,consonant_string,high,hfwb,4,4,external,b,g,3.533333333333333,0.46543,b,1,1413.75
864,3238,43238,68,50,4,consonant_string,high,njtb,4,3,internal,t,r,3.3666666666666667,0.59892,r,0,1203.36
864,1129,41129,69,50,4,word,low,wife,4,3,internal,f,n,1.2,0.53217,f,1,906.59
864,2119,42119,70,50,4,pseudoword,low,chom,4,4,external,m,t,1.0666666666666667,0.52674,t,0,1745.87
864,2147,42147,71,50,4,pseudoword,low,jile,4,3,internal,l,s,1.1,0.4218,l,1,1379.15
864,1119,41119,72,50,4,word,low,warm,4,4,external,m,t,1.0666666666666667,0.52674,m,1,1338.1
864,2141,42141,73,50,4,pseudoword,low,bule,4,3,internal,l,n,1.3666666666666667,0.46775,l,1,917.02
864,3248,43248,74,50,4,consonant_string,high,dhkw,4,3,internal,k,l,2.8,0.53572,k,1,1916.62
864,3147,43147,75,50,4,consonant_string,low,gnlt,4,3,internal,l,s,1.1,0.4218,l,1,1871.28
864,2139,42139,76,50,4,pseudoword,low,glot,4,4,external,t,n,1.1,0.6011,t,1,1750.93
864,1242,41242,77,50,4,word,high,seal,4,4,external,l,r,3.2580645161290325,0.56415,l,1,1049.21
864,3234,43234,79,50,4,consonant_string,high,pfldr,5,4,internal,d,c,3.566666666666667,0.66158,c,0,1269.47
864,1226,41226,80,50,4,word,high,bang,4,4,external,g,d,4.1,0.62488,g,1,942.05
864,1135,41135,81,50,4,word,low,drab,4,4,external,b,w,1.1,0.5109,w,0,1626.31
864,1212,41212,82,50,4,word,high,grip,4,4,external,p,d,5.096774193548387,0.48985,p,1,1510.28
864,1121,41121,83,50,4,word,low,flog,4,4,external,g,w,1.1666666666666667,0.52446,g,1,1017.88
864,1127,41127,84,50,4,word,low,wing,4,4,external,g,k,1.1666666666666667,0.37222,g,1,1042.45
864,3105,43105,85,50,4,consonant_string,low,fcmpk,5,4,internal,p,v,1.1333333333333333,0.49111,p,1,1505.71
864,2230,42230,86,50,4,pseudoword,high,zeaf,4,4,external,f,r,3.8,0.69632,f,1,1047.98
864,3246,43246,87,50,4,consonant_string,high,bfnsl,5,5,external,l,k,2.8,0.53572,k,0,1103.22
864,3123,43123,88,50,4,consonant_string,low,vlbg,4,4,external,g,t,1.1333333333333333,0.44178,g,1,914.46
864,3121,43121,90,50,4,consonant_string,low,fqcg,4,4,external,g,w,1.1666666666666667,0.52446,g,1,1081.04
864,1143,41143,91,50,4,word,low,moor,4,4,external,r,d,1.3333333333333333,0.49182,d,0,912.94
864,2123,42123,92,50,4,pseudoword,low,blug,4,4,external,g,t,1.1333333333333333,0.44178,g,1,903.51
864,1228,41228,93,50,4,word,high,reef,4,4,external,f,l,4.033333333333333,0.60982,f,1,922.74
864,3127,43127,94,50,4,consonant_string,low,bvcg,4,4,external,g,k,1.1666666666666667,0.37222,k,0,1017.31
864,3115,43115,95,50,4,consonant_string,low,sfdm,4,4,external,m,t,1.0666666666666667,0.52674,t,0,1255.88
864,1230,41230,96,50,4,word,high,beef,4,4,external,f,r,3.8,0.69632,f,1,1038.14
864,1125,41125,97,50,4,word,low,wage,4,3,internal,g,k,1.1666666666666667,0.37222,g,1,764.03
864,2135,42135,98,50,4,pseudoword,low,frab,4,4,external,b,w,1.1,0.5109,b,1,792.58
864,3222,43222,99,50,4,consonant_string,high,wbjg,4,4,external,g,p,4.5,0.55857,p,0,1343.83
864,1222,41222,101,50,4,word,high,swag,4,4,external,g,p,4.5,0.55857,g,1,1278.09
864,2238,42238,102,50,4,pseudoword,high,jite,4,3,internal,t,r,3.3666666666666667,0.59892,t,1,1085.02
864,3117,43117,103,50,4,consonant_string,low,htjm,4,4,external,m,b,1.2333333333333334,0.5784,b,0,974.92
864,3113,43113,104,50,4,consonant_string,low,rtcb,4,4,external,b,m,1.2333333333333334,0.5784,m,0,1183.5
864,3240,43240,105,50,4,consonant_string,high,gtln,4,3,internal,l,r,3.2580645161290325,0.56415,r,0,1903.46
864,2204,42204,106,50,4,pseudoword,high,swed,4,4,external,d,p,5.096774193548387,0.48985,d,1,1452.77
864,2222,42222,107,50,4,pseudoword,high,sleg,4,4,external,g,p,4.5,0.55857,g,1,1180.04
864,3101,43101,108,50,4,consonant_string,low,znsq,4,2,internal,n,t,1.1,0.6011,n,1,1274.96
864,2101,42101,109,50,4,pseudoword,low,snum,4,2,internal,n,t,1.1,0.6011,n,1,1270.56
864,2143,42143,110,50,4,pseudoword,low,plur,4,4,external,r,d,1.3333333333333333,0.49182,d,0,1545.17
864,3141,43141,112,50,4,consonant_string,low,pqlt,4,3,internal,l,n,1.3666666666666667,0.46775,l,1,1244.42
864,3206,43206,113,50,4,consonant_string,high,jbfzpq,6,5,internal,p,d,5.096774193548387,0.48985,p,1,1851.73
864,2206,42206,114,50,4,pseudoword,high,strepe,6,5,internal,p,d,5.096774193548387,0.48985,d,0,1344.03
864,3224,43224,115,50,4,consonant_string,high,gpts,4,3,internal,t,l,4.5,0.47576,l,0,1226.75
864,1214,41214,116,50,4,word,high,rope,4,3,internal,p,b,5.066666666666666,0.70362,p,1,948.66
864,1115,41115,117,50,4,word,low,beam,4,4,external,m,t,1.0666666666666667,0.52674,m,1,920.9
864,3131,43131,118,50,4,consonant_string,low,gjwds,5,4,internal,d,m,1.1333333333333333,0.58091,d,1,1402.82
864,2137,42137,119,50,4,pseudoword,low,blaw,4,4,external,w,p,1.1666666666666667,0.53452,p,0,1162.08
864,2214,42214,120,50,4,pseudoword,high,dape,4,3,internal,p,b,5.066666666666666,0.70362,p,1,1562.69
864,3145,43145,121,50,4,consonant_string,low,hvwrt,5,4,internal,r,c,1.4,0.55867,r,1,1128.29
864,2216,42216,123,50,4,pseudoword,high,hime,4,3,internal,m,n,4.666666666666667,0.6574,n,0,1466.22
864,1109,41109,124,50,4,word,low,seed,4,4,external,d,m,1.1333333333333333,0.58091,d,1,741.81
864,1111,41111,125,50,4,word,low,lead,4,4,external,d,k,1.3333333333333333,0.3996,d,1,1031.03
864,2127,42127,126,50,4,pseudoword,low,reng,4,4,external,g,k,1.1666666666666667,0.37222,g,1,774.93
864,3216,43216,127,50,4,consonant_string,high,fsmt,4,3,internal,m,n,4.666666666666667,0.6574,n,0,1805.53
864,2107,42107,128,50,4,pseudoword,low,nood,4,4,external,d,r,1.3333333333333333,0.49182,d,1,1090.8
864,2208,42208,129,50,4,pseudoword,high,vild,4,4,external,d,p,5.096774193548387,0.48985,d,1,900.71
864,2232,42232,130,50,4,pseudoword,high,ghade,5,4,internal,d,c,3.566666666666667,0.66158,d,1,1276.95
864,2226,42226,131,50,4,pseudoword,high,yeng,4,4,external,g,d,4.1,0.62488,g,1,953.87
864,2242,42242,132,50,4,pseudoword,high,drol,4,4,external,l,r,3.2580645161290325,0.56415,l,1,982.12
864,2234,42234,134,50,4,pseudoword,high,brode,5,4,internal,d,c,3.566666666666667,0.66158,d,1,851.0
864,2117,42117,135,50,4,pseudoword,low,plim,4,4,external,m,b,1.2333333333333334,0.5784,m,1,1550.26
864,3103,43103,136,50,4,consonant_string,low,qsgpn,5,4,internal,p,v,1.1333333333333333,0.49111,p,1,1273.54
864,2246,42246,137,50,4,pseudoword,high,proal,5,5,external,l,k,2.8,0.53572,l,1,865.11
864,3125,43125,138,50,4,consonant_string,low,fhgv,4,3,internal,g,k,1.1666666666666667,0.37222,g,1,1079.7
864,1216,41216,139,50,4,word,high,mime,4,3,internal,m,n,4.666666666666667,0.6574,m,1,839.58
864,1145,41145,140,50,4,word,low,spire,5,4,internal,r,c,1.4,0.55867,r,1,852.48
864,3204,43204,141,50,4,consonant_string,high,htwd,4,4,external,d,p,5.096774193548387,0.48985,d,1,958.7
864,3208,43208,142,50,4,consonant_string,high,cvsd,4,4,external,d,p,5.096774193548387,0.48985,p,0,840.27
864,3137,43137,143,50,4,consonant_string,low,gbcw,4,4,external,w,p,1.1666666666666667,0.53452,p,0,1266.18
864,1113,41113,2,50,4,word,low,slab,4,4,external,b,m,1.2333333333333334,0.5784,m,0,974.76
864,1137,41137,3,50,4,word,low,stew,4,4,external,w,p,1.1666666666666667,0.53452,p,0,1516.35
864,3218,43218,4,50,4,consonant_string,high,zsmj,4,3,internal,m,n,4.666666666666667,0.6574,n,0,1202.96
864,2105,42105,5,50,4,pseudoword,low,brupe,5,4,internal,p,v,1.1333333333333333,0.49111,p,1,914.19
864,1105,41105,6,50,4,word,low,grape,5,4,internal,p,v,1.1333333333333333,0.49111,p,1,1042.76
864,2111,42111,7,50,4,pseudoword,low,zoud,4,4,external,d,k,1.3333333333333333,0.3996,d,1,1140.02
864,3228,43228,8,50,4,consonant_string,high,vjnf,4,4,external,f,l,4.033333333333333,0.60982,f,1,1513.94
864,2109,42109,9,50,4,pseudoword,low,glod,4,4,external,d,m,1.1333333333333333,0.58091,d,1,786.53
864,2244,42244,10,50,4,pseudoword,high,slone,5,4,internal,n,r,3.1333333333333333,0.62334,n,1,1198.43
864,3129,43129,11,50,4,consonant_string,low,dtfh,4,3,internal,f,n,1.2,0.53217,f,1,1501.71
864,2121,42121,13,50,4,pseudoword,low,quag,4,4,external,g,w,1.1666666666666667,0.52446,g,1,1459.98
864,2212,42212,14,50,4,pseudoword,high,glip,4,4,external,p,d,5.096774193548387,0.48985,p,1,1459.6
864,1210,41210,15,50,4,word,high,weed,4,4,external,d,p,5.096774193548387,0.48985,d,1,962.2
864,1236,41236,16,50,4,word,high,stab,4,4,external,b,g,3.533333333333333,0.46543,b,1,1122.77
864,1206,41206,17,50,4,word,high,stripe,6,5,internal,p,d,5.096774193548387,0.48985,p,1,935.34
864,3220,43220,18,50,4,consonant_string,high,pktv,4,3,internal,t,l,4.5,0.47576,l,0,1145.25
864,2220,42220,19,50,4,pseudoword,high,wote,4,3,internal,t,l,4.5,0.47576,t,1,1068.5
864,3111,43111,20,50,4,consonant_string,low,srfd,4,4,external,d,k,1.3333333333333333,0.3996,d,1,900.07
864,1240,41240,21,50,4,word,high,pole,4,3,internal,l,r,3.2580645161290325,0.56415,l,1,963.3
864,1244,41244,22,50,4,word,high,stone,5,4,internal,n,r,3.1333333333333333,0.62334,n,1,1177.88
864,1107,41107,24,50,4,word,low,read,4,4,external,d,r,1.3333333333333333,0.49182,d,1,963.79
864,3133,43133,25,50,4,consonant_string,low,vkdj,4,3,internal,d,z,1.2333333333333334,0.52841,d,1,863.35
864,3232,43232,26,50,4,consonant_string,high,vzldb,5,4,internal,d,c,3.566666666666667,0.66158,d,1,1281.93
864,3119,43119,27,50,4,consonant_string,low,gjkm,4,4,external,m,t,1.0666666666666667,0.52674,t,0,1426.87
864,2236,42236,28,50,4,pseudoword,high,plob,4,4,external,b,g,3.533333333333333,0.46543,b,1,972.79
864,2129,42129,29,50,4,pseudoword,low,vofe,4,3,internal,f,n,1.2,0.53217,f,1,1264.37
864,1131,41131,30,50,4,word,low,slide,5,4,internal,d,m,1.1333333333333333,0.58091,d,1,1079.96
864,1218,41218,31,50,4,word,high,home,4,3,internal,m,n,4.666666666666667,0.6574,m,1,1038.87
864,3230,43230,32,50,4,consonant_string,high,czhf,4,4,external,f,r,3.8,0.69632,f,1,1452.8
864,2145,42145,33,50,4,pseudoword,low,swork,5,4,internal,r,c,1.4,0.55867,r,1,1133.06
864,2210,42210,35,50,4,pseudoword,high,fard,4,4,external,d,p,5.096774193548387,0.48985,d,1,1169.97
864,1202,41202,36,50,4,word,high,snip,4,2,internal,n,h,5.533333333333333,0.86536,n,1,1098.57
864,1123,41123,37,50,4,word,low,flag,4,4,external,g,t,1.1333333333333333,0.44178,g,1,907.8
864,2248,42248,38,50,4,pseudoword,high,zoke,4,3,internal,k,l,2.8,0.53572,k,1,1045.37
864,1204,41204,39,50,4,word,high,skid,4,4,external,d,p,5.096774193548387,0.48985,d,1,847.61
864,3107,43107,40,50,4,consonant_string,low,qvsd,4,4,external,d,r,1.3333333333333333,0.49182,d,1,977.83
864,2113,42113,41,50,4,pseudoword,low,nalb,4,4,external,b,m,1.2333333333333334,0.5784,b,1,980.73
864,1238,41238,42,50,4,word,high,date,4,3,internal,t,r,3.3666666666666667,0.59892,t,1,877.63
864,2228,42228,43,50,4,pseudoword,high,goif,4,4,external,f,l,4.033333333333333,0.60982,f,1,1212.54
864,1246,41246,44,50,4,word,high,steal,5,5,external,l,k,2.8,0.53572,l,1,1069.13
864,2224,42224,46,50,4,pseudoword,high,jote,4,3,internal,t,l,4.5,0.47576,l,0,1243.71
864,1234,41234,47,50,4,word,high,pride,5,4,internal,d,c,3.566666666666667,0.66158,d,1,835.95
864,2115,42115,48,50,4,pseudoword,low,gulm,4,4,external,m,t,1.0666666666666667,0.52674,m,1,1318.87
864,2202,42202,49,50,4,pseudoword,high,snad,4,2,internal,n,h,5.533333333333333,0.86536,n,1,1769.49
864,3212,43212,50,50,4,consonant_string,high,qmwp,4,4,external,p,d,5.096774193548387,0.48985,d,0,1242.11
865,3213,13213,0,67,1,consonant_string,high,rtcb,4,4,external,b,p,5.066666666666666,0.70362,p,0,733.2
865,2201,12201,56,67,1,pseudoword,high,snum,4,2,internal,n,h,5.533333333333333,0.86536,n,1,532.41
865,1221,11221,67,67,1,word,high,flog,4,4,external,g,p,4.5,0.55857,g,1,729.61
865,1233,11233,78,67,1,word,high,fade,4,3,internal,d,c,3.566666666666667,0.66158,d,1,717.82
865,3243,13243,89,67,1,consonant_string,high,fbvr,4,4,external,r,n,3.1333333333333333,0.62334,r,1,1071.68
865,1130,11130,100,67,1,word,low,beef,4,4,external,f,p,1.6333333333333333,0.41008,f,1,539.57
865,2243,12243,111,67,1,pseudoword,high,plur,4,4,external,r,n,3.1333333333333333,0.62334,r,1,1107.78
865,3233,13233,122,67,1,consonant_string,high,vkdj,4,3,internal,d,c,3.566666666666667,0.66158,c,0,682.67
865,1241,11241,133,67,1,word,high,file,4,3,internal,l,r,3.2580645161290325,0.56415,l,1,659.87
865,2229,12229,1,67,1,pseudoword,high,vofe,4,3,internal,f,r,3.8,0.69632,r,0,1182.78
865,3110,13110,12,67,1,consonant_string,low,lsbd,4,4,external,d,k,1.3333333333333333,0.3996,k,0,705.01
865,1227,11227,23,67,1,word,high,wing,4,4,external,g,d,4.1,0.62488,g,1,653.55
865,2215,12215,34,67,1,pseudoword,high,gulm,4,4,external,m,n,4.666666666666667,0.6574,m,1,865.08
865,1140,11140,45,67,1,word,low,pole,4,3,internal,l,s,1.1,0.4218,l,1,454.95
865,2148,12148,51,67,1,pseudoword,low,zoke,4,3,internal,k,g,1.1666666666666667,0.37222,k,1,954.49
865,1205,11205,52,67,1,word,high,grape,5,4,internal,p,d,5.096774193548387,0.48985,p,1,1054.05
865,1219,11219,53,67,1,word,high,warm,4,4,external,m,n,4.666666666666667,0.6574,n,0,1125.62
865,3108,13108,54,67,1,consonant_string,low,cvsd,4,4,external,d,k,1.3333333333333333,0.3996,k,0,748.85
865,2205,12205,55,67,1,pseudoword,high,brupe,5,4,internal,p,d,5.096774193548387,0.48985,p,1,1155.41
865,2134,12134,57,67,1,pseudoword,low,brode,5,4,internal,d,m,1.1333333333333333,0.58091,m,0,813.99
865,1207,11207,58,67,1,word,high,read,4,4,external,d,p,5.096774193548387,0.48985,d,1,782.85
865,1142,11142,59,67,1,word,low,seal,4,4,external,l,m,1.0666666666666667,0.5113,l,1,542.05
865,1225,11225,60,67,1,word,high,wage,4,3,internal,g,d,4.1,0.62488,g,1,723.58
865,3146,13146,61,67,1,consonant_string,low,bfnsl,5,5,external,l,m,1.0666666666666667,0.5113,l,1,782.47
865,3106,13106,62,67,1,consonant_string,low,jbfzpq,6,5,internal,p,v,1.1333333333333333,0.49111,v,0,610.68
865,3116,13116,63,67,1,consonant_string,low,fsmt,4,3,internal,m,l,1.0666666666666667,0.5113,m,1,788.54
865,1128,11128,64,67,1,word,low,reef,4,4,external,f,d,1.4333333333333333,0.51654,f,1,734.76
865,2211,12211,65,67,1,pseudoword,high,zoud,4,4,external,d,p,5.096774193548387,0.48985,d,1,1121.97
865,1229,11229,66,67,1,word,high,wife,4,3,internal,f,r,3.8,0.69632,f,1,773.88
865,2219,12219,68,67,1,pseudoword,high,chom,4,4,external,m,n,4.666666666666667,0.6574,m,1,536.74
865,2116,12116,69,67,1,pseudoword,low,hime,4,3,internal,m,l,1.0666666666666667,0.5113,l,0,691.93
865,2130,12130,70,67,1,pseudoword,low,zeaf,4,4,external,f,p,1.6333333333333333,0.41008,f,1,585.47
865,3231,13231,71,67,1,consonant_string,high,gjwds,5,4,internal,d,c,3.566666666666667,0.66158,d,1,638.67
865,2146,12146,72,67,1,pseudoword,low,proal,5,5,external,l,m,1.0666666666666667,0.5113,m,0,740.87
865,1126,11126,73,67,1,word,low,bang,4,4,external,g,k,1.1666666666666667,0.37222,g,1,910.09
865,2223,12223,74,67,1,pseudoword,high,blug,4,4,external,g,p,4.5,0.55857,g,1,917.98
865,1243,11243,75,67,1,word,high,moor,4,4,external,r,n,3.1333333333333333,0.62334,r,1,602.86
865,3132,13132,76,67,1,consonant_string,low,vzldb,5,4,internal,d,r,1.3333333333333333,0.49182,r,0,613.38
865,3223,13223,77,67,1,consonant_string,high,vlbg,4,4,external,g,p,4.5,0.55857,g,1,1104.27
865,3239,13239,79,67,1,consonant_string,high,mvjt,4,4,external,t,r,3.3666666666666667,0.59892,t,1,413.82
865,2122,12122,80,67,1,pseudoword,low,sleg,4,4,external,g,n,1.7,0.55212,g,1,605.66
865,3120,13120,81,67,1,consonant_string,low,pktv,4,3,internal,t,m,1.0666666666666667,0.52674,t,1,556.2
865,2235,12235,82,67,1,pseudoword,high,frab,4,4,external,b,g,3.533333333333333,0.46543,b,1,877.73
865,2221,12221,83,67,1,pseudoword,high,quag,4,4,external,g,p,4.5,0.55857,g,1,638.94
865,3142,13142,84,67,1,consonant_string,low,wktl,4,4,external,l,m,1.0666666666666667,0.5113,l,1,781.15
865,2112,12112,85,67,1,pseudoword,low,glip,4,4,external,p,t,1.3333333333333333,0.53002,p,1,596.36
865,2233,12233,86,67,1,pseudoword,high,kide,4,3,internal,d,c,3.566666666666667,0.66158,d,1,528.88
865,3229,13229,87,67,1,consonant_string,high,dtfh,4,3,internal,f,r,3.8,0.69632,r,0,518.07
865,2110,12110,88,67,1,pseudoword,low,fard,4,4,external,d,k,1.3333333333333333,0.3996,k,0,638.93
865,3237,13237,90,67,1,consonant_string,high,gbcw,4,4,external,w,m,3.4,0.62127,m,0,551.12
865,3203,13203,91,67,1,consonant_string,high,qsgpn,5,4,internal,p,d,5.096774193548387,0.48985,p,1,1069.67
865,1102,11102,92,67,1,word,low,snip,4,2,internal,n,l,1.3666666666666667,0.46775,n,1,660.56
865,3207,13207,93,67,1,consonant_string,high,qvsd,4,4,external,d,p,5.096774193548387,0.48985,p,0,462.42
865,3112,13112,94,67,1,consonant_string,low,qmwp,4,4,external,p,t,1.3333333333333333,0.53002,p,1,580.27
865,2124,12124,95,67,1,pseudoword,low,jote,4,3,internal,t,d,1.3666666666666667,0.47786,t,1,605.47
865,3102,13102,96,67,1,consonant_string,low,knfc,4,2,internal,n,l,1.3666666666666667,0.46775,n,1,771.0
865,1217,11217,97,67,1,word,high,scam,4,4,external,m,n,4.666666666666667,0.6574,m,1,790.88
865,1132,11132,98,67,1,word,low,spade,5,4,internal,d,r,1.3333333333333333,0.49182,d,1,584.08
865,3114,13114,99,67,1,consonant_string,low,klpj,4,3,internal,p,s,1.2580645161290323,0.5767,p,1,561.28
865,1114,11114,101,67,1,word,low,rope,4,3,internal,p,s,1.2580645161290323,0.5767,p,1,716.14
865,3124,13124,102,67,1,consonant_string,low,gpts,4,3,internal,t,d,1.3666666666666667,0.47786,d,0,1135.03
865,1144,11144,103,67,1,word,low,stone,5,4,internal,n,k,1.5333333333333334,0.52768,n,1,580.26
865,1231,11231,104,67,1,word,high,slide,5,4,internal,d,c,3.566666666666667,0.66158,d,1,556.44
865,1124,11124,105,67,1,word,low,bite,4,3,internal,t,d,1.3666666666666667,0.47786,t,1,432.96
865,1148,11148,106,67,1,word,low,sake,4,3,internal,k,g,1.1666666666666667,0.37222,k,1,493.15
865,1146,11146,107,67,1,word,low,steal,5,5,external,l,m,1.0666666666666667,0.5113,l,1,578.67
865,2225,12225,108,67,1,pseudoword,high,jege,4,3,internal,g,d,4.1,0.62488,g,1,1143.88
865,1120,11120,109,67,1,word,low,gate,4,3,internal,t,m,1.0666666666666667,0.52674,t,1,435.45
865,2241,12241,110,67,1,pseudoword,high,bule,4,3,internal,l,r,3.2580645161290325,0.56415,r,0,1534.66
865,3128,13128,112,67,1,consonant_string,low,vjnf,4,4,external,f,d,1.4333333333333333,0.51654,f,1,549.92
865,1112,11112,113,67,1,word,low,grip,4,4,external,p,t,1.3333333333333333,0.53002,p,1,663.44
865,3235,13235,114,67,1,consonant_string,high,mkrb,4,4,external,b,g,3.533333333333333,0.46543,b,1,773.31
865,3219,13219,115,67,1,consonant_string,high,gjkm,4,4,external,m,n,4.666666666666667,0.6574,m,1,428.36
865,1237,11237,116,67,1,word,high,stew,4,4,external,w,m,3.4,0.62127,w,1,747.55
865,1116,11116,117,67,1,word,low,mime,4,3,internal,m,l,1.0666666666666667,0.5113,m,1,593.09
865,2213,12213,118,67,1,pseudoword,high,nalb,4,4,external,b,p,5.066666666666666,0.70362,b,1,690.62
865,2237,12237,119,67,1,pseudoword,high,blaw,4,4,external,w,m,3.4,0.62127,w,1,571.83
865,3247,13247,120,67,1,consonant_string,high,gnlt,4,3,internal,l,k,2.8,0.53572,k,0,652.68
865,2239,12239,121,67,1,pseudoword,high,glot,4,4,external,t,r,3.3666666666666667,0.59892,t,1,619.22
865,3126,13126,123,67,1,consonant_string,low,lqvg,4,4,external,g,k,1.1666666666666667,0.37222,k,0,519.08
865,3134,13134,124,67,1,consonant_string,low,pfldr,5,4,internal,d,m,1.1333333333333333,0.58091,m,0,617.94
865,1215,11215,125,67,1,word,high,beam,4,4,external,m,n,4.666666666666667,0.6574,n,0,866.81
865,2120,12120,126,67,1,pseudoword,low,wote,4,3,internal,t,m,1.0666666666666667,0.52674,t,1,439.68
865,1235,11235,127,67,1,word,high,drab,4,4,external,b,g,3.533333333333333,0.46543,g,0,794.88
865,2245,12245,128,67,1,pseudoword,high,swork,5,4,internal,r,n,3.1333333333333333,0.62334,r,1,983.43
865,2118,12118,129,67,1,pseudoword,low,vume,4,3,internal,m,l,1.0666666666666667,0.5113,m,1,652.64
865,2227,12227,130,67,1,pseudoword,high,reng,4,4,external,g,d,4.1,0.62488,g,1,632.18
865,2203,12203,131,67,1,pseudoword,high,frope,5,4,internal,p,d,5.096774193548387,0.48985,p,1,638.38
865,3122,13122,132,67,1,consonant_string,low,wbjg,4,4,external,g,n,1.7,0.55212,n,0,454.58
865,3205,13205,134,67,1,consonant_string,high,fcmpk,5,4,internal,p,d,5.096774193548387,0.48985,p,1,455.08
865,1247,11247,135,67,1,word,high,bale,4,3,internal,l,k,2.8,0.53572,l,1,504.61
865,3130,13130,136,67,1,consonant_string,low,czhf,4,4,external,f,p,1.6333333333333333,0.41008,p,0,549.13
865,3136,13136,137,67,1,consonant_string,low,hfwb,4,4,external,b,r,1.2666666666666666,0.51424,b,1,417.65
865,1106,11106,138,67,1,word,low,stripe,6,5,internal,p,v,1.1333333333333333,0.49111,p,1,1075.52
865,3118,13118,139,67,1,consonant_string,low,zsmj,4,3,internal,m,l,1.0666666666666667,0.5113,l,0,540.74
865,2132,12132,140,67,1,pseudoword,low,ghade,5,4,internal,d,r,1.3333333333333333,0.49182,d,1,900.94
865,3215,13215,141,67,1,consonant_string,high,sfdm,4,4,external,m,n,4.666666666666667,0.6574,m,1,532.49
865,1223,11223,142,67,1,word,high,flag,4,4,external,g,p,4.5,0.55857,g,1,799.69
865,3245,13245,143,67,1,consonant_string,high,hvwrt,5,4,internal,r,n,3.1333333333333333,0.62334,r,1,487.22
865,1110,11110,2,67,1,word,low,weed,4,4,external,d,k,1.3333333333333333,0.3996,d,1,619.41
865,3138,13138,3,67,1,consonant_string,low,njtb,4,3,internal,t,m,1.0666666666666667,0.52674,t,1,583.28
865,1239,11239,4,67,1,word,high,spat,4,4,external,t,r,3.3666666666666667,0.59892,t,1,827.48
865,3104,13104,5,67,1,consonant_string,low,htwd,4,4,external,d,m,1.1333333333333333,0.58091,d,1,489.68
865,3144,13144,6,67,1,consonant_string,low,qjfnd,5,4,internal,n,k,1.5333333333333334,0.52768,n,1,350.87
865,2217,12217,7,67,1,pseudoword,high,plim,4,4,external,m,n,4.666666666666667,0.6574,m,1,729.38
865,2102,12102,8,67,1,pseudoword,low,snad,4,2,internal,n,l,1.3666666666666667,0.46775,l,0,496.59
865,2209,12209,9,67,1,pseudoword,high,glod,4,4,external,d,p,5.096774193548387,0.48985,d,1,626.11
865,2231,12231,10,67,1,pseudoword,high,spode,5,4,internal,d,c,3.566666666666667,0.66158,c,0,995.32
865,2138,12138,11,67,1,pseudoword,low,jite,4,3,internal,t,m,1.0666666666666667,0.52674,t,1,586.86
865,2126,12126,13,67,1,pseudoword,low,yeng,4,4,external,g,k,1.1666666666666667,0.37222,g,1,626.07
865,2128,12128,14,67,1,pseudoword,low,goif,4,4,external,f,d,1.4333333333333333,0.51654,f,1,702.26
865,3217,13217,15,67,1,consonant_string,high,htjm,4,4,external,m,n,4.666666666666667,0.6574,m,1,402.8
865,3211,13211,16,67,1,consonant_string,high,srfd,4,4,external,d,p,5.096774193548387,0.48985,p,0,446.3
865,1138,11138,17,67,1,word,low,date,4,3,internal,t,m,1.0666666666666667,0.52674,t,1,487.82
865,3221,13221,18,67,1,consonant_string,high,fqcg,4,4,external,g,p,4.5,0.55857,g,1,502.01
865,1136,11136,19,67,1,word,low,stab,4,4,external,b,r,1.2666666666666666,0.51424,b,1,545.51
865,1211,11211,20,67,1,word,high,lead,4,4,external,d,p,5.096774193548387,0.48985,d,1,572.06
865,2136,12136,21,67,1,pseudoword,low,plob,4,4,external,b,r,1.2666666666666666,0.51424,b,1,581.92
865,1203,11203,22,67,1,word,high,shape,5,4,internal,p,d,5.096774193548387,0.48985,p,1,499.1
865,1122,11122,24,67,1,word,low,swag,4,4,external,g,n,1.7,0.55212,g,1,618.63
865,1245,11245,25,67,1,word,high,spire,5,4,internal,r,n,3.1333333333333333,0.62334,r,1,643.5
865,3225,13225,26,67,1,consonant_string,high,fhgv,4,3,internal,g,d,4.1,0.62488,d,0,592.03
865,3227,13227,27,67,1,consonant_string,high,bvcg,4,4,external,g,d,4.1,0.62488,g,1,397.55
865,2247,12247,28,67,1,pseudoword,high,jile,4,3,internal,l,k,2.8,0.53572,l,1,710.07
865,3201,13201,29,67,1,consonant_string,high,znsq,4,2,internal,n,h,5.533333333333333,0.86536,n,1,522.94
865,2104,12104,30,67,1,pseudoword,low,swed,4,4,external,d,m,1.1333333333333333,0.58091,m,0,591.8
865,1134,11134,31,67,1,word,low,pride,5,4,internal,d,m,1.1333333333333333,0.58091,d,1,488.32
865,2144,12144,32,67,1,pseudoword,low,slone,5,4,internal,n,k,1.5333333333333334,0.52768,n,1,600.52
865,1118,11118,33,67,1,word,low,home,4,3,internal,m,l,1.0666666666666667,0.5113,m,1,518.04
865,1213,11213,35,67,1,word,high,slab,4,4,external,b,p,5.066666666666666,0.70362,b,1,601.9
865,3241,13241,36,67,1,consonant_string,high,pqlt,4,3,internal,l,r,3.2580645161290325,0.56415,r,0,654.43
865,3148,13148,37,67,1,consonant_string,low,dhkw,4,3,internal,k,g,1.1666666666666667,0.37222,k,1,490.96
865,2108,12108,38,67,1,pseudoword,low,vild,4,4,external,d,k,1.3333333333333333,0.3996,d,1,699.15
865,1104,11104,39,67,1,word,low,skid,4,4,external,d,m,1.1333333333333333,0.58091,d,1,818.69
865,3140,13140,40,67,1,consonant_string,low,gtln,4,3,internal,l,s,1.1,0.4218,l,1,526.57
865,3209,13209,41,67,1,consonant_string,high,csbd,4,4,external,d,p,5.096774193548387,0.48985,d,1,548.76
865,2142,12142,42,67,1,pseudoword,low,drol,4,4,external,l,m,1.0666666666666667,0.5113,l,1,592.28
865,2114,12114,43,67,1,pseudoword,low,dape,4,3,internal,p,s,1.2580645161290323,0.5767,p,1,719.81
865,1201,11201,44,67,1,word,high,snow,4,2,internal,n,h,5.533333333333333,0.86536,n,1,893.7
865,2207,12207,46,67,1,pseudoword,high,nood,4,4,external,d,p,5.096774193548387,0.48985,d,1,545.24
865,2106,12106,47,67,1,pseudoword,low,strepe,6,5,internal,p,v,1.1333333333333333,0.49111,p,1,612.78
865,1209,11209,48,67,1,word,high,seed,4,4,external,d,p,5.096774193548387,0.48985,d,1,531.63
865,1108,11108,49,67,1,word,low,hood,4,4,external,d,k,1.3333333333333333,0.3996,d,1,494.83
865,2140,12140,50,67,1,pseudoword,low,hule,4,3,internal,l,s,1.1,0.4218,l,1,541.34
866,3212,23212,0,33,2,consonant_string,high,qmwp,4,4,external,p,d,5.096774193548387,0.48985,p,1,822.23
866,2236,22236,56,33,2,pseudoword,high,plob,4,4,external,b,g,3.533333333333333,0.46543,g,0,931.45
866,1226,21226,67,33,2,word,high,bang,4,4,external,g,d,4.1,0.62488,g,1,761.02
866,3119,23119,78,33,2,consonant_string,low,gjkm,4,4,external,m,t,1.0666666666666667,0.52674,t,0,780.23
866,2129,22129,89,33,2,pseudoword,low,vofe,4,3,internal,f,n,1.2,0.53217,n,0,1095.8
866,3147,23147,100,33,2,consonant_string,low,gnlt,4,3,internal,l,s,1.1,0.4218,s,0,802.7
866,1145,21145,111,33,2,word,low,spire,5,4,internal,r,c,1.4,0.55867,c,0,698.58
866,1117,21117,122,33,2,word,low,scam,4,4,external,m,b,1.2333333333333334,0.5784,m,1,953.46
866,2224,22224,133,33,2,pseudoword,high,jote,4,3,internal,t,l,4.5,0.47576,t,1,900.36
866,1127,21127,1,33,2,word,low,wing,4,4,external,g,k,1.1666666666666667,0.37222,g,1,792.25
866,3141,23141,12,33,2,consonant_string,low,pqlt,4,3,internal,l,n,1.3666666666666667,0.46775,n,0,966.14
866,2131,22131,23,33,2,pseudoword,low,spode,5,4,internal,d,m,1.1333333333333333,0.58091,d,1,1096.38
866,3131,23131,34,33,2,consonant_string,low,gjwds,5,4,internal,d,m,1.1333333333333333,0.58091,d,1,995.3
866,1214,21214,45,33,2,word,high,rope,4,3,internal,p,b,5.066666666666666,0.70362,p,1,778.19
866,2230,22230,51,33,2,pseudoword,high,zeaf,4,4,external,f,r,3.8,0.69632,r,0,906.75
866,3135,23135,52,33,2,consonant_string,low,mkrb,4,4,external,b,w,1.1,0.5109,b,1,720.63
866,1216,21216,53,33,2,word,high,mime,4,3,internal,m,n,4.666666666666667,0.6574,n,0,979.86
866,3117,23117,54,33,2,consonant_string,low,htjm,4,4,external,m,b,1.2333333333333334,0.5784,m,1,773.41
866,3234,23234,55,33,2,consonant_string,high,pfldr,5,4,internal,d,c,3.566666666666667,0.66158,d,1,708.63
866,2208,22208,57,33,2,pseudoword,high,vild,4,4,external,d,p,5.096774193548387,0.48985,d,1,614.5
866,1125,21125,58,33,2,word,low,wage,4,3,internal,g,k,1.1666666666666667,0.37222,g,1,696.72
866,2228,22228,59,33,2,pseudoword,high,goif,4,4,external,f,l,4.033333333333333,0.60982,l,0,837.59
866,1234,21234,60,33,2,word,high,pride,5,4,internal,d,c,3.566666666666667,0.66158,d,1,746.15
866,3109,23109,61,33,2,consonant_string,low,csbd,4,4,external,d,m,1.1333333333333333,0.58091,d,1,757.02
866,1228,21228,62,33,2,word,high,reef,4,4,external,f,l,4.033333333333333,0.60982,l,0,725.9
866,3107,23107,63,33,2,consonant_string,low,qvsd,4,4,external,d,r,1.3333333333333333,0.49182,d,1,599.45
866,3113,23113,64,33,2,consonant_string,low,rtcb,4,4,external,b,m,1.2333333333333334,0.5784,m,0,886.32
866,2115,22115,65,33,2,pseudoword,low,gulm,4,4,external,m,t,1.0666666666666667,0.52674,m,1,717.88
866,3224,23224,66,33,2,consonant_string,high,gpts,4,3,internal,t,l,4.5,0.47576,l,0,869.09
866,1248,21248,68,33,2,word,high,sake,4,3,internal,k,l,2.8,0.53572,k,1,919.32
866,1230,21230,69,33,2,word,high,beef,4,4,external,f,r,3.8,0.69632,r,0,674.54
866,3244,23244,70,33,2,consonant_string,high,qjfnd,5,4,internal,n,r,3.1333333333333333,0.62334,n,1,833.79
866,3204,23204,71,33,2,consonant_string,high,htwd,4,4,external,d,p,5.096774193548387,0.48985,d,1,806.31
866,2226,22226,72,33,2,pseudoword,high,yeng,4,4,external,g,d,4.1,0.62488,g,1,775.19
866,3125,23125,73,33,2,consonant_string,low,fhgv,4,3,internal,g,k,1.1666666666666667,0.37222,g,1,809.75
866,1208,21208,74,33,2,word,high,hood,4,4,external,d,p,5.096774193548387,0.48985,d,1,675.96
866,1206,21206,75,33,2,word,high,stripe,6,5,internal,p,d,5.096774193548387,0.48985,p,1,655.5
866,2248,22248,76,33,2,pseudoword,high,zoke,4,3,internal,k,l,2.8,0.53572,k,1,674.37
866,2133,22133,77,33,2,pseudoword,low,kide,4,3,internal,d,z,1.2333333333333334,0.52841,d,1,876.59
866,1143,21143,79,33,2,word,low,moor,4,4,external,r,d,1.3333333333333333,0.49182,r,1,770.14
866,1139,21139,80,33,2,word,low,spat,4,4,external,t,n,1.1,0.6011,n,0,784.36
866,1218,21218,81,33,2,word,high,home,4,3,internal,m,n,4.666666666666667,0.6574,m,1,635.9
866,2240,22240,82,33,2,pseudoword,high,hule,4,3,internal,l,r,3.2580645161290325,0.56415,r,0,748.45
866,1222,21222,83,33,2,word,high,swag,4,4,external,g,p,4.5,0.55857,g,1,608.32
866,2242,22242,84,33,2,pseudoword,high,drol,4,4,external,l,r,3.2580645161290325,0.56415,r,0,609.18
866,1202,21202,85,33,2,word,high,snip,4,2,internal,n,h,5.533333333333333,0.86536,n,1,688.4
866,3210,23210,86,33,2,consonant_string,high,lsbd,4,4,external,d,p,5.096774193548387,0.48985,d,1,667.94
866,3228,23228,87,33,2,consonant_string,high,vjnf,4,4,external,f,l,4.033333333333333,0.60982,f,1,871.15
866,1137,21137,88,33,2,word,low,stew,4,4,external,w,p,1.1666666666666667,0.53452,w,1,785.37
866,1133,21133,90,33,2,word,low,fade,4,3,internal,d,z,1.2333333333333334,0.52841,d,1,701.93
866,3214,23214,91,33,2,consonant_string,high,klpj,4,3,internal,p,b,5.066666666666666,0.70362,p,1,729.8
866,2238,22238,92,33,2,pseudoword,high,jite,4,3,internal,t,r,3.3666666666666667,0.59892,r,0,906.35
866,1111,21111,93,33,2,word,low,lead,4,4,external,d,k,1.3333333333333333,0.3996,d,1,549.23
866,2222,22222,94,33,2,pseudoword,high,sleg,4,4,external,g,p,4.5,0.55857,g,1,600.1
866,1131,21131,95,33,2,word,low,slide,5,4,internal,d,m,1.1333333333333333,0.58091,d,1,675.96
866,2220,22220,96,33,2,pseudoword,high,wote,4,3,internal,t,l,4.5,0.47576,t,1,684.51
866,1236,21236,97,33,2,word,high,stab,4,4,external,b,g,3.533333333333333,0.46543,b,1,773.05
866,1147,21147,98,33,2,word,low,bale,4,3,internal,l,s,1.1,0.4218,s,0,700.27
866,2111,22111,99,33,2,pseudoword,low,zoud,4,4,external,d,k,1.3333333333333333,0.3996,d,1,532.13
866,3208,23208,101,33,2,consonant_string,high,cvsd,4,4,external,d,p,5.096774193548387,0.48985,d,1,645.67
866,2109,22109,102,33,2,pseudoword,low,glod,4,4,external,d,m,1.1333333333333333,0.58091,d,1,546.53
866,3143,23143,103,33,2,consonant_string,low,fbvr,4,4,external,r,d,1.3333333333333333,0.49182,d,0,574.4
866,2232,22232,104,33,2,pseudoword,high,ghade,5,4,internal,d,c,3.566666666666667,0.66158,d,1,617.6
866,3226,23226,105,33,2,consonant_string,high,lqvg,4,4,external,g,d,4.1,0.62488,g,1,679.8
866,3115,23115,106,33,2,consonant_string,low,sfdm,4,4,external,m,t,1.0666666666666667,0.52674,m,1,482.34
866,3137,23137,107,33,2,consonant_string,low,gbcw,4,4,external,w,p,1.1666666666666667,0.53452,w,1,662.86
866,2143,22143,108,33,2,pseudoword,low,plur,4,4,external,r,d,1.3333333333333333,0.49182,r,1,520.06
866,2206,22206,109,33,2,pseudoword,high,strepe,6,5,internal,p,d,5.096774193548387,0.48985,p,1,565.26
866,1240,21240,110,33,2,word,high,pole,4,3,internal,l,r,3.2580645161290325,0.56415,l,1,536.45
866,2147,22147,112,33,2,pseudoword,low,jile,4,3,internal,l,s,1.1,0.4218,l,1,448.97
866,2117,22117,113,33,2,pseudoword,low,plim,4,4,external,m,b,1.2333333333333334,0.5784,m,1,563.83
866,3232,23232,114,33,2,consonant_string,high,vzldb,5,4,internal,d,c,3.566666666666667,0.66158,d,1,562.02
866,3129,23129,115,33,2,consonant_string,low,dtfh,4,3,internal,f,n,1.2,0.53217,f,1,735.48
866,3206,23206,116,33,2,consonant_string,high,jbfzpq,6,5,internal,p,d,5.096774193548387,0.48985,p,1,693.02
866,2119,22119,117,33,2,pseudoword,low,chom,4,4,external,m,t,1.0666666666666667,0.52674,m,1,566.89
866,1246,21246,118,33,2,word,high,steal,5,5,external,l,k,2.8,0.53572,l,1,780.1
866,2246,22246,119,33,2,pseudoword,high,proal,5,5,external,l,k,2.8,0.53572,k,0,568.65
866,2137,22137,120,33,2,pseudoword,low,blaw,4,4,external,w,p,1.1666666666666667,0.53452,w,1,489.83
866,3220,23220,121,33,2,consonant_string,high,pktv,4,3,internal,t,l,4.5,0.47576,t,1,757.37
866,3103,23103,123,33,2,consonant_string,low,qsgpn,5,4,internal,p,v,1.1333333333333333,0.49111,p,1,624.25
866,2216,22216,124,33,2,pseudoword,high,hime,4,3,internal,m,n,4.666666666666667,0.6574,m,1,636.45
866,3121,23121,125,33,2,consonant_string,low,fqcg,4,4,external,g,w,1.1666666666666667,0.52446,w,0,866.0
866,2123,22123,126,33,2,pseudoword,low,blug,4,4,external,g,t,1.1333333333333333,0.44178,g,1,612.22
866,1101,21101,127,33,2,word,low,snow,4,2,internal,n,t,1.1,0.6011,t,0,817.42
866,2210,22210,128,33,2,pseudoword,high,fard,4,4,external,d,p,5.096774193548387,0.48985,d,1,642.63
866,3236,23236,129,33,2,consonant_string,high,hfwb,4,4,external,b,g,3.533333333333333,0.46543,g,0,699.5
866,2101,22101,130,33,2,pseudoword,low,snum,4,2,internal,n,t,1.1,0.6011,n,1,849.39
866,1113,21113,131,33,2,word,low,slab,4,4,external,b,m,1.2333333333333334,0.5784,b,1,689.28
866,2135,22135,132,33,2,pseudoword,low,frab,4,4,external,b,w,1.1,0.5109,b,1,699.82
866,1141,21141,134,33,2,word,low,file,4,3,internal,l,n,1.3666666666666667,0.46775,l,1,822.7
866,1105,21105,135,33,2,word,low,grape,5,4,internal,p,v,1.1333333333333333,0.49111,p,1,498.91
866,1238,21238,136,33,2,word,high,date,4,3,internal,t,r,3.3666666666666667,0.59892,t,1,775.77
866,2113,22113,137,33,2,pseudoword,low,nalb,4,4,external,b,m,1.2333333333333334,0.5784,b,1,788.32
866,1103,21103,138,33,2,word,low,shape,5,4,internal,p,v,1.1333333333333333,0.49111,p,1,640.87
866,1224,21224,139,33,2,word,high,bite,4,3,internal,t,l,4.5,0.47576,t,1,713.41
866,3248,23248,140,33,2,consonant_string,high,dhkw,4,3,internal,k,l,2.8,0.53572,k,1,603.62
866,3222,23222,141,33,2,consonant_string,high,wbjg,4,4,external,g,p,4.5,0.55857,g,1,743.49
866,1204,21204,142,33,2,word,high,skid,4,4,external,d,p,5.096774193548387,0.48985,d,1,655.36
866,1210,21210,143,33,2,word,high,weed,4,4,external,d,p,5.096774193548387,0.48985,d,1,649.24
866,1121,21121,2,33,2,word,low,flog,4,4,external,g,w,1.1666666666666667,0.52446,g,1,502.1
866,3123,23123,3,33,2,consonant_string,low,vlbg,4,4,external,g,t,1.1333333333333333,0.44178,g,1,641.96
866,2212,22212,4,33,2,pseudoword,high,glip,4,4,external,p,d,5.096774193548387,0.48985,p,1,618.83
866,2121,22121,5,33,2,pseudoword,low,quag,4,4,external,g,w,1.1666666666666667,0.52446,g,1,687.04
866,3145,23145,6,33,2,consonant_string,low,hvwrt,5,4,internal,r,c,1.4,0.55867,r,1,670.58
866,1135,21135,7,33,2,word,low,drab,4,4,external,b,w,1.1,0.5109,b,1,659.79
866,3101,23101,8,33,2,consonant_string,low,znsq,4,2,internal,n,t,1.1,0.6011,t,0,734.99
866,1242,21242,9,33,2,word,high,seal,4,4,external,l,r,3.2580645161290325,0.56415,l,1,644.53
866,3105,23105,10,33,2,consonant_string,low,fcmpk,5,4,internal,p,v,1.1333333333333333,0.49111,p,1,1043.42
866,2107,22107,11,33,2,pseudoword,low,nood,4,4,external,d,r,1.3333333333333333,0.49182,d,1,765.32
866,3238,23238,13,33,2,consonant_string,high,njtb,4,3,internal,t,r,3.3666666666666667,0.59892,r,0,689.54
866,3133,23133,14,33,2,consonant_string,low,vkdj,4,3,internal,d,z,1.2333333333333334,0.52841,d,1,678.07
866,2214,22214,15,33,2,pseudoword,high,dape,4,3,internal,p,b,5.066666666666666,0.70362,p,1,647.61
866,2244,22244,16,33,2,pseudoword,high,slone,5,4,internal,n,r,3.1333333333333333,0.62334,n,1,619.48
866,3216,23216,17,33,2,consonant_string,high,fsmt,4,3,internal,m,n,4.666666666666667,0.6574,n,0,681.69
866,3139,23139,18,33,2,consonant_string,low,mvjt,4,4,external,t,n,1.1,0.6011,n,0,890.23
866,1232,21232,19,33,2,word,high,spade,5,4,internal,d,c,3.566666666666667,0.66158,c,0,728.79
866,1109,21109,20,33,2,word,low,seed,4,4,external,d,m,1.1333333333333333,0.58091,d,1,525.33
866,2127,22127,21,33,2,pseudoword,low,reng,4,4,external,g,k,1.1666666666666667,0.37222,g,1,652.86
866,2139,22139,22,33,2,pseudoword,low,glot,4,4,external,t,n,1.1,0.6011,n,0,869.75
866,2125,22125,24,33,2,pseudoword,low,jege,4,3,internal,g,k,1.1666666666666667,0.37222,g,1,736.95
866,2105,22105,25,33,2,pseudoword,low,brupe,5,4,internal,p,v,1.1333333333333333,0.49111,p,1,653.51
866,1212,21212,26,33,2,word,high,grip,4,4,external,p,d,5.096774193548387,0.48985,p,1,564.38
866,3240,23240,27,33,2,consonant_string,high,gtln,4,3,internal,l,r,3.2580645161290325,0.56415,l,1,844.57
866,3230,23230,28,33,2,consonant_string,high,czhf,4,4,external,f,r,3.8,0.69632,r,0,616.46
866,2145,22145,29,33,2,pseudoword,low,swork,5,4,internal,r,c,1.4,0.55867,r,1,695.67
866,1244,21244,30,33,2,word,high,stone,5,4,internal,n,r,3.1333333333333333,0.62334,n,1,661.53
866,2204,22204,31,33,2,pseudoword,high,swed,4,4,external,d,p,5.096774193548387,0.48985,d,1,579.74
866,2202,22202,32,33,2,pseudoword,high,snad,4,2,internal,n,h,5.533333333333333,0.86536,h,0,920.29
866,1119,21119,33,33,2,word,low,warm,4,4,external,m,t,1.0666666666666667,0.52674,m,1,515.51
866,3202,23202,35,33,2,consonant_string,high,knfc,4,2,internal,n,h,5.533333333333333,0.86536,n,1,943.71
866,3242,23242,36,33,2,consonant_string,high,wktl,4,4,external,l,r,3.2580645161290325,0.56415,r,0,707.6
866,2103,22103,37,33,2,pseudoword,low,frope,5,4,internal,p,v,1.1333333333333333,0.49111,p,1,549.47
866,2141,22141,38,33,2,pseudoword,low,bule,4,3,internal,l,n,1.3666666666666667,0.46775,l,1,656.33
866,1107,21107,39,33,2,word,low,read,4,4,external,d,r,1.3333333333333333,0.49182,d,1,568.2
866,1220,21220,40,33,2,word,high,gate,4,3,internal,t,l,4.5,0.47576,t,1,742.4
866,3246,23246,41,33,2,consonant_string,high,bfnsl,5,5,external,l,k,2.8,0.53572,l,1,1082.3
866,3218,23218,42,33,2,consonant_string,high,zsmj,4,3,internal,m,n,4.666666666666667,0.6574,n,0,981.87
866,3127,23127,43,33,2,consonant_string,low,bvcg,4,4,external,g,k,1.1666666666666667,0.37222,g,1,638.43
866,3111,23111,44,33,2,consonant_string,low,srfd,4,4,external,d,k,1.3333333333333333,0.3996,d,1,599.96
866,2234,22234,46,33,2,pseudoword,high,brode,5,4,internal,d,c,3.566666666666667,0.66158,d,1,680.84
866,1123,21123,47,33,2,word,low,flag,4,4,external,g,t,1.1333333333333333,0.44178,g,1,629.36
866,1115,21115,48,33,2,word,low,beam,4,4,external,m,t,1.0666666666666667,0.52674,m,1,564.91
866,1129,21129,49,33,2,word,low,wife,4,3,internal,f,n,1.2,0.53217,f,1,659.11
866,2218,22218,50,33,2,pseudoword,high,vume,4,3,internal,m,n,4.666666666666667,0.6574,n,0,796.31
867,1120,31120,0,50,3,word,low,gate,4,3,internal,t,m,1.0666666666666667,0.52674,t,1,873.48
867,2110,32110,56,50,3,pseudoword,low,fard,4,4,external,d,k,1.3333333333333333,0.3996,k,0,1119.05
867,3237,33237,67,50,3,consonant_string,high,gbcw,4,4,external,w,m,3.4,0.62127,m,0,1757.65
867,1243,31243,78,50,3,word,high,moor,4,4,external,r,n,3.1333333333333333,0.62334,r,1,826.25
867,2223,32223,89,50,3,pseudoword,high,blug,4,4,external,g,p,4.5,0.55857,g,1,864.14
867,1233,31233,100,50,3,word,high,fade,4,3,internal,d,c,3.566666666666667,0.66158,d,1,1805.75
867,2116,32116,111,50,3,pseudoword,low,hime,4,3,internal,m,l,1.0666666666666667,0.5113,m,1,1137.02
867,1225,31225,122,50,3,word,high,wage,4,3,internal,g,d,4.1,0.62488,g,1,765.93
867,3223,33223,133,50,3,consonant_string,high,vlbg,4,4,external,g,p,4.5,0.55857,p,0,1767.53
867,3132,33132,1,50,3,consonant_string,low,vzldb,5,4,internal,d,r,1.3333333333333333,0.49182,r,0,1328.15
867,1209,31209,12,50,3,word,high,seed,4,4,external,d,p,5.096774193548387,0.48985,d,1,663.05
867,1239,31239,23,50,3,word,high,spat,4,4,external,t,r,3.3666666666666667,0.59892,t,1,1010.61
867,2247,32247,34,50,3,pseudoword,high,jile,4,3,internal,l,k,2.8,0.53572,l,1,1544.2
867,3114,33114,45,50,3,consonant_string,low,klpj,4,3,internal,p,s,1.2580645161290323,0.5767,p,1,729.46
867,2239,32239,51,50,3,pseudoword,high,glot,4,4,external,t,r,3.3666666666666667,0.59892,t,1,908.35
867,2233,32233,52,50,3,pseudoword,high,kide,4,3,internal,d,c,3.566666666666667,0.66158,d,1,992.57
867,3207,33207,53,50,3,consonant_string,high,qvsd,4,4,external,d,p,5.096774193548387,0.48985,p,0,912.81
867,2136,32136,54,50,3,pseudoword,low,plob,4,4,external,b,r,1.2666666666666666,0.51424,r,0,2045.43
867,3108,33108,55,50,3,consonant_string,low,cvsd,4,4,external,d,k,1.3333333333333333,0.3996,d,1,975.71
867,3136,33136,57,50,3,consonant_string,low,hfwb,4,4,external,b,r,1.2666666666666666,0.51424,b,1,541.59
867,3243,33243,58,50,3,consonant_string,high,fbvr,4,4,external,r,n,3.1333333333333333,0.62334,r,1,815.8
867,3106,33106,59,50,3,consonant_string,low,jbfzpq,6,5,internal,p,v,1.1333333333333333,0.49111,p,1,805.36
867,2118,32118,60,50,3,pseudoword,low,vume,4,3,internal,m,l,1.0666666666666667,0.5113,m,1,1618.61
867,3239,33239,61,50,3,consonant_string,high,mvjt,4,4,external,t,r,3.3666666666666667,0.59892,t,1,580.19
867,1207,31207,62,50,3,word,high,read,4,4,external,d,p,5.096774193548387,0.48985,d,1,825.07
867,2231,32231,63,50,3,pseudoword,high,spode,5,4,internal,d,c,3.566666666666667,0.66158,d,1,732.61
867,2213,32213,64,50,3,pseudoword,high,nalb,4,4,external,b,p,5.066666666666666,0.70362,b,1,687.49
867,1128,31128,65,50,3,word,low,reef,4,4,external,f,d,1.4333333333333333,0.51654,f,1,1137.38
867,2114,32114,66,50,3,pseudoword,low,dape,4,3,internal,p,s,1.2580645161290323,0.5767,p,1,616.27
867,2205,32205,68,50,3,pseudoword,high,brupe,5,4,internal,p,d,5.096774193548387,0.48985,p,1,854.82
867,1219,31219,69,50,3,word,high,warm,4,4,external,m,n,4.666666666666667,0.6574,m,1,592.03
867,3227,33227,70,50,3,consonant_string,high,bvcg,4,4,external,g,d,4.1,0.62488,g,1,602.23
867,1136,31136,71,50,3,word,low,stab,4,4,external,b,r,1.2666666666666666,0.51424,b,1,1041.45
867,1132,31132,72,50,3,word,low,spade,5,4,internal,d,r,1.3333333333333333,0.49182,d,1,644.67
867,1106,31106,73,50,3,word,low,stripe,6,5,internal,p,v,1.1333333333333333,0.49111,p,1,518.88
867,2130,32130,74,50,3,pseudoword,low,zeaf,4,4,external,f,p,1.6333333333333333,0.41008,f,1,913.42
867,3138,33138,75,50,3,consonant_string,low,njtb,4,3,internal,t,m,1.0666666666666667,0.52674,t,1,896.98
867,3120,33120,76,50,3,consonant_string,low,pktv,4,3,internal,t,m,1.0666666666666667,0.52674,t,1,665.19
867,1205,31205,77,50,3,word,high,grape,5,4,internal,p,d,5.096774193548387,0.48985,p,1,834.74
867,3219,33219,79,50,3,consonant_string,high,gjkm,4,4,external,m,n,4.666666666666667,0.6574,n,0,956.64
867,3229,33229,80,50,3,consonant_string,high,dtfh,4,3,internal,f,r,3.8,0.69632,f,1,1582.9
867,1203,31203,81,50,3,word,high,shape,5,4,internal,p,d,5.096774193548387,0.48985,p,1,634.82
867,1122,31122,82,50,3,word,low,swag,4,4,external,g,n,1.7,0.55212,g,1,520.68
867,3124,33124,83,50,3,consonant_string,low,gpts,4,3,internal,t,d,1.3666666666666667,0.47786,t,1,538.21
867,1221,31221,84,50,3,word,high,flog,4,4,external,g,p,4.5,0.55857,g,1,603.07
867,1215,31215,85,50,3,word,high,beam,4,4,external,m,n,4.666666666666667,0.6574,m,1,422.26
867,2209,32209,86,50,3,pseudoword,high,glod,4,4,external,d,p,5.096774193548387,0.48985,p,0,1104.81
867,2229,32229,87,50,3,pseudoword,high,vofe,4,3,internal,f,r,3.8,0.69632,r,0,673.04
867,2134,32134,88,50,3,pseudoword,low,brode,5,4,internal,d,m,1.1333333333333333,0.58091,d,1,578.56
867,2104,32104,90,50,3,pseudoword,low,swed,4,4,external,d,m,1.1333333333333333,0.58091,d,1,577.43
867,1235,31235,91,50,3,word,high,drab,4,4,external,b,g,3.533333333333333,0.46543,b,1,696.3
867,3126,33126,92,50,3,consonant_string,low,lqvg,4,4,external,g,k,1.1666666666666667,0.37222,k,0,1917.57
867,2128,32128,93,50,3,pseudoword,low,goif,4,4,external,f,d,1.4333333333333333,0.51654,f,1,650.17
867,3245,33245,94,50,3,consonant_string,high,hvwrt,5,4,internal,r,n,3.1333333333333333,0.62334,r,1,664.38
867,2120,32120,95,50,3,pseudoword,low,wote,4,3,internal,t,m,1.0666666666666667,0.52674,t,1,447.91
867,1231,31231,96,50,3,word,high,slide,5,4,internal,d,c,3.566666666666667,0.66158,d,1,584.1
867,2237,32237,97,50,3,pseudoword,high,blaw,4,4,external,w,m,3.4,0.62127,w,1,564.95
867,3142,33142,98,50,3,consonant_string,low,wktl,4,4,external,l,m,1.0666666666666667,0.5113,m,0,1105.51
867,1130,31130,99,50,3,word,low,beef,4,4,external,f,p,1.6333333333333333,0.41008,f,1,556.74
867,3110,33110,101,50,3,consonant_string,low,lsbd,4,4,external,d,k,1.3333333333333333,0.3996,d,1,559.93
867,2217,32217,102,50,3,pseudoword,high,plim,4,4,external,m,n,4.666666666666667,0.6574,m,1,655.46
867,3217,33217,103,50,3,consonant_string,high,htjm,4,4,external,m,n,4.666666666666667,0.6574,n,0,552.66
867,1227,31227,104,50,3,word,high,wing,4,4,external,g,d,4.1,0.62488,g,1,588.86
867,1211,31211,105,50,3,word,high,lead,4,4,external,d,p,5.096774193548387,0.48985,d,1,537.72
867,3203,33203,106,50,3,consonant_string,high,qsgpn,5,4,internal,p,d,5.096774193548387,0.48985,p,1,804.59
867,3130,33130,107,50,3,consonant_string,low,czhf,4,4,external,f,p,1.6333333333333333,0.41008,f,1,810.81
867,2243,32243,108,50,3,pseudoword,high,plur,4,4,external,r,n,3.1333333333333333,0.62334,r,1,675.35
867,3201,33201,109,50,3,consonant_string,high,znsq,4,2,internal,n,h,5.533333333333333,0.86536,n,1,679.23
867,1140,31140,110,50,3,word,low,pole,4,3,internal,l,s,1.1,0.4218,l,1,1584.15
867,1110,31110,112,50,3,word,low,weed,4,4,external,d,k,1.3333333333333333,0.3996,d,1,1790.11
867,2219,32219,113,50,3,pseudoword,high,chom,4,4,external,m,n,4.666666666666667,0.6574,n,0,616.04
867,1134,31134,114,50,3,word,low,pride,5,4,internal,d,m,1.1333333333333333,0.58091,d,1,852.59
867,2106,32106,115,50,3,pseudoword,low,strepe,6,5,internal,p,v,1.1333333333333333,0.49111,p,1,570.04
867,2235,32235,116,50,3,pseudoword,high,frab,4,4,external,b,g,3.533333333333333,0.46543,b,1,712.58
867,2142,32142,117,50,3,pseudoword,low,drol,4,4,external,l,m,1.0666666666666667,0.5113,l,1,688.12
867,2108,32108,118,50,3,pseudoword,low,vild,4,4,external,d,k,1.3333333333333333,0.3996,d,1,533.98
867,1126,31126,119,50,3,word,low,bang,4,4,external,g,k,1.1666666666666667,0.37222,g,1,572.85
867,1118,31118,120,50,3,word,low,home,4,3,internal,m,l,1.0666666666666667,0.5113,m,1,451.37
867,3128,33128,121,50,3,consonant_string,low,vjnf,4,4,external,f,d,1.4333333333333333,0.51654,f,1,562.57
867,3247,33247,123,50,3,consonant_string,high,gnlt,4,3,internal,l,k,2.8,0.53572,k,0,489.1
867,1104,31104,124,50,3,word,low,skid,4,4,external,d,m,1.1333333333333333,0.58091,d,1,604.95
867,2102,32102,125,50,3,pseudoword,low,snad,4,2,internal,n,l,1.3666666666666667,0.46775,n,1,715.16
867,3140,33140,126,50,3,consonant_string,low,gtln,4,3,internal,l,s,1.1,0.4218,l,1,605.69
867,1112,31112,127,50,3,word,low,grip,4,4,external,p,t,1.3333333333333333,0.53002,p,1,524.89
867,2221,32221,128,50,3,pseudoword,high,quag,4,4,external,g,p,4.5,0.55857,g,1,662.42
867,2241,32241,129,50,3,pseudoword,high,bule,4,3,internal,l,r,3.2580645161290325,0.56415,l,1,791.97
867,2227,32227,130,50,3,pseudoword,high,reng,4,4,external,g,d,4.1,0.62488,g,1,638.18
867,1247,31247,131,50,3,word,high,bale,4,3,internal,l,k,2.8,0.53572,l,1,636.05
867,3209,33209,132,50,3,consonant_string,high,csbd,4,4,external,d,p,5.096774193548387,0.48985,d,1,929.93
867,2245,32245,134,50,3,pseudoword,high,swork,5,4,internal,r,n,3.1333333333333333,0.62334,r,1,1378.84
867,2144,32144,135,50,3,pseudoword,low,slone,5,4,internal,n,k,1.5333333333333334,0.52768,k,0,541.75
867,2207,32207,136,50,3,pseudoword,high,nood,4,4,external,d,p,5.096774193548387,0.48985,d,1,1234.97
867,3213,33213,137,50,3,consonant_string,high,rtcb,4,4,external,b,p,5.066666666666666,0.70362,b,1,617.85
867,2124,32124,138,50,3,pseudoword,low,jote,4,3,internal,t,d,1.3666666666666667,0.47786,d,0,1420.45
867,3221,33221,139,50,3,consonant_string,high,fqcg,4,4,external,g,p,4.5,0.55857,g,1,1232.04
867,1116,31116,140,50,3,word,low,mime,4,3,internal,m,l,1.0666666666666667,0.5113,l,0,970.96
867,3116,33116,141,50,3,consonant_string,low,fsmt,4,3,internal,m,l,1.0666666666666667,0.5113,m,1,688.51
867,2132,32132,142,50,3,pseudoword,low,ghade,5,4,internal,d,r,1.3333333333333333,0.49182,d,1,535.38
867,2215,32215,143,50,3,pseudoword,high,gulm,4,4,external,m,n,4.666666666666667,0.6574,n,0,1549.28
867,3122,33122,2,50,3,consonant_string,low,wbjg,4,4,external,g,n,1.7,0.55212,n,0,514.53
867,2112,32112,3,50,3,pseudoword,low,glip,4,4,external,p,t,1.3333333333333333,0.53002,t,0,1553.11
867,3235,33235,4,50,3,consonant_string,high,mkrb,4,4,external,b,g,3.533333333333333,0.46543,b,1,1066.37
867,1102,31102,5,50,3,word,low,snip,4,2,internal,n,l,1.3666666666666667,0.46775,n,1,1495.96
867,2122,32122,6,50,3,pseudoword,low,sleg,4,4,external,g,n,1.7,0.55212,g,1,1048.23
867,1217,31217,7,50,3,word,high,scam,4,4,external,m,n,4.666666666666667,0.6574,m,1,897.47
867,1142,31142,8,50,3,word,low,seal,4,4,external,l,m,1.0666666666666667,0.5113,m,0,588.68
867,1114,31114,9,50,3,word,low,rope,4,3,internal,p,s,1.2580645161290323,0.5767,s,0,755.55
867,2146,32146,10,50,3,pseudoword,low,proal,5,5,external,l,m,1.0666666666666667,0.5113,m,0,748.77
867,3118,33118,11,50,3,consonant_string,low,zsmj,4,3,internal,m,l,1.0666666666666667,0.5113,l,0,851.98
867,3215,33215,13,50,3,consonant_string,high,sfdm,4,4,external,m,n,4.666666666666667,0.6574,m,1,819.21
867,2203,32203,14,50,3,pseudoword,high,frope,5,4,internal,p,d,5.096774193548387,0.48985,d,0,1888.81
867,2148,32148,15,50,3,pseudoword,low,zoke,4,3,internal,k,g,1.1666666666666667,0.37222,k,1,1168.76
867,2211,32211,16,50,3,pseudoword,high,zoud,4,4,external,d,p,5.096774193548387,0.48985,d,1,726.33
867,3148,33148,17,50,3,consonant_string,low,dhkw,4,3,internal,k,g,1.1666666666666667,0.37222,g,0,1967.26
867,1241,31241,18,50,3,word,high,file,4,3,internal,l,r,3.2580645161290325,0.56415,l,1,895.88
867,2140,32140,19,50,3,pseudoword,low,hule,4,3,internal,l,s,1.1,0.4218,l,1,1018.11
867,3241,33241,20,50,3,consonant_string,high,pqlt,4,3,internal,l,r,3.2580645161290325,0.56415,l,1,551.66
867,3205,33205,21,50,3,consonant_string,high,fcmpk,5,4,internal,p,d,5.096774193548387,0.48985,d,0,735.87
867,3112,33112,22,50,3,consonant_string,low,qmwp,4,4,external,p,t,1.3333333333333333,0.53002,p,1,577.73
867,2126,32126,24,50,3,pseudoword,low,yeng,4,4,external,g,k,1.1666666666666667,0.37222,g,1,1015.62
867,3233,33233,25,50,3,consonant_string,high,vkdj,4,3,internal,d,c,3.566666666666667,0.66158,c,0,636.17
867,1124,31124,26,50,3,word,low,bite,4,3,internal,t,d,1.3666666666666667,0.47786,t,1,660.05
867,1201,31201,27,50,3,word,high,snow,4,2,internal,n,h,5.533333333333333,0.86536,n,1,1011.6
867,3104,33104,28,50,3,consonant_string,low,htwd,4,4,external,d,m,1.1333333333333333,0.58091,m,0,607.16
867,2201,32201,29,50,3,pseudoword,high,snum,4,2,internal,n,h,5.533333333333333,0.86536,n,1,1072.38
867,3134,33134,30,50,3,consonant_string,low,pfldr,5,4,internal,d,m,1.1333333333333333,0.58091,d,1,600.93
867,1223,31223,31,50,3,word,high,flag,4,4,external,g,p,4.5,0.55857,g,1,723.13
867,3231,33231,32,50,3,consonant_string,high,gjwds,5,4,internal,d,c,3.566666666666667,0.66158,c,0,482.67
867,3211,33211,33,50,3,consonant_string,high,srfd,4,4,external,d,p,5.096774193548387,0.48985,p,0,669.54
867,2138,32138,35,50,3,pseudoword,low,jite,4,3,internal,t,m,1.0666666666666667,0.52674,t,1,798.07
867,1146,31146,36,50,3,word,low,steal,5,5,external,l,m,1.0666666666666667,0.5113,l,1,732.3
867,1213,31213,37,50,3,word,high,slab,4,4,external,b,p,5.066666666666666,0.70362,b,1,505.16
867,2225,32225,38,50,3,pseudoword,high,jege,4,3,internal,g,d,4.1,0.62488,g,1,595.35
867,3146,33146,39,50,3,consonant_string,low,bfnsl,5,5,external,l,m,1.0666666666666667,0.5113,m,0,499.55
867,1138,31138,40,50,3,word,low,date,4,3,internal,t,m,1.0666666666666667,0.52674,t,1,495.74
867,1245,31245,41,50,3,word,high,spire,5,4,internal,r,n,3.1333333333333333,0.62334,r,1,529.93
867,1237,31237,42,50,3,word,high,stew,4,4,external,w,m,3.4,0.62127,w,1,506.79
867,1144,31144,43,50,3,word,low,stone,5,4,internal,n,k,1.5333333333333334,0.52768,n,1,482.98
867,1108,31108,44,50,3,word,low,hood,4,4,external,d,k,1.3333333333333333,0.3996,d,1,587.84
867,3144,33144,46,50,3,consonant_string,low,qjfnd,5,4,internal,n,k,1.5333333333333334,0.52768,n,1,562.7
867,3102,33102,47,50,3,consonant_string,low,knfc,4,2,internal,n,l,1.3666666666666667,0.46775,n,1,1345.27
867,1229,31229,48,50,3,word,high,wife,4,3,internal,f,r,3.8,0.69632,f,1,685.5
867,1148,31148,49,50,3,word,low,sake,4,3,internal,k,g,1.1666666666666667,0.37222,k,1,540.38
867,3225,33225,50,50,3,consonant_string,high,fhgv,4,3,internal,g,d,4.1,0.62488,d,0,788.23
868,3123,43123,0,50,4,consonant_string,low,vlbg,4,4,external,g,t,1.1333333333333333,0.44178,g,1,641.75
868,3141,43141,56,50,4,consonant_string,low,pqlt,4,3,internal,l,n,1.3666666666666667,0.46775,l,1,958.97
868,1244,41244,67,50,4,word,high,stone,5,4,internal,n,r,3.1333333333333333,0.62334,n,1,802.52
868,2230,42230,78,50,4,pseudoword,high,zeaf,4,4,external,f,r,3.8,0.69632,f,1,1611.77
868,2137,42137,89,50,4,pseudoword,low,blaw,4,4,external,w,p,1.1666666666666667,0.53452,p,0,884.34
868,3129,43129,100,50,4,consonant_string,low,dtfh,4,3,internal,f,n,1.2,0.53217,n,0,942.24
868,3236,43236,111,50,4,consonant_string,high,hfwb,4,4,external,b,g,3.533333333333333,0.46543,b,1,977.14
868,3125,43125,122,50,4,consonant_string,low,fhgv,4,3,internal,g,k,1.1666666666666667,0.37222,g,1,767.03
868,3226,43226,133,50,4,consonant_string,high,lqvg,4,4,external,g,d,4.1,0.62488,d,0,1134.59
868,1248,41248,1,50,4,word,high,sake,4,3,internal,k,l,2.8,0.53572,k,1,768.48
868,3107,43107,12,50,4,consonant_string,low,qvsd,4,4,external,d,r,1.3333333333333333,0.49182,d,1,1050.04
868,2224,42224,23,50,4,pseudoword,high,jote,4,3,internal,t,l,4.5,0.47576,t,1,880.27
868,1145,41145,34,50,4,word,low,spire,5,4,internal,r,c,1.4,0.55867,c,0,1041.16
868,3111,43111,45,50,4,consonant_string,low,srfd,4,4,external,d,k,1.3333333333333333,0.3996,d,1,740.38
868,2117,42117,51,50,4,pseudoword,low,plim,4,4,external,m,b,1.2333333333333334,0.5784,m,1,943.26
868,2141,42141,52,50,4,pseudoword,low,bule,4,3,internal,l,n,1.3666666666666667,0.46775,l,1,823.48
868,3105,43105,53,50,4,consonant_string,low,fcmpk,5,4,internal,p,v,1.1333333333333333,0.49111,p,1,820.03
868,2119,42119,54,50,4,pseudoword,low,chom,4,4,external,m,t,1.0666666666666667,0.52674,m,1,663.57
868,1103,41103,55,50,4,word,low,shape,5,4,internal,p,v,1.1333333333333333,0.49111,p,1,658.11
868,2234,42234,57,50,4,pseudoword,high,brode,5,4,internal,d,c,3.566666666666667,0.66158,d,1,637.32
868,2123,42123,58,50,4,pseudoword,low,blug,4,4,external,g,t,1.1333333333333333,0.44178,g,1,653.16
868,3101,43101,59,50,4,consonant_string,low,znsq,4,2,internal,n,t,1.1,0.6011,t,0,972.38
868,3218,43218,60,50,4,consonant_string,high,zsmj,4,3,internal,m,n,4.666666666666667,0.6574,n,0,738.93
868,2206,42206,61,50,4,pseudoword,high,strepe,6,5,internal,p,d,5.096774193548387,0.48985,p,1,816.81
868,1115,41115,62,50,4,word,low,beam,4,4,external,m,t,1.0666666666666667,0.52674,m,1,527.34
868,3121,43121,63,50,4,consonant_string,low,fqcg,4,4,external,g,w,1.1666666666666667,0.52446,g,1,1009.21
868,1139,41139,64,50,4,word,low,spat,4,4,external,t,n,1.1,0.6011,t,1,574.74
868,3131,43131,65,50,4,consonant_string,low,gjwds,5,4,internal,d,m,1.1333333333333333,0.58091,d,1,904.29
868,3230,43230,66,50,4,consonant_string,high,czhf,4,4,external,f,r,3.8,0.69632,f,1,776.51
868,1121,41121,68,50,4,word,low,flog,4,4,external,g,w,1.1666666666666667,0.52446,g,1,517.39
868,1220,41220,69,50,4,word,high,gate,4,3,internal,t,l,4.5,0.47576,t,1,650.91
868,2228,42228,70,50,4,pseudoword,high,goif,4,4,external,f,l,4.033333333333333,0.60982,f,1,575.1
868,1131,41131,71,50,4,word,low,slide,5,4,internal,d,m,1.1333333333333333,0.58091,d,1,537.96
868,2121,42121,72,50,4,pseudoword,low,quag,4,4,external,g,w,1.1666666666666667,0.52446,g,1,717.82
868,2133,42133,73,50,4,pseudoword,low,kide,4,3,internal,d,z,1.2333333333333334,0.52841,d,1,589.36
868,1137,41137,74,50,4,word,low,stew,4,4,external,w,p,1.1666666666666667,0.53452,p,0,1007.23
868,3246,43246,75,50,4,consonant_string,high,bfnsl,5,5,external,l,k,2.8,0.53572,k,0,769.46
868,2131,42131,76,50,4,pseudoword,low,spode,5,4,internal,d,m,1.1333333333333333,0.58091,d,1,790.0
868,3212,43212,77,50,4,consonant_string,high,qmwp,4,4,external,p,d,5.096774193548387,0.48985,p,1,1147.9
868,3143,43143,79,50,4,consonant_string,low,fbvr,4,4,external,r,d,1.3333333333333333,0.49182,d,0,706.12
868,3133,43133,80,50,4,consonant_string,low,vkdj,4,3,internal,d,z,1.2333333333333334,0.52841,d,1,645.32
868,2208,42208,81,50,4,pseudoword,high,vild,4,4,external,d,p,5.096774193548387,0.48985,d,1,573.52
868,1133,41133,82,50,4,word,low,fade,4,3,internal,d,z,1.2333333333333334,0.52841,d,1,515.04
868,2147,42147,83,50,4,pseudoword,low,jile,4,3,internal,l,s,1.1,0.4218,s,0,1061.59
868,2218,42218,84,50,4,pseudoword,high,vume,4,3,internal,m,n,4.666666666666667,0.6574,m,1,635.14
868,3113,43113,85,50,4,consonant_string,low,rtcb,4,4,external,b,m,1.2333333333333334,0.5784,b,1,1130.02
868,2248,42248,86,50,4,pseudoword,high,zoke,4,3,internal,k,l,2.8,0.53572,k,1,557.9
868,2113,42113,87,50,4,pseudoword,low,nalb,4,4,external,b,m,1.2333333333333334,0.5784,b,1,802.44
868,3234,43234,88,50,4,consonant_string,high,pfldr,5,4,internal,d,c,3.566666666666667,0.66158,d,1,910.66
868,1224,41224,90,50,4,word,high,bite,4,3,internal,t,l,4.5,0.47576,t,1,659.21
868,1232,41232,91,50,4,word,high,spade,5,4,internal,d,c,3.566666666666667,0.66158,d,1,516.73
868,1129,41129,92,50,4,word,low,wife,4,3,internal,f,n,1.2,0.53217,f,1,611.26
868,1125,41125,93,50,4,word,low,wage,4,3,internal,g,k,1.1666666666666667,0.37222,g,1,700.78
868,1143,41143,94,50,4,word,low,moor,4,4,external,r,d,1.3333333333333333,0.49182,r,1,717.0
868,2214,42214,95,50,4,pseudoword,high,dape,4,3,internal,p,b,5.066666666666666,0.70362,p,1,659.53
868,2236,42236,96,50,4,pseudoword,high,plob,4,4,external,b,g,3.533333333333333,0.46543,b,1,916.07
868,1222,41222,97,50,4,word,high,swag,4,4,external,g,p,4.5,0.55857,g,1,669.62
868,1113,41113,98,50,4,word,low,slab,4,4,external,b,m,1.2333333333333334,0.5784,b,1,674.16
868,2210,42210,99,50,4,pseudoword,high,fard,4,4,external,d,p,5.096774193548387,0.48985,d,1,1116.71
868,1216,41216,101,50,4,word,high,mime,4,3,internal,m,n,4.666666666666667,0.6574,m,1,616.27
868,3147,43147,102,50,4,consonant_string,low,gnlt,4,3,internal,l,s,1.1,0.4218,l,1,992.81
868,1119,41119,103,50,4,word,low,warm,4,4,external,m,t,1.0666666666666667,0.52674,m,1,629.02
868,3119,43119,104,50,4,consonant_string,low,gjkm,4,4,external,m,t,1.0666666666666667,0.52674,t,0,1026.91
868,1202,41202,105,50,4,word,high,snip,4,2,internal,n,h,5.533333333333333,0.86536,n,1,1169.81
868,2143,42143,106,50,4,pseudoword,low,plur,4,4,external,r,d,1.3333333333333333,0.49182,r,1,925.38
868,3137,43137,107,50,4,consonant_string,low,gbcw,4,4,external,w,p,1.1666666666666667,0.53452,p,0,895.27
868,1210,41210,108,50,4,word,high,weed,4,4,external,d,p,5.096774193548387,0.48985,d,1,699.48
868,1240,41240,109,50,4,word,high,pole,4,3,internal,l,r,3.2580645161290325,0.56415,l,1,743.69
868,3216,43216,110,50,4,consonant_string,high,fsmt,4,3,internal,m,n,4.666666666666667,0.6574,m,1,940.9
868,2129,42129,112,50,4,pseudoword,low,vofe,4,3,internal,f,n,1.2,0.53217,f,1,712.79
868,3103,43103,113,50,4,consonant_string,low,qsgpn,5,4,internal,p,v,1.1333333333333333,0.49111,p,1,715.33
868,2101,42101,114,50,4,pseudoword,low,snum,4,2,internal,n,t,1.1,0.6011,n,1,834.86
868,3224,43224,115,50,4,consonant_string,high,gpts,4,3,internal,t,l,4.5,0.47576,l,0,808.17
868,2244,42244,116,50,4,pseudoword,high,slone,5,4,internal,n,r,3.1333333333333333,0.62334,n,1,617.37
868,1214,41214,117,50,4,word,high,rope,4,3,internal,p,b,5.066666666666666,0.70362,p,1,609.91
868,2216,42216,118,50,4,pseudoword,high,hime,4,3,internal,m,n,4.666666666666667,0.6574,m,1,897.44
868,2202,42202,119,50,4,pseudoword,high,snad,4,2,internal,n,h,5.533333333333333,0.86536,n,1,710.65
868,3214,43214,120,50,4,consonant_string,high,klpj,4,3,internal,p,b,5.066666666666666,0.70362,b,0,1300.21
868,1105,41105,121,50,4,word,low,grape,5,4,internal,p,v,1.1333333333333333,0.49111,p,1,576.43
868,1236,41236,123,50,4,word,high,stab,4,4,external,b,g,3.533333333333333,0.46543,b,1,715.3
868,2103,42103,124,50,4,pseudoword,low,frope,5,4,internal,p,v,1.1333333333333333,0.49111,p,1,564.84
868,1135,41135,125,50,4,word,low,drab,4,4,external,b,w,1.1,0.5109,b,1,638.36
868,1226,41226,126,50,4,word,high,bang,4,4,external,g,d,4.1,0.62488,g,1,871.23
868,2139,42139,127,50,4,pseudoword,low,glot,4,4,external,t,n,1.1,0.6011,t,1,979.79
868,1230,41230,128,50,4,word,high,beef,4,4,external,f,r,3.8,0.69632,r,0,597.68
868,3208,43208,129,50,4,consonant_string,high,cvsd,4,4,external,d,p,5.096774193548387,0.48985,d,1,1062.9
868,1212,41212,130,50,4,word,high,grip,4,4,external,p,d,5.096774193548387,0.48985,p,1,770.46
868,3139,43139,131,50,4,consonant_string,low,mvjt,4,4,external,t,n,1.1,0.6011,t,1,681.0
868,2135,42135,132,50,4,pseudoword,low,frab,4,4,external,b,w,1.1,0.5109,b,1,744.87
868,3210,43210,134,50,4,consonant_string,high,lsbd,4,4,external,d,p,5.096774193548387,0.48985,d,1,1019.09
868,3240,43240,135,50,4,consonant_string,high,gtln,4,3,internal,l,r,3.2580645161290325,0.56415,l,1,736.64
868,1242,41242,136,50,4,word,high,seal,4,4,external,l,r,3.2580645161290325,0.56415,l,1,721.51
868,2109,42109,137,50,4,pseudoword,low,glod,4,4,external,d,m,1.1333333333333333,0.58091,d,1,791.05
868,1206,41206,138,50,4,word,high,stripe,6,5,internal,p,d,5.096774193548387,0.48985,p,1,884.93
868,2246,42246,139,50,4,pseudoword,high,proal,5,5,external,l,k,2.8,0.53572,l,1,755.81
868,3115,43115,140,50,4,consonant_string,low,sfdm,4,4,external,m,t,1.0666666666666667,0.52674,m,1,658.03
868,1117,41117,141,50,4,word,low,scam,4,4,external,m,b,1.2333333333333334,0.5784,m,1,650.54
868,2127,42127,142,50,4,pseudoword,low,reng,4,4,external,g,k,1.1666666666666667,0.37222,g,1,868.75
868,2212,42212,143,50,4,pseudoword,high,glip,4,4,external,p,d,5.096774193548387,0.48985,p,1,636.29
868,3228,43228,2,50,4,consonant_string,high,vjnf,4,4,external,f,l,4.033333333333333,0.60982,l,0,746.16
868,3244,43244,3,50,4,consonant_string,high,qjfnd,5,4,internal,n,r,3.1333333333333333,0.62334,n,1,722.37
868,1147,41147,4,50,4,word,low,bale,4,3,internal,l,s,1.1,0.4218,s,0,805.93
868,3135,43135,5,50,4,consonant_string,low,mkrb,4,4,external,b,w,1.1,0.5109,b,1,1284.16
868,2220,42220,6,50,4,pseudoword,high,wote,4,3,internal,t,l,4.5,0.47576,t,1,619.05
868,2107,42107,7,50,4,pseudoword,low,nood,4,4,external,d,r,1.3333333333333333,0.49182,d,1,587.58
868,3222,43222,8,50,4,consonant_string,high,wbjg,4,4,external,g,p,4.5,0.55857,g,1,916.46
868,3248,43248,9,50,4,consonant_string,high,dhkw,4,3,internal,k,l,2.8,0.53572,k,1,1177.03
868,1107,41107,10,50,4,word,low,read,4,4,external,d,r,1.3333333333333333,0.49182,d,1,648.92
868,2145,42145,11,50,4,pseudoword,low,swork,5,4,internal,r,c,1.4,0.55867,r,1,792.12
868,3220,43220,13,50,4,consonant_string,high,pktv,4,3,internal,t,l,4.5,0.47576,l,0,734.34
868,1109,41109,14,50,4,word,low,seed,4,4,external,d,m,1.1333333333333333,0.58091,d,1,631.2
868,3238,43238,15,50,4,consonant_string,high,njtb,4,3,internal,t,r,3.3666666666666667,0.59892,r,0,833.08
868,3202,43202,16,50,4,consonant_string,high,knfc,4,2,internal,n,h,5.533333333333333,0.86536,h,0,627.95
868,1204,41204,17,50,4,word,high,skid,4,4,external,d,p,5.096774193548387,0.48985,d,1,716.82
868,2222,42222,18,50,4,pseudoword,high,sleg,4,4,external,g,p,4.5,0.55857,g,1,788.36
868,2238,42238,19,50,4,pseudoword,high,jite,4,3,internal,t,r,3.3666666666666667,0.59892,t,1,1135.26
868,3117,43117,20,50,4,consonant_string,low,htjm,4,4,external,m,b,1.2333333333333334,0.5784,m,1,868.15
868,1127,41127,21,50,4,word,low,wing,4,4,external,g,k,1.1666666666666667,0.37222,g,1,694.7
868,2204,42204,22,50,4,pseudoword,high,swed,4,4,external,d,p,5.096774193548387,0.48985,d,1,776.91
868,3145,43145,24,50,4,consonant_string,low,hvwrt,5,4,internal,r,c,1.4,0.55867,c,0,958.79
868,1238,41238,25,50,4,word,high,date,4,3,internal,t,r,3.3666666666666667,0.59892,t,1,840.35
868,1228,41228,26,50,4,word,high,reef,4,4,external,f,l,4.033333333333333,0.60982,f,1,620.23
868,2242,42242,27,50,4,pseudoword,high,drol,4,4,external,l,r,3.2580645161290325,0.56415,l,1,698.75
868,2125,42125,28,50,4,pseudoword,low,jege,4,3,internal,g,k,1.1666666666666667,0.37222,g,1,869.97
868,3206,43206,29,50,4,consonant_string,high,jbfzpq,6,5,internal,p,d,5.096774193548387,0.48985,p,1,783.52
868,3204,43204,30,50,4,consonant_string,high,htwd,4,4,external,d,p,5.096774193548387,0.48985,p,0,1042.4
868,1101,41101,31,50,4,word,low,snow,4,2,internal,n,t,1.1,0.6011,n,1,633.63
868,2232,42232,32,50,4,pseudoword,high,ghade,5,4,internal,d,c,3.566666666666667,0.66158,d,1,833.5
868,3127,43127,33,50,4,consonant_string,low,bvcg,4,4,external,g,k,1.1666666666666667,0.37222,g,1,776.38
868,2226,42226,35,50,4,pseudoword,high,yeng,4,4,external,g,d,4.1,0.62488,g,1,896.26
868,2105,42105,36,50,4,pseudoword,low,brupe,5,4,internal,p,v,1.1333333333333333,0.49111,p,1,573.47
868,2111,42111,37,50,4,pseudoword,low,zoud,4,4,external,d,k,1.3333333333333333,0.3996,d,1,615.0
868,1141,41141,38,50,4,word,low,file,4,3,internal,l,n,1.3666666666666667,0.46775,l,1,583.53
868,1218,41218,39,50,4,word,high,home,4,3,internal,m,n,4.666666666666667,0.6574,m,1,583.38
868,2115,42115,40,50,4,pseudoword,low,gulm,4,4,external,m,t,1.0666666666666667,0.52674,m,1,624.25
868,3242,43242,41,50,4,consonant_string,high,wktl,4,4,external,l,r,3.2580645161290325,0.56415,r,0,872.79
868,3232,43232,42,50,4,consonant_string,high,vzldb,5,4,internal,d,c,3.566666666666667,0.66158,d,1,602.33
868,1234,41234,43,50,4,word,high,pride,5,4,internal,d,c,3.566666666666667,0.66158,d,1,523.52
868,1123,41123,44,50,4,word,low,flag,4,4,external,g,t,1.1333333333333333,0.44178,g,1,535.05
868,2240,42240,46,50,4,pseudoword,high,hule,4,3,internal,l,r,3.2580645161290325,0.56415,l,1,544.9
868,1111,41111,47,50,4,word,low,lead,4,4,external,d,k,1.3333333333333333,0.3996,d,1,456.08
868,3109,43109,48,50,4,consonant_string,low,csbd,4,4,external,d,m,1.1333333333333333,0.58091,d,1,762.28
868,1246,41246,49,50,4,word,high,steal,5,5,external,l,k,2.8,0.53572,l,1,586.82
868,1208,41208,50,50,4,word,high,hood,4,4,external,d,p,5.096774193548387,0.48985,d,1,606.68
869,3140,13140,0,33,1,consonant_string,low,gtln,4,3,internal,l,s,1.1,0.4218,l,1,781.28
869,3124,13124,56,33,1,consonant_string,low,gpts,4,3,internal,t,d,1.3666666666666667,0.47786,d,0,899.84
869,3130,13130,67,33,1,consonant_string,low,czhf,4,4,external,f,p,1.6333333333333333,0.41008,p,0,811.73
869,3225,13225,78,33,1,consonant_string,high,fhgv,4,3,internal,g,d,4.1,0.62488,d,0,693.93
869,1205,11205,89,33,1,word,high,grape,5,4,internal,p,d,5.096774193548387,0.48985,p,1,544.8
869,2215,12215,100,33,1,pseudoword,high,gulm,4,4,external,m,n,4.666666666666667,0.6574,m,1,539.66
869,2120,12120,111,33,1,pseudoword,low,wote,4,3,internal,t,m,1.0666666666666667,0.52674,t,1,442.18
869,3104,13104,122,33,1,consonant_string,low,htwd,4,4,external,d,m,1.1333333333333333,0.58091,d,1,849.05
869,3112,13112,133,33,1,consonant_string,low,qmwp,4,4,external,p,t,1.3333333333333333,0.53002,t,0,826.93
869,2231,12231,1,33,1,pseudoword,high,spode,5,4,internal,d,c,3.566666666666667,0.66158,c,0,872.49
869,1130,11130,12,33,1,word,low,beef,4,4,external,f,p,1.6333333333333333,0.41008,f,1,702.71
869,1114,11114,23,33,1,word,low,rope,4,3,internal,p,s,1.2580645161290323,0.5767,p,1,417.57
869,1217,11217,34,33,1,word,high,scam,4,4,external,m,n,4.666666666666667,0.6574,m,1,653.76
869,2241,12241,45,33,1,pseudoword,high,bule,4,3,internal,l,r,3.2580645161290325,0.56415,l,1,1913.68
869,3120,13120,51,33,1,consonant_string,low,pktv,4,3,internal,t,m,1.0666666666666667,0.52674,t,1,443.95
869,2239,12239,52,33,1,pseudoword,high,glot,4,4,external,t,r,3.3666666666666667,0.59892,t,1,786.81
869,3231,13231,53,33,1,consonant_string,high,gjwds,5,4,internal,d,c,3.566666666666667,0.66158,d,1,797.36
869,1209,11209,54,33,1,word,high,seed,4,4,external,d,p,5.096774193548387,0.48985,d,1,435.23
869,1245,11245,55,33,1,word,high,spire,5,4,internal,r,n,3.1333333333333333,0.62334,r,1,742.75
869,3229,13229,57,33,1,consonant_string,high,dtfh,4,3,internal,f,r,3.8,0.69632,r,0,986.65
869,2207,12207,58,33,1,pseudoword,high,nood,4,4,external,d,p,5.096774193548387,0.48985,d,1,764.21
869,2140,12140,59,33,1,pseudoword,low,hule,4,3,internal,l,s,1.1,0.4218,l,1,551.41
869,3243,13243,60,33,1,consonant_string,high,fbvr,4,4,external,r,n,3.1333333333333333,0.62334,n,0,864.28
869,3247,13247,61,33,1,consonant_string,high,gnlt,4,3,internal,l,k,2.8,0.53572,k,0,749.5
869,1106,11106,62,33,1,word,low,stripe,6,5,internal,p,v,1.1333333333333333,0.49111,p,1,662.38
869,1201,11201,63,33,1,word,high,snow,4,2,internal,n,h,5.533333333333333,0.86536,n,1,559.57
869,2243,12243,64,33,1,pseudoword,high,plur,4,4,external,r,n,3.1333333333333333,0.62334,r,1,852.39
869,3217,13217,65,33,1,consonant_string,high,htjm,4,4,external,m,n,4.666666666666667,0.6574,m,1,657.67
869,3118,13118,66,33,1,consonant_string,low,zsmj,4,3,internal,m,l,1.0666666666666667,0.5113,m,1,552.53
869,3116,13116,68,33,1,consonant_string,low,fsmt,4,3,internal,m,l,1.0666666666666667,0.5113,m,1,610.39
869,1229,11229,69,33,1,word,high,wife,4,3,internal,f,r,3.8,0.69632,f,1,720.59
869,1247,11247,70,33,1,word,high,bale,4,3,internal,l,k,2.8,0.53572,k,0,1114.81
869,2245,12245,71,33,1,pseudoword,high,swork,5,4,internal,r,n,3.1333333333333333,0.62334,r,1,948.06
869,3136,13136,72,33,1,consonant_string,low,hfwb,4,4,external,b,r,1.2666666666666666,0.51424,r,0,609.94
869,1243,11243,73,33,1,word,high,moor,4,4,external,r,n,3.1333333333333333,0.62334,r,1,971.15
869,1213,11213,74,33,1,word,high,slab,4,4,external,b,p,5.066666666666666,0.70362,p,0,1061.4
869,1239,11239,75,33,1,word,high,spat,4,4,external,t,r,3.3666666666666667,0.59892,t,1,1105.65
869,3239,13239,76,33,1,consonant_string,high,mvjt,4,4,external,t,r,3.3666666666666667,0.59892,r,0,750.53
869,2235,12235,77,33,1,pseudoword,high,frab,4,4,external,b,g,3.533333333333333,0.46543,g,0,713.42
869,1148,11148,79,33,1,word,low,sake,4,3,internal,k,g,1.1666666666666667,0.37222,k,1,724.62
869,1235,11235,80,33,1,word,high,drab,4,4,external,b,g,3.533333333333333,0.46543,b,1,941.83
869,3237,13237,81,33,1,consonant_string,high,gbcw,4,4,external,w,m,3.4,0.62127,m,0,566.72
869,1138,11138,82,33,1,word,low,date,4,3,internal,t,m,1.0666666666666667,0.52674,t,1,678.92
869,3207,13207,83,33,1,consonant_string,high,qvsd,4,4,external,d,p,5.096774193548387,0.48985,d,1,597.46
869,2233,12233,84,33,1,pseudoword,high,kide,4,3,internal,d,c,3.566666666666667,0.66158,d,1,971.34
869,2201,12201,85,33,1,pseudoword,high,snum,4,2,internal,n,h,5.533333333333333,0.86536,h,0,679.55
869,3102,13102,86,33,1,consonant_string,low,knfc,4,2,internal,n,l,1.3666666666666667,0.46775,n,1,832.1
869,1136,11136,87,33,1,word,low,stab,4,4,external,b,r,1.2666666666666666,0.51424,b,1,506.65
869,1122,11122,88,33,1,word,low,swag,4,4,external,g,n,1.7,0.55212,g,1,707.5
869,3106,13106,90,33,1,consonant_string,low,jbfzpq,6,5,internal,p,v,1.1333333333333333,0.49111,p,1,932.39
869,2146,12146,91,33,1,pseudoword,low,proal,5,5,external,l,m,1.0666666666666667,0.5113,m,0,590.94
869,3114,13114,92,33,1,consonant_string,low,klpj,4,3,internal,p,s,1.2580645161290323,0.5767,p,1,575.47
869,3241,13241,93,33,1,consonant_string,high,pqlt,4,3,internal,l,r,3.2580645161290325,0.56415,r,0,674.0
869,2104,12104,94,33,1,pseudoword,low,swed,4,4,external,d,m,1.1333333333333333,0.58091,m,0,974.22
869,2144,12144,95,33,1,pseudoword,low,slone,5,4,internal,n,k,1.5333333333333334,0.52768,n,1,968.46
869,3148,13148,96,33,1,consonant_string,low,dhkw,4,3,internal,k,g,1.1666666666666667,0.37222,g,0,456.66
869,1215,11215,97,33,1,word,high,beam,4,4,external,m,n,4.666666666666667,0.6574,m,1,535.52
869,1223,11223,98,33,1,word,high,flag,4,4,external,g,p,4.5,0.55857,g,1,603.04
869,1112,11112,99,33,1,word,low,grip,4,4,external,p,t,1.3333333333333333,0.53002,t,0,623.91
869,1241,11241,101,33,1,word,high,file,4,3,internal,l,r,3.2580645161290325,0.56415,l,1,708.11
869,1211,11211,102,33,1,word,high,lead,4,4,external,d,p,5.096774193548387,0.48985,d,1,673.99
869,2229,12229,103,33,1,pseudoword,high,vofe,4,3,internal,f,r,3.8,0.69632,r,0,1069.21
869,2203,12203,104,33,1,pseudoword,high,frope,5,4,internal,p,d,5.096774193548387,0.48985,p,1,572.42
869,2110,12110,105,33,1,pseudoword,low,fard,4,4,external,d,k,1.3333333333333333,0.3996,d,1,689.62
869,1132,11132,106,33,1,word,low,spade,5,4,internal,d,r,1.3333333333333333,0.49182,d,1,656.17
869,3213,13213,107,33,1,consonant_string,high,rtcb,4,4,external,b,p,5.066666666666666,0.70362,b,1,471.03
869,1221,11221,108,33,1,word,high,flog,4,4,external,g,p,4.5,0.55857,g,1,569.23
869,3215,13215,109,33,1,consonant_string,high,sfdm,4,4,external,m,n,4.666666666666667,0.6574,n,0,751.42
869,2142,12142,110,33,1,pseudoword,low,drol,4,4,external,l,m,1.0666666666666667,0.5113,m,0,614.29
869,2213,12213,112,33,1,pseudoword,high,nalb,4,4,external,b,p,5.066666666666666,0.70362,b,1,1031.52
869,2217,12217,113,33,1,pseudoword,high,plim,4,4,external,m,n,4.666666666666667,0.6574,m,1,660.06
869,3132,13132,114,33,1,consonant_string,low,vzldb,5,4,internal,d,r,1.3333333333333333,0.49182,r,0,533.27
869,2132,12132,115,33,1,pseudoword,low,ghade,5,4,internal,d,r,1.3333333333333333,0.49182,d,1,506.4
869,1225,11225,116,33,1,word,high,wage,4,3,internal,g,d,4.1,0.62488,g,1,977.28
869,3227,13227,117,33,1,consonant_string,high,bvcg,4,4,external,g,d,4.1,0.62488,d,0,809.85
869,2221,12221,118,33,1,pseudoword,high,quag,4,4,external,g,p,4.5,0.55857,g,1,882.06
869,2128,12128,119,33,1,pseudoword,low,goif,4,4,external,f,d,1.4333333333333333,0.51654,f,1,687.62
869,3219,13219,120,33,1,consonant_string,high,gjkm,4,4,external,m,n,4.666666666666667,0.6574,n,0,959.17
869,2138,12138,121,33,1,pseudoword,low,jite,4,3,internal,t,m,1.0666666666666667,0.52674,t,1,1811.43
869,3221,13221,123,33,1,consonant_string,high,fqcg,4,4,external,g,p,4.5,0.55857,p,0,1415.73
869,3108,13108,124,33,1,consonant_string,low,cvsd,4,4,external,d,k,1.3333333333333333,0.3996,d,1,639.97
869,1110,11110,125,33,1,word,low,weed,4,4,external,d,k,1.3333333333333333,0.3996,d,1,726.52
869,3144,13144,126,33,1,consonant_string,low,qjfnd,5,4,internal,n,k,1.5333333333333334,0.52768,n,1,773.06
869,1124,11124,127,33,1,word,low,bite,4,3,internal,t,d,1.3666666666666667,0.47786,t,1,543.26
869,1118,11118,128,33,1,word,low,home,4,3,internal,m,l,1.0666666666666667,0.5113,m,1,515.13
869,2227,12227,129,33,1,pseudoword,high,reng,4,4,external,g,d,4.1,0.62488,g,1,1053.33
869,2108,12108,130,33,1,pseudoword,low,vild,4,4,external,d,k,1.3333333333333333,0.3996,d,1,838.23
869,2130,12130,131,33,1,pseudoword,low,zeaf,4,4,external,f,p,1.6333333333333333,0.41008,f,1,835.79
869,1237,11237,132,33,1,word,high,stew,4,4,external,w,m,3.4,0.62127,w,1,859.35
869,2112,12112,134,33,1,pseudoword,low,glip,4,4,external,p,t,1.3333333333333333,0.53002,p,1,662.56
869,1134,11134,135,33,1,word,low,pride,5,4,internal,d,m,1.1333333333333333,0.58091,d,1,506.75
869,1140,11140,136,33,1,word,low,pole,4,3,internal,l,s,1.1,0.4218,l,1,479.61
869,1126,11126,137,33,1,word,low,bang,4,4,external,g,k,1.1666666666666667,0.37222,g,1,501.13
869,3110,13110,138,33,1,consonant_string,low,lsbd,4,4,external,d,k,1.3333333333333333,0.3996,d,1,1684.03
869,3122,13122,139,33,1,consonant_string,low,wbjg,4,4,external,g,n,1.7,0.55212,g,1,1006.64
869,1227,11227,140,33,1,word,high,wing,4,4,external,g,d,4.1,0.62488,g,1,864.54
869,3138,13138,141,33,1,consonant_string,low,njtb,4,3,internal,t,m,1.0666666666666667,0.52674,t,1,1014.77
869,2126,12126,142,33,1,pseudoword,low,yeng,4,4,external,g,k,1.1666666666666667,0.37222,g,1,760.0
869,2114,12114,143,33,1,pseudoword,low,dape,4,3,internal,p,s,1.2580645161290323,0.5767,p,1,720.21
869,3245,13245,2,33,1,consonant_string,high,hvwrt,5,4,internal,r,n,3.1333333333333333,0.62334,r,1,616.41
869,2106,12106,3,33,1,pseudoword,low,strepe,6,5,internal,p,v,1.1333333333333333,0.49111,p,1,624.61
869,1104,11104,4,33,1,word,low,skid,4,4,external,d,m,1.1333333333333333,0.58091,d,1,699.81
869,3128,13128,5,33,1,consonant_string,low,vjnf,4,4,external,f,d,1.4333333333333333,0.51654,f,1,882.69
869,1102,11102,6,33,1,word,low,snip,4,2,internal,n,l,1.3666666666666667,0.46775,n,1,571.24
869,3146,13146,7,33,1,consonant_string,low,bfnsl,5,5,external,l,m,1.0666666666666667,0.5113,l,1,651.44
869,2205,12205,8,33,1,pseudoword,high,brupe,5,4,internal,p,d,5.096774193548387,0.48985,d,0,617.31
869,1231,11231,9,33,1,word,high,slide,5,4,internal,d,c,3.566666666666667,0.66158,d,1,567.51
869,1146,11146,10,33,1,word,low,steal,5,5,external,l,m,1.0666666666666667,0.5113,l,1,637.71
869,2247,12247,11,33,1,pseudoword,high,jile,4,3,internal,l,k,2.8,0.53572,k,0,1587.27
869,3235,13235,13,33,1,consonant_string,high,mkrb,4,4,external,b,g,3.533333333333333,0.46543,b,1,765.87
869,1144,11144,14,33,1,word,low,stone,5,4,internal,n,k,1.5333333333333334,0.52768,n,1,479.07
869,2136,12136,15,33,1,pseudoword,low,plob,4,4,external,b,r,1.2666666666666666,0.51424,b,1,478.59
869,3142,13142,16,33,1,consonant_string,low,wktl,4,4,external,l,m,1.0666666666666667,0.5113,m,0,933.13
869,3223,13223,17,33,1,consonant_string,high,vlbg,4,4,external,g,p,4.5,0.55857,p,0,709.69
869,2237,12237,18,33,1,pseudoword,high,blaw,4,4,external,w,m,3.4,0.62127,w,1,1128.91
869,3203,13203,19,33,1,consonant_string,high,qsgpn,5,4,internal,p,d,5.096774193548387,0.48985,p,1,885.48
869,1142,11142,20,33,1,word,low,seal,4,4,external,l,m,1.0666666666666667,0.5113,l,1,768.03
869,1219,11219,21,33,1,word,high,warm,4,4,external,m,n,4.666666666666667,0.6574,m,1,719.25
869,3126,13126,22,33,1,consonant_string,low,lqvg,4,4,external,g,k,1.1666666666666667,0.37222,g,1,1319.48
869,1108,11108,24,33,1,word,low,hood,4,4,external,d,k,1.3333333333333333,0.3996,d,1,760.72
869,2124,12124,25,33,1,pseudoword,low,jote,4,3,internal,t,d,1.3666666666666667,0.47786,t,1,580.93
869,3201,13201,26,33,1,consonant_string,high,znsq,4,2,internal,n,h,5.533333333333333,0.86536,n,1,922.48
869,2122,12122,27,33,1,pseudoword,low,sleg,4,4,external,g,n,1.7,0.55212,n,0,815.7
869,1203,11203,28,33,1,word,high,shape,5,4,internal,p,d,5.096774193548387,0.48985,d,0,1507.94
869,2134,12134,29,33,1,pseudoword,low,brode,5,4,internal,d,m,1.1333333333333333,0.58091,d,1,1079.21
869,1233,11233,30,33,1,word,high,fade,4,3,internal,d,c,3.566666666666667,0.66158,d,1,985.79
869,2223,12223,31,33,1,pseudoword,high,blug,4,4,external,g,p,4.5,0.55857,g,1,1758.39
869,3209,13209,32,33,1,consonant_string,high,csbd,4,4,external,d,p,5.096774193548387,0.48985,p,0,686.32
869,3233,13233,33,33,1,consonant_string,high,vkdj,4,3,internal,d,c,3.566666666666667,0.66158,c,0,621.85
869,3134,13134,35,33,1,consonant_string,low,pfldr,5,4,internal,d,m,1.1333333333333333,0.58091,m,0,876.06
869,2211,12211,36,33,1,pseudoword,high,zoud,4,4,external,d,p,5.096774193548387,0.48985,d,1,944.62
869,2225,12225,37,33,1,pseudoword,high,jege,4,3,internal,g,d,4.1,0.62488,g,1,1302.53
869,2102,12102,38,33,1,pseudoword,low,snad,4,2,internal,n,l,1.3666666666666667,0.46775,l,0,941.45
869,2148,12148,39,33,1,pseudoword,low,zoke,4,3,internal,k,g,1.1666666666666667,0.37222,k,1,668.34
869,3211,13211,40,33,1,consonant_string,high,srfd,4,4,external,d,p,5.096774193548387,0.48985,d,1,898.56
869,1116,11116,41,33,1,word,low,mime,4,3,internal,m,l,1.0666666666666667,0.5113,l,0,963.45
869,2209,12209,42,33,1,pseudoword,high,glod,4,4,external,d,p,5.096774193548387,0.48985,p,0,949.68
869,3205,13205,43,33,1,consonant_string,high,fcmpk,5,4,internal,p,d,5.096774193548387,0.48985,d,0,1224.59
869,1207,11207,44,33,1,word,high,read,4,4,external,d,p,5.096774193548387,0.48985,d,1,920.84
869,2118,12118,46,33,1,pseudoword,low,vume,4,3,internal,m,l,1.0666666666666667,0.5113,l,0,1506.08
869,2116,12116,47,33,1,pseudoword,low,hime,4,3,internal,m,l,1.0666666666666667,0.5113,m,1,1329.03
869,1128,11128,48,33,1,word,low,reef,4,4,external,f,d,1.4333333333333333,0.51654,f,1,718.61
869,1120,11120,49,33,1,word,low,gate,4,3,internal,t,m,1.0666666666666667,0.52674,t,1,524.81
869,2219,12219,50,33,1,pseudoword,high,chom,4,4,external,m,n,4.666666666666667,0.6574,n,0,984.02
870,1115,21115,0,33,2,word,low,beam,4,4,external,m,t,1.0666666666666667,0.52674,m,1,906.48
870,2137,22137,56,33,2,pseudoword,low,blaw,4,4,external,w,p,1.1666666666666667,0.53452,w,1,688.36
870,2143,22143,67,33,2,pseudoword,low,plur,4,4,external,r,d,1.3333333333333333,0.49182,d,0,997.93
870,1214,21214,78,33,2,word,high,rope,4,3,internal,p,b,5.066666666666666,0.70362,p,1,715.81
870,1242,21242,89,33,2,word,high,seal,4,4,external,l,r,3.2580645161290325,0.56415,l,1,559.02
870,2232,22232,100,33,2,pseudoword,high,ghade,5,4,internal,d,c,3.566666666666667,0.66158,d,1,753.22
870,3236,23236,111,33,2,consonant_string,high,hfwb,4,4,external,b,g,3.533333333333333,0.46543,g,0,593.09
870,1101,21101,122,33,2,word,low,snow,4,2,internal,n,t,1.1,0.6011,t,0,1559.0
870,1133,21133,133,33,2,word,low,fade,4,3,internal,d,z,1.2333333333333334,0.52841,d,1,897.27
870,3119,23119,1,33,2,consonant_string,low,gjkm,4,4,external,m,t,1.0666666666666667,0.52674,m,1,1534.18
870,1137,21137,12,33,2,word,low,stew,4,4,external,w,p,1.1666666666666667,0.53452,w,1,566.76
870,3131,23131,23,33,2,consonant_string,low,gjwds,5,4,internal,d,m,1.1333333333333333,0.58091,d,1,841.97
870,1216,21216,34,33,2,word,high,mime,4,3,internal,m,n,4.666666666666667,0.6574,n,0,1790.9
870,2135,22135,45,33,2,pseudoword,low,frab,4,4,external,b,w,1.1,0.5109,w,0,569.5
870,3224,23224,51,33,2,consonant_string,high,gpts,4,3,internal,t,l,4.5,0.47576,l,0,1260.73
870,1204,21204,52,33,2,word,high,skid,4,4,external,d,p,5.096774193548387,0.48985,d,1,808.97
870,2119,22119,53,33,2,pseudoword,low,chom,4,4,external,m,t,1.0666666666666667,0.52674,m,1,741.19
870,1218,21218,54,33,2,word,high,home,4,3,internal,m,n,4.666666666666667,0.6574,n,0,1051.08
870,3228,23228,55,33,2,consonant_string,high,vjnf,4,4,external,f,l,4.033333333333333,0.60982,l,0,556.97
870,1208,21208,57,33,2,word,high,hood,4,4,external,d,p,5.096774193548387,0.48985,d,1,650.83
870,3143,23143,58,33,2,consonant_string,low,fbvr,4,4,external,r,d,1.3333333333333333,0.49182,d,0,742.7
870,3202,23202,59,33,2,consonant_string,high,knfc,4,2,internal,n,h,5.533333333333333,0.86536,h,0,1029.6
870,1139,21139,60,33,2,word,low,spat,4,4,external,t,n,1.1,0.6011,t,1,635.15
870,1230,21230,61,33,2,word,high,beef,4,4,external,f,r,3.8,0.69632,f,1,797.7
870,3111,23111,62,33,2,consonant_string,low,srfd,4,4,external,d,k,1.3333333333333333,0.3996,k,0,1176.6
870,3214,23214,63,33,2,consonant_string,high,klpj,4,3,internal,p,b,5.066666666666666,0.70362,p,1,822.17
870,3242,23242,64,33,2,consonant_string,high,wktl,4,4,external,l,r,3.2580645161290325,0.56415,l,1,552.38
870,3125,23125,65,33,2,consonant_string,low,fhgv,4,3,internal,g,k,1.1666666666666667,0.37222,g,1,848.25
870,1228,21228,66,33,2,word,high,reef,4,4,external,f,l,4.033333333333333,0.60982,l,0,663.13
870,2107,22107,68,33,2,pseudoword,low,nood,4,4,external,d,r,1.3333333333333333,0.49182,d,1,677.34
870,2238,22238,69,33,2,pseudoword,high,jite,4,3,internal,t,r,3.3666666666666667,0.59892,t,1,1081.9
870,3230,23230,70,33,2,consonant_string,high,czhf,4,4,external,f,r,3.8,0.69632,f,1,1021.47
870,2248,22248,71,33,2,pseudoword,high,zoke,4,3,internal,k,l,2.8,0.53572,l,0,512.69
870,1236,21236,72,33,2,word,high,stab,4,4,external,b,g,3.533333333333333,0.46543,b,1,1480.92
870,2244,22244,73,33,2,pseudoword,high,slone,5,4,internal,n,r,3.1333333333333333,0.62334,n,1,1238.52
870,2141,22141,74,33,2,pseudoword,low,bule,4,3,internal,l,n,1.3666666666666667,0.46775,l,1,708.1
870,2139,22139,75,33,2,pseudoword,low,glot,4,4,external,t,n,1.1,0.6011,t,1,732.98
870,2121,22121,76,33,2,pseudoword,low,quag,4,4,external,g,w,1.1666666666666667,0.52446,g,1,590.53
870,2222,22222,77,33,2,pseudoword,high,sleg,4,4,external,g,p,4.5,0.55857,g,1,595.04
870,1212,21212,79,33,2,word,high,grip,4,4,external,p,d,5.096774193548387,0.48985,p,1,596.91
870,2234,22234,80,33,2,pseudoword,high,brode,5,4,internal,d,c,3.566666666666667,0.66158,d,1,772.79
870,2105,22105,81,33,2,pseudoword,low,brupe,5,4,internal,p,v,1.1333333333333333,0.49111,p,1,610.99
870,2123,22123,82,33,2,pseudoword,low,blug,4,4,external,g,t,1.1333333333333333,0.44178,g,1,621.2
870,1234,21234,83,33,2,word,high,pride,5,4,internal,d,c,3.566666666666667,0.66158,d,1,550.4
870,3107,23107,84,33,2,consonant_string,low,qvsd,4,4,external,d,r,1.3333333333333333,0.49182,d,1,610.26
870,3238,23238,85,33,2,consonant_string,high,njtb,4,3,internal,t,r,3.3666666666666667,0.59892,t,1,1315.49
870,3115,23115,86,33,2,consonant_string,low,sfdm,4,4,external,m,t,1.0666666666666667,0.52674,m,1,525.72
870,2204,22204,87,33,2,pseudoword,high,swed,4,4,external,d,p,5.096774193548387,0.48985,d,1,634.26
870,1206,21206,88,33,2,word,high,stripe,6,5,internal,p,d,5.096774193548387,0.48985,p,1,573.79
870,3139,23139,90,33,2,consonant_string,low,mvjt,4,4,external,t,n,1.1,0.6011,t,1,919.0
870,1226,21226,91,33,2,word,high,bang,4,4,external,g,d,4.1,0.62488,g,1,1183.24
870,2133,22133,92,33,2,pseudoword,low,kide,4,3,internal,d,z,1.2333333333333334,0.52841,d,1,921.81
870,1103,21103,93,33,2,word,low,shape,5,4,internal,p,v,1.1333333333333333,0.49111,p,1,432.02
870,1244,21244,94,33,2,word,high,stone,5,4,internal,n,r,3.1333333333333333,0.62334,n,1,534.54
870,1131,21131,95,33,2,word,low,slide,5,4,internal,d,m,1.1333333333333333,0.58091,m,0,663.08
870,2113,22113,96,33,2,pseudoword,low,nalb,4,4,external,b,m,1.2333333333333334,0.5784,b,1,681.28
870,2212,22212,97,33,2,pseudoword,high,glip,4,4,external,p,d,5.096774193548387,0.48985,p,1,443.82
870,3141,23141,98,33,2,consonant_string,low,pqlt,4,3,internal,l,n,1.3666666666666667,0.46775,n,0,902.68
870,3129,23129,99,33,2,consonant_string,low,dtfh,4,3,internal,f,n,1.2,0.53217,n,0,1008.58
870,1111,21111,101,33,2,word,low,lead,4,4,external,d,k,1.3333333333333333,0.3996,d,1,665.48
870,3121,23121,102,33,2,consonant_string,low,fqcg,4,4,external,g,w,1.1666666666666667,0.52446,g,1,728.68
870,1248,21248,103,33,2,word,high,sake,4,3,internal,k,l,2.8,0.53572,l,0,522.21
870,3234,23234,104,33,2,consonant_string,high,pfldr,5,4,internal,d,c,3.566666666666667,0.66158,d,1,480.4
870,2226,22226,105,33,2,pseudoword,high,yeng,4,4,external,g,d,4.1,0.62488,d,0,1369.96
870,2218,22218,106,33,2,pseudoword,high,vume,4,3,internal,m,n,4.666666666666667,0.6574,n,0,717.2
870,2230,22230,107,33,2,pseudoword,high,zeaf,4,4,external,f,r,3.8,0.69632,f,1,787.42
870,1147,21147,108,33,2,word,low,bale,4,3,internal,l,s,1.1,0.4218,l,1,567.97
870,1224,21224,109,33,2,word,high,bite,4,3,internal,t,l,4.5,0.47576,t,1,555.15
870,1202,21202,110,33,2,word,high,snip,4,2,internal,n,h,5.533333333333333,0.86536,h,0,1432.06
870,3210,23210,112,33,2,consonant_string,high,lsbd,4,4,external,d,p,5.096774193548387,0.48985,d,1,820.64
870,3208,23208,113,33,2,consonant_string,high,cvsd,4,4,external,d,p,5.096774193548387,0.48985,d,1,1105.88
870,3212,23212,114,33,2,consonant_string,high,qmwp,4,4,external,p,d,5.096774193548387,0.48985,p,1,556.76
870,1145,21145,115,33,2,word,low,spire,5,4,internal,r,c,1.4,0.55867,c,0,471.69
870,2145,22145,116,33,2,pseudoword,low,swork,5,4,internal,r,c,1.4,0.55867,r,1,1231.91
870,1246,21246,117,33,2,word,high,steal,5,5,external,l,k,2.8,0.53572,k,0,899.49
870,1240,21240,118,33,2,word,high,pole,4,3,internal,l,r,3.2580645161290325,0.56415,l,1,685.38
870,3244,23244,119,33,2,consonant_string,high,qjfnd,5,4,internal,n,r,3.1333333333333333,0.62334,r,0,1931.98
870,3135,23135,120,33,2,consonant_string,low,mkrb,4,4,external,b,w,1.1,0.5109,b,1,2861.66
870,2109,22109,121,33,2,pseudoword,low,glod,4,4,external,d,m,1.1333333333333333,0.58091,d,1,507.99
870,3117,23117,123,33,2,consonant_string,low,htjm,4,4,external,m,b,1.2333333333333334,0.5784,m,1,715.19
870,3105,23105,124,33,2,consonant_string,low,fcmpk,5,4,internal,p,v,1.1333333333333333,0.49111,p,1,815.41
870,2101,22101,125,33,2,pseudoword,low,snum,4,2,internal,n,t,1.1,0.6011,t,0,575.61
870,1119,21119,126,33,2,word,low,warm,4,4,external,m,t,1.0666666666666667,0.52674,m,1,586.14
870,1129,21129,127,33,2,word,low,wife,4,3,internal,f,n,1.2,0.53217,f,1,946.69
870,3218,23218,128,33,2,consonant_string,high,zsmj,4,3,internal,m,n,4.666666666666667,0.6574,m,1,742.58
870,2115,22115,129,33,2,pseudoword,low,gulm,4,4,external,m,t,1.0666666666666667,0.52674,m,1,590.46
870,2224,22224,130,33,2,pseudoword,high,jote,4,3,internal,t,l,4.5,0.47576,t,1,820.01
870,3206,23206,131,33,2,consonant_string,high,jbfzpq,6,5,internal,p,d,5.096774193548387,0.48985,p,1,772.21
870,1135,21135,132,33,2,word,low,drab,4,4,external,b,w,1.1,0.5109,b,1,562.42
870,1113,21113,134,33,2,word,low,slab,4,4,external,b,m,1.2333333333333334,0.5784,b,1,878.62
870,2206,22206,135,33,2,pseudoword,high,strepe,6,5,internal,p,d,5.096774193548387,0.48985,p,1,568.17
870,3222,23222,136,33,2,consonant_string,high,wbjg,4,4,external,g,p,4.5,0.55857,p,0,936.39
870,3123,23123,137,33,2,consonant_string,low,vlbg,4,4,external,g,t,1.1333333333333333,0.44178,g,1,639.94
870,2216,22216,138,33,2,pseudoword,high,hime,4,3,internal,m,n,4.666666666666667,0.6574,m,1,549.47
870,3220,23220,139,33,2,consonant_string,high,pktv,4,3,internal,t,l,4.5,0.47576,t,1,613.33
870,3248,23248,140,33,2,consonant_string,high,dhkw,4,3,internal,k,l,2.8,0.53572,l,0,871.54
870,2214,22214,141,33,2,pseudoword,high,dape,4,3,internal,p,b,5.066666666666666,0.70362,p,1,496.76
870,2220,22220,142,33,2,pseudoword,high,wote,4,3,internal,t,l,4.5,0.47576,t,1,652.62
870,3204,23204,143,33,2,consonant_string,high,htwd,4,4,external,d,p,5.096774193548387,0.48985,d,1,577.48
870,2129,22129,2,33,2,pseudoword,low,vofe,4,3,internal,f,n,1.2,0.53217,n,0,658.02
870,3226,23226,3,33,2,consonant_string,high,lqvg,4,4,external,g,d,4.1,0.62488,d,0,1571.26
870,1127,21127,4,33,2,word,low,wing,4,4,external,g,k,1.1666666666666667,0.37222,g,1,800.53
870,3133,23133,5,33,2,consonant_string,low,vkdj,4,3,internal,d,z,1.2333333333333334,0.52841,d,1,924.41
870,2228,22228,6,33,2,pseudoword,high,goif,4,4,external,f,l,4.033333333333333,0.60982,f,1,612.63
870,2111,22111,7,33,2,pseudoword,low,zoud,4,4,external,d,k,1.3333333333333333,0.3996,d,1,490.83
870,1125,21125,8,33,2,word,low,wage,4,3,internal,g,k,1.1666666666666667,0.37222,g,1,485.34
870,2131,22131,9,33,2,pseudoword,low,spode,5,4,internal,d,m,1.1333333333333333,0.58091,m,0,651.87
870,1220,21220,10,33,2,word,high,gate,4,3,internal,t,l,4.5,0.47576,t,1,766.75
870,2246,22246,11,33,2,pseudoword,high,proal,5,5,external,l,k,2.8,0.53572,k,0,1289.98
870,2236,22236,13,33,2,pseudoword,high,plob,4,4,external,b,g,3.533333333333333,0.46543,b,1,1226.58
870,1143,21143,14,33,2,word,low,moor,4,4,external,r,d,1.3333333333333333,0.49182,d,0,637.15
870,3145,23145,15,33,2,consonant_string,low,hvwrt,5,4,internal,r,c,1.4,0.55867,c,0,1064.7
870,3232,23232,16,33,2,consonant_string,high,vzldb,5,4,internal,d,c,3.566666666666667,0.66158,d,1,1472.96
870,1121,21121,17,33,2,word,low,flog,4,4,external,g,w,1.1666666666666667,0.52446,g,1,510.21
870,1117,21117,18,33,2,word,low,scam,4,4,external,m,b,1.2333333333333334,0.5784,m,1,566.41
870,1232,21232,19,33,2,word,high,spade,5,4,internal,d,c,3.566666666666667,0.66158,d,1,1091.62
870,1141,21141,20,33,2,word,low,file,4,3,internal,l,n,1.3666666666666667,0.46775,l,1,544.51
870,1107,21107,21,33,2,word,low,read,4,4,external,d,r,1.3333333333333333,0.49182,d,1,574.37
870,1109,21109,22,33,2,word,low,seed,4,4,external,d,m,1.1333333333333333,0.58091,d,1,548.56
870,2103,22103,24,33,2,pseudoword,low,frope,5,4,internal,p,v,1.1333333333333333,0.49111,p,1,577.43
870,3246,23246,25,33,2,consonant_string,high,bfnsl,5,5,external,l,k,2.8,0.53572,k,0,570.96
870,2147,22147,26,33,2,pseudoword,low,jile,4,3,internal,l,s,1.1,0.4218,l,1,606.15
870,3113,23113,27,33,2,consonant_string,low,rtcb,4,4,external,b,m,1.2333333333333334,0.5784,b,1,692.02
870,3109,23109,28,33,2,consonant_string,low,csbd,4,4,external,d,m,1.1333333333333333,0.58091,d,1,531.9
870,1222,21222,29,33,2,word,high,swag,4,4,external,g,p,4.5,0.55857,g,1,590.41
870,3127,23127,30,33,2,consonant_string,low,bvcg,4,4,external,g,k,1.1666666666666667,0.37222,g,1,1626.0
870,3137,23137,31,33,2,consonant_string,low,gbcw,4,4,external,w,p,1.1666666666666667,0.53452,p,0,977.6
870,2202,22202,32,33,2,pseudoword,high,snad,4,2,internal,n,h,5.533333333333333,0.86536,h,0,1331.18
870,2210,22210,33,33,2,pseudoword,high,fard,4,4,external,d,p,5.096774193548387,0.48985,d,1,559.76
870,3147,23147,35,33,2,consonant_string,low,gnlt,4,3,internal,l,s,1.1,0.4218,l,1,1621.99
870,3240,23240,36,33,2,consonant_string,high,gtln,4,3,internal,l,r,3.2580645161290325,0.56415,l,1,956.26
870,3101,23101,37,33,2,consonant_string,low,znsq,4,2,internal,n,t,1.1,0.6011,n,1,1497.18
870,2127,22127,38,33,2,pseudoword,low,reng,4,4,external,g,k,1.1666666666666667,0.37222,g,1,883.11
870,1123,21123,39,33,2,word,low,flag,4,4,external,g,t,1.1333333333333333,0.44178,g,1,566.66
870,1238,21238,40,33,2,word,high,date,4,3,internal,t,r,3.3666666666666667,0.59892,t,1,588.86
870,3103,23103,41,33,2,consonant_string,low,qsgpn,5,4,internal,p,v,1.1333333333333333,0.49111,p,1,574.38
870,3216,23216,42,33,2,consonant_string,high,fsmt,4,3,internal,m,n,4.666666666666667,0.6574,m,1,653.59
870,2117,22117,43,33,2,pseudoword,low,plim,4,4,external,m,b,1.2333333333333334,0.5784,m,1,537.45
870,2125,22125,44,33,2,pseudoword,low,jege,4,3,internal,g,k,1.1666666666666667,0.37222,k,0,487.98
870,1105,21105,46,33,2,word,low,grape,5,4,internal,p,v,1.1333333333333333,0.49111,p,1,458.5
870,1210,21210,47,33,2,word,high,weed,4,4,external,d,p,5.096774193548387,0.48985,d,1,427.34
870,2242,22242,48,33,2,pseudoword,high,drol,4,4,external,l,r,3.2580645161290325,0.56415,r,0,743.88
870,2208,22208,49,33,2,pseudoword,high,vild,4,4,external,d,p,5.096774193548387,0.48985,p,0,857.76
870,2240,22240,50,33,2,pseudoword,high,hule,4,3,internal,l,r,3.2580645161290325,0.56415,l,1,446.97
871,3116,33116,0,33,3,consonant_string,low,fsmt,4,3,internal,m,l,1.0666666666666667,0.5113,l,0,1401.43
871,1134,31134,56,33,3,word,low,pride,5,4,internal,d,m,1.1333333333333333,0.58091,d,1,1270.36
871,3102,33102,67,33,3,consonant_string,low,knfc,4,2,internal,n,l,1.3666666666666667,0.46775,n,1,1280.61
871,2227,32227,78,33,3,pseudoword,high,reng,4,4,external,g,d,4.1,0.62488,g,1,1848.23
871,1132,31132,89,33,3,word,low,spade,5,4,internal,d,r,1.3333333333333333,0.49182,d,1,1545.19
871,1140,31140,100,33,3,word,low,pole,4,3,internal,l,s,1.1,0.4218,l,1,1433.13
871,1110,31110,111,33,3,word,low,weed,4,4,external,d,k,1.3333333333333333,0.3996,d,1,1396.73
871,3138,33138,122,33,3,consonant_string,low,njtb,4,3,internal,t,m,1.0666666666666667,0.52674,t,1,1367.67
871,3144,33144,133,33,3,consonant_string,low,qjfnd,5,4,internal,n,k,1.5333333333333334,0.52768,n,1,2110.96
871,2124,32124,1,33,3,pseudoword,low,jote,4,3,internal,t,d,1.3666666666666667,0.47786,t,1,2279.29
871,3221,33221,12,33,3,consonant_string,high,fqcg,4,4,external,g,p,4.5,0.55857,g,1,2463.98
871,1231,31231,23,33,3,word,high,slide,5,4,internal,d,c,3.566666666666667,0.66158,d,1,2115.33
871,3229,33229,34,33,3,consonant_string,high,dtfh,4,3,internal,f,r,3.8,0.69632,r,0,1799.65
871,3142,33142,45,33,3,consonant_string,low,wktl,4,4,external,l,m,1.0666666666666667,0.5113,m,0,2049.64
871,1247,31247,51,33,3,word,high,bale,4,3,internal,l,k,2.8,0.53572,k,0,3266.67
871,3239,33239,52,33,3,consonant_string,high,mvjt,4,4,external,t,r,3.3666666666666667,0.59892,t,1,1671.05
871,3209,33209,53,33,3,consonant_string,high,csbd,4,4,external,d,p,5.096774193548387,0.48985,d,1,2471.37
871,3146,33146,54,33,3,consonant_string,low,bfnsl,5,5,external,l,m,1.0666666666666667,0.5113,l,1,2229.73
871,3207,33207,55,33,3,consonant_string,high,qvsd,4,4,external,d,p,5.096774193548387,0.48985,d,1,1699.37
871,2209,32209,57,33,3,pseudoword,high,glod,4,4,external,d,p,5.096774193548387,0.48985,p,0,2050.35
871,1217,31217,58,33,3,word,high,scam,4,4,external,m,n,4.666666666666667,0.6574,n,0,1872.33
871,2225,32225,59,33,3,pseudoword,high,jege,4,3,internal,g,d,4.1,0.62488,g,1,1918.63
871,3114,33114,60,33,3,consonant_string,low,klpj,4,3,internal,p,s,1.2580645161290323,0.5767,s,0,2077.96
871,3130,33130,61,33,3,consonant_string,low,czhf,4,4,external,f,p,1.6333333333333333,0.41008,p,0,1815.61
871,2126,32126,62,33,3,pseudoword,low,yeng,4,4,external,g,k,1.1666666666666667,0.37222,k,0,2036.92
871,3112,33112,63,33,3,consonant_string,low,qmwp,4,4,external,p,t,1.3333333333333333,0.53002,t,0,1723.57
871,1243,31243,64,33,3,word,high,moor,4,4,external,r,n,3.1333333333333333,0.62334,n,0,2061.88
871,1235,31235,65,33,3,word,high,drab,4,4,external,b,g,3.533333333333333,0.46543,b,1,2007.2
871,3124,33124,66,33,3,consonant_string,low,gpts,4,3,internal,t,d,1.3666666666666667,0.47786,t,1,2479.21
871,2128,32128,68,33,3,pseudoword,low,goif,4,4,external,f,d,1.4333333333333333,0.51654,d,0,2493.91
871,3245,33245,69,33,3,consonant_string,high,hvwrt,5,4,internal,r,n,3.1333333333333333,0.62334,r,1,2008.92
871,3106,33106,70,33,3,consonant_string,low,jbfzpq,6,5,internal,p,v,1.1333333333333333,0.49111,v,0,2093.25
871,2144,32144,71,33,3,pseudoword,low,slone,5,4,internal,n,k,1.5333333333333334,0.52768,k,0,2080.25
871,2102,32102,72,33,3,pseudoword,low,snad,4,2,internal,n,l,1.3666666666666667,0.46775,l,0,2234.91
871,3203,33203,73,33,3,consonant_string,high,qsgpn,5,4,internal,p,d,5.096774193548387,0.48985,p,1,2341.59
871,1108,31108,74,33,3,word,low,hood,4,4,external,d,k,1.3333333333333333,0.3996,d,1,1570.58
871,1116,31116,75,33,3,word,low,mime,4,3,internal,m,l,1.0666666666666667,0.5113,m,1,2210.89
871,1130,31130,76,33,3,word,low,beef,4,4,external,f,p,1.6333333333333333,0.41008,f,1,1365.19
871,3213,33213,77,33,3,consonant_string,high,rtcb,4,4,external,b,p,5.066666666666666,0.70362,p,0,2082.48
871,3219,33219,79,33,3,consonant_string,high,gjkm,4,4,external,m,n,4.666666666666667,0.6574,m,1,1737.13
871,3233,33233,80,33,3,consonant_string,high,vkdj,4,3,internal,d,c,3.566666666666667,0.66158,d,1,2020.77
871,3140,33140,81,33,3,consonant_string,low,gtln,4,3,internal,l,s,1.1,0.4218,s,0,1980.1
871,2207,32207,82,33,3,pseudoword,high,nood,4,4,external,d,p,5.096774193548387,0.48985,d,1,2163.76
871,1233,31233,83,33,3,word,high,fade,4,3,internal,d,c,3.566666666666667,0.66158,d,1,888.03
871,2142,32142,84,33,3,pseudoword,low,drol,4,4,external,l,m,1.0666666666666667,0.5113,m,0,1623.62
871,3128,33128,85,33,3,consonant_string,low,vjnf,4,4,external,f,d,1.4333333333333333,0.51654,f,1,2264.93
871,2247,32247,86,33,3,pseudoword,high,jile,4,3,internal,l,k,2.8,0.53572,l,1,2443.29
871,2136,32136,87,33,3,pseudoword,low,plob,4,4,external,b,r,1.2666666666666666,0.51424,b,1,2039.3
871,2217,32217,88,33,3,pseudoword,high,plim,4,4,external,m,n,4.666666666666667,0.6574,n,0,1940.95
871,3134,33134,90,33,3,consonant_string,low,pfldr,5,4,internal,d,m,1.1333333333333333,0.58091,d,1,2083.6
871,3120,33120,91,33,3,consonant_string,low,pktv,4,3,internal,t,m,1.0666666666666667,0.52674,m,0,2654.3
871,2118,32118,92,33,3,pseudoword,low,vume,4,3,internal,m,l,1.0666666666666667,0.5113,m,1,1831.3
871,2231,32231,93,33,3,pseudoword,high,spode,5,4,internal,d,c,3.566666666666667,0.66158,d,1,1704.93
871,2134,32134,94,33,3,pseudoword,low,brode,5,4,internal,d,m,1.1333333333333333,0.58091,d,1,2447.93
871,3122,33122,95,33,3,consonant_string,low,wbjg,4,4,external,g,n,1.7,0.55212,g,1,1822.93
871,3104,33104,96,33,3,consonant_string,low,htwd,4,4,external,d,m,1.1333333333333333,0.58091,m,0,1229.2
871,3136,33136,97,33,3,consonant_string,low,hfwb,4,4,external,b,r,1.2666666666666666,0.51424,r,0,1924.82
871,2235,32235,98,33,3,pseudoword,high,frab,4,4,external,b,g,3.533333333333333,0.46543,b,1,1856.13
871,2138,32138,99,33,3,pseudoword,low,jite,4,3,internal,t,m,1.0666666666666667,0.52674,m,0,2189.12
871,1104,31104,101,33,3,word,low,skid,4,4,external,d,m,1.1333333333333333,0.58091,m,0,2089.78
871,1237,31237,102,33,3,word,high,stew,4,4,external,w,m,3.4,0.62127,w,1,2457.46
871,1146,31146,103,33,3,word,low,steal,5,5,external,l,m,1.0666666666666667,0.5113,l,1,2982.52
871,3215,33215,104,33,3,consonant_string,high,sfdm,4,4,external,m,n,4.666666666666667,0.6574,m,1,2105.22
871,2221,32221,105,33,3,pseudoword,high,quag,4,4,external,g,p,4.5,0.55857,g,1,2364.25
871,1122,31122,106,33,3,word,low,swag,4,4,external,g,n,1.7,0.55212,g,1,2009.58
871,2241,32241,107,33,3,pseudoword,high,bule,4,3,internal,l,r,3.2580645161290325,0.56415,l,1,1598.88
871,2211,32211,108,33,3,pseudoword,high,zoud,4,4,external,d,p,5.096774193548387,0.48985,d,1,1795.84
871,2213,32213,109,33,3,pseudoword,high,nalb,4,4,external,b,p,5.066666666666666,0.70362,p,0,1908.82
871,1136,31136,110,33,3,word,low,stab,4,4,external,b,r,1.2666666666666666,0.51424,b,1,1731.12
871,3217,33217,112,33,3,consonant_string,high,htjm,4,4,external,m,n,4.666666666666667,0.6574,n,0,2167.78
871,1112,31112,113,33,3,word,low,grip,4,4,external,p,t,1.3333333333333333,0.53002,p,1,1736.08
871,1126,31126,114,33,3,word,low,bang,4,4,external,g,k,1.1666666666666667,0.37222,g,1,1532.71
871,2130,32130,115,33,3,pseudoword,low,zeaf,4,4,external,f,p,1.6333333333333333,0.41008,f,1,1376.64
871,1245,31245,116,33,3,word,high,spire,5,4,internal,r,n,3.1333333333333333,0.62334,r,1,2111.28
871,3201,33201,117,33,3,consonant_string,high,znsq,4,2,internal,n,h,5.533333333333333,0.86536,n,1,2380.62
871,2237,32237,118,33,3,pseudoword,high,blaw,4,4,external,w,m,3.4,0.62127,w,1,1796.28
871,2122,32122,119,33,3,pseudoword,low,sleg,4,4,external,g,n,1.7,0.55212,g,1,1299.23
871,3247,33247,120,33,3,consonant_string,high,gnlt,4,3,internal,l,k,2.8,0.53572,l,1,3201.25
871,2203,32203,121,33,3,pseudoword,high,frope,5,4,internal,p,d,5.096774193548387,0.48985,p,1,1924.28
871,1223,31223,123,33,3,word,high,flag,4,4,external,g,p,4.5,0.55857,g,1,1323.57
871,1201,31201,124,33,3,word,high,snow,4,2,internal,n,h,5.533333333333333,0.86536,h,0,1930.86
871,1209,31209,125,33,3,word,high,seed,4,4,external,d,p,5.096774193548387,0.48985,d,1,1374.48
871,1203,31203,126,33,3,word,high,shape,5,4,internal,p,d,5.096774193548387,0.48985,p,1,1778.77
871,2132,32132,127,33,3,pseudoword,low,ghade,5,4,internal,d,r,1.3333333333333333,0.49182,d,1,1731.4
871,1138,31138,128,33,3,word,low,date,4,3,internal,t,m,1.0666666666666667,0.52674,t,1,2011.04
871,3205,33205,129,33,3,consonant_string,high,fcmpk,5,4,internal,p,d,5.096774193548387,0.48985,p,1,2154.37
871,2104,32104,130,33,3,pseudoword,low,swed,4,4,external,d,m,1.1333333333333333,0.58091,d,1,2843.4
871,1120,31120,131,33,3,word,low,gate,4,3,internal,t,m,1.0666666666666667,0.52674,t,1,2533.45
871,2108,32108,132,33,3,pseudoword,low,vild,4,4,external,d,k,1.3333333333333333,0.3996,k,0,2107.14
871,1239,31239,134,33,3,word,high,spat,4,4,external,t,r,3.3666666666666667,0.59892,r,0,2133.14
871,2146,32146,135,33,3,pseudoword,low,proal,5,5,external,l,m,1.0666666666666667,0.5113,l,1,2856.17
871,1207,31207,136,33,3,word,high,read,4,4,external,d,p,5.096774193548387,0.48985,d,1,2386.22
871,1221,31221,137,33,3,word,high,flog,4,4,external,g,p,4.5,0.55857,g,1,2129.9
871,3227,33227,138,33,3,consonant_string,high,bvcg,4,4,external,g,d,4.1,0.62488,g,1,1381.53
871,2239,32239,139,33,3,pseudoword,high,glot,4,4,external,t,r,3.3666666666666667,0.59892,t,1,2213.16
871,1148,31148,140,33,3,word,low,sake,4,3,internal,k,g,1.1666666666666667,0.37222,k,1,1780.48
871,2205,32205,141,33,3,pseudoword,high,brupe,5,4,internal,p,d,5.096774193548387,0.48985,p,1,1611.11
871,3132,33132,142,33,3,consonant_string,low,vzldb,5,4,internal,d,r,1.3333333333333333,0.49182,d,1,1879.42
871,2112,32112,143,33,3,pseudoword,low,glip,4,4,external,p,t,1.3333333333333333,0.53002,p,1,2049.06
871,3126,33126,2,33,3,consonant_string,low,lqvg,4,4,external,g,k,1.1666666666666667,0.37222,g,1,1658.05
871,1124,31124,3,33,3,word,low,bite,4,3,internal,t,d,1.3666666666666667,0.47786,t,1,1293.32
871,2245,32245,4,33,3,pseudoword,high,swork,5,4,internal,r,n,3.1333333333333333,0.62334,r,1,1705.25
871,1227,31227,5,33,3,word,high,wing,4,4,external,g,d,4.1,0.62488,g,1,2409.25
871,2114,32114,6,33,3,pseudoword,low,dape,4,3,internal,p,s,1.2580645161290323,0.5767,s,0,1934.59
871,3110,33110,7,33,3,consonant_string,low,lsbd,4,4,external,d,k,1.3333333333333333,0.3996,k,0,2033.25
871,1211,31211,8,33,3,word,high,lead,4,4,external,d,p,5.096774193548387,0.48985,d,1,1955.9
871,3223,33223,9,33,3,consonant_string,high,vlbg,4,4,external,g,p,4.5,0.55857,p,0,1448.86
871,1142,31142,10,33,3,word,low,seal,4,4,external,l,m,1.0666666666666667,0.5113,l,1,2278.84
871,1114,31114,11,33,3,word,low,rope,4,3,internal,p,s,1.2580645161290323,0.5767,p,1,1725.5
871,1225,31225,13,33,3,word,high,wage,4,3,internal,g,d,4.1,0.62488,g,1,1693.13
871,1118,31118,14,33,3,word,low,home,4,3,internal,m,l,1.0666666666666667,0.5113,m,1,1478.08
871,2140,32140,15,33,3,pseudoword,low,hule,4,3,internal,l,s,1.1,0.4218,s,0,2048.71
871,1219,31219,16,33,3,word,high,warm,4,4,external,m,n,4.666666666666667,0.6574,n,0,1493.68
871,2201,32201,17,33,3,pseudoword,high,snum,4,2,internal,n,h,5.533333333333333,0.86536,h,0,1677.63
871,1213,31213,18,33,3,word,high,slab,4,4,external,b,p,5.066666666666666,0.70362,b,1,1641.25
871,3118,33118,19,33,3,consonant_string,low,zsmj,4,3,internal,m,l,1.0666666666666667,0.5113,m,1,1768.22
871,1144,31144,20,33,3,word,low,stone,5,4,internal,n,k,1.5333333333333334,0.52768,n,1,1843.52
871,3148,33148,21,33,3,consonant_string,low,dhkw,4,3,internal,k,g,1.1666666666666667,0.37222,g,0,2479.53
871,2148,32148,22,33,3,pseudoword,low,zoke,4,3,internal,k,g,1.1666666666666667,0.37222,k,1,2019.2
871,1205,31205,24,33,3,word,high,grape,5,4,internal,p,d,5.096774193548387,0.48985,p,1,2247.54
871,2215,32215,25,33,3,pseudoword,high,gulm,4,4,external,m,n,4.666666666666667,0.6574,n,0,2303.55
871,2110,32110,26,33,3,pseudoword,low,fard,4,4,external,d,k,1.3333333333333333,0.3996,k,0,2843.6
871,3241,33241,27,33,3,consonant_string,high,pqlt,4,3,internal,l,r,3.2580645161290325,0.56415,r,0,1694.62
871,1102,31102,28,33,3,word,low,snip,4,2,internal,n,l,1.3666666666666667,0.46775,l,0,1934.58
871,2116,32116,29,33,3,pseudoword,low,hime,4,3,internal,m,l,1.0666666666666667,0.5113,m,1,1961.24
871,1106,31106,30,33,3,word,low,stripe,6,5,internal,p,v,1.1333333333333333,0.49111,p,1,2771.6
871,1128,31128,31,33,3,word,low,reef,4,4,external,f,d,1.4333333333333333,0.51654,f,1,1868.95
871,3231,33231,32,33,3,consonant_string,high,gjwds,5,4,internal,d,c,3.566666666666667,0.66158,d,1,2420.28
871,3235,33235,33,33,3,consonant_string,high,mkrb,4,4,external,b,g,3.533333333333333,0.46543,b,1,2059.63
871,1215,31215,35,33,3,word,high,beam,4,4,external,m,n,4.666666666666667,0.6574,n,0,2532.98
871,2229,32229,36,33,3,pseudoword,high,vofe,4,3,internal,f,r,3.8,0.69632,r,0,2137.66
871,3225,33225,37,33,3,consonant_string,high,fhgv,4,3,internal,g,d,4.1,0.62488,g,1,2323.34
871,2243,32243,38,33,3,pseudoword,high,plur,4,4,external,r,n,3.1333333333333333,0.62334,n,0,2304.69
871,1241,31241,39,33,3,word,high,file,4,3,internal,l,r,3.2580645161290325,0.56415,r,0,2647.73
871,3211,33211,40,33,3,consonant_string,high,srfd,4,4,external,d,p,5.096774193548387,0.48985,p,0,1552.73
871,1229,31229,41,33,3,word,high,wife,4,3,internal,f,r,3.8,0.69632,f,1,1834.69
871,2219,32219,42,33,3,pseudoword,high,chom,4,4,external,m,n,4.666666666666667,0.6574,n,0,2419.36
871,2223,32223,43,33,3,pseudoword,high,blug,4,4,external,g,p,4.5,0.55857,g,1,2422.72
871,3237,33237,44,33,3,consonant_string,high,gbcw,4,4,external,w,m,3.4,0.62127,w,1,2506.09
871,2233,32233,46,33,3,pseudoword,high,kide,4,3,internal,d,c,3.566666666666667,0.66158,d,1,2586.13
871,3108,33108,47,33,3,consonant_string,low,cvsd,4,4,external,d,k,1.3333333333333333,0.3996,k,0,2627.86
871,2106,32106,48,33,3,pseudoword,low,strepe,6,5,internal,p,v,1.1333333333333333,0.49111,p,1,2047.54
871,2120,32120,49,33,3,pseudoword,low,wote,4,3,internal,t,m,1.0666666666666667,0.52674,t,1,2486.54
871,3243,33243,50,33,3,consonant_string,high,fbvr,4,4,external,r,n,3.1333333333333333,0.62334,n,0,2516.25
872,1117,41117,0,33,4,word,low,scam,4,4,external,m,b,1.2333333333333334,0.5784,m,1,2077.59
872,1127,41127,56,33,4,word,low,wing,4,4,external,g,k,1.1666666666666667,0.37222,g,1,739.21
872,2206,42206,67,33,4,pseudoword,high,strepe,6,5,internal,p,d,5.096774193548387,0.48985,p,1,921.76
872,2107,42107,78,33,4,pseudoword,low,nood,4,4,external,d,r,1.3333333333333333,0.49182,d,1,1295.01
872,3107,43107,89,33,4,consonant_string,low,qvsd,4,4,external,d,r,1.3333333333333333,0.49182,d,1,684.92
872,3135,43135,100,33,4,consonant_string,low,mkrb,4,4,external,b,w,1.1,0.5109,b,1,883.47
872,2202,42202,111,33,4,pseudoword,high,snad,4,2,internal,n,h,5.533333333333333,0.86536,h,0,1455.04
872,2121,42121,122,33,4,pseudoword,low,quag,4,4,external,g,w,1.1666666666666667,0.52446,g,1,637.96
872,3246,43246,133,33,4,consonant_string,high,bfnsl,5,5,external,l,k,2.8,0.53572,l,1,1100.51
872,1107,41107,1,33,4,word,low,read,4,4,external,d,r,1.3333333333333333,0.49182,d,1,576.4
872,2234,42234,12,33,4,pseudoword,high,brode,5,4,internal,d,c,3.566666666666667,0.66158,d,1,752.94
872,2244,42244,23,33,4,pseudoword,high,slone,5,4,internal,n,r,3.1333333333333333,0.62334,n,1,975.83
872,1226,41226,34,33,4,word,high,bang,4,4,external,g,d,4.1,0.62488,g,1,894.39
872,2232,42232,45,33,4,pseudoword,high,ghade,5,4,internal,d,c,3.566666666666667,0.66158,d,1,602.28
872,2109,42109,51,33,4,pseudoword,low,glod,4,4,external,d,m,1.1333333333333333,0.58091,d,1,862.15
872,3228,43228,52,33,4,consonant_string,high,vjnf,4,4,external,f,l,4.033333333333333,0.60982,l,0,1461.4
872,2238,42238,53,33,4,pseudoword,high,jite,4,3,internal,t,r,3.3666666666666667,0.59892,t,1,2305.72
872,3131,43131,54,33,4,consonant_string,low,gjwds,5,4,internal,d,m,1.1333333333333333,0.58091,d,1,1683.72
872,1228,41228,55,33,4,word,high,reef,4,4,external,f,l,4.033333333333333,0.60982,f,1,1601.34
872,3216,43216,57,33,4,consonant_string,high,fsmt,4,3,internal,m,n,4.666666666666667,0.6574,n,0,2030.33
872,2246,42246,58,33,4,pseudoword,high,proal,5,5,external,l,k,2.8,0.53572,k,0,1466.97
872,2230,42230,59,33,4,pseudoword,high,zeaf,4,4,external,f,r,3.8,0.69632,r,0,1106.23
872,1216,41216,60,33,4,word,high,mime,4,3,internal,m,n,4.666666666666667,0.6574,n,0,1574.17
872,3119,43119,61,33,4,consonant_string,low,gjkm,4,4,external,m,t,1.0666666666666667,0.52674,t,0,1234.44
872,2129,42129,62,33,4,pseudoword,low,vofe,4,3,internal,f,n,1.2,0.53217,n,0,1359.04
872,2210,42210,63,33,4,pseudoword,high,fard,4,4,external,d,p,5.096774193548387,0.48985,d,1,947.3
872,2103,42103,64,33,4,pseudoword,low,frope,5,4,internal,p,v,1.1333333333333333,0.49111,p,1,732.19
872,2131,42131,65,33,4,pseudoword,low,spode,5,4,internal,d,m,1.1333333333333333,0.58091,d,1,917.74
872,1214,41214,66,33,4,word,high,rope,4,3,internal,p,b,5.066666666666666,0.70362,p,1,702.96
872,1202,41202,68,33,4,word,high,snip,4,2,internal,n,h,5.533333333333333,0.86536,h,0,1723.87
872,2113,42113,69,33,4,pseudoword,low,nalb,4,4,external,b,m,1.2333333333333334,0.5784,m,0,1709.18
872,3137,43137,70,33,4,consonant_string,low,gbcw,4,4,external,w,p,1.1666666666666667,0.53452,w,1,977.45
872,1206,41206,71,33,4,word,high,stripe,6,5,internal,p,d,5.096774193548387,0.48985,p,1,1039.02
872,2240,42240,72,33,4,pseudoword,high,hule,4,3,internal,l,r,3.2580645161290325,0.56415,l,1,2312.64
872,2119,42119,73,33,4,pseudoword,low,chom,4,4,external,m,t,1.0666666666666667,0.52674,m,1,1320.96
872,1230,41230,74,33,4,word,high,beef,4,4,external,f,r,3.8,0.69632,f,1,825.2
872,1232,41232,75,33,4,word,high,spade,5,4,internal,d,c,3.566666666666667,0.66158,d,1,663.75
872,1139,41139,76,33,4,word,low,spat,4,4,external,t,n,1.1,0.6011,t,1,720.96
872,2117,42117,77,33,4,pseudoword,low,plim,4,4,external,m,b,1.2333333333333334,0.5784,m,1,1811.22
872,2212,42212,79,33,4,pseudoword,high,glip,4,4,external,p,d,5.096774193548387,0.48985,p,1,834.49
872,2204,42204,80,33,4,pseudoword,high,swed,4,4,external,d,p,5.096774193548387,0.48985,d,1,1097.05
872,3214,43214,81,33,4,consonant_string,high,klpj,4,3,internal,p,b,5.066666666666666,0.70362,p,1,2045.01
872,3133,43133,82,33,4,consonant_string,low,vkdj,4,3,internal,d,z,1.2333333333333334,0.52841,z,0,1220.98
872,2133,42133,83,33,4,pseudoword,low,kide,4,3,internal,d,z,1.2333333333333334,0.52841,d,1,825.22
872,1105,41105,84,33,4,word,low,grape,5,4,internal,p,v,1.1333333333333333,0.49111,p,1,625.76
872,1210,41210,85,33,4,word,high,weed,4,4,external,d,p,5.096774193548387,0.48985,d,1,781.3
872,2242,42242,86,33,4,pseudoword,high,drol,4,4,external,l,r,3.2580645161290325,0.56415,l,1,1050.86
872,3125,43125,87,33,4,consonant_string,low,fhgv,4,3,internal,g,k,1.1666666666666667,0.37222,g,1,855.75
872,2218,42218,88,33,4,pseudoword,high,vume,4,3,internal,m,n,4.666666666666667,0.6574,n,0,855.64
872,1115,41115,90,33,4,word,low,beam,4,4,external,m,t,1.0666666666666667,0.52674,m,1,666.52
872,1208,41208,91,33,4,word,high,hood,4,4,external,d,p,5.096774193548387,0.48985,d,1,631.72
872,3113,43113,92,33,4,consonant_string,low,rtcb,4,4,external,b,m,1.2333333333333334,0.5784,b,1,2111.32
872,2226,42226,93,33,4,pseudoword,high,yeng,4,4,external,g,d,4.1,0.62488,g,1,881.61
872,3226,43226,94,33,4,consonant_string,high,lqvg,4,4,external,g,d,4.1,0.62488,g,1,1572.2
872,3127,43127,95,33,4,consonant_string,low,bvcg,4,4,external,g,k,1.1666666666666667,0.37222,g,1,1085.47
872,1103,41103,96,33,4,word,low,shape,5,4,internal,p,v,1.1333333333333333,0.49111,p,1,647.03
872,2143,42143,97,33,4,pseudoword,low,plur,4,4,external,r,d,1.3333333333333333,0.49182,r,1,1641.95
872,2145,42145,98,33,4,pseudoword,low,swork,5,4,internal,r,c,1.4,0.55867,r,1,996.87
872,2101,42101,99,33,4,pseudoword,low,snum,4,2,internal,n,t,1.1,0.6011,t,0,1046.78
872,2216,42216,101,33,4,pseudoword,high,hime,4,3,internal,m,n,4.666666666666667,0.6574,n,0,1303.7
872,2224,42224,102,33,4,pseudoword,high,jote,4,3,internal,t,l,4.5,0.47576,t,1,1299.62
872,3115,43115,103,33,4,consonant_string,low,sfdm,4,4,external,m,t,1.0666666666666667,0.52674,m,1,1383.56
872,3240,43240,104,33,4,consonant_string,high,gtln,4,3,internal,l,r,3.2580645161290325,0.56415,r,0,1873.18
872,2236,42236,105,33,4,pseudoword,high,plob,4,4,external,b,g,3.533333333333333,0.46543,b,1,1016.47
872,3230,43230,106,33,4,consonant_string,high,czhf,4,4,external,f,r,3.8,0.69632,r,0,1877.74
872,1242,41242,107,33,4,word,high,seal,4,4,external,l,r,3.2580645161290325,0.56415,l,1,668.35
872,1246,41246,108,33,4,word,high,steal,5,5,external,l,k,2.8,0.53572,l,1,670.54
872,3129,43129,109,33,4,consonant_string,low,dtfh,4,3,internal,f,n,1.2,0.53217,n,0,1880.79
872,2137,42137,110,33,4,pseudoword,low,blaw,4,4,external,w,p,1.1666666666666667,0.53452,w,1,573.4
872,3139,43139,112,33,4,consonant_string,low,mvjt,4,4,external,t,n,1.1,0.6011,t,1,961.61
872,3208,43208,113,33,4,consonant_string,high,cvsd,4,4,external,d,p,5.096774193548387,0.48985,d,1,1211.85
872,1218,41218,114,33,4,word,high,home,4,3,internal,m,n,4.666666666666667,0.6574,n,0,1042.1
872,1147,41147,115,33,4,word,low,bale,4,3,internal,l,s,1.1,0.4218,l,1,647.16
872,3111,43111,116,33,4,consonant_string,low,srfd,4,4,external,d,k,1.3333333333333333,0.3996,d,1,763.03
872,2214,42214,117,33,4,pseudoword,high,dape,4,3,internal,p,b,5.066666666666666,0.70362,p,1,948.25
872,1222,41222,118,33,4,word,high,swag,4,4,external,g,p,4.5,0.55857,g,1,869.15
872,3232,43232,119,33,4,consonant_string,high,vzldb,5,4,internal,d,c,3.566666666666667,0.66158,d,1,1212.38
872,3147,43147,120,33,4,consonant_string,low,gnlt,4,3,internal,l,s,1.1,0.4218,l,1,1325.64
872,1145,41145,121,33,4,word,low,spire,5,4,internal,r,c,1.4,0.55867,r,1,2219.27
872,1119,41119,123,33,4,word,low,warm,4,4,external,m,t,1.0666666666666667,0.52674,m,1,1660.61
872,1240,41240,124,33,4,word,high,pole,4,3,internal,l,r,3.2580645161290325,0.56415,l,1,649.86
872,2105,42105,125,33,4,pseudoword,low,brupe,5,4,internal,p,v,1.1333333333333333,0.49111,p,1,757.74
872,1101,41101,126,33,4,word,low,snow,4,2,internal,n,t,1.1,0.6011,n,1,751.95
872,1131,41131,127,33,4,word,low,slide,5,4,internal,d,m,1.1333333333333333,0.58091,d,1,646.83
872,3204,43204,128,33,4,consonant_string,high,htwd,4,4,external,d,p,5.096774193548387,0.48985,d,1,770.69
872,1143,41143,129,33,4,word,low,moor,4,4,external,r,d,1.3333333333333333,0.49182,r,1,694.91
872,3143,43143,130,33,4,consonant_string,low,fbvr,4,4,external,r,d,1.3333333333333333,0.49182,d,0,1661.82
872,2123,42123,131,33,4,pseudoword,low,blug,4,4,external,g,t,1.1333333333333333,0.44178,g,1,625.07
872,3141,43141,132,33,4,consonant_string,low,pqlt,4,3,internal,l,n,1.3666666666666667,0.46775,l,1,612.61
872,1141,41141,134,33,4,word,low,file,4,3,internal,l,n,1.3666666666666667,0.46775,l,1,976.82
872,2139,42139,135,33,4,pseudoword,low,glot,4,4,external,t,n,1.1,0.6011,t,1,615.38
872,1133,41133,136,33,4,word,low,fade,4,3,internal,d,z,1.2333333333333334,0.52841,d,1,585.57
872,3244,43244,137,33,4,consonant_string,high,qjfnd,5,4,internal,n,r,3.1333333333333333,0.62334,n,1,1012.12
872,2222,42222,138,33,4,pseudoword,high,sleg,4,4,external,g,p,4.5,0.55857,g,1,740.34
872,1121,41121,139,33,4,word,low,flog,4,4,external,g,w,1.1666666666666667,0.52446,g,1,591.88
872,3222,43222,140,33,4,consonant_string,high,wbjg,4,4,external,g,p,4.5,0.55857,g,1,857.75
872,3220,43220,141,33,4,consonant_string,high,pktv,4,3,internal,t,l,4.5,0.47576,l,0,1105.99
872,1125,41125,142,33,4,word,low,wage,4,3,internal,g,k,1.1666666666666667,0.37222,g,1,652.88
872,3123,43123,143,33,4,consonant_string,low,vlbg,4,4,external,g,t,1.1333333333333333,0.44178,g,1,1282.77
872,2111,42111,2,33,4,pseudoword,low,zoud,4,4,external,d,k,1.3333333333333333,0.3996,d,1,634.34
872,1137,41137,3,33,4,word,low,stew,4,4,external,w,p,1.1666666666666667,0.53452,w,1,585.88
872,2127,42127,4,33,4,pseudoword,low,reng,4,4,external,g,k,1.1666666666666667,0.37222,g,1,639.41
872,3109,43109,5,33,4,consonant_string,low,csbd,4,4,external,d,m,1.1333333333333333,0.58091,d,1,713.94
872,1204,41204,6,33,4,word,high,skid,4,4,external,d,p,5.096774193548387,0.48985,d,1,698.15
872,3210,43210,7,33,4,consonant_string,high,lsbd,4,4,external,d,p,5.096774193548387,0.48985,p,0,1064.04
872,1109,41109,8,33,4,word,low,seed,4,4,external,d,m,1.1333333333333333,0.58091,d,1,537.26
872,3202,43202,9,33,4,consonant_string,high,knfc,4,2,internal,n,h,5.533333333333333,0.86536,n,1,1952.84
872,1113,41113,10,33,4,word,low,slab,4,4,external,b,m,1.2333333333333334,0.5784,b,1,867.78
872,2147,42147,11,33,4,pseudoword,low,jile,4,3,internal,l,s,1.1,0.4218,l,1,1388.04
872,1135,41135,13,33,4,word,low,drab,4,4,external,b,w,1.1,0.5109,b,1,725.61
872,1212,41212,14,33,4,word,high,grip,4,4,external,p,d,5.096774193548387,0.48985,p,1,1041.17
872,3224,43224,15,33,4,consonant_string,high,gpts,4,3,internal,t,l,4.5,0.47576,l,0,1972.12
872,3218,43218,16,33,4,consonant_string,high,zsmj,4,3,internal,m,n,4.666666666666667,0.6574,n,0,1718.43
872,3105,43105,17,33,4,consonant_string,low,fcmpk,5,4,internal,p,v,1.1333333333333333,0.49111,p,1,1265.71
872,1248,41248,18,33,4,word,high,sake,4,3,internal,k,l,2.8,0.53572,k,1,570.94
872,1244,41244,19,33,4,word,high,stone,5,4,internal,n,r,3.1333333333333333,0.62334,n,1,637.14
872,2141,42141,20,33,4,pseudoword,low,bule,4,3,internal,l,n,1.3666666666666667,0.46775,l,1,587.67
872,1234,41234,21,33,4,word,high,pride,5,4,internal,d,c,3.566666666666667,0.66158,d,1,669.2
872,2248,42248,22,33,4,pseudoword,high,zoke,4,3,internal,k,l,2.8,0.53572,k,1,615.41
872,3103,43103,24,33,4,consonant_string,low,qsgpn,5,4,internal,p,v,1.1333333333333333,0.49111,p,1,854.61
872,3236,43236,25,33,4,consonant_string,high,hfwb,4,4,external,b,g,3.533333333333333,0.46543,b,1,1524.52
872,1123,41123,26,33,4,word,low,flag,4,4,external,g,t,1.1333333333333333,0.44178,g,1,668.77
872,3212,43212,27,33,4,consonant_string,high,qmwp,4,4,external,p,d,5.096774193548387,0.48985,d,0,1778.03
872,3248,43248,28,33,4,consonant_string,high,dhkw,4,3,internal,k,l,2.8,0.53572,k,1,719.63
872,2135,42135,29,33,4,pseudoword,low,frab,4,4,external,b,w,1.1,0.5109,b,1,943.84
872,1220,41220,30,33,4,word,high,gate,4,3,internal,t,l,4.5,0.47576,t,1,790.73
872,1238,41238,31,33,4,word,high,date,4,3,internal,t,r,3.3666666666666667,0.59892,t,1,880.29
872,2125,42125,32,33,4,pseudoword,low,jege,4,3,internal,g,k,1.1666666666666667,0.37222,g,1,660.84
872,3117,43117,33,33,4,consonant_string,low,htjm,4,4,external,m,b,1.2333333333333334,0.5784,m,1,2329.11
872,3145,43145,35,33,4,consonant_string,low,hvwrt,5,4,internal,r,c,1.4,0.55867,c,0,1312.77
872,3101,43101,36,33,4,consonant_string,low,znsq,4,2,internal,n,t,1.1,0.6011,t,0,1291.03
872,3238,43238,37,33,4,consonant_string,high,njtb,4,3,internal,t,r,3.3666666666666667,0.59892,r,0,1257.62
872,1224,41224,38,33,4,word,high,bite,4,3,internal,t,l,4.5,0.47576,t,1,664.52
872,2228,42228,39,33,4,pseudoword,high,goif,4,4,external,f,l,4.033333333333333,0.60982,l,0,703.72
872,2115,42115,40,33,4,pseudoword,low,gulm,4,4,external,m,t,1.0666666666666667,0.52674,m,1,2436.66
872,3121,43121,41,33,4,consonant_string,low,fqcg,4,4,external,g,w,1.1666666666666667,0.52446,g,1,537.3
872,1111,41111,42,33,4,word,low,lead,4,4,external,d,k,1.3333333333333333,0.3996,d,1,909.83
872,3206,43206,43,33,4,consonant_string,high,jbfzpq,6,5,internal,p,d,5.096774193548387,0.48985,d,0,1315.08
872,3234,43234,44,33,4,consonant_string,high,pfldr,5,4,internal,d,c,3.566666666666667,0.66158,d,1,538.31
872,1236,41236,46,33,4,word,high,stab,4,4,external,b,g,3.533333333333333,0.46543,b,1,585.84
872,3242,43242,47,33,4,consonant_string,high,wktl,4,4,external,l,r,3.2580645161290325,0.56415,l,1,2991.47
872,2220,42220,48,33,4,pseudoword,high,wote,4,3,internal,t,l,4.5,0.47576,t,1,783.48
872,1129,41129,49,33,4,word,low,wife,4,3,internal,f,n,1.2,0.53217,f,1,758.02
872,2208,42208,50,33,4,pseudoword,high,vild,4,4,external,d,p,5.096774193548387,0.48985,d,1,729.22
873,1103,21103,0,33,2,word,low,shape,5,4,internal,p,v,1.1333333333333333,0.49111,p,1,669.75
873,2236,22236,56,33,2,pseudoword,high,plob,4,4,external,b,g,3.533333333333333,0.46543,g,0,1328.97
873,2244,22244,67,33,2,pseudoword,high,slone,5,4,internal,n,r,3.1333333333333333,0.62334,r,0,711.55
873,2222,22222,78,33,2,pseudoword,high,sleg,4,4,external,g,p,4.5,0.55857,g,1,615.75
873,1208,21208,89,33,2,word,high,hood,4,4,external,d,p,5.096774193548387,0.48985,d,1,756.95
873,3224,23224,100,33,2,consonant_string,high,gpts,4,3,internal,t,l,4.5,0.47576,l,0,839.83
873,2127,22127,111,33,2,pseudoword,low,reng,4,4,external,g,k,1.1666666666666667,0.37222,g,1,980.38
873,1117,21117,122,33,2,word,low,scam,4,4,external,m,b,1.2333333333333334,0.5784,m,1,1124.96
873,3111,23111,133,33,2,consonant_string,low,srfd,4,4,external,d,k,1.3333333333333333,0.3996,d,1,628.18
873,3135,23135,1,33,2,consonant_string,low,mkrb,4,4,external,b,w,1.1,0.5109,b,1,746.72
873,1236,21236,12,33,2,word,high,stab,4,4,external,b,g,3.533333333333333,0.46543,b,1,880.59
873,3133,23133,23,33,2,consonant_string,low,vkdj,4,3,internal,d,z,1.2333333333333334,0.52841,d,1,817.14
873,1230,21230,34,33,2,word,high,beef,4,4,external,f,r,3.8,0.69632,f,1,1265.38
873,2226,22226,45,33,2,pseudoword,high,yeng,4,4,external,g,d,4.1,0.62488,g,1,861.61
873,1246,21246,51,33,2,word,high,steal,5,5,external,l,k,2.8,0.53572,l,1,583.82
873,3147,23147,52,33,2,consonant_string,low,gnlt,4,3,internal,l,s,1.1,0.4218,l,1,1458.38
873,3115,23115,53,33,2,consonant_string,low,sfdm,4,4,external,m,t,1.0666666666666667,0.52674,m,1,1007.31
873,2131,22131,54,33,2,pseudoword,low,spode,5,4,internal,d,m,1.1333333333333333,0.58091,d,1,529.19
873,1109,21109,55,33,2,word,low,seed,4,4,external,d,m,1.1333333333333333,0.58091,d,1,556.71
873,1113,21113,57,33,2,word,low,slab,4,4,external,b,m,1.2333333333333334,0.5784,b,1,473.57
873,2220,22220,58,33,2,pseudoword,high,wote,4,3,internal,t,l,4.5,0.47576,t,1,753.76
873,1133,21133,59,33,2,word,low,fade,4,3,internal,d,z,1.2333333333333334,0.52841,d,1,540.63
873,1129,21129,60,33,2,word,low,wife,4,3,internal,f,n,1.2,0.53217,f,1,620.16
873,2105,22105,61,33,2,pseudoword,low,brupe,5,4,internal,p,v,1.1333333333333333,0.49111,p,1,1273.37
873,1228,21228,62,33,2,word,high,reef,4,4,external,f,l,4.033333333333333,0.60982,l,0,729.62
873,2246,22246,63,33,2,pseudoword,high,proal,5,5,external,l,k,2.8,0.53572,l,1,1119.16
873,2147,22147,64,33,2,pseudoword,low,jile,4,3,internal,l,s,1.1,0.4218,l,1,738.4
873,3208,23208,65,33,2,consonant_string,high,cvsd,4,4,external,d,p,5.096774193548387,0.48985,d,1,512.92
873,3117,23117,66,33,2,consonant_string,low,htjm,4,4,external,m,b,1.2333333333333334,0.5784,m,1,1520.15
873,3143,23143,68,33,2,consonant_string,low,fbvr,4,4,external,r,d,1.3333333333333333,0.49182,d,0,586.4
873,3137,23137,69,33,2,consonant_string,low,gbcw,4,4,external,w,p,1.1666666666666667,0.53452,p,0,1130.94
873,3129,23129,70,33,2,consonant_string,low,dtfh,4,3,internal,f,n,1.2,0.53217,f,1,673.51
873,3121,23121,71,33,2,consonant_string,low,fqcg,4,4,external,g,w,1.1666666666666667,0.52446,g,1,450.7
873,2133,22133,72,33,2,pseudoword,low,kide,4,3,internal,d,z,1.2333333333333334,0.52841,d,1,559.55
873,1115,21115,73,33,2,word,low,beam,4,4,external,m,t,1.0666666666666667,0.52674,m,1,1043.76
873,3222,23222,74,33,2,consonant_string,high,wbjg,4,4,external,g,p,4.5,0.55857,g,1,891.66
873,3107,23107,75,33,2,consonant_string,low,qvsd,4,4,external,d,r,1.3333333333333333,0.49182,d,1,721.55
873,3119,23119,76,33,2,consonant_string,low,gjkm,4,4,external,m,t,1.0666666666666667,0.52674,m,1,1043.77
873,2129,22129,77,33,2,pseudoword,low,vofe,4,3,internal,f,n,1.2,0.53217,n,0,1844.7
873,1147,21147,79,33,2,word,low,bale,4,3,internal,l,s,1.1,0.4218,l,1,1304.65
873,3125,23125,80,33,2,consonant_string,low,fhgv,4,3,internal,g,k,1.1666666666666667,0.37222,g,1,465.54
873,1143,21143,81,33,2,word,low,moor,4,4,external,r,d,1.3333333333333333,0.49182,d,0,512.73
873,2141,22141,82,33,2,pseudoword,low,bule,4,3,internal,l,n,1.3666666666666667,0.46775,l,1,575.93
873,1210,21210,83,33,2,word,high,weed,4,4,external,d,p,5.096774193548387,0.48985,d,1,557.45
873,1202,21202,84,33,2,word,high,snip,4,2,internal,n,h,5.533333333333333,0.86536,n,1,1534.35
873,2224,22224,85,33,2,pseudoword,high,jote,4,3,internal,t,l,4.5,0.47576,l,0,913.93
873,1119,21119,86,33,2,word,low,warm,4,4,external,m,t,1.0666666666666667,0.52674,m,1,901.17
873,1240,21240,87,33,2,word,high,pole,4,3,internal,l,r,3.2580645161290325,0.56415,l,1,621.04
873,3246,23246,88,33,2,consonant_string,high,bfnsl,5,5,external,l,k,2.8,0.53572,l,1,897.25
873,3236,23236,90,33,2,consonant_string,high,hfwb,4,4,external,b,g,3.533333333333333,0.46543,g,0,1025.14
873,2234,22234,91,33,2,pseudoword,high,brode,5,4,internal,d,c,3.566666666666667,0.66158,d,1,588.7
873,2123,22123,92,33,2,pseudoword,low,blug,4,4,external,g,t,1.1333333333333333,0.44178,g,1,443.22
873,2228,22228,93,33,2,pseudoword,high,goif,4,4,external,f,l,4.033333333333333,0.60982,l,0,1292.11
873,3145,23145,94,33,2,consonant_string,low,hvwrt,5,4,internal,r,c,1.4,0.55867,r,1,1888.06
873,2119,22119,95,33,2,pseudoword,low,chom,4,4,external,m,t,1.0666666666666667,0.52674,m,1,524.65
873,3242,23242,96,33,2,consonant_string,high,wktl,4,4,external,l,r,3.2580645161290325,0.56415,l,1,669.84
873,2113,22113,97,33,2,pseudoword,low,nalb,4,4,external,b,m,1.2333333333333334,0.5784,b,1,489.04
873,3101,23101,98,33,2,consonant_string,low,znsq,4,2,internal,n,t,1.1,0.6011,n,1,872.57
873,1242,21242,99,33,2,word,high,seal,4,4,external,l,r,3.2580645161290325,0.56415,l,1,692.79
873,1105,21105,101,33,2,word,low,grape,5,4,internal,p,v,1.1333333333333333,0.49111,p,1,761.66
873,3216,23216,102,33,2,consonant_string,high,fsmt,4,3,internal,m,n,4.666666666666667,0.6574,m,1,627.88
873,2238,22238,103,33,2,pseudoword,high,jite,4,3,internal,t,r,3.3666666666666667,0.59892,r,0,593.41
873,2107,22107,104,33,2,pseudoword,low,nood,4,4,external,d,r,1.3333333333333333,0.49182,d,1,652.27
873,2242,22242,105,33,2,pseudoword,high,drol,4,4,external,l,r,3.2580645161290325,0.56415,l,1,617.14
873,2139,22139,106,33,2,pseudoword,low,glot,4,4,external,t,n,1.1,0.6011,t,1,1031.35
873,1214,21214,107,33,2,word,high,rope,4,3,internal,p,b,5.066666666666666,0.70362,p,1,587.91
873,3240,23240,108,33,2,consonant_string,high,gtln,4,3,internal,l,r,3.2580645161290325,0.56415,r,0,1736.47
873,1224,21224,109,33,2,word,high,bite,4,3,internal,t,l,4.5,0.47576,t,1,516.07
873,2103,22103,110,33,2,pseudoword,low,frope,5,4,internal,p,v,1.1333333333333333,0.49111,p,1,487.25
873,2210,22210,112,33,2,pseudoword,high,fard,4,4,external,d,p,5.096774193548387,0.48985,d,1,827.78
873,1121,21121,113,33,2,word,low,flog,4,4,external,g,w,1.1666666666666667,0.52446,g,1,477.32
873,3212,23212,114,33,2,consonant_string,high,qmwp,4,4,external,p,d,5.096774193548387,0.48985,p,1,803.85
873,3238,23238,115,33,2,consonant_string,high,njtb,4,3,internal,t,r,3.3666666666666667,0.59892,r,0,766.31
873,1226,21226,116,33,2,word,high,bang,4,4,external,g,d,4.1,0.62488,g,1,876.53
873,1131,21131,117,33,2,word,low,slide,5,4,internal,d,m,1.1333333333333333,0.58091,d,1,655.07
873,1218,21218,118,33,2,word,high,home,4,3,internal,m,n,4.666666666666667,0.6574,m,1,531.94
873,1238,21238,119,33,2,word,high,date,4,3,internal,t,r,3.3666666666666667,0.59892,t,1,792.47
873,2117,22117,120,33,2,pseudoword,low,plim,4,4,external,m,b,1.2333333333333334,0.5784,m,1,815.35
873,3113,23113,121,33,2,consonant_string,low,rtcb,4,4,external,b,m,1.2333333333333334,0.5784,b,1,600.56
873,1248,21248,123,33,2,word,high,sake,4,3,internal,k,l,2.8,0.53572,k,1,499.43
873,3202,23202,124,33,2,consonant_string,high,knfc,4,2,internal,n,h,5.533333333333333,0.86536,n,1,867.29
873,1220,21220,125,33,2,word,high,gate,4,3,internal,t,l,4.5,0.47576,t,1,489.5
873,1127,21127,126,33,2,word,low,wing,4,4,external,g,k,1.1666666666666667,0.37222,g,1,478.03
873,2216,22216,127,33,2,pseudoword,high,hime,4,3,internal,m,n,4.666666666666667,0.6574,m,1,595.54
873,2232,22232,128,33,2,pseudoword,high,ghade,5,4,internal,d,c,3.566666666666667,0.66158,d,1,607.41
873,2111,22111,129,33,2,pseudoword,low,zoud,4,4,external,d,k,1.3333333333333333,0.3996,d,1,647.27
873,2115,22115,130,33,2,pseudoword,low,gulm,4,4,external,m,t,1.0666666666666667,0.52674,t,0,933.14
873,1204,21204,131,33,2,word,high,skid,4,4,external,d,p,5.096774193548387,0.48985,p,0,986.71
873,3109,23109,132,33,2,consonant_string,low,csbd,4,4,external,d,m,1.1333333333333333,0.58091,d,1,594.25
873,1139,21139,134,33,2,word,low,spat,4,4,external,t,n,1.1,0.6011,t,1,514.12
873,3244,23244,135,33,2,consonant_string,high,qjfnd,5,4,internal,n,r,3.1333333333333333,0.62334,r,0,572.31
873,3206,23206,136,33,2,consonant_string,high,jbfzpq,6,5,internal,p,d,5.096774193548387,0.48985,d,0,982.52
873,2240,22240,137,33,2,pseudoword,high,hule,4,3,internal,l,r,3.2580645161290325,0.56415,l,1,1402.11
873,3139,23139,138,33,2,consonant_string,low,mvjt,4,4,external,t,n,1.1,0.6011,n,0,1319.04
873,1222,21222,139,33,2,word,high,swag,4,4,external,g,p,4.5,0.55857,g,1,619.27
873,3127,23127,140,33,2,consonant_string,low,bvcg,4,4,external,g,k,1.1666666666666667,0.37222,g,1,997.49
873,2218,22218,141,33,2,pseudoword,high,vume,4,3,internal,m,n,4.666666666666667,0.6574,m,1,567.38
873,1123,21123,142,33,2,word,low,flag,4,4,external,g,t,1.1333333333333333,0.44178,g,1,501.57
873,2202,22202,143,33,2,pseudoword,high,snad,4,2,internal,n,h,5.533333333333333,0.86536,n,1,707.43
873,1111,21111,2,33,2,word,low,lead,4,4,external,d,k,1.3333333333333333,0.3996,d,1,620.3
873,2125,22125,3,33,2,pseudoword,low,jege,4,3,internal,g,k,1.1666666666666667,0.37222,g,1,549.49
873,1206,21206,4,33,2,word,high,stripe,6,5,internal,p,d,5.096774193548387,0.48985,p,1,548.36
873,3204,23204,5,33,2,consonant_string,high,htwd,4,4,external,d,p,5.096774193548387,0.48985,d,1,628.22
873,1107,21107,6,33,2,word,low,read,4,4,external,d,r,1.3333333333333333,0.49182,d,1,492.74
873,3234,23234,7,33,2,consonant_string,high,pfldr,5,4,internal,d,c,3.566666666666667,0.66158,d,1,752.61
873,2248,22248,8,33,2,pseudoword,high,zoke,4,3,internal,k,l,2.8,0.53572,k,1,618.49
873,3214,23214,9,33,2,consonant_string,high,klpj,4,3,internal,p,b,5.066666666666666,0.70362,p,1,804.69
873,3232,23232,10,33,2,consonant_string,high,vzldb,5,4,internal,d,c,3.566666666666667,0.66158,d,1,671.57
873,3141,23141,11,33,2,consonant_string,low,pqlt,4,3,internal,l,n,1.3666666666666667,0.46775,l,1,1436.81
873,2137,22137,13,33,2,pseudoword,low,blaw,4,4,external,w,p,1.1666666666666667,0.53452,p,0,848.39
873,2214,22214,14,33,2,pseudoword,high,dape,4,3,internal,p,b,5.066666666666666,0.70362,p,1,977.3
873,3103,23103,15,33,2,consonant_string,low,qsgpn,5,4,internal,p,v,1.1333333333333333,0.49111,p,1,640.83
873,1145,21145,16,33,2,word,low,spire,5,4,internal,r,c,1.4,0.55867,r,1,1179.39
873,2135,22135,17,33,2,pseudoword,low,frab,4,4,external,b,w,1.1,0.5109,b,1,839.97
873,2230,22230,18,33,2,pseudoword,high,zeaf,4,4,external,f,r,3.8,0.69632,r,0,994.53
873,3248,23248,19,33,2,consonant_string,high,dhkw,4,3,internal,k,l,2.8,0.53572,l,0,624.41
873,1212,21212,20,33,2,word,high,grip,4,4,external,p,d,5.096774193548387,0.48985,p,1,615.62
873,1137,21137,21,33,2,word,low,stew,4,4,external,w,p,1.1666666666666667,0.53452,p,0,669.81
873,2121,22121,22,33,2,pseudoword,low,quag,4,4,external,g,w,1.1666666666666667,0.52446,g,1,621.01
873,3105,23105,24,33,2,consonant_string,low,fcmpk,5,4,internal,p,v,1.1333333333333333,0.49111,p,1,1214.23
873,3230,23230,25,33,2,consonant_string,high,czhf,4,4,external,f,r,3.8,0.69632,f,1,1092.49
873,3228,23228,26,33,2,consonant_string,high,vjnf,4,4,external,f,l,4.033333333333333,0.60982,l,0,515.38
873,1101,21101,27,33,2,word,low,snow,4,2,internal,n,t,1.1,0.6011,n,1,683.58
873,2143,22143,28,33,2,pseudoword,low,plur,4,4,external,r,d,1.3333333333333333,0.49182,r,1,1323.14
873,1244,21244,29,33,2,word,high,stone,5,4,internal,n,r,3.1333333333333333,0.62334,r,0,746.39
873,3123,23123,30,33,2,consonant_string,low,vlbg,4,4,external,g,t,1.1333333333333333,0.44178,g,1,519.25
873,1125,21125,31,33,2,word,low,wage,4,3,internal,g,k,1.1666666666666667,0.37222,g,1,856.46
873,3131,23131,32,33,2,consonant_string,low,gjwds,5,4,internal,d,m,1.1333333333333333,0.58091,m,0,803.34
873,2101,22101,33,33,2,pseudoword,low,snum,4,2,internal,n,t,1.1,0.6011,n,1,593.22
873,3218,23218,35,33,2,consonant_string,high,zsmj,4,3,internal,m,n,4.666666666666667,0.6574,n,0,1065.11
873,2109,22109,36,33,2,pseudoword,low,glod,4,4,external,d,m,1.1333333333333333,0.58091,d,1,716.33
873,2206,22206,37,33,2,pseudoword,high,strepe,6,5,internal,p,d,5.096774193548387,0.48985,p,1,617.54
873,3226,23226,38,33,2,consonant_string,high,lqvg,4,4,external,g,d,4.1,0.62488,d,0,1143.76
873,1234,21234,39,33,2,word,high,pride,5,4,internal,d,c,3.566666666666667,0.66158,d,1,637.65
873,2208,22208,40,33,2,pseudoword,high,vild,4,4,external,d,p,5.096774193548387,0.48985,d,1,1231.21
873,1141,21141,41,33,2,word,low,file,4,3,internal,l,n,1.3666666666666667,0.46775,l,1,615.79
873,1135,21135,42,33,2,word,low,drab,4,4,external,b,w,1.1,0.5109,b,1,738.99
873,1232,21232,43,33,2,word,high,spade,5,4,internal,d,c,3.566666666666667,0.66158,d,1,606.53
873,2145,22145,44,33,2,pseudoword,low,swork,5,4,internal,r,c,1.4,0.55867,r,1,578.39
873,3210,23210,46,33,2,consonant_string,high,lsbd,4,4,external,d,p,5.096774193548387,0.48985,d,1,740.93
873,2204,22204,47,33,2,pseudoword,high,swed,4,4,external,d,p,5.096774193548387,0.48985,d,1,644.47
873,1216,21216,48,33,2,word,high,mime,4,3,internal,m,n,4.666666666666667,0.6574,n,0,618.34
873,2212,22212,49,33,2,pseudoword,high,glip,4,4,external,p,d,5.096774193548387,0.48985,p,1,718.54
873,3220,23220,50,33,2,consonant_string,high,pktv,4,3,internal,t,l,4.5,0.47576,l,0,1075.76
