participant_id,age,trial_order,stimulus,response1,response2,response3,response4,response5,response6,response7,response8,response9,response10
101163,32.0,0,checking,thorough,spelling,mistake,balance,account,quality,assurance,knowing,researching,ticking
101163,32.0,1,under,bridge,bed,tunnel,ground,bunker,underneath,underside,underbelly,underworld,hiding
101163,32.0,2,meter,distance,mile,gas,electric,ruler,utilities,stride,kilometer,pace,run
101163,32.0,3,safari,jungle,animals,lion,zebra,elephant,africa,jeep,savanna,heat,photography
101163,32.0,4,soak,drench,wet,rain,washing,fabric,dripping,conditioner,stain,puddle,storm
101163,32.0,5,sometimes,maybe,occasionally,often,never,once,unsure,somewhere,conversation,something,weekly
101163,32.0,6,atmosphere,pressure,vibe,feel,air,space,earth,gas,oxygen,breathing,venue
101163,32.0,7,pale,ill,blue,green,colour,ghost,sheet,white,bucket,water,shocked
101163,32.0,8,toil,turmoil,trouble,witches,spell,rhyme,boil,cauldron,upset,anguish,indecision
101163,32.0,9,twice,once,thrice,duo,times,several,couple,biweekly,bimonthly,two,bicycle
101163,32.0,10,perish,die,death,starve,famine,fade,wilt,wither,drown,killed,waste
101163,32.0,11,mussel,fish,seafood,sea,shell,shellfish,water,salt,broth,cream,wine
101163,32.0,12,inflation,money,cost,rise,shrink,unaffordable,expansion,expand,inflate,balloon,economy
101163,32.0,13,boiled,bubbled,boil,kettle,water,saucepan,heat,simmered,simmer,cook,poach
101163,32.0,14,oath,promise,swear,church,allegiance,code,moral,truth,court,religion,secret
10343,18.0,0,adult,mature,growth,old,maturity,career,responsibility,experience,decision-making,finances,relationships
10343,18.0,1,vulnerable,fragile,exposed,sensitive,weak,unprotected,insecure,open,helpless,emotional,defenseless
10343,18.0,2,response,reaction,answer,feedback,emotion,communication,reflex,decision,acknowledgment,interaction,responsibility
10343,18.0,3,sex,intimacy,attraction,pleasure,reproduction,consent,relationship,desire,connection,identity,communication
10343,18.0,4,smog,pollution,nan,health,toxic,visibility,respiratory,environment,fog,chemicals,urban
10343,18.0,5,web,internet,network,connectivity,links,sites,browser,information,communication,nan,digital
10343,18.0,6,mushroom,food,forest,edible,fungi,spores,truffle,nan,poisonous,nature,mycology
10343,18.0,7,organ,heart,brain,liver,lungs,kidney,function,system,transplant,tissue,circulation
10343,18.0,8,reflection,mirror,thought,introspection,self-awareness,image,light,perception,contemplation,perspective,insight
10343,18.0,9,peace,calm,harmony,serenity,tranquility,unity,silence,freedom,reconciliation,acceptance,balance
10343,18.0,10,truth,honesty,reality,integrity,fact,clarity,transparency,authenticity,knowledge,belief,trust
10343,18.0,11,chapel,prayer,worship,sanctuary,peace,faith,religion,altar,ceremony,reflection,quiet
10343,18.0,12,wall,barrier,protection,division,structure,defense,obstacle,support,boundaries,isolation,solid
10343,18.0,13,suede,soft,leather,texture,luxury,fabric,smooth,fashion,warmth,shoes,durable
10343,18.0,14,live,life,breathe,experience,present,growth,love,joy,purpose,change,consciousness
110864,59.0,0,unit,centimetre,box,grey,small,measure,lines,borders,square,fan,black
110864,59.0,1,loyal,strong,dependable,useful,good,fighter,big,reliable,fist,arms,hands
110864,59.0,2,menthol,cigarette,nose,nasty,sting,mucus,suck,sweet,airway,sneeze,cough
110864,59.0,3,anchor,ship,stop,butter,pub,iron,rust,sea,rock,seabed,fish
110864,59.0,4,pole,wood,white,flag,windy,flexible,long,arms,hands,slide,poke
110864,59.0,5,transportation,car,train,ship,plane,road,rail,move,busy,activity,good
110864,59.0,6,zone,lines,colours,park,industry,commerce,residential,paint,organization,plan,government
110864,59.0,7,still,quiet,cold,white,dead,stiff,pleasant,inactive,broken,sleep,tired
110864,59.0,8,bless,church,vicar,water,font,pray,sneeze,good,nod,hands,chant
110864,59.0,9,permission,paper,freedom,power,pass,gate,door,open,move,favour,law
110864,59.0,10,score,goal,win,game,lines,twenty,kick,boot,catch,run,succeed
110864,59.0,11,intake,breath,gulp,aperture,metal,air,aircraft,gather,hands,hold,grab
110864,59.0,12,mold,black,bad,icky,bread,wall,spots,damp,germs,green,poison
110864,59.0,13,piston,engine,spark,metal,machine,motion,fast,work,lift,speed,steam
110864,59.0,14,boss,man,suit,desk,orders,tall,grey,big,factory,office,telephone
112571,45.0,0,back,front,side,yard,hand,break,move,spine,chiropractor,gone,return
112571,45.0,1,opening,door,window,cut,tear,flap,lid,closing,concert,night,zipper
112571,45.0,2,oatmeal,oats,corn,milk,toaster,jam,syrup,scotland,nan,windmill,breakfast
112571,45.0,3,year,time,days,birthday,months,seasons,orbit,cycle,stars,date,party
112571,45.0,4,loose,tight,tension,big,size,lid,squeeze,out,fall,shorts,hole
112571,45.0,5,sunrise,sunset,morning,wake,bright,light,sun,clouds,horizon,alarm,cockerel
112571,45.0,6,peaceful,quiet,remote,sky,river,silence,chirp,storm,tea,drive,talk
112571,45.0,7,nasty,bad,distasteful,odious,sludge,slime,moist,damp,villain,kill,red
112571,45.0,8,joke,laugh,microphone,group,share,side,stage,light,comedy,cracker,dad
112571,45.0,9,beverage,drink,wet,ice,order,glass,bar,waitress,measure,cocktail,garnish
112571,45.0,10,bird,feather,nest,call,flight,bread,seed,dive,shred,kill,soar
112571,45.0,11,attire,suit,dress,evening,invite,shoes,tie,purse,jewelry,out,floor
112571,45.0,12,snake,slither,reptile,rabbit,venom,jungle,bite,scales,jaw,boots,chaps
112571,45.0,13,not,decline,transfer,without,be,here,reject,deny,constrict,dismiss,truck
112571,45.0,14,right,left,wring,center,wing,evil,direction,instruct,opposite,hand,spectrum
116714,22.0,0,caffeine,coffee,energy,buzz,tired,treat,headache,concentrate,fiber,tasty,black
116714,22.0,1,say,voice,words,speak,communicate,talk,sentence,democracy,speech,question,shout
116714,22.0,2,scrap,throw,bin,leftovers,delete,chuck,bits,tidy,mess,fight,conflict
116714,22.0,3,mechanical,nuts,bolts,screw,nail,wheel,engineer,oiled,robot,car,machine
116714,22.0,4,zest,lemon,orange,lime,fruity,enthusiasm,peel,citrus,interest,slang,commitment
116714,22.0,5,record,note,music,vintage,player,winning,world,write,recorder,olympic,track
116714,22.0,6,lightheaded,dizzy,weak,scared,hungry,sugar,faint,sit,surprised,shock,ill
116714,22.0,7,sling,shot,throw,lift,arm,break,cloth,stone,heal,fabric,broken
116714,22.0,8,mammal,mammoth,human,land,elephant,monkey,gorilla,classification,dog,cat,horse
116714,22.0,9,legend,living,iconic,big,icon,impressive,respected,unique,winner,brilliant,worthy
116714,22.0,10,regret,sadness,nostalgia,fear,mistake,shame,wrong,choices,worry,incorrect,youth
116714,22.0,11,slay,kill,destroy,end,iconic,success,win,good,impressive,fashionable,cool
116714,22.0,12,shove,hit,hurt,push,aggressive,violent,petty,angry,frustration,forceful,childish
116714,22.0,13,vote,democracy,say,voice,contribute,government,election,ballot,choice,choose,democratic
116714,22.0,14,why,what,who,where,question,ask,did,confused,betrayal,curious,inquire
117808,40.0,0,squirrel,tree,fur,basil,nuts,tail,red,grey,animal,climbing,jumping
117808,40.0,1,circus,clown,hat,lion,tricks,magic,silly,fun,family,parade,music
117808,40.0,2,loaf,bread,wheat,rye,food,butter,head,yeast,warburton,dovish,shape
117808,40.0,3,lamb,sheep,ewe,wooly,baby,food,leg,chops,easter,spring,lambing
117808,40.0,4,subtract,minus,maths,subtraction,remove,take,add,divide,multiply,algebra,calculation
117808,40.0,5,serpent,snake,slimy,boa,restriction,tongue,mythology,shape,fangs,cobra,rattle
117808,40.0,6,choir,choral,chorus,church,voices,group,singing,harmony,relaxing,tenor,bass
117808,40.0,7,snot,goo,nose,flicking,guttural,bogey,green,phlegm,picking,gross,sniff
117808,40.0,8,little,tiny,small,large,short,big,richard,lupe,mix,littler,smaller
117808,40.0,9,left,right,up,down,lefty,leftist,went,disappeared,wing,alone,divorce
117808,40.0,10,pouch,pocket,tobacco,kangaroo,couch,storage,protect,bag,sack,louse,safe
117808,40.0,11,vodka,alcohol,russia,tonic,coke,drink,soothing,potato,sauce,cocktail,consumption
117808,40.0,12,be,quiet,kind,careful,thoughtful,considerate,lazy,anything,great,successful,exciting
117808,40.0,13,turkey,thanksgiving,christmas,gobble,gander,slices,crown,leg,wing,baster,sizzler
117808,40.0,14,shrimp,prawn,sea,shell,head,leg,roll,scampi,food,swim,float
118505,23.0,0,skinny,thin,fit,healthy,standard,slim,vegetables,sporty,small,lightweight,light
118505,23.0,1,rifle,gun,soldier,hunter,war,fighting,crimes,shooting,shoot,bullet,shot
118505,23.0,2,anxious,scared,worried,quiet,socially,timid,shy,overthink,ashamed,ruminating,behaviour
118505,23.0,3,terrible,bad,awful,sad,tragic,devastated,horrific,horrible,shocking,dire,palling
118505,23.0,4,laugh,happy,funny,silly,lighthearted,laughter,children,hilarious,comedy,entertaining,fun
118505,23.0,5,want,need,seeking,desire,crave,fancy,long,yearning,,wish,hoping
118505,23.0,6,pet,dog,cat,friend,companion,fish,hamster,gerbil,guinea-pig,rabbit,fluffy
118505,23.0,7,best,winner,one,top,excel,greatest,leader,prime,trophy,race,sport
118505,23.0,8,stuff,mess,clothes,things,messy,cleaning,tidy,untidy,rubbish,waste,bin
118505,23.0,9,potato,food,irish,famine,carrots,broccoli,carbohydrate,vegetable,healthy,soup,winter
118505,23.0,10,wet,dry,swimming,pool,shower,water,drinking,glass,hydrated,thirst,quench
118505,23.0,11,aunt,uncle,family,blood,connection,niece,nephew,siblings,occasion,love,caring
118505,23.0,12,silly,funny,lighthearted,free,weird,childish,crazy,ridiculous,entertaining,goofy,ludicrous
118505,23.0,13,trousers,clothes,jeans,belt,top,t-shirt,shoes,socks,fashion,hats,scarf
118505,23.0,14,toilet,bathroom,flush,water,soap,sink,washing,brush,bin,cabinet,medication
119176,28.0,0,serpent,snake,rainforest,animal,scales,slither,tongue,long,water,egypt,danger
119176,28.0,1,circus,clown,kids,fun,animals,family,creepy,rides,fairground,entertaining,childhood
119176,28.0,2,loaf,bread,head,flour,lazy,idle,bored,bake,dough,oven,patti
119176,28.0,3,little,tiny,big,small,person,animal,fish,short,man,woman,kid
119176,28.0,4,choir,school,singing,church,people,club,performance,music,robes,entertaining,fun
119176,28.0,5,turkey,christmas,ham,chicken,animal,farm,bird,roast,wings,breast,neck
119176,28.0,6,pouch,kangaroo,money,leather,pocket,tuck,wallet,coins,spare,trousers,shirt
119176,28.0,7,snot,disgusting,child,nose,runny,sick,green,yellow,tissue,smell,dirty
119176,28.0,8,vodka,coke,alcohol,adult,smirnoff,whisky,gin,tequila,drink,drunk,party
119176,28.0,9,shrimp,fish,prawn,tail,coconut,sea,tasty,small,pink,frozen,posh
119176,28.0,10,left,right,directions,driving,hand,side,up,down,turn,out,in
119176,28.0,11,lamb,sheep,baby,farm,animal,mammal,fur,chop,tasty,food,cute
119176,28.0,12,subtract,addition,takeaway,maths,equation,school,education,simple,numbers,kids,learning
119176,28.0,13,squirrel,forest,brown,grey,vermin,nuts,teeth,cute,farm,trees,trunk
119176,28.0,14,be,bee,will,can,the,it,,okay,strong,boring,word
12362,21.0,0,intake,ingest,eat,cohort,accept,allow,year,group,digest,uptake,consume
12362,21.0,1,loyal,dog,friend,relationship,trust,moral,romance,connection,respect,faithful,cheating
12362,21.0,2,anchor,boat,ship,weight,still,water,sea,ocean,safe,stop,wait
12362,21.0,3,menthol,mint,chemistry,cigarette,singing,fresh,cold,filter,clean,sneeze,cool
12362,21.0,4,piston,minecraft,slime,pull,push,metal,lever,button,move,pressure,danger
12362,21.0,5,zone,area,location,safe,danger,place,section,theme,separate,segregate,secure
12362,21.0,6,pole,north,south,stripper,magnetic,polish,walking,snow,cold,electricity,long
12362,21.0,7,boss,manager,work,girl,slay,shift,position,power,importance,baby,silly
12362,21.0,8,permission,allow,submission,letter,slip,power,parents,school,trip,signed,request
12362,21.0,9,bless,allow,faith,god,protect,sneeze,priest,church,marriage,kind,wedding
12362,21.0,10,transportation,train,bus,bike,walk,move,car,taxi,subway,underground,tram
12362,21.0,11,mold,black,damp,wet,health,lungs,bedroom,bathroom,water,fungi,mushroom
12362,21.0,12,unit,ounce,inch,meter,litre,measure,section,illness,part,ward,bay
12362,21.0,13,still,stop,roadman,move,go,wind,air,quiet,cloud,cold,now
12362,21.0,14,score,win,lose,point,gain,above,below,board,achieve,one,two
124073,64.0,0,spend,expenditure,given,cash,debit,credit,coins,bought,services,goods,food
124073,64.0,1,vow,promise,oath,honesty,virtue,bond,word,broken,barrier,strength,pledge
124073,64.0,2,camping,sitting,waiting,tent,caravan,discomfort,struggle,nature,field,wet,waterlogged
124073,64.0,3,pickles,vinegar,preserve,acidity,mixture,gherkin,radish,onion,confused,kitchen,winter
124073,64.0,4,procedure,process,order,form,rules,restrictions,safety,comfort,service,rigid,turgid
124073,64.0,5,recliner,chair,sofa,leaning,backwards,angled,resting,relaxing,supportive,doze,repose
124073,64.0,6,obey,order,command,instruct,direct,impose,law,chaos,dictate,force,rules
124073,64.0,7,blind,blank,invisible,eyes,accident,blinkered,unseeing,confused,entrenched,closed,struggle
124073,64.0,8,repeat,again,boring,nostalgia,television,burp,pardon,regular,habit,habitual,routine
124073,64.0,9,marble,orb,sphere,game,collection,stone,smooth,shinny,statue,sculpture,expensive
124073,64.0,10,triangle,equal,geometry,pythagoras,three,instrument,played,structure,pyramid,,points
124073,64.0,11,process,procedure,order,routine,business,instructions,rules,guidance,follow,enforced,oversees
124073,64.0,12,cathedral,tall,tower,worship,church,gargoyles,old,large,granite,nan,christian
124073,64.0,13,messy,unclean,disorder,confused,dirty,random,chaos,free,creative,unkept,hair
124073,64.0,14,thought,ideas,head,brain,creative,philosophy,care,feelings,emotions,human,complex
124198,33.0,0,pad,note,sanitary,lock,gate,text,number,elbow,knee,shin,seat
124198,33.0,1,oar,boat,canoe,rower,rowing,river,lake,pond,outdoors,activities,water
124198,33.0,2,beginner,starter,new,fresh,induction,reception,amateur,rookie,uninitiated,hazing,noob
124198,33.0,3,braces,teeth,mouth,x-ray,dentist,gross,hygiene,brushing,cleaning,straightening,metal
124198,33.0,4,brake,stop,end,terminate,car,pad,,halt,cease,finish,abrupt
124198,33.0,5,retreat,holiday,cabin,hotel,skiing,hut,log,relaxation,vacation,remote,mountains
124198,33.0,6,claims,insurance,accident,injury,incident,argues,counters,,owns,possesses,wants
124198,33.0,7,sap,tree,syrup,bark,wood,rubber,blood,sticky,slow,surgery,process
124198,33.0,8,salesman,trick,conman,door,retail,networking,pyramid,money,profit,art,presentation
124198,33.0,9,radiator,heat,warm,water,boiler,temperature,radiation,drying,white,metal,bleeding
124198,33.0,10,occupation,job,work,labour,employment,salary,wage,promotion,career,prospect,manager
124198,33.0,11,pardon,sorry,what,clemency,commute,excuse,forgive,repeat,again,misheard,missed
124198,33.0,12,stocking,tight,nan,socks,pants,clothes,presents,christmas,pair,woman,cotton
124198,33.0,13,relativity,theory,nuclear,science,physics,chemistry,biology,einstein,university,professor,quantum
124198,33.0,14,buck,dollar,stop,trend,break,horse,donkey,animal,money,,
130137,37.0,0,web,spider,intricate,delicate,fragile,thread,silk,internet,browsing,searching,network
130137,37.0,1,organ,heart,liver,brain,lungs,tissue,donation,body,transplant,kidney,vital
130137,37.0,2,suede,leather,soft,fabric,shoes,texture,brown,material,jacket,smooth,fashion
130137,37.0,3,smog,fog,haze,pollution,air,city,cloud,toxic,industrial,smoke,choking
130137,37.0,4,wall,building,bricks,wallpaper,paint,support,room,divide,concrete,stone,graffiti
130137,37.0,5,mushroom,fungi,toadstool,truffle,forest,earth,nature,stalk,button,food,soup
130137,37.0,6,chapel,church,cathedral,prayer,alter,worship,pews,religion,faith,wedding,vows
130137,37.0,7,truth,honest,fact,justice,knowledge,proof,evidence,certainty,trust,reality,wisdom
130137,37.0,8,sex,intimacy,pleasure,love,desire,relationship,attraction,affection,passion,orgasm,connection
130137,37.0,9,peace,harmony,calm,unity,love,quiet,hope,tolerance,meditation,serenity,freedom
130137,37.0,10,adult,mature,responsibility,independence,work,grown,experience,knowledge,autonomy,aging,career
130137,37.0,11,vulnerable,fragile,weak,exposed,sensitive,open,fear,susceptible,helpless,lonely,tender
130137,37.0,12,reflection,mirror,image,thought,perspective,insight,mindfulness,contemplation,consideration,awareness,introspection
130137,37.0,13,response,reply,answer,feedback,engagement,communication,correspondence,explanation,acknowledgement,confirmation,statement
130137,37.0,14,live,life,birth,breath,survive,present,pulse,exist,soul,active,reality
134607,43.0,0,thought,think,mind,brain,concentrate,worry,anxiety,myth,ponder,wonder,conclude
134607,43.0,1,process,action,think,access,wonder,gauge,accept,learn,concentrate,thought,ponder
134607,43.0,2,camping,tent,bag,nature,picnic,birds,bears,cold,welly,caravan,site
134607,43.0,3,recliner,chair,leather,brown,furniture,man,dad,comfy,relax,television,lounge
134607,43.0,4,procedure,surgical,exam,serious,doctors,surgeons,medical,route,events,action,direction
134607,43.0,5,spend,money,time,debt,shopping,food,fun,games,dates,bank,cash
134607,43.0,6,obey,honor,strict,yes,parents,teacher,boss,police,law,authority,rules
134607,43.0,7,messy,house,hair,person,car,children,people,footballer,rubbish,tidy,bin
134607,43.0,8,marble,run,pretty,glass,game,spirals,dobbers,school,kids,colours,maze
134607,43.0,9,triangle,three,pyramid,toblerone,shape,puzzle,square,circle,rectangle,oblong,baseball
134607,43.0,10,cathedral,city,cheese,church,priest,history,architecture,tall,trips,prays,hymns
134607,43.0,11,repeat,utter,speak,annoy,understand,confirm,verify,affirm,action,again,practice
134607,43.0,12,pickles,onion,egg,gherkin,burgers,mcdonald,sweet,tangy,green,white,jar
134607,43.0,13,vow,wedding,promise,say,honour,dedicate,oath,respect,trust,declare,love
134607,43.0,14,blind,dog,sight,eye,man,woman,stick,senses,hazy,labrador,disability
137395,54.0,0,score,win,test,flirt,goal,sport,team,happy,excited,applause,cheering
137395,54.0,1,intake,breath,number,applications,amount,earnings,money,cash,deep,inhale,strong
137395,54.0,2,anchor,sea,boat,safe,harbour,heavy,metal,lead,ship,fishing,ocean
137395,54.0,3,loyal,love,dog,partner,friend,trust,respect,true,always,favourite,reliable
137395,54.0,4,permission,granted,allow,age,official,accept,legal,invited,good,expect,suitable
137395,54.0,5,pole,north,arctic,polar,stick,gym,competition,lead,pipe,straight,metal
137395,54.0,6,mold,jelly,fungus,cheese,baking,clay,art,form,change,shape,plastic
137395,54.0,7,unit,number,measurement,maths,sum,furniture,single,item,bookcase,square,form
137395,54.0,8,still,sparkling,water,sea,always,silent,standing,stop,peaceful,dead,forest
137395,54.0,9,piston,gun,engine,metal,fire,train,engineering,war,movement,physics,car
137395,54.0,10,menthol,mint,cold,flu,congestion,herbal,strong,decongestant,sweets,medicine,calm
137395,54.0,11,transportation,vehicles,journey,train,car,airport,station,airplane,tickets,money,holiday
137395,54.0,12,bless,god,sweet,child,church,baby,sneeze,bible,prayer,hymn,love
137395,54.0,13,boss,teacher,manager,angry,annoying,bully,company,business,interfere,organised,profit
137395,54.0,14,zone,parking,streets,police,lines,car,airport,safe,danger,area,denied
137400,25.0,0,stand,upright,upwards,mirror,forward,night,band,jammed,table,legs,down
137400,25.0,1,means,median,end,description,jeans,will,intention,english,unkind,synonym,words
137400,25.0,2,oak,tree,table,wood,birch,brown,ancient,mahogany,furniture,leaves,desk
137400,25.0,3,scapegoat,goat,excuse,blame,animal,escape,wrong,field,unkind,graze,horns
137400,25.0,4,rodeo,first,bull,horse,cowboy,boots,spurs,tradition,danger,adrenalin,arena
137400,25.0,5,bark,tree,dog,oak,tough,loud,bite,dark,worse,stuck,chocolate
137400,25.0,6,sales,lettings,estate,sold,agent,marketing,money,exchange,skilled,smooth,talking
137400,25.0,7,modest,kind,moderate,good,bashful,shy,small,unselfish,humble,simple,amount
137400,25.0,8,canvass,amass,art,canvas,paintbrush,carcass,large,take,white,following,bassinet
137400,25.0,9,acknowledge,knowing,accept,praise,refer,book,title,award,awareness,contents,bibliography
137400,25.0,10,zoo,animals,cage,rescue,circus,entertainment,children,activity,weekend,cruel,saviour
137400,25.0,11,mosquito,blood,incessant,irritating,insect,malaria,pain,long,crimson,scare,drain
137400,25.0,12,chapter,book,page,letter,ending,charter,begin,school,life,reading,publishing
137400,25.0,13,ribs,skeleton,bones,emaciated,body,skeletal,protruding,joints,nerves,steak,barbecue
137400,25.0,14,switch,light,on,electricity,power,witch,decrease,change,game,control,bulb
138393,54.0,0,meter,distance,ruler,parameter,metric,kilometre,metre,measurement,short,music,race
138393,54.0,1,boiled,water,eggs,cook,bubbles,steam,vegetables,saucepan,hob,hot,point
138393,54.0,2,toil,work,arduous,hard,backbreaking,effort,physical,difficult,strenuous,labour,manual
138393,54.0,3,sometimes,occasionally,periodically,infrequently,spasmodically,irregularly,when,infrequent,intermittently,sporadic,rarely
138393,54.0,4,checking,inspecting,registering,looking,booking,detail,facts,minutiae,sorting,everything,contents
138393,54.0,5,under,beneath,below,topped,ground,carriage,neath,belly,deep,served,written
138393,54.0,6,atmosphere,air,space,tension,mood,political,earth,rocket,planet,gaseous,ozone
138393,54.0,7,mussel,bivalve,shellfish,sea,line,diver,black,barnacles,beard,wine,garlic
138393,54.0,8,soak,wash,water,drunk,laundry,pre,immerse,hydrate,clean,cycle,bath
138393,54.0,9,inflation,money,increase,cost,balloon,finance,air,economy,national,inflate,fill
138393,54.0,10,twice,two,thrice,once,second,turns,number,attempted,achieved,lady,twine
138393,54.0,11,perish,die,fail,rubber,survive,crumble,collapse,succumb,suffer,death,broke
138393,54.0,12,oath,promise,vow,swear,constant,bound,allegiance,follow,support,fight,honour
138393,54.0,13,safari,trip,savannah,lion,plains,elephant,jeep,giraffe,africa,wildlife,binoculars
138393,54.0,14,pale,light,shade,white,insignificance,dark,pink,blue,colour,,skin
142865,36.0,0,shoulder,knees,toes,head,eyes,ears,mouth,nose,top,blade,lean
142865,36.0,1,spider,web,bite,egg,fear,phobia,legs,eyes,man,fly,house
142865,36.0,2,repair,man,job,work,tool,hammer,dentist,builder,fence,car,broken
142865,36.0,3,tomato,lettuce,cabbage,soup,bacon,sauce,paste,burger,fries,onion,pickles
142865,36.0,4,cinema,movie,popcorn,hot-dog,soda,friends,date,ice-cream,sweets,candyfloss,nachos
142865,36.0,5,chorus,song,music,theatre,play,bridge,verse,band,lyrics,choir,orchestra
142865,36.0,6,amaze,wonderful,awe,awesome,surprise,love,excited,overwhelm,wonder,astonished,besotted
142865,36.0,7,rectangle,square,triangle,octagon,circle,pentagon,oblong,hexagon,shapes,box,angles
142865,36.0,8,wreck,ship,car,train,plane,emotional,mess,destroyed,broken,unfixable,sad
142865,36.0,9,wish,star,pray,magic,genie,want,long,christmas,birthday,believe,crave
142865,36.0,10,riddle,batman,puzzle,brain,tease,confuse,work,science,question,phrase,ingenuity
142865,36.0,11,publication,books,author,work,issue,hardback,volume,journal,music,magazine,blog
142865,36.0,12,past,present,future,forgotten,left,sad,mistake,relationship,friends,tense,religion
142865,36.0,13,infection,antibiotics,disease,quarantine,doctor,hospital,vaccine,ear,throat,bacteria,tooth
142865,36.0,14,believe,dream,want,wish,crave,need,faith,attitude,truth,honest,value
143298,36.0,0,why,question,how,what,ask,enquire,explain,elaborate,expand,tell,describe
143298,36.0,1,shove,push,aggressive,angry,cross,abusive,fury,fight,shame,disorder,quarrel
143298,36.0,2,vote,power,ballot,leader,win,lose,cross,tick,box,polling,victory
143298,36.0,3,record,cd,vinyl,music,transcribe,audio,document,listen,write,tape,happy
143298,36.0,4,say,tell,talk,shout,explain,loud,conversation,mouth,angry,sad,happy
143298,36.0,5,regret,sorry,sorrow,embarrassed,fear,anxiety,no,scared,arch,bad,idiot
143298,36.0,6,slay,cut,knife,blade,blood,hurt,injured,dead,ouch,bad,scary
143298,36.0,7,scrap,dump,car,metal,leftovers,dog,fight,recycle,rubbish,hurt,blood
143298,36.0,8,zest,life,energy,lime,flavour,fever,lemon,recipe,passion,dance,music
143298,36.0,9,sling,shot,baby,mother,stone,david,goliath,catapult,arm,broken,fire
143298,36.0,10,mammal,bear,dog,human,blood,cat,gorilla,ape,monkey,panda,goat
143298,36.0,11,caffeine,coffee,tea,cup,coke,buzz,shake,jitter,stress,energy,anxiety
143298,36.0,12,legend,leader,character,nice,history,statue,best,dominant,impactful,example,story
143298,36.0,13,lightheaded,faint,food,blood,fall,collapse,buzz,anxious,eat,dehydrated,weak
143298,36.0,14,mechanical,car,system,wheel,vehicle,pulley,garage,van,wrench,gauge,oil
143565,38.0,0,snot,nose,cold,ill,sleeve,tissue,poorly,mortal,death,taste,lick
143565,38.0,1,left,best,marx,right,politics,leader,ruler,parliament,rebel,riot,jail
143565,38.0,2,squirrel,tree,nut,run,jump,cat,dog,zoo,leaf,eat,nosh
143565,38.0,3,choir,sing,song,church,group,fun,social,cathedral,hits,tunes,band
143565,38.0,4,pouch,pocket,kangaroo,storage,slot,slide,slip,joey,hop,purse,wallet
143565,38.0,5,serpent,lizard,snake,liar,viper,cobra,sea,rocks,adder,tail,eggs
143565,38.0,6,loaf,bread,malt,sliced,taste,money,cheddar,field,plow,work,long
143565,38.0,7,lamb,sheep,cute,lost,taste,kebab,roast,drool,field,slaughter,cry
143565,38.0,8,shrimp,prawn,pasta,plate,,italy,mini,midget,small,taste,food
143565,38.0,9,circus,clown,bear,beard,music,dance,kids,travel,fear,spooky,fright
143565,38.0,10,subtract,minus,take,steal,remove,numbers,maths,sum,lower,theft,mathematics
143565,38.0,11,little,small,syd,tiny,boy,girl,family,lost,money,stones,pebbles
143565,38.0,12,turkey,christmas,vote,meat,gobble,neck,stomp,teeth,hair,travel,city
143565,38.0,13,be,to,or,not,shakespeare,play,script,bee,movie,line,speak
143565,38.0,14,vodka,drink,booze,coke,beer,,fun,swear,yellow,urine,smell
145932,53.0,0,peaceful,quiet,still,calm,content,unperturbed,harmony,tranquil,chilled,dreamy,satisfied
145932,53.0,1,attire,clothing,dressed,style,stylish,cool,snappy,clothed,suited,tailored,trendy
145932,53.0,2,not,unable,cannot,absent,gone,refused,unavailable,declined,wrong,no,missing
145932,53.0,3,joke,laugh,comedy,funny,humorous,humour,comedian,giggle,chuckle,entertainer,rib
145932,53.0,4,bird,wing,fly,beak,feather,claw,whoosh,airborne,swoop,glide,song
145932,53.0,5,nasty,unpleasant,rancid,bad,off,gross,gruesome,disgusting,stench,putrid,vile
145932,53.0,6,snake,wriggle,glide,belly,sneak,hiss,apple,fall,tongue,gleam,cold
145932,53.0,7,oatmeal,porridge,healthy,breakfast,filling,hot,tasty,stodgy,full,nutrition,scottish
145932,53.0,8,loose,flap,unsafe,knot,belt,hair,vague,tie,approximate,unsecure,movement
145932,53.0,9,opening,door,ajar,secret,gate,vacant,opportunity,job,gap,unguarded,chance
145932,53.0,10,beverage,thirst,drink,parched,beer,quaff,liquid,quench,gulp,partake,thirsty
145932,53.0,11,year,time,months,passage,aging,birthday,calendar,tax,mortality,celebrate,schedule
145932,53.0,12,sunrise,morning,light,east,horizon,red,orange,birdsong,awe,majestic,creation
145932,53.0,13,right,entitlement,correct,political,lawyer,lawful,knowledge,stubborn,wrong,okay,ought
145932,53.0,14,back,return,spine,aching,stretch,arch,strong,lift,rear,again,agree
150783,41.0,0,squirrel,animal,mammal,red,grey,bushy,fast,small,rat,tree,forest
150783,41.0,1,be,verb,do,am,become,because,to,aware,happy,active,lovely
150783,41.0,2,turkey,christmas,bird,greece,red,gobble,muslim,massive,dry,stuffing,sandwich
150783,41.0,3,lamb,braid,food,sheep,mint,spring,fields,farm,dog,young,wool
150783,41.0,4,loaf,bread,malt,meat,cat,flour,bakery,butter,margarine,spread,knife
150783,41.0,5,serpent,snake,potter,green,scary,charmer,slither,long,scaly,harry,slithering
150783,41.0,6,snot,flu,cold,nose,ill,bunged,green,yellow,phlegm,tissue,sneeze
150783,41.0,7,shrimp,lobster,prawn,tiger,nan,ocean,fisherman,cocktail,sauce,small,pink
150783,41.0,8,left,right,up,down,behind,lost,side,hand,foot,finger,arm
150783,41.0,9,vodka,rum,cocktail,coke,lemonade,alcohol,russia,water,strong,gin,flavoured
150783,41.0,10,pouch,magic,kangaroo,intestines,bag,joey,ouch,purse,drawstring,velvet,denim
150783,41.0,11,circus,elephant,nan,mallet,acrobat,strongman,clown,tent,crowd,laughter,boring
150783,41.0,12,subtract,minus,take,deduct,addition,maths,away,calculator,reduce,lessen,small
150783,41.0,13,little,small,dog,lamb,cat,minute,tiny,mouse,stuart,short,tall
150783,41.0,14,choir,sing,song,people,crowd,long,church,wives,wine,boring,tune
1527,72.0,0,allergy,antibiotics,illness,wasps,insects,nan,penicillin,antihistamine,eggs,swelling,sneeze
1527,72.0,1,achievement,proud,goals,progress,exams,cup,rosette,trying,tremendous,struggle,winner
1527,72.0,2,racket,noise,clamour,shouting,pandemonium,chaos,fiddle,con,scam,money,trick
1527,72.0,3,addition,extra,plus,maths,sum,more,plenty,subtraction,cumulative,division,multiplication
1527,72.0,4,squeal,shout,brakes,noise,pain,mouse,high,joy,laughter,oil,cry
1527,72.0,5,builder,house,bob,bricks,ladders,dungarees,bum,architect,construction,cement,roof
1527,72.0,6,onion,vegetable,soup,root,carrot,garlic,stew,soil,spring,red,bulb
1527,72.0,7,bulletin,noticeboard,reminder,recent,news,latest,information,paper,notice,management,warning
1527,72.0,8,clamp,wheels,down,fine,metal,vice,tight,strong,grip,tool,hold
1527,72.0,9,psychology,mind,freud,skinner,behaviour,social,study,emotions,genetics,animal,human
1527,72.0,10,neighbor,next,by,beside,house,good,live,samaritan,television,australian,soap
1527,72.0,11,appliance,kitchen,gadget,oven,dryer,washing,machine,kettle,microwave,help,white
1527,72.0,12,briefcase,papers,leather,sandwiches,buckle,lock,brown,strap,compartments,work,office
1527,72.0,13,blackboard,teacher,chalk,dust,writing,surface,easel,class,rubber,school,old
1527,72.0,14,sway,waver,rock,faint,sea,dance,side,dizzy,unwell,collapse,floor
162749,51.0,0,roll,bacon,hill,bap,sushi,gambol,push,cigarette,sausage,fall,round
162749,51.0,1,thumb,finger,digit,up,hand,okay,hike,emoji,happy,nail,foot
162749,51.0,2,punch,hit,box,hurt,sad,bowl,judy,smack,fight,upset,cry
162749,51.0,3,outline,line,pen,pencil,chalk,summary,short,story,trace,tell,speak
162749,51.0,4,talent,actor,actress,clever,artist,clown,singer,lawyer,solicitor,accountant,doctor
162749,51.0,5,kettle,boil,cup,saucer,tea,coffee,chocolate,horlicks,ovaltine,water,soup
162749,51.0,6,active,run,move,speed,fast,winner,gym,exercise,pilates,zumba,box
162749,51.0,7,uncooked,raw,naked,bare,plain,fresh,natural,,clean,open,frozen
162749,51.0,8,nylons,tights,stockings,fishnets,legs,warmth,sexy,dress,plain,black,winter
162749,51.0,9,noose,rope,hang,sad,death,witch,pagan,christian,roman,suicide,reaper
162749,51.0,10,winding,turn,wind,air,toy,laugh,wool,spin,around,circle,gesture
162749,51.0,11,private,secret,hide,shy,coy,club,unopened,keep,diary,book,read
162749,51.0,12,wide,open,large,big,water,sea,long,tall,lanky,fat,
162749,51.0,13,worm,wiggle,ground,bird,sun,mud,split,robin,tape,book,blind
162749,51.0,14,trailer,caravan,truck,car,travel,holiday,move,home,behind,luggage,advert
165440,27.0,0,trailer,park,movie,game,tractor,slow,lorry,transport,walking,path,product
165440,27.0,1,roll,dodge,skate,call,bank,move,progress,dice,number,range,ball
165440,27.0,2,active,activity,sport,fitness,health,current,button,switch,live,on,lever
165440,27.0,3,talent,show,contest,competitiveness,ability,workforce,impressive,showmanship,meritocracy,value,contribution
165440,27.0,4,noose,hang,piracy,medieval,execution,gallows,guillotine,criminal,vigilante,sentenced,saddam
165440,27.0,5,uncooked,raw,chicken,meat,illness,poisoning,cold,dangerous,storage,cooking,contamination
165440,27.0,6,worm,underground,slimy,raining,outdoors,grass,fertiliser,birds,insects,woodlands,wildlife
165440,27.0,7,outline,silhouette,describe,policy,explain,sketch,rough,concept,notes,simple,writing
165440,27.0,8,nylons,tights,nan,clothing,shopping,ripped,black,dress,cold,smooth,feet
165440,27.0,9,kettle,boiling,brew,burns,water,steaming,coffee,limescale,protest,bell,bubbling
165440,27.0,10,thumb,drive,war,up,hitchhiker,fingers,broken,nails,grip,ugly,dexterity
165440,27.0,11,winding,pier,path,trail,fishing,roads,annoying,lost,outside,meandering,incoherent
165440,27.0,12,private,eye,confidential,secret,investigator,rank,company,road,letters,information,conversation
165440,27.0,13,punch,up,judy,knockout,defense,boxing,joke,drink,abuse,swing,smash
165440,27.0,14,wide,load,fat,belligerent,range,wingspan,array,variety,lost,landscape,dense
167236,41.0,0,soil,earth,worm,plants,flowers,moist,compost,snail,brown,dark,mucky
167236,41.0,1,savior,saint,rescue,hero,help,helper,mission,assist,assistance,aid,rescuer
167236,41.0,2,meteor,crator,space,alien,destructive,galaxy,comet,rocks,flying,atmosphere,dark
167236,41.0,3,balcony,outside,edge,garden,air,open,door,bench,washing,space,flat
167236,41.0,4,stick,thin,tree,wood,long,narrow,lollipop,glue,rubber,nan,adhesive
167236,41.0,5,shears,scissors,cut,blunt,foliage,plants,gardening,tools,knife,trim,tidy
167236,41.0,6,time,clock,fast,slow,speed,tick,tock,now,later,here,then
167236,41.0,7,sober,alcohol,alcoholic,pioneer,drink,dull,water,control,sombre,anonymous,alert
167236,41.0,8,attach,stick,put,create,add,include,join,hug,duo,two,badge
167236,41.0,9,tease,flirt,glimmer,entice,strip,porn,flirtatious,hope,desire,want,sexy
167236,41.0,10,tribute,honour,for,gift,keepsake,bonus,act,statement,respect,band,music
167236,41.0,11,survive,succeed,alive,win,life,live,thrive,age,conquer,overcome,battle
167236,41.0,12,journal,diary,book,magazine,entry,personal,newspaper,pen,jot,secret,private
167236,41.0,13,technician,specialist,technical,informed,advisor,engineer,teacher,job,lab,skilled,skill
167236,41.0,14,trombone,instrument,blow,trumpet,loud,band,music,startle,jolly,musical,musician
16865,48.0,0,transportation,car,bus,vehicle,driving,train,minibus,coach,passengers,driver,pilot
16865,48.0,1,loyal,honest,loving,reliable,committed,dedicated,companion,relationship,family,genuine,cohesive
16865,48.0,2,still,water,remaining,remains,same,brewing,unmoving,motionless,silent,always,ever-present
16865,48.0,3,boss,manager,hierarchy,director,supervisor,direct,managerial,chief,gaffer,game,instruct
16865,48.0,4,menthol,mint,eucalyptus,lozenge,vaping,cigarette,cold,medicine,flu,aniseed,flavour
16865,48.0,5,pole,north,south,polish,totem,dancing,ions,polarity,negative,positive,opposite
16865,48.0,6,intake,inlet,admissions,water,valve,breathe,children,school,employment,university,course
16865,48.0,7,piston,engine,mechanics,engineer,metal,aeroplane,rings,diesel,fuel,car,motor
16865,48.0,8,permission,allow,permit,enable,let,facilitate,derestrict,legal,policy,clearance,teacher
16865,48.0,9,zone,airway,area,location,restricted,atmosphere,,neighbourhood,london,emissions,traffic
16865,48.0,10,score,points,total,mark,exam,test,percentage,win,knife,paper,music
16865,48.0,11,unit,measurement,ounce,kg,weight,length,height,metres,wardrobe,cabinet,warehouse
16865,48.0,12,mold,fungus,green,black,dangerous,unhealthy,mushrooms,spores,damp,showers,windows
16865,48.0,13,bless,baptise,religion,baby,sneeze,house,dying,funeral,wedding,saying,controversy
16865,48.0,14,anchor,ship,metal,heavy,sea,water,hold,weight,still,waves,immobile
171120,58.0,0,publication,book,magazine,paper,picture,journalist,reading,color,interest,newspaper,words
171120,58.0,1,wreck,ship,tried,untidy,ruined,underwater,diving,fish,old,fascinating,cost
171120,58.0,2,amaze,startle,shock,please,achieve,complete,solve,surprise,incredulous,completed,finish
171120,58.0,3,tomato,fruit,red,sauce,leaves,stalk,grow,ketchup,sandwich,heritage,yellow
171120,58.0,4,past,ago,far,time,clock,history,gone,forgotten,overtake,missed,ancient
171120,58.0,5,repair,fix,mend,broken,relationship,brake,car,puncture,fuse,wire,reinstate
171120,58.0,6,infection,illness,germ,inoculation,cold,flu,contagion,health,people,groups,well
171120,58.0,7,shoulder,joint,ball,socket,body,arm,neck,pipe,solder,swing,break
171120,58.0,8,spider,legs,eight,black,hairy,colorful,deadly,big,poisonous,warning,austral
171120,58.0,9,rectangle,shape,four,equally,long,box,lid,store,colour,angle,degree
171120,58.0,10,riddle,pun,puzzle,difficult,funny,hard,joke,test,run,comedy,act
171120,58.0,11,believe,true,feelings,lie,agree,disagree,encourage,love,feeling,objectivity,strength
171120,58.0,12,wish,hope,long,pine,want,get,work,imagine,agree,well,penny
171120,58.0,13,cinema,picture,movie,sound,popcorn,hot-dog,feature,star,film,reel,oscar
171120,58.0,14,chorus,birds,singers,songs,dawn,choir,lots,joined,delight,enjoy,sing
17298,64.0,0,addition,mathematics,sum,total,count,extension,addendum,appendix,increase,extra,plus
17298,64.0,1,squeal,whine,noise,scream,friction,brakes,pulley,child,animal,exclamation,irritating
17298,64.0,2,neighbor,local,adjacent,next,close,person,good,bad,community,boundary,kind
17298,64.0,3,bulletin,news,update,press,media,announcement,explanation,snippet,headline,presentation,short
17298,64.0,4,psychology,wellness,mental,psychiatry,nature,brain,personality,illness,medic,coach,mindfulness
17298,64.0,5,clamp,bracket,vice,bolt,press,hold,grip,tool,pipe,over-centre,strong
17298,64.0,6,racket,noise,mob,hooligans,consortium,din,chattering,shouting,loud,decibels,avoid
17298,64.0,7,builder,bob,house,home,jobbing,general,model,constructor,dirty,experienced,roofer
17298,64.0,8,blackboard,school,chalk,whiteboard,electronic,paint,display,cleaner,rubber,lessons,advertisement
17298,64.0,9,allergy,nan,avoid,pollen,foods,airborne,topical,treatment,skin,asthma,reaction
17298,64.0,10,achievement,pride,win,award,promotion,glow,happiness,major,completion,surmounted,climbed
17298,64.0,11,onion,layers,vegetable,grown,brown,cooking,pickled,tears,pelling,chopped,soup
17298,64.0,12,sway,rock,back,hampshire,swing,fro,wobble,drunk,breeze,list,roll
17298,64.0,13,briefcase,carrier,files,papers,pens,folders,business,man,lawyer,locks,handle
17298,64.0,14,appliance,dishwasher,drier,medical,prosthetic,aid,electronic,science,kitchen,white,repair
178690,31.0,0,right,left,good,up,down,moral,correct,tick,hand,tight,wing
178690,31.0,1,attire,dress,tuxedo,fancy,bow-tie,clothed,formal,establishment,ball,wedding,kilt
178690,31.0,2,year,new,age,birthday,yesteryear,time,month,century,decade,date,first
178690,31.0,3,snake,venom,slither,fangs,scales,squeeze,wrap,jungle,toilet,tongue,eyelids
178690,31.0,4,not,no,rejection,knot,wrong,going,decline,surprise,sarcasm,only,nothing
178690,31.0,5,nasty,cruel,disgusting,gross,rubbish,vile,naughty,sexy,bacteria,mould,gag
178690,31.0,6,sunrise,sun,sunset,hill,ocean,day,time,morning,alarm,awake,warmth
178690,31.0,7,peaceful,war,calm,tranquil,glade,river,quiet,time,slow,dove,rest
178690,31.0,8,beverage,beer,drink,condensation,relief,cold,refreshing,fizzy,food,meal,selection
178690,31.0,9,opening,door,weakness,forward,crack,defense,beginning,jar,action,weekend,film
178690,31.0,10,back,scratcher,breaker,behind,space,black,past,down,up,wards,broken
178690,31.0,11,joke,laugh,funny,comedy,comedian,just,racist,cards,stand,book,punchline
178690,31.0,12,loose,fit,escape,lips,feel,let,foot,goose,broken,bag,belt
178690,31.0,13,oatmeal,porridge,scotland,nutrition,flakes,crumble,old,history,filling,horse,box
178690,31.0,14,bird,word,wings,feathers,parrot,flip,beak,worms,chicks,nest,eggs
180268,45.0,0,best,good,achievement,trying,helping,price,happy,confident,,helpful,positive
180268,45.0,1,rifle,bad,guns,war,battle,conflict,history,nasty,evil,defending,help
180268,45.0,2,pet,dog,cat,love,happy,protectors,,soft,fur,luff,zoo
180268,45.0,3,trousers,pants,comfort,clothes,lucky,warmth,fashion,legs,suit,smart,cost
180268,45.0,4,wet,help,swimming,sad,rain,dry,cold,freezing,water,splash,winter
180268,45.0,5,anxious,worry,sadness,panic,fear,help,afraid,nervous,shaking,trembling,scared
180268,45.0,6,aunt,sister,friend,help,love,memories,,happy,family,relation,blood
180268,45.0,7,laugh,fun,happy,proud,joy,child,brother,friends,summer,beach,stars
180268,45.0,8,terrible,bad,sadness,memory,mess,untidy,panic,illness,worry,stress,anxious
180268,45.0,9,potato,tasty,jacket,chips,crisps,mash,food,dinner,lucky,irish,boats
180268,45.0,10,skinny,thin,food,cake,sweets,nourish,books,weight,eat,health,slim
180268,45.0,11,want,need,have,like,present,love,urge,friendship,comfort,happy,sun
180268,45.0,12,stuff,rubbish,gathering,mould,dirty,full,tat,skip,nan,recycle,sell
180268,45.0,13,silly,son,family,dog,pet,cat,animals,memory,people,daft,happy
180268,45.0,14,toilet,need,body,bathroom,wc,loo,lavatory,bog,bath,towel,clean
189694,59.0,0,stand,hand,upright,vertical,feet,straight,football,tolerate,sit,walk,wander
189694,59.0,1,bark,tree,cork,rough,dog,puppy,leaves,brown,silver,bush,cinnamon
189694,59.0,2,sales,representative,january,seasonal,sold,bargain,price,pressure,assistant,shop,store
189694,59.0,3,scapegoat,problem,blame,excuse,human,blaming,charge,boss,outlier,outsider,foolish
189694,59.0,4,switch,on,off,electrical,change,alter,whip,strap,branch,press,light
189694,59.0,5,acknowledge,accept,notice,praise,tell,,ignore,check,state,define,see
189694,59.0,6,rodeo,horse,show,pony,ride,jockey,fall,audience,crowd,circle,noise
189694,59.0,7,zoo,animal,cage,ticket,lion,zebra,bus,monkey,elephant,tiger,toy
189694,59.0,8,ribs,barbecue,adam,chinese,bone,meat,tasty,fatty,chest,cartridge,lungs
189694,59.0,9,oak,tree,axon,timber,wood,leaves,forest,copse,grow,old,ancient
189694,59.0,10,mosquito,pest,fly,malaria,buzz,bite,ouch,small,africa,sahara,sickness
189694,59.0,11,means,well-being,money,affluence,wealth,testing,welfare,benefits,interpreter,explore,nasty
189694,59.0,12,modest,demure,shy,conservative,reserved,unassuming,limited,small,traditional,humble,moderate
189694,59.0,13,chapter,section,division,part,book,segment,tome,pages,phase,stage,episode
189694,59.0,14,canvass,painting,art,drawing,material,frame,blank,corse,block,tarp,tent
196896,68.0,0,oar,paddle,boat,wooden,sculling,race,punt,canoe,kayak,varnished,striped
196896,68.0,1,sap,tree,oak,elm,rubber,bark,wood,resin,amber,rings,drip
196896,68.0,2,salesman,workforce,commission,products,pushy,aggressive,needy,man,woman,talkative,car
196896,68.0,3,radiator,white,metal,warm,hot,cold,temperature,room,comfortable,dry,pleasant
196896,68.0,4,pardon,biden,president,criminal,fraud,murderer,theft,burglar,sorry,beg,reprieve
196896,68.0,5,stocking,filler,red,christmas,presents,silk,denier,thick,woollen,net,replenishing
196896,68.0,6,retreat,withdraw,peaceful,cabin,woods,lake,healthy,mindful,contemplation,relax,yoga
196896,68.0,7,beginner,new,inexperienced,starter,office,work,trial,learning,training,simple,easy
196896,68.0,8,occupation,job,work,banker,police,accountant,fireman,nurse,doctor,busy,soldier
196896,68.0,9,relativity,theory,relationship,mass,velocity,acceleration,science,physics,particle,atomic,nuclear
196896,68.0,10,braces,elastic,trousers,wooden,steel,iron,mining,teeth,girl,boy,food
196896,68.0,11,claims,insurance,asserts,demands,suggests,compensation,denys,money,prize,expects,honest
196896,68.0,12,pad,flat,accommodation,tablet,paper,lined,unlined,pencil,pen,ink,foot
196896,68.0,13,brake,car,slow,stop,accident,damage,pad,disc,drum,cake,take
196896,68.0,14,buck,dollar,responsibility,blame,duck,luck,muck,uncle,puck,ruck,suck
19770,41.0,0,snake,reptile,slither,scales,fork,crawl,rattle,silent,deadly,venom,animal
19770,41.0,1,oatmeal,grain,food,healthy,porridge,plant,farming,fields,breakfast,filling,balanced
19770,41.0,2,opening,entrance,doorway,file,cave,cut,package,hole,crack,window,slab
19770,41.0,3,sunrise,dawn,light,orange,yellow,rays,brightness,fireball,morning,start,beginning
19770,41.0,4,beverage,drink,alcohol,cider,lager,glass,beer,pint,fizzy,bubbles,pub
19770,41.0,5,nasty,vile,criminal,hateful,disgusting,putrid,gross,rubbish,sick,refuse,despicable
19770,41.0,6,joke,funny,clown,laughter,fun,crass,humour,comedian,stage,cracker,witty
19770,41.0,7,right,correct,wrong,roads,handed,footed,left,turn,sure,truth,sided
19770,41.0,8,attire,clothes,suit,pants,dress,function,wedding,ties,shoes,formal,smart
19770,41.0,9,back,reverse,body,strong,spine,vertebrae,stuffed,wings,agreement,retreat,massage
19770,41.0,10,loose,untied,untidy,weak,dangerous,supple,carefree,relaxed,grip,laces,rope
19770,41.0,11,bird,flight,wings,beak,robin,light,hollow,singing,early,perch,nest
19770,41.0,12,year,date,days,months,earth,sun,time,birthday,long,age,annum
19770,41.0,13,not,no,never,incorrect,that,opposite,rarely,all,instead,other,rather
19770,41.0,14,peaceful,dove,tranquil,meadows,countryside,flowers,serene,wildlife,silence,meditation,rural
198272,27.0,0,onion,spring,salad,shrek,lettuce,cheese,meal,food,strong,red,white
198272,27.0,1,blackboard,black,chalk,school,teacher,eraser,squeak,children,pupil,learning,lesson
198272,27.0,2,briefcase,bag,documents,male,work,professional,corporate,luggage,storage,brown,leather
198272,27.0,3,achievement,goal,award,certificate,degree,university,congratulations,clever,hardworking,school,smart
198272,27.0,4,addition,maths,subtraction,multiply,divide,extra,more,surplus,equation,learning,plus
198272,27.0,5,neighbor,nan,friend,home,caring,nice,house,garden,postman,parcels,friendly
198272,27.0,6,squeal,pig,noise,loud,high,squeak,yelp,dog,cat,mouse,rat
198272,27.0,7,psychology,brain,science,mental,nurse,student,understanding,clever,crazy,hospital,university
198272,27.0,8,builder,bob,construction,bricks,project,houses,buildings,tradesman,plumber,electrician,uniform
198272,27.0,9,clamp,hold,grip,peg,vice,squeeze,strong,hair,crocodile,turtle,alligator
198272,27.0,10,bulletin,news,news-board,message,community,store,newspaper,workplace,journalist,notification,announcement
198272,27.0,11,sway,move,change,stumble,fall,affect,movement,influence,swing,rock,persuade
198272,27.0,12,racket,noise,loud,complaint,tennis,game,ball,row,cause,make,negative
198272,27.0,13,appliance,household,microwave,kettle,nan,useful,make,daily,electrical,modern,helpful
198272,27.0,14,allergy,sneeze,allergic,poorly,medicine,tissue,summer,pollen,flowers,animals,nose
199681,36.0,0,tease,mock,joke,laugh,fun,ridicule,harass,taunt,unkind,pull,strip
199681,36.0,1,meteor,rock,space,ice,meteorite,planet,comet,belt,star,astronomy,asteroid
199681,36.0,2,technician,job,science,expert,mechanic,skilled,laboratory,worker,technology,profession,engineer
199681,36.0,3,trombone,music,instrument,trumpet,brass,band,musician,wind,metal,sound,musical
199681,36.0,4,sober,serious,non-alcoholic,non-drinker,dry,teetotal,solemn,quiet,level-headed,sincere,grave
199681,36.0,5,time,clock,minutes,hour,seconds,day,watch,period,era,count,moment
199681,36.0,6,stick,wood,tree,branch,glue,fix,hold,fasten,stay,support,cane
199681,36.0,7,survive,danger,survival,alive,accident,illness,live,endure,remain,cope,life
199681,36.0,8,soil,ground,dirt,mud,flowers,plant,earth,rocks,dust,dig,compost
199681,36.0,9,attach,fasten,fix,hold,love,loyalty,like,glue,join,connect,unite
199681,36.0,10,shears,scissors,gardening,garden,trees,plants,cut,tool,shorten,blade,sharp
199681,36.0,11,savior,jesus,help,rescue,faith,religion,freedom,release,salvation,christ,redeemer
199681,36.0,12,tribute,payment,gold,offering,praise,respect,eulogy,words,love,band,admire
199681,36.0,13,journal,diary,record,writing,personal,newspaper,write,magazine,paper,book,daily
199681,36.0,14,balcony,flat,seating,area,building,apartment,terrace,,theatre,high,air
20575,62.0,0,allergy,illness,weakness,discomfort,scratching,itching,coughing,medicine,sneezing,unwell,caution
20575,62.0,1,briefcase,documents,handle,chain,black,lock,spies,espionage,sandwiches,books,pens
20575,62.0,2,sway,lean,bend,drift,stagger,totter,reel,ship,dizzy,vertigo,falter
20575,62.0,3,racket,noise,din,volume,tennis,squash,badminton,crime,gangster,protection,organisation
20575,62.0,4,addition,plus,extra,another,subtraction,multiplication,division,improvement,child,increase,more
20575,62.0,5,psychology,science,brain,behaviour,psychiatrist,learning,study,doctor,therapy,cure,human
20575,62.0,6,achievement,goal,target,pinnacle,satisfaction,joy,happiness,fulfilment,plus,pressure,stress
20575,62.0,7,clamp,hold,grip,stop,cease,restrict,steady,surgery,woodwork,staple,unmoving
20575,62.0,8,neighbor,noise,disruption,stress,friend,help,discourse,share,borrow,lend,human
20575,62.0,9,bulletin,news,flash,update,learn,shock,sadness,education,radio,television,newsreader
20575,62.0,10,appliance,machine,washing,cooking,fire,television,tender,addition,luxury,technology,help
20575,62.0,11,blackboard,chalk,writing,dust,learning,education,rubber,black,white,picture,school
20575,62.0,12,onion,vegetable,skin,peel,layers,crying,tasty,pungent,curry,steak,fried
20575,62.0,13,builder,construction,housing,contractor,creator,bricks,foreman,extension,bricklayer,carpenter,roofer
20575,62.0,14,squeal,screech,scream,pig,mouse,pain,yell,scared,help,call,cry
209318,35.0,0,little,small,tiny,miniscule,baby,bird,minute,molecule,atom,height,insignificant
209318,35.0,1,circus,clown,animals,acrobat,carnival,balloons,music,show,family,event,fun
209318,35.0,2,choir,songs,group,church,christmas,school,voices,singing,music,words,boy
209318,35.0,3,serpent,sting,snake,hydra,slimy,poison,bite,hiss,eel,fangs,venom
209318,35.0,4,loaf,bread,idle,lazy,loll,loaves,fooling,sandwich,laze,homemade,dough
209318,35.0,5,snot,sneeze,nose,child,cold,ill,unwell,gross,slimy,tissue,sniff
209318,35.0,6,lamb,tasty,animal,field,farm,cook,young,tender,succulent,sheep,wool
209318,35.0,7,turkey,yummy,tasty,christmas,country,dry,gravy,carving,thanksgiving,tradition,funny
209318,35.0,8,left,right,location,turn,map,handed,leave,go,direction,lost,next
209318,35.0,9,be,or,bee,booby,grammar,english,words,dictionary,sentence,spelling,unknown
209318,35.0,10,shrimp,fish,seafood,smell,horrible,ugly,disgusting,ocean,fisherman,catch,sea
209318,35.0,11,pouch,bag,holder,phone,wallet,coins,money,lost,container,handy,useful
209318,35.0,12,subtract,minus,remove,takeaway,math,school,test,grade,nan,answer,difficult
209318,35.0,13,squirrel,animal,red,gray,cute,woodland,nuts,tree,fast,jump,tail
209318,35.0,14,vodka,drink,russia,shots,party,nightclub,alcohol,intoxicated,pure,burns,clear
215026,52.0,0,shoulder,bag,pain,elbow,clavicle,rotator,ache,sleeve,arm,neck,muscle
215026,52.0,1,publication,author,writing,book,magazine,reading,library,education,pages,journal,audio
215026,52.0,2,infection,disease,unclean,infectious,contagion,covid,virus,bacteria,sickness,ill,unwell
215026,52.0,3,spider,scary,legs,fast,hiding,running,bite,flies,web,halloween,dangerous
215026,52.0,4,believe,christmas,faith,bible,religion,passion,compassion,belief,positivity,affirm,thinking
215026,52.0,5,tomato,vegetable,gardening,greenhouse,lunch,salad,sauce,ketchup,relish,red,green
215026,52.0,6,cinema,film,loud,noise,food,popcorn,snoring,people,crowd,darkness,music
215026,52.0,7,rectangle,shape,square,box,angles,four,corners,lid,lunchbox,geometry,maths
215026,52.0,8,chorus,choir,singing,dancing,show,church,together,song,music,angels,cathedral
215026,52.0,9,wreck,ship,nervous,destroy,ball,break,collapse,destruction,messy,ruin,debris
215026,52.0,10,wish,fairy,magical,genie,hope,pray,ask,request,longing,beg,yearning
215026,52.0,11,past,before,prior,previous,gone,over,extinct,dinosaurs,finished,end,complete
215026,52.0,12,amaze,awesome,astound,shock,amazing,dazzle,affect,shepherds,light,impress,wow
215026,52.0,13,repair,mend,patch,fix,better,adjust,replace,restore,transform,,improve
215026,52.0,14,riddle,rhyme,poem,ireland,limerick,mystery,tease,puzzle,dilemma,game,complex
220150,25.0,0,spider,creepy,eight,small,big,hairy,webs,scary,venom,pet,ominous
220150,25.0,1,wish,want,gained,birthday,last,extravagant,present,gifts,make,star,cake
220150,25.0,2,infection,wound,bad,green,yellow,consume,spread,zombies,apocalypse,pus,kill
220150,25.0,3,riddle,puzzle,batman,question,confusion,challenge,ask,annoying,overcome,intense,hard
220150,25.0,4,cinema,movies,fun,popcorn,slushier,expensive,big,entertainment,blockbuster,dying,old
220150,25.0,5,past,old,present,future,before,tense,return,travel,time,nostalgia,younger
220150,25.0,6,wreck,destroy,collapse,break,fall,ralph,broke,pieces,eviscerate,apart,blowup
220150,25.0,7,rectangle,shape,square,box,bed,dimension,four,phone,bus,keyboard,door
220150,25.0,8,amaze,happy,surprised,unexpected,glad,genuine,amazing,maze,good,great,astonished
220150,25.0,9,believe,trust,belief,spiritual,religion,god,gain,acknowledge,true,story,truth
220150,25.0,10,shoulder,bone,joint,injury,meat,food,fracture,break,use,cuff,muscle
220150,25.0,11,repair,fix,broken,hammer,tools,diy,together,time,money,work,effort
220150,25.0,12,chorus,song,group,music,centre,middle,catchy,sing,rap,piano,hook
220150,25.0,13,publication,public,audience,announce,reveal,show,publicize,inform,general,knowledge,distribute
220150,25.0,14,tomato,red,food,vegetable,fruit,eat,salad,ketchup,sauce,small,fresh
226754,33.0,0,response,answer,call,emergency,question,respondent,responsible,receiver,received,interview,media
226754,33.0,1,truth,fake,false,true,conspiracy,truther,fact,factoid,journalist,newspaper,news
226754,33.0,2,sex,intercourse,love,lovemaking,penis,vagina,gender,procreation,procreating,mating,sexy
226754,33.0,3,mushroom,fungi,fairy,woodland,moss,poison,frog,spots,toadstool,hedgehog,forest
226754,33.0,4,chapel,church,marriage,vicar,priest,christianity,christian,religion,sunday,service,community
226754,33.0,5,reflection,mirror,window,glass,reflect,thought,water,river,light,dazzle,glitter
226754,33.0,6,peace,war,dove,poppy,bomb,flower,gun,love,earth,men,soldier
226754,33.0,7,web,spider,internet,website,computer,tech,garden,worldwide,global,caught,captive
226754,33.0,8,wall,brick,cement,berlin,structure,engineering,house,building,border,fence,gate
226754,33.0,9,smog,steam,dark,brooding,black,dust,dirt,storm,smoke,poison,history
226754,33.0,10,suede,leather,shoe,trainers,boots,jacket,lamb,soft,supple,animal,fur
226754,33.0,11,adult,child,man,woman,cinema,age,juvenile,female,male,movie,entertainment
226754,33.0,12,organ,meat,heart,lungs,brain,skin,spine,bladder,kidneys,trade,harvesting
226754,33.0,13,live,die,dead,life,entertainment,gig,venue,radio,television,broadcast,broadcasting
226754,33.0,14,vulnerable,help,aid,homeless,child,baby,teenager,adult,social,service,needy
227217,37.0,0,kettle,tea,coffee,milk,sugar,cup,water,boil,pot,hot,biscuit
227217,37.0,1,nylons,stockings,legs,silk,pantyhose,woman,office,desk,job,tights,socks
227217,37.0,2,private,person,investigator,room,office,party,parts,pictures,account,number,eye
227217,37.0,3,noose,hang,hung,executed,killed,strangle,suicide,death,dead,hanging,dangling
227217,37.0,4,active,exercise,running,activity,games,life,movement,volcano,account,busy,motion
227217,37.0,5,roll,downhill,barrel,fat,jelly,sausage,pork,bread,dole,over,tumble
227217,37.0,6,worm,dirt,mud,invertebrate,slug,garden,soil,burrow,tunnel,sandwich,food
227217,37.0,7,winding,road,path,trail,route,journey,twisting,turning,snaking,beatles,river
227217,37.0,8,uncooked,raw,blood,meat,fresh,natural,undercooked,undone,unprepared,tender,sickness
227217,37.0,9,wide,long,girth,width,big,massive,spread,robust,large,birth,expand
227217,37.0,10,outline,trace,blueprint,drawing,draft,synopsis,framework,layout,rundown,idea,presentation
227217,37.0,11,trailer,park,movie,tape,preview,truck,poverty,pre-show,nan,long,parked
227217,37.0,12,thumb,finger,hitchhike,nail,up,down,under,hand,toes,feet,point
227217,37.0,13,punch,hit,wallop,jab,hook,bash,knockout,boxing,beat,batter,bang
227217,37.0,14,talent,singing,blessed,acting,dancing,skill,ability,practise,gift,show,craft
227585,63.0,0,marble,game,glass,worktop,statue,eye,ice-cream,circle,dream,black,onyx
227585,63.0,1,procedure,method,policy,plan,system,operation,routine,strategy,measure,process,way
227585,63.0,2,cathedral,church,cheese,temple,city,minster,religion,spire,york,winchester,minister
227585,63.0,3,pickles,piccalilli,branston,beetroot,onions,chutney,relish,predicaments,messes,troubles,conserves
227585,63.0,4,thought,idea,notion,belief,recollection,concept,plan,proposal,memory,aim,
227585,63.0,5,triangle,pyramid,shape,toblerone,instrument,metal,percussion,polygon,triad,triple,three
227585,63.0,6,camping,tent,fire,backpack,campfire,caravan,field,forest,torch,portaloo,nature
227585,63.0,7,blind,sightless,curtains,dog,senses,dazzle,stun,austrian,blackout,window,roller
227585,63.0,8,spend,pay,money,cash,disperse,fritter,bank,contrite,donate,credit,debit
227585,63.0,9,messy,dirty,untidy,chaotic,sloppy,littered,slovenly,unkempt,confusing,disorganised,rumpled
227585,63.0,10,recliner,chair,bed,settee,electric,manual,backwards,comfortable,luxurious,laze,sofa
227585,63.0,11,obey,accept,comply,agree,abide,behave,fulfill,observe,adhere,answer,assent
227585,63.0,12,vow,promise,wedding,oath,pledge,swear,declare,plight,vouch,devote,word
227585,63.0,13,process,method,course,routine,system,practice,approach,technique,manner,way,
227585,63.0,14,repeat,echo,again,replay,requote,retell,reissue,reiterate,copy,resay,rerun
230317,38.0,0,oath,marriage,promise,truth,court,consequences,bible,swear,fact,statement,legal
230317,38.0,1,meter,gas,electric,length,distance,centimeter,hundred,height,feet,unit,measuring
230317,38.0,2,pale,ill,unwell,white,colour,water,shade,light,unimpressive,blue,pink
230317,38.0,3,inflation,england,economy,money,balloon,expensive,unfair,wages,salary,poor,struggle
230317,38.0,4,perish,die,food,violent,sudden,vegetables,waste,rotten,decay,mould,expire
230317,38.0,5,toil,work,labour,hard,sweat,constant,physical,hot,emotional,limit,exert
230317,38.0,6,soak,wet,water,enlarge,dry,stain,boiling,soften,cook,drench,saturate
230317,38.0,7,atmosphere,earth,planet,space,unpleasant,nice,welcoming,gas,sky,sun,weird
230317,38.0,8,mussel,sea,fish,food,garlic,shell,alive,bread,creature,cook,boil
230317,38.0,9,sometimes,maybe,often,occasionally,obsolete,treat,occasions,always,never,now,then
230317,38.0,10,under,over,underneath,stuck,sick,unwell,weather,below,directly,water,table
230317,38.0,11,safari,animals,tiger,africa,elephant,wild,natural,truck,beige,chase,giraffe
230317,38.0,12,twice,once,two,thrice,second,double,great,comparison,times,again,more
230317,38.0,13,checking,santa,flights,documents,identity,examine,quality,condition,calendar,dates,accuracy
230317,38.0,14,boiled,cooked,hot,heat,food,water,weather,temperature,red,lobster,soft
25116,40.0,0,snake,skin,oil,charm,desert,eyes,hiss,slither,reptile,venom,bite
25116,40.0,1,opening,eyes,inauguration,door,reveal,window,closing,jar,start,introduction,present
25116,40.0,2,right,left,wrong,righteous,correct,effort,answer,way,mind,hand,decision
25116,40.0,3,back,behind,front,track,support,forward,slip,stroke,step,catalogue,return
25116,40.0,4,nasty,mean,nice,cruel,unkind,unpleasant,rude,comment,remark,joke,spiteful
25116,40.0,5,not,no,negative,welcome,now,enough,necessarily,today,non,likely,nothing
25116,40.0,6,peaceful,calm,rest,ease,grace,quiet,tranquil,serene,nonviolent,loving,dove
25116,40.0,7,loose,knot,slack,untied,lax,free,easy,tight,release,grip,let
25116,40.0,8,bird,free,wing,song,nest,flight,dove,bath,garden,seed,feather
25116,40.0,9,joke,nasty,laugh,funny,cruel,comedy,humour,wit,mock,jester,jest
25116,40.0,10,year,month,birth,time,decade,annual,age,season,day,calendar,diary
25116,40.0,11,attire,clothing,dress,outfit,uniform,formal,wardrobe,nan,appearance,wear,appropriate
25116,40.0,12,sunrise,sunset,dawn,day,east,light,morning,horizon,sky,shine,wake
25116,40.0,13,beverage,drink,alcoholic,nonalcoholic,food,cold,hot,serve,tea,coffee,water
25116,40.0,14,oatmeal,porridge,breakfast,cereal,morning,rolled,grain,overnight,gluten,jumbo,groats
2538,35.0,0,neighbor,pal,friend,close,town,street,home,house,garden,people,help
2538,35.0,1,blackboard,chalk,writing,school,classroom,pupil,children,maths,english,rubber,dust
2538,35.0,2,appliance,toaster,kettle,kitchen,technology,plug,wire,nan,toast,machine,switch
2538,35.0,3,racket,tennis,sport,ball,net,squash,badminton,loud,shuttlecock,skirt,white
2538,35.0,4,addition,sum,plus,maths,divide,minus,equals,times,add,more,numbers
2538,35.0,5,bulletin,blog,email,news,newsletter,publish,press,hot,article,writing,journalism
2538,35.0,6,squeal,scream,noise,help,shout,scared,excited,pig,happy,pitch,annoying
2538,35.0,7,psychology,mind,brain,university,study,psychiatrist,therapy,counselling,help,education,research
2538,35.0,8,sway,persuade,prompt,move,shove,wobble,drunk,swish,swoon,influence,manipulate
2538,35.0,9,onion,vegetable,crying,smell,chop,spring,red,layers,peel,crisps,flavour
2538,35.0,10,clamp,push,clip,grab,stick,stomp,stamp,down,rigid,hold,stay
2538,35.0,11,briefcase,suitcase,business,meeting,suit,papers,nan,stapler,black,leather,office
2538,35.0,12,achievement,success,celebrate,goal,win,happy,accomplished,do,succeed,pass,grade
2538,35.0,13,allergy,annoying,sneeze,cough,eyes,red,itch,hives,antihistamine,histamine,ill
2538,35.0,14,builder,workman,construction,contractor,hardhat,jacket,brick,mortar,concrete,bucket,plans
257293,53.0,0,record,player,vinyl,medal,band,account,document,disc,data,music,evidence
257293,53.0,1,lightheaded,faint,dizzy,woozy,dehydrated,giddy,shaky,drunk,off-balance,vertigo,unsteady
257293,53.0,2,sling,throw,broken,support,catapult,toss,hurl,lob,bandage,injury,fling
257293,53.0,3,mechanical,engineering,car,automatic,drive,machine,mechanic,operate,robotic,thoughtless,physical
257293,53.0,4,caffeine,coffee,tea,coke,decaffeinated,hyperactive,stimulant,wired,cappuccino,latte,drink
257293,53.0,5,mammal,animal,creature,wildlife,aquatic,beast,hairy,feline,primate,carnivore,canine
257293,53.0,6,vote,politics,democracy,suffragette,election,ballot,poll,referendum,opinion,disenfranchise,voice
257293,53.0,7,scrap,dispose,waste,leftovers,metal,garbage,rubbish,bit,offcut,dump,discard
257293,53.0,8,why,question,reason,motive,purpose,argue,justify,aim,meaning,understanding,learn
257293,53.0,9,slay,fierce,kill,violent,murder,execute,fight,battle,stylish,diva,impress
257293,53.0,10,shove,push,argue,rough,angry,thrust,send,forceful,elbow,move,aggressive
257293,53.0,11,regret,sad,emotional,disappointed,unhappy,wrong,failure,loss,sorry,remorse,contrite
257293,53.0,12,legend,star,icon,folklore,notorious,fable,mythology,ancient,historical,celebrity,tale
257293,53.0,13,say,speak,utter,voice,vocal,state,announce,remark,mention,rumour,gossip
257293,53.0,14,zest,citrus,rind,skin,sharp,tart,enthusiastic,eager,passion,keen,flavour
263222,37.0,0,switch,light,birch,kinky,change,alter,springy,switchback,bulb,electricity,circuit
263222,37.0,1,modest,demure,covered,religious,woman,dress,skirt,humble,quiet,soft,feminine
263222,37.0,2,stand,sit,music,bipedal,up,protest,lectern,rest,grandstand,speech,election
263222,37.0,3,acknowledge,accept,receipt,validate,publishing,thanks,declaration,honest,truth,admit,agree
263222,37.0,4,mosquito,bite,malaria,vaccine,pills,dangerous,itchy,annoying,insect,proboscis,travel
263222,37.0,5,means,ends,justify,money,finances,definition,synonymy,semantics,denotation,dictionary,resources
263222,37.0,6,oak,tree,friend,strong,wood,english,forest,acorn,beauty,nature,leaf
263222,37.0,7,bark,tree,rough,dog,sound,autumn,dry,loud,annoying,sap,bough
263222,37.0,8,scapegoat,victim,nan,dishonesty,capitalism,unfairness,injustice,patriarchy,compassion,change,avoidance
263222,37.0,9,ribs,spare,pork,barbecue,chest,adam,lungs,bones,skeleton,delicious,cage
263222,37.0,10,chapter,verse,book,reading,cosy,fiction,literature,pages,escapism,fantasy,group
263222,37.0,11,zoo,animals,enclosures,giraffes,monkeys,tigers,safari,rehabilitation,care,veterinarian,keeper
263222,37.0,12,rodeo,first,bull,fall,danger,america,texas,hat,cowboy,farming,republican
263222,37.0,13,canvass,politics,solicit,votes,support,election,manifesto,party,democracy,backing,campaigning
263222,37.0,14,sales,targets,capitalism,money,consumption,commission,stress,increase,finance,graphs,manipulation
267240,63.0,0,mammal,animal,seal,human,bear,dog,cat,mouse,horse,ape,gorilla
267240,63.0,1,regret,sorry,remorse,apologetic,rueful,unhappy,sadness,ashamed,embarrassed,heartache,lament
267240,63.0,2,record,tape,note,play,reproduce,story,evidence,account,accomplishment,career,review
267240,63.0,3,mechanical,machine,automation,robot,convenience,speed,laborsaving,unfeeling,uncaring,unemotional,helping
267240,63.0,4,zest,fire,spirit,fun-loving,gusto,enthusiasm,appetite,passion,tasty,spicy,salty
267240,63.0,5,slay,kill,execute,murder,exterminate,vanquish,obliterates,massacre,destroy,wipeout,decimate
267240,63.0,6,why,proving,mystery,wherefore,reason,aim,goal,motivation,justification,speculate,infer
267240,63.0,7,scrap,rubbish,spec,fragment,squabble,row,fight,piece,argument,chunk,brawl
267240,63.0,8,legend,myth,fiction,tale,story,hero,famous,infamous,idol,notorious,history
267240,63.0,9,shove,push,knock,barge,poke,nudge,dig,press,move,jostle,elbow
267240,63.0,10,vote,ballot,poll,election,referendum,voice,elect,return,pick,choose,appoint
267240,63.0,11,sling,pitch,suspend,swing,drape,fling,hurl,toss,lob,launch,throw
267240,63.0,12,caffeine,coffee,tea,coke,lift,speed,adrenaline,stimulating,alert,energy,focus
267240,63.0,13,lightheaded,dizzy,giddy,faint,unsteady,wobbly,unstable,woozy,shaky,muzzy,staggering
267240,63.0,14,say,talk,speak,utter,voice,pronounce,state,muse,opine,remark,comment
269970,25.0,0,allergy,food,medicine,advice,health,problem,illness,nuts,penicillin,nan,issue
269970,25.0,1,bulletin,news,important,breaking,bbc,information,article,report,reporter,newspaper,broadcast
269970,25.0,2,appliance,microwave,toaster,kettle,oven,nan,,dryer,electronic,useful,required
269970,25.0,3,clamp,car,security,device,wheel,holding,parking,law,pressure,wrong,
269970,25.0,4,briefcase,suit,business,professional,holder,carrier,smart,premium,lock,leather,handle
269970,25.0,5,sway,move,side,dance,change,different,slide,club,opinion,option,decision
269970,25.0,6,psychology,mind,mental,understanding,neuroscience,human,head,people,behaviour,childhood,trauma
269970,25.0,7,squeal,noise,sound,pain,hurt,quick,sharp,pitched,feminine,surprised,loud
269970,25.0,8,onion,cry,layers,food,diced,sliced,fried,crispy,crunch,skin,cooking
269970,25.0,9,achievement,award,congratulations,winner,degree,sports,medal,trophy,certificate,success,proud
269970,25.0,10,racket,tennis,squash,paddle,sport,handle,equipment,ball,noise,loud,disturbance
269970,25.0,11,builder,construction,hammer,screwdriver,nan,work,job,bob,helmet,ppe,career
269970,25.0,12,blackboard,marker,eraser,magnet,school,work,chalk,gritting,front,information,presentation
269970,25.0,13,neighbor,community,friend,house,estate,similar,shared,next,garden,party,person
269970,25.0,14,addition,plus,maths,subtract,number,conversation,extra,more,higher,add,equation
273407,44.0,0,canvass,survey,talk,politics,politician,election,search,network,effort,public,persuade
273407,44.0,1,means,meaning,words,money,intention,opportunity,understanding,definition,school,afford,buy
273407,44.0,2,sales,stuff,buy,discount,money,waste,excitement,excess,shopping,internet,delivery
273407,44.0,3,rodeo,bull,america,men,danger,risky,competition,outdoors,cruel,daft,scary
273407,44.0,4,ribs,steak,food,eat,messy,serviette,barbecue,delicious,cooking,satisfying,body
273407,44.0,5,stand,surface,sit,up,feet,legs,posture,position,opinion,defiant,band
273407,44.0,6,chapter,book,read,episode,life,verse,talk,yammer,writing,pen,notes
273407,44.0,7,bark,dog,tree,texture,noise,treat,nuts,brown,nuisance,fur,pet
273407,44.0,8,switch,change,light,move,replace,deceit,pull,telephone,trick,board,talk
273407,44.0,9,scapegoat,animal,negative,escape,relief,exit,unfair,nasty,cheat,scare,effort
273407,44.0,10,zoo,animals,feed,children,interesting,fun,furry,cute,cages,trapped,unhappy
273407,44.0,11,oak,tree,wood,veneer,chest,table,quality,big,strong,finish,nature
273407,44.0,12,modest,fair,shy,unassuming,nice,small,average,hidden,secret,impression,away
273407,44.0,13,mosquito,pest,insect,bite,annoying,itch,red,lump,nuisance,hot,abroad
273407,44.0,14,acknowledge,agree,respect,notice,speak,accept,nod,accede,listen,reason,deliberate
274812,24.0,0,stand,by,sit,table,me,raise,stood,stadium,height,tolerate,wait
274812,24.0,1,means,anything,doing,method,way,channel,mode,system,technique,process,path
274812,24.0,2,sales,target,shopping,discount,profit,deal,items,customer,money,amount,revenue
274812,24.0,3,scapegoat,victim,unfair,excuse,accuse,guilt,blame,sacrifice,punishment,fault,target
274812,24.0,4,canvass,painting,drawing,pen,paper,bristle,colour,blank,white,unique,bland
274812,24.0,5,zoo,animals,lion,elephant,zookeeper,aquarium,good,giraffe,tiger,helpful,breeding
274812,24.0,6,bark,dog,tree,wood,table,chainsaw,sound,woof,texture,trunk,tall
274812,24.0,7,mosquito,bad,insect,blood,disease,bite,inject,buzz,fly,small,swarm
274812,24.0,8,modest,humble,nice,shy,quiet,simple,plain,discreet,moderate,understanding,demure
274812,24.0,9,ribs,chest,bones,grilled,meat,smoked,rack,flavour,sause,barbecue,beef
274812,24.0,10,acknowledge,accept,admire,own,agree,response,notice,respond,applaud,declare,grant
274812,24.0,11,oak,tree,wood,strong,forest,roots,timber,leaf,acorn,branches,table
274812,24.0,12,rodeo,horse,cowboy,spectate,gun,mud,bull,western,lasso,rope,arena
274812,24.0,13,chapter,book,next,film,section,part,story,start,end,text,page
274812,24.0,14,switch,nintendo,console,next,back,stance,change,light,power,control,on
278070,44.0,0,stand,hand,fast,coat,bicycle,band,grand,off,vertical,tall,upright
278070,44.0,1,sales,tax,receipt,offer,discount,person,rep,targets,rush,bargain,bonus
278070,44.0,2,mosquito,bite,annoying,buzz,humidity,itch,slap,spray,cream,malaria,net
278070,44.0,3,zoo,london,chester,animal,tiger,gorilla,captive,breeding,conservation,volunteer,human
278070,44.0,4,acknowledge,thank,recognise,tribute,hello,accept,understand,greet,handshake,appreciate,show
278070,44.0,5,oak,tree,table,furniture,barrel,plank,nan,ship,cabin,fire,tall
278070,44.0,6,chapter,book,story,part,beginning,section,new,past,renewal,group,religion
278070,44.0,7,switch,on,off,change,press,nintendo,game,click,light,pull,blade
278070,44.0,8,canvass,garner,collect,election,opinion,collate,interview,tent,cover,spokesperson,program
278070,44.0,9,scapegoat,innocent,victim,unlucky,unfortunate,cruel,poor,cheated,prison,criminal,unfair
278070,44.0,10,rodeo,horse,bull,lasso,ring,america,flag,leather,dusty,country,party
278070,44.0,11,means,money,explanation,assets,knowledge,contacts,description,thesaurus,average,ability,power
278070,44.0,12,modest,subtle,frugal,simple,demure,private,confidential,small,principled,sufficient,plain
278070,44.0,13,ribs,spare,chest,sauce,barbecue,chinese,cage,broken,adam,bible,woman
278070,44.0,14,bark,bite,tree,rough,brown,noise,dog,loud,angry,think,rubbing
27877,50.0,0,claims,insurance,accident,forgery,baggage,expenses,exaggerate,falsify,testify,expectation,policy
27877,50.0,1,buck,trend,fall,unstable,dollar,money,cheap,different,naked,expensive,deal
27877,50.0,2,salesman,confident,brash,deceitful,assertive,overbearing,persistent,company,deal,con,uneasy
27877,50.0,3,sap,plant,growth,drained,energy,flower,nutrient,liquid,resource,extract,messy
27877,50.0,4,beginner,novice,inexperienced,learner,training,new,nervous,excited,journey,job,skill
27877,50.0,5,radiator,warm,heat,boiler,house,winter,warmth,heating,cold,system,maintenance
27877,50.0,6,pad,paper,stationery,pen,pencil,tread,office,desk,paw,work,study
27877,50.0,7,brake,car,decelerate,slow,fast,speed,drive,road,skid,safety,vehicle
27877,50.0,8,occupation,job,employment,work,office,training,career,development,progression,employer,salary
27877,50.0,9,braces,teeth,crooked,straight,trousers,secure,straighten,uneven,treatment,dentist,orthodontist
27877,50.0,10,retreat,rest,relax,yoga,meditation,mindfulness,slow,resist,healthy,well-being,walking
27877,50.0,11,relativity,compare,consider,complex,science,scientific,considered,credible,data,evidence,honest
27877,50.0,12,oar,row,boat,river,water,steer,canoe,kayak,paddle,cox,race
27877,50.0,13,pardon,hearing,deaf,repeat,excuse,exonerated,rude,justice,manners,sorry,apology
27877,50.0,14,stocking,leg,foot,hosiery,sock,cold,warm,christmas,santa,mantelpiece,hang
27956,56.0,0,shoulder,neck,head,arms,elbows,body,lamb,blame,hands,massage,back
27956,56.0,1,repair,fix,better,man,shop,tv,drains,plumber,dishwasher,machine,improve
27956,56.0,2,rectangle,oblong,shape,square,sides,angles,long,triangle,hexagon,circle,pentagon
27956,56.0,3,wreck,broken,ship,car,accident,ill,unwell,unhappy,damaged,,scrap
27956,56.0,4,tomato,salad,sauce,soup,tricolor,paste,pasta,cucumber,lettuce,pizza,sandwich
27956,56.0,5,past,yesterday,history,happened,life,present,future,participle,language,divorce,childhood
27956,56.0,6,amaze,wonder,surprise,excited,impress,happy,child,plan,waiting,anticipation,childhood
27956,56.0,7,believe,think,wonder,view,viewpoint,thoughts,beliefs,opinion,religion,fixed,change
27956,56.0,8,riddle,rhyme,poem,limerick,puzzle,plan,clever,logical,jimmy,newspaper,book
27956,56.0,9,spider,eight,legs,scary,australia,jungle,poison,insect,arachnid,web,spin
27956,56.0,10,cinema,film,movie,theatre,pictures,actors,actresses,plot,popcorn,sweets,preview
27956,56.0,11,wish,want,need,hope,desire,future,plan,well,fairy,aladdin,spell
27956,56.0,12,chorus,group,song,sing,band,instruments,television,theatre,singalong,happy,music
27956,56.0,13,publication,book,magazine,newspaper,story,report,writer,author,journalist,reporter,news
27956,56.0,14,infection,ill,bacteria,virus,illness,vaccination,antibiotics,cream,hospital,death,better
282089,30.0,0,response,ambulance,reply,call,emergency,danger,health,telephone,hospital,speak,urgent
282089,30.0,1,adult,parent,grownup,colleague,friend,mum,dad,teacher,worker,responsible,older
282089,30.0,2,reflection,mirror,reply,water,lake,pond,mulan,thinking,analysing,looking,see
282089,30.0,3,truth,dare,false,answer,honest,accurate,game,play,speak,,lie
282089,30.0,4,suede,blue,shoes,fabric,clothing,fashion,elvis,texture,material,,accessories
282089,30.0,5,vulnerable,child,concern,issue,charity,worry,danger,illness,older,fragile,elderly
282089,30.0,6,mushroom,food,magic,drugs,growing,vegetable,farming,cooking,meals,vegetarian,lunch
282089,30.0,7,chapel,church,religion,wedding,funeral,school,prayer,calm,holy,blessing,place
282089,30.0,8,smog,fog,weather,winter,climate,dark,misty,smoke,danger,health,breathing
282089,30.0,9,peace,christmas,war,calm,vulnerable,quiet,world,rights,community,health,family
282089,30.0,10,live,life,travel,family,alive,death,breathing,long,music,tv,festival
282089,30.0,11,web,world,wide,online,computer,laptop,spider,insect,website,internet,nature
282089,30.0,12,sex,gender,male,female,seduction,bed,underwear,trans,bisexual,baby,demographic
282089,30.0,13,organ,heart,liver,skin,music,church,instrument,piano,health,hospital,surgery
282089,30.0,14,wall,barrier,brick,mortar,cement,building,house,construction,stop,build,erect
289265,58.0,0,tease,fun,prank,suggestible,pull,flirt,taunt,seduce,tempt,poke,pester
289265,58.0,1,journal,diary,write,notebook,logbook,jotter,jottings,thoughts,writing,book,weekly
289265,58.0,2,sober,teetotal,serious,realistic,sedate,dry,boring,clearheaded,abstainer,abstinent,
289265,58.0,3,stick,glue,adhere,branch,stay,cling,bond,bind,hold,adhesive,sellotape
289265,58.0,4,attach,fix,put,connect,append,mount,adhere,apply,hang,fasten,realign
289265,58.0,5,survive,alive,endure,exist,withstand,be,coexist,breathe,here,existent,survival
289265,58.0,6,savior,hero,champion,superhero,heroic,rescuer,liberator,champ,helper,benefactor,supporter
289265,58.0,7,meteor,comet,space,asteroid,meteorite,trail,rocks,fireball,geminids,disperse,stars
289265,58.0,8,soil,dirt,earth,mud,brown,dirty,ground,land,solid,muck,sand
289265,58.0,9,tribute,homage,testimonial,salute,honour,commemorate,celebrate,respect,award,favour,accolade
289265,58.0,10,balcony,patio,architecture,verandah,sea-view,deck,romeo,window,view,railing,private
289265,58.0,11,time,age,era,clock,present,past,future,hour,minute,second,decade
289265,58.0,12,shears,scissors,tool,cuts,sheep,prune,secateurs,trims,pinking,cutters,clippers
289265,58.0,13,technician,mechanic,repairman,specialist,serviceman,electrician,professional,engineer,clever,programmer,scientist
289265,58.0,14,trombone,instrument,orchestra,big,jazz,brass,slide,annoying,band,trumpet,horn
2894,60.0,0,vow,commitment,promise,wedding,will,oath,vicar,judge,pledge,honor,troth
2894,60.0,1,cathedral,building,religion,catholic,church,vicar,bishop,altar,notre-dame,spire,sermon
2894,60.0,2,repeat,again,infinite,circle,replay,copy,rerun,annually,weekly,daily,echo
2894,60.0,3,thought,think,regard,idea,consider,reason,study,process,subconscious,mind,brain
2894,60.0,4,pickles,beetroot,onion,vinegar,preserve,sour,bottled,cabbage,jar,marinade,cure
2894,60.0,5,recliner,seat,chair,angle,slope,invert,lounge,relax,beautician,dentist,chiropodist
2894,60.0,6,triangle,three,shape,pyramid,math,equation,isoscele,equal,egypt,toblerone,angle
2894,60.0,7,messy,tip,rubbish,unruly,unkempt,untidy,bin,sticky,dirty,disheveled,rumpled
2894,60.0,8,procedure,plan,agenda,line,method,action,course,strategy,proceed,operation,step
2894,60.0,9,obey,rule,accept,comply,adhere,observe,do,submit,serve,agree,duty
2894,60.0,10,camping,tent,fire,cooking,outdoors,countryside,nature,wild,adventure,trip,caravan
2894,60.0,11,process,system,operation,way,procedure,measure,action,performance,routine,,form
2894,60.0,12,marble,stone,sculpture,table,kitchen,busk,natural,tile,hard,polish,pastern
2894,60.0,13,blind,eye,dark,unsighted,sense,glasses,black,visionless,corner,bat,oblivious
2894,60.0,14,spend,buy,shop,money,lavish,give,thrift,donate,consume,fritter,invest
290004,30.0,0,stocking,christmas,filler,gravy,bistro,leg,nan,history,fashion,fireplace,chimney
290004,30.0,1,sap,tree,bark,woodland,grass,bud,ecosystem,wet,drip,flower,leaf
290004,30.0,2,pardon,excuse,question,beg,man,soldier,manners,listen,speak,rules,hear
290004,30.0,3,retreat,holiday,escape,cabin,woodland,wood,relax,leisure,quiet,peace,greenery
290004,30.0,4,beginner,start,novice,language,level,test,piano,exam,education,knowledge,begin
290004,30.0,5,occupation,job,work,money,salary,details,resume,question,profession,worker,information
290004,30.0,6,relativity,physics,einstein,newton,space,weight,time,equation,perspective,graph,maths
290004,30.0,7,oar,boat,wood,sailor,lake,river,pedal,row,outside,water,duck
290004,30.0,8,pad,notes,pen,paper,,jot,write,paddock,horse,dressage,lessons
290004,30.0,9,salesman,car,garage,annoying,shop,profit,commission,mall,pester,suit,briefcase
290004,30.0,10,claims,legal,car,motor,lawyer,personal,injury,court,rta,negligence,sue
290004,30.0,11,braces,teeth,dentist,orthodontist,straight,hospital,wax,toothbrush,brackets,wires,mouthwash
290004,30.0,12,radiator,warm,england,wall,cold,winter,white,metal,heat,bills,fireplace
290004,30.0,13,buck,horse,bull,rodeo,america,mexico,cowboy,hat,leather,chaps,boots
290004,30.0,14,brake,pad,bike,car,nan,rain,water,dark,winter,road,traffic
292575,38.0,0,wide,long,tall,furniture,load,screen,berth,world,web,side,measure
292575,38.0,1,active,fit,life,activity,exercise,doing,working,moving,alive,energy,burst
292575,38.0,2,worm,soil,ground,earth,gardening,slimy,slippery,wiggly,compost,plants,grass
292575,38.0,3,winding,curling,stairs,sky,wind,turning,coil,electric,agitate,roll,round
292575,38.0,4,noose,hangman,rope,neck,knot,tied,tight,trapped,trap,struggle,sailing
292575,38.0,5,private,enclosed,mine,sensitive,official,discussion,meeting,privacy,dancer,investment,healthcare
292575,38.0,6,talent,star,show,actor,ability,management,agency,drama,musician,bossy,talented
292575,38.0,7,nylons,tights,pantyhose,rope,string,strong,legs,war,rations,lady,woman
292575,38.0,8,outline,edge,boundary,explain,plan,idea,drawing,colouring,line,pen,measure
292575,38.0,9,roll,spring,pancake,chocolate,mini,hill,wheel,forward,backwards,push,fun
292575,38.0,10,punch,judy,hit,fight,drink,party,fruit,glass,bowl,thump,fist
292575,38.0,11,thumb,hand,finger,flick,look,review,read,up,pad,tip,sucker
292575,38.0,12,trailer,tractor,truck,home,vehicle,horse,box,wheels,rusty,road,drive
292575,38.0,13,kettle,hot,water,electric,coffee,tea,whistle,stove,boiling,steep,drum
292575,38.0,14,uncooked,raw,vegan,food,cold,recipe,ingredient,salad,dough,cooking,fresh
295730,38.0,0,sometimes,often,always,never,perhaps,rarely,whenever,choose,when,maybe,indecisive
295730,38.0,1,safari,giraffe,lion,jeep,africa,yellow,photo,guide,holiday,buffalo,park
295730,38.0,2,checking,account,looking,seeking,cash,pay,book,card,sign,payment,cashier
295730,38.0,3,under,water,ground,pressure,over,up,down,prepared,appreciated,looked,wear
295730,38.0,4,toil,hard,work,pain,enslaved,dig,heavy,soil,graft,unfair,slave
295730,38.0,5,twice,once,thrice,repeated,double,daily,weekly,yearly,day,monthly,price
295730,38.0,6,inflation,deflation,economy,government,prices,currency,value,money,investment,macro,target
295730,38.0,7,boiled,egg,poached,water,rolling,pan,heat,degrees,,liquid,over
295730,38.0,8,soak,wet,water,super,spray,shower,clean,wash,dry,sink,drown
295730,38.0,9,meter,gas,electric,distance,race,hundred,rhythm,music,short,rule,share
295730,38.0,10,perish,ruin,food,die,extinguish,worn,done,thought,ruined,dead,gone
295730,38.0,11,atmosphere,crowd,electric,sky,pressure,oxygen,dark,exciting,none,atmospheric,environment
295730,38.0,12,oath,promise,swear,bible,book,commitment,court,honesty,idiot,dishonest,sworn
295730,38.0,13,pale,beyond,dark,bucket,skin,sky,colour,pallid,washed,hole,farmer
295730,38.0,14,mussel,beard,knife,pan,lemon,cream,parsley,wine,spoon,fries,tasty
300231,27.0,0,tribute,contribute,death,life,dead,shocking,singer,celebrity,funeral,depressing,celebration
300231,27.0,1,survive,woods,wilderness,mentality,bears,death,living,forest,trees,holes,strong
300231,27.0,2,soil,dirt,muck,brown,dirty,flowers,earth,ground,vegetables,food,roots
300231,27.0,3,attach,children,cling,clingy,issues,attachment,close,together,joined,suck,hold
300231,27.0,4,technician,pole,wires,electric,brain,clever,nerd,glasses,job,jobs,wire
300231,27.0,5,trombone,instrument,loud,gold,buttons,play,noise,volume,orchestra,brass,band
300231,27.0,6,journal,writing,documenting,life,personal,diary,lines,pen,paper,love,secrets
300231,27.0,7,meteor,shower,planets,fire,ball,fast,flying,fiery,rocks,rock,lava
300231,27.0,8,sober,clean,sensible,boring,booze,alcohol,drugs,life,living,goals,aspiration
300231,27.0,9,shears,sheep,cutting,hedge,grass,plants,fur,triangle,sharp,dangerous,weapon
300231,27.0,10,balcony,high,chill,holiday,apartment,flat,standing,family,table,chairs,picture
300231,27.0,11,stick,ground,path,floor,dogs,dog,fetch,brown,big,small,boring
300231,27.0,12,time,clock,watch,phone,car,travel,flies,fast,slow,passing,slowly
300231,27.0,13,tease,sexual,sex,bite,kiss,lick,tingle,porn,naughty,whip,dirty
300231,27.0,14,savior,god,jesus,king,christ,lord,good,life,queen,mary,christmas
303716,51.0,0,little,small,person,amount,big,large,tiny,food,baby,cat,child
303716,51.0,1,subtract,minus,difference,reduce,remove,maths,add,calculation,arithmetic,school,tax
303716,51.0,2,pouch,kangaroo,bag,pocket,purse,warm,secret,backpack,suitcase,koala,money
303716,51.0,3,loaf,bread,banana,idiot,lazy,shopping,supermarket,fool,sandwich,lunch,white
303716,51.0,4,snot,dirty,green,slimy,sneeze,nose,child,tissue,cough,yellow,cold
303716,51.0,5,serpent,snake,jungle,green,long,scary,stories,bible,animal,halloween,poisonous
303716,51.0,6,lamb,slaughter,food,roast,leg,passover,kebab,welsh,baby,sheep,spring
303716,51.0,7,be,happy,kind,verb,honest,description,weird,friendly,truthful,naughty,useful
303716,51.0,8,shrimp,prawn,thailand,seafood,pink,food,cooking,curry,salad,bbq,fresh
303716,51.0,9,squirrel,grey,red,trees,nuts,acorns,countryside,hide,hibernate,dog,save
303716,51.0,10,choir,music,school,church,sing,unity,religion,hymn,practise,kids,beautiful
303716,51.0,11,left,right,direction,drive,hand,leave,lost,road,car,field,move
303716,51.0,12,circus,fun,performing,acrobat,clown,children,entertainment,tent,elephant,cannon,tricks
303716,51.0,13,vodka,alcohol,clear,strong,drunk,hangover,tonic,soda,russia,vomit,coke
303716,51.0,14,turkey,christmas,vote,chicken,thanksgiving,foolish,dry,leg,mince,burger,food
307870,36.0,0,snot,nose,cold,ill,nasal,unwell,phlegm,bogie,tissue,blow,sick
307870,36.0,1,turkey,christmas,dinner,roast,bird,feather,farm,country,sunshine,swimming,relaxing
307870,36.0,2,vodka,drink,alcohol,cocktails,spirit,clear,flavoured,plain,coke,lemonade,bottle
307870,36.0,3,serpent,snake,mystical,creature,water,mermaid,fairy,tongue,hiss,slither,skin
307870,36.0,4,circus,fun,tent,bright,colourful,performances,acrobats,animals,stunts,popcorn,candyfloss
307870,36.0,5,pouch,kangaroo,baby,compartment,soft,skin,home,purse,bag,fashion,travel
307870,36.0,6,lamb,baby,sheep,meat,roast,potatoes,mint,sauce,gravy,vegetables,spring
307870,36.0,7,loaf,bread,sliced,crusty,white,brown,wholemeal,granary,processed,sandwich,lunch
307870,36.0,8,subtract,takeaway,numbers,negative,less,math,amount,calculate,calculator,sum,decrease
307870,36.0,9,left,right,up,down,direction,leave,handed,describe,towards,side,west
307870,36.0,10,squirrel,animal,grey,red,fluffy,tail,nuts,fast,tree,nest,teeth
307870,36.0,11,choir,singing,carols,church,performance,public,music,ensemble,singers,soprano,tenor
307870,36.0,12,shrimp,prawn,cocktail,salad,sauce,ocean,sea,creature,food,edible,pink
307870,36.0,13,little,small,tiny,cute,minute,young,baby,toddler,size,amount,degree
307870,36.0,14,be,exist,occur,coming,done,to,do,move,live,life,remain
315358,55.0,0,buck,money,note,american,dollar,films,horse,rodeo,male,slang,dime
315358,55.0,1,salesman,suitcase,briefcase,untrustworthy,pushy,commission,cars,door,telephone,money,expensive
315358,55.0,2,beginner,new,novice,uneducated,start,young,unskilled,first,slow,hard,time
315358,55.0,3,radiator,heat,wall,standing,white,grey,metallic,school,hall,room,hot
315358,55.0,4,sap,tree,white,plant,ground,insects,birds,moisture,goodness,food,leaf
315358,55.0,5,oar,boat,wooden,steering,paddle,flat,long,double,single,plastic,hard
315358,55.0,6,occupation,job,work,industry,grade,money,home,passion,desire,ambition,bored
315358,55.0,7,relativity,physics,absolute,science,hard,relative,motion,object,observe,experiment,lab
315358,55.0,8,stocking,christmas,wollen,fireplace,presents,suspender,net,cotton,garter,warmth,black
315358,55.0,9,braces,teeth,straight,metal,wires,plate,trousers,elastic,support,comfortable,smart
315358,55.0,10,brake,car,bike,pram,bus,stop,emergency,lever,pull,pedal,hard
315358,55.0,11,pardon,excuse,sorry,polite,lenience,school,formal,free,dismiss,resolve,absolve
315358,55.0,12,retreat,break,rest,safety,secure,cosy,warm,withdraw,return,comfort,place
315358,55.0,13,claims,assert,start,case,evidence,want,ask,request,declare,formal,owns
315358,55.0,14,pad,rest,launch,round,large,soft,move,place,house,habitat,own
316800,25.0,0,blind,man,vision,sight,seeing,darkness,sense,impairment,deaf,black,isolation
316800,25.0,1,marble,counter,stone,rock,hard,pink,furniture,expensive,column,worktop,painting
316800,25.0,2,recliner,sofa,seat,comfy,luxury,movement,sitting,napping,lazy,rest,chair
316800,25.0,3,cathedral,window,god,medieval,religion,church,prayer,cloister,nave,congregation,priest
316800,25.0,4,vow,wedding,speech,promise,faithful,binding,ceremony,partnership,commitment,ring,cause
316800,25.0,5,camping,tent,outdoors,sleeping,insects,adventure,woods,forest,campfire,marshmallow,stars
316800,25.0,6,obey,command,religion,obedience,rules,school,authority,laws,subservience,pets,commit
316800,25.0,7,triangle,love,maths,geometry,pyramid,illuminati,three,isoscele,regular,shape,counting
316800,25.0,8,pickles,vinegar,food,tasty,jar,burger,delicious,divisive,sour,deli,cucumber
316800,25.0,9,process,trauma,words,therapy,workflow,steps,manage,understand,translate,finish,method
316800,25.0,10,repeat,again,repetition,tiresome,replay,listen,retell,redo,rephrase,double,twice
316800,25.0,11,procedure,methods,process,medical,steps,workflow,rules,proper,standards,doing,actions
316800,25.0,12,messy,untidy,junk,clothes,rotten,disruptive,cluttered,room,desk,hair,dirty
316800,25.0,13,thought,think,imagine,believe,brain,dreams,maths,processing,feel,intuition,reasoning
316800,25.0,14,spend,money,shopping,time,pound,dollars,transaction,savings,groceries,stay,vacation
320799,25.0,0,blind,deaf,disability,car,glasses,dark,sight,eyes,stick,walking,braille
320799,25.0,1,recliner,chair,comfy,rest,lay,lounge,sofa,adult,motor,cushion,fabric
320799,25.0,2,repeat,again,speak,listen,conversation,emphasise,say,encourage,discuss,persuade,convince
320799,25.0,3,camping,tent,gas,field,nan,dirt,floor,bbq,van,trip,family
320799,25.0,4,spend,money,shopping,afford,gift,purchase,mall,online,food,time,savings
320799,25.0,5,messy,untidy,unclean,dirt,disorganised,toys,kitchen,house,chaos,disorder,clutter
320799,25.0,6,thought,mind,brain,consider,share,contribute,idea,opinion,reason,mental,friend
320799,25.0,7,cathedral,church,christian,jesus,religion,altar,pupil,tour,cold,big,bells
320799,25.0,8,process,consider,program,operation,action,work,business,procedure,manual,task,team
320799,25.0,9,marble,quartz,counter-top,island,rock,stone,cliff,white,granite,bathroom,kitchen
320799,25.0,10,vow,promise,wedding,ring,husband,wife,legal,oath,bond,family,couple
320799,25.0,11,procedure,process,medical,hospital,work,news,plan,operation,action,task,approach
320799,25.0,12,obey,respect,leader,followers,order,bow,comply,confirm,expectations,listen,perform
320799,25.0,13,pickles,gherkin,onion,burger,radish,conserved,jar,lid,can,preserved,vinegar
320799,25.0,14,triangle,rectangle,circle,square,three,rhombus,sides,angles,music,bermuda,tricycle
324114,48.0,0,repair,fix,mend,shop,recycle,bicycle,poverty,hardship,ingenuity,skills,sewing
324114,48.0,1,wish,star,magic,manifest,dream,fairy,wand,daydream,hope,want,desire
324114,48.0,2,shoulder,joint,meat,rotation,pain,sling,suffer,burden,carry,weight,load
324114,48.0,3,cinema,movie,film,camera,picture,seats,popcorn,screen,drama,dark,curtains
324114,48.0,4,amaze,astound,astonish,balls,surprise,wonder,awe,brilliance,great,marvel,splendour
324114,48.0,5,spider,yukky,fear,hairy,legs,scuttle,nuisance,phobia,big,body,scream
324114,48.0,6,tomato,red,round,leaves,salad,mozzarella,basil,sauce,ketchup,heritage,acidic
324114,48.0,7,wreck,ship,nervous,ruin,skeleton,disaster,titanic,sea,water,destroy,damage
324114,48.0,8,publication,book,magazine,author,website,newspaper,read,print,article,agent,day
324114,48.0,9,past,history,time,present,future,childhood,age,yesterday,memories,been,before
324114,48.0,10,chorus,song,choir,bach,hallelujah,concert,girl,line,verse,poem,refrain
324114,48.0,11,riddle,joke,puzzle,think,logic,edgar,joker,fin,hard,tricky,philosophy
324114,48.0,12,rectangle,square,shape,triangle,sides,geometry,angles,school,parallelogram,trapezoid,oblong
324114,48.0,13,believe,faith,cher,god,religion,truth,logic,system,fly,hope,wish
324114,48.0,14,infection,yeast,disease,hiv,virus,covid,die,hospital,temperature,eye,bacteria
32728,34.0,0,radiator,heating,warmth,metal,water,oil,ugly,emitting,white,iron,heat
32728,34.0,1,salesman,greasy,selling,seller,marketing,remote,sell,peristalsis,motivated,driven,forward
32728,34.0,2,pad,lilly,home,heat,sanitary,sticky,frog,soft,green,water,note
32728,34.0,3,brake,car,vehicle,garage,disk,pad,caliper,lining,shoe,parts,safety
32728,34.0,4,beginner,novice,starter,new,learning,opportunity,start,early,initial,assistant,help
32728,34.0,5,relativity,theory,physics,cosmos,hawkins,special,general,space,time,gravity,energy
32728,34.0,6,buck,young,deer,male,up,ideas,fight,against,stag,wild,antlers
32728,34.0,7,sap,tree,plant,processes,photosynthesis,sticky,gooey,growth,aloe,drain,energy
32728,34.0,8,claims,insurance,belief,accuse,petition,prosecute,argue,contend,insist,argument,false
32728,34.0,9,oar,boat,paddle,water,movement,row,canoe,dig,involved,meddle,rowing
32728,34.0,10,pardon,apology,beg,excused,apologise,sorry,forgiveness,penalty,assist,allow,condone
32728,34.0,11,stocking,santa,tights,underwear,warmth,sexy,stuffing,presents,stock,store,available
32728,34.0,12,braces,teeth,orthodontics,dentist,hardy,tough,prepare,alignment,dental,retainer,hygiene
32728,34.0,13,occupation,job,employment,role,workplace,work,colleagues,pay,working,employed,employer
32728,34.0,14,retreat,holiday,leave,luxury,back-off,withdraw,retire,refuge,sanctuary,hideout,shelter
328248,26.0,0,toil,effort,trouble,try,perseverance,cup,tree,play,soil,ground,plant
328248,26.0,1,sometimes,maybe,indecision,window,world,passage,always,never,power,league,win
328248,26.0,2,oath,promise,sworn,pledge,royalty,marriage,unbreakable,bond,sea,car,forsworn
328248,26.0,3,perish,death,plague,grave,murder,rot,disease,pestilence,fear,horror,destroy
328248,26.0,4,pale,white,cream,north,burnt,uncooked,clear,pure,porcelain,delicate,sun
328248,26.0,5,checking,research,discovery,chess,payment,bank,account,trade,interest,money,double
328248,26.0,6,inflation,money,interest,cost,increase,problem,world,banking,theft,necessary,economy
328248,26.0,7,mussel,urchin,ocean,seafood,restaurant,food,salty,soy,shell,oyster,pearl
328248,26.0,8,under,below,beneath,down,dig,mine,core,heat,hell,australia,shovel
328248,26.0,9,twice,double,again,number,two,duplicate,count,computer,repeat,mirror,reflection
328248,26.0,10,atmosphere,space,earth,pressure,good,loud,exciting,hostile,intimidating,powerful,dark
328248,26.0,11,soak,bathe,water,wet,drenched,cooking,drown,heavy,dip,porous,sponge
328248,26.0,12,safari,lion,africa,car,charity,poaching,truck,jungle,savannah,zebra,giraffe
328248,26.0,13,boiled,egg,stew,rice,pan,water,hot,burnt,oil,oven,cooking
328248,26.0,14,meter,water,electric,measurement,utility,distance,reading,chair,energy,floor,window
332077,33.0,0,serpent,snake,nan,green,scaly,sly,secret,whisper,mystic,,scales
332077,33.0,1,vodka,nan,alcohol,potato,clear,ice,spirit,bottle,smirnoff,coke,cranberry
332077,33.0,2,subtract,takeaway,minus,leave,maths,takeoff,equation,school,children,remove,alter
332077,33.0,3,lamb,baby,spring,shed,ewe,nan,rosemary,gravy,grass,fluffy,wool
332077,33.0,4,left,right,leave,odd,foot,body,return,late,help,injury,hurt
332077,33.0,5,little,small,tiny,child,baby,short,room,car,house,film,petite
332077,33.0,6,squirrel,red,brown,native,,vermin,peanuts,nan,britain,fluffy,quick
332077,33.0,7,choir,sing,song,church,angelic,royal,wedding,christmas,notes,music,piano
332077,33.0,8,circus,clown,nan,tiger,animals,candyfloss,ringmaster,acrobat,trapeze,elephant,films
332077,33.0,9,turkey,christmas,food,dinner,gobble,fat,plump,feather,white,farm,carvery
332077,33.0,10,loaf,bread,head,toast,common,sense,white,granary,seeded,sourdough,bakery
332077,33.0,11,snot,green,phlegm,mucus,game,nose,face,school,children,yuck,hard
332077,33.0,12,shrimp,bubba,gump,forrest,sea,ocean,small,eat,dinner,cooked,salad
332077,33.0,13,be,there,available,help,too,together,shop,simply,love,world,none
332077,33.0,14,pouch,kangaroo,baby,carry,pocket,conceal,hide,stomach,tummy,clothing,roo
342722,33.0,0,want,need,desire,like,require,crave,deserve,have,appreciate,grant,had
342722,33.0,1,best,superior,first,highest,furthest,longest,higher,biggest,strongest,hardest,fast
342722,33.0,2,wet,moist,damp,sopping,drenched,liquid,water,dry,towel,pool,puddle
342722,33.0,3,skinny,thin,frail,gaunt,fat,tall,narrow,wide,small,malnourished,brittle
342722,33.0,4,pet,cat,dog,hamster,rabbit,fish,mouse,rat,snake,lizard,spider
342722,33.0,5,silly,daft,dumb,uneducated,aloof,stupid,dunce,funny,comic,dim,gormless
342722,33.0,6,anxious,nervous,anxiety,jitters,shaking,uncertain,amiss,worried,torn,wary,scared
342722,33.0,7,terrible,bad,negative,horrible,undeserved,rancid,rank,putrid,rubbish,poor,dirty
342722,33.0,8,potato,veg,turnip,parsnip,carrot,sprout,baked,jacket,roasted,dinner,chip
342722,33.0,9,stuff,things,items,inventory,owned,have,possession,mine,ours,shared,given
342722,33.0,10,rifle,gun,pistol,shotgun,machine,bullet,shot,puncture,death,war,fight
342722,33.0,11,trousers,pants,shorts,socks,belt,underwear,pockets,zip,button,shoes,shirt
342722,33.0,12,toilet,bath,bathroom,sink,soap,roll,towel,waste,water,pipe,plumbing
342722,33.0,13,laugh,funny,happy,comic,comical,comedian,sitcom,stand-up,show,film,television
342722,33.0,14,aunt,uncle,niece,cousin,dad,mam,nana,grandfather,relative,family,woman
344189,27.0,0,loose,tight,baggy,lose,clothes,lips,tie,knot,belt,screw,women
344189,27.0,1,right,left,speech,amendment,turn,hand,wrong,write,person,time,plane
344189,27.0,2,beverage,drink,bar,booze,glass,soda,water,can,refreshing,tasty,fridge
344189,27.0,3,oatmeal,healthy,breakfast,bread,porridge,banana,cookie,raisin,thick,rolled,whole
344189,27.0,4,not,ready,fair,negate,and,or,mine,yours,is,it,here
344189,27.0,5,snake,oil,skin,grass,curly,slither,tongue,hiss,character,girl,tail
344189,27.0,6,peaceful,era,war,protest,good,safe,relaxed,times,country,moment,house
344189,27.0,7,sunrise,sunset,morning,early,sky,watch,pretty,picture,beautiful,cloudy,horizon
344189,27.0,8,bird,fly,wings,chirp,beak,nest,roof,blue,sky,robin,crow
344189,27.0,9,attire,suit,clothes,dress,tyre,wear,occasion,nines,black,gray,shoes
344189,27.0,10,back,forward,return,lying,massage,spine,side,front,door,then,reverse
344189,27.0,11,joke,comedian,funny,mean,dig,expense,laugh,outfit,gag,gift,friend
344189,27.0,12,year,this,date,now,month,day,birth,old,ago,century,week
344189,27.0,13,opening,bottle,beginning,introduction,prologue,closing,book,unwrapping,box,video,statement
344189,27.0,14,nasty,mean,horrible,gross,skilled,big,girl,naughty,disgusting,distress,upset
354101,61.0,0,potato,vegetable,mash,roast,baked,chips,fries,salad,field,crop,wedges
354101,61.0,1,best,quality,top,first,premium,premier,winner,beat,overpower,prize,class
354101,61.0,2,trousers,pants,,clothing,legs,pantaloons,clothes,nan,women,clown,press
354101,61.0,3,silly,daft,stupid,string,clown,comedy,party,jester,billy,sausage,play
354101,61.0,4,aunt,lydia,relative,sally,bbc,female,woman,uncle,love,family,close
354101,61.0,5,wet,damp,moist,water,sea,river,rain,thunderstorm,blanket,hair,swim
354101,61.0,6,anxious,stressed,tense,agitated,palpitations,fidget,worried,scared,unwell,panic,move
354101,61.0,7,toilet,lavatory,training,porcelain,cleaner,brush,paper,habits,seat,downstairs,nan
354101,61.0,8,terrible,awful,rotten,bad,poor,evil,nasty,twos,devastated,vile,disgusting
354101,61.0,9,want,desire,need,demand,lack,missing,like,dearth,covet,understand,lost
354101,61.0,10,pet,fuss,pat,animal,fur,hair,sitter,love,adore,stroke,cuddle
354101,61.0,11,stuff,pillow,chicken,turkey,fill,chair,bra,things,items,objects,pasta
354101,61.0,12,skinny,thin,slim,underweight,fries,jeans,model,dancer,gymnast,runner,diet
354101,61.0,13,rifle,shoot,fire,gun,sniper,bullets,sort,competition,farmer,soldier,armed
354101,61.0,14,laugh,happy,jolly,comedy,belly,holler,joke,sitcom,enjoy,stifle,cheerful
35659,37.0,0,shrimp,sea,prawn,fishing,fish,water,small,food,frying,butter,shell
35659,37.0,1,vodka,alcohol,russian,russia,clear,drunk,dangerous,strong,,,powerful
35659,37.0,2,serpent,snake,slippery,smiley,long,viper,cobra,python,boa,rattlesnake,copperhead
35659,37.0,3,squirrel,chipmunk,rodent,raccoon,tree,fur,glider,red,playful,adult,bushy
35659,37.0,4,pouch,bag,sack,backpack,package,purse,wallet,packet,bundle,sachet,gunnysack
35659,37.0,5,snot,mucus,booger,snorter,secretion,nose,nasal,bogey,phlegm,snivel,slime
35659,37.0,6,subtract,discount,abstract,debit,dock,deduct,remove,reduce,decrease,cut,abate
35659,37.0,7,circus,spectacle,festival,hippodrome,bazaar,pageant,exhibit,display,extravaganza,ring,parade
35659,37.0,8,lamb,sheep,innocent,wolf,gentle,weak,chops,wool,cutlets,ewe,meat
35659,37.0,9,be,exist,live,life,alive,occur,happen,arise,transpire,act,endure
35659,37.0,10,choir,singers,chorus,chorale,orchestra,quartet,quintet,sextet,voices,glee,ensemble
35659,37.0,11,left,depart,go,withdraw,exit,pull,quit,,vacate,disappear,abandon
35659,37.0,12,turkey,poultry,fowl,gobble,bird,feathers,claws,gibbet,chick,domestic,leg
35659,37.0,13,little,small,compact,mini,miniature,tiny,minute,miniscule,limited,slight,short
35659,37.0,14,loaf,laze,lounge,loll,idle,time,bread,dally,skive,toil,work
368021,22.0,0,cathedral,church,cheese,monument,christian,catholic,city,building,chapel,tower,religious
368021,22.0,1,triangle,three,sides,equilateral,isosceles,square,circle,dimensions,shape,lines,school
368021,22.0,2,pickles,cucumber,vinegar,glitter,gross,disgusting,smiley,smelly,green,vile,liquid
368021,22.0,3,recliner,chair,sofa,seat,comfort,automated,old,lazy,sedentary,legs,furniture
368021,22.0,4,blind,baking,person,dog,drunk,eyes,sunglasses,dark,black,senses,disabled
368021,22.0,5,procedure,medical,process,hospital,routine,rules,guidelines,instructions,invasive,right,wrong
368021,22.0,6,thought,idea,think,brain,dream,past,present,whimsical,ponder,wonder,pose
368021,22.0,7,vow,promise,wedding,marriage,sincere,honest,optimistic,love,trust,respect,commitment
368021,22.0,8,process,food,procedure,chain,instructions,idea,think,grasp,comprehend,understand,accept
368021,22.0,9,repeat,rewind,replay,echo,obsolete,remind,speak,annoying,reoccur,say,again
368021,22.0,10,messy,mucky,chaotic,dirty,silly,pigsty,nest,crazy,drunk,loose,disorganised
368021,22.0,11,spend,buy,purchase,exhaust,use,expel,acquire,lose,give,time,money
368021,22.0,12,camping,nature,tent,caravan,glamping,outdoors,cold,wet,damp,uncomfortable,miserable
368021,22.0,13,obey,follow,master,commander,owner,guardian,parent,strict,instructions,servant,slave
368021,22.0,14,marble,game,counter,surface,heavy,white,clean,expensive,fun,kitchen,floors
372511,43.0,0,acknowledge,allow,approve,concur,understand,nod,express,reason,form,receive,validate
372511,43.0,1,means,understand,translate,money,resource,logic,explanation,description,expand,ways,leads
372511,43.0,2,bark,bite,shout,growl,rasp,scream,erupt,explode,rough,tree,antagonise
372511,43.0,3,canvass,ask,question,questionnaire,election,poll,study,survey,information,data,compile
372511,43.0,4,stand,up,make,rebel,enemy,oppose,believe,war,monopoly,whole,ally
372511,43.0,5,oak,ash,timber,board,frame,table,veneer,effect,furniture,beech,panel
372511,43.0,6,modest,quiet,meek,humble,easy,human,kind,mice,small,keen,light
372511,43.0,7,scapegoat,heavy,grave,blame,allow,drive,sins,hang,simmer,pain,hate
372511,43.0,8,chapter,long,verse,saga,part,life,page,moving,different,ego,writer
372511,43.0,9,sales,revenue,type,category,data,push,drive,graph,churn,feeding,operation
372511,43.0,10,zoo,animals,cages,bars,monkeys,sad,depressed,violence,snails,distort,hungry
372511,43.0,11,ribs,punch,pain,muscle,cage,open,heart,pork,salt,cook,slow
372511,43.0,12,switch,off,time,power,electricity,fuse,colour,click,change,shoot,away
372511,43.0,13,rodeo,cowboy,cowgirl,horse,bucking,steer,lasso,hat,dust,crowd,redneck
372511,43.0,14,mosquito,flea,insect,disease,malaria,africa,death,net,annoyance,dark,air
374172,26.0,0,joke,funny,laugh,people,prank,comedy,comedian,actor,story,friends,books
374172,26.0,1,peaceful,calm,kind,meditate,sensory,tired,sleep,home,family,friends,routine
374172,26.0,2,sunrise,early,morning,sun,orange,yellow,sky,clouds,sea,beach,holiday
374172,26.0,3,oatmeal,food,breakfast,healthy,morning,bowl,spoon,oats,diet,milk,eat
374172,26.0,4,loose,jeans,clothes,women,fall,rope,pants,hair,shoes,climbing,knot
374172,26.0,5,nasty,mean,harsh,bully,trauma,abuse,cry,upset,push,mental,hit
374172,26.0,6,beverage,drink,alcohol,water,juice,wine,orange,apple,blackcurrant,pineapple,thirst
374172,26.0,7,snake,slime,slither,python,cobra,anaconda,grass,jungle,poison,rattle,dessert
374172,26.0,8,opening,door,class,movie,play,theatre,scene,open,close,start,beginning
374172,26.0,9,attire,clothing,clothes,garments,dress,wear,outfit,robe,turnout,apparel,dressed
374172,26.0,10,not,no,never,neither,nor,without,gone,nothing,able,there,fair
374172,26.0,11,year,days,christmas,birthday,age,easter,halloween,future,past,present,family
374172,26.0,12,right,left,wrong,up,down,direction,way,look,hand,foot,side
374172,26.0,13,bird,animal,wings,fly,chirp,beak,peck,tree,beach,seagull,robin
374172,26.0,14,back,body,behind,pain,past,left,bag,bed,chest,ache,spine
379387,18.0,0,soak,wet,damp,water,rain,tap,sink,bucket,storm,leak,liquid
379387,18.0,1,checking,correct,incorrect,wrong,right,on,off,set,looking,leaks,running
379387,18.0,2,boiled,egg,water,saucepan,steam,heat,fire,pasta,warm,gas,electricity
379387,18.0,3,pale,white,ghostly,wall,paint,flooring,photo,painting,colour,person,colourless
379387,18.0,4,inflation,money,balloon,air,compressor,tyre,rubber,blowing,up,growing,filling
379387,18.0,5,twice,two,multiple,repeat,pair,actions,instruction,answer,reading,finding,measuring
379387,18.0,6,meter,length,spacing,measuring,millimeter,centimeter,ruler,nan,square,inches,feet
379387,18.0,7,safari,animals,giraffe,elephant,monkey,hippo,car,trees,sand,mud,green
379387,18.0,8,oath,word,belief,instructions,motto,pact,group,work,job,film,pair
379387,18.0,9,mussel,exercise,pulling,tearing,strain,damage,stretch,heavy,lifting,movement,nerves
379387,18.0,10,sometimes,occasionally,regularly,often,recurring,repeating,annoyance,job,task,operating,incorrectly
379387,18.0,11,under,over,around,through,table,leak,finding,looking,lost,floor,bridge
379387,18.0,12,atmosphere,air,space,rain,clouds,environment,storm,high,big,above,leaving
379387,18.0,13,perish,suffer,gone,passed,bad,old,used,worn,loose,rubber,food
379387,18.0,14,toil,nan,know,this,word,so,cant,answer,,one,soil
379603,24.0,0,canvass,art,paint,text,produce,craft,paper,medium,artist,draw,create
379603,24.0,1,chapter,book,reading,words,literature,author,information,knowledge,part,section,piece
379603,24.0,2,sales,money,cars,retail,fashion,company,business,earn,sell,clothing,product
379603,24.0,3,means,end,ways,methods,understanding,definition,explain,route,word,this,that
379603,24.0,4,acknowledge,know,learn,understand,recognise,record,notice,identify,state,,see
379603,24.0,5,mosquito,insect,bite,sting,blood,disease,illness,malaria,africa,desert,hot
379603,24.0,6,oak,tree,fir,maple,wood,furniture,table,effect,chair,pattern,colour
379603,24.0,7,bark,wood,tree,dog,texture,leaves,order,plant,nature,rough,dry
379603,24.0,8,rodeo,cow,horse,ride,dangerous,reckless,challenge,first,difficult,scary,hard
379603,24.0,9,scapegoat,blame,accuse,goat,interpret,false,unethical,wrong,unfair,unjust,rude
379603,24.0,10,modest,fashion,quiet,shy,classic,classy,reserved,religious,small,conservative,hidden
379603,24.0,11,zoo,animal,enclosure,nature,lion,tank,cage,zebra,elephant,behaviour,breeding
379603,24.0,12,ribs,cage,bones,anatomy,skeleton,food,pork,bbq,meat,glaze,chest
379603,24.0,13,stand,position,posture,mobile,movement,sit,move,walk,tall,mic,football
379603,24.0,14,switch,light,nintendo,change,swap,turn,power,electric,alter,choose,transition
380526,49.0,0,pardon,justice,excuse,court,burp,posthumous,law,me,criminal,turing,forgive
380526,49.0,1,beginner,new,start,easy,amateur,learning,baby,commence,tough,oops,error
380526,49.0,2,stocking,leg,christmas,nylon,suspenders,shelves,shelving,sexy,foot,packet,black
380526,49.0,3,buck,doe,deer,dollar,leap,bronco,tight,trend,green,million,antlers
380526,49.0,4,brake,car,press,slow,shooting,bike,pull,stop,engine,gears,halt
380526,49.0,5,claims,court,insurance,underwriter,beliefs,faith,money,professes,evidence,tells,persuade
380526,49.0,6,salesman,suit,grey,car,showroom,travelling,case,pinter,persuade,deal,shady
380526,49.0,7,pad,paper,apartment,groovy,cat,foot,prowl,cushion,soft,fill,lined
380526,49.0,8,relativity,theory,einstein,physics,science,concept,matter,energy,abstract,algebra,consideration
380526,49.0,9,occupation,job,habit,war,germany,russian,pastime,career,concentration,preoccupation,time
380526,49.0,10,radiator,warm,car,wall,bleed,heating,air,water,leaky,engine,boiler
380526,49.0,11,sap,tree,maple,energy,drain,rubber,sissy,weak,withdraw,army,dribble
380526,49.0,12,oar,fish,boat,row,rowing,interfere,roar,skulls,canoe,socket,pull
380526,49.0,13,retreat,withdraw,rest,meditate,turn,run,army,religious,yoga,treat,silence
380526,49.0,14,braces,teeth,belt,elastic,trusses,tramlines,brush,sweetcorn,supports,silver,stiffens
381223,38.0,0,spend,money,buy,commercial,economy,consumerism,live,eat,banking,internet,cryptocurrency
381223,38.0,1,vow,wedding,exchange,commitment,marriage,promise,poem,strong,love,cherish,adore
381223,38.0,2,marble,staircase,games,children,stone,cave,geology,geography,earth,world,expensive
381223,38.0,3,procedure,medical,routine,operation,rules,regulation,work,order,control,doctor,surgeon
381223,38.0,4,process,law,order,legal,rules,engagement,regulatory,decision,work,steps,brain
381223,38.0,5,camping,holiday,outdoor,fire,tree,discover,wanderlust,family,memories,survival,marshmallow
381223,38.0,6,thought,think,pensive,brain,memory,regret,happiness,self-contained,worry,concern,joy
381223,38.0,7,triangle,shape,maths,circle,rectangle,algebra,school,ruler,physics,science,calculator
381223,38.0,8,messy,dirty,unorganized,filthy,disgusting,poor,nest,rubbish,depression,sadness,doom
381223,38.0,9,recliner,old,elderly,chair,pensioner,retired,home,newspaper,television,,satisfaction
381223,38.0,10,pickles,green,eat,salt,healthy,cucumber,rick,morty,jar,brine,delicious
381223,38.0,11,blind,disability,support,charity,walk,stick,sensory,assistance,sight,eyes,healthcare
381223,38.0,12,repeat,again,over,television,season,history,re-do,previous,duplicate,copy,more
381223,38.0,13,cathedral,grand,london,paul,history,royalty,queen,king,prince,wedding,marriage
381223,38.0,14,obey,command,order,communism,law,,crime,punishment,enforcement,strict,aggression
3855,25.0,0,occupation,job,work,practice,study,money,colleagues,living,wages,responsibility,finance
3855,25.0,1,oar,boat,rowing,water,wood,sea,steering,pull,manual,float,tool
3855,25.0,2,stocking,christmas,sock,fireplace,soft,foot,tights,presents,coal,hanging,fluffy
3855,25.0,3,salesman,sales,selling,goods,negotiation,money,trading,buyers,people,transaction,spending
3855,25.0,4,retreat,holiday,hide,spa,wellness,escape,reset,unwind,quiet,relax,countryside
3855,25.0,5,buck,horse,money,rear,kick,cash,anger,defence,legs,pounds,teeth
3855,25.0,6,radiator,warmth,heat,houses,air,hot,noise,leak,heating,dial,water
3855,25.0,7,sap,tree,sticky,hole,weeping,messy,unsightly,yellow,oak,wood,wet
3855,25.0,8,brake,pads,car,stop,slow,move,pedal,push,road,safety,mobile
3855,25.0,9,braces,teeth,metal,straight,teenager,crooked,dentist,childhood,bullying,wonky,filling
3855,25.0,10,pardon,manners,prison,spared,free,guilty,jail,america,thanks,polite,chance
3855,25.0,11,pad,period,tampon,women,blood,lady,girl,bra,month,embarrassing,school
3855,25.0,12,relativity,theory,space,complex,science,chance,physics,dependent,relation,smart,intelligence
3855,25.0,13,beginner,start,entry,level,advanced,novice,new,unskilled,temporary,dread,worry
3855,25.0,14,claims,payout,complaint,money,law,stress,victim,defence,protect,pain,accident
388235,20.0,0,shove,push,fall,hit,hurt,move,aggression,fight,anger,rage,mean
388235,20.0,1,slay,kill,murder,dragon,sword,fight,old,knight,battle,myth,legend
388235,20.0,2,zest,lemon,lime,fresh,citrus,fruit,mandarin,bergamot,sour,sharp,pineapple
388235,20.0,3,regret,sad,love,sorrow,melancholy,decisions,life,city,night,girlfriend,boyfriend
388235,20.0,4,legend,myth,wukong,dragon,legacy,history,stories,ancient,nan,epic,quest
388235,20.0,5,caffeine,coffee,tea,energy,tired,focus,sharp,addiction,drug,shaking,headache
388235,20.0,6,mechanical,complex,intricate,motorbike,car,racing,metal,steampunk,industrial,complicated,intelligent
388235,20.0,7,lightheaded,tired,iron,height,ill,headache,medicine,pressure,stress,drugs,rest
388235,20.0,8,mammal,dolphin,human,dog,cat,whale,elephant,animal,oceans,land,evolution
388235,20.0,9,record,camera,video,music,vinyl,album,filing,archive,dates,evaluation,evidence
388235,20.0,10,sling,throw,launch,weapon,injury,hospital,bones,tool,work,singapore,drink
388235,20.0,11,why,wonder,intrigue,confusion,sense,learning,understanding,question,difficult,appreciation,asking
388235,20.0,12,scrap,metal,waste,correlated,copper,iron,steel,fight,battle,argument,alcohol
388235,20.0,13,vote,freedom,choice,will,decision,agreement,discussion,argument,politics,president,parliament
388235,20.0,14,say,speak,vocalise,language,conversation,discussion,agreement,voice,hearing,opinion,thoughts
389012,52.0,0,truth,honesty,valid,hope,power,bible,tell,follow,believe,search,use
389012,52.0,1,response,reply,retaliate,quick,email,move,act,go,effort,try,turn
389012,52.0,2,vulnerable,elderly,infirm,autistic,pensioner,handicapped,disabled,crippled,blind,deaf,innocent
389012,52.0,3,peace,calm,quiet,serene,tranquil,steady,harmony,agreement,united,silence,happiness
389012,52.0,4,suede,blue,elvis,shoes,leather,material,stylish,popular,trendy,fashionable,retail
389012,52.0,5,live,habitat,exist,dwell,alive,habituate,enjoy,breathe,prosper,do,work
389012,52.0,6,organ,piano,instrument,musical,music,church,sound,notes,loud,wurlitzer,mouthpiece
389012,52.0,7,smog,smoke,black,grey,choking,pollution,factories,billowing,unhealthy,thick,acrid
389012,52.0,8,adult,man,woman,grownup,mature,old,example,role,model,developed,sexual
389012,52.0,9,web,internet,spider,catch,flies,worldwide,intricate,clever,beautiful,shape,spin
389012,52.0,10,sex,male,female,transgender,binary,non-binary,positions,appetite,desire,hormones,love
389012,52.0,11,reflection,mirror,image,think,mind,conclusion,thoughts,analysis,sift,study,ratings
389012,52.0,12,wall,brick,strong,straight,sturdy,house,building,castle,home,boundary,edge
389012,52.0,13,chapel,church,pray,congregation,people,altar,lectern,preaching,wedding,christening,vicar
389012,52.0,14,mushroom,vegetable,toadstool,fry,organic,natural,woodland,edible,tasty,soup,blossom
391668,74.0,0,vodka,drinks,pub,russia,cocktails,social,alcohol,christmas,weekends,lime,ice
391668,74.0,1,circus,clowns,tents,lions,trapeze,travelling,acrobats,caravans,horses,ring,children
391668,74.0,2,squirrel,grey,red,tail,trees,nuts,rodent,climbing,stealing,burying,winter
391668,74.0,3,left,right,gone,hand,foot,side,wing,back,home,departed,politics
391668,74.0,4,choir,singing,master,church,songs,people,voices,christmas,salvation,faith,funerals
391668,74.0,5,serpent,snake,reptile,evil,devil,garden,eve,venom,bite,death,fear
391668,74.0,6,be,there,where,cause,fore,hind,kind,hope,too,not,when
391668,74.0,7,lamb,sheep,wool,field,easter,legs,chops,farms,meat,jumpers,spring
391668,74.0,8,snot,green,nose,cold,flu,winter,medicine,tissue,ill,bed,runny
391668,74.0,9,turkey,legs,christmas,dinner,family,stuffing,party,sandwich,crown,shopping,america
391668,74.0,10,loaf,bread,toast,brown,white,sliced,baker,dough,oven,sandwich,cobs
391668,74.0,11,little,large,small,tiny,children,gaps,time,people,lads,girl,money
391668,74.0,12,shrimp,prawn,sea,starter,ocean,shell,cocktail,sauce,meal,trawlers,nets
391668,74.0,13,subtract,take,add,divide,multiply,maths,school,college,smaller,less,remains
391668,74.0,14,pouch,bag,purse,kangaroo,joey,items,money,container,shopping,skippy,wallaby
394231,29.0,0,score,goal,match,game,ball,drugs,television,football,rugby,watch,sport
394231,29.0,1,permission,allow,grant,approve,decline,child,school,adult,children,parent,restrictions
394231,29.0,2,boss,work,employer,office,pay,money,wage,superior,hierarchy,brand,clothing
394231,29.0,3,loyal,dog,pet,friend,family,partner,husband,monogamy,cheating,kindness,obey
394231,29.0,4,piston,car,bed,ottoman,storage,pump,lever,expense,mot,test,problem
394231,29.0,5,menthol,mint,alcohol,science,ingredient,cows,scientist,toothpaste,mouthwash,drink,cocktail
394231,29.0,6,transportation,car,bus,train,taxi,boat,ferry,aeroplane,moving,city,work
394231,29.0,7,still,water,rest,statue,stop,movement,weather,death,elderly,quiet,eery
394231,29.0,8,unit,storage,space,home,furniture,decoration,clutter,dust,chaos,overwhelm,expense
394231,29.0,9,zone,clear,air,swimming,pool,leisure,centre,cost,fast,slow,speed
394231,29.0,10,bless,church,religion,bracelet,buddhism,monks,ceremony,cambodia,god,jesus,kind
394231,29.0,11,anchor,boat,yacht,sea,lake,tide,water,rocks,sand,blue,waves
394231,29.0,12,intake,water,fluid,food,nutrition,calories,diet,weight,money,tax,income
394231,29.0,13,mold,chocolate,bake,baker,baking,cake,christmas,spores,bathroom,black,ill
394231,29.0,14,pole,north,santa,rudolph,reindeer,christmas,dance,dancing,strippers,fitness,money
399785,46.0,0,nasty,awful,unpleasant,horrid,rude,painful,bad,mean,disgusting,unkind,foul
399785,46.0,1,beverage,drink,fluid,water,refreshment,brew,cuppa,liquid,tea,coffee,squash
399785,46.0,2,joke,gag,pun,punchline,joker,comic,humor,funny,offensive,rude,book
399785,46.0,3,oatmeal,breakfast,porridge,oats,cereal,milk,healthy,filling,hot,toppings,stodge
399785,46.0,4,peaceful,quiet,tranquil,peace,restful,restorative,calm,relaxing,unwind,silent,still
399785,46.0,5,back,front,side,top,bottom,body,trunk,return,reply,respond,support
399785,46.0,6,not,cant,wont,nan,other,rule,warning,risk,warn,deny,refuse
399785,46.0,7,opening,up,entrance,vacancy,new,starting,undoing,unwrapping,position,void,cavern
399785,46.0,8,bird,sparrow,crow,tit,robin,owl,flight,worms,feed,falcon,eagle
399785,46.0,9,loose,flowing,light,unsecure,insecure,free,wild,gone,release,baggy,roomy
399785,46.0,10,year,months,days,time,hours,minutes,seconds,life,birthdays,christmas,date
399785,46.0,11,sunrise,morning,sun,sunshine,yellow,orange,daylight,daytime,rise,start,beginning
399785,46.0,12,snake,reptile,creature,scary,exotic,poisonous,venom,danger,wild,sid,hunter
399785,46.0,13,right,left,direction,wrong,correct,best,hand,side,pass,just,fair
399785,46.0,14,attire,dress,outfit,clothes,clothing,suits,,formal,casual,professional,style
40221,30.0,0,sap,tree,substance,sticky,spring,seasons,plants,fluid,life,liquid,leaves
40221,30.0,1,stocking,tights,socks,christmas,presents,warehouse,supermarket,shelves,hosiery,supplying,replenishing
40221,30.0,2,occupation,task,activity,profession,occupy,job,business,earn,work,living,house
40221,30.0,3,retreat,retire,withdraw,hideaway,back,secluded,relax,vacation,haven,settle,quiet
40221,30.0,4,pad,paper,writing,drawing,art,sanitary,female,house,cushion,tablet,book
40221,30.0,5,relativity,family,related,trust,love,dependency,connection,common,known,shared,fair
40221,30.0,6,braces,dentist,teeth,appliance,hold,clothing,pair,support,wear,unpleasant,uneasy
40221,30.0,7,radiator,heater,electric,gas,metal,storage,warm,bleed,costly,energy,home
40221,30.0,8,oar,row,sweep,pole,post,paddle,sail,marine,propel,boat,cruise
40221,30.0,9,beginner,new,starter,learner,apprentice,school,young,training,fresh,newcomer,shy
40221,30.0,10,pardon,excuse,polite,manners,hearing,repeat,conversation,shock,forgive,sorry,condone
40221,30.0,11,claims,declare,request,apply,help,insurance,benefits,office,department,telephone,accident
40221,30.0,12,salesman,dealer,shopkeeper,business,trader,earning,living,selling,profit,work,income
40221,30.0,13,brake,car,tram,bus,train,bike,slow,stop,halt,wait,repairs
40221,30.0,14,buck,cash,resist,oppose,kick,horse,jump,leap,coin,currency,funds
404725,32.0,0,bark,dog,woof,tree,plant,yap,shout,order,angry,aggressive,wolf
404725,32.0,1,acknowledge,recognise,accept,yes,listen,agree,concentrate,heard,hear,confirmed,military
404725,32.0,2,sales,money,orders,shop,profit,savings,car,price,cost,proposition,usp
404725,32.0,3,switch,console,games,light,change,on,off,alternate,bank,insurance,nintendo
404725,32.0,4,zoo,animals,lion,tiger,expensive,zebra,wildlife,mud,greenery,park,outside
404725,32.0,5,means,tested,angry,describe,understands,horrible,explains,money,result,process,way
404725,32.0,6,modest,money,rich,honest,naked,cover,fair,humble,,adequate,enough
404725,32.0,7,canvass,paint,picture,colour,artist,image,art,blank,paintbrush,white,pencil
404725,32.0,8,scapegoat,escape,mug,lies,blame,dishonest,protect,wrongdoing,mistake,framing,accusation
404725,32.0,9,chapter,book,read,reading,beginnings,fresh,story,start,kindle,restart,video
404725,32.0,10,mosquito,bite,pain,annoying,fly,holidays,blood,infection,bands,spray,pimple
404725,32.0,11,oak,tree,furniture,chair,table,acorn,pine,wood,smell,bed,making
404725,32.0,12,ribs,body,bones,breathing,lungs,human,eating,beef,sauce,blood,break
404725,32.0,13,stand,legs,sore,vertical,concert,tv,book,queue,fall,tall,feet
404725,32.0,14,rodeo,bull,ring,fall,ride,sport,,cowboy,america,experience,cowgirl
406912,38.0,0,potato,vegetable,chips,mash,soil,lazy,grow,sweet,round,dauphinoise,eye
406912,38.0,1,laugh,cry,happy,funny,awkward,joke,play,silly,fun,loud,giggle
406912,38.0,2,aunt,girl,family,uncle,sister,baby,proud,enjoy,play,mum,relative
406912,38.0,3,terrible,horrible,traumatic,bad,good,melancholy,slight,awful,sing,act,performance
406912,38.0,4,anxious,worry,heartbeat,stress,paranoia,sweat,overthink,adrenaline,bad,slow,breathless
406912,38.0,5,pet,cat,dog,rabbit,love,soft,comfort,friendship,fun,cute,cuddly
406912,38.0,6,want,need,object,desire,buy,shopping,money,have,chocolate,cake,love
406912,38.0,7,toilet,seat,wee,poo,illness,flush,unclean,dirty,smelly,water,handle
406912,38.0,8,trousers,clothes,top,shirt,pinstripe,flare,straight,skinny,comfy,warm,jeans
406912,38.0,9,best,great,better,good,top,try,winner,successful,race,smart,money
406912,38.0,10,stuff,thing,objects,clothes,possession,mess,clutter,obsessed,overload,full,want
406912,38.0,11,rifle,search,gun,kill,dangerous,hunt,shoot,bullet,scary,dislike,evil
406912,38.0,12,skinny,thin,anorexic,food,exercise,healthy,unhealthy,slim,fat,perfect,model
406912,38.0,13,silly,funny,unserious,fun,humor,act,friends,family,husband,son,laugh
406912,38.0,14,wet,dry,towel,water,moist,humid,soaking,rain,cold,shiver,dull
410547,24.0,0,clamp,grasp,clutch,woodwork,strength,hold,support,jaw,vice,grip,still
410547,24.0,1,briefcase,holdall,suit,bag,suitcase,office,documents,business,smart,important,influence
410547,24.0,2,onion,garlic,cry,tears,shrek,cut,layers,glass,green,red,crunchy
410547,24.0,3,racket,noise,tennis,nuisance,bother,mob,racketeering,equipment,court,throw,umpire
410547,24.0,4,bulletin,news,board,notice,quick,urgent,update,information,pin,advertisements,clubs
410547,24.0,5,appliance,electrical,useful,kettle,kitchen,home,toaster,fridge,tv,dishwasher,lights
410547,24.0,6,addition,plus,add,sum,extra,add-on,maths,more,complement,lots,higher
410547,24.0,7,squeal,scream,squeak,pig,oink,yell,skirmish,scared,shocked,surprised,loud
410547,24.0,8,blackboard,learning,school,chalk,whiteboard,old,victorian,antiquated,obsolete,teacher,noise
410547,24.0,9,achievement,triumph,accolade,trophy,award,recognition,knowledge,efficiency,milestone,goal,success
410547,24.0,10,builder,carpenter,house,bob,trucks,tradesman,plumber,building,helmet,vest,site
410547,24.0,11,allergy,nan,aversion,susceptible,vulnerable,weakened,immunodeficiency,medication,scratching,tablets,pollen
410547,24.0,12,neighbor,friend,bible,acquaintance,community,neighbourhood,american,simpson,flander,outlast,sugar
410547,24.0,13,psychology,study,brain,thoughts,meaning,psychiatry,freud,ego,cocktail,drugs,treatment
410547,24.0,14,sway,wave,tilt,lean,blow,flimsy,unsteady,wag,unsecured,windy,loose
411204,39.0,0,still,movement,rapid,water,time,calm,peace,lasting,static,stationary,stop
411204,39.0,1,anchor,weight,ship,heavy,safe,steady,drop,sea,seagulls,rope,boat
411204,39.0,2,intake,breath,lungs,stock,bathe,suck,inhale,inwards,motion,meditation,peace
411204,39.0,3,transportation,movement,car,public,business,train,goods,military,country,motion,wheels
411204,39.0,4,unit,item,goods,stock,single,maths,measurement,time,digit,shelf,calculate
411204,39.0,5,zone,area,influence,game,sports,lucid,space,parking,traffic,games,charge
411204,39.0,6,boss,authority,influence,work,money,power,suit,office,desk,confident,competent
411204,39.0,7,mold,fungus,green,grey,fruit,bread,damp,disease,creaking,rotten,old
411204,39.0,8,menthol,mint,cigarettes,breathing,packet,lozenge,lighter,green,advertisement,nose,throat
411204,39.0,9,pole,north,street,tall,lights,hook,ice,fish,flag,barbers,television
411204,39.0,10,score,football,results,glory,sports,nil,striker,goals,table,numbers,fairness
411204,39.0,11,bless,god,sneeze,fortune,mess,you,count,christmas,religion,bible,angel
411204,39.0,12,loyal,company,team,commitment,bonus,payment,scheme,colours,future,past,royal
411204,39.0,13,permission,area,seek,authority,restricted,ask,receive,enter,action,boss,leave
411204,39.0,14,piston,engine,train,steam,movement,whistle,chugging,heat,furnace,pumping,brass
418442,41.0,0,meteor,fire,world,ending,trama,life,space,universe,gendarme,jumping,sky
418442,41.0,1,time,clock,hands,fast,running,watch,smartwatch,chased,limit,timed,speed
418442,41.0,2,soil,earth,mars,wet,moist,lose,loose,toil,fertile,crunch,through
418442,41.0,3,shears,cut,scissors,sharp,blade,fine,beard,haircut,grass,lean,cheater
418442,41.0,4,savior,jesus,rescue,miracle,rise,heaven,believe,waves,bible,singing,praise
418442,41.0,5,tease,sex,women,fitness,ease,please,tea,warm,slick,unfair,happy
418442,41.0,6,stick,wood,beat,plant,thick,thin,broom,pogo,straw,soup,stone
418442,41.0,7,tribute,church,honour,lie,giveaway,tide,broke,why,help,sacrifice,nan
418442,41.0,8,journal,diary,personal,secret,mistake,lies,writing,freedom,creative,live,wonder
418442,41.0,9,technician,technology,iphone,samsung,google,chatting,advancement,poco,data,space,electricity
418442,41.0,10,attach,love,together,fix,meld,mix,join,marriage,bind,wind,finder
418442,41.0,11,survive,live,better,rich,money,careful,hopeful,when,if,,forever
418442,41.0,12,balcony,jackson,beach,baby,relax,greece,wood,rich,peace,overlook,destiny
418442,41.0,13,trombone,annoying,noise,future,wrong,funny,music,smash,find,joker,wonder
418442,41.0,14,sober,drink,alcohol,prayer,better,pain,love,recovery,nan,rush,rum
431222,30.0,0,mussel,sea,shell,ocean,shellfish,clam,blue,french,seafood,wine,beach
431222,30.0,1,toil,trouble,mess,situation,problem,issue,conundrum,shakespeare,bubble,cauldron,witch
431222,30.0,2,perish,rot,mould,old,food,die,death,corpse,cadaver,flesh,fruit
431222,30.0,3,boiled,bubble,water,hot,steam,kettle,pot,oven,vegetable,tea,coffee
431222,30.0,4,pale,skin,white,pastel,foundation,tan,freckles,complexion,nan,ginger,english
431222,30.0,5,under,beneath,below,stack,ground,lower,levels,pile,nan,bury,bunk
431222,30.0,6,atmosphere,air,breath,ambience,feeling,space,ozone,gases,oxygen,stuffy,vibe
431222,30.0,7,twice,two,duo,double,twin,duet,repeat,copy,again,reiterate,drover
431222,30.0,8,checking,correcting,teacher,marking,score,exam,editing,proofreading,tick,audit,monitoring
431222,30.0,9,meter,track,electric,energy,bills,water,levels,numbers,monitoring,monthly,home
431222,30.0,10,oath,promise,vow,court,proclaim,wedding,binding,tied,blood,contract,deed
431222,30.0,11,inflation,rise,bills,money,economics,society,prices,cost,living,payment,shopping
431222,30.0,12,safari,africa,animals,khakis,gun,jeep,tiger,elephant,holiday,hot,landscape
431222,30.0,13,soak,bath,water,bubbles,washing,stain,drench,wet,soggy,drown,overnight
431222,30.0,14,sometimes,often,occasionally,time,repeat,activity,options,casual,choice,appearance,vague
437148,22.0,0,shove,push,barge,shoulder,ram,hands,door,wrestle,angry,disagreement,rude
437148,22.0,1,caffeine,energy,monster,coffee,buzz,focus,quiet,tired,drink,addictive,sleepy
437148,22.0,2,scrap,fight,rubbish,car,hit,punch,tip,angry,paper,food,tussle
437148,22.0,3,say,speak,talk,maybe,something,whatever,conversation,saying,comment,language,loud
437148,22.0,4,sling,shot,arm,cast,injury,carry,shoulder,bag,throw,lob,careless
437148,22.0,5,regret,remorse,guilt,embarrassment,anguish,humiliation,change,growth,sorrow,apology,action
437148,22.0,6,why,how,where,who,when,because,question,reason,answer,curious,frustration
437148,22.0,7,record,video,music,vinyl,tape,proof,memory,song,audio,player,listening
437148,22.0,8,legend,key,genius,professional,idol,description,mentor,respected,distinctive,graph,axes
437148,22.0,9,vote,confidence,parliament,government,congress,agreement,disagree,collective,competitive,challenge,belief
437148,22.0,10,zest,lemon,lime,life,energy,passion,tangy,tasty,enthusiasm,citrus,grater
437148,22.0,11,mammal,horse,dog,whale,cow,human,bird,reptile,fish,bacteria,friend
437148,22.0,12,lightheaded,dizzy,faint,airhead,squeamish,altitude,nosebleed,collapse,weak,nauseous,sick
437148,22.0,13,slay,queen,dragon,knight,slang,winning,girl,fashion,battle,duel,fight
437148,22.0,14,mechanical,engineering,car,aeroplane,train,engine,machine,advantage,torque,assistance,power
44315,25.0,0,lightheaded,faint,ill,hot,scared,tired,floaty,dissociate,balloon,mist,head
44315,25.0,1,scrap,heap,metal,yard,rubbish,man,recycle,car,truck,van,bin
44315,25.0,2,shove,push,fall,mean,shovel,stairs,hit,ouch,pull,hurt,bruise
44315,25.0,3,vote,politics,poll,questionnaire,quiz,rights,policy,yes,no,labour,conservative
44315,25.0,4,say,yes,see,speak,hear,smell,talk,stay,listen,no,sail
44315,25.0,5,regret,sad,mournful,hope,wish,mistake,try,hard,upset,down,wrong
44315,25.0,6,slay,queen,kill,king,stay,blood,cut,head,medieval,punishment,torture
44315,25.0,7,mammal,animal,dog,cat,mouse,human,monkey,antelope,elephant,lion,bird
44315,25.0,8,record,cd,music,sound,listen,player,radio,device,phone,disc,tape
44315,25.0,9,caffeine,coffee,tea,hyper,energy,monster,coke,up,run,sleep,awake
44315,25.0,10,sling,shot,arm,baby,material,stretch,break,pull,ball,hit,game
44315,25.0,11,mechanical,automatic,car,garage,technical,plumbing,electrical,clock,watch,keyboard,type
44315,25.0,12,zest,lemon,orange,lime,tangy,life,salsa,avocado,guacamole,spain,acidic
44315,25.0,13,why,not,wrong,right,question,mystery,what,who,when,where,unknown
44315,25.0,14,legend,league,history,winner,big,major,human,change,different,political,war
444192,49.0,0,peace,quiet,happy,relax,sleep,war,noise,freedom,happiness,friendship,harmony
444192,49.0,1,live,living,experiences,person,hobby,breathing,well,singing,party,happiness,personal
444192,49.0,2,smog,dirty,foggy,smelly,visibility,unhealthy,cloudy,breathing,dark,mucky,industry
444192,49.0,3,adult,male,female,responsible,responsibility,old,grown,tall,experienced,working,family
444192,49.0,4,reflection,thinking,looking,shiny,picture,seeing,reminiscing,talking,happiness,checking,makeup
444192,49.0,5,truth,honesty,lies,noble,proud,belief,false,commendable,correct,responsibility,right
444192,49.0,6,response,answer,discussion,email,talking,reading,reply,good,letter,,report
444192,49.0,7,sex,gender,exciting,pleasurable,great,sensual,loving,exploring,messy,nice,good
444192,49.0,8,wall,brick,boundary,partition,high,strong,paint,perimeter,safe,nice,good
444192,49.0,9,mushroom,fungi,cooked,tasty,nan,healthy,nice,cheap,abundance,grown,wild
444192,49.0,10,vulnerable,scared,frightened,withdrawn,impressionable,emotional,gullible,weak,disabled,difficulties,abused
444192,49.0,11,organ,musical,instrument,happy,noisy,heart,lungs,kidney,liver,songs,band
444192,49.0,12,web,spiders,pretty,annoying,scary,internet,google,ebay,amazon,searching,good
444192,49.0,13,chapel,church,religion,god,married,christening,vicar,building,steeple,prayers,hymns
444192,49.0,14,suede,coat,settee,shoes,cloth,clothes,soft,brown,touch,boots,furniture
447415,68.0,0,peaceful,still,quiet,serene,content,green,restful,comfortable,garden,meditate,prayer
447415,68.0,1,loose,loss,mislay,hidden,decrease,smaller,forfeit,fail,lost,weight,item
447415,68.0,2,snake,long,green,viper,adder,coiled,colourful,poisonous,harness,crushing,fear
447415,68.0,3,back,return,retreat,skeleton,pain,rear,regress,spine,wards,support,alley
447415,68.0,4,nasty,offensive,distasteful,unpleasant,rude,odour,smell,taste,horrible,sour,disagreeable
447415,68.0,5,year,time,months,decade,length,,session,period,new,old,next
447415,68.0,6,bird,canary,singing,robin,feathers,nest,parrot,flying,blackbird,thrush,tit
447415,68.0,7,joke,funny,amusing,dull,sarcastic,dads,old,bad,trick,upset,ending
447415,68.0,8,oatmeal,porridge,flapjacks,crumble,food,biscuits,flour,baking,tasty,instant,cereal
447415,68.0,9,beverage,tea,coffee,drink,fluid,liquid,milk,tot,chocolate,enjoyable,relaxing
447415,68.0,10,sunrise,light,sky,red,clouds,day,new,pink,yellow,sun,rays
447415,68.0,11,attire,clothes,apparel,dress,outfit,costume,trousers,shirt,formal,scarf,skirt
447415,68.0,12,opening,door,gateway,opportunity,inviting,job,invite,gap,space,vista,hole
447415,68.0,13,right,hand,correct,turning,politics,wing,turn,sort,answer,way,justice
447415,68.0,14,not,reject,refuse,unprofitable,unworthy,illegal,different,unhygienic,uninhabitable,inhuman,never
447862,55.0,0,recliner,seat,couch,chair,bed,sunbed,deckchair,armchair,beanbag,inflatable,mattress
447862,55.0,1,blind,roller,venetian,vertical,roman,blackout,vision,nan,night,dark,darkness
447862,55.0,2,triangle,shape,points,angle,hypotenuse,scalene,maths,three,equilateral,flat,draw
447862,55.0,3,pickles,vinegar,onions,gherkins,tasty,salad,sugar,situations,problems,nicknames,cabbage
447862,55.0,4,process,method,rules,think,work,thoughts,absorb,clarify,routine,checklist,sort
447862,55.0,5,cathedral,worship,church,grand,big,singing,religious,architecture,steeple,dogma,idols
447862,55.0,6,spend,time,money,company,hobbies,price,total,spreadsheet,collate,cash,credit
447862,55.0,7,repeat,again,clarify,check,watch,persist,try,echo,reiterate,summary,conclusions
447862,55.0,8,obey,perform,follow,yield,notice,agree,note,adhere,defer,take,heed
447862,55.0,9,messy,untidy,tangled,muddle,shaggy,unkempt,dishevelled,disorderly,stained,undone,abandoned
447862,55.0,10,thought,thinking,process,deep,wondering,contemplating,pondering,searching,deciding,decoding,lamenting
447862,55.0,11,marble,stone,cold,white,veins,small,round,glass,toy,game,pretty
447862,55.0,12,camping,tent,bed,bugs,outside,wild,nature,sky,cold,free,liberty
447862,55.0,13,procedure,process,order,way,operation,manner,method,scheme,work,checklist,plan
447862,55.0,14,vow,promise,agree,declare,solemn,wedding,engage,vouch,guarantee,sure,ensure
452619,38.0,0,addition,subtraction,addiction,growth,expand,numbers,economy,music,add,adder,snake
452619,38.0,1,briefcase,brief,case,short,office,worker,documents,apple,lawyer,politician,white
452619,38.0,2,builder,worker,construction,build,create,housing,site,bum,nan,vest,hardhat
452619,38.0,3,allergy,sneeze,nan,epipen,swelling,die,itch,hives,nerd,weak,ill
452619,38.0,4,achievement,school,work,plan,goal,smug,hagiography,official,pr,bland,success
452619,38.0,5,racket,business,tennis,health,politics,ball,exploitation,consumer,sleaze,corruption,scam
452619,38.0,6,sway,wavy,wobble,drunk,influence,achieve,public,popular,imbalanced,wind,tree
452619,38.0,7,blackboard,software,chalk,dust,school,maths,children,work,physics,lecture,black
452619,38.0,8,neighbor,nearest,friend,house,noise,aggro,disturbance,solidarity,speak,fence,planning
452619,38.0,9,psychology,people,brains,mind,psychoanalysis,interest,behaviourism,scientism,mental,health,politics
452619,38.0,10,clamp,control,hold,still,pain,prevent,restrict,contain,safety,work,file
452619,38.0,11,onion,net,tor,food,tears,gross,curry,fried,smell,trite,tired
452619,38.0,12,appliance,app,nan,kitchen,aid,apply,application,tool,machine,food,prep
452619,38.0,13,bulletin,bullet,in,board,builtin,information,notice,communication,sign,note,pin
452619,38.0,14,squeal,squeak,high-pitched,noise,fear,excitement,mouse,small,non-threatening,cute,glop
457746,43.0,0,canvass,painting,picture,oil,artist,gallery,hobby,drawing,sketching,landscape,colour
457746,43.0,1,bark,tree,grass,nature,outside,brown,natural,rough,growing,jungle,forest
457746,43.0,2,chapter,book,words,story,beginning,ending,paragraphs,appendix,author,,verse
457746,43.0,3,sales,money,refund,receipt,products,services,goods,customer,invoice,banking,warranty
457746,43.0,4,ribs,barbecue,cage,bones,cooked,meat,grilled,spare,coated,,melt
457746,43.0,5,oak,table,door,tree,stain,flooring,laminate,wood,craft,chairs,stairs
457746,43.0,6,stand,sit,walk,band,keyboard,metal,pedestal,watching,silence,statue,upright
457746,43.0,7,mosquito,insect,disease,malaria,pest,bites,water,parasite,infection,viral,transmit
457746,43.0,8,modest,humble,discreet,timid,graceful,respectful,shy,simple,plain,budget,prudent
457746,43.0,9,zoo,animals,visitor,cage,extinction,keepers,dangerous,breeding,captivity,exotic,vets
457746,43.0,10,acknowledge,nod,salute,receipt,assert,deny,apologise,kindness,existence,ownership,legitimate
457746,43.0,11,switch,light,off,on,turn,change,electricity,plug,manual,automated,signal
457746,43.0,12,scapegoat,blame,failure,convenient,unpopular,sacrifice,accuse,exploitation,corruption,innocent,conspiracy
457746,43.0,13,rodeo,horse,cowboy,america,desert,competition,bulls,ring,hats,equestrian,riding
457746,43.0,14,means,procure,subsistence,communicates,deprive,knowing,unlawful,ability,legitimate,practical,averages
459022,26.0,0,meteor,shower,strike,rock,atmosphere,impact,collision,divert,explode,catastrophe,ball
459022,26.0,1,trombone,instrument,music,brass,noise,loud,blow,slide,spit,annoying,metal
459022,26.0,2,tease,playful,joke,friendly,relaxed,untie,wiggle,laugh,antagonise,irritate,horsing
459022,26.0,3,soil,dirt,mud,ground,grow,earth,brown,moist,plant,kick,messy
459022,26.0,4,stick,wood,tree,twig,branch,bough,find,pointy,walking,cane,hiking
459022,26.0,5,journal,write,diary,plan,organise,schedule,thoughts,mind,notes,scribble,draw
459022,26.0,6,tribute,band,respect,love,kindness,imitation,payment,praise,dedicate,remember,reminisce
459022,26.0,7,shears,scissors,hedge,grass,branches,cut,sheep,wool,shave,snip,chop
459022,26.0,8,time,watch,clock,hours,days,minutes,years,months,concept,social,decades
459022,26.0,9,balcony,view,vista,holiday,relax,beer,wine,games,high,dangerous,windy
459022,26.0,10,attach,join,glue,tape,affix,connect,link,adhere,bind,together,fasten
459022,26.0,11,survive,live,alive,life,exist,sustain,maintain,endure,persistence,brave,fight
459022,26.0,12,technician,work,complicated,tools,skilled,expertise,fix,maintenance,repair,technology,clever
459022,26.0,13,sober,alcohol,abstain,difficult,process,addiction,drunk,sad,solemn,judge,serious
459022,26.0,14,savior,saved,hero,protect,rescue,defend,fight,jesus,guardian,help,overcome
463747,26.0,0,chorus,choir,christmas,church,bells,wedding,priest,singing,happy,people,crowd
463747,26.0,1,past,present,history,technology,lives,future,war,conflict,fear,work,fashion
463747,26.0,2,cinema,movie,popcorn,chocolates,hot-dog,drinks,food,actors,actresses,sweets,laughter
463747,26.0,3,believe,trust,happiness,future,positivity,hopeful,money,finances,family,fun,smile
463747,26.0,4,publication,magazine,newspaper,news,stories,media,celebrities,sports,hollywood,drama,latest
463747,26.0,5,wreck,awful,disaster,unhappiness,worry,scared,safety,damage,drama,fear,tragedy
463747,26.0,6,shoulder,body,limbs,muscles,arm,leg,feet,hands,head,features,ears
463747,26.0,7,repair,fix,together,broken,damaged,sad,money,finances,cost,ruin,redo
463747,26.0,8,wish,hopeful,dream,future,success,prayer,magic,believe,aspire,desire,fantasy
463747,26.0,9,tomato,vegetable,salad,broccoli,sauce,fruit,grow,pizza,garden,fresh,raw
463747,26.0,10,rectangle,square,triangle,shape,circle,length,symmetry,width,angles,long,area
463747,26.0,11,spider,web,scary,big,small,insect,legs,crawl,run,,fangs
463747,26.0,12,infection,disease,virus,bacteria,spread,immune,symptoms,treatment,medicine,antibiotics,contagious
463747,26.0,13,riddle,answer,song,puzzle,quiz,question,mystery,teaser,smart,logic,challenge
463747,26.0,14,amaze,stunned,surprised,wonder,inspire,happiness,delight,amazing,astonish,fascinate,wow
471201,64.0,0,repeat,wombat,violin,female,house,swimming,dress,hand,criminal,nan,car
471201,64.0,1,pickles,situation,jar,vinegar,carrots,chronic,dog,fermented,peppercorns,chili,heat
471201,64.0,2,messy,disorganised,party,tatty,unhinged,spilt,situation,hair,tangled,painting,tousled
471201,64.0,3,blind,eyes,unaware,vision,operation,cataracts,occluded,misty,eyelash,conjunctivitis,corner
471201,64.0,4,camping,tent,field,compost,peg,campsite,slumming,billycan,fire,pot,sleeping-bag
471201,64.0,5,obey,love,honour,comply,aggressive,agree,disagree,disobey,vows,robot,passive
471201,64.0,6,procedure,operation,medical,hospital,follow,disobey,pattern,agree,implement,suggest,direct
471201,64.0,7,process,discipline,procedure,amalgamate,follow,blend,ingredients,,implement,life,learning
471201,64.0,8,vow,obey,break,disobey,state,promise,determine,agree,announce,enunciate,honour
471201,64.0,9,cathedral,pulpit,knave,bishop,verger,westminster,wedding,organ,procession,holy,chancery
471201,64.0,10,spend,money,time,thrift,save,effort,cash,shop,pay,credit,bitcoin
471201,64.0,11,recliner,chair,back,arms,automatic,remote,relax,sleep,distress,supportive,stretch
471201,64.0,12,thought,idea,attitude,dreams,positive,negative,purple,brain,invent,read,figure
471201,64.0,13,marble,ball,glass,pretty,colour,throw,play,surface,sculpt,cool,etch
471201,64.0,14,triangle,isoscele,three,delta,circle,square,zen,bermuda,draw,calculate,angle
475875,78.0,0,circus,clown,tent,elephant,horse,swing,seats,sweets,red,crowd,laughter
475875,78.0,1,little,small,tiny,insufficient,old,scant,large,minute,miniscule,dainty,petite
475875,78.0,2,turkey,roast,christmas,table,stuffing,soup,curry,sandwich,dinner,guests,crackers
475875,78.0,3,choir,church,singers,bells,robes,joy,group,paper,hymns,gospel,school
475875,78.0,4,squirrel,red,grey,nuts,speed,cache,suppleness,bright,jumps,scarcity,endangered
475875,78.0,5,lamb,jumping,bleating,woolly,soft,joyful,chops,easter,curry,gentle,prey
475875,78.0,6,loaf,bread,lazy,white,brown,black,staple,bake,sandwich,,rye
475875,78.0,7,pouch,purse,protrusion,food,illness,tobacco,pet,money,drink,puree,jam
475875,78.0,8,shrimp,small,tiny,slim,prawn,sea,food,net,curry,lobster,seafood
475875,78.0,9,be,exist,live,relax,,enjoy,do,experience,feel,aware,appreciate
475875,78.0,10,snot,green,yellow,slime,,handkerchief,tissue,wash,clean,nose,lip
475875,78.0,11,serpent,snake,supple,sliding,dangerous,wily,strong,long,gold,hidden,greedy
475875,78.0,12,vodka,spirits,strong,russia,transparent,odourless,burning,tasteless,dancing,coldness,toasts
475875,78.0,13,left,right,scraps,liberal,river,abandoned,marching,available,free,unloved,singular
475875,78.0,14,subtract,deduct,minus,dilute,diminish,reduce,detract,maths,arithmetic,hard,failure
476792,39.0,0,regret,dishonest,overthinking,sad,missed,remorse,sorrow,apologetic,upset,disappointing,cry
476792,39.0,1,say,speak,communicate,voice,language,native,makaton,friendship,whisper,shout,eyeroll
476792,39.0,2,mechanical,engine,hardworking,computer,engineer,automatic,forces,tools,electronic,robot,car
476792,39.0,3,zest,spicy,tang,zing,flavour,passion,excitement,energy,life,lemon,peel
476792,39.0,4,scrap,fight,metal,gypsy,copper,junk,chippy,silver,gold,paper,piece
476792,39.0,5,lightheaded,ill,drunk,poorly,dizzy,weak,faint,glucose,whirling,rollercoaster,headache
476792,39.0,6,shove,push,fight,football,mad,jostle,ram,hustle,busy,packed,bustling
476792,39.0,7,slay,dragon,kill,murder,george,hot,execute,destroy,sword,stone,armour
476792,39.0,8,record,paperchase,music,artist,radio,lp,cd,cassette,button,time,records
476792,39.0,9,sling,shot,rope,brat,cranes,hammock,broken,toss,throw,suspend,dispose
476792,39.0,10,why,question,uncertain,child,betrail,thinking,unanswered,problem,algebra,war,power
476792,39.0,11,caffeine,coffee,awake,buzzing,sleepless,shampoo,tea,energy,restless,free,intolerant
476792,39.0,12,vote,freedom,labour,torie,poll,stations,postcode,scam,government,lies,political
476792,39.0,13,legend,me,superstar,movie,dog,gladiator,myth,history,tale,disney,king
476792,39.0,14,mammal,dog,whale,cat,animal,cow,biology,fur,meat,farm,zoo
477554,28.0,0,squirrel,creature,animal,tail,fluffy,grey,red,woodland,nibble,ears,cheeky
477554,28.0,1,snot,bogeys,cold,nose,sneeze,handkerchief,flu,poorly,tissue,smiley,ill
477554,28.0,2,circus,tent,clown,master,red,acrobatics,cannon,travelling,elephant,ring,showman
477554,28.0,3,serpent,snake,tongue,evil,fangs,venom,reptile,viper,temptation,boa,bite
477554,28.0,4,shrimp,prawn,breaded,swim,shell,pink,feelers,legs,cocktail,ocean,tail
477554,28.0,5,subtract,minus,plus,maths,addition,takeaway,multiply,divide,timetable,difficult,less
477554,28.0,6,lamb,sheep,wool,cuddle,play,frolic,bleat,field,birth,baby,soft
477554,28.0,7,left,right,up,down,direction,west,hand,different,side,position,turn
477554,28.0,8,pouch,kangaroo,bag,safe,marsupial,baby,warm,dark,koala,purse,mum
477554,28.0,9,turkey,bird,christmas,gobble,feather,beak,wattle,loud,big,chicken,country
477554,28.0,10,loaf,bread,cat,warm,toast,slice,perfect,snack,shopping,cozy,lazy
477554,28.0,11,little,small,tiny,big,size,comparison,sister,egg,donkey,toe,finger
477554,28.0,12,vodka,soda,drink,alcohol,spirit,lime,bar,shoulder,drunk,nasty,cranberry
477554,28.0,13,be,am,was,to,small,auxiliary,grammar,word,go,core,being
477554,28.0,14,choir,sing,group,christmas,carols,people,well-being,leader,opera,rock,religion
480658,45.0,0,not,no,never,nor,negative,unpositive,nah,nought,zero,nowt,noo
480658,45.0,1,beverage,drink,water,milk,alcohol,soft,fizzy,still,sparkling,fluid,hot
480658,45.0,2,sunrise,dawn,chorus,birds,light,sunlight,sun,sky,bats,flower,awake
480658,45.0,3,joke,funny,humour,clown,laugh,sarcasm,ha-ha,trap,rude,trick,windup
480658,45.0,4,right,left,direction,wrong,up,down,lateral,glancing,correct,tick,mark
480658,45.0,5,year,annum,annual,days,months,seasons,term,lunar,cycle,new,start
480658,45.0,6,attire,clothes,wear,suit,dress,getup,clatter,rags,tart,colour,accessories
480658,45.0,7,opening,start,new,prologue,curtain,anew,begin,entrance,pistol,enter,starter
480658,45.0,8,bird,tweet,owl,woman,tart,robin,chorus,song,branch,twitter,sing
480658,45.0,9,loose,free,untight,tighten,tie,untie,loosen,wriggle,wiggle,escape,zoo
480658,45.0,10,oatmeal,porridge,herring,salt,scottish,water,breakfast,nan,mornflake,quaker,oats
480658,45.0,11,peaceful,free,restful,quiet,silent,,slow,tranquil,transient,water,peace
480658,45.0,12,back,return,behind,support,vertebra,bone,burner,side,lit,beyond,wall
480658,45.0,13,nasty,mean,unpleasant,mould,mank,rotten,smelly,grim,grotty,dirty,grubby
480658,45.0,14,snake,liar,slither,venom,fang,eyes,bite,skin,long,cobra,adder
481325,50.0,0,claims,requests,opines,states,compensation,pronounces,insurance,airports,announcer,press,court
481325,50.0,1,oar,boat,rowing,race,water,river,wood,daedalus,island,sea,paddle
481325,50.0,2,pad,dog,foot,notepad,pen,writing,tiptoe,socks,paw,paper,lines
481325,50.0,3,salesman,suitcase,nan,manipulate,con,pressure,commission,suit,man,money,buying
481325,50.0,4,relativity,einstein,physics,formulae,universe,science,energy,understanding,education,relational,libra
481325,50.0,5,occupation,work,career,hobby,volunteering,time,skill,employment,job,identity,retirement
481325,50.0,6,brake,bike,car,handlebars,fluid,speed,safety,wheel,stop,beach,sandbar
481325,50.0,7,braces,son,teeth,orthodontist,wires,metal,smile,crash,arms,protection,impact
481325,50.0,8,retreat,writing,peace,yoga,hideaway,introversion,battle,solitude,regroup,recovery,relaxation
481325,50.0,9,pardon,forgive,legal,redress,miscarriage,justice,manners,misheard,deafness,question,childhood
481325,50.0,10,buck,young,money,usa,dollar,skin,hide,animal,rear,ride,cowboy
481325,50.0,11,sap,tree,birch,maple,sticky,sweet,seasonal,sapling,young,seedling,green
481325,50.0,12,beginner,learner,education,start,knowledge,new,fresh,naive,untutored,enthusiastic,induction
481325,50.0,13,radiator,heat,plumbing,uk,windows,pipes,copper,gas,oil,water,washing
481325,50.0,14,stocking,christmas,presents,santa,red,white,morning,chimney,regency,silk,fashion
483983,57.0,0,peaceful,calm,tranquil,quiet,restful,hush,relax,sleep,soothing,secure,bliss
483983,57.0,1,attire,clothing,dress,garment,costume,finery,garb,outfit,wardrobe,clobber,apparel
483983,57.0,2,year,date,time,period,age,months,seasons,stage,span,phase,timespan
483983,57.0,3,beverage,drink,refreshment,libation,fluid,alcohol,soft,cordial,squash,water,spirit
483983,57.0,4,nasty,unpleasant,horrible,unkind,disagreeable,awful,odious,foul,terrible,frightful,vile
483983,57.0,5,right,correct,fair,upright,legal,just,proper,honest,lawful,moral,honourable
483983,57.0,6,joke,quip,funny,pun,wit,crack,gag,killer,jest,one-liner,wisecrack
483983,57.0,7,not,no,maybe,be,negative,absolutely,nay,never,seldom,somewhat,barely
483983,57.0,8,bird,fowl,game,songbird,warbler,raptor,nesting,fledging,chick,beak,feather
483983,57.0,9,oatmeal,porridge,breakfast,milk,warm,ground,wholemeal,wholegrain,healthy,thick,comfort
483983,57.0,10,opening,hole,gap,slot,vent,split,crack,window,door,cut,space
483983,57.0,11,back,rear,behind,stern,tail,away,reverse,,forward,other,tag
483983,57.0,12,sunrise,morning,dawn,daybreak,early,first,light,orange,horizon,rise,day
483983,57.0,13,snake,serpent,limbless,skin,traitor,reptile,zigzag,twist,coil,venom,curve
483983,57.0,14,loose,baggy,unsecure,wobbly,unsteady,detached,moveable,nan,release,free,unfasten
484444,35.0,0,toil,hate,bad,angry,angst,ache,awful,witch,stress,turmoil,grim
484444,35.0,1,twice,thrice,multiple,two,pair,couple,repeat,again,few,twin,double
484444,35.0,2,oath,agreement,promise,doctors,religion,plan,serious,passionate,,devotion,commitment
484444,35.0,3,boiled,cooked,stewed,fried,roasted,heated,bubbles,hot,heat,prepared,recipe
484444,35.0,4,perish,die,disappear,shrink,fail,tragedy,death,ill,sad,gone,dissipate
484444,35.0,5,checking,seeing,looking,comparing,curious,banking,understanding,peeking,confirming,googling,asking
484444,35.0,6,safari,animal,giraffe,africa,elephant,fun,holiday,car,savanna,tourism,zoo
484444,35.0,7,atmosphere,air,earth,space,oxygen,sky,surroundings,breath,composition,cocktail,lungs
484444,35.0,8,inflation,balloon,expensive,poor,wage,lungs,breath,tyre,pump,government,tax
484444,35.0,9,meter,gas,electric,measure,length,tall,pressure,water,yard,foot,football
484444,35.0,10,soak,wash,rinse,water,bubbles,clean,wet,damp,dishes,bathe,shower
484444,35.0,11,sometimes,always,nearly,often,occasionally,few,maybe,unsure,slightly,routine,pattern
484444,35.0,12,under,bridge,water,over,down,below,dark,beneath,covers,asleep,wear
484444,35.0,13,mussel,food,fish,shell,water,sea,clam,oyster,boat,beach,sand
484444,35.0,14,pale,white,beer,sick,scared,unwell,ghost,water,carry,blonde,skin
48489,27.0,0,spend,money,cost,generous,shop,living,gift,christmas,survive,food,choice
48489,27.0,1,repeat,continue,never-ending,enjoy,constant,over,end,hear,understand,learn,stuck
48489,27.0,2,recliner,relax,sit,tv,movie,sleep,rest,comfort,home,lay,warm
48489,27.0,3,triangle,shape,square,circle,instrument,point,green,metal,icon,arrow,sign
48489,27.0,4,blind,see,disability,deaf,dark,hard,dog,stick,braille,light,find
48489,27.0,5,camping,glamping,fire,marshmallows,woods,grass,green,tent,friends,fun,cold
48489,27.0,6,procedure,medical,generative,technical,difficult,scary,unknown,powerful,doctor,life,blood
48489,27.0,7,pickles,burger,vinegar,sour,crunch,tasty,slippery,difficult,jar,picking,food
48489,27.0,8,marble,run,round,small,shiny,swallow,roll,stone,concrete,table,cake
48489,27.0,9,cathedral,norwich,salisbury,god,worship,religion,architecture,grand,open,spooky,holy
48489,27.0,10,process,due,working,constant,ongoing,computer,information,task,game,running,end
48489,27.0,11,messy,dirty,kitchen,filth,splattered,ugly,depressed,dark,unkept,paint,clean
48489,27.0,12,vow,oath,solemn,wedding,ritual,truth,word,honour,secrecy,trust,faith
48489,27.0,13,thought,process,empty,brain,consider,action,beginning,cloud,care,profound,lost
48489,27.0,14,obey,command,pain,disobedience,law,rule,orders,dog,brand,protect,become
486392,29.0,0,shrimp,fish,sea,ocean,lobster,sushi,salad,fishing,boats,character,shell
486392,29.0,1,vodka,alcohol,clear,liquid,drunk,bar,nightclub,bottle,shops,coke,lime
486392,29.0,2,turkey,christmas,pub,meal,lamb,knife,supermarket,bird,gravy,farm,oven
486392,29.0,3,little,stuart,small,big,tiny,miniscule,ant,dwarf,measuring,baby,cute
486392,29.0,4,snot,nose,green,slime,cold,tissue,flu,school,kids,germs,sneeze
486392,29.0,5,lamb,shanks,meat,pub,food,cute,sheep,farms,grass,fields,dinner
486392,29.0,6,choir,church,soundtracks,groups,priest,boys,white,haunting,music,hall,singing
486392,29.0,7,serpent,snake,green,movie,hissing,tongue,scales,slithering,reptile,zoo,eyes
486392,29.0,8,pouch,kangaroo,furry,handbag,wallet,purse,holding,money,,snug,pocket
486392,29.0,9,circus,tigers,lions,music,tent,balancing,beams,performers,bears,red,acrobatics
486392,29.0,10,be,to,bee,letter,bean,best,been,letters,beanie,bent,ben
486392,29.0,11,loaf,bread,crust,white,wholemeal,meat,band,bloomer,brown,baking,yeast
486392,29.0,12,squirrel,nuts,fur,tail,fluffy,red,grey,black,claws,trees,woodland
486392,29.0,13,subtract,addition,minus,sums,maths,takeaway,multiplication,division,school,classroom,blackboard
486392,29.0,14,left,right,up,down,keyboard,directions,compass,maze,driving,arrow,leftovers
488354,28.0,0,kettle,tea,hot,electric,kitchen,german,boil,water,coffee,steam,switch
488354,28.0,1,noose,hang,rope,knot,tie,history,suffocate,suicide,help,strangle,punish
488354,28.0,2,nylons,fibre,clothes,material,plastic,synthetic,produce,sport,wash,run,top
488354,28.0,3,trailer,park,caravan,tow,truck,car,carry,movie,cinema,teaser,hook
488354,28.0,4,talent,dance,sing,perform,skillful,show,judge,stage,act,music,art
488354,28.0,5,outline,plan,brief,quick,business,bullet,structure,cold,list,notes,meeting
488354,28.0,6,thumb,finger,hand,dog,nail,space,up,tack,down,press,under
488354,28.0,7,winding,rod,hose,cord,torch,up,generator,unravelling,neat,road,random
488354,28.0,8,punch,boxer,violence,kick,glove,hurt,angry,fight,fruit,bowl,american
488354,28.0,9,uncooked,raw,chicken,sushi,food,stove,utensils,cold,bacteria,thermometer,steak
488354,28.0,10,worm,soil,rain,bird,earth,underground,bait,hearts,slime,dune,sand
488354,28.0,11,wide,narrow,eye,big,unfair,body,jet,truck,load,open,mouth
488354,28.0,12,roll,eyes,sandwich,over,hill,kitchen,tape,swiss,cigarette,sushi,ball
488354,28.0,13,private,door,respect,secret,life,road,health,parts,discrete,obscure,investigation
488354,28.0,14,active,running,lifestyle,health,positive,energy,mind,strong,watch,calories,vibrant
491523,33.0,0,sex,intimacy,fucking,lovemaking,fornication,coitus,gender,genitals,fun,frisky,risky
491523,33.0,1,peace,serenity,joy,quiet,tranquil,safe,unflinching,secure,war,disruption,fear
491523,33.0,2,adult,grownup,children,elderly,legal,mature,responsibilities,taxes,freedom,expectations,overwhelming
491523,33.0,3,web,internet,online,wi-fi,spider,capture,trap,ensnare,surf,browse,search
491523,33.0,4,mushroom,round,fungi,fungal,tasty,cloud-like,nagasaki,hiroshima,nuclear,forest,truffles
491523,33.0,5,suede,shoes,leather,non-waterproof,soft,attractive,expensive,plastic,boots,rain,dry
491523,33.0,6,smog,choking,thick,black,sooty,asthma,dense,dark,coughing,fog,visibility
491523,33.0,7,live,exist,survive,thrive,in-person,happening,real,experiences,feel,enjoy,dead
491523,33.0,8,chapel,church,religion,wedding,pastor,hymns,singing,christenings,pews,altar,symbolism
491523,33.0,9,response,answer,communication,reaction,thoughts,email,positive,negative,reception,perception,feeling
491523,33.0,10,reflection,mirror,seeing,thinking,pondering,evaluating,remembering,pensive,thoughtful,contemplative,image
491523,33.0,11,vulnerable,at-risk,shy,endangered,streetwise,danger,fear,anxiety,manipulated,used,exploited
491523,33.0,12,wall,brick,tall,barrier,impenetrable,climb,build,destroy,protect,imprison,separate
491523,33.0,13,organ,vital,donate,heart,brain,liver,kidneys,bowels,lungs,piano,church
491523,33.0,14,truth,lies,honesty,falsehood,perception,duty,guilt,justice,responsibility,morality,necessary
493688,66.0,0,chapel,church,vicar,prayer,religion,hymn,hassock,pews,wedding,baptism,curate
493688,66.0,1,smog,fog,smoke,london,pollution,breathing,cough,coal,fires,unhealthy,burn
493688,66.0,2,web,spider,weave,decorative,internet,connection,strong,prey,flies,dreamcatcher,glisten
493688,66.0,3,wall,bricks,house,fire,building,separate,berlin,china,hadrian,divide,bricklayer
493688,66.0,4,suede,cloth,material,clothing,coat,blue,shoes,elvis,leather,brushed,sofa
493688,66.0,5,vulnerable,child,adult,fragile,sick,elderly,unwell,risk,need,provision,weak
493688,66.0,6,response,answer,emergency,vehicle,action,reply,speak,reaction,feedback,counter,return
493688,66.0,7,reflection,mirror,lake,water,thought,thinking,consideration,,study,shiny,image
493688,66.0,8,truth,honest,sincere,lie,accurate,correct,right,valid,candour,frank,authentic
493688,66.0,9,mushroom,chestnut,sliced,risotto,magic,shiitake,fungus,forest,woodland,casserole,fried
493688,66.0,10,peace,tranquil,gentle,quiet,calm,serine,restful,silence,dove,still,comfort
493688,66.0,11,sex,male,female,boy,girl,trans,gender,marriage,union,love,reproduction
493688,66.0,12,adult,male,female,man,woman,mature,grown,developed,age,senior,citizen
493688,66.0,13,organ,music,church,pipes,hymns,heart,body,liver,kidney,skin,biology
493688,66.0,14,live,alive,exist,music,reside,settle,breathing,dwell,occupy,prevail,performance
494682,42.0,0,suede,shoes,band,boots,blue,head,bag,belt,animal,nap,jacket
494682,42.0,1,sex,female,male,intercourse,coitus,change,shop,worker,procreation,pleasure,addict
494682,42.0,2,adult,woman,man,grown,mature,developed,elder,film,shop,senior,responsible
494682,42.0,3,vulnerable,child,elderly,disabled,homeless,ill,weak,needy,fragile,frail,helpless
494682,42.0,4,wall,brick,stone,wonder,barrier,structure,security,shelter,stud,sea,levee
494682,42.0,5,smog,london,poison,fog,smoke,toxic,pollution,nan,illness,death,disease
494682,42.0,6,peace,mind,dove,lily,sign,tranquillity,calm,still,harmony,freedom,prize
494682,42.0,7,mushroom,soup,toadstool,magic,cloud,fungi,risotto,ketchup,spore,mycelium,toxin
494682,42.0,8,response,reply,acknowledgement,rejoinder,retort,call,first,time,comeback,answer,reaction
494682,42.0,9,truth,lies,honesty,fact,reality,actuality,serum,hurts,objective,verity,veracity
494682,42.0,10,organ,grinder,church,kidney,instrument,pipes,biology,donor,lung,heart,liver
494682,42.0,11,reflection,mirror,consideration,thinking,contemplation,meditation,pondering,pool,self,image,musing
494682,42.0,12,chapel,church,religion,worship,cemetery,prayer,service,christian,hospital,building,altar
494682,42.0,13,live,dead,sentient,exist,animate,being,decease,perish,survive,subsist,endure
494682,42.0,14,web,spider,internet,lace,structure,cobweb,feet,charlotte,lies,deceit,network
497635,68.0,0,recliner,chair,leather,comfort,furnishings,lounge,expensive,shopping,mechanism,snooze,content
497635,68.0,1,blind,eyes,stick,dog,determination,braille,disability,senses,trauma,assistance,positivity
497635,68.0,2,process,think,consider,analyse,procedure,system,actions,steps,treat,preserve,completing
497635,68.0,3,vow,marriage,church,vicar,love,spouse,partner,friend,pledge,promise,commitment
497635,68.0,4,repeat,burp,again,reiterate,retell,restate,succession,replay,reissue,rerun,recite
497635,68.0,5,camping,tent,discomfort,holiday,pegs,canvas,rain,outdoors,basic,memorable,childhood
497635,68.0,6,obey,order,conform,duty,relent,subservient,instruction,military,loyalty,service,rank
497635,68.0,7,thought,brain,thinking,mind,consider,idea,opinion,cognition,contemplation,rationalisation,consideration
497635,68.0,8,triangle,three,angles,polygon,harmony,wisdom,unity,importance,strength,symbol,flat
497635,68.0,9,messy,sloppy,untidy,unkempt,spillage,dirty,unpleasant,disheveled,slovenly,grubby,careless
497635,68.0,10,cathedral,religion,bishop,god,bible,choir,organ,pews,services,large,historical
497635,68.0,11,procedure,method,actions,correct,operation,strategy,process,step,plan,policy,scheme
497635,68.0,12,marble,statue,stone,quarry,kitchen,game,expensive,mottling,streaks,rock,hard
497635,68.0,13,spend,money,cash,expenditure,exchange,sterling,invest,consume,expend,allocate,contribute
497635,68.0,14,pickles,vinegar,onions,beetroot,gherkins,garlic,relish,preserve,treat,branston,spices
500228,62.0,0,braces,teeth,trousers,crooked,red,suspenders,pushes,dentist,menswear,chest,smile
500228,62.0,1,relativity,einstein,clever,depends,uncle,theory,science,school,understood,important,varies
500228,62.0,2,claims,insurance,pay,overtime,travel,says,disbelief,,paperwork,submission,payment
500228,62.0,3,beginner,starter,child,learning,improve,young,teacher,unskilled,commence,trying,practice
500228,62.0,4,brake,car,stop,helt,pedal,handle,bike,scooter,apply,slam,accident
500228,62.0,5,buck,deer,american,dollar,slang,game,uncle,kick,rebel,male,pay
500228,62.0,6,retreat,quiet,spa,backwards,hide,losing,army,march,woodland,birdsong,tactics
500228,62.0,7,occupation,job,profession,doctor,nurse,waitress,lawyer,working,qualification,teacher,driver
500228,62.0,8,pad,ipad,lily,frog,push,soft,cushion,bottom,tissue,foam,seat
500228,62.0,9,pardon,beg,release,nan,ask,forgiveness,burp,hearing,deaf,old,allow
500228,62.0,10,sap,tree,flower,stem,plant,energy,tired,silly,nan,sticky,white
500228,62.0,11,stocking,choirmaster,big,child,santa,one,legs,foot,pretty,fabric,homemade
500228,62.0,12,oar,row,boat,paddle,canoe,kayak,interfere,wooden,single,gally,slaves
500228,62.0,13,radiator,car,springs,hot,top,sliver,metal,indoor,heating,thermostat,electric
500228,62.0,14,salesman,suit,pushy,tie,car,kitchen,briefcase,money,agree,finance,bathroom
509914,61.0,0,still,water,calm,photograph,book,sit,painting,statue,portrait,serene,careful
509914,61.0,1,pole,telegraph,north,dancer,gymnastics,entertainment,metal,wood,may,loop,fireman
509914,61.0,2,menthol,breathing,scent,vapour,cherry,mint,lozenger,nasal,catarrh,sinus,steam
509914,61.0,3,transportation,airplane,car,train,lorry,road,flight,bus,excursions,holiday,travel
509914,61.0,4,loyal,truthful,nice,devoted,devout,true,friendly,faithful,bonus,benefits,cards
509914,61.0,5,anchor,pirate,cruise,boat,popeye,butter,strong,muscles,hold,water,metal
509914,61.0,6,zone,area,mind,wavelength,airport,nan,red,focused,think,meditate,calm
509914,61.0,7,score,win,lose,football,etch,goal,points,amount,cricket,ball,match
509914,61.0,8,intake,breathe,sharp,eat,consume,drink,gather,class,children,school,reception
509914,61.0,9,permission,ask,question,marriage,wedding,engagement,polite,manners,respect,allow,grant
509914,61.0,10,unit,container,storage,industrial,number,item,amount,dwelling,army,forces,squadron
509914,61.0,11,boss,work,factory,chairman,director,perfume,celebrity,order,rank,nickname,office
509914,61.0,12,bless,vicar,reverend,church,christian,wedding,religious,alter,baby,christening,ha
509914,61.0,13,mold,mildew,damp,wet,humid,cold,ice,fungi,toadstools,black,dry
509914,61.0,14,piston,car,bus,lorry,vehicle,engine,steam,thrust,metal,mechanic,engineer
511295,37.0,0,relativity,family,love,nan,fun,holiday,respect,mother,home,food,sister
511295,37.0,1,pad,dress,cotton,clothes,pack,wad,stuffing,compress,sick,new,padding
511295,37.0,2,sap,juice,water,fluid,running,liquor,secretion,noise,calm,sea,drink
511295,37.0,3,oar,opinion,bad,forced,words,person,speak,tell,lie,hurt,unwanted
511295,37.0,4,stocking,stuff,stock,food,sick,virus,full,more,adding,market,work
511295,37.0,5,occupation,work,position,place,company,friends,hours,full-time,job,settlement,time
511295,37.0,6,beginner,start,zero,learner,study,focus,achievement,work,know,nan,
511295,37.0,7,salesman,shops,magazine,product,money,shipping,shopping,work,hours,centre,mall
511295,37.0,8,buck,animal,food,forest,water,stuff,warm,fire,cold,rain,
511295,37.0,9,pardon,,sorry,language,food,delicieux,water,cold,tore,cry,fresh
511295,37.0,10,brake,hurt,crack,back,different,woll,broke,animal,human,,front
511295,37.0,11,claims,nose,money,back,work,more,thrift,benefit,kids,live,good
511295,37.0,12,radiator,heat,warm,hot,temperature,winter,raining,snow,blanket,white,
511295,37.0,13,braces,teets,good,look,face,nose,mouth,white,nice,dentist,hurt
511295,37.0,14,retreat,nan,kids,work,treat,good,bad,human,actions,unknown,
513018,26.0,0,vulnerable,sad,dependent,low,scared,weakness,dangerous,uneasy,wary,anxiety,bad
513018,26.0,1,sex,intimate,organs,love,close,touch,anatomy,identification,familiarity,affection,warm
513018,26.0,2,response,quick,rapid,reflexes,time,aid,aggressive,good,angry,thinking,calm
513018,26.0,3,smog,fog,city,london,pollution,factory,industrial,warehouse,health,air,breathe
513018,26.0,4,chapel,wedding,vicar,priest,celebration,prayer,religion,respect,quiet,sculptures,offerings
513018,26.0,5,mushroom,wild,drugs,eating,frying,cooking,chopping,forest,foraging,wilderness,survival
513018,26.0,6,reflection,mirror,internal,water,light,thoughtful,considering,good,bad,uneasy,decisions
513018,26.0,7,web,social,media,news,google,research,images,information,typing,questions,answers
513018,26.0,8,truth,lies,complex,prevail,justice,courtroom,detector,difficult,closure,hurtful,thoughtful
513018,26.0,9,organ,sex,heart,lung,transplant,liver,donor,blood,eyes,failure,kidney
513018,26.0,10,live,house,home,garden,country,nationality,bricks,furniture,love,family,work
513018,26.0,11,wall,paint,bricks,rough,sandpaper,smooth,plaster,wallpaper,builder,clock,windows
513018,26.0,12,peace,world,war,protest,family,love,friendship,calm,anger,quiet,candles
513018,26.0,13,suede,boots,uggs,brush,rain,dirt,cleaning,rug,carpet,soft,texture
513018,26.0,14,adult,old,young,work,life,love,friendships,birthdays,celebration,weddings,living
514391,42.0,0,soil,earth,black,worms,dirt,brown,wet,clay,sand,dig,underwear
514391,42.0,1,time,card,watch,clock,egg,space,hour,seconds,minutes,year,week
514391,42.0,2,sober,drunk,dry,dull,boring,safe,reformed,clean,alcoholic,dedicated,discipline
514391,42.0,3,savior,hero,knight,quest,victim,slayer,good,evil,complex,jesus,god
514391,42.0,4,shears,gardening,sheep,cutting,bushes,leaves,wool,clipping,trimming,sharp,metal
514391,42.0,5,attach,nut,bolt,glue,tape,nails,weld,rope,lego,email,file
514391,42.0,6,technician,specialist,workshop,dealership,computer,technical,glasses,smart,cleaver,expensive,man
514391,42.0,7,trombone,brass,tuxedo,jazz,trumpet,meme,blow,loud,funny,silly,unique
514391,42.0,8,balcony,high,sunny,spain,breezy,shutters,flowers,view,summer,drinks,fancy
514391,42.0,9,survive,oxygen,water,food,skills,axe,backpack,radio,whistle,flare,lighter
514391,42.0,10,stick,log,wood,dog,bark,glue,fire,kindling,stone,walking,chop
514391,42.0,11,journal,pen,book,notebook,night,quiet,private,leather,thoughts,daily,details
514391,42.0,12,tribute,band,act,funeral,pay,speech,gathering,respect,toll,eulogy,memory
514391,42.0,13,tease,tickle,cock,sexy,desire,want,need,yearn,giggle,tempt,hair
514391,42.0,14,meteor,extinction,comet,impact,damaged,crater,rock,space,fast,rise,tail
514621,33.0,0,smog,dirty,harmful,waste,burning,fire,pollution,old,history,lungs,breathing
514621,33.0,1,peace,tranquil,mediation,quiet,relaxing,calming,bath,library,nature,candle,book
514621,33.0,2,adult,old,child,family,house,money,car,children,responsibilities,work,balance
514621,33.0,3,live,location,house,school,family,children,home,country,city,flat,apartment
514621,33.0,4,organ,blood,heart,lungs,liver,kidney,intestine,stomach,brain,skin,eyes
514621,33.0,5,sex,man,woman,fun,toys,lingerie,gay,trans,bisexual,homosexual,straight
514621,33.0,6,mushroom,fungi,soup,fried,lsd,drugs,tripping,hallucinogenic,slimy,earthy,rotting
514621,33.0,7,response,ambulance,police,fire,mountain,time,life,saving,health,care,reaction
514621,33.0,8,reflection,mirror,water,puddle,handsome,man,woman,peace,welling,spunk,litter
514621,33.0,9,vulnerable,old,weak,dead,health,paul,english,traffic,human,slave,care
514621,33.0,10,chapel,religion,sheikh,buddhist,christian,islam,god,jesus,judge,cross,gold
514621,33.0,11,truth,lie,false,question,answer,honest,opinion,experiences,life,living,health
514621,33.0,12,suede,leather,fabric,cow,animal,shoes,coat,jeans,dress,skirt,shirt
514621,33.0,13,wall,brick,mortar,stone,berlin,war,tall,short,garden,prison,high
514621,33.0,14,web,spider,computer,dark,internet,criminal,shopping,dating,social,networking,firefox
515409,54.0,0,twice,two,second,repeat,again,double,twin,twofold,,duplicate,dual
515409,54.0,1,checking,mark,confirm,ensure,proof,ask,liaise,inspect,examine,scrutinize,scan
515409,54.0,2,perish,die,spoil,wither,disintegrate,pass,expire,rot,decay,decompose,fail
515409,54.0,3,atmosphere,sky,space,earth,gases,climate,air,mood,tone,feeling,ambience
515409,54.0,4,boiled,saucepan,stove,bubbling,hot,steam,cooking,potatoes,healthy,chef,beach
515409,54.0,5,under,beneath,table,sheltering,hiding,children,fun,safe,below,crouching,bending
515409,54.0,6,inflation,money,economy,concerning,unpredictable,chancellor,banks,savings,businesses,mortgages,dangerous
515409,54.0,7,pale,wan,white,unwell,sad,worried,headache,scared,grieving,skin,face
515409,54.0,8,toil,strive,work,battle,fatigue,determined,journey,slog,hard,suffer,labour
515409,54.0,9,mussel,shellfish,delicacy,sea,farms,fishermen,france,,frites,restaurants,seagulls
515409,54.0,10,meter,reading,heating,water,gas,monitor,cupboards,measurements,athletics,music,poetry
515409,54.0,11,safari,dust,jeeps,africa,excitement,lions,elephant,gazelles,heat,serengeti,adventure
515409,54.0,12,soak,bath,bubbles,relaxation,wet,drench,rain,coat,umbrella,puddles,hose
515409,54.0,13,oath,promise,vows,unbreakable,marriage,pact,rings,love,treaty,religion,swear
515409,54.0,14,sometimes,occasionally,periodically,infrequently,late,variously,treats,sad,stressed,worried,dream
527061,48.0,0,under,beneath,water,wear,below,covered,standing,secretary,lower,bottom,dog
527061,48.0,1,oath,swear,keeper,norse,nordic,beard,olden,chivalry,king,knight,breaker
527061,48.0,2,safari,mara,animals,vehicle,camera,lions,leopards,cheetahs,grass,bumpy,sun
527061,48.0,3,meter,gas,electricity,tariff,distance,running,monitor,smart,unit,french,stick
527061,48.0,4,atmosphere,noise,planet,layers,ozone,toxic,thin,party,breathless,braking,re-entry
527061,48.0,5,mussel,cockle,sea,salty,food,shell,slime,sand,beach,pickers,causeway
527061,48.0,6,toil,hubble,bubble,trouble,work,vacation,struggle,endeavour,trial,effort,contribute
527061,48.0,7,perish,die,waste,expire,kids,rot,end,finish,disintegrate,decompose,break
527061,48.0,8,checking,investigate,look,hold,braking,restraining,glancing,monitor,analyze,halting,preventing
527061,48.0,9,inflation,money,banking,interest,spending,living,finance,tyre,effort,pump,pressure
527061,48.0,10,sometimes,occasionally,often,maybe,random,perhaps,unconfirmed,unlikely,unreliable,should,can
527061,48.0,11,pale,white,horse,rider,death,ale,whiter,shade,goth,impale,suntan
527061,48.0,12,twice,baked,once,thrice,shy,mulberry,nice,fool,pleasure,fun,lucky
527061,48.0,13,soak,logs,wood,bath,tired,salts,bomb,muscles,water,fruits,alcohol
527061,48.0,14,boiled,hard,egg,sweets,hot,scald,water,pan,cabbage,dry,over
537671,26.0,0,trombone,instrument,dancing,classical,music,sound,orchestra,opera,concert,live,singing
537671,26.0,1,meteor,sky,stars,space,earth,danger,meteorite,twinkle,solar,mars,galaxy
537671,26.0,2,journal,book,words,paper,writing,thoughts,feelings,story,pages,lines,speech
537671,26.0,3,tribute,death,concert,band,music,act,singing,dancing,candles,speech,sad
537671,26.0,4,survive,human,money,food,happiness,fight,earth,mankind,friends,family,
537671,26.0,5,balcony,holiday,rail,bannister,tile,sea,beach,pool,juliet,relaxed,high
537671,26.0,6,attach,join,fasten,safety,importance,adhere,notes,pdf,image,secure,bolt
537671,26.0,7,sober,alcohol,drugs,drunk,influence,party,abstinent,withdrawal,depressed,happy,rehab
537671,26.0,8,stick,wood,bark,sharp,tree,walking,forest,oak,mahogany,ants,nature
537671,26.0,9,time,clock,ticktock,hour,minute,day,second,watch,face,sun,moon
537671,26.0,10,savior,angel,protector,salvation,defender,leader,hero,rescue,god,christ,
537671,26.0,11,shears,garden,lavender,planting,grass,sharp,stainless,steel,prune,scissors,cut
537671,26.0,12,soil,brown,wet,moist,clay,earth,worms,gravel,stones,roots,vegetation
537671,26.0,13,technician,consultant,artist,mechanic,computer,software,professional,laptop,phone,help,science
537671,26.0,14,tease,annoying,irritating,playful,pain,emotion,torment,cruel,taunt,hurt,fun
538288,24.0,0,nasty,grim,unpleasant,ugly,dirty,girl,nice,naughty,grimy,disgusting,mean
538288,24.0,1,year,day,new,month,birthday,annual,school,calendar,age,time,seasons
538288,24.0,2,attire,clothes,dress,tie,suit,fancy,event,skirt,uniform,costume,kit
538288,24.0,3,oatmeal,breakfast,oats,cereal,milk,coffee,tea,brown,sludge,unpleasant,bland
538288,24.0,4,loose,tight,dress,skirt,cold,uncomfortable,big,large,over-sized,forgotten,spare
538288,24.0,5,beverage,drink,coke,alcohol,night,party,welcome,thirsty,nan,dinner,smithy
538288,24.0,6,sunrise,morning,early,easter,song,dad,cycle,bright,patience,cloudy,hill
538288,24.0,7,peaceful,calm,quiet,war,private,poppy,candle,incense,toys,christmas,lights
538288,24.0,8,bird,boy,boat,land,sea,coast,seagull,pigeon,poo,wings,feather
538288,24.0,9,back,front,forward,inside,out,shoulder,spine,lumps,nodules,garden,room
538288,24.0,10,not,contraction,is,disallowed,free,nan,power,rope,song,swim,dive
538288,24.0,11,joke,practical,funny,humour,prank,laugh,mean,lie,goggles,cry,unkind
538288,24.0,12,snake,slither,spider,hiss,smell,wet,belly,slide,garden,forest,desert
538288,24.0,13,opening,closing,times,nan,shops,entrance,arrival,initial,alarm,present,box
538288,24.0,14,right,left,car,life,wrong,devil,angel,arm,foot,eye,ear
54156,21.0,0,cinema,screen,film,popcorn,snacks,ticket,evening,loud,fun,rating,watch
54156,21.0,1,shoulder,cold,joint,dislocate,press,rotate,arm,swim,blade,pad,bag
54156,21.0,2,wish,star,birthday,dream,aspiration,hope,want,candle,desire,well,crave
54156,21.0,3,spider,arachnophobia,black,legs,halloween,web,hunting,spin,insect,tarantula,crawl
54156,21.0,4,chorus,song,tune,choir,singing,carol,music,orchestra,harmony,piano,church
54156,21.0,5,repair,broken,fix,mechanic,maintenance,restore,mend,reconstruct,renovate,recondition,refurbish
54156,21.0,6,believe,trust,confidence,convince,presume,truth,honest,expect,accept,understand,think
54156,21.0,7,rectangle,shape,sides,television,frame,block,brick,build,coordinates,box,lid
54156,21.0,8,riddle,rhyme,children,story,puzzle,mystery,solve,teamwork,challenge,complex,secret
54156,21.0,9,publication,book,author,illustration,science,edit,review,print,writing,penguin,paper
54156,21.0,10,amaze,shocked,surprised,surpassed,incredible,achievement,proud,astonish,startled,bright,intelligent
54156,21.0,11,wreck,ship,sad,damage,destroy,sink,ruins,devastation,crash,demolish,rubble
54156,21.0,12,tomato,fruit,red,bright,healthy,salad,cheese,vegetable,ketchup,sauce,pasta
54156,21.0,13,infection,disease,cold,ill,sick,hospital,doctor,nurse,temperature,pathogens,shivers
54156,21.0,14,past,present,future,history,clock,time,tense,former,old,record,preceding
544807,52.0,0,inflation,up,price,money,balloon,enlarge,mortgage,inflate,grow,bank,groceries
544807,52.0,1,toil,work,hardworking,graft,pain,heavy,never-ending,duty,job,pressure,hard
544807,52.0,2,soak,wash,stain,rinse,bubbles,laundry,relax,bath,soften,wet,away
544807,52.0,3,under,below,deck,pressure,neath,tunnel,burrow,down,layer,ladder,through
544807,52.0,4,meter,electric,stick,gas,measurement,yard,mile,inch,centimeter,length,width
544807,52.0,5,boiled,egg,cabbage,water,kettle,salt,cooked,down,reduced,fried,baked
544807,52.0,6,safari,giraffe,jeep,park,reserve,animals,elephant,wild,enclosure,endangered,desert
544807,52.0,7,perish,rot,end,break,decompose,cease,ruined,gone,leather,rubber,broken
544807,52.0,8,atmosphere,sky,clouds,ozone,space,orbit,feeling,frozen,strange,misty,electric
544807,52.0,9,oath,swear,bible,agree,promise,legal,court,judge,binding,truth,hand
544807,52.0,10,pale,white,skin,lacking,ill,poorly,unwell,reduced,weak,thin,cream
544807,52.0,11,mussel,sea,mollusc,cockles,sand,salt,seaweed,fresh,fish,kiosk,summer
544807,52.0,12,twice,two,again,repeat,once,number,too,to,rollover,buy,offer
544807,52.0,13,checking,looking,seeing,confirming,in,flight,luggage,mistake,time,offers,up
544807,52.0,14,sometimes,often,frequently,repeated,seldom,happy,sad,occasionally,times,periodically,intermittently
550166,44.0,0,canvass,art,paint,creativity,beauty,blank,paper,brush,,passion,acrylic
550166,44.0,1,rodeo,american,cowboy,cowgirl,horse,gathering,horses,west,fun,party,group
550166,44.0,2,bark,tree,wood,branch,forest,dog,loud,scary,angry,aggressive,warning
550166,44.0,3,means,explanation,possibility,possible,trying,pushing,eager,problem,overcome,try,fight
550166,44.0,4,chapter,next,book,new,beginning,fresh,story,end,start,exciting,open
550166,44.0,5,acknowledge,approve,accept,receipt,respond,agree,hear,listen,take,receive,conversation
550166,44.0,6,switch,change,adapt,overcome,light,electricity,positive,negative,circuit,console,games
550166,44.0,7,mosquito,nuisance,fly,insect,bug,abroad,travel,africa,weather,summer,annoying
550166,44.0,8,modest,proud,cocky,arrogant,honest,eager,approve,confident,hopeful,positive,earnest
550166,44.0,9,ribs,body,skeleton,cow,pork,chinese,steak,spice,meat,tasty,sauce
550166,44.0,10,scapegoat,cruel,bully,blame,coward,negative,horrible,poor,sadness,betrayal,disloyal
550166,44.0,11,oak,wood,brown,rich,expensive,tree,table,wardrobe,cupboard,luxurious,soothing
550166,44.0,12,zoo,park,animals,smell,cruel,lions,zebras,tigers,monkeys,children,gorillas
550166,44.0,13,stand,solid,wood,table,walk,strong,brave,fearless,tall,confident,
550166,44.0,14,sales,money,gullible,cash,deals,rip-off,corporation,greed,fake,con,cheap
557027,61.0,0,not,nan,never,negative,even,neither,nor,,do,avoid,wont
557027,61.0,1,beverage,drink,tea,coffee,juice,water,refreshing,glass,cup,sip,swallow
557027,61.0,2,sunrise,morning,east,bright,horizon,moon,early,pink,yellow,star,breakfast
557027,61.0,3,bird,thrush,swallow,blackbird,song,nan,sparrow,parrot,crow,pigeon,tit
557027,61.0,4,back,spine,vertebrae,forward,look,bend,break,return,send,side,straight
557027,61.0,5,joke,funny,trick,laugh,dad,comedy,comedian,stage,amusing,witty,smile
557027,61.0,6,loose,tight,rope,flap,floppy,baggy,fit,knot,swing,flutter,slide
557027,61.0,7,oatmeal,porridge,breakfast,gruel,cream,lumpy,milk,fruit,bowl,water,grainy
557027,61.0,8,peaceful,calm,stressless,zen,yoga,quiet,relaxing,happy,flat,waves,rain
557027,61.0,9,snake,adder,asp,viper,python,slide,scaly,smooth,venom,bite,forked
557027,61.0,10,year,annum,annual,days,long,new,old,decade,yearly,last,next
557027,61.0,11,attire,clothes,wear,dress,costume,suit,hat,wedding,business,suitable,smart
557027,61.0,12,right,wrong,left,correct,now,then,away,hand,side,ok,so
557027,61.0,13,opening,opportunity,door,window,gap,space,revealing,entry,entrance,sliding,closing
557027,61.0,14,nasty,evil,bad,wicked,grim,disgusting,foul,awful,dirty,distasteful,horrid
566995,40.0,0,private,privacy,solitude,secret,hidden,personal,army,recruit,privations,hedge,sanctum
566995,40.0,1,roll,rock,dice,ball,bread,sausage,wheel,spin,turn,flip,aeroplane
566995,40.0,2,worm,turned,earth,game,weasel,wriggle,bait,fish,hook,slime,grass
566995,40.0,3,punch,hit,strike,smash,drink,fruit,bowl,judy,vim,bag,air
566995,40.0,4,active,up,going,alive,happening,moving,movement,life,spry,current,energy
566995,40.0,5,noose,rope,knot,death,hanging,punishment,western,gallows,moose,loop,despair
566995,40.0,6,wide,large,broad,massive,breadth,scope,panorama,screen,boy,angle,width
566995,40.0,7,talent,skill,luck,work,desire,music,performance,deft,aptitude,resonance,harmony
566995,40.0,8,kettle,bell,boil,water,stove,tea,pot,pour,steam,whistle,electric
566995,40.0,9,thumb,finger,nail,point,press,up,down,lift,hitch,ride,dexterity
566995,40.0,10,nylons,tights,ladder,rationing,denier,pylons,synthetic,sheer,material,brown,fitted
566995,40.0,11,uncooked,raw,cold,unready,cool,meat,flame,pan,sear,grill,fry
566995,40.0,12,trailer,park,hitch,wagon,home,storage,moving,movie,cinema,film,advert
566995,40.0,13,winding,yo-yo,spool,up,down,in,cycle,fishing,turning,spinning,twine
566995,40.0,14,outline,silhouette,plan,general,edge,colouring,shading,broad,rough,cut,explain
575659,40.0,0,vote,freedom,democracy,change,power,politician,london,hope,anger,people,foresight
575659,40.0,1,mammal,human,seal,warm,monkey,camel,dog,cat,rabbit,hamster,mouse
575659,40.0,2,legend,arthur,football,wales,scotland,living,fantasy,sword,battle,king,queen
575659,40.0,3,caffeine,coke,coffee,palpitation,energy,breakfast,italy,exercise,sleep,study,comfort
575659,40.0,4,why,what,when,how,who,investigation,religion,science,emotion,inquisitive,children
575659,40.0,5,regret,lover,job,travel,friendship,decision,house,time,weakness,death,food
575659,40.0,6,mechanical,engineer,clock,box,job,complex,parts,intellect,robot,music,joy
575659,40.0,7,shove,nan,arcade,smash,fall,pain,eager,escape,danger,bag,saying
575659,40.0,8,say,something,anything,rights,what,speak,power,anger,peace,leader,nothing
575659,40.0,9,slay,demon,war,vampire,battle,blood,sword,slang,queen,dragon,soldiers
575659,40.0,10,lightheaded,faint,sickness,heat,alcohol,tired,dizzy,hungry,stressed,emotional,happy
575659,40.0,11,sling,shot,arm,break,bones,injury,throw,stones,child,book,white
575659,40.0,12,scrap,book,paper,car,ideas,feature,metal,material,crafting,collecting,reuse
575659,40.0,13,record,player,conversation,voice,sound,criminal,trouble,scratch,relaxation,breaker,memories
575659,40.0,14,zest,lime,lemon,life,yellow,fierce,energetic,inspired,energy,cooking,pasta
579928,54.0,0,ribs,body,health,broken,cage,protection,pork,food,tasty,sauce,meat
579928,54.0,1,means,method,process,way,measure,technique,money,resource,funds,wealth,finance
579928,54.0,2,chapter,book,division,part,story,reading,life,section,time,phase,stage
579928,54.0,3,acknowledge,know,nod,notice,accept,concede,approve,allow,greet,address,support
579928,54.0,4,switch,change,avoid,swap,move,turn,shift,redirect,control,replace,account
579928,54.0,5,canvass,opinion,election,support,campaign,vote,poll,question,decide,survey,suggest
579928,54.0,6,oak,tree,table,wood,solid,dependable,beautiful,old,sturdy,ship,leaves
579928,54.0,7,zoo,cages,tigers,lions,giraffe,bears,sad,cruel,enclosed,expensive,wildlife
579928,54.0,8,bark,dog,tree,wood,bite,loud,annoying,scared,aggressive,yappy,shout
579928,54.0,9,sales,buy,cheap,pitch,money,increase,profit,item,january,reductions,competitive
579928,54.0,10,mosquito,bug,bite,sore,buzz,itch,repellent,bloodsucking,disease,malaria,insect
579928,54.0,11,scapegoat,unfair,blamed,excuse,mistake,unfortunate,negative,wronged,deflect,unjust,deceitful
579928,54.0,12,rodeo,cowboy,horse,clown,steers,ropes,cattle,entertainment,american,novice,crowd
579928,54.0,13,stand,support,upright,music,holding,principal,belief,attitude,idea,suffer,tolerate
579928,54.0,14,modest,demure,pure,unassuming,moderate,retiring,small,humble,meek,shy,quiet
580719,51.0,0,private,quiet,restricted,closed,non-public,forbidden,secluded,secure,secret,hidden,silent
580719,51.0,1,nylons,stockings,tights,material,plastic,fabric,leg,curtains,strong,net,man-made
580719,51.0,2,talent,skill,pretty,clever,able,trick,expert,scout,pool,proud,nan
580719,51.0,3,active,about,busy,energy,fast,paced,upright,quick,speedy,,moving
580719,51.0,4,uncooked,raw,chicken,beef,salad,veg,fruit,live,fresh,healthy,green
580719,51.0,5,wide,load,body,fat,large,rotund,big,enormous,shapely,width,girth
580719,51.0,6,kettle,tea,whistle,silver,boil,water,scum,scales,filter,boiling,hot
580719,51.0,7,noose,neck,rope,tie,cravat,length,cattle,hang,hangman,execute,kill
580719,51.0,8,thumb,oink,index,finger,hand,up,digit,point,grip,hold,press
580719,51.0,9,trailer,tractor,back,trash,film,script,nan,park,attach,wheels,gate
580719,51.0,10,punch,hit,thump,drink,fruit,alcohol,bowl,party,,cocktail,straw
580719,51.0,11,roll,sausage,brae,hill,butter,bap,barn,bacon,hot-dog,burger,rock
580719,51.0,12,outline,trace,pen,pencil,perimeter,ruler,bold,dark,colour,edge,rim
580719,51.0,13,worm,wiggle,pink,earth,ground,soil,grass,bird,mud,underground,animal
580719,51.0,14,winding,hit,punch,breathless,clock,tighten,rod,watch,lane,pathway,river
582767,50.0,0,switch,nintendo,swap,wig,cane,whip,replace,light,power,games,gaming
582767,50.0,1,zoo,animals,lions,monkeys,zebras,park,creatures,keepers,conservation,giraffe,elephant
582767,50.0,2,acknowledge,recognise,greet,hello,tribute,efforts,hi,welcome,signify,mention,refer
582767,50.0,3,means,refers,income,finance,salary,language,translate,equals,determined,intends,decides
582767,50.0,4,oak,tree,forest,wood,leaf,acorn,trunk,bark,branch,mighty,grow
582767,50.0,5,canvass,election,opinion,ask,support,question,door,leaflet,politics,query,enquire
582767,50.0,6,ribs,bones,torso,cage,adam,barbecue,dinner,grill,jokes,jests,chest
582767,50.0,7,rodeo,horse,show,riders,cowboy,western,wild,competition,contest,riding,horseback
582767,50.0,8,modest,humble,shy,covered,meek,mild,unassuming,clothing,quiet,plain,small
582767,50.0,9,stand,band,music,feet,stance,assert,like,rise,legs,pot,up
582767,50.0,10,chapter,verse,book,novel,part,monastery,abbey,bible,bit,section,story
582767,50.0,11,mosquito,insect,bite,itch,malaria,creature,disease,repellent,dengue,scratch,lump
582767,50.0,12,bark,dog,canine,woof,yap,tree,trunk,rubbing,climb,plant,howl
582767,50.0,13,sales,shops,retail,cheap,bargain,buying,saving,selling,january,clothes,books
582767,50.0,14,scapegoat,victim,blame,gang,crime,patsy,accuse,accusation,fall,point,single
583203,40.0,0,scapegoat,escape,leave,heist,trevor,guns,money,food,person,scrape,hide
583203,40.0,1,chapter,book,library,university,lecture,english,language,literature,page,novel,learn
583203,40.0,2,modest,rich,mansion,feeling,appearance,suit,dress,butler,enter,appetiser,meal
583203,40.0,3,stand,bus,boredom,wait,displeasure,hatred,display,armour,clothes,tie,bow
583203,40.0,4,canvass,painting,artist,collage,money,poor,supplies,paint,paintbrush,skill,patience
583203,40.0,5,sales,money,store,people,bargaining,barter,buying,selling,commercial,deal,service
583203,40.0,6,rodeo,equine,birds,cattle,stallion,horse,horseback,rider,western,sport,cowboy
583203,40.0,7,bark,tree,yelp,stem,plant,dog,utter,growl,bite,chewed,whine
583203,40.0,8,zoo,wildlife,aquarium,park,baboon,meerkat,tiger,safari,education,chimps,lemur
583203,40.0,9,means,meant,average,does,get,says,purpose,skills,ways,median,variable
583203,40.0,10,mosquito,death,hell,kill,destroy,bug,buzz,annoying,itchy,squash,burn
583203,40.0,11,oak,tree,house,floor,wall,posts,tunnel,whiskey,leaf,tall,shade
583203,40.0,12,switch,button,console,router,exchange,swap,nintendo,play,games,fun,gearbox
583203,40.0,13,acknowledge,accept,admit,recognise,thank,agree,honor,acceptation,speak,converse,communicate
583203,40.0,14,ribs,smokey,cow,food,tasty,bone,chest,meat,bbq,muscle,skeleton
585013,24.0,0,menthol,alcohol,hydrocarbon,organic,cigarette,flavour,minty,taste,capsule,smother,burst
585013,24.0,1,permission,allowed,right,leader,boss,manager,let,ability,nan,accepted,go
585013,24.0,2,score,point,win,tally,overall,count,goal,football,sport,game,quiz
585013,24.0,3,bless,god,cute,shower,sneeze,below,religion,church,adorable,pity,others
585013,24.0,4,loyal,friends,family,courage,bravery,blind,treason,faith,dedicated,sworn,oath
585013,24.0,5,zone,area,parking,yellow,region,residential,official,street,boundary,border,space
585013,24.0,6,piston,hydraulics,minecraft,power,force,compressed,air,water,mechanical,energy,work
585013,24.0,7,anchor,ship,boat,stop,halt,metal,big,drag,drop,chain,unravel
585013,24.0,8,mold,shape,clay,mould,play-dough,work,hands,manipulate,fingers,move,versatile
585013,24.0,9,transportation,bus,car,public,train,move,airplane,tram,city,bike,destination
585013,24.0,10,intake,breathe,consume,envelope,stock,profit,use,learn,total,keep,store
585013,24.0,11,pole,north,south,magnetic,metal,light,,hollow,cold,scaffolding,heavy
585013,24.0,12,boss,manager,kebab,shop,leader,control,looming,nickname,overseer,decisions,above
585013,24.0,13,still,quiet,stop,water,fizzy,lake,unmoving,peace,turbulent,movement,flat
585013,24.0,14,unit,measurement,container,standard,science,one,discrete,quanta,metal,box,storage
587402,57.0,0,pouch,pocket,kangaroo,tobacco,snug,furry,purse,marsupial,container,zipper,pup
587402,57.0,1,turkey,christmas,stuffing,potatoes,gravy,gobble,bird,farm,flightless,black,feathers
587402,57.0,2,left,behind,discarded,hand,right,sign,point,remain,crossroads,path,road
587402,57.0,3,serpent,snake,witch,devil,eve,apple,hiss,tongue,slither,belly,sinister
587402,57.0,4,choir,song,christmas,church,carol,bells,harmony,dress,songbook,priest,charity
587402,57.0,5,subtract,minus,takeaway,maths,school,teacher,equation,deduct,remaining,addition,exams
587402,57.0,6,squirrel,nuts,acorn,grey,red,tail,bushy,cute,tree,harvest,rodent
587402,57.0,7,circus,clown,trapeze,magician,popcorn,fair,entertainment,horses,spectacle,ring,ringmaster
587402,57.0,8,snot,disgust,germ,cold,nose,kids,face,hanky,flu,green,slime
587402,57.0,9,vodka,cola,shot,ice,tumbler,finland,russia,cocktail,lemonade,spirit,distill
587402,57.0,10,be,able,alive,rest,sleep,quiet,believe,peace,alert,here,there
587402,57.0,11,little,tiny,mouse,child,small,petite,cute,mini,seed,tear,mild
587402,57.0,12,lamb,sheep,fleece,field,grass,baby,bleat,wool,jumper,placid,soft
587402,57.0,13,shrimp,prawn,sea,batter,seaside,shrimping,net,fisherman,trawler,tail,small
587402,57.0,14,loaf,bread,slice,toast,head,,sandwich,baker,oven,aroma,jam
589308,46.0,0,balcony,railings,fall,high,sit,chairs,plants,watch,view,outdoors,relax
589308,46.0,1,stick,tree,hit,throw,dog,chew,play,pretend,bark,snap,wood
589308,46.0,2,survive,food,water,shelter,clothing,hunting,fishing,brave,scared,hungry,panic
589308,46.0,3,time,mortality,late,early,rush,panic,relax,fast,slow,enjoy,passes
589308,46.0,4,tribute,death,sadness,happiness,emotional,reminiscent,life,affirming,engaging,enlightening,positive
589308,46.0,5,savior,relief,angel,lucky,grateful,great,heroic,help,god,jesus,parents
589308,46.0,6,sober,boring,controlled,sedate,happy,withdrawal,relaxed,happier,richer,aware,conscious
589308,46.0,7,trombone,loud,boring,earache,band,stage,jazz,club,smoke,rare,music
589308,46.0,8,meteor,space,bang,rock,collision,damage,destruction,oblivion,crater,shower,rare
589308,46.0,9,tease,mock,cry,sad,angry,hurtful,funny,belittle,bully,amuse,laugh
589308,46.0,10,technician,repair,fix,maintains,technical,qualified,professional,needed,expensive,experienced,valued
589308,46.0,11,journal,private,thoughts,feelings,emotions,funny,cathartic,memories,sadness,angst,growth
589308,46.0,12,soil,dirty,earth,plants,nature,spoil,stain,excrete,compost,worms,brown
589308,46.0,13,shears,cuts,garden,plants,removes,crops,pruning,seasonal,shrubs,hair,cutting
589308,46.0,14,attach,stick,together,combine,add,join,pin,staple,link,photo,file
591875,50.0,0,trailer,car,usa,trash,cowboy,film,cinema,popcorn,metal,loud,jeans
591875,50.0,1,worm,earth,soil,screaming,children,compost,plant,eye,wriggle,jelly,squish
591875,50.0,2,wide,fat,barge,bus,bridge,gap,teeth,crooked,flexible,taste,lips
591875,50.0,3,uncooked,raw,chicken,ill,poison,carrot,crudites,vegetables,celery,humus,garlic
591875,50.0,4,kettle,boil,tea,electric,hibiscus,flask,teabag,coffee,drink,ovaltine,metal
591875,50.0,5,active,energetic,walk,gym,swim,dance,giddy,skip,spell,play,scream
591875,50.0,6,thumb,finger,splint,emoji,yellow,face,body,house,star,people,group
591875,50.0,7,private,enclosed,curtain,nosy,neighbour,bus,youth,kids,noise,trespass,nuisance
591875,50.0,8,winding,road,narrow,lakes,countryside,sheep,mountain,goat,snow,ski,injury
591875,50.0,9,punch,hurt,blood,teeth,nose,drink,judy,pink,fruit,cocktail,bowl
591875,50.0,10,outline,black,silhouette,marker,permanent,art,craft,silver,night,tree,gold
591875,50.0,11,nylons,clothes,tights,stockings,suspenders,underwear,america,sixties,car,chevrolet,grease
591875,50.0,12,roll,jam,cream,grandma,fridge,pudding,rice,custard,jelly,chocolate,christmas
591875,50.0,13,talent,star,show,stage,curtain,actor,face,paint,spray,smoke,chalk
591875,50.0,14,noose,hang,dead,rope,iran,dust,sand,wood,stripes,prisoner,cowboy
593698,42.0,0,stocking,christmas,presents,filler,tights,hanging,fireplace,legs,feet,products,shelves
593698,42.0,1,claims,insurance,statements,false,true,words,cover,payout,protection,excess,policy
593698,42.0,2,brake,stop,slow,decelerate,safety,car,bicycle,protection,halt,mechanism,gear
593698,42.0,3,braces,clothing,trousers,belt,teeth,straighten,metal,elastic,clasps,shirt,smart
593698,42.0,4,radiator,heat,warmth,gas,water,bleed,metal,home,wall,room,dry
593698,42.0,5,salesman,helpful,ambitious,pushy,commission,targets,products,demonstration,travelling,shop,person
593698,42.0,6,pad,ipad,lily,mouse,heat,sanitary,comfort,saddle,recovery,technology,tablet
593698,42.0,7,relativity,relative,relationship,physics,science,theory,concept,special,general,discovery,study
593698,42.0,8,beginner,starter,new,learner,amateur,journey,upskill,novice,end,middle,improve
593698,42.0,9,buck,horse,kick,dollar,money,note,coin,pony,earn,spend,lend
593698,42.0,10,oar,row,boat,paddle,water,lake,canoe,kayak,move,stroke,race
593698,42.0,11,occupation,job,career,ambition,salary,work,colleagues,calling,dream,military,seige
593698,42.0,12,sap,tree,sticky,ooze,drip,tacky,bark,trunk,nutritious,mosquito,loser
593698,42.0,13,pardon,sorry,forgive,repeat,again,absolve,manners,listen,apology,move,hear
593698,42.0,14,retreat,location,getaway,relax,recover,woodland,cabin,yoga,writing,poetry,nature
59530,42.0,0,outline,edge,outside,brief,summarize,plan,mark,draw,boundary,highlight,indicate
59530,42.0,1,worm,insect,soil,slimy,long,thin,garden,wormery,underground,slither,burrow
59530,42.0,2,uncooked,raw,meat,pink,blood,cold,fridge,prepare,cooking,oven,salmonella
59530,42.0,3,wide,big,space,box,shape,width,distance,description,length,area,measure
59530,42.0,4,talent,singing,dancing,star,gifts,individual,show,skill,ability,good,happy
59530,42.0,5,kettle,tea,water,hot,boiling,drinks,cups,coffee,electric,morning,white
59530,42.0,6,roll,over,up,ground,tumble,down,sausage,bread,sandwich,roly-poly,backwards
59530,42.0,7,noose,rope,neck,death,tied,throat,tight,knots,hanging,wire,high
59530,42.0,8,active,movement,running,energy,fast,speed,exercise,swimming,walking,determination,race
59530,42.0,9,private,individual,own,secret,space,protect,profile,hospital,respect,school,personal
59530,42.0,10,winding,clock,turn,rotate,road,river,path,landscape,curve,bend,stairs
59530,42.0,11,punch,hand,arm,hurt,hit,strike,knock,boxing,glove,fight,throw
59530,42.0,12,nylons,material,clothes,tights,thread,sewing,synthetic,jumpers,skirts,outfits,cheap
59530,42.0,13,trailer,transport,large,moving,vehicle,wheels,hitch,caravan,tractor,farmer,film
59530,42.0,14,thumb,fingers,hand,up,possible,print,nail,two,knuckles,grasp,hold
605117,62.0,0,builder,bricklayer,house,planning,practical,clever,home,kitchen,extension,walls,plaster
605117,62.0,1,allergy,gluten,rash,peanuts,toxic,test,nan,pollen,summer,reaction,dislike
605117,62.0,2,bulletin,news,sudden,important,breaking,current,quick,urgent,worrying,development,message
605117,62.0,3,neighbor,close,good,noisy,friendly,near,next,nosey,kind,helpful,watchful
605117,62.0,4,appliance,kitchen,fire,useful,science,emergency,kettle,washer,microwave,helpful,handy
605117,62.0,5,clamp,wheel,grip,tight,hold,down,tool,parking,remove,firm,yellow
605117,62.0,6,racket,tennis,criminal,noise,badminton,din,abominable,sports,strings,interminable,music
605117,62.0,7,squeal,loud,fright,pig,confess,shrill,pain,hurt,joy,surprise,amazement
605117,62.0,8,psychology,science,human,analysis,study,degree,student,professor,understanding,manipulation,cure
605117,62.0,9,onion,vegetable,curry,spring,slice,chopped,hot,bag,soup,rings,pickled
605117,62.0,10,achievement,great,difficult,congratulation,progress,milestone,degree,success,momentous,lifetime,over
605117,62.0,11,briefcase,leather,business,letters,documents,sandwiches,stationery,black,stolen,formal,important
605117,62.0,12,addition,subtraction,multiplication,division,sum,new,more,extra,family,plus,onto
605117,62.0,13,blackboard,chalk,lesson,sums,learning,school,teacher,eraser,homework,dust,wipe
605117,62.0,14,sway,rock,persuade,dance,trees,unsteady,drunk,bend,move,breeze,lean
605838,37.0,0,attach,affix,fix,join,separate,attachment,glue,stick,detach,combine,email
605838,37.0,1,trombone,trumpet,brass,violin,tuba,viola,band,orchestra,slide,jazz,saxophone
605838,37.0,2,tease,play,mock,school,games,feather,nan,joy,silly,daft,fun
605838,37.0,3,stick,insect,log,glue,stay,twist,man,wood,leaf,tree,around
605838,37.0,4,balcony,railing,fence,holiday,chair,table,ledge,drinks,terrace,free,view
605838,37.0,5,survive,live,thrive,escape,exist,alive,environment,harsh,grow,cope,continue
605838,37.0,6,shears,garden,cut,grass,blade,handle,knee-pads,work,sheep,scythe,reaps
605838,37.0,7,time,clock,left,seconds,watch,stop,passes,ticking,elapsed,over,trial
605838,37.0,8,savior,jesus,lord,church,lifeboat,sins,cross,halo,cathedral,life,safe
605838,37.0,9,meteor,shower,asteroid,perseid,rock,flame,comet,tail,ice,sky,stars
605838,37.0,10,journal,diary,book,log,locked,entry,keep,secret,note,monitor,handwritten
605838,37.0,11,tribute,song,hunger,games,ale,beer,river,sacrifice,act,cover,honour
605838,37.0,12,technician,electrician,fixer,computer,technology,it,geek,coding,support,wiring,broken
605838,37.0,13,soil,earth,dirt,worms,grow,bag,tomatoes,mud,ground,seeds,roots
605838,37.0,14,sober,drunk,quiet,judge,october,state,teetotal,reserved,night,driving,christmas
608085,29.0,0,private,secret,body,money,relationship,issues,family,sex,work,toilet,data
608085,29.0,1,uncooked,raw,chicken,poison,salmonella,sickness,nausea,food,fish,beef,seafood
608085,29.0,2,winding,up,wheel,rope,helix,toy,key,engine,fun,joking,shoelace
608085,29.0,3,trailer,trash,park,camping,storage,truck,wagon,movie,cinema,snippet,behind
608085,29.0,4,worm,insect,dirty,wriggling,smooth,long,mud,uncomfortable,candy,sweet,dance
608085,29.0,5,talent,show,entertainment,rare,fun,interesting,personality,hot,movies,tv,judge
608085,29.0,6,thumb,rule,green,fingers,hand,body,anatomy,tom,toes,up,terminator
608085,29.0,7,roll,sausage,drum,gymnastics,call,tumble,somersault,evasive,dodge,away,tyre
608085,29.0,8,punch,bag,alcohol,hit,strike,kick,attack,fight,aggression,anger,violence
608085,29.0,9,wide,load,angle,measurement,big,small,huge,space,enough,stretch,gap
608085,29.0,10,active,healthy,sports,exercise,gym,running,swimming,membership,weightlifting,training,fit
608085,29.0,11,nylons,stockings,sexy,women,girl,lady,pantyhose,tights,underwear,undergarments,lingerie
608085,29.0,12,noose,death,hanging,neck,rope,knot,tying,execution,capital,murder,swinging
608085,29.0,13,outline,design,early,concept,final,review,engineering,nan,optioneering,data,programme
608085,29.0,14,kettle,hot,pot,black,water,steam,coffee,tea,milk,boiling,cup
608651,62.0,0,silly,daft,stupid,vague,idiotic,odd,weird,comical,comic,act,fool
608651,62.0,1,rifle,search,look,gun,pistol,shoot,frisk,automatic,manual,load,aim
608651,62.0,2,toilet,room,bathroom,urinal,pan,closet,lid,urine,defecate,stool,water
608651,62.0,3,potato,vegetable,tuber,ground,root,chip,crisp,roast,mash,jacket,skin
608651,62.0,4,anxious,worried,fret,concern,pace,floor,unsettled,fraught,disturb,shove,aggression
608651,62.0,5,skinny,thin,chip,latte,milk,famine,food,water,alcoholic,girl,teenager
608651,62.0,6,aunt,relation,niece,uncle,nephew,bear,avuncular,sister,brother,parent,sibling
608651,62.0,7,best,first,winner,supreme,top,cup,medal,gold,silver,bronze,team
608651,62.0,8,pet,cat,dog,budgie,food,rabbit,hamster,parrot,fish,tank,lizard
608651,62.0,9,wet,soak,dry,paper,rain,storm,wind,thunder,lightning,damp,fire
608651,62.0,10,want,need,desire,greed,avarice,gift,present,money,lust,peace,world
608651,62.0,11,laugh,chuckle,belly,brothers,clap,applaud,enjoy,like,love,friends,family
608651,62.0,12,stuff,in,pocket,material,things,objects,substance,powder,work,food,clothes
608651,62.0,13,trousers,pants,socks,shorts,shirt,jumper,jacket,suit,waistcoat,press,hanger
608651,62.0,14,terrible,awful,rotten,dreadful,thing,waste,unlucky,rubbish,unskilled,job,luck
609515,41.0,0,thumb,digit,finger,scroll,swipe,push,nudge,press,,turn,insert
609515,41.0,1,noose,hang,rope,hung,thread,swing,braid,hoop,loop,circle,end
609515,41.0,2,private,secret,conspicuous,furtive,confidential,hidden,password,off-limits,vip,classified,redacted
609515,41.0,3,active,busy,energetic,fast,motivated,hyper,agitated,on,working,occupied,vivacious
609515,41.0,4,punch,cocktail,beverage,tiki,slap,hit,thump,enter,judy,,kick
609515,41.0,5,nylons,stockings,tights,clothing,material,fabric,hosiery,lingerie,legs,feet,shoes
609515,41.0,6,winding,twisting,turning,oscillating,rotating,reeling,reel,snaking,strafing,stairs,spooling
609515,41.0,7,roll,rotate,turn,tumble,sausage,cheese,coins,quarters,toilet,kitchen,somersault
609515,41.0,8,wide,hench,massive,engorged,girth,width,length,vast,enormous,substantial,circumference
609515,41.0,9,uncooked,raw,fresh,cold,chilled,ready,underdone,unready,bacteria,poisonous,bloody
609515,41.0,10,kettle,contain,tea,coffee,harangue,coral,keep,hissing,heat,stove,electric
609515,41.0,11,talent,power,fame,ability,nan,skills,prudence,feature,characteristic,nous,wit
609515,41.0,12,outline,circle,explain,brief,summerise,draw,blueprint,schematic,diagram,illustration,confirm
609515,41.0,13,worm,snake,slither,sneak,squirm,coward,villain,slide,convince,slip,scramble
609515,41.0,14,trailer,truck,tailgate,advertisement,screener,follow,show,cinema,load,preview,spoiler
6119,65.0,0,meteor,shower,meteorite,space,flash,firework,dust,streak,light,momentary,leonid
6119,65.0,1,soil,damp,dirty,acid,sandy,peaty,vegetable,plough,top,farming,organic
6119,65.0,2,survive,live,nuclear,bomb,war,asteroid,duck,protect,attack,terrorism,apocalypse
6119,65.0,3,sober,teetotal,alcohol,driving,abstinence,pub,police,responsible,soft,pop,juice
6119,65.0,4,time,double,past,over,father,old,relative,second,minute,hour,day
6119,65.0,5,balcony,hotel,cruise,juliet,bra,dangerous,railing,barrier,vista,theatre,high
6119,65.0,6,savior,hero,idol,religion,life,rescuer,jesus,sinner,forgiveness,sacrifice,escape
6119,65.0,7,attach,join,weld,magnetic,glue,fix,marry,mine,hook,caravan,tow-bar
6119,65.0,8,tribute,beer,honour,eulogy,flowers,poem,friends,requiem,remembrance,payment,royal
6119,65.0,9,technician,engineer,apprentice,technology,fitter,screwdriver,spanner,equipment,testing,factory,career
6119,65.0,10,trombone,trumpet,brass,wind,instrument,slider,orchestra,jazz,music,mouthpiece,musical
6119,65.0,11,journal,diary,log,record,pages,dates,daily,event,history,evidence,contemporaneous
6119,65.0,12,shears,hedge,hair,pinking,grass,tools,material,dressmaker,guillotine,metalwork,sheet
6119,65.0,13,stick,wooden,glue,broom,witch,sorcerer,lollipop,insect,notepaper,plaster,film
6119,65.0,14,tease,strip,taunt,annoy,prod,erotic,seduce,entice,joke,embarrass,humiliate
612074,27.0,0,twice,double,two,pair,couple,repeat,task,twig,partner,,multiple
612074,27.0,1,meter,read,chart,price,gas,water,parking,length,measure,centimetre,square
612074,27.0,2,oath,pray,sacrifice,initiation,trust,loyalty,cult,pledge,hold,true,loyal
612074,27.0,3,inflation,raise,money,prices,expensive,chart,trend,deflation,inequality,stocks,recession
612074,27.0,4,perish,die,death,destroy,wither,rot,fall,deceased,bury,soldier,battle
612074,27.0,5,pale,white,shocked,jealous,embarrassed,humiliated,shame,scared,blood,ill,sweat
612074,27.0,6,atmosphere,earth,space,oxygen,ozone,planet,warming,sky,gas,mass,gravity
612074,27.0,7,checking,account,money,list,notes,prepare,analyse,readiness,sign,sure,chess
612074,27.0,8,boiled,eggs,chicken,steam,water,pan,kettle,tea,pasta,stove,liquid
612074,27.0,9,soak,sponge,bath,wash,clean,clothes,dishes,wet,dripping,shower,waterfall
612074,27.0,10,under,ground,hole,shelter,basement,water,barrel,preposition,behind,rank,control
612074,27.0,11,toil,wrestle,work,hard,sweat,build,physical,labour,exhausting,extreme,verb
612074,27.0,12,mussel,food,sea,salty,fresh,fish,mollusc,pescatarian,healthy,price,expensive
612074,27.0,13,safari,africa,tour,lion,elephant,hunt,wild,protect,herd,mirage,south
612074,27.0,14,sometimes,maybe,occasionally,wanting,thinking,thought,could,opportunity,potential,unsure,often
615839,46.0,0,trousers,wear,pants,long,warm,shoes,denim,cotton,belt,protect,fashion
615839,46.0,1,silly,stupid,daft,immature,joke,funny,clown,childish,naive,playful,dumb
615839,46.0,2,laugh,enjoy,joking,comedy,fun,smile,positive,crying,tears,loud,humour
615839,46.0,3,toilet,loo,bidet,urinals,wc,bathroom,public,smell,dirty,germs,defecate
615839,46.0,4,terrible,awful,bad,horrendous,negative,horrific,woeful,disastrous,sad,upset,poor
615839,46.0,5,anxious,worried,alert,sweaty,edgy,uptight,nervous,ashamed,mental,bitter,unrest
615839,46.0,6,rifle,gun,shot,wound,fire,injure,protect,barrel,bullet,aim,trigger
615839,46.0,7,stuff,everything,possessions,this,that,turkey,animal,teddy,unidentified,meat,christmas
615839,46.0,8,aunt,female,woman,uncle,cousin,family,relative,relation,blood,marriage,fun
615839,46.0,9,potato,roast,chip,fried,vegetable,nutritious,cheap,filling,versatile,food,jacket
615839,46.0,10,wet,rain,water,dry,towel,bath,shower,clean,wash,leak,soak
615839,46.0,11,want,desire,wish,need,purchase,greed,order,demand,gift,selfish,pursue
615839,46.0,12,pet,dog,cat,companion,family,care,abandon,vet,calming,love,friend
615839,46.0,13,skinny,thin,underweight,unhealthy,eat,disorder,bones,weak,malnourished,ill,unattractive
615839,46.0,14,best,superb,optimum,epitome,champion,first,winner,desirable,quality,ultimate,great
623217,70.0,0,still,water,mind,trees,issue,will,face,nature,wait,motionless,frozen
623217,70.0,1,zone,area,zombie,space,police,city,urban,sector,mindfulness,triangular,orange
623217,70.0,2,bless,spiritual,god,mass,catholic,priest,saints,message,martyrs,pope,conclave
623217,70.0,3,permission,allow,laws,broken,alert,barrier,granted,request,note,allowable,judge
623217,70.0,4,unit,single,one,factory,shop,mathematics,building,lot,algebra,family,individual
623217,70.0,5,loyal,friend,army,general,partner,colours,allegiance,dog,faith,support,identity
623217,70.0,6,pole,geography,north,south,magnetic,barber,stripped,migrant,gondola,fence,wooden
623217,70.0,7,menthol,fresh,mint,cigarette,smell,river,mountain,smoke,bitter,chemical,sweet
623217,70.0,8,intake,breath,consume,knowledge,absorb,fuel,engine,migration,inlet,class,freshmen
623217,70.0,9,boss,manager,good,order,fashion,top,executive,direct,skilful,major,slang
623217,70.0,10,transportation,cars,trains,systems,mechanical,technology,integrated,overland,international,renting,pollution
623217,70.0,11,mold,bacteria,black,danger,growth,damp,green,neglect,shape,influence,jelly
623217,70.0,12,anchor,weight,cross,sea,water,ship,sailor,tattoo,old,barnacles,navy
623217,70.0,13,piston,circular,engine,steam,steel,ring,combustion,cylinder,smooth,engineered,shiny
623217,70.0,14,score,numbers,card,board,indentation,achieve,drugs,complete,goal,run,sharp
623979,29.0,0,publication,book,newspaper,publisher,qualified,series,editor,penguin,science,research,essay
623979,29.0,1,repair,shop,car,garage,fix,mend,wrench,screwdriver,care,emotion,grey
623979,29.0,2,infection,illness,hospital,puss,red,sore,dangerous,blood,unwell,treatment,cure
623979,29.0,3,riddle,fantasy,trick,puzzle,game,quiz,poem,sneaky,challenge,adventure,tom
623979,29.0,4,spider,web,legs,black,winter,halloween,eggs,nest,dark,tunnel,cave
623979,29.0,5,wish,star,well,want,magic,birthday,candle,turkey,eyes-closed,hopeful,child
623979,29.0,6,past,tense,,times,nostalgia,gone,warm,reminisce,reflection,memories,life
623979,29.0,7,cinema,film,movie,popcorn,snacks,documentary,friends,screen,event,marathon,sofa
623979,29.0,8,rectangle,square,triangle,shapes,mathematics,school,paper,frame,angles,edges,surface
623979,29.0,9,shoulder,injury,pads,body,torso,football,shrug,cold,massage,roll,broad
623979,29.0,10,tomato,red,fruit,vegetable,salad,bruschetta,sauce,pasta,bolognese,soup,fresh
623979,29.0,11,amaze,wonderful,surprise,fun,party,view,breathtaking,inspire,fulfill,surpass,laughter
623979,29.0,12,chorus,sing,choir,perform,church,music,score,carol,celebration,focus,group
623979,29.0,13,wreck,ship,emotional,ruin,destroy,break,crumble,vulnerable,mistake,well-being,error
623979,29.0,14,believe,wish,grounding,hope,inspire,motivation,hooked,decision,positive,hopeful,trust
624280,36.0,0,occupation,job,doctor,farmer,busy,employment,economy,teacher,tax,contract,employer
624280,36.0,1,pad,key,mouse,sanitary,tampon,cushion,seat,paw,packaging,walk,tiger
624280,36.0,2,buck,dollar,money,trend,bronco,bull,horse,star,earn,pay,note
624280,36.0,3,claims,explains,allege,compensation,court,small,takes,grabs,receives,missing,gets
624280,36.0,4,brake,stop,car,truck,bike,faulty,crash,accident,fluid,skid,tyre
624280,36.0,5,retreat,leave,hide,calm,go,shrink,yoga,turn,surrender,battle,army
624280,36.0,6,braces,teeth,belt,shoulders,stretchy,buckle,man,elastic,steels,push,fortify
624280,36.0,7,beginner,learner,driver,school,musician,violin,child,inexperienced,first,lesson,class
624280,36.0,8,oar,boat,canoe,wood,paddle,row,toad,water,effort,gondola,race
624280,36.0,9,radiator,heat,warmth,metal,clank,hot,boiler,bleed,key,white,old
624280,36.0,10,salesman,con,watch,car,insurance,bravado,patter,technique,dealership,cash,charisma
624280,36.0,11,pardon,execution,governor,law,burp,excuse,sorry,hearing,deaf,clemency,allow
624280,36.0,12,sap,tree,bark,sticky,orange,insect,suck,remove,take,drain,amber
624280,36.0,13,stocking,presents,santa,christmas,filler,lumpy,wrinkle,beige,legs,suspenders,nylon
624280,36.0,14,relativity,einstein,mathematics,equations,forces,science,complicated,equivalence,white,blackboard,diagram
628212,63.0,0,oatmeal,porridge,oats,breakfast,healthy,biscuits,nutritious,filling,flapjack,milk,organic
628212,63.0,1,sunrise,beautiful,daytime,refreshing,new,colourful,clouds,sky,vista,scenery,happiness
628212,63.0,2,back,problems,stiff,aching,spotty,before,prior,rewind,restart,behind,reverse
628212,63.0,3,year,time,exciting,birthday,anniversary,period,long,anticipation,trepidation,month,week
628212,63.0,4,not,negative,false,nan,stop,think,beware,danger,halt,careful,hesitate
628212,63.0,5,snake,adder,asp,grass,slimy,scary,colourful,rare,strong,long,reptile
628212,63.0,6,nasty,awful,disgusting,dirty,rubbish,smelly,sticky,trash,,yuk,mean
628212,63.0,7,joke,pun,comedian,funny,happy,foolish,humour,hysterical,dry,hilarious,story
628212,63.0,8,peaceful,calm,cemetery,funeral,quiet,sleepy,death,subdued,asleep,restful,content
628212,63.0,9,bird,thrush,robin,blackbird,sparrow,flying,nests,owl,eagle,heron,prey
628212,63.0,10,beverage,tea,coffee,milk,chocolate,water,lemonade,pop,wine,beer,thirst
628212,63.0,11,loose,slack,baggy,change,knot,tie,easy,unsafe,risky,shoddy,release
628212,63.0,12,opening,ajar,opportunity,entry,times,presents,bags,doors,buttons,tearing,pulling
628212,63.0,13,right,hand,side,correct,affirmative,yes,true,agree,nodding,certain,opinion
628212,63.0,14,attire,dress,smart,suit,scruffy,tidy,clean,dirty,uniform,appropriate,unkept
631308,51.0,0,noose,rope,knot,hangman,execution,suicide,loop,wire,trap,animals,cruel
631308,51.0,1,active,sport,exercise,walking,running,physical,fit,well,movement,alive,gym
631308,51.0,2,roll,move,fun,round,baking,hill,,circular,wheels,turn,trolly
631308,51.0,3,winding,clock,spiraling,twisting,blow,baby,burping,circular,key,breathless,turning
631308,51.0,4,kettle,boil,steam,hot,water,electrical,morning,coffee,tea,company,power
631308,51.0,5,nylons,friction,underwear,tights,exercise,gym,lycra,underskirt,shiny,elasticated,electric
631308,51.0,6,outline,border,draw,highlight,enclose,explain,brief,box,trace,summarise,
631308,51.0,7,worm,insect,garden,soil,dirt,plants,wet,wriggle,ear,music,intestines
631308,51.0,8,punch,hit,blow,hurt,alcohol,boxing,bag,fruit,pitcher,ice,glasses
631308,51.0,9,thumb,okay,hand,fingers,pages,book,joints,good,digit,grip,pinch
631308,51.0,10,trailer,car,lorry,transport,movie,film,adverts,heavy,move,anticipate,promote
631308,51.0,11,wide,big,long,large,great,huge,spacious,broad,open,sizeable,volume
631308,51.0,12,private,secret,important,confidential,exclusive,limited,friends,secluded,intimate,trusted,army
631308,51.0,13,uncooked,raw,meat,fresh,fridge,cold,freeze,,rare,food,salad
631308,51.0,14,talent,singer,gymnast,ability,natural,gifted,performer,musician,techniques,flair,undiscovered
635359,32.0,0,bless,you,us,god,kind,blessed,touched,lucky,fortunate,help,understand
635359,32.0,1,loyal,partner,friend,dog,companion,friendly,understanding,back-up,longevity,unconditional,trust
635359,32.0,2,unit,team,together,electricity,multiple,parts,computer,hardware,software,soldiers,army
635359,32.0,3,anchor,boat,locked,sturdy,seabed,afloat,firm,metal,ship,trawler,marine
635359,32.0,4,transportation,car,bus,taxi,bike,truck,lorry,coach,plane,ship,boat
635359,32.0,5,zone,area,ball,party,segregated,control,part,piece,marking,football,sport
635359,32.0,6,intake,outtake,collect,receive,own,school,group,inhale,exhale,company,business
635359,32.0,7,pole,north,south,dancer,poland,may,vault,club,fireman,arctic,antarctic
635359,32.0,8,menthol,cigarette,mint,chew,smoke,fumes,products,purchase,shop,vape,marijuana
635359,32.0,9,still,water,photo,statue,movement,stationery,sparkling,frozen,stuck,screenshot,video
635359,32.0,10,permission,authorisation,inclusion,granted,denied,acceptance,access,omission,received,signed-off,okay
635359,32.0,11,mold,stain,growth,airtight,breathe,lungs,damage,landlord,illness,killer,cheese
635359,32.0,12,piston,engine,gun,mechanical,motion,old-fashioned,cup,race,moving,racing,starting
635359,32.0,13,boss,work,email,company,director,manager,team-leader,money,authority,control,supervisor
635359,32.0,14,score,draw,football,music,film,nan,goal,goalkeeper,striker,midfielder,defender
635649,24.0,0,meter,length,measurement,gap,ruler,measuring,diy,metre,space,coin,car
635649,24.0,1,inflation,prices,groceries,property,government,money,cost,budget,growth,expansion,supermarket
635649,24.0,2,atmosphere,space,environment,surroundings,vibes,float,spaceship,astronaut,alien,work,planet
635649,24.0,3,mussel,seafood,fish,mollusc,taste,texture,smell,shell,small,grub,party
635649,24.0,4,checking,authentication,precision,double-check,tick,marking,school,test,grade,grading,approval
635649,24.0,5,twice,double,more,extra,portion,baked,size,big,growth,set,twins
635649,24.0,6,safari,africa,internet,search,browser,jungle,animals,rhino,lion,giraffe,wildebeest
635649,24.0,7,under,management,less,investigation,stand,invest,nan,neath,whelming,standing,over
635649,24.0,8,toil,hubble,bubble,trouble,newt,eyes,cauldron,witches,witch,broomstick,potion
635649,24.0,9,boiled,egg,vegetables,carrot,chicken,cauliflower,cabbage,broccoli,food,nutrients,cooking
635649,24.0,10,pale,ale,skin,light,white,transparent,pastel,colour,lacking,tan,holiday
635649,24.0,11,perish,turmoil,destroy,die,dead,hunger,hungry,thirsty,fight,poor,health
635649,24.0,12,soak,feet,veg,clean,scrub,nails,bathe,wash,bathtub,soap,loofah
635649,24.0,13,sometimes,always,occasional,often,never,less,more,choice,question,questionnaire,frequency
635649,24.0,14,oath,agree,signed,promise,promised,decided,strong,decision,police,court,religion
641103,31.0,0,trailer,movie,film,explosions,music,truck,park,heavy,vehicle,poverty,dirty
641103,31.0,1,wide,broad,plains,expanse,vacuum,open,sky,overwhelming,measurement,big,narrow
641103,31.0,2,private,secure,closed,intimate,hidden,trust,personal,school,army,genitals,inner
641103,31.0,3,roll,cartwheel,revolve,bread,bakery,christmas,warm,dice,gaming,tumble,wheel
641103,31.0,4,thumb,finger,hand,grip,human,primate,book,handle,manipulate,hitchhike,signal
641103,31.0,5,punch,hit,fight,pain,strike,martial-arts,karate,dodge,conflict,aggression,anger
641103,31.0,6,uncooked,raw,unsafe,bacteria,kitchen,refrigerator,chicken,slimy,oven,food,preparation
641103,31.0,7,worm,squirm,dirt,soil,underground,animal,simple,nature,gross,slimy,wiggle
641103,31.0,8,noose,hang,rope,criminal,gallows,loop,knot,punishment,escape,death,fear
641103,31.0,9,active,healthy,sports,walking,energy,thin,fit,football,running,hiking,camping
641103,31.0,10,talent,skill,music,art,painting,violin,piano,intelligent,popular,singing,famous
641103,31.0,11,winding,circuitous,river,path,road,travel,mountains,crooked,straight,indirect,journey
641103,31.0,12,outline,shape,line,writing,picture,summary,draw,simple,basic,detail,generalization
641103,31.0,13,nylons,stockings,skirt,legs,dress,formal,woman,textile,silk,hole,rip
641103,31.0,14,kettle,whistle,loud,hot,water,boil,kitchen,sink,tap,tea,drink
651869,41.0,0,oath,swear,truth,pledge,oats,church,honesty,old,marriage,time,men
651869,41.0,1,soak,wet,bath,shower,wash,summer,water,drench,play,clothes,rain
651869,41.0,2,inflation,money,expensive,rate,exchange,bank,corporate,mortgage,insurance,finance,percentage
651869,41.0,3,checking,look,watching,diligence,registering,careful,savings,eyes,examine,scrutiny,study
651869,41.0,4,perish,die,death,fall,expire,lost,lose,freeze,destroy,rot,fade
651869,41.0,5,boiled,cooked,burnt,dead,heat,steamed,simmer,poached,burn,scald,hot
651869,41.0,6,sometimes,other,occasionally,irregular,rarely,erratic,infrequent,random,hardly,frequent,average
651869,41.0,7,toil,work,hard,sweat,tough,effort,labour,grind,struggle,hurt,impossible
651869,41.0,8,safari,africa,jeep,animal,hot,internet,plains,jungle,excursion,open,fun
651869,41.0,9,mussel,sea,food,wet,ocean,grow,animal,smiley,black,old,underwater
651869,41.0,10,atmosphere,gas,earth,space,oxygen,hydrogen,breath,universe,thin,globe,cloud
651869,41.0,11,meter,distance,yard,centimetre,mile,far,gas,electric,recording,usage,kilometer
651869,41.0,12,under,over,less,small,below,down,underneath,lower,beneath,bottom,low
651869,41.0,13,pale,white,skin,feint,light,soft,bland,fade,grey,green,ill
651869,41.0,14,twice,once,thrice,double,pair,set,matching,marry,couple,twin,two
653739,27.0,0,messy,dirty,tidy,mop,clean,toys,lazy,time,sleep,kitchen,mind
653739,27.0,1,camping,tent,field,site,van,car,park,rope,sleeping,wash,sky
653739,27.0,2,process,computer,digital,analogue,work,test,use,efficient,easy,hard,way
653739,27.0,3,procedure,formal,write,take,medical,medicine,doctor,hospital,consent,deliver,complete
653739,27.0,4,thought,mind,brain,abstract,emotion,quick,relate,think,friend,idea,bulb
653739,27.0,5,marble,stone,cold,clear,pretty,vein,white,black,expensive,kitchen,designer
653739,27.0,6,repeat,again,test,experiment,check,accurate,time,measure,write,report,understand
653739,27.0,7,spend,money,purse,shop,buy,bank,account,price,ask,work,purchase
653739,27.0,8,obey,will,slave,order,task,objective,shout,ask,willing,work,master
653739,27.0,9,pickles,jar,olive,oil,juice,lid,glass,eat,stick,cucumber,dill
653739,27.0,10,triangle,square,shape,maths,teach,learn,side,angle,draw,line,measure
653739,27.0,11,blind,eye,curtain,shape,slat,lift,open,close,wind,string,fabric
653739,27.0,12,vow,wedding,husband,wife,priest,aisle,write,ring,speech,pray,love
653739,27.0,13,cathedral,church,vicar,pew,priest,candle,song,hymn,prayer,angel,god
653739,27.0,14,recliner,sofa,chair,seat,couch,living,room,fabric,comfy,long,sleep
656404,31.0,0,outline,drawing,area,map,black,line,figure,layout,plan,show,mark
656404,31.0,1,private,secret,personal,individual,army,soldier,quiet,secretive,close,confidante,introverted
656404,31.0,2,roll,dice,tumble,fall,bread,bun,bap,hill,coin,toss,throw
656404,31.0,3,kettle,fish,black,pot,water,heat,bell,weight,tea,steam,electric
656404,31.0,4,wide,vast,big,gape,gap,huge,house,length,eyed,arms,hug
656404,31.0,5,talent,show,ability,special,clever,practise,art,music,drama,acting,skill
656404,31.0,6,thumb,nail,tack,finger,hand,leaf,turn,page,touch,caress,joint
656404,31.0,7,worm,bird,squeeze,ground,mud,hole,book,creep,sneak,wriggle,writhe
656404,31.0,8,trailer,park,movie,advert,television,home,van,caravan,move,video,vehicle
656404,31.0,9,active,sporty,running,swimming,jump,walk,sports,yoghurt,fit,healthy,movement
656404,31.0,10,noose,swing,hang,death,knot,tie,rope,neck,gallows,tree,lynch
656404,31.0,11,uncooked,rare,raw,meat,dangerous,cook,oven,fry,fresh,unprepared,recipe
656404,31.0,12,nylons,tights,stockings,fabric,translucent,opaque,women,socks,shoes,dress,material
656404,31.0,13,punch,hit,juice,rum,smack,fist,kick,fight,aggression,violence,drink
656404,31.0,14,winding,swerving,climbing,high,road,hill,corners,trees,turns,breathlessness,clock
659452,63.0,0,shove,push,nudge,hit,move,elbow,banish,exclude,throw,force,aside
659452,63.0,1,sling,back,singapore,hammock,bandage,throw,fling,chuck,twirl,support,injury
659452,63.0,2,mechanical,machine,robot,metal,motorized,parts,technical,tools,car,fixtures,workings
659452,63.0,3,caffeine,coffee,tea,awake,hit,stimulant,drug,palpitations,wired,sleeplessness,energy
659452,63.0,4,record,vinyl,disc,data,writing,facts,albums,singles,player,transmission,listen
659452,63.0,5,lightheaded,dizzy,faint,fuzzy,foggy,unsteady,shakey,disoriented,sleepy,floppy,tipsy
659452,63.0,6,vote,election,president,party,politics,government,democracy,say,choose,elect,yes
659452,63.0,7,mammal,animal,human,dog,cat,warm,offspring,milk,birth,cuddly,furry
659452,63.0,8,regret,rue,mourn,sorry,wrong,mistake,undoing,sadness,unhappiness,bad,doing
659452,63.0,9,slay,kill,defeat,win,overtake,succeed,murder,compete,demise,ended,death
659452,63.0,10,zest,life,excitement,enthusiasm,perky,bright,tangy,uplifting,love,zingy,active
659452,63.0,11,say,tell,speak,repeat,converse,sentence,conversation,opinion,vote,exclaim,speech
659452,63.0,12,why,reason,because,how,where,about,explanation,exploring,resulting,understanding,question
659452,63.0,13,scrap,metal,heap,book,bits,junk,pieces,scratchings,,end,fight
659452,63.0,14,legend,winner,myth,story,fable,mythology,sports,actor,movies,celebrity,celebrated
66328,34.0,0,caffeine,coffee,energy,morning,teabag,adrenaline,mug,bean,money,addictive,adult
66328,34.0,1,sling,shot,arm,throw,brat,broken,hurt,casts,fishing,rod,hurl
66328,34.0,2,legend,greatest,achiever,success,famous,wealth,celebrity,history,recognizable,unbeatable,talented
66328,34.0,3,vote,government,brexit,labour,people,candidate,right,left,democracy,choice,common
66328,34.0,4,mammal,human,cat,lion,tiger,bat,dolphin,egg,hair,milk,birth
66328,34.0,5,lightheaded,dizzy,sick,dehydrated,hungry,overheated,drunk,faint,collapse,fall,hurt
66328,34.0,6,zest,enjoyment,relish,agreeable,flavour,interesting,liveliness,orange,peel,spray,smell
66328,34.0,7,mechanical,robot,machine,car,factory,mechanic,fixing,broken,metal,garage,device
66328,34.0,8,slay,queen,kill,amusing,impressive,violence,quality,style,modern,agree,cut
66328,34.0,9,scrap,metal,unwanted,junk,abandoned,leftover,dumped,reused,recycle,litter,money
66328,34.0,10,regret,past,relationships,decisions,choices,often,depression,life,mistake,undone,career
66328,34.0,11,why,everything,what,annoyed,me,choice,understand,hurt,confused,mistake,take
66328,34.0,12,shove,push,rude,shovel,abuse,bully,strong,stance,enemy,anger,hands
66328,34.0,13,record,player,device,music,video,voice,memories,journal,photos,hit,vinyl
66328,34.0,14,say,honestly,voice,heart,mouth,words,something,anything,heard,listen,it
665305,53.0,0,messy,scatty,paint,food,flour,desk,hair,makeup,play-doh,garden,house
665305,53.0,1,spend,money,cash,coins,gifts,rich,luxurious,sumptuous,short,shopping,online
665305,53.0,2,recliner,seat,back,plane,old,comfy,expensive,relax,backrest,chair,rocking
665305,53.0,3,procedure,method,system,activity,technique,operation,hospital,ill,undertaking,work,plan
665305,53.0,4,pickles,hedgehog,predicament,dilemma,jam,hole,nan,onions,sauerkraut,cabbage,branston
665305,53.0,5,blind,eyes,sight,none,black,scary,vision,mouse,nursery,rhyme,optician
665305,53.0,6,vow,marriage,pledge,promise,agree,wedding,consent,betroth,contract,engage,guarantee
665305,53.0,7,process,order,procedure,method,technique,think,plan,approach,colour,blue,ink
665305,53.0,8,repeat,over,twice,recite,perform,replay,duplicate,rerun,restate,reiterate,retell
665305,53.0,9,obey,accept,concur,comply,observe,execute,follow,adhere,agree,keep,serve
665305,53.0,10,triangle,maths,music,instrument,relationship,love,tryst,affair,metal,chime,pitch
665305,53.0,11,marble,round,ball,smooth,game,worktop,expensive,breakable,marks,kitchen,dear
665305,53.0,12,thought,think,mind,attention,hope,logic,understanding,hopeful,past,time,effort
665305,53.0,13,cathedral,church,religion,spire,point,xmas,god,towns,guildford,carols,concerts
665305,53.0,14,camping,wet,tent,mud,kids,holiday,chair,table,wind,field,cows
667764,28.0,0,occupation,job,house,doctor,accountant,money,lawyer,purpose,time,dentist,networking
667764,28.0,1,stocking,christmas,gift,fun,family,sock,christ,toy,coal,orange,year
667764,28.0,2,radiator,heat,water,cost,metal,hard,steel,bleed,heating,radiation,winter
667764,28.0,3,brake,pad,car,bike,worn,hard,screech,crash,fast,rubber,road
667764,28.0,4,retreat,war,army,solider,medieval,shield,gun,over,work,holiday,networking
667764,28.0,5,relativity,relative,position,gravity,difference,up,down,speed,light,fast,slow
667764,28.0,6,pardon,excuse,rude,polite,embarrassed,excused,belch,wind,biden,usa,court
667764,28.0,7,pad,note,pen,words,writing,jot,old,school,work,spell,handwriting
667764,28.0,8,sap,tree,canada,maple,bark,rubber,forest,sticky,smell,tacky,pine
667764,28.0,9,oar,boat,row,wood,work,exercise,cambridge,oxford,water,fast,old
667764,28.0,10,claims,small,law,court,money,effort,sad,time,legal,argue,win
667764,28.0,11,buck,pass,burden,take,work,effort,trend,horse,donkey,hurt,pain
667764,28.0,12,salesman,door,knock,call,scam,car,vacuum,window,time,annoying,con
667764,28.0,13,braces,teeth,pain,food,chew,clothing,trousers,color,school,removed,dentist
667764,28.0,14,beginner,new,trial,experience,learn,teacher,start,first,fun,inexperienced,nervous
670570,29.0,0,left,handed,side,brained,alone,stranded,right,leaning,without,eye,foot
670570,29.0,1,turkey,chicken,roast,farm,meat,bird,country,hot,sandwich,dinner,feathers
670570,29.0,2,squirrel,animal,park,tree,grass,nuts,graveyard,grey,white,countryside,wildlife
670570,29.0,3,serpent,snake,reputation,bible,taylor,liar,manipulate,reptile,zoo,slither,scales
670570,29.0,4,snot,bogies,nose,illness,flu,hospital,baby,green,slimy,disgusting,cold
670570,29.0,5,subtract,minus,mathematics,add,takeaway,reduce,withdraw,undo,school,teacher,lessons
670570,29.0,6,lamb,animal,sheep,baby,spring,sunshine,cute,happy,scared,vulnerable,wool
670570,29.0,7,pouch,kangaroo,joey,australia,purse,hole,secret,money,handbag,small,coin
670570,29.0,8,shrimp,ocean,whale,flamingo,pink,sea,underwater,fish,cold,dinner,animal
670570,29.0,9,loaf,bread,fruit,dinner,lunch,eating,hungry,meal,butter,bakery,shop
670570,29.0,10,vodka,drink,potato,russia,party,drunk,alcohol,club,addiction,coke,drugs
670570,29.0,11,little,small,dwarfism,tiny,cute,miniature,bit,child,pet,love,kiss
670570,29.0,12,choir,singing,children,school,nativity,christmas,orchestra,show,broadway,carols,church
670570,29.0,13,be,exist,being,stay,do,identity,hamlet,shakespeare,bumblebee,image,remain
670570,29.0,14,circus,clown,acrobat,tent,elephant,tiger,lights,performance,show,fire,funfair
671819,54.0,0,oak,tree,old,acorns,wood,forrest,woods,grows,furniture,logs,branches
671819,54.0,1,mosquito,bite,insect,holiday,abroad,nasty,blood,itchy,scary,repellent,worrying
671819,54.0,2,sales,shops,january,reductions,bargains,deals,sell,busy,online,retail,money
671819,54.0,3,rodeo,horses,cowboys,cattle,america,fun,dangerous,lasso,riders,food,drive
671819,54.0,4,bark,dog,wood,noise,yapp,loud,warning,tree,noisy,shout,yell
671819,54.0,5,canvass,painting,art,blank,under,tent,material,camping,easel,brush,draw
671819,54.0,6,switch,swatch,turn,on,off,change,alter,move,oven,heating,ignition
671819,54.0,7,scapegoat,bullied,blamed,person,victim,unfair,harm,false,lies,narcissist,bad
671819,54.0,8,chapter,book,church,page,writing,verse,era,beginning,end,story,change
671819,54.0,9,modest,nice,credit,small,decent,pure,clothes,opinion,quiet,shy,humble
671819,54.0,10,acknowledge,understand,agree,respond,confirm,accept,recognise,appreciate,receive,result,greet
671819,54.0,11,stand,tall,upright,stood,rise,up,sit,position,structure,holder,frame
671819,54.0,12,zoo,animals,captivity,aquarium,bears,lions,tigers,birds,welfare,cages,enclosures
671819,54.0,13,means,average,test,method,income,definition,measure,medium,mode,maths,implies
671819,54.0,14,ribs,body,skeleton,human,animal,chinese,cook,eat,pork,spare,thin
674393,55.0,0,lamb,meat,grass,spring,jesus,mint,chops,larry,mary,sheep,field
674393,55.0,1,serpent,adder,eve,snake,evil,sinister,coil,gallery,dragon,scales,slither
674393,55.0,2,loaf,bread,brain,crumb,dough,lounge,shoes,slice,chew,staple,life
674393,55.0,3,be,exist,grammar,auxiliary,am,is,being,life,now,moment,present
674393,55.0,4,turkey,christmas,trimmings,roast,bird,gobble,lurkey,country,useless,dry,tradition
674393,55.0,5,left,right,sinister,remaining,centre,abandoned,direction,pair,remainder,deserted,foot
674393,55.0,6,vodka,tonic,orange,disgusting,tasteless,freezer,russia,horrible,pointless,alcohol,spirit
674393,55.0,7,choir,singing,group,harmony,anthems,church,happiness,joy,music,carols,tunes
674393,55.0,8,shrimp,prawn,seafood,seaside,pot,tasty,pink,chewy,fishy,yummy,tiny
674393,55.0,9,pouch,bag,money,container,saggy,baggy,droopy,catch,pocket,holder,material
674393,55.0,10,little,small,tiny,teeny,wee,petite,mini,miniscule,minute,weeny,diminutive
674393,55.0,11,circus,clown,tent,acrobat,fire,skill,trapeze,entertainment,art,tradition,gymnast
674393,55.0,12,squirrel,rat,pest,rodent,damage,smell,noise,annoyance,trouble,exterminate,ferret
674393,55.0,13,subtract,remove,minus,without,take,less,cut,diminish,reduce,withdraw,leave
674393,55.0,14,snot,bogey,mucus,kid,baby,yucky,sticky,green,slimy,cold,nose
674453,35.0,0,safari,jeep,jungle,elephant,rhino,giraffe,lion,tiger,africa,camouflage,binoculars
674453,35.0,1,sometimes,maybe,infrequently,rarely,often,now,not,then,fortnightly,monthly,occasionally
674453,35.0,2,under,below,down,bottom,top,above,over,next,besides,adjacent,near
674453,35.0,3,mussel,fish,squid,clam,sea,salt,water,fishing,seafood,garlic,cream
674453,35.0,4,inflation,blow,rise,expand,money,banks,mortgage,prices,shopping,news,budget
674453,35.0,5,pale,white,beige,ill,poorly,bland,colour,palate,dark,smooth,grey
674453,35.0,6,meter,centimeter,length,height,width,measure,depth,inch,feet,yard,level
674453,35.0,7,checking,looking,reading,see,work,teacher,school,exam,review,revise,study
674453,35.0,8,soak,bath,water,brush,clothes,washing,spin,dry,towel,swimming,jacuzzi
674453,35.0,9,oath,promise,swear,bible,court,law,prayer,trial,legal,church,vicar
674453,35.0,10,perish,rotten,old,damaged,rubbish,mouldy,dead,broken,ill,bad,food
674453,35.0,11,atmosphere,climate,air,sky,feeling,party,weather,,restaurant,event,happy
674453,35.0,12,toil,trouble,bad,exhausting,work,hard,busy,move,labour,grind,slog
674453,35.0,13,boiled,hot,sun,water,sweet,food,baking,vegetables,eggs,bubble,heat
674453,35.0,14,twice,two,double,bigger,shoes,pair,dual,bilateral,number,twins,plural
676077,38.0,0,subtract,take,add,teach,plus,math,minus,number,divide,times,multiply
676077,38.0,1,squirrel,animal,mouse,cat,dog,frog,horse,snake,worm,rabbit,hare
676077,38.0,2,snot,nose,runny,green,yellow,sick,fem,bog,tissue,ill,cold
676077,38.0,3,left,right,up,down,hand,arm,leg,wing,centre,north,south
676077,38.0,4,pouch,pocket,can,bag,food,holder,wallet,couch,chat,full,empty
676077,38.0,5,little,small,tiny,big,large,tall,huge,massive,person,people,help
676077,38.0,6,turkey,christian,food,bird,flying,cook,roast,eat,tasty,sause,hot
676077,38.0,7,vodka,drink,coke,nan,rum,larger,cider,shot,bottle,clear,drunk
676077,38.0,8,serpent,animal,scary,green,wet,water,dark,monster,black,bad,alone
676077,38.0,9,circus,clown,fun,bright,tent,tiger,lights,music,crowd,people,noise
676077,38.0,10,shrimp,fish,food,tasty,cocktail,prawn,tail,sea,water,fishing,catch
676077,38.0,11,choir,sing,church,old,people,song,nice,loud,pleasant,religious,music
676077,38.0,12,lamb,chops,mint,animal,sheep,horse,cat,dog,rabbit,hare,pig
676077,38.0,13,be,to,in,at,if,home,safe,helpful,strong,silly,happy
676077,38.0,14,loaf,bread,slice,white,brown,small,large,cafe,bake,oven,nice
683178,59.0,0,wish,like,want,magic,imagine,wand,wizard,child,star,dream,future
683178,59.0,1,wreck,ship,ruin,destroy,break,disaster,destruction,wind,storm,weather,cut
683178,59.0,2,repair,fix,solve,sew,mend,restore,rebuild,patch,renovate,reconstruct,darn
683178,59.0,3,amaze,astonish,astound,surprise,shock,startle,flabbergasted,dumbfound,stun,marvel,positive
683178,59.0,4,infection,illness,disease,bug,virus,germ,bacteria,body,hospital,harmful,dangerous
683178,59.0,5,spider,arachnid,nan,money,tarantula,fang,venom,poisonous,creepy,insect,black
683178,59.0,6,cinema,theatre,flicks,pictures,screen,film,video,night,popcorn,sweets,cinefilm
683178,59.0,7,rectangle,square,circle,shape,table,box,carton,,draw,measure,angle
683178,59.0,8,believe,faith,think,honest,lies,real,false,correct,truth,accept,trust
683178,59.0,9,chorus,join,choir,sing,conductor,bird,voice,together,unison,hymn,song
683178,59.0,10,past,gone,present,future,nostalgia,history,verb,conjugation,finished,left,previous
683178,59.0,11,publication,news,magazine,newspaper,journalist,writer,release,recent,book,author,famous
683178,59.0,12,tomato,vegetable,fruit,salad,red,healthy,spain,sun,dried,pesto,green
683178,59.0,13,shoulder,cold,dislocate,bone,clavier,broad,cry,swimmer,muscle,lamb,mutton
683178,59.0,14,riddle,game,rhyme,puzzle,poem,poet,jester,clown,solve,maze,words
687337,18.0,0,neighbor,relative,proximity,close,equal,trust,partner,friend,house,address,nan
687337,18.0,1,bulletin,news,information,circulation,sharing,media,school,career,spread,headline,important
687337,18.0,2,psychology,brain,thinking,mental,mind,explaining,study,experiments,disorders,consciousness,patterns
687337,18.0,3,sway,move,sideways,trees,breeze,crowd,relaxed,action,romantic,dance,slow
687337,18.0,4,appliance,utilities,dishwasher,electric,household,domestic,chores,work,bulky,helpful,efficient
687337,18.0,5,briefcase,business,corporate,professional,smart,work,man,suit,skyscraper,job,office
687337,18.0,6,achievement,goal,joy,winning,award,reward,trophy,success,certificate,celebration,congratulations
687337,18.0,7,builder,labour,work,physical,bricks,cement,hard,tools,hats,scaffold,strong
687337,18.0,8,racket,tennis,squash,sport,lacrosse,hit,ball,court,net,serve,grip
687337,18.0,9,addition,plus,formula,equation,maths,school,increase,rise,gain,new,improvement
687337,18.0,10,onion,vegetable,cooking,root,soften,crispy,smell,crying,chopping,dice,pungent
687337,18.0,11,allergy,sneeze,scratchy,uncomfortable,epi-pen,asphyxiation,reaction,red,swelling,pollen,dangerous
687337,18.0,12,squeal,excitement,pig,crying,joy,glee,fear,child,sound,happiness,reaction
687337,18.0,13,blackboard,chalk,learning,teacher,school,class,writing,presenting,scratchy,old,outdated
687337,18.0,14,clamp,secure,fix,down,car,stationary,immoveable,strong,punishment,safety,hold
689518,52.0,0,cinema,film,popcorn,reel,trailer,times,late,dark,awards,seats,noisy
689518,52.0,1,infection,ill,covid,medicine,hospital,doctor,nurse,sterile,sleeping,contagious,fever
689518,52.0,2,riddle,joke,batman,hard,easy,words,right,wrong,guesses,lines,time
689518,52.0,3,believe,christmas,lie,truth,magic,trust,family,gossip,story,faith,unbeliever
689518,52.0,4,wreck,car,ship,accident,corner,write-off,insurance,road,sunk,diving,treasure
689518,52.0,5,wish,believe,birthday,cake,hope,present,family,faith,want,dream,determined
689518,52.0,6,shoulder,bone,elbow,arm,collar,bag,meat,lamb,hold,responsibility,family
689518,52.0,7,amaze,wonder,hope,awe,child,young,faith,magic,shock,competition,prize
689518,52.0,8,past,future,history,yesterday,ages,years,remember,lesson,happened,long,ago
689518,52.0,9,spider,black,huntsman,dangerous,furry,legs,eight,small,lots,conkers,pig
689518,52.0,10,rectangle,shape,square,long,empty,seats,box,space,colour,angle,lines
689518,52.0,11,repair,broken,fix,shoe,shop,charge,replace,buy,reuse,recycle,environment
689518,52.0,12,chorus,choir,sing,church,practice,men,women,outfit,conductor,rock,song
689518,52.0,13,tomato,red,big,small,squashy,sauce,salad,ketchup,cheese,buffalo,mozzarella
689518,52.0,14,publication,book,day,magazine,writing,launch,fanfare,event,people,signing,buy
698720,41.0,0,live,life,age,family,friends,adventure,experience,old,time,hard,long
698720,41.0,1,organ,donor,transplant,keys,heart,liver,lung,plants,organic,kidney,playing
698720,41.0,2,mushroom,fungi,toad,mario,eat,food,healthy,forage,forrest,grow,vegan
698720,41.0,3,suede,music,band,smooth,felt,navy,old,material,coat,shoes,leather
698720,41.0,4,reflection,mirror,narcissist,water,window,deep,understanding,disgust,silver,meditation,knowledge
698720,41.0,5,adult,child,parent,growth,relationship,house,mortgage,pressure,kids,marriage,death
698720,41.0,6,truth,honesty,correct,right,rare,empathy,good,hard,scary,necessary,bomb
698720,41.0,7,vulnerable,scary,endearing,honesty,rare,child,partner,relationship,people,emotion,parents
698720,41.0,8,web,internet,world,spider,charlotte,interconnected,weaving,intricate,strong,spiderman,dark
698720,41.0,9,peace,love,rare,needed,hippy,symbol,sixties,war,lennon,flowers,cream
698720,41.0,10,sex,fun,intimate,relationship,partner,kinky,raw,girlfriend,wife,connection,sharing
698720,41.0,11,wall,pink,house,brick,cement,climb,stop,barrier,building,home,fence
698720,41.0,12,response,conversation,ignored,medic,help,talking,email,message,waiting,read,mouth
698720,41.0,13,chapel,church,religion,pray,vicar,weddings,people,cross,symbolic,fake,necessary
698720,41.0,14,smog,bad,thick,pollution,unhealthy,foggy,city,urban,greed,power,white
700028,36.0,0,chapel,church,priest,monk,prayer,peace,building,architecture,religion,god,catholic
700028,36.0,1,vulnerable,quiet,scared,small,weak,sad,frightened,shy,ashamed,brave,strong
700028,36.0,2,suede,leather,brush,shoe,coat,blue,rich,posh,smooth,silk,socks
700028,36.0,3,response,answer,reply,retort,survey,question,conversation,argument,thought,query,statement
700028,36.0,4,organ,music,church,choir,liver,body,blood,gore,entrails,guts,innards
700028,36.0,5,sex,hot,fuck,penis,dick,tits,lick,cum,sweat,bed,love
700028,36.0,6,wall,brick,wood,barrier,divider,art,hanging,tapestry,paint,wallpaper,colour
700028,36.0,7,reflection,mirror,water,lake,image,backwards,self,,light,glass,picture
700028,36.0,8,smog,smoke,fog,acid,choke,breath,breathe,pollution,london,burn,cough
700028,36.0,9,truth,lies,verisimilitude,honesty,pure,white,good,hope,paladin,church,news
700028,36.0,10,peace,war,white,dove,nan,hope,light,calm,quiet,tanks,explosions
700028,36.0,11,mushroom,grow,fungus,brown,dirt,mud,coffee,white,chestnut,cap,stem
700028,36.0,12,adult,grown,child,old,age,boring,health,death,big,strong,hair
700028,36.0,13,web,spider,internet,caught,sticky,broadband,fiber,optic,speed,fast,cable
700028,36.0,14,live,house,grass,home,sunshine,breathe,children,son,daughter,music,events
701269,72.0,0,circus,clown,ringmaster,animals,trapeze,sawdust,crowds,peril,travelling,tent,performers
701269,72.0,1,snot,toddler,nose,germs,wipe,cold,slime,tissue,poorly,smeared,sticky
701269,72.0,2,left,right,road,abandoned,luggage,lost,forgotten,turning,unneeded,delivered,ambidextrous
701269,72.0,3,loaf,bread,sliced,butter,knife,board,crusty,filling,wholesome,intelligence,nouse
701269,72.0,4,choir,robes,choral,gathered,conductor,evensong,manuscript,organ,singing,harmony,sound
701269,72.0,5,subtract,mathematics,sums,calculator,take,less,teacher,ruler,lines,comprehend,understand
701269,72.0,6,little,small,young,fragile,tiny,protected,vulnerable,miniscule,petite,losable,precious
701269,72.0,7,pouch,kangaroo,joey,protective,wallet,money,cheek,hamster,bag,bulge,cash
701269,72.0,8,be,shakespeare,exist,being,alive,steady,solid,continuous,reliable,,unwavering
701269,72.0,9,shrimp,fishy,pink,curled,delicious,salty,small,affection,nickname,endearing,eyes
701269,72.0,10,lamb,small,fleecy,white,soft,bleating,tails,flock,springtime,endearing,farm
701269,72.0,11,squirrel,rat,nuts,trees,grey,red,tails,speed,foragers,destroyers,nuisance
701269,72.0,12,vodka,invisible,russian,drink,cocktails,mixed,bond,exotic,alcohol,cherries,tonic
701269,72.0,13,serpent,eden,adam,eve,snake,forked,garden,paintings,divisive,kipling,untrustworthy
701269,72.0,14,turkey,gobble,ugly,eyes,fleshy,christmas,gravy,feasting,crown,cooking,table
702674,34.0,0,private,secret,personal,secure,grey,closed,army,nosy,business,road,unknown
702674,34.0,1,punch,judy,puppet,hit,fist,hand,blow,fight,knuckle,strike,attack
702674,34.0,2,nylons,tights,war,material,fabric,sewing,dress,out,old,woman,dance
702674,34.0,3,talent,show,dance,music,singing,performer,comedian,artist,musician,skill,creative
702674,34.0,4,thumb,fairy,hand,finger,nail,fat,small,baby,rude,page,book
702674,34.0,5,winding,clock,mechanism,string,rotate,kite,fishing,turning,key,twist,neat
702674,34.0,6,kettle,tea,water,pot,black,electric,gas,steam,hot,coffee,drink
702674,34.0,7,wide,area,large,fat,big,narrow,small,cuttings,miss,shot,game
702674,34.0,8,noose,hangman,rope,fibre,gallows,brigand,villain,knot,caught,kill,death
702674,34.0,9,uncooked,raw,vegetable,meat,ingredient,early,prepare,meal,food,rice,cook
702674,34.0,10,worm,mole,earth,dirt,soil,pink,segment,blind,wriggle,rain,mud
702674,34.0,11,roll,bread,bun,playing,hill,children,dice,food,ball,car,wheel
702674,34.0,12,outline,drawing,sketch,pencil,figure,death,chalk,border,white,trace,silhouette
702674,34.0,13,trailer,film,movie,caravan,hook,preview,game,excitement,car,holiday,bed
702674,34.0,14,active,sport,exercise,shorts,run,activity,gym,playing,healthy,energy,swim
704729,66.0,0,perish,suffer,die,destroy,decay,rot,deserted,burn,end,finish,cease
704729,66.0,1,oath,swear,promise,dedicate,,devote,solemn,determine,signed,legal,marriage
704729,66.0,2,checking,marking,looking,seeking,perusing,study,relook,securing,chess,design,reading
704729,66.0,3,safari,adventure,africa,animals,wild,jungle,holiday,lion,giraffe,elephant,rhinos
704729,66.0,4,under,below,beneath,water,table,inferior,cheaper,smaller,achieving,unachieving,nonperforming
704729,66.0,5,meter,electric,gas,water,smart,recording,monitoring,parking,timer,installing,watching
704729,66.0,6,sometimes,could,occasional,maybe,infrequent,uncertain,should,undependable,missed,unsure,pretend
704729,66.0,7,inflation,rising,growing,expensive,cost,government,unaffordable,economy,failure,money,balloons
704729,66.0,8,atmosphere,air,oxygen,sky,breathing,living,feeling,surrounding,being,human,space
704729,66.0,9,mussel,seafood,sea,eating,restaurant,shell,cockles,whelks,seaside,sand,holiday
704729,66.0,10,boiled,cooked,hot,saucepan,potatoes,water,egg,cooker,food,meal,electric
704729,66.0,11,pale,white,fair,ill,dark,blonde,ginger,sweden,unwell,thin,water
704729,66.0,12,toil,work,strenuous,hard,tiring,struggle,dirty,heavy,earn,fatigue,sleep
704729,66.0,13,soak,water,soap,bath,relax,drench,towel,,rain,weather,candles
704729,66.0,14,twice,two,several,again,repeat,double,another,one,three,replay,deuce
706360,49.0,0,terrible,awful,bad,horrible,damaging,devastating,sadness,evil,destructive,dreadful,negative
706360,49.0,1,laugh,funny,grin,smile,joke,amusing,humorous,giggle,smirk,snigger,guffaw
706360,49.0,2,trousers,slacks,jeans,chinos,suit,work,khakis,leggings,denim,warm,long
706360,49.0,3,want,desire,need,wish,covet,needy,acquisitive,jealous,gap,poverty,without
706360,49.0,4,silly,stupid,inane,idiotic,laughing,giggle,joke,funny,inappropriate,shallow,incorrect
706360,49.0,5,stuff,things,goods,products,possessions,contents,fill,compact,items,clutter,detritus
706360,49.0,6,best,top,apex,winner,preferred,quality,noticed,acclaimed,prize,champion,premium
706360,49.0,7,potato,vegetable,starch,carbohydrate,soil,jacket,chips,crisps,mashed,baked,boiled
706360,49.0,8,wet,dry,downpour,damp,moist,flooded,water,tide,sea,rain,hail
706360,49.0,9,toilet,facility,loo,bathroom,washroom,ladies,nan,unisex,ablutions,handwashing,necessary
706360,49.0,10,anxious,worried,distress,nervous,wary,confused,careful,problem,sadness,danger,accident
706360,49.0,11,aunt,uncle,relative,family,older,niece,nephew,generations,related,kin,known
706360,49.0,12,rifle,gun,handgun,machine,danger,death,injury,loud,shooting,war,killing
706360,49.0,13,skinny,thin,slender,fat,obese,weak,underfed,anorexia,meals,whittled,eating
706360,49.0,14,pet,animal,love,fun,cute,playful,dog,cat,stroke,feed,groom
707080,24.0,0,opening,door,window,bottle,browser,drawer,card,pills,blinds,curtain,cupboard
707080,24.0,1,beverage,drink,beer,water,milk,soda,cold,hot,chocolate,refreshing,ice
707080,24.0,2,peaceful,heaven,quiet,relaxing,relax,peace,calm,calming,bedroom,sleep,tired
707080,24.0,3,joke,funny,words,comedy,comedian,laugh,laughing,stand-up,dad,hilarious,silly
707080,24.0,4,oatmeal,breakfast,oats,meal,food,overnight,microwave,water,milk,spoon,bowl
707080,24.0,5,year,months,days,weeks,today,tomorrow,events,holidays,christmas,halloween,new-year
707080,24.0,6,loose,breaking,lost,game,breaks,hair,earphone,card,passport,wallet,phone
707080,24.0,7,attire,clothes,smart,casual,rough,fancy,poor,dress,suit,tie,heels
707080,24.0,8,sunrise,sunset,sun,planets,sky,orange,clouds,photo,early,beautiful,amazing
707080,24.0,9,nasty,mean,evil,worried,scared,bully,disgusting,disgust,awful,terrible,bullying
707080,24.0,10,right,wrong,left,turn,direction,wind,argument,steering,directions,correct,rightful
707080,24.0,11,not,can,do,why,how,denied,declined,unable,cannot,suggest,disappoint
707080,24.0,12,back,front,lats,gym,day,forwards,backwards,driving,direction,towards,behind
707080,24.0,13,bird,animal,birds,pigeon,parrot,emu,flamingo,zoo,wildlife,sanctuary,free
707080,24.0,14,snake,smiley,potter,reptile,cold,blood,scale,tasty,food,ancient,tongue
71099,25.0,0,publication,books,research,magazines,artwork,college,university,data,artists,writers,bookstore
71099,25.0,1,infection,disease,illness,hospital,doctors,nurses,bacteria,medication,antibiotics,clinic,death
71099,25.0,2,wish,dream,sleep,hope,stars,universe,love,birthday,cake,desires,reality
71099,25.0,3,believe,disbelieve,truth,conspiracy,suspicious,confused,unsure,honesty,honourable,wishful,lies
71099,25.0,4,cinema,movies,films,popcorn,nachos,tickets,theatre,screen,showing,viewing,family
71099,25.0,5,rectangle,triangle,square,circle,hexagon,pentagon,octagon,corners,edges,shapes,angles
71099,25.0,6,shoulder,arm,elbow,wrist,fingers,joints,body,skeleton,muscle,pain,neck
71099,25.0,7,past,present,future,nostalgia,life,worry,anxious,old,new,fun,living
71099,25.0,8,repair,fix,broken,tools,cars,boiler,workmen,hard,screwdriver,hammer,wrench
71099,25.0,9,wreck,ships,sea,ocean,broken,ruined,replacement,disrepair,beach,sand,old
71099,25.0,10,amaze,wonderful,beautiful,amazing,wonder,awe,achievement,baby,cute,skills,spectacular
71099,25.0,11,tomato,vegetable,pasta,pizza,sauce,fruit,peppers,onions,curry,food,edible
71099,25.0,12,riddle,hard,unknown,puzzle,task,confusing,solvable,intelligent,work,time,difficult
71099,25.0,13,spider,scary,phobia,creepy,fast,black,hairy,tarantula,insect,bug,worry
71099,25.0,14,chorus,singing,vocals,choir,music,instruments,tour,favourite,pop,rap,genre
711484,31.0,0,legend,top,super,myth,mysterious,fairytale,sword,stone,king,knight,amazing
711484,31.0,1,shove,push,shovel,food,rough,play-fight,fight,angry,aggressive,hurry,rushed
711484,31.0,2,vote,labour,conservatives,party,members,parliament,mp,democracy,rights,tick,align
711484,31.0,3,lightheaded,dizzy,unfocused,tired,sleepy,hungry,exhausted,dreamy,soft,sad,unhappy
711484,31.0,4,zest,juice,lemon,lime,citrus,life,happy,energetic,lively,fruit,rind
711484,31.0,5,slay,kill,destroy,vibe,style,nails,varnish,queen,amazing,dragon,knight
711484,31.0,6,why,what,when,where,how,who,imagine,question,answer,origin,understanding
711484,31.0,7,say,speak,gargle,whisper,shout,yell,demand,enquire,ask,imply,intone
711484,31.0,8,regret,chagrin,pity,nostalgia,sadness,fear,unhappiness,longing,solitude,resentment,decisions
711484,31.0,9,mammal,animal,whale,cat,dog,birth,babies,marsupial,pouch,furry,young
711484,31.0,10,caffeine,coffee,beans,decaffeinated,milk,chocolate,drink,iced,delicious,wired,awake
711484,31.0,11,sling,shot,broken,arm,throw,cast,baby,cloth,carry,protect,hold
711484,31.0,12,record,vinyl,song,artist,album,register,blockchain,write,say,story,guinness
711484,31.0,13,scrap,metal,junk,yard,wood,paper,book,fight,aggressive,dogs,siblings
711484,31.0,14,mechanical,machine,automatic,aeroplane,car,metal,cogs,robotics,engineering,mechanisms,mathematics
714787,70.0,0,squeal,pig,happy,delight,child,noise,loud,annoying,laughter,young,excited
714787,70.0,1,achievement,diploma,recognition,trophy,star,accomplished,strive,prize,gain,work,joy
714787,70.0,2,addition,plus,math,house,school,build,increase,more,money,numbers,bigger
714787,70.0,3,sway,rock,arms,dance,wind,trees,tropical,move,wave,happy,concert
714787,70.0,4,neighbor,friend,share,help,important,fun,sincere,like,trade,kids,talk
714787,70.0,5,briefcase,carry,important,papers,academic,old,leather,bring,backpack,school,work
714787,70.0,6,clamp,hold,tighten,metal,fix,glue,together,build,temporary,frame,wood
714787,70.0,7,psychology,head,mental,help,learn,condition,talk,sit,evaluate,doctor,mood
714787,70.0,8,onion,vegetable,versatile,ground,cooking,chopping,crying,red,spanish,spring,staple
714787,70.0,9,racket,noise,loud,tennis,play,hand,table,group,sport,badminton,hold
714787,70.0,10,allergy,nuts,spring,sneeze,medicine,severe,seasonal,cold,sinus,itch,skin
714787,70.0,11,builder,house,frame,construction,hammer,tools,ladder,gain,help,nails,height
714787,70.0,12,appliance,fridge,dishwasher,oven,washer,dryer,heater,electric,gas,useful,microwave
714787,70.0,13,blackboard,school,teacher,writing,brush,assignment,obsolete,paint,sign,menu,specials
714787,70.0,14,bulletin,important,time,television,red,real,good,bad,read,phone,alert
715810,44.0,0,canvass,survey,ask,questions,street,politics,clipboard,rate,percentage,leaflet,poll
715810,44.0,1,stand,legs,walk,upright,person,human,sit,talk,lamp,frame,up
715810,44.0,2,chapter,book,story,life,read,page,turn,end,beginning,night,farewell
715810,44.0,3,modest,clothes,covered,shy,muslim,silence,hidden,quiet,weak,small,shadow
715810,44.0,4,switch,light,on,off,white,crop,branch,sex,dynamic,up,down
715810,44.0,5,rodeo,clown,horse,shoes,sand,castle,whip,hat,bar,cow,bull
715810,44.0,6,ribs,meat,bbq,human,cartilage,diaphragm,breath,talk,chest,bones,spine
715810,44.0,7,acknowledge,agree,nod,see,understood,appreciate,seen,speak,commend,clap,rise
715810,44.0,8,scapegoat,goat,person,crime,prison,bad,betrayal,ill,secret,behind,lost
715810,44.0,9,zoo,animal,child,balloon,cage,penguin,walls,food,rides,water,watch
715810,44.0,10,means,ends,cash,money,earnings,job,losing,poverty,tested,average,math
715810,44.0,11,sales,shop,clothes,saving,money,shoppers,cash,bags,walking,people,busy
715810,44.0,12,oak,tree,wood,furniture,table,grain,brown,solid,pine,legs,wardrobe
715810,44.0,13,bark,dog,woof,tree,rough,woods,leafy,smell,outside,walk,nature
715810,44.0,14,mosquito,bite,fly,buzz,noise,science,malaria,research,africa,bug,small
715873,26.0,0,bless,god,pray,peace,wish,religion,church,holy,ceremonial,baby,christ
715873,26.0,1,zone,park,traffic,car,gate,area,exclusion,cone,out,one,concert
715873,26.0,2,boss,manager,horrible,narcissistic,suit,tie,money,enemy,business,car,sharp
715873,26.0,3,still,wind,fragile,quiet,peace,frozen,water,silence,dead,white,flower
715873,26.0,4,unit,large,object,industrial,container,measurement,glass,absorb,moveable,one,kilogram
715873,26.0,5,transportation,train,bus,car,taxi,plane,helicopter,fast,bike,jet,crash
715873,26.0,6,score,goal,football,sports,pub,pints,lads,tv,find,social,cricket
715873,26.0,7,piston,pump,metallic,industrial,machine,building,engine,car,system,pistol,press
715873,26.0,8,pole,north,south,long,point,metal,tent,strong,location,true,vote
715873,26.0,9,intake,consume,oxygen,health,take,outtake,balance,strive,consumption,breath,climate
715873,26.0,10,menthol,mint,fresh,breath,air,mouth,tongue,face,area,smoke,taste
715873,26.0,11,loyal,queen,relationship,member,society,truth,respect,royal,appreciate,longevity,admirable
715873,26.0,12,permission,granted,taken,rules,denied,entry,power,security,act,allowed,even
715873,26.0,13,mold,mould,change,sculpting,fungi,crafting,shape,sold,cold,old,big
715873,26.0,14,anchor,sea,ship,deep,ocean,blue,heavy,waves,water,metallic,fish
718674,18.0,0,chapter,book,paper,write,author,story,characters,worlds,music,end,words
718674,18.0,1,rodeo,horse,western,pony,boots,barrels,saddle,rein,crowd,audience,cheers
718674,18.0,2,sales,money,business,revenue,profit,income,customers,reputation,success,loss,failure
718674,18.0,3,canvass,paint,painting,art,artist,colours,exciting,picture,white,story,experiment
718674,18.0,4,zoo,animals,visitors,panda,giraffe,customers,food,water,capture,small,welfare
718674,18.0,5,means,method,procedure,cash,money,way,technique,manner,mode,scheme,measure
718674,18.0,6,acknowledge,know,understand,yes,agree,confess,admit,allow,address,accept,own
718674,18.0,7,scapegoat,victim,someone,dupe,lies,goats,animal,fool,person,another,blame
718674,18.0,8,ribs,body,cage,strong,muscles,heart,takeaway,food,part,bone,structure
718674,18.0,9,switch,on,off,light,power,turn,decide,press,key,click,control
718674,18.0,10,modest,self,person,kind,humble,unpresuming,fair,quiet,moderate,simple,unassuming
718674,18.0,11,bark,dog,woof,puppy,animal,pet,loud,upset,angry,hungry,attention
718674,18.0,12,oak,tree,sapling,wood,climb,build,table,construct,house,furniture,majestic
718674,18.0,13,stand,upright,feet,legs,position,vertical,up,down,back,movement,rest
718674,18.0,14,mosquito,bug,pest,disease,fly,annoying,bite,itchy,scratch,buzz,blood
720011,46.0,0,spider,crawly,creepy,scary,wriggly,web,black,legs,bath,sink,fast
720011,46.0,1,amaze,startle,astonish,wow,mind-blowing,crazy,insane,bow,shock,bright,big
720011,46.0,2,past,future,backwards,hindsight,nostalgia,memory,regret,longing,present,unchangeable,dark
720011,46.0,3,wish,hope,dream,plans,morals,resolution,pray,imagination,need,feel,want
720011,46.0,4,cinema,movies,flicks,pictures,screen,popcorn,cola,sound,effects,lights,camera
720011,46.0,5,shoulder,neck,cry,arms,blame,responsibility,pork,massage,stiff,head,muscles
720011,46.0,6,repair,recreate,fix,mend,reconstruct,pre-loved,vintage,broken,old,secondhand,revitalise
720011,46.0,7,chorus,verse,singing,effects,guitars,choir,soprano,alto,tenor,bass,baritone
720011,46.0,8,publication,,press,magazine,paper,essay,dissertation,journal,comic,newspaper,blog
720011,46.0,9,infection,disease,protection,lotion,cream,medication,antidote,hospital,doctors,nurse,medical
720011,46.0,10,believe,dream,hope,wish,think,system,religion,faith,pride,christianity,judaism
720011,46.0,11,tomato,potato,pasta,fruit,garlic,onions,bolognese,salad,pizza,vegetable,healthy
720011,46.0,12,wreck,train,injury,destroy,ruin,disaster,disrepair,chaos,mess,hurt,pain
720011,46.0,13,riddle,joke,saying,solution,problem,confusion,brainteaser,cryptic,lateral,game,puzzle
720011,46.0,14,rectangle,oblong,shape,equilateral,sided,box,mirror,picture,phone,frame,square
720103,18.0,0,stick,stone,wood,brown,sticky,poo,joke,river,wooden,tree,branch
720103,18.0,1,journal,book,write,diary,feelings,days,moments,memories,help,girl,written
720103,18.0,2,shears,clippers,iron,wool,sheep,minecraft,hedge,topiary,bush,leaves,cutting
720103,18.0,3,balcony,ledge,view,sunset,sea,chairs,decking,railing,hotel,fancy,dangerous
720103,18.0,4,soil,earth,dirt,ground,worms,damp,soggy,brown,dirty,down,under
720103,18.0,5,tease,poke,jab,jibe,josh,kid,rib,laugh,fun,victim,perpetrator
720103,18.0,6,survive,live,robot,future,breathe,water,food,shelter,family,love,alive
720103,18.0,7,time,svengali,clock,watch,minute,second,hour,passing,timepiece,tick,tock
720103,18.0,8,technician,worker,technical,metal,phone,watch,toil,call,overalls,smart,apprenticeship
720103,18.0,9,sober,alcohol,drinking,years,celebrate,alcoholic,drugs,safe,clean,blank,drug
720103,18.0,10,tribute,honour,indian,sacrifice,volunteer,cause,unity,tears,power,death,alone
720103,18.0,11,attach,glue,stick,add,attachment,love,cling,fasten,tool,nail,screw
720103,18.0,12,meteor,sky,star,shooting,dinosaur,extinct,comet,flaming,flames,hit,collision
720103,18.0,13,savior,angel,life,energy,care,owe,debt,women,hero,icon,love
720103,18.0,14,trombone,brass,trumpet,loud,slide,note,key,player,band,wow,shiny
72329,21.0,0,menthol,peppermint,mint,eucalyptus,fragrance,fresh,taste,cold,coriander,herb,smell
72329,21.0,1,bless,god,honor,offer,gift,praise,hallow,celebrate,dedicate,adored,religion
72329,21.0,2,still,stay,motionless,unmoving,static,stable,quiet,untroubled,calm,closed,smooth
72329,21.0,3,zone,area,section,sector,region,territory,expand,wars,stretch,land,province
72329,21.0,4,mold,cast,shape,template,hold,metal,container,framework,construct,form,fungi
72329,21.0,5,boss,baby,manager,head,leader,principle,chief,director,master,owner,supervisor
72329,21.0,6,intake,uptake,consumption,take,ingestion,food,drink,input,profit,absorption,output
72329,21.0,7,score,goal,try,result,total,grade,mark,percentage,sport,football,rugby
72329,21.0,8,loyal,friends,trust,faithful,true,resolute,devotion,trusty,stable,dependable,dedicated
72329,21.0,9,permission,consent,leave,authority,approve,approval,sanction,blessing,acceptance,permit,agree
72329,21.0,10,unit,decimal,measure,part,section,alcohol,value,element,portion,,piece
72329,21.0,11,piston,engine,,rod,barrel,arm,tunnel,sliding,cylinder,hollow,car
72329,21.0,12,pole,post,pillar,stick,lamp,support,rod,rail,mast,baton,vertical
72329,21.0,13,transportation,bus,train,car,boat,,railway,ferry,road,plane,helicopter
72329,21.0,14,anchor,boat,ship,cruise,stop,speaker,sea,metal,news,reporter,harbour
724842,39.0,0,mammal,fish,boobs,birth,people,animals,whale,water,milk,monkeys,lion
724842,39.0,1,slay,kill,gay,sashay,killer,dragon,vampire,knight,army,sword,cut
724842,39.0,2,why,what,where,who,when,wherefore,help,me,then,no,must
724842,39.0,3,shove,push,pull,shovel,react,sway,throw,,down,mean,bully
724842,39.0,4,legend,myth,story,george,dragon,greek,fairytale,nan,lion,excalibur,arthur
724842,39.0,5,caffeine,coffee,tea,coke,pepsi,hot,costa,iced,milky,frothy,warm
724842,39.0,6,vote,please,voting,suppression,empathy,labour,tory,nan,fatigue,brexit,president
724842,39.0,7,scrap,metal,book,paper,bin,flog,man,van,yard,copper,bent
724842,39.0,8,say,said,see,saw,talked,loud,quietly,shouted,screamed,whispered,no
724842,39.0,9,lightheaded,dizzy,faint,sick,nausea,nauseous,fainted,unconscious,fall,sit,drop
724842,39.0,10,mechanical,car,boat,bus,machinery,machine,mechanics,garage,factory,warehouse,worker
724842,39.0,11,zest,orange,life,lime,lemon,cake,zing,flavour,rind,citrus,batter
724842,39.0,12,record,song,vinyl,player,music,guineas,tape,book,write,research,pop
724842,39.0,13,sling,broken,white,cloth,baby,pappose,carrier,arm,neck,hand,help
724842,39.0,14,regret,hindsight,remorse,sorry,bad,awful,never,help,me,nan,again
7313,42.0,0,permission,agreed,legal,authorised,consent,approved,confirmed,allowed,asking,refused,done
7313,42.0,1,transportation,vehicle,car,bike,bus,plane,train,skates,carry,load,travel
7313,42.0,2,still,water,frozen,ice,statue,painting,photo,stillness,move,sound,static
7313,42.0,3,pole,north,voting,stripper,fireman,bear,quiz,long,rod,electricity,support
7313,42.0,4,piston,engine,pump,piss,cylinder,compressor,minecraft,up,down,space,motion
7313,42.0,5,anchor,boat,still,tv,sea,metal,chains,big,heavy,stop,solid
7313,42.0,6,boss,control,lead,top,selfish,rich,lazy,mean,unreasonable,head,company
7313,42.0,7,score,win,football,game,goal,money,fixtures,teams,points,group,competition
7313,42.0,8,intake,amount,air,food,body,substance,consumption,ingestion,liquid,fuel,opening
7313,42.0,9,loyal,friend,real,forever,faithful,devoted,support,constant,firm,resolute,allegiance
7313,42.0,10,bless,religion,religious,church,holy,honour,approval,god,protect,prayer,sneeze
7313,42.0,11,zone,traffic,tube,train,london,different,many,time,out,concentrate,area
7313,42.0,12,menthol,mint,smoke,cigarettes,blue,green,cool,cold,pepper,spear,cooling
7313,42.0,13,unit,big,large,storage,weight,books,scales,alcohol,limit,single,land
7313,42.0,14,mold,black,wet,damp,house,windows,brick,cold,fungus,damage,health
735682,42.0,0,anxious,scared,nervous,agitated,worried,upset,terrified,sleepless,unhealthy,paranoid,sweaty
735682,42.0,1,potato,vegetable,root,chips,roast,baked,mashed,peel,soil,grow,sweet
735682,42.0,2,want,desire,need,covert,necessity,greed,aspire,have,take,,hold
735682,42.0,3,trousers,smart,jeans,suit,material,denim,iron,seam,press,pants,legs
735682,42.0,4,wet,rain,water,damp,sopping,soaked,sea,clothes,washing,stream,puddle
735682,42.0,5,aunt,kind,uncle,family,relative,doreen,bake,close,love,friend,niece
735682,42.0,6,best,friend,top,winner,nicest,buy,man,mate,bunch,amazing,wonderful
735682,42.0,7,silly,joke,billy,sausage,fun,cheeky,behaviour,naughty,distracting,stupid,fool
735682,42.0,8,toilet,private,brush,humour,tissue,roll,poo,wee,business,relief,smelly
735682,42.0,9,laugh,funny,joke,hilarious,comedy,giggle,guffaw,silly,smile,comical,slapstick
735682,42.0,10,pet,dog,friend,companion,love,cat,fish,hamster,rat,cuddly,expensive
735682,42.0,11,stuff,things,belongings,untidy,magazines,dishes,books,games,candles,rubbish,mess
735682,42.0,12,terrible,horrible,scary,unkind,nasty,awful,disgusting,bad,hainous,shocking,sick
735682,42.0,13,rifle,gun,shotgun,shoot,load,kill,scary,air,injure,bullets,aim
735682,42.0,14,skinny,thin,slim,slight,bony,unhealthy,sick,ill,disorder,underweight,anorexic
73765,39.0,0,amaze,brilliant,wowed,incredible,fantastic,amazing,wonderful,awed,great,amazed,fab
73765,39.0,1,rectangle,shape,maths,lines,square,pencil,drawing,angles,cuboid,art,circle
73765,39.0,2,publication,book,author,online,announcement,publish,journal,blog,blogger,writing,policy
73765,39.0,3,past,future,present,history,tense,scrooge,before,happened,school,lived,learn
73765,39.0,4,spider,awful,scary,horrible,insect,legs,autumn,fear,eight,black,house
73765,39.0,5,believe,christmas,,nan,magic,children,santa,blue,stars,imagination,love
73765,39.0,6,chorus,song,singing,car,radio,music,joy,children,pop,theater,happy
73765,39.0,7,tomato,red,sauce,greenhouse,summer,italian,basil,salad,sweet,cheese,pizza
73765,39.0,8,wish,film,goat,magic,love,christmas,hope,stars,longing,children,hopeful
73765,39.0,9,cinema,film,watching,popcorn,chocolate,family,weekend,exciting,dark,fun,sensory
73765,39.0,10,repair,fix,diy,fault,mend,stitch,reuse,recycle,environment,plaster,glue
73765,39.0,11,wreck,ship,emotions,broken,sea,stormy,cornwall,car,drunk,break,ruin
73765,39.0,12,shoulder,head,knees,toes,bones,body,skeleton,meat,anatomy,broken,sling
73765,39.0,13,riddle,poem,solve,cryptic,tom,rhyme,song,nursery,,harry,voldermort
73765,39.0,14,infection,poorly,hospital,infected,sore,bandage,antibiotics,medicine,temperature,white,red
73787,44.0,0,pale,light,poorly,ill,white,bored,sick,insipid,monotone,unappealing,muted
73787,44.0,1,perish,die,wither,undernourished,fade,jaded,end,freeze,decease,gone,finished
73787,44.0,2,inflation,money,economy,size,amount,percentage,growth,stagnate,impact,finance,balloon
73787,44.0,3,toil,work,labour,effort,solid,manual,exertion,industrious,drudgery,sweat,application
73787,44.0,4,atmosphere,mood,air,ozone,sky,pressure,ambience,environment,surroundings,space,climate
73787,44.0,5,oath,promise,pledge,commitment,honour,value,vow,declare,affirm,statement,contract
73787,44.0,6,mussel,shell,flesh,sea,seafood,taste,flavour,meal,recipe,mollusc,nature
73787,44.0,7,safari,wildlife,nature,africa,elephant,giraffe,jeep,camouflage,heat,surroundings,holiday
73787,44.0,8,checking,validating,money,confirming,understanding,thorough,inspecting,review,investigate,examine,testing
73787,44.0,9,soak,rain,bath,wet,submerge,marinade,immerse,dunk,moist,damp,saturate
73787,44.0,10,meter,count,measurement,record,pace,electric,water,register,distance,counter,reader
73787,44.0,11,boiled,cooked,heated,water,kettle,beverage,blood,anger,pan,stove,steam
73787,44.0,12,twice,double,two,repeat,again,duo,reiterate,restate,check,doubled,duplicate
73787,44.0,13,sometimes,irregular,occasionally,infrequent,maybe,periodically,intervals,perhaps,might,may,possibly
73787,44.0,14,under,below,beneath,bottom,underneath,ground,australia,down,lower,smaller,less
739601,34.0,0,loose,flowing,airy,big,free,easy,comfortable,baggy,non-structured,nan,flexible
739601,34.0,1,sunrise,bright,beautiful,yellow,orange,morning,sky,high,hot,rising,early
739601,34.0,2,oatmeal,natural,healthy,delicious,plain,bland,field,dry,breakfast,filling,jam
739601,34.0,3,not,no,other,never,rarely,instead,opposite,rather,seldom,neither,no-more
739601,34.0,4,year,time,months,period,era,stage,life,generation,age,date,span
739601,34.0,5,snake,animal,vicious,venomous,scary,no-legs,slither,ground,coil,smooth,shed
739601,34.0,6,right,correct,well-done,good,direction,proper,exact,valid,precise,complete,just
739601,34.0,7,peaceful,calm,quiet,happy,soothing,deep-breathe,heaven,nice,enjoyment,still,enjoyable
739601,34.0,8,joke,funny,laugh,talking,upset,angry,annoyed,clown,book,pun,banter
739601,34.0,9,beverage,drink,refreshing,coffee,tea,soda,wine,cold,hot,cup,delicious
739601,34.0,10,attire,clothes,dressing,smart,casual,ready,dress,shirt,skirt,shoes,trousers
739601,34.0,11,opening,theatre,movie,door,beginning,start,first,hole,space,gap,access
739601,34.0,12,bird,animal,flying,air,lady,feathers,beak,nails,worms,colourful,wild
739601,34.0,13,nasty,yuck,horrid,horrible,disgusting,bully,rude,cruel,vicious,gross,angry
739601,34.0,14,back,behind,body,past,was,before,end,last,spine,rear,skin
740118,30.0,0,psychology,science,social,sociology,school,brain,mind,psychiatry,counselling,problems,depression
740118,30.0,1,builder,bob,hat,construction,building,house,trade,man,cement,helmet,roads
740118,30.0,2,squeal,scream,shout,sound,scared,fear,animal,pitch,high,girl,little
740118,30.0,3,allergy,bee,pollen,peanut,nut,death,fever,rash,prophylaxis,epipen,prawns
740118,30.0,4,blackboard,school,nineties,primary,chalk,black,teacher,teach,lessons,chalkboard,ick
740118,30.0,5,onion,chop,cry,tears,smell,skin,food,cook,spring,white,eat
740118,30.0,6,achievement,school,degree,medal,trophy,good,success,win,winner,earn,achieve
740118,30.0,7,neighbor,house,friend,person,fence,sugar,local,friendly,close,garden,stranger
740118,30.0,8,racket,tennis,loud,noise,badminton,drugs,money,ball,shuttlecock,noisy,pans
740118,30.0,9,clamp,hold,medicine,surgery,hand,cars,engineering,lamp,lobster,claw,holding
740118,30.0,10,appliance,kettle,toaster,electric,electrical,machine,dishwasher,hairdryer,household,fridge,freezer
740118,30.0,11,addition,maths,subtract,division,multiplication,countdown,numbers,sums,school,primary,calculator
740118,30.0,12,sway,move,dance,wind,trees,skirt,wavy,movement,blow,dazed,dancing
740118,30.0,13,briefcase,man,suit,job,finance,old,nineties,businessman,business,work,office
740118,30.0,14,bulletin,board,pinboard,news,article,work,job,thumbtack,learn,inform,paper
747824,61.0,0,tribute,honour,worship,praise,death,eulogy,revere,love,celebrate,copy,roman
747824,61.0,1,stick,glue,gum,wood,branch,twig,stuck,together,boring,commitment,rebel
747824,61.0,2,shears,scissors,garden,sheep,trimming,hair,wool,tool,fur,cut,blade
747824,61.0,3,trombone,musical,instrument,brass,band,musician,orchestra,choir,concert,jazz,club
747824,61.0,4,survive,alive,fortitude,living,existing,resilient,strong,tough,outlive,outlast,surviving
747824,61.0,5,attach,stick,stuck,feeling,like,affection,love,glued,fastened,join,grouped
747824,61.0,6,journal,diary,memories,writing,secrets,book,stationery,memoires,pen,news,paper
747824,61.0,7,technician,computer,engineer,electric,engine,machine,expert,expertise,skillful,knowledge,know-how
747824,61.0,8,sober,drunk,awake,alive,thoughts,reality,serious,thoughtful,alcohol,booze,
747824,61.0,9,savior,lord,jesus,expert,rescue,thankful,protect,shield,liberate,god,pray
747824,61.0,10,balcony,high,outside,concrete,view,platform,theatre,venue,arena,look,chair
747824,61.0,11,time,clock,watch,minutes,hours,seconds,passing,ending,past,present,future
747824,61.0,12,soil,dirt,earth,plant,grow,vegetables,brown,grass,garden,plough,seed
747824,61.0,13,meteor,rock,space,impact,galaxy,sun,alien,crater,explosion,star,orbit
747824,61.0,14,tease,laugh,mean,smile,provoke,banter,like,fond,hurtful,judge,gentle
755328,51.0,0,still,calm,tranquil,stationary,motionless,frozen,life,stop,stand,halt,there
755328,51.0,1,pole,staff,stick,wooden,metal,north,south,extremity,cylinder,curtain,cat
755328,51.0,2,loyal,obedient,friend,soldier,patriotic,true,companion,dog,protector,faithful,comrade
755328,51.0,3,intake,fuel,water,filter,air,breath,influx,school,pipe,consume,feed
755328,51.0,4,zone,area,travel,out,place,city,postcode,shipping,hot,sports,air
755328,51.0,5,menthol,mint,sweets,medicine,herbal,smell,taste,fresh,toothpaste,drink,vapour
755328,51.0,6,transportation,car,boat,airplane,train,horse,device,travel,speed,bike,ship
755328,51.0,7,unit,storage,cupboard,one,small,contained,singular,digit,piece,block,count
755328,51.0,8,anchor,sailor,tattoo,ship,dock,hook,weight,chain,attach,seabed,lower
755328,51.0,9,boss,chief,head,manager,director,leader,authority,top,order,shout,gaffer
755328,51.0,10,permission,grant,allow,clearance,permit,instructions,liberty,let,freedom,space,restriction
755328,51.0,11,bless,sneeze,god,bread,good,lucky,sun,pray,hope,touch,you
755328,51.0,12,piston,pump,steam,water,air,car,train,hiss,release,engine,chamber
755328,51.0,13,score,goal,win,succeed,top,tally,settle,shoot,music,sport,target
755328,51.0,14,mold,fungus,black,brown,growth,spores,damp,old,spread,rotten,wet
756291,49.0,0,nylons,tights,fabric,lady,legs,skirt,stretchy,black,nude,denier,clothes
756291,49.0,1,trailer,transporter,pulled,car,truck,contents,goods,industrial,camping,motorway,carry
756291,49.0,2,punch,judy,drink,cocktail,fight,vicious,boxing,fist,hard,hurt,unpleasant
756291,49.0,3,private,secret,individual,settings,computer,password,quiet,introverted,unshared,sole,cautious
756291,49.0,4,talent,contest,gifted,singing,dancing,music,acting,judged,individual,superior,admired
756291,49.0,5,outline,summarise,brief,points,email,verbal,work,circumference,bold,silhouette,outside
756291,49.0,6,roll,circumnavigate,circle,wrap,bread,swiss,baking,push,snow,children,sandwich
756291,49.0,7,active,fitness,walking,running,exercise,gym,classes,swimming,cycling,jogging,energy
756291,49.0,8,winding,circle,cotton,joke,wrapping,round,finishing,window,up,down,joker
756291,49.0,9,uncooked,raw,sushi,vegetable,meat,fish,cold,chilled,fridge,slimy,germs
756291,49.0,10,worm,soil,wiggly,long,grass,wet,underground,eat,dog,disease,tablets
756291,49.0,11,thumb,suck,finger,hand,nail,digit,two,five,ten,limb,person
756291,49.0,12,noose,hang,rope,person,punishment,neck,wrap,animal,walk,restrain,tight
756291,49.0,13,kettle,kitchen,black,whistle,boil,water,electric,gas,portable,coffee,tea
756291,49.0,14,wide,width,size,large,length,measurement,tall,short,fat,thin,room
757295,75.0,0,legend,heroic,famous,brave,achiever,historic,good,admired,popular,worshipped,best
757295,75.0,1,why,question,reason,logic,curiosity,how,because,inquiring,ask,demand,doubt
757295,75.0,2,regret,repent,sorry,sorrow,forgiveness,admit,remorse,acknowledge,express,sadness,change
757295,75.0,3,caffeine,buzz,stimulant,coffee,addictive,habit,tea,coke,morning,energetic,active
757295,75.0,4,scrap,metal,cancel,annul,paper,small,fragment,shard,fight,melee,fracas
757295,75.0,5,vote,choice,election,campaign,decide,pick,booth,cross,politician,policy,referendum
757295,75.0,6,say,utter,speak,opinion,example,converse,state,respond,communicate,argue,demonstrate
757295,75.0,7,record,disc,log,write,enter,archive,notate,tape,player,proof,evidence
757295,75.0,8,shove,push,manhandle,move,dislodge,elbow,barge,halfpenny,shoulder,violent,unfriendly
757295,75.0,9,zest,lemon,energy,enthusiasm,peel,keenness,vim,rind,desire,life,bright
757295,75.0,10,mechanical,working,manufactured,artificial,robot,production,industry,clockwork,invention,clock,progress
757295,75.0,11,slay,kill,murder,assassinate,ice,finish,impress,defeat,beat,end,
757295,75.0,12,mammal,creature,warm,elephant,habitat,living,protect,birth,furry,pets,wild
757295,75.0,13,sling,shot,support,throw,toss,cast,lob,hospital,discard,bin,chuck
757295,75.0,14,lightheaded,woozy,dizzy,migraine,faint,pressure,wobble,swoon,hungry,tired,rocky
760342,44.0,0,beginner,inexperienced,novice,starter,learner,rookie,apprentice,new,trainee,fresher,probationer
760342,44.0,1,braces,teeth,teenagers,dentist,metal,tracks,trousers,buckles,fat,belt,prepares
760342,44.0,2,salesman,dishonest,commission,untrustworthy,scam,money,pension,vendor,agent,merchant,peddler
760342,44.0,3,pardon,full,justify,forgive,help,lenience,absolve,rectify,reason,justice,forget
760342,44.0,4,occupation,war,conquest,invasion,reside,job,money,participation,profession,residence,work
760342,44.0,5,claims,insurance,believes,declare,case,court,ownership,entitlement,contention,rights,argue
760342,44.0,6,radiator,heat,essential,gas,electric,home,car,water,oil,maintenance,warm
760342,44.0,7,sap,tree,goo,birds,wildlife,idiot,sad,fluid,energy,reduce,deplete
760342,44.0,8,stocking,girls,legs,sexy,suspenders,pants,tights,knickers,funny,festive,christmas
760342,44.0,9,brake,car,bike,slow,fluid,cable,disc,damage,stop,broken,bust
760342,44.0,10,buck,american,money,uncle,abraham,pass,jolt,vault,evade,responsibilities,ideas
760342,44.0,11,pad,cheek,orangutang,soft,home,line,patrick,cry,residence,stuff,fill
760342,44.0,12,oar,boat,water,wood,machine,row,rowing,alternative,opinion,assertion,surprise
760342,44.0,13,retreat,war,run,withdraw,residence,isolation,frightened,hide,outnumbered,solitary,retract
760342,44.0,14,relativity,einstein,theory,of,dependant,relation,linked,correspondence,gravity,science,nature
764105,33.0,0,zone,space,area,closed,dedicated,mindful,check,look,serious,notice,secluded
764105,33.0,1,unit,measurement,police,force,box,machine,building,read,check,ingredients,grams
764105,33.0,2,anchor,lock,boat,ship,keep,hold,maritime,harbour,fishing,sailing,water
764105,33.0,3,transportation,cars,bikes,motorbike,van,minibus,lorry,truck,coach,boat,ship
764105,33.0,4,menthol,mint,teeth,smell,fresh,breath,clean,sweet,strong,nice,hygiene
764105,33.0,5,boss,clever,strong,impact,bossy,head,top,perfume,brand,image,leader
764105,33.0,6,still,hold,water,keep,stand,quiet,statue,stop,wait,there,shock
764105,33.0,7,piston,machine,old,gun,engine,car,machinery,history,workshop,garage,factory
764105,33.0,8,pole,stick,nan,metal,lamppost,fence,fireman,earth,bar,straight,park
764105,33.0,9,permission,scary,strict,rule,strong,important,read,ask,question,listen,writing
764105,33.0,10,bless,lord,god,special,care,priest,pray,temple,wishes,love,happiness
764105,33.0,11,intake,suck,inside,engine,exhaust,petrol,fluid,air,oxygen,breath,lungs
764105,33.0,12,loyal,care,love,understanding,patient,friend,partner,family,customer,loyalty,gift
764105,33.0,13,score,goal,football,game,match,tv,basketball,check,lead,numbers,win
764105,33.0,14,mold,shape,silicone,plaster,wood,clay,ceramic,stone,method,cast,form
768450,39.0,0,rifle,gun,gunpowder,bullet,death,war,target,firearm,scope,recoil,ammunition
768450,39.0,1,toilet,loo,pee,poop,bathroom,flush,seat,lid,tank,bleach,restroom
768450,39.0,2,best,winner,greatest,superior,excellent,outstanding,perfect,elite,unbeatable,supreme,top
768450,39.0,3,silly,goofy,idiot,playful,childish,foolish,crazy,funny,naughty,daft,jokey
768450,39.0,4,skinny,weight,thin,anorexia,slim,lean,bone,trim,underweight,model,slender
768450,39.0,5,wet,rain,dripping,raindrops,damp,puddles,lake,sea,swimming,soaked,umbrella
768450,39.0,6,trousers,long,material,belt,pleat,smart,office,shopping,jeans,linen,cuffs
768450,39.0,7,laugh,funny,smile,mouth,noise,happy,joke,people,comedian,happiness,smiling
768450,39.0,8,aunt,family,warmth,woman,happy,relative,niece,nephew,love,care,nurture
768450,39.0,9,stuff,belongings,things,boxes,items,clutter,junk,rubbish,objects,tools,supplies
768450,39.0,10,terrible,dreadful,awful,horrible,horrific,frightful,unpleasant,shocking,scary,distressing,distressed
768450,39.0,11,anxious,worry,anxiety,scared,nerves,shaking,breathing,uneasy,apprehensive,trouble,tense
768450,39.0,12,pet,family,dog,cat,hamster,rabbit,friend,cuddles,licks,feeding,fur
768450,39.0,13,potato,chips,fries,mashing,cooking,fried,baked,oven,pan,soil,wash
768450,39.0,14,want,desire,wish,crave,long,hope,request,urge,craving,wishful,eagerness
772584,37.0,0,repeat,again,program,command,task,duplicate,television,reflux,twice,multiple,myself
772584,37.0,1,process,task,job,waste,communication,brain,produce,production,strategy,thought,product
772584,37.0,2,spend,buy,item,time,cash,credit,shop,market,economy,apportion,
772584,37.0,3,marble,game,child,worktop,pattern,coffin,competitive,hunt,hallway,fixtures,skin
772584,37.0,4,cathedral,religion,city,priest,history,ripon,lichfield,worship,spire,cheese,tall
772584,37.0,5,camping,stove,bed,gear,mattress,pan,chair,pegs,campfire,holiday,guitar
772584,37.0,6,blind,eye,poker,bake,bag,mice,braille,sight,glaucoma,date,luck
772584,37.0,7,triangle,green,musical,equilateral,metal,maths,metronome,signs,angles,bermuda,shape
772584,37.0,8,messy,dirty,filthy,sticky,unkept,room,mind,situation,hair,handwriting,garden
772584,37.0,9,pickles,tommy,gherkins,onions,tang,fried,battered,snack,vinegar,tasty,green
772584,37.0,10,obey,please,dominance,rules,subservience,follow,song,nan,following,teacher,requests
772584,37.0,11,thought,pattern,negative,positive,presents,brain,memory,independent,passing,fleeting,individual
772584,37.0,12,procedure,rule,policy,business,process,follow,lengthy,job,operation,outpatient,regulations
772584,37.0,13,recliner,sofa,settee,chair,comfort,comfortable,lie,relaxation,legs,mechanism,riser
772584,37.0,14,vow,promise,marriage,solemn,religious,monk,nun,husband,wife,vicar,doctor
773642,59.0,0,blind,eye,sight,disability,driving,dog,braille,stick,birth,adapt,capable
773642,59.0,1,vow,wedding,queen,country,forever,army,old,parents,life,death,king
773642,59.0,2,process,system,organise,outcome,work,result,speed,flow,easy,helpful,strict
773642,59.0,3,spend,money,budget,shopping,fun,trip,shops,food,wages,month,cash
773642,59.0,4,camping,tent,rain,stuff,mat,fun,campsite,sunshine,coast,waterproofs,cold
773642,59.0,5,triangle,shape,three,sides,noise,percussion,simple,metal,square,circle,odd
773642,59.0,6,pickles,sour,vinegar,jars,fridge,cheese,onion,savoury,supermarket,green,chutney
773642,59.0,7,procedure,operation,medical,plan,serious,doctor,results,tests,hospital,sad,worry
773642,59.0,8,cathedral,church,bog,city,god,religion,choir,organ,history,awe,roof
773642,59.0,9,recliner,chair,cinema,television,ugly,leather,snooze,backwards,comfy,large,footrest
773642,59.0,10,thought,think,brain,mind,useful,past,memory,reminder,history,share,moment
773642,59.0,11,messy,children,toddlers,paint,play,clean,fun,mud,rain,wellies,stuff
773642,59.0,12,marble,white,cold,worktop,hard,italy,statues,grand,veins,grey,expensive
773642,59.0,13,obey,wedding,rules,parents,police,school,bend,break,caught,strict,judge
773642,59.0,14,repeat,again,several,many,lots,same,pattern,music,deaf,reinforce,tell
774249,67.0,0,procedure,method,process,approach,style,instruction,how,test,protocol,methodology,task
774249,67.0,1,marble,kitchen,elgin,game,glass,material,greek,smooth,stone,mine,process
774249,67.0,2,blind,window,venetian,unseeing,dancer,braille,stick,guide,vertical,dark,eyesight
774249,67.0,3,thought,idea,concept,wondered,believed,ideas,methods,brain,thinking,cerebral,instinct
774249,67.0,4,recliner,chair,adjustable,viewing,tan,holiday,beach,hire,dentist,lying,relax
774249,67.0,5,vow,agree,agreement,determined,promise,faith,understanding,truth,trust,bond,seal
774249,67.0,6,repeat,recur,copy,reset,repetition,rewatch,wind,,nan,over,again
774249,67.0,7,triangle,shape,geometry,equilateral,isoscele,scalene,angles,trigonometry,maths,symmetry,angular
774249,67.0,8,process,method,digest,ingest,figure,workflow,chemical,food,solution,outline,answer
774249,67.0,9,spend,transact,amount,sojourn,expend,expenditure,cost,account,budget,profit,loss
774249,67.0,10,messy,mucky,disarray,unfit,random,spread,spilt,error,dishevelled,unkempt,dirty
774249,67.0,11,cathedral,religion,pray,prayer,worship,service,ceremony,christen,marry,funeral,blessing
774249,67.0,12,camping,holiday,vacation,tent,campsite,coast,guy,frame,trailer,bed,uncomfortable
774249,67.0,13,pickles,vinegar,jar,cheese,crackers,sour,sweet,onions,piccalilli,carrots,sugar
774249,67.0,14,obey,conform,follow,agree,instruct,align,subservient,follower,religion,brainwash,secular
774490,32.0,0,neighbor,home,friendly,close,nearby,people,bordering,loud,helpful,cordial,alongside
774490,32.0,1,achievement,goal,award,excitement,proud,happy,achieved,completed,medal,pride,happiness
774490,32.0,2,appliance,cooker,microwave,toaster,kettle,oven,nan,useful,cooking,baking,food
774490,32.0,3,sway,dance,faint,move,swing,wobble,movement,sideways,fluctuate,pulsating,wave
774490,32.0,4,racket,tennis,sport,badminton,wimbledon,noise,shot,backhand,court,squash,paddle
774490,32.0,5,allergy,food,peanuts,seafood,pineapple,hives,epipen,dangerous,scary,severe,rash
774490,32.0,6,onion,crying,layers,peeling,cooking,bolognese,fried,cheese,tears,chopping,cutting
774490,32.0,7,briefcase,work,business,smart,laptop,storage,leather,office,businessperson,serious,attire
774490,32.0,8,squeal,noise,screech,shout,high-pitch,squeaky,cry,yelp,noisy,loud,annoying
774490,32.0,9,bulletin,news,information,advertisements,board,notice,advertising,billboard,newspaper,report,communication
774490,32.0,10,addition,alongside,extra,another,more,adding,excess,increase,extend,enlarge,boost
774490,32.0,11,clamp,car,annoying,clasp,lock,strap,bolt,secure,fix,fasten,expensive
774490,32.0,12,psychology,mind,emotion,mindfulness,thoughts,brain,psychiatrist,counselling,understanding,counsellor,brainwaves
774490,32.0,13,blackboard,school,teacher,chalk,lessons,learning,maths,english,education,primary,old
774490,32.0,14,builder,hat,safety,bricks,houses,tools,dangerous,craftsman,developer,workmen,build
776319,43.0,0,achievement,progression,award,accomplishment,goal,graduation,grade,success,triumph,effort,feat
776319,43.0,1,blackboard,slate,writing,marker,teaching,presentation,drawing,graph,lecture,whiteboard,lesson
776319,43.0,2,neighbor,friend,chum,comrade,pal,buddy,amigo,community,house,street,chat
776319,43.0,3,onion,food,flourishing,cry,chop,slice,peel,layers,brown,red,spring
776319,43.0,4,briefcase,suitcase,laptop,work,business,presentation,suit,carry,leather,bag,meeting
776319,43.0,5,clamp,hold,grasp,grip,tight,metal,woodwork,tools,vice,wheel,fine
776319,43.0,6,squeal,screech,scream,shout,cry,pig,pain,child,shriek,noise,banshee
776319,43.0,7,appliance,tool,washing,kitchen,cooker,microwave,coffee,nan,useful,fridge,freezer
776319,43.0,8,sway,rock,motion,waves,tides,boat,soothe,dizzy,wind,trees,storm
776319,43.0,9,builder,construction,worker,tools,creator,bricks,work,crane,scaffold,carpenter,plumber
776319,43.0,10,psychology,mind,mental,health,therapy,psychiatrist,counsellor,talk,learn,behaviour,teach
776319,43.0,11,racket,tennis,noise,loud,sports,ball,net,crime,gang,badminton,play
776319,43.0,12,addition,sum,subtraction,divide,plus,equals,average,add,maths,extra,example
776319,43.0,13,bulletin,board,notice,news,story,breaking,concise,headline,short,tv,watch
776319,43.0,14,allergy,epipen,nuts,reaction,swelling,hives,antihistamine,autoimmune,condition,medical,treatment
777261,58.0,0,snake,coiled,eel,long,beautiful,slither,python,hiss,tongue,cobra,grass
777261,58.0,1,joke,funny,humorous,dad,dirty,comical,punchline,ridiculous,cracker,book,clever
777261,58.0,2,not,inst,negative,opposite,short,alternative,bad,wast,mirror,black,white
777261,58.0,3,loose,fluid,bendy,boneless,vague,hang,rhyme,goose,relaxed,flowing,tight
777261,58.0,4,right,left,correct,okay,entitled,direction,east,handed,turn,on,by
777261,58.0,5,attire,clothing,suit,dress,clothes,correct,cloth,accessories,person,colours,material
777261,58.0,6,sunrise,sunset,colours,morning,dawn,sun,rise,moon,beautiful,rays,warmth
777261,58.0,7,nasty,horrible,terrible,disgusting,repulsive,repellent,dirty,bad,big,smelly,filthy
777261,58.0,8,oatmeal,porridge,oats,healthy,syrup,fruit,breakfast,flakes,milk,creamy,tasty
777261,58.0,9,peaceful,quiet,solitude,calm,sleep,happy,content,silent,numb,rest,home
777261,58.0,10,beverage,drink,imbibement,alcohol,coffee,tea,slake,thirst,glass,cup,water
777261,58.0,11,opening,door,way,window,fenestration,archway,hole,cave,welcoming,unpacking,wide
777261,58.0,12,back,forth,reverse,spine,opposite,forward,rewind,jump,door,fall,look
777261,58.0,13,bird,feathers,wings,hollow,bones,eagle,beautiful,fly,soar,owl,beak
777261,58.0,14,year,months,days,weeks,time,nostalgia,planets,passing,new,past,future
780858,63.0,0,shove,push,heave,pull,fight,punch,kick,anger,aggressive,inpatient,violent
780858,63.0,1,sling,hook,push,move,rope,arm,broken,river,,bridge,elbow
780858,63.0,2,mechanical,car,engine,crane,digger,train,boat,watch,bomb,engineer,note
780858,63.0,3,regret,sorry,love,anger,sorrow,disgust,forgiving,sadness,inpatient,impatient,nervous
780858,63.0,4,zest,nan,happiness,strength,compassion,helpful,kind,mindful,caring,lemon,tangy
780858,63.0,5,record,music,photos,cameras,television,tapes,bands,concert,note,write,computer
780858,63.0,6,slay,wrath,bloody,pain,unforgiving,anger,sword,battle,defeat,victories,joy
780858,63.0,7,vote,government,democracy,torie,labour,corrupt,equal,govern,majority,opposition,leader
780858,63.0,8,caffeine,coke,coffee,tea,sweet,sugar,uplift,water,pepsi,lucozade,overpowering
780858,63.0,9,say,not,yes,nothing,what,maybe,something,dumb,deaf,eyes,me
780858,63.0,10,lightheaded,dizzy,drunk,unsteady,falling,poorly,headache,pain,sway,collapse,frightened
780858,63.0,11,legend,nelda,nan,supportive,popularity,inspiring,followed,admired,love,recognised,nice
780858,63.0,12,mammal,rodent,squirell,rats,mouse,mole,human,elephant,ape,monkey,horse
780858,63.0,13,why,because,who,answer,question,impatient,order,anger,defiant,authority,told
780858,63.0,14,scrap,metal,heap,finished,gone,yard,fight,fist,dirt,grease,car
783212,51.0,0,tribute,pay,wages,gifts,owing,respect,gold,invasion,obliged,remembrance,remittance
783212,51.0,1,time,minute,second,hour,brief,fast,history,passage,arrow,father,ending
783212,51.0,2,technician,operator,worker,engineer,focussed,specialist,electronics,repairer,technical,fixer,expert
783212,51.0,3,sober,drunk,fresh,realistic,drab,sensible,clean,bare,succinct,daytime,judge
783212,51.0,4,survive,live,thrive,escape,recover,outlast,overcome,master,outlive,remain,persist
783212,51.0,5,balcony,pillar,high,jump,pool,romeo,juliet,palace,fall,window,flat
783212,51.0,6,journal,paper,diary,news,list,memory,passage,description,record,official,personal
783212,51.0,7,savior,lord,hero,jesus,religion,knight,relief,protector,rescuer,essential,moralistic
783212,51.0,8,trombone,trumpet,brass,horn,band,shiney,loud,raspberry,umpah,variable,orchestra
783212,51.0,9,tease,pull,wag,thread,accuse,bully,joke,ruthless,repetitive,children,tear
783212,51.0,10,meteor,strike,fireball,meteorite,impact,shooting,comet,asteroid,shower,gloucester,metallic
783212,51.0,11,shears,pinking,cutting,hairdressing,scissors,sheep,worn-out,edges,shortest,electronic,farming
783212,51.0,12,soil,brown,dirt,sandy,damp,leafy,mouldy,dirty,plant,garden,turf
783212,51.0,13,attach,clip,staple,fasten,velcro,add,insert,append,link,tie,chain
783212,51.0,14,stick,wooden,dowel,twig,adhere,glue,stop,twist,remain,keep,adorn
784819,70.0,0,appliance,dryer,machine,fridge,microwave,kettle,drill,radio,tv,router,tool
784819,70.0,1,builder,tradesman,helper,creator,expensive,local,expert,knowledgeable,competent,accurate,elusive
784819,70.0,2,achievement,success,congratulate,honour,completion,finished,fulfill,accomplishment,performance,realised,worked
784819,70.0,3,onion,legume,skin,nan,pickled,red,brown,crying,taste,plant,basket
784819,70.0,4,bulletin,news,urgent,words,sentences,important,short,report,statement,radio,television
784819,70.0,5,clamp,attach,stick,secure,tool,heavy,metal,woodworking,carpenters,bench,solid
784819,70.0,6,allergy,food,intolerance,itchy,dog,skin,antihistamine,relief,avoid,pollute,constant
784819,70.0,7,sway,convince,windy,move,storm,rain,trees,height,pylon,ariel,motivate
784819,70.0,8,blackboard,chalk,notes,writing,school,teacher,spelling,words,screech,scrape,erase
784819,70.0,9,psychology,science,mind,shrink,understand,study,mental,,relate,behaviour,conscious
784819,70.0,10,squeal,noise,loud,annoying,children,animals,distressed,laughter,avoid,cry,snitch
784819,70.0,11,neighbor,near,house,nosey,inquisitive,direct,driveway,share,friendly,annoying,resident
784819,70.0,12,racket,noisy,annoying,escape,money,criminal,sports,tennis,badminton,squash,ball
784819,70.0,13,addition,extra,more,mathematical,numbers,involvement,calculate,extend,subtract,divide,multiply
784819,70.0,14,briefcase,bag,carry,papers,files,businessman,important,workplace,,zipped,leather
794969,36.0,0,stuff,things,items,bear,pepper,vine,mess,crust,smell,warm,gear
794969,36.0,1,trousers,pants,grandma,brown,smart,long,suit,press,donald,checked,warm
794969,36.0,2,potato,hot,baked,jacket,mash,smiley,waffle,roast,yum,carbohydrate,masher
794969,36.0,3,anxious,worried,nervous,nails,biting,panic,counting,pacing,tablets,breathing,talking
794969,36.0,4,pet,dog,cat,bird,fish,soft,scaly,pat,shop,cemetery,stroke
794969,36.0,5,rifle,gun,look,through,army,shop,danger,bullet,metal,bang,shot
794969,36.0,6,laugh,me,grandma,tears,contagious,happy,crying,smile,lovely,annoying,make
794969,36.0,7,terrible,teeth,horrible,book,film,dress,twos,toddler,ivan,books,tudor
794969,36.0,8,skinny,bones,skin,thin,clothes,latte,cold,ill,sunny,tanned,girl
794969,36.0,9,toilet,flush,seat,brush,duck,white,paper,poo,wee,sick,hug
794969,36.0,10,aunt,gillian,diane,uncle,cousins,great,hugs,kind,house,door,open
794969,36.0,11,silly,funny,daft,kids,billy,mistake,isles,aliccia,thing,beggar,being
794969,36.0,12,wet,rain,bread,floor,seat,weather,shoes,coat,brolly,puddle,washing
794969,36.0,13,want,need,money,things,hug,have,argos,list,peace,get,expensive
794969,36.0,14,best,friend,bitter,show,buddy,one,medal,rosette,blue,nan,better
795273,23.0,0,buck,tooth,wheat,horse,cowboy,dollar,chuck,duck,buckle,belt,farm
795273,23.0,1,pad,period,house,condo,apartment,puppy,toilet,nappy,grass,shape,wing
795273,23.0,2,claims,financial,insurance,emotional,exclaim,conscious,love,cost,bonds,querie,question
795273,23.0,3,oar,boat,paddle,wood,instrument,equipment,raft,canoe,ship,water,ocean
795273,23.0,4,sap,tree,stupid,wax,nature,bees,sad,pollen,owl,emotional,fool
795273,23.0,5,pardon,beg,cough,sneeze,burp,please,excuse,manners,judge,order,me
795273,23.0,6,occupation,job,nurse,plumber,construction,work,office,civil,boss,career,society
795273,23.0,7,salesman,annoying,overbearing,retail,confident,savvy,charming,job,career,car,money
795273,23.0,8,radiator,heat,hot,warm,appliance,house,burn,dry,electricity,pipes,water
795273,23.0,9,stocking,christmas,tights,sexy,underwear,shoes,presents,santa,chimney,gift,woman
795273,23.0,10,relativity,physics,proximity,family,science,space,time,tree,common,coincidence,equation
795273,23.0,11,retreat,spa,yoga,fitness,nan,reset,escape,nature,rest,relax,hibernate
795273,23.0,12,beginner,novice,starter,experience,expert,game,level,finish,challenge,skill,cooking
795273,23.0,13,brake,car,bike,pedal,gas,accelerate,stop,surprise,pull,trigger,vehicle
795273,23.0,14,braces,teeth,belt,nerd,dentist,orthodontist,tighten,gums,metal,x-ray,retainer
79882,32.0,0,beginner,start,first,original,child,initial,learning,novice,race,training,begin
79882,32.0,1,pad,ipad,period,note,padlock,paddock,cell,stack,pen,wad,bundle
79882,32.0,2,claims,insurance,wild,court,witness,money,expensive,bold,crash,lawyer,finance
79882,32.0,3,brake,car,lights,vehicle,pads,stop,emergency,handle,pull,halt,safe
79882,32.0,4,retreat,woodlands,relaxing,yoga,nature,rest,sleep,relax,hide,withdraw,holiday
79882,32.0,5,radiator,warm,metal,hot,leaking,water,portable,paint,dusty,bleeding,key
79882,32.0,6,salesman,bossy,strong,annoying,rich,pushy,confident,car,agent,telephone,leaflet
79882,32.0,7,buck,deer,money,dollar,stops,male,head,kicking,bull,riding,horse
79882,32.0,8,oar,boat,fish,sailing,rowing,river,competition,wooden,rotten,splash,water
79882,32.0,9,sap,tree,sticky,yellow,smelly,loser,syrup,pine,man,dripping,insect
79882,32.0,10,stocking,christmas,feet,shoes,socks,fireplace,presents,stuffed,children,santa,tights
79882,32.0,11,occupation,job,application,workplace,computer,office,paperwork,boring,boss,coffee,paperclips
79882,32.0,12,braces,teeth,metal,painful,plastic,dentist,orthodontist,mold,retainer,wonky,straight
79882,32.0,13,pardon,polite,gentleman,english,nan,older,crowd,attention,farting,victorian,past
79882,32.0,14,relativity,einstein,science,space,time,energy,quantum,atomic,oppenheimer,theory,professor
802491,42.0,0,reflection,mirror,internal,vampires,light,self-awareness,beauty,hair,make-up,self,sunshine
802491,42.0,1,sex,male,female,non-binary,mating,reproduction,karma-sutra,fun,dating,love,intimate
802491,42.0,2,mushroom,fungi,wellington,soup,brown,grey,danger,fairies,mould,drugs,magic
802491,42.0,3,vulnerable,scared,afraid,fear,weak,non-confrontational,arguing,abuse,domestic,violence,child
802491,42.0,4,chapel,church,vegas,elvis,wedding,funeral,religion,steeple,vicar,bible,flowers
802491,42.0,5,smog,boor,fog,smoke,dirt,pollution,chimney,northern,asthma,factory,grit
802491,42.0,6,response,police,ambulance,fire,road-side,fast,emergency,help,answer,query,react
802491,42.0,7,adult,grown-up,man,woman,mum,dad,helper,safe,eighteen,teacher,work
802491,42.0,8,truth,honest,court,witness,up-front,news,statement,perception,account,story,events
802491,42.0,9,wall,brick,stone,nan,barrier,support,house,guard,garden,fence,boundary
802491,42.0,10,live,breath,heart,joy,birth,celebrate,consume,immerse,experience,new,trying
802491,42.0,11,suede,soft,shoes,jacket,band,brett,songs,cleaner,blue,elvis,per
802491,42.0,12,web,site,spider,incey-wincey,water-spout,spiderman,peter,hero,internet,caught,lies
802491,42.0,13,peace,dove,non-conflict,happy,peaceful,silence,content,un,nan,,smile
802491,42.0,14,organ,heart,brain,eyes,mouth,liver,kidney,piano,transplant,nan,brave
806998,25.0,0,balcony,outside,building,fence,upstairs,drinks,chairs,gargoyle,house,view,smoking
806998,25.0,1,attach,octopus,picture,attachment,lead,build,fix,email,emotion,magnet,lego
806998,25.0,2,trombone,music,instrument,sound,bone,trumpet,musical,orchestra,effects,humour,cartoon
806998,25.0,3,tribute,act,alcohol,ale,celebrate,music,celebrity,dead,drink,gig,performance
806998,25.0,4,sober,alcohol,addiction,normal,sobriety,booze,hard,water,puke,messy,savings
806998,25.0,5,soil,mud,earth,dirt,plants,water,dry,nutrients,roots,trees,life
806998,25.0,6,time,clock,life,curfew,work,sleep,aging,lifetime,limited,old,young
806998,25.0,7,stick,wood,wooden,tree,walking,poke,slingshot,bug,brown,splinter,fallen
806998,25.0,8,journal,write,writing,paper,thoughts,life,document,pen,reading,explore,personal
806998,25.0,9,savior,saving,hero,danger,heroic,superhero,brave,jesus,religion,life,humanity
806998,25.0,10,shears,cutting,grass,gardening,gardeners,shed,metal,pointy,handle,plants,mud
806998,25.0,11,survive,live,life,danger,effort,time,hard,living,apocalypse,illness,war
806998,25.0,12,meteor,space,scary,rock,far,dangerous,shower,meteorite,movie,cereal,death
806998,25.0,13,technician,work,fix,cables,electric,repair,cars,employment,computer,technology,technical
806998,25.0,14,tease,dirty,bully,slut,playful,joke,jokingly,mock,strip,tassel,teasing
809442,25.0,0,journal,book,write,text,thoughts,pen,paper,list,pencil,binder,lines
809442,25.0,1,survive,food,water,campfire,sticks,danger,animals,trees,desert,forest,jungle
809442,25.0,2,attach,link,join,glue,tape,gun,keyring,attachment,sticker,weld,clip
809442,25.0,3,shears,cut,sheep,wool,tool,farm,minecraft,scissors,clippers,fleece,lamb
809442,25.0,4,technician,nerd,computer,glasses,shirt,salary,job,career,work,mechanic,programming
809442,25.0,5,sober,drunk,alcohol,buzz,headache,addiction,thin,bottle,healthy,drugs,heroin
809442,25.0,6,soil,earth,water,crops,grow,plants,farm,bugs,dirt,grass,rocks
809442,25.0,7,meteor,shower,space,light,rock,minerals,danger,comet,earth,cosmic,planet
809442,25.0,8,balcony,attic,smoker,rail,rain,suicide,jump,plants,view,sitting,peace
809442,25.0,9,trombone,music,instrument,band,orchestra,trumpet,musician,loud,bass,blow,wind
809442,25.0,10,savior,jesus,heroine,hero,prophecy,ally,rescue,aid,food,protection,help
809442,25.0,11,tease,tickle,joke,mean,annoying,embarrass,annoy,cheeky,funny,stress,provoke
809442,25.0,12,stick,tree,wood,baton,tent,knife,glue,cut,branch,leaves,dirty
809442,25.0,13,time,passing,diminishing,endless,clock,hour,minute,day,year,month,calendar
809442,25.0,14,tribute,heart,gift,head,gold,silver,king,aztec,tribes,slaves,money
810388,29.0,0,pet,dog,cat,rabbit,leash,food,barn,cute,love,pats,kitty
810388,29.0,1,rifle,gun,bullet,war,soldier,aim,sniper,rifleman,range,bayonet,musket
810388,29.0,2,toilet,bidet,flush,water,clean,emergency,poop,pee,bowl,lid,bathroom
810388,29.0,3,trousers,pants,comfortable,warm,style,fitting,fashionable,cotton,fabric,black,rip
810388,29.0,4,terrible,nasty,angry,horrible,sad,loss,beast,illness,sick,breath,taste
810388,29.0,5,best,worst,exemplary,amazing,top,winner,food,places,player,athlete,good
810388,29.0,6,skinny,fat,bones,malnourished,food,vegetables,thin,runner,obsessed,diet,weight
810388,29.0,7,aunt,uncle,flew,cousin,family,aunty,grandparents,extended,sister,older,relations
810388,29.0,8,wet,dry,moist,wipes,slippery,ocean,pond,marsh,rain,water,towel
810388,29.0,9,potato,hash,fries,tots,chips,dirt,eyes,harvest,jacket,mashed,boiled
810388,29.0,10,stuff,things,miscellaneous,tat,stuffing,turkey,fill,my,your,grab,buy
810388,29.0,11,silly,clown,billy,wacky,crazy,drunk,stupid,brain,willy,strange,joker
810388,29.0,12,want,need,things,food,drink,wants,unnecessary,more,everything,greedy,have
810388,29.0,13,anxious,anxiety,personality,jittery,concerned,nervous,worried,stressed,speech,behaviour,person
810388,29.0,14,laugh,live,love,laughter,happy,smiling,loudly,teeth,medicine,nervous,giggle
814054,39.0,0,response,answer,question,query,opinion,yes,no,backchat,sarcastic,positive,negative
814054,39.0,1,vulnerable,lonely,sad,poor,defenseless,young,female,war,victim,despair,cold
814054,39.0,2,mushroom,food,pizza,pasta,toadstool,fungi,forest,moss,autumn,winter,omelet
814054,39.0,3,suede,fabric,nan,pants,jacket,soft,yellow,brown,green,style,clothing
814054,39.0,4,peace,happiness,safety,calm,tranquil,quiet,content,cooperation,mindfulness,yoga,silence
814054,39.0,5,reflection,mirror,window,ice,thinking,awareness,two,thoughts,emotions,feedback,embrace
814054,39.0,6,truth,honest,lie,thinking,knowledge,approval,learning,dishonesty,friendship,support,time
814054,39.0,7,live,alive,life,lively,music,family,nature,animals,death,dying,ending
814054,39.0,8,sex,intimate,desire,men,women,arousal,nan,porn,nudity,trust,fun
814054,39.0,9,wall,bricks,glass,stop,barrier,safety,home,insurmountable,building,built,crashing
814054,39.0,10,organ,heart,liver,kidney,valve,piano,church,surgery,doctors,health,stomach
814054,39.0,11,adult,grownup,child,parent,professional,age,explicit,old,caring,leader,baby
814054,39.0,12,chapel,roan,church,school,singing,priest,prayers,confession,religion,hatred,community
814054,39.0,13,smog,fog,pollution,cold,climate,unpleasant,mist,depressing,city,poverty,london
814054,39.0,14,web,internet,spider,community,family,frost,sticky,healing,connection,tree,insect
819590,28.0,0,trombone,trumpet,accordion,piano,drums,violin,cello,marimba,maracas,musician,jazz
819590,28.0,1,balcony,ledge,fall,cliff,leap,pool,alcohol,view,sunset,holiday,plants
819590,28.0,2,journal,diary,thoughts,words,girl,pink,locked,dreams,ambitions,private,goals
819590,28.0,3,attach,grip,grab,together,magnet,detach,bonded,glued,adhesive,stick,love
819590,28.0,4,stick,twig,branch,leaf,tree,roots,hockey,wood,plank,tree-house,play
819590,28.0,5,time,clock,timetable,space,appointments,life,minutes,seconds,hours,years,decades
819590,28.0,6,shears,pruners,loppers,shovel,secateurs,spade,fork,knife,clippers,pots,soil
819590,28.0,7,sober,drunk,sloshed,meetings,family,rebuilding,friendships,dry,cider,gin,vodka
819590,28.0,8,tease,tempt,playful,annoying,irritating,frustrated,tantalize,flirt,coy,provoke,untangle
819590,28.0,9,technician,electrician,plumber,engineer,gardener,veterinarian,doctor,nurse,psychologist,pilot,captain
819590,28.0,10,tribute,speech,memory,impressionists,gift,award,respect,sign,honour,trophy,praise
819590,28.0,11,soil,compost,vegetables,fruit,seeds,seedlings,dirt,allotment,beds,worms,stones
819590,28.0,12,savior,hero,heroine,saved,safe,rescue,relieve,secure,home,loved,living
819590,28.0,13,survive,alive,last,arrive,real,exists,sustained,continue,remain,sustain,endure
819590,28.0,14,meteor,shrapnel,rock,cosmic,comet,stars,galaxy,night,sky,satellites,fire
824325,39.0,0,lightheaded,dizzy,faint,falling,poorly,vertigo,unstable,wobbly,feet,sugar,sit
824325,39.0,1,regret,remorse,forgive,annoyed,upset,apology,worry,bitter,argument,conscience,struggling
824325,39.0,2,mammal,animal,legs,land,vertebrate,creature,aquatic,primate,pets,food,nature
824325,39.0,3,caffeine,coffee,tea,sugar,drink,awake,tired,bed,sleep,rush,hyper
824325,39.0,4,vote,government,ballots,labour,conservative,liberal,left,right,independence,july,postal
824325,39.0,5,why,question,answer,query,excuse,unsure,explanation,reply,think,reason,cause
824325,39.0,6,say,talk,speak,conversation,announce,repeat,reply,respond,voice,declare,tell
824325,39.0,7,record,music,sound,listen,tape,vhs,vinyl,dictate,talk,noise,vocal
824325,39.0,8,zest,lemon,life,enjoy,energy,gusto,bouncy,cheery,happiness,zing,enjoyment
824325,39.0,9,scrap,rid,throw,rubbish,metal,junk,discard,toss,fling,dispose,out
824325,39.0,10,sling,throw,catapult,slingshot,hang,suspend,string,dangle,toss,fling,cast
824325,39.0,11,legend,fiction,folklore,myth,mythology,tale,story,epic,celebrity,star,icon
824325,39.0,12,slay,kill,murder,death,sword,butcher,cut,destroy,dispatch,exterminate,annihilate
824325,39.0,13,mechanical,automatic,machine,robot,instinctive,impulsive,regularly,system,electrics,equipment,gear
824325,39.0,14,shove,push,thrust,barge,ram,bump,bang,knock,prod,elbow,jab
826821,32.0,0,sometimes,occasionally,often,never,whenever,few,always,calendar,diary,unsure,non-committal
826821,32.0,1,twice,two,occasionally,once,duo,dual,times,occasion,plural,couple,multiple
826821,32.0,2,checking,account,certain,audit,confirm,double,finance,keys,safety,oven,alarm
826821,32.0,3,toil,trouble,double,bubble,fields,work,hard,frustrating,tiring,exhausting,working
826821,32.0,4,meter,point,reference,gas,electricity,read,payment,usage,distance,running,height
826821,32.0,5,inflation,annual,yearly,price,cost,living,pain,interest,finance,balloon,castle
826821,32.0,6,perish,die,horror,hunger,illness,age,death,doom,apocalypse,funeral,food
826821,32.0,7,under,over,through,bridge,tunnel,tube,duvet,water,coat,pass,achieve
826821,32.0,8,soak,wet,bath,bubbles,super,wash,water,liquid,clean,relax,dishes
826821,32.0,9,mussel,vomit,shell,france,sea,restaurant,sickness,allergy,slimy,food,eating
826821,32.0,10,atmosphere,restaurant,diving,smell,calm,panic,noisy,mood,wind,ozone,senses
826821,32.0,11,oath,promise,broken,breaker,loyalty,faith,commitment,pledge,honour,knight,religion
826821,32.0,12,safari,zoo,animal,africa,heat,rhino,elephant,impala,wild,tour,bus
826821,32.0,13,boiled,hot,bottle,egg,water,bubbles,steam,summer,pan,kettle,pasta
826821,32.0,14,pale,white,bucket,sunscreen,burn,colour,beach,ireland,ginger,skin,ill
827567,31.0,0,peace,war,world,love,calm,quiet,protest,cessation,armistice,justice,progress
827567,31.0,1,chapel,church,religion,cathedral,prayer,vicar,bishop,pope,christian,catholic,faith
827567,31.0,2,response,call,reply,action,rapid,reaction,doing,emergency,resolution,disaster,ongoing
827567,31.0,3,live,dead,electricity,alive,wire,aid,livelihood,active,activity,current,stream
827567,31.0,4,sex,appeal,intimacy,intercourse,attraction,carnal,pleasure,orgasm,nudity,instinct,urges
827567,31.0,5,organ,donor,offal,pipes,lung,heart,stomach,skin,brain,liver,meat
827567,31.0,6,web,site,online,internet,spider,net,trap,lies,address,page,network
827567,31.0,7,reflection,mirror,water,image,narcissist,viewing,think,meditate,consider,contemplate,paraphrase
827567,31.0,8,suede,fabric,icky,shoes,jacket,blue,material,wet,dry,beige,brown
827567,31.0,9,vulnerable,alone,small,child,hurt,pain,violated,risk,protection,scared,animal
827567,31.0,10,adult,human,person,child,responsible,adept,considerate,behaviour,complex,sexual,violent
827567,31.0,11,wall,brick,house,concrete,granite,stone,barrier,tall,support,structure,graffiti
827567,31.0,12,truth,lies,honesty,open,transparency,revealing,inner,knowledge,understanding,correct,belief
827567,31.0,13,smog,pollution,air,fog,brown,london,cars,wood,lungs,choke,dirty
827567,31.0,14,mushroom,cloud,food,poison,risotto,wild,fungus,grow,expand,mycelium,edible
828404,25.0,0,survive,strive,endure,live,withstand,persevere,bear,persist,last,remain,life
828404,25.0,1,tribute,honor,memory,respect,admiration,esteem,acknowledge,sacrifice,without,faith,appreciate
828404,25.0,2,attach,affix,glue,constrain,withhold,link,secure,bind,burden,adhere,connect
828404,25.0,3,journal,write,literary,personal,book,diary,log,nightly,pen,information,hidden
828404,25.0,4,technician,smart,technical,university,professional,mechanic,specialist,machinery,worker,manly,adept
828404,25.0,5,meteor,space,wonder,beauty,fear,existential,sky,night,star,asteroid,rock
828404,25.0,6,time,passing,irretrievable,valuable,inevitable,measure,flow,clock,hands,fast,future
828404,25.0,7,tease,sly,silly,playful,fun,annoy,bother,taunt,disturb,childish,
828404,25.0,8,balcony,window,view,sun,morning,expensive,deckchair,mezzanine,deck,plants,wind
828404,25.0,9,sober,dry,sensible,dull,healthy,drunk,teetotal,abstain,restrained,moderation,content
828404,25.0,10,soil,growth,life,death,plants,humus,worms,wildlife,essential,vigor,dirty
828404,25.0,11,stick,tree,dog,woodland,nature,wind,brown,leaf,insect,lichen,snap
828404,25.0,12,shears,plants,gardening,maintained,tools,shed,hedge,tree,blades,cutter,metal
828404,25.0,13,savior,thankful,defender,hero,indebted,kind,just,rescue,protector,angel,salvation
828404,25.0,14,trombone,instrument,brass,auditorium,conductor,practice,child,band,group,loud,talented
830322,26.0,0,anchor,weight,boat,grounded,metal,rusted,swim,fall,chain,pirate,ball
830322,26.0,1,menthol,cigarette,mint,toothpaste,green,blue,cold,filter,chilly,puff,vape
830322,26.0,2,mold,green,cheese,blue,ill,home,grow,house,damp,breathing,radiator
830322,26.0,3,score,goal,dating,rating,football,winner,winning,penalty,tackle,hayrick,net
830322,26.0,4,boss,executive,baby,man,big,pants,bully,baller,clothes,job,work
830322,26.0,5,intake,outtake,drugs,medication,nurse,doctors,withdrawal,syringe,breathe,inject,swallow
830322,26.0,6,pole,dance,firefighter,voting,strippers,sex,nan,,music,flirt,floor
830322,26.0,7,zone,illegal,parking,school,outside,inside,radius,regulated,ticket,watching,legal
830322,26.0,8,bless,christian,religion,sneeze,cold,blessing,christening,god,jesus,dog,film
830322,26.0,9,transportation,train,bike,plane,walk,foot,passenger,ticket,pay,park,fly
830322,26.0,10,piston,gun,america,pistol,fire,kill,country,western,hip,horse,pocket
830322,26.0,11,still,present,peaceful,movement,patient,understanding,ongoing,water,liquid,waves,none
830322,26.0,12,unit,measurement,liquid,weight,centimetre,millimeter,mile,ages,time,science,chemistry
830322,26.0,13,permission,granted,consent,request,permit,judge,law,refusal,ask,say,fix
830322,26.0,14,loyal,relationship,dating,cheating,time,royal,wait,commit,marriage,promise,honesty
83269,28.0,0,amaze,wonderment,awe,amazing,wonderful,inspiring,shocked,wow,surprise,,shocking
83269,28.0,1,spider,fly,web,string,bite,sting,shelob,legs,eyes,scary,frightening
83269,28.0,2,chorus,sing,song,choir,music,instrument,verse,concert,microphone,musical,band
83269,28.0,3,shoulder,arm,joint,socket,dislocate,tendon,ligament,roll,press,stretch,rotation
83269,28.0,4,past,tense,present,future,history,war,old,medieval,kings,knights,queens
83269,28.0,5,repair,fix,mechanic,shop,bicycle,car,tools,fixing,broken,spanner,ratchet
83269,28.0,6,cinema,film,movie,popcorn,sweets,adverts,seats,projector,screen,expensive,entertainment
83269,28.0,7,tomato,salad,bacon,lettuce,grow,fruit,red,seeds,plant,vines,sauce
83269,28.0,8,believe,faith,god,aliens,religion,ufo,magic,belief,imagination,confidence,feeling
83269,28.0,9,rectangle,square,angles,sides,pitch,shape,circle,cuboid,cube,draw,field
83269,28.0,10,wish,hope,star,christmas,make,belief,dream,pray,hopeful,dreaming,praying
83269,28.0,11,riddle,hobbit,gollum,puzzle,poem,words,rhyme,dark,ring,pocket,time
83269,28.0,12,publication,book,publisher,oxford,cambridge,university,paper,cover,author,newspaper,reading
83269,28.0,13,wreck,crash,ship,car,wrecked,wrecking,breaking,destroy,smash,shattered,broken
83269,28.0,14,infection,bacteria,wound,virus,dirt,antibiotics,puss,ill,cut,kidney,throat
836007,38.0,0,back,stabber,stab,gammon,bone,past,behind,way,bring,jump,space
836007,38.0,1,not,no,refuse,refusal,cannot,wont,neither,thought,think,decline,declined
836007,38.0,2,beverage,ale,beer,drink,water,thirst,quench,cola,lager,wine,squash
836007,38.0,3,oatmeal,porridge,breakfast,lumpy,scotland,scottish,horrible,bowl,milk,food,hunger
836007,38.0,4,nasty,horrid,horrible,nick,unpleasant,grim,filthy,gross,cruel,bitch,painful
836007,38.0,5,snake,adder,viper,cobra,plane,anaconda,films,wriggle,slither,wind,coil
836007,38.0,6,opening,door,opportunity,window,time,hours,airing,closing,up,honesty,truthfulness
836007,38.0,7,right,left,east,then,handed,hand,correct,accurate,yes,good,direction
836007,38.0,8,year,annual,new,eve,day,end,book,planner,journal,diary,ten
836007,38.0,9,bird,parrot,crow,owl,tit,pigeon,raven,rook,sparrow,robin,big
836007,38.0,10,sunrise,light,illumination,morning,wonderful,beautiful,powerful,birds,breakfast,early,dawn
836007,38.0,11,joke,amusement,amuse,amused,jape,laugh,gag,comedy,comedian,funny,jovial
836007,38.0,12,peaceful,calm,tranquil,calmly,tranquility,rest,restful,placid,safe,quiet,cool
836007,38.0,13,attire,clothes,outfit,fit,uniform,look,clothing,jumper,shirt,shoes,trousers
836007,38.0,14,loose,relax,relaxed,chill,baggy,billowy,fitting,skirt,shot,drive,belt
840483,45.0,0,skinny,thin,model,latte,fries,dipping,small,bones,tiny,ninny,pinny
840483,45.0,1,laugh,happy,joy,fun,cheeks,loud,smile,emotion,bath,darth,giraffe
840483,45.0,2,silly,billy,fun,happy,messing,willy,smile,laugh,hilly,nilly,philly
840483,45.0,3,trousers,legs,clothes,jeans,bottoms,zipper,pockets,wowzers,smart,fart,feet
840483,45.0,4,toilet,nan,pooh,wee,germs,clean,white,glossy,cleaner,sink,wash
840483,45.0,5,potato,chips,boiled,mud,roasted,face,crisps,rosti,cake,grave,skin
840483,45.0,6,aunt,margarete,lizzy,christine,sister,cousin,family,fun,happy,smile,laugh
840483,45.0,7,best,ever,est,better,friend,one,test,guest,nest,direst,nan
840483,45.0,8,terrible,twos,tantrum,bad,scary,monster,evil,annoying,veritable,nan,gribble
840483,45.0,9,stuff,things,mess,boxes,muff,cuff,enough,fluff,throw,clean,tidy
840483,45.0,10,rifle,triffle,gun,war,bad,shoot,dead,,kill,scared,frightening
840483,45.0,11,wet,water,splash,running,river,sea,boiling,cooking,kettle,drink,bath
840483,45.0,12,want,font,need,,get,how,think,decide,execute,mine,have
840483,45.0,13,pet,dog,cat,fish,hamster,garble,mouse,rat,cockatoo,parrot,lion
840483,45.0,14,anxious,mental,health,issues,danger,sad,depressed,weird,nervous,good,helpful
848143,32.0,0,outline,paper,draw,pen,lines,trace,shape,box,word,write,around
848143,32.0,1,noose,wrap,hang,rope,strand,hung,neck,anger,sad,person,hold
848143,32.0,2,worm,animal,cold,dark,wet,move,dirt,garden,mud,slither,wriggle
848143,32.0,3,trailer,behind,box,car,wheels,attached,storage,transport,carry,horse,boxes
848143,32.0,4,talent,show,sing,dance,microphone,television,costume,music,display,people,audience
848143,32.0,5,active,running,walking,exercise,swimming,gym,outside,health,weights,cardio,happy
848143,32.0,6,private,closed,personal,exclusive,secret,confidential,intimate,close,classified,particular,special
848143,32.0,7,punch,fist,hand,hard,hurt,face,fight,angry,defence,attack,contact
848143,32.0,8,thumb,hand,joint,finger,hold,bend,grab,grip,two,nail,skin
848143,32.0,9,wide,large,open,broad,vast,spacious,deep,oversized,space,view,extensive
848143,32.0,10,nylons,fabric,clothes,socks,material,leggings,tights,stockings,atom,garter,carbon
848143,32.0,11,uncooked,raw,food,process,rare,packaging,unheated,frozen,freezer,dried,underdone
848143,32.0,12,kettle,boil,water,steaming,hot,pot,container,scold,tea,beverage,coffee
848143,32.0,13,roll,sausage,move,forward,hands,spin,wheel,reel,twist,rotation,curve
848143,32.0,14,winding,round,spinning,curling,curving,twist,swirling,spiraling,circle,up,swirly
856084,60.0,0,clamp,bit,secure,hold,bench,tool,screw,turn,hard,table,bite
856084,60.0,1,neighbor,person,home,dog,driveway,friend,helpful,gardener,nice,pensioners,old
856084,60.0,2,racket,tennis,squash,noise,dancing,party,sport,ball,bat,game,score
856084,60.0,3,briefcase,papers,solicitor,office,director,school,teacher,documents,official,brown,leather
856084,60.0,4,bulletin,notice,noticeboard,informative,school,company,short,paper,electronic,board,office
856084,60.0,5,psychology,mind,counsellor,calm,therapy,mental,health,useful,appointment,session,therapist
856084,60.0,6,achievement,grade,high,accolade,honour,medal,excellent,proud,great,completed,finished
856084,60.0,7,onion,vegetable,soup,french,chopped,sliced,peeling,tears,root,garlic,layers
856084,60.0,8,blackboard,chalk,eraser,black,roller,hard,dusty,school,teacher,lesson,learning
856084,60.0,9,squeal,child,terror,happy,animal,pleasure,hurt,pain,enjoyment,panic,pig
856084,60.0,10,builder,construction,bricks,cement,sand,house,wall,build,home,man,site
856084,60.0,11,addition,subtraction,maths,equation,calculate,plus,multiple,number,new,extra,more
856084,60.0,12,allergy,sneezing,eyes,watery,reaction,nan,medicine,food,hospital,injection,hypoallergenic
856084,60.0,13,sway,swing,dance,boat,waves,sea,rock,movement,body,child,baby
856084,60.0,14,appliance,kitchen,beauty,hairdryer,straighteners,television,washing,oven,kettle,microwave,ninja
856881,55.0,0,wide,mouth,range,tunnel,drive,club,imagination,circuit,shot,football,miss
856881,55.0,1,punch,aggressive,fight,alcohol,drink,fist,hand,face,head,boxing,fruit
856881,55.0,2,outline,country,party,line,border,paper,pencil,pen,draw,,policy
856881,55.0,3,roll,dice,di,random,ball,fat,snowball,snooker,golf,cheese,human
856881,55.0,4,private,sensitive,naughty,secret,door,entrance,line,phone,confidential,spy,lock
856881,55.0,5,kettle,pot,steam,hot,tea,brew,fan,police,riot,heat,burn
856881,55.0,6,active,sporty,football,mind,jogging,running,swimming,exercise,fit,well,diet
856881,55.0,7,worm,dragon,slimy,bug,creature,dig,bury,death,hole,wet,
856881,55.0,8,talent,management,good,elite,footballer,senior,director,king,sportsperson,nan,gamer
856881,55.0,9,thumb,finger,fat,nail,bang,hammer,bruise,up,hurt,catch,tom
856881,55.0,10,uncooked,raw,vegetable,wheat,egg,steak,meat,cold,,heat,cool
856881,55.0,11,winding,gear,road,lane,up,thump,stomach,bent,long,macca,beatles
856881,55.0,12,trailer,trash,park,tow,car,tow-bar,film,start,teaser,end,motorway
856881,55.0,13,nylons,stockings,sexy,sensuous,lovely,kinky,smart,tidy,saucy,cheeky,awesome
856881,55.0,14,noose,hang,dead,highwayman,pirate,kill,death,neck,urinate,deficate,end
870946,60.0,0,snot,nose,bogey,mucous,green,face,wipe,tissue,sneeze,cough,dry
870946,60.0,1,squirrel,tree,tail,bushy,nuts,hazelnuts,whiskers,furry,red,grey,climb
870946,60.0,2,lamb,sheep,field,spring,chop,dinner,roast,moussaka,mince,shoulder,leg
870946,60.0,3,choir,sing,church,cathedral,boys,red,ruffle,chorister,choral,hymn,
870946,60.0,4,subtract,minus,sum,school,homework,calculator,add,multiply,equation,less,without
870946,60.0,5,serpent,snake,slither,bite,hiss,poison,forked,bad,evil,cold,scaly
870946,60.0,6,vodka,tonic,ice,lemon,cocktail,russian,cold,lime,fun,pub,bottle
870946,60.0,7,circus,lion,,tent,sawdust,clown,tiger,elephant,trapeze,unicycle,tightrope
870946,60.0,8,pouch,kangaroo,money,cheeks,pocket,key,joey,hand,tiny,safe,zip
870946,60.0,9,shrimp,prawn,pink,sea,curry,cocktail,mayonnaise,stir-fry,swim,sauce,salty
870946,60.0,10,little,tiny,small,cute,miniature,miniscule,pony,donkey,sweet,microscope,glasses
870946,60.0,11,be,exist,happy,aware,here,good,with,against,tired,nice,rich
870946,60.0,12,turkey,christmas,roast,brown,smell,gravy,stuffing,carve,sprouts,oven,dinner
870946,60.0,13,left,right,over,behind,remain,socialist,labour,wing,turn,arm,hand
870946,60.0,14,loaf,bread,sourdough,bake,sliced,sandwich,brown,white,wholemeal,wholegrain,crusty
872650,32.0,0,scapegoat,excuse,loser,blame,failure,,liar,shame,poor,cheat,wrong
872650,32.0,1,stand,position,hold,up,market,stable,maintain,firm,lean,push,control
872650,32.0,2,acknowledge,know,accept,understand,believe,assume,nod,yes,affirm,agree,correct
872650,32.0,3,modest,shy,coy,anxious,ashamed,quiet,honest,private,invisible,hide,small
872650,32.0,4,chapter,book,passage,life,writing,words,verse,army,squad,war,battle
872650,32.0,5,means,living,resource,materials,value,method,way,attempt,strive,goal,objective
872650,32.0,6,rodeo,bull,cowboy,rope,entertainment,competition,danger,risk,horns,denim,loud
872650,32.0,7,switch,light,on,off,electricity,bulb,vision,technology,power,home,house
872650,32.0,8,zoo,animals,family,cage,holiday,trip,balloons,giraffes,lions,elephants,education
872650,32.0,9,mosquito,malaria,disease,insect,fly,blood,suck,buzz,humid,spray,net
872650,32.0,10,sales,revenue,cash,orders,profit,margin,gross,commerce,markets,money,rich
872650,32.0,11,oak,wood,branch,tree,table,grain,rings,old,leaves,plant,earth
872650,32.0,12,canvass,scope,patrol,police,protect,inspect,sneak,,observe,learn,examine
872650,32.0,13,ribs,body,bone,muscle,protect,cage,,armour,shield,food,barbecue
872650,32.0,14,bark,wood,tree,dog,noise,warning,loud,angry,bite,retreat,protection
875033,28.0,0,pet,peeve,dog,cat,rabbit,horse,hamster,gerbil,fish,food,cage
875033,28.0,1,laugh,happy,emotion,sad,crying,loud,annoying,contagious,fire,laughing,talking
875033,28.0,2,want,wishing,need,feel,annoying,expensive,toys,food,event,red,greed
875033,28.0,3,aunt,aunty,family,relative,relationship,children,kids,distance,female,fun,happy
875033,28.0,4,rifle,gun,war,ammo,ukraine,russia,soldier,army,navy,bullet,death
875033,28.0,5,stuff,tut,non-relative,teddy,turkey,stuffing,lots,small,large,big,presents
875033,28.0,6,anxious,depression,depressed,elephant,emotion,health,scared,ominous,pink,worried,therapy
875033,28.0,7,potato,vodka,new,farming,farmers,machine,spuds,chips,crisps,waffles,fries
875033,28.0,8,silly,stupid,emotion,goofy,clown,funny,billy,green,comedy,laugh,happy
875033,28.0,9,wet,dry,water,slop,slime,weather,season,cold,blue,fart,drops
875033,28.0,10,terrible,awful,scared,wrong,twins,incorrect,america,government,weather,game,bad
875033,28.0,11,trousers,pants,legs,shoes,smart,jeans,joggers,suit,long,colourful,shirt
875033,28.0,12,toilet,stool,urine,white,waste,seat,loo,disgusting,gender,men,female
875033,28.0,13,best,me,top,description,one,winner,overall,game,category,gold,happy
875033,28.0,14,skinny,fat,eating,disorder,food,drink,diet,optimal,influencer,milk,jeans
875287,34.0,0,back,home,there,excessive,track,again,forward,spine,door,end,out
875287,34.0,1,oatmeal,porridge,apple,sugar,nan,gruel,berry,kettle,milk,bag,breakfast
875287,34.0,2,attire,dress,formal,clothes,fancy,suit,tuxedo,nan,wardrobe,shopping,house
875287,34.0,3,loose,open,slack,windy,easy,unsecure,unsafe,free,hole,uncomfortable,move
875287,34.0,4,nasty,bad,girl,smelly,mouldy,dirty,house,mean,evil,selfish,cheat
875287,34.0,5,year,month,age,older,day,leap,time,perception,old,calendar,fortnight
875287,34.0,6,bird,sparrow,pigeon,magpie,tit,fish,flying,crow,robin,eagle,seagull
875287,34.0,7,not,negative,no,knot,unopened,allowed,forbidden,naughty,banned,impossible,supposed
875287,34.0,8,opening,entrance,beginning,party,up,talking,door,book,box,mail,envelope
875287,34.0,9,beverage,drink,alcohol,social,pop,cola,milk,water,tea,coffee,thirst
875287,34.0,10,sunrise,morning,light,awake,alarm,beginning,tired,pretty,yellow,quiet,bright
875287,34.0,11,peaceful,calm,quiet,content,happy,cold,progress,safe,meeting,protest,agree
875287,34.0,12,joke,funny,clown,,smile,laugh,social,happy,thoughtful,friends,good
875287,34.0,13,right,wrong,left,correct,moral,yes,confirm,good,approve,nod,agree
875287,34.0,14,snake,reptile,invertebrate,hiss,long,bendy,fun,quiet,teeth,venom,green
882273,36.0,0,why,not,because,question,confusion,mark,unknown,answer,conversation,dunno,proof
882273,36.0,1,shove,push,harm,dig,jab,poke,anger,antagonistic,crowds,prod,hands
882273,36.0,2,record,tape,transcribe,history,facts,file,document,write,type,archive,diary
882273,36.0,3,slay,hack,slash,sword,defeat,kill,swipe,erase,knife,cut,finish
882273,36.0,4,scrap,bin,shred,throw,rub,rubbish,junk,leave,discard,leftovers,crap
882273,36.0,5,say,speak,talk,converse,conversation,express,tell,state,voice,mouth,lips
882273,36.0,6,zest,orange,lemon,fruit,life,tingle,fresh,smell,fragrance,tangy,peel
882273,36.0,7,lightheaded,faint,fall,tired,ill,dizzy,delirious,woozy,whirling,spinning,giddy
882273,36.0,8,legend,icon,famous,hollywood,music,actor,story,fable,memorable,classic,best
882273,36.0,9,mammal,animal,beast,whale,bear,fox,horse,humans,leopard,lion,africa
882273,36.0,10,vote,elections,democracy,ballots,choice,pollsters,electorate,yes,no,politicians,ticks
882273,36.0,11,caffeine,coffee,tea,drink,hot,energy,headaches,strong,awake,coke,stimulant
882273,36.0,12,regret,sadness,heartbreak,worry,remorse,sorrow,upset,repentance,unfair,lament,bitterness
882273,36.0,13,mechanical,car,metal,industrial,hard,silver,machine,labour,cold,steel,clanking
882273,36.0,14,sling,throw,lob,arm,bandage,broken,hospital,catapult,toss,white,chuck
882794,40.0,0,intake,receive,obtain,gain,group,admission,application,stock,flood,opening,goods
882794,40.0,1,unit,number,numerical,item,stock,counting,alcohol,large,heavy,furniture,family
882794,40.0,2,transportation,car,bus,train,bike,vehicle,airplane,taxi,public,moving,transport
882794,40.0,3,bless,prayer,amen,god,jesus,paganism,sneeze,kindness,generosity,community,peace
882794,40.0,4,zone,london,ozone,area,section,roadworks,drifted,specific,location,place,daydream
882794,40.0,5,piston,car,lorry,mechanic,garage,engine,hydraulic,backfire,connection,mechanism,vehicle
882794,40.0,6,score,goal,award,team,play,football,scratch,dozen,settle,time,success
882794,40.0,7,mold,damp,mildew,unhealthy,respiratory,disease,black,old,date,unpleasant,smell
882794,40.0,8,menthol,mint,fresh,chew,gum,sinuses,health,cold,clarity,breathing,strong
882794,40.0,9,anchor,ship,boat,sea,heavy,weight,water,support,stability,tether,rest
882794,40.0,10,loyal,kind,committed,trustworthy,reliable,stalwart,dependable,rock,truth,stick,supportive
882794,40.0,11,permission,allow,permit,request,give,obtain,require,respect,seek,rules,governance
882794,40.0,12,still,quiet,soft,peaceful,resting,water,calm,introverted,deep,again,continue
882794,40.0,13,boss,chief,executive,manager,leader,ego,instructions,promotion,moan,strict,driven
882794,40.0,14,pole,stick,may,first,driving,dancing,paganism,polish,metal,ballet,bar
883141,23.0,0,anxious,nervous,scared,worried,healthy,anxiety,panic,fear,,help,scary
883141,23.0,1,terrible,awful,health,fear,scary,bad,negative,horrible,scared,worry,nervous
883141,23.0,2,wet,moist,water,juice,damp,slimy,clean,soap,juicy,liquid,ocean
883141,23.0,3,rifle,shoot,shotgun,gun,kill,game,reload,load,bullet,ammunition,crime
883141,23.0,4,trousers,pants,clothes,cotton,material,suit,smart,outfit,man,legs,work
883141,23.0,5,silly,goofy,funny,stupid,child,childish,prank,children,toddler,fun,idiocy
883141,23.0,6,want,need,desire,passion,gifts,christian,greed,satisfy,satisfaction,grab,take
883141,23.0,7,best,won,prize,great,winner,podium,gold,success,pride,confidence,proud
883141,23.0,8,potato,food,mash,starch,farm,dirt,field,soup,stew,broth,home
883141,23.0,9,skinny,fries,small,model,zero,milk,coffee,weight,thin,lanky,slim
883141,23.0,10,stuff,things,mess,clutter,house,toys,junk,boxes,rats,,tidy
883141,23.0,11,toilet,mess,dirty,paper,wet,smell,smelly,white,water,bleach,window
883141,23.0,12,aunt,family,nana,necklace,makeup,holiday,old,wrinkle,uncle,cousins,sister
883141,23.0,13,pet,dog,cat,bowl,fish,food,water,bed,cage,walk,hair
883141,23.0,14,laugh,joke,funny,laughing,mouth,teeth,hand,flirt,cackle,loud,snort
883444,42.0,0,meter,measure,time,amount,volume,distribute,apportion,track,size,distance,yard
883444,42.0,1,toil,work,hard,difficult,cruel,relentless,workman,workwoman,tired,strenuous,sweat
883444,42.0,2,mussel,crustacean,seafood,rocks,creature,sea,mollusc,food,fish,beach,shell
883444,42.0,3,under,below,down,lesser,beneath,lower,low,subordinate,bottom,downward,inferior
883444,42.0,4,atmosphere,air,climate,ambiance,aura,environment,surroundings,habitat,breathe,oxygen,clean
883444,42.0,5,checking,testing,marking,correcting,audit,reviewing,confirming,inspecting,examining,inquiring,answering
883444,42.0,6,oath,swear,court,promise,truth,legal,nan,testimony,,under,judge
883444,42.0,7,safari,animals,zoo,africa,nan,hot,lions,holiday,apple,browser,hunt
883444,42.0,8,perish,burn,die,kill,expire,end,spoil,decay,rot,death,cease
883444,42.0,9,inflation,expense,expand,increase,up,rise,balloon,tyre,pump,more,higher
883444,42.0,10,pale,pasty,white,peaky,ill,poorly,light,weak,fade,faint,sick
883444,42.0,11,twice,double,twin,repeat,two,again,both,twofold,dual,doubly,once-again
883444,42.0,12,sometimes,infrequently,occasionally,periodically,sporadically,irregularly,intermittently,seldom,,scarcely,rarely
883444,42.0,13,boiled,egg,cook,kettle,hot,water,steam,burn,bubbles,pan,potatoes
883444,42.0,14,soak,relax,bath,water,wet,steep,stew,bathe,drench,seep,saturate
88406,41.0,0,winding,spinning,rope,wheels,blow,road,river,turning,boat,down,breathing
88406,41.0,1,talent,agency,model,show,farm,kids,movie,applause,theatre,dog,attribute
88406,41.0,2,trailer,park,pull,tow,panel,truck,wagon,car,caravan,lorry,store
88406,41.0,3,thumb,drive,finger,hand,break,nail,tack,yes,tom,digit,phalange
88406,41.0,4,worm,ear,crawl,mud,bird,fishing,dig,,slime,dirt,sneak
88406,41.0,5,roll,tuck,bread,rock,ham,cheese,sausage,cob,bap,baker,rolling
88406,41.0,6,outline,drawing,line,pencil,artist,design,explain,sketch,marker,plan,suggest
88406,41.0,7,uncooked,raw,vegetable,fresh,ground,crops,healthy,cold,new,green,cook
88406,41.0,8,punch,slap,kick,fight,elbow,boxing,drink,drunk,judy,ticket,hole
88406,41.0,9,nylons,tights,fabric,polyester,underwear,string,holes,old,elderly,ration,war
88406,41.0,10,noose,loose,rope,death,suicide,france,execution,struggle,hangman,bad,die
88406,41.0,11,active,fit,healthy,exercise,weights,running,walking,live,longevity,happy,trainers
88406,41.0,12,kettle,hot,tea,gas,electric,whistle,coffee,english,biscuit,herd,drum
88406,41.0,13,private,public,secret,government,land,property,parts,knowledge,farm,sign,fence
88406,41.0,14,wide,load,narrow,whale,field,open,receiver,big,room,gate,road
885789,18.0,0,pet,dog,cat,loyal,food,bowl,friend,cute,fish,hamster,stroke
885789,18.0,1,best,greatest,superior,top,first,competition,winner,worst,better,improved,most
885789,18.0,2,stuff,thing,shove,objects,turkey,meal,toys,animal,cram,vague,full
885789,18.0,3,potato,chips,jacket,roast,mash,fried,crops,field,famine,irish,harvest
885789,18.0,4,silly,goofy,stupid,funny,weird,clown,whacky,string,putty,goose,billy
885789,18.0,5,toilet,bathroom,ceramic,waste,loo,lavatory,restroom,paper,flush,bowl,brush
885789,18.0,6,laugh,giggle,cackle,howl,chuckle,chortle,ha-ha,funny,joke,comedy,silly
885789,18.0,7,trousers,jeans,skirt,clothes,outfit,joggers,belt,cargo,pockets,shorts,dress
885789,18.0,8,skinny,malnourished,slim,light,twig,weak,thin,scrawny,pathetic,weight,size
885789,18.0,9,anxious,scared,fearful,worried,afraid,concerned,apprehensive,terrified,panicked,spooked,shaky
885789,18.0,10,rifle,gun,war,weapon,soldier,bullet,death,shoot,targets,kill,air
885789,18.0,11,wet,soaked,soggy,dripping,damp,cold,shiver,suit,drenched,rain,storm
885789,18.0,12,terrible,horrible,awful,bad,foul,diabolical,horrendous,disgusting,shocking,appalling,horrifying
885789,18.0,13,aunt,uncle,cousin,family,relative,sister,great,woman,caring,wife,older
885789,18.0,14,want,need,desire,hope,crave,require,greed,selfish,evil,mankind,steal
886143,32.0,0,wish,genie,magic,three,trick,more,free,easy,hard,dark,light
886143,32.0,1,publication,read,sad,happy,truth,lies,scandal,news,story,information,facts
886143,32.0,2,past,time,regrets,happiness,sadness,lonely,scared,excited,history,memories,think
886143,32.0,3,cinema,movie,film,cartoon,happy,excited,family,popcorn,sweets,tasty,fun
886143,32.0,4,rectangle,shape,square,tab,triangle,screen,label,book,oblong,box,window
886143,32.0,5,amaze,wow,excite,shock,awe,mesmerize,starstruck,amazing,fantastic,stupendous,fabulous
886143,32.0,6,chorus,choir,song,music,singing,nan,chord,harmony,tune,melody,pitch
886143,32.0,7,believe,know,see,magic,hope,want,need,will,thoughts,think,insist
886143,32.0,8,spider,legs,big,small,arachnid,poison,scary,hairy,eyes,bugs,garden
886143,32.0,9,shoulder,pain,arm,move,up,down,socket,bone,throw,catch,collar
886143,32.0,10,infection,bad,hurt,medication,tablet,antibiotic,heal,sore,itch,spots,puss
886143,32.0,11,wreck,car,boat,ship,life,scared,accident,police,insurance,casualty,medic
886143,32.0,12,riddle,question,quiz,clue,easy,hard,confused,thinking,work,mind,knowledge
886143,32.0,13,tomato,red,fruit,vegetable,sauce,tasty,fresh,healthy,salad,organic,grow
886143,32.0,14,repair,fix,mend,repurpose,tools,better,good,renew,glue,broken,smash
887153,33.0,0,blackboard,chalk,easel,writing,drawing,noise,eraser,dust,colours,school,learning
887153,33.0,1,squeal,noise,pitch,fear,crying,shouting,animal,pain,anger,baby,toddler
887153,33.0,2,bulletin,news,interest,polls,facts,writing,politics,humour,events,people,reading
887153,33.0,3,clamp,wood,metal,join,glue,joists,spring,hand,pressure,secure,fasten
887153,33.0,4,racket,tennis,badminton,noise,squash,ball,net,court,sport,training,run
887153,33.0,5,allergy,nuts,suffering,nan,pets,fruit,dairy,problem,hospital,medication,gluten
887153,33.0,6,neighbor,house,street,avenue,people,friendly,sharing,parcels,driveway,cars,bins
887153,33.0,7,builder,construction,wood,bricks,windows,doors,boots,helmet,truck,house,fix
887153,33.0,8,psychology,thinking,personality,bipolar,behaviour,addict,aggressive,brain,mind,actions,human
887153,33.0,9,achievement,success,win,fulfilment,personal,goal,applaud,people,emotion,jackpot,skill
887153,33.0,10,addition,plus,increment,gain,more,increase,boost,extend,doubling,multiplying,rise
887153,33.0,11,briefcase,work,leather,paper,files,important,lock,handle,workers,secure,luggage
887153,33.0,12,onion,layers,red,white,peel,vegetable,soup,soil,ground,spring,chop
887153,33.0,13,sway,wind,movement,wobble,persuade,influence,decision,important,control,person,thoughts
887153,33.0,14,appliance,heavy,electrical,useful,equipment,furnished,kitchen,tool,accessory,noisy,cooking
889286,24.0,0,repair,tools,phone,screw,fix,shop,tutorial,hardware,furniture,process,mend
889286,24.0,1,chorus,song,melody,verse,bridge,note,music,play,lyrics,choir,rhythm
889286,24.0,2,past,future,present,old,history,time,vintage,retro,clock,antiquity,tradition
889286,24.0,3,riddle,clue,tom,puzzle,challenge,rhyme,troll,bridge,solve,three,villain
889286,24.0,4,infection,virus,pandemic,epidemic,pus,wound,blood,fungus,bacteria,yeast,pathogen
889286,24.0,5,believe,religion,christianity,hope,view,bible,holy,trust,pope,sincerity,suppose
889286,24.0,6,shoulder,head,knees,toes,eyes,ears,mouth,nose,blade,cold,body
889286,24.0,7,tomato,potato,bolognese,pasta,italian,soup,paste,tin,puree,food,spaghetti
889286,24.0,8,amaze,amazon,delight,excite,happy,proud,enlighten,quiet,surprise,grin,wide
889286,24.0,9,wreck,ship,crash,damage,destroy,tear,ruin,mash,hit,attack,dominate
889286,24.0,10,cinema,film,movie,chino,absolute,theatre,projector,screen,popcorn,ticket,dark
889286,24.0,11,spider,scary,legs,fear,terrify,house,run,web,charlotte,pig,big
889286,24.0,12,rectangle,square,circle,box,cuboid,hexagon,squirrel,edge,point,four,side
889286,24.0,13,publication,news,media,book,author,magazine,journalist,paper,read,write,scribe
889286,24.0,14,wish,hope,belief,star,coin,well,genie,lamp,weave,gold,desire
890875,43.0,0,menthol,drug,illness,pain,medication,organic,oil,soreness,minty,cool,fresh
890875,43.0,1,transportation,car,bus,travel,distance,destination,cycle,carrier,haulage,lorry,plan
890875,43.0,2,still,water,motionless,unchanged,slide,camouflage,hiding,sleeping,same,freeze,pause
890875,43.0,3,pole,north,south,dance,vault,ice,long,cylindrical,wooden,bendy,position
890875,43.0,4,intake,school,undergraduate,breathe,see,view,admission,new,college,university,annual
890875,43.0,5,bless,god,prey,safeguard,church,religion,excuse,patronise,priest,child,safety
890875,43.0,6,permission,ask,question,allow,punish,slip,access,ban,steal,grant,gift
890875,43.0,7,loyal,together,share,help,disloyal,support,truth,friendship,alliance,allegiance,dog
890875,43.0,8,boss,office,work,aftershave,reporting,reprimand,support,development,order,clothing,superior
890875,43.0,9,anchor,boat,weight,chain,pull,ground,emblem,iron,drag,drop,ship
890875,43.0,10,piston,engine,blow,bang,suck,squeeze,change,movement,car,block,timing
890875,43.0,11,score,goal,kiss,final,scoreline,together,drugs,mark,knife,carve,bucket
890875,43.0,12,zone,end,parking,friend,rectangle,pedestrian,out,area,conservation,historic,try
890875,43.0,13,mold,putty,clay,form,cup,replicate,,teach,learn,experience,sculpt
890875,43.0,14,unit,item,single,energy,huge,strong,building,warehouse,shopping,ordering,water
892109,67.0,0,blind,mice,glasses,stick,dog,guide,fall,injury,bravery,confidence,admiration
892109,67.0,1,marble,sphere,worktop,greek,parthenon,antiquity,statue,idol,rome,temple,acropolis
892109,67.0,2,spend,money,buy,products,shop,debt,essentials,cash,clothes,house,bills
892109,67.0,3,recliner,couch,chair,seat,car,room,relax,sleep,furniture,comfort,happy
892109,67.0,4,process,engineer,make,outcome,manufacture,system,factory,office,procedure,protocol,rule
892109,67.0,5,repeat,again,same,burp,replicate,duplicate,television,channel,recur,many,redo
892109,67.0,6,pickles,jar,onions,olive,gherkin,vinegar,brine,sandwich,spread,sour,preserve
892109,67.0,7,cathedral,church,worship,bishop,clergy,building,spire,bells,stones,city,altar
892109,67.0,8,vow,promise,contract,guarantee,assurance,pledge,swear,oath,marriage,undertaking,commit
892109,67.0,9,camping,tent,site,pole,guy,peg,caravan,fire,starlight,cold,rain
892109,67.0,10,thought,idea,brain,memory,concept,notion,plan,suggestion,theory,method,purpose
892109,67.0,11,obey,rule,law,master,servant,follow,regulation,procedure,referrer,comply,observe
892109,67.0,12,procedure,rule,protocol,regulation,method,process,technique,strategy,routine,operation,mode
892109,67.0,13,messy,untidy,dirty,filthy,scruffy,mucky,unclean,squalid,unkempt,disorganised,upset
892109,67.0,14,triangle,three,sides,angle,instrument,percussion,music,strike,chime,warning,reflective
910784,28.0,0,recliner,seat,backwards,comfort,rest,laze,sit,old,lever,sofa,chair
910784,28.0,1,pickles,gherkin,burger,relish,jar,radish,vinegar,mayo,cucumber,green,sliced
910784,28.0,2,blind,eyes,nan,seeing,faith,deaf,dark,medical,shutout,disability,difficult
910784,28.0,3,obey,law,behave,good,follow,justice,rules,limited,marriage,vows,guidelines
910784,28.0,4,messy,tidy,room,house,children,car,complicated,toys,relationships,unkept,hair
910784,28.0,5,marble,run,roll,sphere,glass,toys,lost,collection,games,children,phrase
910784,28.0,6,cathedral,church,religion,big,peace,cold,large,old,city,historic,culture
910784,28.0,7,procedure,medical,efficient,clinical,surgery,assess,logical,doctor,order,treatment,health
910784,28.0,8,thought,brain,feelings,natural,opinion,academic,emotional,religion,philosophical,mindset,views
910784,28.0,9,process,manufacturing,order,industrial,way,logic,steps,rules,completion,factory,medical
910784,28.0,10,spend,money,cash,buying,materialism,essential,shopping,gifts,groceries,card,transaction
910784,28.0,11,repeat,replay,again,play,start,anew,fresh,try,restart,slate,reverse
910784,28.0,12,triangle,shape,circle,square,three,equal,odd,music,small,chocolate,rectangle
910784,28.0,13,vow,marriage,promise,speech,trust,loyalty,law,pledge,commitment,oath,swear
910784,28.0,14,camping,tent,grass,outside,fire,walks,floor,mat,marshmallows,cold,sleeping
911324,55.0,0,wet,umbrella,dry,puddle,rain,cold,shower,water,fish,weather,room
911324,55.0,1,skinny,latte,thin,fat,bones,weight,jeans,healthy,fit,model,mean
911324,55.0,2,toilet,bathroom,paper,door,clean,brush,duck,attendant,roll,rubbish,tiles
911324,55.0,3,trousers,pants,zipper,buttons,jeans,waist,leg,adjust,hanger,belt,braces
911324,55.0,4,rifle,shoot,gun,bullet,target,army,bang,sniper,trigger,search,rummage
911324,55.0,5,aunt,uncle,relative,nephew,sister,woman,mother,charley,birthday,cottage,comics
911324,55.0,6,best,george,winner,superb,leader,top,excellence,first,champion,finest,quality
911324,55.0,7,want,need,require,desire,crave,wish,,hunger,poverty,urge,demand
911324,55.0,8,stuff,cram,push,things,belongings,possessions,items,clutter,pile,junk,assets
911324,55.0,9,laugh,funny,comedy,smile,giggle,chortle,titter,snort,cry,sitcom,chuckle
911324,55.0,10,silly,daft,billy,stupid,fun,clown,childish,absurd,fielder,dopey,
911324,55.0,11,pet,dog,cat,fish,hamster,vet,budgie,stroke,caress,walk,loyal
911324,55.0,12,terrible,awful,dreadful,bad,diabolical,ivan,horrible,appalling,atrocious,wrong,dire
911324,55.0,13,potato,chips,crisps,mashed,roast,grow,peel,dirt,new,couch,sweet
911324,55.0,14,anxious,scared,worried,fearful,nervous,panic,medication,therapy,edgy,overwhelmed,tense
914989,29.0,0,worm,ground,soil,wiggly,dirty,insect,slime,wrinkles,bird,long,head
914989,29.0,1,private,secret,personal,practice,confidential,person,letter,email,conversation,scandal,dentist
914989,29.0,2,punch,ouch,hurt,kick,quick,pain,fighting,rum,party,spiked,crime
914989,29.0,3,roll,bread,hill,tumble,gymnastics,dough,spread,polly,spring,dip,hand
914989,29.0,4,active,inactive,exercise,green,busy,jumping,work,engaged,listening,thinking,run
914989,29.0,5,thumb,finger,nail,hand,typing,sucking,up,down,hitchhike,taxi,wrinkle
914989,29.0,6,winding,road,path,rope,thread,alley,blocked,awkward,obstructed,bend,curve
914989,29.0,7,kettle,tea,hot,water,metal,fill,pasta,kitchen,cooking,drink,scale
914989,29.0,8,outline,line,black,bullets,brief,summary,detail,talk,beginning,agenda,pen
914989,29.0,9,wide,narrow,width,measure,open,space,depth,gap,mouth,squat,stretch
914989,29.0,10,noose,hang,tight,dead,stuck,neck,over,rope,scarf,goose,no
914989,29.0,11,uncooked,raw,inedible,pan,onion,meat,temperature,waiting,fridge,time,wait
914989,29.0,12,talent,professional,skill,desire,music,work,practice,worthy,art,mentor,school
914989,29.0,13,nylons,pylons,material,clothes,synthetic,netting,fiber,questions,active,coat,production
914989,29.0,14,trailer,car,tractor,wheels,pull,movie,cinema,watch,short,walking,person
916298,43.0,0,infection,disease,sick,virus,ill,bug,unwell,hospital,doctor,medicine,isolate
916298,43.0,1,wish,dream,hope,future,positive,birthday,health,star,candle,cheer,gift
916298,43.0,2,spider,insect,bug,minibeast,black,web,legs,walls,catcher,halloween,fear
916298,43.0,3,cinema,film,movie,nan,screen,popcorn,pictures,screening,dark,trailers,tickets
916298,43.0,4,publication,news,newspaper,book,magazine,advert,author,leaflet,paper,words,information
916298,43.0,5,shoulder,bone,arm,hard,lamb,joint,pain,stretch,road,season,pads
916298,43.0,6,believe,faith,religion,think,trust,accept,song,god,priest,ghost,spiritual
916298,43.0,7,chorus,choir,group,church,sing,song,music,singers,musical,theatre,show
916298,43.0,8,tomato,red,green,sauce,ketchup,pasta,italy,summer,skin,salad,plant
916298,43.0,9,riddle,speak,rhyme,quiz,book,clue,treasure-hunt,phrase,solve,puzzle,meaning
916298,43.0,10,amaze,wonder,awe,brilliant,great,shock,surprise,astound,stun,awestruck,staggered
916298,43.0,11,past,tense,old,yesterday,history,missed,saw,end,gone,earlier,done
916298,43.0,12,rectangle,square,shape,window,door,quadrilateral,slab,box,tv,laptop,rug
916298,43.0,13,repair,fix,mend,reuse,sew,mechanic,handyman,restore,refurbish,rebuild,patch
916298,43.0,14,wreck,destruct,ship,damage,ball,break,destroy,demolish,ruin,,crash
920817,37.0,0,suede,boots,soft,pig,skin,bag,black,brush,band,leather,animal
920817,37.0,1,sex,gender,men,orgasm,enjoyable,lacking,bed,lingerie,fuck,porn,penis
920817,37.0,2,live,stream,online,now,game,wire,electrical,sport,person,liverpool,account
920817,37.0,3,organ,donor,card,transplant,grinder,pipe,church,lungs,heart,skin,player
920817,37.0,4,reflection,mirror,practice,thoughts,image,imagine,thinking,space,puddle,water,shiny
920817,37.0,5,wall,paper,paint,brick,fire,cement,flower,interior,exterior,garden,berlin
920817,37.0,6,vulnerable,people,adult,children,safeguard,protect,innocent,exploited,risk,care,cold
920817,37.0,7,response,immediate,immune,fight,flight,rapid,email,action,reply,emergency,necessary
920817,37.0,8,web,internet,spider,weave,lies,tangled,halloween,mitchell,browser,slinger,droplets
920817,37.0,9,chapel,rest,church,peaceful,queen,royal,white,priest,death,funeral,chaplain
920817,37.0,10,mushroom,toadstool,breakfast,butter,poisonous,magic,hunting,forest,texture,cup,stuffed
920817,37.0,11,peace,quiet,war,christmas,dove,olive,truce,calm,pudding,earth,goodwill
920817,37.0,12,truth,consequences,lies,whole,the,one,different,individual,court,honesty,white
920817,37.0,13,adult,grown,child,responsible,rubbish,working,alcohol,age,old,con,big
920817,37.0,14,smog,london,smoke,fog,pollution,china,traffic,exhaust,dirty,blind,city
921082,34.0,0,aunt,mother,uncle,father,relation,woman,female,older,parent,extended,family
921082,34.0,1,rifle,gun,war,death,killing,end,long,bullet,this,fighting,damage
921082,34.0,2,skinny,thin,woman,me,scrawny,little,diet,malnutrition,health,unhealthy,unwell
921082,34.0,3,pet,dog,cat,fur,friend,happy,gerbil,hamster,parrot,bed,garden
921082,34.0,4,wet,damp,rain,lake,water,bed,feet,raindrop,melting,moisture,moist
921082,34.0,5,toilet,seat,brush,scrub,bleach,excrement,bathroom,washroom,cleaner,urine,tissue
921082,34.0,6,stuff,stuffing,trash,things,turkey,roast,teddy,pillow,duvet,bits,bobs
921082,34.0,7,want,need,desire,lust,cant,have,longing,needs,must,pleasure,wanton
921082,34.0,8,terrible,bad,awful,dreadful,ivan,godawful,worst,atrocious,terrifying,violent,trouble
921082,34.0,9,trousers,red,wrong,jeans,pants,legs,cuffs,shoes,shorts,ankles,socks
921082,34.0,10,potato,stuffed,baked,fried,chips,crisps,pave,puree,dauphinoise,hash,salad
921082,34.0,11,anxious,wreck,anxiety,mental,head,difficult,pain,meaning,hope,better,need
921082,34.0,12,silly,bugger,sausage,funny,daft,business,games,fun,laugh,cheerful,happy
921082,34.0,13,best,worst,top,ahead,winning,great,brilliant,superlative,amazing,grand,winner
921082,34.0,14,laugh,happy,joy,relief,nervous,enjoyment,live,love,comedy,jokes,funny
92448,71.0,0,regret,sad,age,error,relationship,experience,world,youth,opportunities,sin,apology
92448,71.0,1,sling,arm,injury,healthcare,shot,weapon,david,golliath,throw,fasten,rope
92448,71.0,2,shove,push,game,nasty,posture,shovel,movement,person,packages,items,manoeuvre
92448,71.0,3,vote,female,pankhurst,suffragette,history,parliament,government,choice,european,democracy,committee
92448,71.0,4,slay,snow,fun,play,cold,winter,kill,achieve,act,violence,murder
92448,71.0,5,caffeine,drink,stimulant,aroma,hot,flavoured,wet,social,morning,nan,bean
92448,71.0,6,legend,famous,historic,story,vocal,visual,heroic,moral,media,youth,brave
92448,71.0,7,lightheaded,faint,unwell,dizzy,feminine,dated,uneducated,whimsical,stroke,air,buzzing
92448,71.0,8,why,question,computer,baffled,story,spoken,enquire,inquisitive,questioning,interested,delving
92448,71.0,9,say,speech,spoken,voice,opinion,written,judgement,conversation,gossip,teaching,debating
92448,71.0,10,mechanical,machine,tools,clockwork,metal,moving,male,oily,dirty,loud,load
92448,71.0,11,scrap,iron,paper,material,decease,useless,recycle,environment,book,intention,waste
92448,71.0,12,zest,lemon,citrus,orange,life,energy,zing,grater,pep,peel,feeling
92448,71.0,13,mammal,human,creatures,birth,nature,brain,spine,intellect,instinct,world,diverse
92448,71.0,14,record,music,lp,single,sound,recording,beat,ambition,goal,sport,competition
92698,31.0,0,repeat,food,west,potato,fish,happy,sad,love,family,peanuts,salt
92698,31.0,1,recliner,chair,sofa,beach,house,room,cosy,warm,comfy,soft,sleep
92698,31.0,2,blind,man,woman,dog,eyes,vision,colour,lashes,glasses,sticks,wood
92698,31.0,3,cathedral,religion,mary,jesus,joseph,god,gold,water,songs,love,death
92698,31.0,4,process,payment,information,brain,pending,exchange,money,cash,knowledge,iq,order
92698,31.0,5,obey,listen,obedient,ears,loyal,good,strict,kind,law,charge,soldier
92698,31.0,6,spend,money,cash,card,rich,poor,time,family,paper,trees,pounds
92698,31.0,7,procedure,operation,rules,order,doctor,nurses,manager,list,tasks,aims,listen
92698,31.0,8,marble,beach,stone,pretty,sea,shells,decor,colour,bright,collect,play
92698,31.0,9,messy,lazy,untidy,stuffy,dirty,rubbish,bins,smelly,stinky,sticky,unclean
92698,31.0,10,pickles,juice,,gherkins,green,jar,sliced,burgers,cheese,crackers,nice
92698,31.0,11,vow,rule,love,wedding,ceremony,heart,commitment,true,law,order,life
92698,31.0,12,thought,thinking,emotions,knowledge,happy,sad,thoughtful,information,concentrate,listen,focus
92698,31.0,13,camping,tent,fire,wood,night,lakes,fireflies,lamp,chair,sleeping,bag
92698,31.0,14,triangle,shape,three,equal,toblerone,chocolate,sign,pyramid,egypt,mayan,tree
929180,26.0,0,sex,love,penis,vagina,warm,hot,bed,wife,orgasm,top,leg
929180,26.0,1,wall,painting,paper,paint,hang,brick,concrete,tall,door,ceiling,block
929180,26.0,2,reflection,mirror,water,pool,see,eye,vision,visible,naked,true,view
929180,26.0,3,organ,heart,lung,blood,function,skin,eye,operation,type,work,liver
929180,26.0,4,vulnerable,old,honest,weak,child,woman,dog,open,harm,victim,soft
929180,26.0,5,suede,leather,cow,brush,soft,jacket,bag,shoes,blue,worn,purse
929180,26.0,6,truth,lie,honesty,time,speak,word,court,judge,friend,love,deception
929180,26.0,7,peace,world,joy,love,calm,serene,gentle,quiet,hope,unity,ideal
929180,26.0,8,chapel,church,god,christian,place,pew,bench,art,painting,rome,alone
929180,26.0,9,web,internet,surf,website,spider,entangle,visit,weave,white,world,connect
929180,26.0,10,response,emergency,reply,message,call,heart,palpitation,back,quick,action,speak
929180,26.0,11,mushroom,fungus,cloud,red,brown,dirt,grass,wet,damp,grow,dark
929180,26.0,12,smog,city,air,smoke,pollution,grey,white,dark,claustrophobic,grim,factory
929180,26.0,13,adult,film,job,work,children,responsibility,task,money,bills,tax,old
929180,26.0,14,live,music,venue,microphone,wire,life,enjoy,goal,condition,die,long
930998,32.0,0,ribs,cage,bone,meat,sauce,plate,food,medical,hospital,broken,x-ray
930998,32.0,1,scapegoat,goat,sheep,escape,blame,fault,criminal,detective,baaah,wooly,fur
930998,32.0,2,sales,call,pitch,deck,team,target,phone,tie,blazer,man,woman
930998,32.0,3,canvass,art,paint,brush,stroke,mona,artsy,expensive,drawing,colours,ink
930998,32.0,4,zoo,pets,animals,cages,rhino,elephant,exotic,london,fence,monkey,peanuts
930998,32.0,5,oak,tree,seed,acorn,woods,brown,table,furniture,wood,bushy,leaves
930998,32.0,6,mosquito,buzz,sick,africa,disease,beak,pointy,blood,buzzing,fly,wings
930998,32.0,7,means,ways,expensive,cost,budget,average,finance,payslip,tested,costly,much
930998,32.0,8,modest,few,cheap,budget,affordable,inexpensive,honest,truth,shy,embarrassed,lowly
930998,32.0,9,rodeo,horse,bull,lasso,cowboy,ring,fence,crash,clown,croud,loud
930998,32.0,10,acknowledge,hi,hello,wave,verbal,friends,communicate,talk,friendly,walk,by
930998,32.0,11,bark,woof,dog,bite,loud,talk,shout,angry,vicious,fierce,tree
930998,32.0,12,stand,sit,applaud,hello,room,chair,person,man,woman,tv,hat
930998,32.0,13,switch,off,on,belt,dark,light,room,wall,flick,white,too
930998,32.0,14,chapter,book,bible,room,of,story,long,pages,words,turn,two
932490,30.0,0,anxious,sad,anxiety,upset,stress,disturbed,uncertain,despair,unsettled,clammy,unsure
932490,30.0,1,trousers,clothes,legs,denim,jeans,outfit,fashion,pockets,zips,material,bottoms
932490,30.0,2,laugh,smile,friend,giggle,fun,cheery,teeth,children,cheeks,joke,upbeat
932490,30.0,3,want,need,gift,item,passion,compulsion,compelled,commercial,drawn,control,take
932490,30.0,4,best,star,award,achievement,acknowledgement,greatest,medal,fulfilled,amazing,gold,winner
932490,30.0,5,potato,vegetable,vegan,protein,ground,earth,skin,sweet,cooking,baked,yummy
932490,30.0,6,rifle,america,gun,shoot,danger,weapon,unnecessary,metal,movie,bullets,cold
932490,30.0,7,wet,rain,england,water,shower,droplet,umbrella,condensation,wellies,weather,storm
932490,30.0,8,terrible,bad,sad,unfortunate,news,melancholy,distressing,event,tragedy,earthquake,disappointing
932490,30.0,9,aunt,family,relative,death,cancer,memories,kindness,relation,laughter,likeable,people
932490,30.0,10,toilet,bathroom,necessary,peace,privacy,home,need,sit,toilet-roll,contemplate,think
932490,30.0,11,pet,love,savior,blessing,friend,gratitude,appreciation,cat,bird,memories,bittersweet
932490,30.0,12,skinny,calories,thin,eugenia,models,dipping,unhealthy,standard,adjective,skeleton,salad
932490,30.0,13,stuff,baggage,memories,moment,items,travelling,books,furniture,hoarding,things,belongings
932490,30.0,14,silly,sirius,clowns,memories,fun,childish,mad,unique,billy,insult,mother
936320,23.0,0,loyal,friend,close,royal,dog,man,ruin,break,helpful,long,forever
936320,23.0,1,still,here,sedentary,frozen,air,hover,wait,breath,cold,dead,empty
936320,23.0,2,transportation,car,bus,tube,tram,move,jump,rails,leaves,delay,money
936320,23.0,3,score,football,card,tally,count,clicker,scratch,goal,kick,net,shot
936320,23.0,4,permission,give,take,refuse,written,verbal,fake,request,ask,plead,want
936320,23.0,5,menthol,cigarette,gum,filters,paper,smoking,mint,spicy,cold,clean,fresh
936320,23.0,6,boss,incharge,mean,bitchy,man,head,ceo,alone,top,money,fraud
936320,23.0,7,unit,one,together,count,stock,sell,strong,bulky,weights,measure,individual
936320,23.0,8,anchor,ship,sea,bottom,heavy,metal,iron,curve,point,chain,drag
936320,23.0,9,bless,you,sneeze,biblical,water,baptise,wafer,communion,god,church,goodnight
936320,23.0,10,pole,dance,north,south,barber,striped,mayday,ribbons,holding,support,scaffolding
936320,23.0,11,mold,shape,cast,silicone,black,dirty,cleaning,bathroom,landlord,breathing,covered
936320,23.0,12,intake,bring,catchment,school,area,trouble,consume,need,select,people,kids
936320,23.0,13,piston,push,hydraulic,gas,lift,lower,train,steam,area,movement,over
936320,23.0,14,zone,tube,transport,area,location,cost,danger,access,important,hazard,empty
936779,22.0,0,skinny,fit,slim,healthy,body,pretty,fat,diet,model,beauty,flat
936779,22.0,1,laugh,funny,humour,attractive,smile,conversation,friend,happy,joyous,comedy,fun
936779,22.0,2,wet,sex,water,damp,moist,washed,sexy,droplets,rain,bath,shower
936779,22.0,3,best,greatest,funniest,award,trophy,premier,ultimate,winner,prime,highest,work
936779,22.0,4,silly,goose,funny,happy,carefree,unserious,childish,fun,stupid,pointless,ridiculous
936779,22.0,5,want,need,desire,greedy,options,fancy,jealousy,attracted,envy,crave,procure
936779,22.0,6,pet,stroke,feel,hug,puppy,cat,bird,domesticated,companion,baby,responsible
936779,22.0,7,trousers,pants,leggings,jeans,yoga,work,striped,denim,material,belt,button
936779,22.0,8,terrible,bad,awful,shit,unfortunate,devastating,tragic,sad,deteriorated,broken,quality
936779,22.0,9,toilet,pee,poo,scroll,business,paper,public,stool,defecate,ceramic,flush
936779,22.0,10,aunt,family,sister,parent,niece,nephew,kind,blood,relation,mother,child
936779,22.0,11,rifle,gun,shoot,america,western,bullet,papers,book,mess,trigger,kill
936779,22.0,12,anxious,nervous,worried,heartbeat,nerves,presentation,interview,wedding,medication,predator,biological
936779,22.0,13,potato,stem,stalk,ground,versatile,chip,fry,boil,bake,chop,bland
936779,22.0,14,stuff,things,unnecessary,hoarding,options,variety,useless,packed,objects,decorations,fill
938092,43.0,0,sometimes,maybe,often,moreover,yes,likely,nan,mostly,majority,mainly,agree
938092,43.0,1,oath,swear,abide,honest,prayer,church,bible,god,wedding,pastor,hymn
938092,43.0,2,checking,account,mail,device,correct,mistake,observe,look,,right,ascertain
938092,43.0,3,perish,die,burn,lose,lost,fire,death,gone,sad,deceased,mourn
938092,43.0,4,atmosphere,air,vibe,aura,energy,light,dusty,heavy,musty,fresh,nice
938092,43.0,5,soak,wet,bath,water,rain,wash,dishes,clothes,body,dip,relax
938092,43.0,6,under,wear,arm,neath,pressure,bed,garment,stress,nourished,stand,duress
938092,43.0,7,boiled,egg,chicken,water,broth,temper,turbulent,bubbling,sterilise,kettle,rage
938092,43.0,8,twice,two,occasions,times,double,degree,quantity,age,married,man,over
938092,43.0,9,meter,money,electric,coin,parking,tv,metered,quantity,degree,rate,record
938092,43.0,10,inflation,high,low,money,increase,decrease,time,price,cost,item,country
938092,43.0,11,mussel,clam,sea,food,soft,molluscs,shell,brown,purple,black,jelly
938092,43.0,12,pale,light,white,ghost,lack,dull,weak,less,ill,sick,deathly
938092,43.0,13,safari,trip,park,animal,africa,travel,desert,mud,trees,lion,monkey
938092,43.0,14,toil,work,hard,labour,struggle,sweat,field,physical,exhausting,tiring,slowly
93934,19.0,0,achievement,trophy,win,certificate,degree,proud,award,prize,talented,competition,attainment
93934,19.0,1,appliance,dishwasher,fridge,kitchen,electrical,microwave,gadget,technology,toaster,stove,oven
93934,19.0,2,builder,bricks,house,bricklayer,scaffolding,hi-vis,boots,building,home,creator,construction
93934,19.0,3,clamp,car,latch,fasten,secured,woodwork,carpentry,metal,assembling,creating,science
93934,19.0,4,neighbor,friend,house,neighbourhood,estate,parcel,post,letters,assistance,ginnel,acquaintance
93934,19.0,5,addition,maths,subtraction,multiplication,division,school,extra,more,another,sum,combine
93934,19.0,6,blackboard,chalk,school,teacher,lessons,learning,education,whiteboard,rubber,eraser,drawing
93934,19.0,7,sway,wind,rock,nan,wobble,move,persuade,convince,influence,swing,
93934,19.0,8,briefcase,suitcase,holiday,luggage,baggage,work,corporate,man,leather,belongings,laptop
93934,19.0,9,allergy,pollen,coeliac,gluten,nuts,epipen,antihistamine,relief,suffer,nan,reaction
93934,19.0,10,squeal,squeak,shout,cry,child,toddler,baby,loudness,mouse,yelp,scream
93934,19.0,11,racket,tennis,ball,ace,deuce,bat,sports,swing,loudness,noise,bedlam
93934,19.0,12,bulletin,notes,board,noticeboard,sheet,work,office,timetable,weekly,news,calendar
93934,19.0,13,psychology,brain,studies,science,psychiatry,illness,thoughts,feelings,therapy,interactions,people
93934,19.0,14,onion,cooking,frying,fajitas,bolognese,crying,potent,smelly,pepper,vegetables,ingredients
940562,35.0,0,pouch,bay,sack,opening,hole,kangaroo,bag,holdall,carrier,money,small
940562,35.0,1,choir,church,school,gospel,singing,harmonies,talented,group,trained,hymns,organ
940562,35.0,2,subtract,minus,negative,remove,undo,maths,away,addition,equals,multiplication,sum
940562,35.0,3,loaf,bread,wholemeal,sourdough,white,seeded,sliced,whole,bakery,goods,dough
940562,35.0,4,be,was,so,see,exist,what,we,when,he,she,they
940562,35.0,5,squirrel,nuts,tail,grey,red,rodent,tree,nest,bird,nature,fast
940562,35.0,6,little,small,petite,tiny,minute,thin,mouse,bird,bee,stumpy,short
940562,35.0,7,serpent,snake,slimy,green,reptile,sneaky,liar,poison,cold,fast,dangerous
940562,35.0,8,left,right,directions,turn,politics,wing,footed,handed,behind,around,stranded
940562,35.0,9,turkey,christmas,crown,breast,cranberry,stuffing,dinner,roast,tray,basted,farm
940562,35.0,10,lamb,mint,chops,dinner,mutton,roast,sheep,joint,innocent,saint,tough
940562,35.0,11,shrimp,sea,small,tiny,fish,fresh,prawn,scampi,fry,crustacean,crawfish
940562,35.0,12,vodka,alcohol,clear,strong,smirnoff,russian,spirit,lemonade,coke,pub,drink
940562,35.0,13,circus,clowns,acrobats,trapeze,animals,marquee,show,arena,contortion,elephant,fair
940562,35.0,14,snot,bogey,cold,green,mucus,discharge,brat,nose,nasal,unwell,sick
945482,26.0,0,why,how,when,where,questioning,doubt,misunderstanding,bewilderment,fear,curiosity,unfamiliar
945482,26.0,1,mammal,animal,species,pet,wildlife,stewards,predator,humanity,apex,food,primal
945482,26.0,2,zest,tangy,bitter,awake,jolt,fruity,energised,ecstatic,hot,sharp,interesting
945482,26.0,3,regret,guilt,sadness,despair,down,bottom,realisation,change,unbecoming,scared,unsure
945482,26.0,4,scrap,fight,junkyard,metal,paper,leftovers,food,litter,unsanitary,messy,dangerous
945482,26.0,5,lightheaded,dizzy,sick,breathlessness,blackout,acrophobia,tired,overwhelmed,panicky,headache,oxygen
945482,26.0,6,vote,booth,election,media,news,parliament,rigged,biased,senate,party,opposition
945482,26.0,7,shove,push,shovel,heavy,light,grab,lift,drop,placement,strength,tiring
945482,26.0,8,caffeine,perked,awake,alert,proceed,ready,morning,tired,familiar,restlessness,jittery
945482,26.0,9,sling,hook,string,rope,throw,leave,fight,pain,argument,anchor,fishing
945482,26.0,10,record,vinyl,cassette,world,olympics,gold,humanity,climate,achievement,unprecedented,amazement
945482,26.0,11,say,do,speak,ask,talk,conversation,speech,openness,confidence,words,freedom
945482,26.0,12,slay,brutal,unnecessary,blood,death,red,darkness,war,horror,savage,pain
945482,26.0,13,mechanical,gears,metal,war,machine,computer,analogue,digital,industrial,advancement,civilisation
945482,26.0,14,legend,king,good,bad,story,real,fake,hero,villain,queen,freedom
946102,27.0,0,publication,news,book,editor,journalist,scandal,writing,facts,fiction,headline,global
946102,27.0,1,shoulder,arm,neck,dislocation,massage,injury,knot,pain,joint,skin,throw
946102,27.0,2,riddle,clue,hard,mystery,sneaky,game,hidden,complex,puzzle,adventure,brainteaser
946102,27.0,3,past,history,memories,happened,mistakes,events,tense,before,old,times,decades
946102,27.0,4,spider,insect,legs,web,scuttle,bite,man,arachnid,crawl,creepy,black
946102,27.0,5,infection,sick,disease,ill,hospital,medicine,treatment,help,weak,contagious,doctor
946102,27.0,6,amaze,awe,wonder,magic,surprise,wow,exciting,crazy,show,beautiful,art
946102,27.0,7,wish,dream,hope,genie,fairytale,want,like,magic,request,story,help
946102,27.0,8,chorus,sing,song,lyric,music,choreography,repeat,catchy,artist,rap,melody
946102,27.0,9,cinema,movie,film,popcorn,screen,chair,exciting,dark,watch,sweets,loud
946102,27.0,10,repair,fix,mend,cars,broken,shop,injury,help,money,cost,possible
946102,27.0,11,tomato,salad,red,vine,sandwich,soup,sauce,healthy,fruit,food,cherry
946102,27.0,12,rectangle,square,shape,four,box,long,remote,maths,book,pattern,draw
946102,27.0,13,believe,faith,truth,hope,want,emotion,conviction,false,personal,magic,good
946102,27.0,14,wreck,broken,crash,smash,car,damage,anger,break,loud,unfixable,totalled
948705,60.0,0,peaceful,calm,soothing,reading,breathe,flow,forest,walk,sleep,dog,massage
948705,60.0,1,beverage,drink,coffee,tea,morning,shop,nespresso,late,chocolate,treat,winter
948705,60.0,2,not,no,yes,do,cant,inst,right,in,going,happy,grateful
948705,60.0,3,year,birthday,quick,aging,fly,now,seasons,travel,days,months,kind
948705,60.0,4,attire,clothes,smart,casual,suit,uniform,outfit,suitable,comfortable,uncomfortable,gregarious
948705,60.0,5,bird,fly,sky,flap,big,small,window,trees,cat,nuts,seeds
948705,60.0,6,snake,run,long,smiley,brown,bite,venom,hiding,fast,grass,sting
948705,60.0,7,nasty,smell,cruel,person,taste,tv,war,government,nazi,pedophile,jealousy
948705,60.0,8,right,wrong,happy,equal,sound,left,sock,shoe,handed,arm,leg
948705,60.0,9,sunrise,happy,colour,yellow,peace,beginning,arise,beautiful,energised,new,amazing
948705,60.0,10,oatmeal,food,healthy,porridge,sustaining,sustenance,cook,eat,flapjack,lasting,slow
948705,60.0,11,joke,funny,happy,laugh,share,smile,together,teach,spread,tell,new
948705,60.0,12,back,front,itch,bad,pain,ease,careful,twist,future,fall,ward
948705,60.0,13,opening,large,small,door,window,clear,space,gate,house,job,make
948705,60.0,14,loose,clothes,fit,wheel,mouth,knot,tooth,sheep,handle,door,belt
948753,34.0,0,reflection,mirror,contemplation,light,idea,impression,meditation,opinion,view,rumination,observation
948753,34.0,1,response,answer,reply,rejoinder,rebuttal,retort,comeback,riposte,countercharge,return,feedback
948753,34.0,2,chapel,church,sanctuary,shrine,oratory,tabernacle,abbey,mission,temple,nan,chantry
948753,34.0,3,wall,barricade,barrier,fence,block,hurdle,rampart,impediment,bar,curb,hedge
948753,34.0,4,truth,truthfulness,honest,authenticity,integrity,sincerity,accuracy,reliability,verity,faith,realism
948753,34.0,5,peace,calm,peaceful,tranquility,repose,serenity,tranquil,quietude,amity,concord,harmony
948753,34.0,6,mushroom,shiitake,morel,psilocybe,agaricus,chanterelle,oyster,spore,fungus,toadstool,portobello
948753,34.0,7,smog,smoke,fog,fumes,weather,portmanteau,haze,cloud,mist,reek,gauze
948753,34.0,8,suede,calfskin,nubuck,sheepskin,deerskin,lambskin,loafers,corduroy,goatskin,snakeskin,seal
948753,34.0,9,sex,kink,sensual,intercourse,coitus,mating,foreplay,role-play,boner,clitoris,erotic
948753,34.0,10,adult,mature,big,full-grown,grownup,senior,seasoned,experienced,immature,father,mother
948753,34.0,11,organ,instrument,instrumentality,means,agent,vehicle,machinery,mechanism,factor,annual,sheet
948753,34.0,12,vulnerable,susceptible,helpless,unprotected,exposed,defenseless,undefended,unguarded,unsafe,unscreened,likely
948753,34.0,13,live,admire,cherish,passion,infatuation,adore,lover,amour,beau,girlfriend,wife
948753,34.0,14,web,browser,css,nan,application,backed,cookies,hosting,keyword,url,blog
953522,36.0,0,racket,badminton,tennis,ball,net,strings,handle,umpire,ballboy,noise,loud
953522,36.0,1,allergy,nan,summer,trees,rash,irritation,antihistamines,red,itchy,dangerous,shock
953522,36.0,2,appliance,kitchen,bathroom,cooker,washing,fridge,freezer,dishwasher,white,microwave,heat
953522,36.0,3,clamp,tyre,road,fine,wrong,vehicle,chain,hard,down,tense,lamp
953522,36.0,4,achievement,winner,prize,well,happy,work,proud,hard,gratitude,inspiring,done
953522,36.0,5,psychology,brain,emotions,feelings,study,therapy,academia,intensive,understand,think,be
953522,36.0,6,addition,add,plus,minus,subtraction,tip,more,additional,sign,maths,mathematics
953522,36.0,7,sway,wavy,drunk,move,high,crowd,dance,happy,loose,breeze,rhythm
953522,36.0,8,onion,cry,brown,red,vegetable,chop,knife,peel,layers,root,ground
953522,36.0,9,squeal,scream,shout,wail,delight,annoying,animal,fox,quiet,loud,intense
953522,36.0,10,neighbor,community,flat,estate,home,friendly,help,post,kind,living,care
953522,36.0,11,briefcase,office,businessperson,business,papers,important,leather,satchel,clasp,lock,key
953522,36.0,12,builder,construction,trade,building,scaffolding,tea,hardhat,hi-vis,safety,dangerous,concrete
953522,36.0,13,blackboard,teacher,nails,chalk,cringe,old,teaching,children,maths,english,rubber
953522,36.0,14,bulletin,news,breaking,board,cork,pins,papers,topical,day,points,updates
964591,33.0,0,soil,grass,mud,compost,garden,dirt,poo,organic,nutrients,plants,nature
964591,33.0,1,sober,clear,serious,abstinent,t-total,drink,straight,clean,addict,cold-turkey,stopped
964591,33.0,2,savior,deliver,jesus,religion,cult,champion,guardian,hero,liberate,christian,risen
964591,33.0,3,attach,fasten,join,tighten,add,link,bind,stick,clip,secure,email
964591,33.0,4,shears,scissors,tool,sheep,cutting,trim,pune,garden,blades,metal,handles
964591,33.0,5,trombone,instrument,brass,trumped,band,classic,music,old,big,metal,gold
964591,33.0,6,technician,repair,expert,specialist,computer,installer,support,operator,remote,call,fix
964591,33.0,7,survive,zombie,apocalypse,movie,overcome,live,conquer,adapt,avoid,resilient,persist
964591,33.0,8,time,space,linear,days,months,year,clock,second,past,future,present
964591,33.0,9,meteor,space,astronomy,star,orbit,cosmos,danger,crater,extinct,asteroid,object
964591,33.0,10,balcony,window,terrace,veranda,deck,platform,overhang,view,outdoor,holiday,hotel
964591,33.0,11,tease,taunt,provoke,annoy,test,flirt,jest,mock,laugh,prod,poke
964591,33.0,12,stick,glue,wood,adhesive,attach,poke,toothpick,jab,sword,attack,play
964591,33.0,13,journal,diary,write,,pen,pencil,record,university,paper,professor,assignment
964591,33.0,14,tribute,song,band,tenacious,best,honour,recognise,memorial,praise,commend,acknowledge
965480,25.0,0,amaze,surprise,amazing,wow,incredible,unexpected,awe,great,shock,maze,fantastic
965480,25.0,1,believe,disbelieve,religion,god,church,false,faith,uncertain,unknown,hope,factual
965480,25.0,2,past,present,future,before,history,time,passed,gone,over,memory,shaped
965480,25.0,3,chorus,choir,song,music,singing,sing,main,central,singer,multiple,lesson
965480,25.0,4,wish,star,believe,hope,birthday,christmas,pray,desire,prayer,wishful,future
965480,25.0,5,spider,scary,hero,superhero,spiderman,eight,legs,crawl,fast,phobia,arachnid
965480,25.0,6,rectangle,shape,school,basics,rectangular,square,stretch,shaping,block,learning,education
965480,25.0,7,tomato,sauce,fruit,vegetable,growing,orange,ripe,plant,greenhouse,farming,food
965480,25.0,8,wreck,train,plane,car,wreckfest,wreckful,wrecked,wrecking,crash,horrific,bad
965480,25.0,9,riddle,batman,riddler,puzzle,clue,difficult,hard,confusing,clever,smart,amusing
965480,25.0,10,repair,fix,broken,maintenance,damaged,expensive,necessary,undo,help,qualified,handyman
965480,25.0,11,publication,news,newspaper,magazine,journalism,journalist,article,published,book,read,reading
965480,25.0,12,shoulder,cry,head,arms,body,shrug,broad,pain,neck,human,back
965480,25.0,13,cinema,movie,film,art,cinematic,cinematographer,director,actor,theatre,tickets,screen
965480,25.0,14,infection,disease,coronavirus,zombie,outbreak,bad,cure,vaccine,infectious,spread,mask
970361,54.0,0,peaceful,calm,quiet,tranquil,still,open,empty,content,uncluttered,alone,relaxed
970361,54.0,1,attire,coat,jacket,jumper,jeans,shirt,scarf,gloves,hoodie,leggings,wrap
970361,54.0,2,snake,adam,eve,slither,silent,disloyal,fear,enemy,untrustworthy,skin,hiss
970361,54.0,3,nasty,mean,horrible,cruel,vicious,loser,sad,angry,insecure,lonely,failure
970361,54.0,4,sunrise,beginning,light,warm,new,hope,peace,happy,energy,alive,relief
970361,54.0,5,opening,door,arch,possibility,view,adventure,new,excitement,portal,light,happy
970361,54.0,6,not,no,boring,sad,unadventurous,unambitious,failure,negative,small,cautious,mean
970361,54.0,7,oatmeal,porridge,healthy,protein,breakfast,flapjack,flour,apple,raspberry,granola,diet
970361,54.0,8,bird,parrot,sparrow,robin,wings,beak,feathers,nest,eggs,garden,seeds
970361,54.0,9,right,wrong,directions,virtue,hand,correct,red,status,justice,human,legal
970361,54.0,10,loose,swaying,morals,fun,change,unstructured,floppy,untethered,free,untie,flutter
970361,54.0,11,back,front,door,room,behind,secret,watch,hide,quiet,ache,entrance
970361,54.0,12,year,annual,book,old,young,history,event,age,memory,milestone,diary
970361,54.0,13,joke,laugh,funny,humour,smile,unserious,joy,life,irony,sarcasm,friends
970361,54.0,14,beverage,wine,beer,cocktails,sherry,coke,tea,water,lemonade,juice,thirsty
973224,46.0,0,braces,teeth,dental,crooked,trousers,holding,wires,painful,bent,straighten,helpful
973224,46.0,1,brake,stop,service,slow,tap,slam,cease,release,slowly,skid,traction
973224,46.0,2,buck,deer,stag,money,coin,note,hunting,antlers,big,earn,spend
973224,46.0,3,salesman,con,chatter,pitch,fake,friendly,bonus,smarmy,confident,trickster,suit
973224,46.0,4,pad,write,pen,paper,tablet,games,notes,scribble,sanitary,period,blood
973224,46.0,5,oar,boat,lake,river,tranquil,summer,peaceful,picnic,trip,outing,pond
973224,46.0,6,sap,tree,maple,sticky,resin,wood,pruning,gardening,lumberjack,woods,forest
973224,46.0,7,occupation,job,pay,employment,work,working,travel,breaks,meetings,drudgery,weekdays
973224,46.0,8,relativity,einstein,theory,space,hair,moustache,lab,squared,light,speed,science
973224,46.0,9,claims,insurance,assumes,payment,crash,accident,premiums,evidence,court,judgement,settlement
973224,46.0,10,stocking,christmas,woman,suspenders,gifts,hanging,kids,happy,morning,winter,tree
973224,46.0,11,beginner,learner,novice,new,young,starter,apprentice,journey,travel,slowly,career
973224,46.0,12,retreat,leave,go,back,down,stop,return,off,lose,surrender,yield
973224,46.0,13,pardon,excuse,what,absolve,stop,deaf,hearing,court,judge,lawyer,barrister
973224,46.0,14,radiator,heat,grill,warmth,home,house,white,wall,boiler,bleed,leak
97365,20.0,0,attach,cling,stick,connect,issues,clingy,suffocated,close,sticky,latch,hold
97365,20.0,1,tribute,pay,honour,sacrifice,tradition,decorate,memory,commemorate,power,deity,god
97365,20.0,2,sober,drunk,alcohol,drugs,clean,religious,reform,cleanliness,juice,virgin,sad
97365,20.0,3,journal,write,thoughts,personal,think,,doodle,scribble,draw,mind,me
97365,20.0,4,shears,tears,rears,shares,cut,scissor,half,nan,size,big,small
97365,20.0,5,technician,maths,engineer,it,light,electricity,fix,maintenance,smart,tech,gadget
97365,20.0,6,trombone,trumpet,music,band,brass,flute,wind,pipes,saxophone,bass,low
97365,20.0,7,savior,lord,christ,hero,jesus,save,sacrifice,praise,almighty,religion,god
97365,20.0,8,time,clock,tick,hour,minute,second,hand,tock,fast,slow,flies
97365,20.0,9,tease,play,trick,naughty,annoying,games,pick,pull,poke,aggravate,angry
97365,20.0,10,stick,stuck,glue,sticky,icky,compress,combine,press,ick,mick,lick
97365,20.0,11,soil,mud,plant,poo,leave,grass,seed,brown,squishy,earth,nature
97365,20.0,12,survive,live,survivor,brave,hard,strong,danger,power,difficult,persevere,hunger
97365,20.0,13,balcony,ledge,top,house,hotel,apartment,fall,mansion,villa,condo,bungalow
97365,20.0,14,meteor,shower,asteroid,space,galaxy,stars,planet,nan,collision,rock,earth
975409,44.0,0,live,dangerous,alive,dead,neutral,earth,shock,electricity,die,breathe,happy
975409,44.0,1,organ,piano,music,heart,lungs,failure,liver,kidneys,skin,brain,death
975409,44.0,2,vulnerable,old,health,scared,weak,frail,elderly,widow,death,mental,unhealthy
975409,44.0,3,suede,leather,soft,jacket,sofa,velvet,silk,plush,comfortable,song,music
975409,44.0,4,truth,lie,detector,tell,story,rare,social,trump,my,real,now
975409,44.0,5,chapel,down,cheese,wine,church,death,funeral,prayer,pray,go,bible
975409,44.0,6,smog,smoke,cough,lungs,fog,london,angele,pollution,century,old,cars
975409,44.0,7,peace,love,fighting,war,lennon,give,chance,declaration,ceasefire,death,sleep
975409,44.0,8,sex,sexy,babies,have,lady,panties,girl,love,bed,try,hard
975409,44.0,9,web,website,developer,internet,online,laptop,computer,surf,sites,spider,silk
975409,44.0,10,mushroom,eat,tip,stalk,cook,soup,pie,toast,breakfast,plate,fork
975409,44.0,11,response,reply,wait,awaiting,email,polite,time,draft,send,angry,please
975409,44.0,12,reflection,mirror,watch,see,look,glass,view,shine,polish,new,observe
975409,44.0,13,wall,bricks,solid,timber,build,fall,climb,ladder,top,cement,break
975409,44.0,14,adult,old,older,man,woman,child,birthday,eighteen,adulating,job,responsible
978306,23.0,0,pad,lily,frog,pond,water,pen,notes,write,words,school,cat
978306,23.0,1,braces,teeth,dentist,metal,wire,goofy,gaps,school,painful,suspenders,pants
978306,23.0,2,relativity,gravity,einstein,physics,special,time,space,theory,science,cousin,nephew
978306,23.0,3,retreat,lose,battle,war,fight,cabin,holiday,resort,lake,woods,camping
978306,23.0,4,buck,doe,deer,rebuke,shotgun,shooting,bullet,hunting,kick,young,duck
978306,23.0,5,oar,row,boat,viking,sail,wooden,tiring,plastic,olympics,racing,paddle
978306,23.0,6,salesman,car,book,insurance,jewelry,store,cashier,checkout,furniture,marketing,liar
978306,23.0,7,stocking,socks,legging,shoes,filling,items,store,christmas,clothing,thigh,legs
978306,23.0,8,beginner,start,newbie,bad,uninformed,trying,working,improving,unknown,clueless,enthusiastic
978306,23.0,9,claims,lies,stories,conspiracy,evidence,law,defendant,insurance,health,rejected,disputed
978306,23.0,10,sap,syrup,maple,oak,pine,tar,remove,drain,nectar,honey,pollen
978306,23.0,11,occupation,job,role,career,passion,work,position,employment,boss,manager,chef
978306,23.0,12,pardon,what,sorry,huh,again,apologies,deaf,biden,president,forgive,polite
978306,23.0,13,brake,stop,car,accelerate,turn,donuts,halt,crash,emergency,hand,end
978306,23.0,14,radiator,heating,boiler,water,central,bleed,sludge,painted,dial,bubble,warm
981115,27.0,0,legend,hero,sport,music,tv,me,vampire,myth,monster,history,quest
981115,27.0,1,scrap,metal,junk,heap,trash,rubbish,leftovers,tip,skip,yard,collection
981115,27.0,2,say,speak,talk,present,shout,tell,inform,whisper,exclaim,yell,type
981115,27.0,3,shove,push,fight,punch,headbutt,scrap,slap,kick,cry,angry,bad
981115,27.0,4,why,what,who,when,where,because,question,explain,answer,unsure,understand
981115,27.0,5,regret,hate,shame,despair,annoyed,embarrassed,guilt,wish,long,sad,change
981115,27.0,6,zest,lemon,lime,citrus,orange,juice,pulp,skin,fruit,sweet,bitter
981115,27.0,7,vote,poll,democracy,president,station,choose,change,choice,majority,listen,society
981115,27.0,8,lightheaded,dizzy,rough,faint,sick,weak,tired,ill,poorly,vomit,hot
981115,27.0,9,sling,bandage,crutches,boot,injury,broken,bone,reset,hospital,ill,pain
981115,27.0,10,slay,queen,dragon,vampire,kill,great,excel,fight,win,best,monster
981115,27.0,11,mechanical,cog,metal,rust,electronic,robot,wheel,sparks,man-made,steel,spanner
981115,27.0,12,mammal,human,otter,fur,baby,milk,rat,cat,dog,cuddly,fat
981115,27.0,13,record,player,music,disc,sound,spin,winner,world,best,top,scratch
981115,27.0,14,caffeine,coffee,tea,machine,granules,kettle,coke,monster,nan,strong,energy
988512,55.0,0,clamp,tight,car,shut,pinch,vice,closed,grip,clip,hold,nip
988512,55.0,1,squeal,scream,yell,pain,hurt,shriek,gasp,howl,cry,pig,squawk
988512,55.0,2,blackboard,slate,chalk,draw,squeak,nails,rubber,chalkboard,write,classroom,school
988512,55.0,3,neighbor,adjacent,next,house,acquaintance,friend,person,meet,near,border,friendly
988512,55.0,4,addition,sum,add,together,greater,plus,total,increase,more,and,larger
988512,55.0,5,briefcase,satchel,carry,important,work,black,compartment,lock,luggage,pack,papers
988512,55.0,6,psychology,behaviour,mental,associated,attitude,clinical,mind,experiment,development,personality,ego
988512,55.0,7,appliance,gadget,kitchen,toaster,fridge,device,instrument,machine,contraption,tool,utensil
988512,55.0,8,bulletin,news,read,important,report,message,communication,notify,dispatch,newspaper,statement
988512,55.0,9,racket,tennis,noise,loud,string,hit,illegal,fraud,swindle,din,paddle
988512,55.0,10,onion,skin,cry,cook,cut,peel,rings,layers,red,brown,spring
988512,55.0,11,achievement,complete,proud,victory,triumph,joy,deed,conquest,wonderful,success,remarkable
988512,55.0,12,builder,make,invent,bricks,cement,manufacture,build,design,plan,repair,house
988512,55.0,13,sway,swing,sideways,rock,wave,control,command,influence,vibrate,power,rule
988512,55.0,14,allergy,sneeze,nan,dog,itch,scratch,flowers,antihistamine,reaction,sensitive,susceptible
997702,34.0,0,acknowledge,recognise,greet,reference,cite,meet,verbalise,refer,consider,citation,considerations
997702,34.0,1,mosquito,pest,insect,biting,blood,wings,sting,bite,itch,pain,irritation
997702,34.0,2,switch,light,bulb,flick,on,off,operational,mechanical,turn,change,alter
997702,34.0,3,rodeo,cowboy,horse,boots,spurs,crowd,texas,western,american,horseback,reins
997702,34.0,4,ribs,ribcage,bones,chest,sternum,body,lungs,torso,cage,skeleton,anatomy
997702,34.0,5,zoo,animals,captivity,enclosure,cruel,boredom,confinement,intelligence,crowds,cages,noisy
997702,34.0,6,chapter,book,character,story,plot,arc,lore,synopsis,blurb,index,page
997702,34.0,7,sales,store,customer,clerk,agent,cashier,register,shop,money,transaction,pitch
997702,34.0,8,oak,desk,wood,tree,forest,woods,copse,leaves,leaf,bark,sap
997702,34.0,9,stand,podium,display,legs,elevate,hold,wait,feet,stadium,stands,seating
997702,34.0,10,scapegoat,excuse,blame,alleviate,shift,easy,target,responsibility,fault,guilt,accountability
997702,34.0,11,means,ability,money,able,capable,meaning,cause,intention,enact,outcome,definition
997702,34.0,12,modest,prude,prudish,conservative,shy,small,humble,unboastful,quiet,nan,tasteful
997702,34.0,13,bark,bite,dog,teeth,yelp,cry,communication,vocalisation,talking,speaking,noise
997702,34.0,14,canvass,paint,painting,paintbrush,art,artist,landscape,portrait,easel,oil,acrylic
999222,64.0,0,intake,eat,join,breath,year,group,learners,information,food,air,knowledge
999222,64.0,1,loyal,friend,love,protect,family,obedient,trusted,respectful,subject,mine,pal
999222,64.0,2,transportation,plane,train,car,bike,taxi,journey,holiday,work,fun,van
999222,64.0,3,permission,let,agree,allow,encourage,do,marry,believe,love,mine,today
999222,64.0,4,pole,north,walking,star,journey,cold,stick,telegraph,bear,snow,dark
999222,64.0,5,zone,euro,fat,area,emissions,blue,trial,housing,my,in,division
999222,64.0,6,piston,car,drive,move,petrol,engine,oil,fire,combustion,travel,metal
999222,64.0,7,still,quiet,flat,water,time,patient,gin,whisky,now,lake,river
999222,64.0,8,bless,religion,love,hug,child,family,friends,heal,water,kind,hope
999222,64.0,9,boss,big,man,it,about,bully,stupid,premier,type,manager,charge
999222,64.0,10,mold,black,damp,smelly,growing,spores,fungus,patterns,walls,illness,yuck
999222,64.0,11,anchor,stop,hold,ship,sea,secure,rope,rusty,huge,it,sailor
999222,64.0,12,score,draw,card,settle,match,football,argument,grudge,winner,goal,kick
999222,64.0,13,unit,piece,one,family,furniture,cupboard,kitchen,bathroom,single,separate,build
999222,64.0,14,menthol,mint,cold,nose,blocked,mucus,hospital,breath,airflow,comfort,lozenge
