"participant_id","item_id","stimulus","trial_order","lexicality","letter_order","response","accuracy","rt","rt_measure"
"s1.dat","t167","KARBOZ",1,"pseudorec","backw","3",1,892,"keypress"
"s1.dat","t96","ELITA",2,"rec","forw","1",1,711,"keypress"
"s1.dat","t134","LOTOG",3,"pseudorec","backw","None",0,NA,"keypress"
"s1.dat","t133","LIRIZ",5,"pseudorec","backw","3",1,1272,"keypress"
"s1.dat","t190","METAT",6,"pseudorec","forw","3",1,1272,"keypress"
"s1.dat","t43","ANEMAN",7,"rec","backw","3",0,NA,"keypress"
"s1.dat","t79","KOLICA",8,"rec","forw","1",1,601,"keypress"
"s1.dat","t226","RITUAC",9,"pseudorec","forw","3",1,1453,"keypress"
"s1.dat","t6","AVONBO",10,"rec","backw","None",0,NA,"keypress"
"s1.dat","t4","ATEVSO",12,"rec","backw","None",0,NA,"keypress"
"s1.dat","t77","KESTEN",14,"rec","forw","1",1,641,"keypress"
"s1.dat","t121","KORDOB",15,"pseudorec","backw","None",0,NA,"keypress"
"s1.dat","t218","EPITEZ",17,"pseudorec","forw","None",0,NA,"keypress"
"s1.dat","t225","TUMOČ",19,"pseudorec","forw","None",0,NA,"keypress"
"s1.dat","t157","ŠAPTAK",21,"pseudorec","backw","None",0,NA,"keypress"
"s1.dat","t89","VRATA",23,"rec","forw","1",1,631,"keypress"
"s1.dat","t189","BEĆAŠ",24,"pseudorec","forw","3",1,1242,"keypress"
"s1.dat","t105","OPREZ",25,"rec","forw","1",1,641,"keypress"
"s1.dat","t141","CIMEC",26,"pseudorec","backw","3",1,731,"keypress"
"s1.dat","t163","PRESEB",27,"pseudorec","backw","3",1,1422,"keypress"
"s1.dat","t33","EMONER",28,"rec","backw","1",1,1462,"keypress"
"s1.dat","t201","DESPON",29,"pseudorec","forw","None",0,NA,"keypress"
"s1.dat","t136","AZBESČ",31,"pseudorec","backw","3",1,1222,"keypress"
"s1.dat","t197","KLIKET",32,"pseudorec","forw","None",0,NA,"keypress"
"s1.dat","t63","CELINA",35,"rec","forw","1",1,571,"keypress"
"s1.dat","t216","IDIOB",36,"pseudorec","forw","3",1,1092,"keypress"
"s1.dat","t59","AČUPAP",37,"rec","backw","1",1,1262,"keypress"
"s1.dat","t10","TSEVS",38,"rec","backw","1",1,1052,"keypress"
"s1.dat","t214","PIJAD",39,"pseudorec","forw","None",0,NA,"keypress"
"s1.dat","t62","UZROK",41,"rec","forw","1",1,621,"keypress"
"s1.dat","t29","EĆEVC",42,"rec","backw","1",1,1082,"keypress"
"s1.dat","t240","TRILEN",43,"pseudorec","forw","3",1,1472,"keypress"
"s1.dat","t179","KANTAC",44,"pseudorec","backw","3",1,1452,"keypress"
"s1.dat","t73","ISTINA",45,"rec","forw","1",1,621,"keypress"
"s1.dat","t8","ADVARP",46,"rec","backw","1",1,1402,"keypress"
"s1.dat","t148","BAZAP",47,"pseudorec","backw","3",1,1242,"keypress"
"s1.dat","t207","BONTOZ",48,"pseudorec","forw","None",0,NA,"keypress"
"s1.dat","t116","ČAPLJA",50,"rec","forw","1",1,761,"keypress"
"s1.dat","t78","JASTUK",51,"rec","forw","1",1,501,"keypress"
"s1.dat","t224","DISTIC",52,"pseudorec","forw","3",1,1081,"keypress"
"s1.dat","t129","AFEKAL",53,"pseudorec","backw","None",0,NA,"keypress"
"s1.dat","t146","DRIPAG",55,"pseudorec","backw","None",0,NA,"keypress"
"s1.dat","t31","AKITE",57,"rec","backw","None",0,NA,"keypress"
"s1.dat","t173","LENJOČ",59,"pseudorec","backw","3",1,1302,"keypress"
"s1.dat","t74","ODNOS",60,"rec","forw","1",1,731,"keypress"
"s1.dat","t13","ANJAT",61,"rec","backw","1",1,1101,"keypress"
"s1.dat","t48","ALCUC",62,"rec","backw","1",1,1322,"keypress"
"s1.dat","t154","SKRON",63,"pseudorec","backw","None",0,NA,"keypress"
"s1.dat","t67","PROPIS",65,"rec","forw","1",1,671,"keypress"
"s1.dat","t144","SLANIB",66,"pseudorec","backw","3",1,1191,"keypress"
"s1.dat","t1","ADOTEM",67,"rec","backw","1",1,1452,"keypress"
"s1.dat","t131","PATROZ",68,"pseudorec","backw","None",0,NA,"keypress"
"s1.dat","t72","USPEH",70,"rec","forw","1",1,530,"keypress"
"s1.dat","t205","EVNUB",71,"pseudorec","forw","3",1,1181,"keypress"
"s1.dat","t228","FLANEG",72,"pseudorec","forw","None",0,NA,"keypress"
"s1.dat","t168","ĆUMEP",75,"pseudorec","backw","None",0,NA,"keypress"
"s1.dat","t223","IZOTOC",77,"pseudorec","forw","None",0,NA,"keypress"
"s1.dat","t27","OKELM",79,"rec","backw","1",1,1252,"keypress"
"s1.dat","t169","CIGAF",80,"pseudorec","backw","3",1,1272,"keypress"
"s1.dat","t165","SIRUL",81,"pseudorec","backw","3",1,1262,"keypress"
"s1.dat","t82","KLAVIR",82,"rec","forw","1",1,541,"keypress"
"s1.dat","t111","PELENA",83,"rec","forw","1",1,902,"keypress"
"s1.dat","t69","SUMNJA",84,"rec","forw","1",1,551,"keypress"
"s1.dat","t108","KOMPOT",85,"rec","forw","1",1,491,"keypress"
"s1.dat","t110","KLIKER",86,"rec","forw","1",1,501,"keypress"
"s1.dat","t176","NAGIR",87,"pseudorec","backw","3",1,961,"keypress"
"s1.dat","t196","BIZOK",88,"pseudorec","forw","3",1,1091,"keypress"
"s1.dat","t83","ZAVESA",89,"rec","forw","1",1,621,"keypress"
"s1.dat","t37","ADUBOP",90,"rec","backw","None",0,NA,"keypress"
"s1.dat","t195","TOTEK",92,"pseudorec","forw","3",1,1071,"keypress"
"s1.dat","t12","ĆOMOP",93,"rec","backw","3",0,NA,"keypress"
"s1.dat","t91","NABOJ",94,"rec","forw","1",1,741,"keypress"
"s1.dat","t19","AJIKAR",95,"rec","backw","None",0,NA,"keypress"
"s1.dat","t64","MILOST",97,"rec","forw","1",1,641,"keypress"
"s1.dat","t209","HARAK",98,"pseudorec","forw","None",0,NA,"keypress"
"s1.dat","t65","IDEJA",100,"rec","forw","1",1,551,"keypress"
"s1.dat","t30","AVART",101,"rec","backw","1",1,1072,"keypress"
"s1.dat","t117","ŠERPA",102,"rec","forw","1",1,681,"keypress"
"s1.dat","t211","FLUOŠ",103,"pseudorec","forw","None",0,NA,"keypress"
"s1.dat","t122","FETUP",105,"pseudorec","backw","3",1,1192,"keypress"
"s1.dat","t170","ŠESTAM",106,"pseudorec","backw","None",0,NA,"keypress"
"s1.dat","t28","AKILS",108,"rec","backw","1",1,902,"keypress"
"s1.dat","t188","KOKTEZ",109,"pseudorec","forw","None",0,NA,"keypress"
"s1.dat","t88","KNJIGA",111,"rec","forw","1",1,521,"keypress"
"s1.dat","t229","NABOH",112,"pseudorec","forw","3",1,941,"keypress"
"s1.dat","t127","RATLUZ",113,"pseudorec","backw","None",0,NA,"keypress"
"s1.dat","t182","DOLAŠ",115,"pseudorec","forw","None",0,NA,"keypress"
"s1.dat","t237","FAGOH",117,"pseudorec","forw","3",1,1312,"keypress"
"s1.dat","t51","NARAŠ",118,"rec","backw","3",0,NA,"keypress"
"s1.dat","t11","OASIMS",121,"rec","backw","1",1,1372,"keypress"
"s1.dat","t102","PROFIT",122,"rec","forw","1",1,871,"keypress"
"s1.dat","t145","HAMEŠ",123,"pseudorec","backw","3",1,1171,"keypress"
"s1.dat","t15","AGANS",124,"rec","backw","1",1,971,"keypress"
"s1.dat","t103","NEDELO",125,"rec","forw","1",1,772,"keypress"
"s1.dat","t54","AKUTŠ",126,"rec","backw","1",1,911,"keypress"
"s1.dat","t99","ZAKUP",127,"rec","forw","1",1,571,"keypress"
"s1.dat","t208","TIKEN",128,"pseudorec","forw","3",1,1091,"keypress"
"s1.dat","t94","DEOBA",129,"rec","forw","1",1,671,"keypress"
"s1.dat","t113","ZEBRA",130,"rec","forw","1",1,601,"keypress"
"s1.dat","t181","TANIH",131,"pseudorec","forw","None",0,NA,"keypress"
"s1.dat","t124","SPANAR",133,"pseudorec","backw","None",0,NA,"keypress"
"s1.dat","t178","STALAV",135,"pseudorec","backw","None",0,NA,"keypress"
"s1.dat","t86","LOPTA",137,"rec","forw","1",1,551,"keypress"
"s1.dat","t40","TLOVER",138,"rec","backw","3",0,NA,"keypress"
"s1.dat","t222","TREGEN",139,"pseudorec","forw","None",0,NA,"keypress"
"s1.dat","t159","MADAZ",141,"pseudorec","backw","3",1,931,"keypress"
"s1.dat","t135","FALUČ",142,"pseudorec","backw","3",1,922,"keypress"
"s1.dat","t183","GURMAB",143,"pseudorec","forw","3",1,1392,"keypress"
"s1.dat","t14","HARTS",144,"rec","backw","1",1,1292,"keypress"
"s1.dat","t138","KAPLAB",145,"pseudorec","backw","3",1,1493,"keypress"
"s1.dat","t58","ANANAB",146,"rec","backw","3",0,NA,"keypress"
"s1.dat","t203","KONDOP",147,"pseudorec","forw","3",1,1382,"keypress"
"s1.dat","t57","SOKOK",148,"rec","backw","None",0,NA,"keypress"
"s1.dat","t71","RAZVOJ",150,"rec","forw","1",1,630,"keypress"
"s1.dat","t199","KLIPAĆ",151,"pseudorec","forw","None",0,NA,"keypress"
"s1.dat","t175","AKCENAŠ",153,"pseudorec","backw","None",0,NA,"keypress"
"s1.dat","t20","CANOK",155,"rec","backw","1",1,1332,"keypress"
"s1.dat","t68","UTISAK",156,"rec","forw","1",1,732,"keypress"
"s1.dat","t166","BIOLOR",157,"pseudorec","backw","3",1,1402,"keypress"
"s1.dat","t158","ĆEVAK",158,"pseudorec","backw","3",1,1482,"keypress"
"s1.dat","t61","SUDBA",159,"rec","forw","None",0,NA,"keypress"
"s1.dat","t38","AMGOD",161,"rec","backw","1",1,1352,"keypress"
"s1.dat","t172","LIMIR",162,"pseudorec","backw","3",1,1452,"keypress"
"s1.dat","t53","AMALAS",163,"rec","backw","1",1,1231,"keypress"
"s1.dat","t213","ODVOC",164,"pseudorec","forw","3",1,1051,"keypress"
"s1.dat","t66","OTPOR",165,"rec","forw","1",1,761,"keypress"
"s1.dat","t232","FAZOR",166,"pseudorec","forw","3",1,1112,"keypress"
"s1.dat","t164","BILTEG",167,"pseudorec","backw","None",0,NA,"keypress"
"s1.dat","t219","REDAF",169,"pseudorec","forw","3",1,1022,"keypress"
"s1.dat","t191","VERMUJ",170,"pseudorec","forw","None",0,NA,"keypress"
"s1.dat","t70","NAPOR",172,"rec","forw","1",1,661,"keypress"
"s1.dat","t160","GEOLOT",173,"pseudorec","backw","3",1,1152,"keypress"
"s1.dat","t46","ALKEVC",174,"rec","backw","None",0,NA,"keypress"
"s1.dat","t25","CANAL",176,"rec","backw","1",1,1192,"keypress"
"s1.dat","t9","GOLZAR",177,"rec","backw","None",0,NA,"keypress"
"s1.dat","t90","PTICA",179,"rec","forw","1",1,591,"keypress"
"s1.dat","t32","HULSOD",180,"rec","backw","1",1,1252,"keypress"
"s1.dat","t119","KECELJA",181,"rec","forw","1",1,711,"keypress"
"s1.dat","t97","MANJAK",182,"rec","forw","1",1,771,"keypress"
"s1.dat","t137","STICAP",183,"pseudorec","backw","3",1,1212,"keypress"
"s1.dat","t184","JEDNJAZ",184,"pseudorec","forw","None",0,NA,"keypress"
"s1.dat","t221","CELEP",186,"pseudorec","forw","3",1,1162,"keypress"
"s1.dat","t81","KAMION",187,"rec","forw","1",1,661,"keypress"
"s1.dat","t101","ISPAD",188,"rec","forw","1",1,510,"keypress"
"s1.dat","t22","TSARH",189,"rec","backw","None",0,NA,"keypress"
"s1.dat","t84","ŠKOLJKA",191,"rec","forw","1",1,601,"keypress"
"s1.dat","t104","EFEKAT",192,"rec","forw","1",1,601,"keypress"
"s1.dat","t202","PANTEK",193,"pseudorec","forw","3",1,1282,"keypress"
"s1.dat","t24","RITPEL",194,"rec","backw","None",0,NA,"keypress"
"s1.dat","t107","ČIODA",196,"rec","forw","1",1,631,"keypress"
"s1.dat","t55","SUTKAK",197,"rec","backw","1",1,1302,"keypress"
"s1.dat","t3","JACITU",198,"rec","backw","1",1,1122,"keypress"
"s1.dat","t151","PASAM",199,"pseudorec","backw","None",0,NA,"keypress"
"s1.dat","t152","VEŠTAP",201,"pseudorec","backw","None",0,NA,"keypress"
"s1.dat","t230","KONZUP",203,"pseudorec","forw","None",0,NA,"keypress"
"s1.dat","t18","KUDNAS",205,"rec","backw","1",1,1182,"keypress"
"s1.dat","t140","UZGOT",206,"pseudorec","backw","3",1,1352,"keypress"
"s1.dat","t238","JASTOM",207,"pseudorec","forw","3",1,1472,"keypress"
"s1.dat","t153","LOSIOR",208,"pseudorec","backw","None",0,NA,"keypress"
"s1.dat","t147","VELUT",210,"pseudorec","backw","3",1,1031,"keypress"
"s1.dat","t217","REZAG",211,"pseudorec","forw","3",1,971,"keypress"
"s1.dat","t162","NAKOČ",212,"pseudorec","backw","3",1,1362,"keypress"
"s1.dat","t233","NAMAG",213,"pseudorec","forw","3",1,1101,"keypress"
"s1.dat","t128","MASLAB",214,"pseudorec","backw","3",1,1352,"keypress"
"s1.dat","t231","KENGUN",215,"pseudorec","forw","3",1,1422,"keypress"
"s1.dat","t109","LAVOR",216,"rec","forw","1",1,841,"keypress"
"s1.dat","t130","POVEJ",217,"pseudorec","backw","3",1,851,"keypress"
"s1.dat","t200","KOSMOR",219,"pseudorec","forw","3",1,1302,"keypress"
"s1.dat","t50","KAMJAK",220,"rec","backw","1",1,762,"keypress"
"s1.dat","t180","FILTEB",221,"pseudorec","backw","3",1,901,"keypress"
"s1.dat","t36","SLUPMI",222,"rec","backw","None",0,NA,"keypress"
"s1.dat","t85","PEPEO",224,"rec","forw","1",1,621,"keypress"
"s1.dat","t126","FELJTOZ",225,"pseudorec","backw","3",1,1402,"keypress"
"s1.dat","t171","FOKUJ",226,"pseudorec","backw","3",1,952,"keypress"
"s1.dat","t47","ACEREP",227,"rec","backw","None",0,NA,"keypress"
"s1.dat","t17","AVKOMS",230,"rec","backw","1",1,1212,"keypress"
"s1.dat","t112","TORTA",231,"rec","forw","1",1,511,"keypress"
"s1.dat","t198","NITKOZ",232,"pseudorec","forw","3",1,1382,"keypress"
"s1.dat","t41","ABOGET",233,"rec","backw","3",0,NA,"keypress"
"s1.dat","t212","KRETEP",235,"pseudorec","forw","None",0,NA,"keypress"
"s1.dat","t174","ZIDIB",237,"pseudorec","backw","3",1,1252,"keypress"
"s1.dat","t161","SVIRAZ",238,"pseudorec","backw","3",1,1392,"keypress"
"s1.dat","t2","MAJOP",240,"rec","backw","3",0,NA,"keypress"
"s1.dat","t156","PUDINC",241,"pseudorec","backw","3",1,1111,"keypress"
"s1.dat","t193","PROLOZ",242,"pseudorec","forw","1",0,NA,"keypress"
"s1.dat","t210","SATEP",243,"pseudorec","forw","None",0,NA,"keypress"
"s1.dat","t42","ROMAZ",245,"rec","backw","3",0,NA,"keypress"
"s1.dat","t139","HIBRIF",246,"pseudorec","backw","3",1,1452,"keypress"
"s1.dat","t100","RASPON",247,"rec","forw","1",1,621,"keypress"
"s1.dat","t34","VILPU",248,"rec","backw","None",0,NA,"keypress"
"s1.dat","t206","ARHID",250,"pseudorec","forw","None",0,NA,"keypress"
"s1.dat","t56","ARBOK",252,"rec","backw","1",1,1032,"keypress"
"s1.dat","t220","BUMBAG",253,"pseudorec","forw","None",0,NA,"keypress"
"s1.dat","t7","TSIROK",255,"rec","backw","3",0,NA,"keypress"
"s1.dat","t23","OTALB",256,"rec","backw","1",1,1082,"keypress"
"s1.dat","t142","KEDAP",257,"pseudorec","backw","3",1,1092,"keypress"
"s1.dat","t143","BATAZ",258,"pseudorec","backw","3",1,971,"keypress"
"s1.dat","t204","BILIOD",259,"pseudorec","forw","None",0,NA,"keypress"
"s1.dat","t115","PRASE",261,"rec","forw","1",1,601,"keypress"
"s1.dat","t235","MAHET",262,"pseudorec","forw","3",1,691,"keypress"
"s1.dat","t75","LJUBAV",263,"rec","forw","1",1,561,"keypress"
"s1.dat","t39","AKUOP",264,"rec","backw","1",1,1141,"keypress"
"s1.dat","t45","DOHSI",265,"rec","backw","1",1,931,"keypress"
"s1.dat","t49","ALGEP",266,"rec","backw","1",1,1212,"keypress"
"s1.dat","t227","VITALJ",267,"pseudorec","forw","None",0,NA,"keypress"
"s1.dat","t125","AKSIOK",269,"pseudorec","backw","1",0,NA,"keypress"
"s1.dat","t192","IRVAB",270,"pseudorec","forw","None",0,NA,"keypress"
"s1.dat","t95","OPSEG",272,"rec","forw","1",1,621,"keypress"
"s1.dat","t93","BAROK",273,"rec","forw","1",1,822,"keypress"
"s1.dat","t60","ATAPOL",274,"rec","backw","1",1,1422,"keypress"
"s1.dat","t132","AVANČ",275,"pseudorec","backw","3",1,932,"keypress"
"s1.dat","t35","DIKSAR",276,"rec","backw","3",0,NA,"keypress"
"s1.dat","t150","FLUIŠ",277,"pseudorec","backw","3",1,981,"keypress"
"s1.dat","t118","KAČKET",278,"rec","forw","1",1,611,"keypress"
"s1.dat","t76","SAPUN",279,"rec","forw","1",1,551,"keypress"
"s1.dat","t21","BELAG",280,"rec","backw","1",1,1252,"keypress"
"s1.dat","t87","STAKLO",281,"rec","forw","1",1,641,"keypress"
"s1.dat","t120","OLOVKA",282,"rec","forw","1",1,521,"keypress"
"s1.dat","t123","NEUKUD",283,"pseudorec","backw","None",0,NA,"keypress"
"s1.dat","t149","VISAR",285,"pseudorec","backw","3",1,1102,"keypress"
"s1.dat","t155","KAUBOT",286,"pseudorec","backw","3",1,1452,"keypress"
"s1.dat","t44","ATEJUS",287,"rec","backw","None",0,NA,"keypress"
"s1.dat","t177","MELED",289,"pseudorec","backw","3",1,1092,"keypress"
"s1.dat","t16","AJITUK",290,"rec","backw","1",1,1092,"keypress"
"s1.dat","t106","KENGUR",291,"rec","forw","1",1,561,"keypress"
"s1.dat","t92","INTIMA",292,"rec","forw","1",1,591,"keypress"
"s1.dat","t5","TSOLAŽ",293,"rec","backw","3",0,NA,"keypress"
"s1.dat","t114","LIKER",294,"rec","forw","1",1,621,"keypress"
"s1.dat","t98","UŽITAK",295,"rec","forw","1",1,541,"keypress"
"s1.dat","t26","NALBAJ",296,"rec","backw","3",0,NA,"keypress"
"s1.dat","t239","RUNDOG",297,"pseudorec","forw","None",0,NA,"keypress"
"s1.dat","t52","NAZAF",300,"rec","backw","1",1,1102,"keypress"
"s1.dat","t187","VEŠTAB",301,"pseudorec","forw","None",0,NA,"keypress"
"s2.dat","t46","ALKEVC",1,"rec","backw","3",0,NA,"keypress"
"s2.dat","t73","ISTINA",2,"rec","forw","1",1,511,"keypress"
"s2.dat","t144","SLANIB",3,"pseudorec","backw","3",1,1142,"keypress"
"s2.dat","t173","LENJOČ",4,"pseudorec","backw","1",0,NA,"keypress"
"s2.dat","t152","VEŠTAP",5,"pseudorec","backw","None",0,NA,"keypress"
"s2.dat","t60","ATAPOL",7,"rec","backw","None",0,NA,"keypress"
"s2.dat","t196","BIZOK",9,"pseudorec","forw","None",0,NA,"keypress"
"s2.dat","t208","TIKEN",11,"pseudorec","forw","3",1,1282,"keypress"
"s2.dat","t21","BELAG",12,"rec","backw","3",0,NA,"keypress"
"s2.dat","t84","ŠKOLJKA",13,"rec","forw","1",1,721,"keypress"
"s2.dat","t5","TSOLAŽ",14,"rec","backw","3",0,NA,"keypress"
"s2.dat","t88","KNJIGA",15,"rec","forw","1",1,691,"keypress"
"s2.dat","t200","KOSMOR",16,"pseudorec","forw","None",0,NA,"keypress"
"s2.dat","t70","NAPOR",18,"rec","forw","1",1,571,"keypress"
"s2.dat","t3","JACITU",19,"rec","backw","None",0,NA,"keypress"
"s2.dat","t198","NITKOZ",21,"pseudorec","forw","3",1,1472,"keypress"
"s2.dat","t89","VRATA",22,"rec","forw","1",1,630,"keypress"
"s2.dat","t37","ADUBOP",23,"rec","backw","1",1,1452,"keypress"
"s2.dat","t20","CANOK",24,"rec","backw","3",0,NA,"keypress"
"s2.dat","t156","PUDINC",25,"pseudorec","backw","3",1,1302,"keypress"
"s2.dat","t207","BONTOZ",26,"pseudorec","forw","1",0,NA,"keypress"
"s2.dat","t6","AVONBO",28,"rec","backw","None",0,NA,"keypress"
"s2.dat","t205","EVNUB",30,"pseudorec","forw","None",0,NA,"keypress"
"s2.dat","t26","NALBAJ",32,"rec","backw","3",0,NA,"keypress"
"s2.dat","t193","PROLOZ",33,"pseudorec","forw","None",0,NA,"keypress"
"s2.dat","t221","CELEP",35,"pseudorec","forw","None",0,NA,"keypress"
"s2.dat","t72","USPEH",37,"rec","forw","1",1,501,"keypress"
"s2.dat","t107","ČIODA",38,"rec","forw","1",1,681,"keypress"
"s2.dat","t34","VILPU",39,"rec","backw","1",1,1262,"keypress"
"s2.dat","t140","UZGOT",40,"pseudorec","backw","3",1,1292,"keypress"
"s2.dat","t127","RATLUZ",41,"pseudorec","backw","3",1,1322,"keypress"
"s2.dat","t164","BILTEG",42,"pseudorec","backw","None",0,NA,"keypress"
"s2.dat","t143","BATAZ",44,"pseudorec","backw","None",0,NA,"keypress"
"s2.dat","t102","PROFIT",46,"rec","forw","1",1,871,"keypress"
"s2.dat","t210","SATEP",47,"pseudorec","forw","3",1,781,"keypress"
"s2.dat","t226","RITUAC",48,"pseudorec","forw","None",0,NA,"keypress"
"s2.dat","t93","BAROK",50,"rec","forw","1",1,531,"keypress"
"s2.dat","t116","ČAPLJA",51,"rec","forw","1",1,862,"keypress"
"s2.dat","t191","VERMUJ",52,"pseudorec","forw","3",1,1342,"keypress"
"s2.dat","t203","KONDOP",53,"pseudorec","forw","3",1,1412,"keypress"
"s2.dat","t230","KONZUP",54,"pseudorec","forw","3",1,1011,"keypress"
"s2.dat","t113","ZEBRA",55,"rec","forw","1",1,751,"keypress"
"s2.dat","t166","BIOLOR",56,"pseudorec","backw","None",0,NA,"keypress"
"s2.dat","t179","KANTAC",58,"pseudorec","backw","1",0,NA,"keypress"
"s2.dat","t240","TRILEN",59,"pseudorec","forw","None",0,NA,"keypress"
"s2.dat","t96","ELITA",61,"rec","forw","1",1,701,"keypress"
"s2.dat","t30","AVART",62,"rec","backw","3",0,NA,"keypress"
"s2.dat","t42","ROMAZ",63,"rec","backw","None",0,NA,"keypress"
"s2.dat","t187","VEŠTAB",65,"pseudorec","forw","None",0,NA,"keypress"
"s2.dat","t18","KUDNAS",67,"rec","backw","1",1,1332,"keypress"
"s2.dat","t145","HAMEŠ",68,"pseudorec","backw","3",1,1442,"keypress"
"s2.dat","t146","DRIPAG",69,"pseudorec","backw","3",1,1242,"keypress"
"s2.dat","t211","FLUOŠ",70,"pseudorec","forw","None",0,NA,"keypress"
"s2.dat","t28","AKILS",72,"rec","backw","1",1,1162,"keypress"
"s2.dat","t233","NAMAG",73,"pseudorec","forw","3",1,1402,"keypress"
"s2.dat","t57","SOKOK",74,"rec","backw","1",1,851,"keypress"
"s2.dat","t195","TOTEK",75,"pseudorec","forw","3",1,1452,"keypress"
"s2.dat","t86","LOPTA",76,"rec","forw","1",1,861,"keypress"
"s2.dat","t202","PANTEK",77,"pseudorec","forw","3",1,1322,"keypress"
"s2.dat","t125","AKSIOK",78,"pseudorec","backw","1",0,NA,"keypress"
"s2.dat","t117","ŠERPA",81,"rec","forw","1",1,711,"keypress"
"s2.dat","t123","NEUKUD",82,"pseudorec","backw","None",0,NA,"keypress"
"s2.dat","t154","SKRON",84,"pseudorec","backw","None",0,NA,"keypress"
"s2.dat","t135","FALUČ",86,"pseudorec","backw","None",0,NA,"keypress"
"s2.dat","t217","REZAG",88,"pseudorec","forw","None",0,NA,"keypress"
"s2.dat","t10","TSEVS",90,"rec","backw","1",1,1152,"keypress"
"s2.dat","t216","IDIOB",91,"pseudorec","forw","3",1,1282,"keypress"
"s2.dat","t90","PTICA",92,"rec","forw","1",1,541,"keypress"
"s2.dat","t209","HARAK",93,"pseudorec","forw","1",0,NA,"keypress"
"s2.dat","t112","TORTA",94,"rec","forw","1",1,651,"keypress"
"s2.dat","t59","AČUPAP",95,"rec","backw","1",1,951,"keypress"
"s2.dat","t38","AMGOD",96,"rec","backw","3",0,NA,"keypress"
"s2.dat","t64","MILOST",97,"rec","forw","1",1,631,"keypress"
"s2.dat","t29","EĆEVC",98,"rec","backw","3",0,NA,"keypress"
"s2.dat","t78","JASTUK",99,"rec","forw","1",1,511,"keypress"
"s2.dat","t100","RASPON",100,"rec","forw","1",1,521,"keypress"
"s2.dat","t163","PRESEB",101,"pseudorec","backw","3",1,1472,"keypress"
"s2.dat","t178","STALAV",102,"pseudorec","backw","None",0,NA,"keypress"
"s2.dat","t108","KOMPOT",104,"rec","forw","1",1,731,"keypress"
"s2.dat","t124","SPANAR",105,"pseudorec","backw","None",0,NA,"keypress"
"s2.dat","t110","KLIKER",107,"rec","forw","1",1,701,"keypress"
"s2.dat","t148","BAZAP",108,"pseudorec","backw","None",0,NA,"keypress"
"s2.dat","t175","AKCENAŠ",111,"pseudorec","backw","1",0,NA,"keypress"
"s2.dat","t99","ZAKUP",112,"rec","forw","1",1,831,"keypress"
"s2.dat","t40","TLOVER",113,"rec","backw","1",1,1452,"keypress"
"s2.dat","t56","ARBOK",114,"rec","backw","1",1,1262,"keypress"
"s2.dat","t119","KECELJA",115,"rec","forw","1",1,791,"keypress"
"s2.dat","t167","KARBOZ",116,"pseudorec","backw","3",1,1182,"keypress"
"s2.dat","t157","ŠAPTAK",117,"pseudorec","backw","None",0,NA,"keypress"
"s2.dat","t235","MAHET",119,"pseudorec","forw","None",0,NA,"keypress"
"s2.dat","t201","DESPON",121,"pseudorec","forw","None",0,NA,"keypress"
"s2.dat","t12","ĆOMOP",123,"rec","backw","None",0,NA,"keypress"
"s2.dat","t121","KORDOB",126,"pseudorec","backw","None",0,NA,"keypress"
"s2.dat","t126","FELJTOZ",128,"pseudorec","backw","3",1,1172,"keypress"
"s2.dat","t45","DOHSI",129,"rec","backw","3",0,NA,"keypress"
"s2.dat","t182","DOLAŠ",130,"pseudorec","forw","None",0,NA,"keypress"
"s2.dat","t184","JEDNJAZ",132,"pseudorec","forw","None",0,NA,"keypress"
"s2.dat","t16","AJITUK",134,"rec","backw","1",1,1372,"keypress"
"s2.dat","t35","DIKSAR",135,"rec","backw","1",1,1272,"keypress"
"s2.dat","t81","KAMION",136,"rec","forw","1",1,751,"keypress"
"s2.dat","t9","GOLZAR",137,"rec","backw","1",1,1342,"keypress"
"s2.dat","t136","AZBESČ",138,"pseudorec","backw","3",1,1031,"keypress"
"s2.dat","t1","ADOTEM",139,"rec","backw","3",0,NA,"keypress"
"s2.dat","t69","SUMNJA",140,"rec","forw","1",1,611,"keypress"
"s2.dat","t192","IRVAB",141,"pseudorec","forw","3",1,1161,"keypress"
"s2.dat","t229","NABOH",142,"pseudorec","forw","1",0,NA,"keypress"
"s2.dat","t189","BEĆAŠ",143,"pseudorec","forw","3",1,1463,"keypress"
"s2.dat","t212","KRETEP",144,"pseudorec","forw","3",1,1342,"keypress"
"s2.dat","t172","LIMIR",145,"pseudorec","backw","3",1,1382,"keypress"
"s2.dat","t162","NAKOČ",146,"pseudorec","backw","None",0,NA,"keypress"
"s2.dat","t204","BILIOD",148,"pseudorec","forw","3",1,1492,"keypress"
"s2.dat","t222","TREGEN",149,"pseudorec","forw","3",1,1352,"keypress"
"s2.dat","t199","KLIPAĆ",150,"pseudorec","forw","3",1,1272,"keypress"
"s2.dat","t50","KAMJAK",151,"rec","backw","1",1,601,"keypress"
"s2.dat","t62","UZROK",152,"rec","forw","1",1,550,"keypress"
"s2.dat","t23","OTALB",153,"rec","backw","None",0,NA,"keypress"
"s2.dat","t147","VELUT",155,"pseudorec","backw","1",0,NA,"keypress"
"s2.dat","t227","VITALJ",156,"pseudorec","forw","3",1,1062,"keypress"
"s2.dat","t132","AVANČ",157,"pseudorec","backw","3",1,1162,"keypress"
"s2.dat","t11","OASIMS",158,"rec","backw","1",1,1292,"keypress"
"s2.dat","t224","DISTIC",159,"pseudorec","forw","3",1,1242,"keypress"
"s2.dat","t91","NABOJ",160,"rec","forw","1",1,1242,"keypress"
"s2.dat","t82","KLAVIR",161,"rec","forw","1",1,841,"keypress"
"s2.dat","t220","BUMBAG",162,"pseudorec","forw","3",1,951,"keypress"
"s2.dat","t79","KOLICA",163,"rec","forw","1",1,631,"keypress"
"s2.dat","t122","FETUP",164,"pseudorec","backw","3",1,1472,"keypress"
"s2.dat","t68","UTISAK",165,"rec","forw","1",1,701,"keypress"
"s2.dat","t14","HARTS",166,"rec","backw","3",0,NA,"keypress"
"s2.dat","t47","ACEREP",167,"rec","backw","1",1,1492,"keypress"
"s2.dat","t165","SIRUL",168,"pseudorec","backw","3",1,1192,"keypress"
"s2.dat","t180","FILTEB",169,"pseudorec","backw","3",1,1192,"keypress"
"s2.dat","t134","LOTOG",170,"pseudorec","backw","3",1,1232,"keypress"
"s2.dat","t17","AVKOMS",171,"rec","backw","3",0,NA,"keypress"
"s2.dat","t2","MAJOP",172,"rec","backw","None",0,NA,"keypress"
"s2.dat","t104","EFEKAT",175,"rec","forw","1",1,761,"keypress"
"s2.dat","t183","GURMAB",176,"pseudorec","forw","3",1,1251,"keypress"
"s2.dat","t54","AKUTŠ",177,"rec","backw","3",0,NA,"keypress"
"s2.dat","t128","MASLAB",178,"pseudorec","backw","3",1,1161,"keypress"
"s2.dat","t206","ARHID",179,"pseudorec","forw","3",1,1111,"keypress"
"s2.dat","t237","FAGOH",180,"pseudorec","forw","3",1,1191,"keypress"
"s2.dat","t95","OPSEG",181,"rec","forw","1",1,731,"keypress"
"s2.dat","t19","AJIKAR",182,"rec","backw","1",1,1022,"keypress"
"s2.dat","t197","KLIKET",183,"pseudorec","forw","None",0,NA,"keypress"
"s2.dat","t238","JASTOM",185,"pseudorec","forw","3",1,1252,"keypress"
"s2.dat","t48","ALCUC",186,"rec","backw","3",0,NA,"keypress"
"s2.dat","t43","ANEMAN",187,"rec","backw","3",0,NA,"keypress"
"s2.dat","t25","CANAL",188,"rec","backw","1",1,1322,"keypress"
"s2.dat","t7","TSIROK",189,"rec","backw","None",0,NA,"keypress"
"s2.dat","t39","AKUOP",191,"rec","backw","3",0,NA,"keypress"
"s2.dat","t120","OLOVKA",192,"rec","forw","1",1,581,"keypress"
"s2.dat","t174","ZIDIB",193,"pseudorec","backw","3",1,951,"keypress"
"s2.dat","t13","ANJAT",194,"rec","backw","1",1,1211,"keypress"
"s2.dat","t51","NARAŠ",195,"rec","backw","1",1,1021,"keypress"
"s2.dat","t158","ĆEVAK",196,"pseudorec","backw","3",1,1142,"keypress"
"s2.dat","t97","MANJAK",197,"rec","forw","1",1,1443,"keypress"
"s2.dat","t22","TSARH",198,"rec","backw","1",1,1312,"keypress"
"s2.dat","t44","ATEJUS",199,"rec","backw","None",0,NA,"keypress"
"s2.dat","t214","PIJAD",201,"pseudorec","forw","3",1,1261,"keypress"
"s2.dat","t118","KAČKET",202,"rec","forw","1",1,751,"keypress"
"s2.dat","t155","KAUBOT",203,"pseudorec","backw","3",1,1412,"keypress"
"s2.dat","t130","POVEJ",204,"pseudorec","backw","3",1,1433,"keypress"
"s2.dat","t55","SUTKAK",205,"rec","backw","1",1,1482,"keypress"
"s2.dat","t213","ODVOC",206,"pseudorec","forw","3",1,1402,"keypress"
"s2.dat","t76","SAPUN",207,"rec","forw","1",1,691,"keypress"
"s2.dat","t105","OPREZ",208,"rec","forw","1",1,551,"keypress"
"s2.dat","t232","FAZOR",209,"pseudorec","forw","3",1,1222,"keypress"
"s2.dat","t61","SUDBA",210,"rec","forw","1",1,751,"keypress"
"s2.dat","t74","ODNOS",211,"rec","forw","1",1,621,"keypress"
"s2.dat","t150","FLUIŠ",212,"pseudorec","backw","3",1,1081,"keypress"
"s2.dat","t153","LOSIOR",213,"pseudorec","backw","3",1,1192,"keypress"
"s2.dat","t171","FOKUJ",214,"pseudorec","backw","3",1,1422,"keypress"
"s2.dat","t169","CIGAF",216,"pseudorec","backw","3",1,952,"keypress"
"s2.dat","t67","PROPIS",218,"rec","forw","1",1,751,"keypress"
"s2.dat","t160","GEOLOT",219,"pseudorec","backw","3",1,1322,"keypress"
"s2.dat","t98","UŽITAK",220,"rec","forw","1",1,701,"keypress"
"s2.dat","t4","ATEVSO",221,"rec","backw","1",1,1402,"keypress"
"s2.dat","t106","KENGUR",222,"rec","forw","1",1,591,"keypress"
"s2.dat","t228","FLANEG",223,"pseudorec","forw","3",1,1362,"keypress"
"s2.dat","t83","ZAVESA",224,"rec","forw","1",1,1302,"keypress"
"s2.dat","t111","PELENA",225,"rec","forw","1",1,731,"keypress"
"s2.dat","t94","DEOBA",227,"rec","forw","1",1,611,"keypress"
"s2.dat","t219","REDAF",228,"pseudorec","forw","3",1,1152,"keypress"
"s2.dat","t114","LIKER",229,"rec","forw","1",1,701,"keypress"
"s2.dat","t177","MELED",230,"pseudorec","backw","None",0,NA,"keypress"
"s2.dat","t170","ŠESTAM",232,"pseudorec","backw","None",0,NA,"keypress"
"s2.dat","t8","ADVARP",234,"rec","backw","None",0,NA,"keypress"
"s2.dat","t52","NAZAF",236,"rec","backw","1",1,1482,"keypress"
"s2.dat","t138","KAPLAB",237,"pseudorec","backw","3",1,1332,"keypress"
"s2.dat","t231","KENGUN",238,"pseudorec","forw","3",1,1282,"keypress"
"s2.dat","t87","STAKLO",239,"rec","forw","1",1,631,"keypress"
"s2.dat","t176","NAGIR",240,"pseudorec","backw","3",1,1131,"keypress"
"s2.dat","t41","ABOGET",241,"rec","backw","3",0,NA,"keypress"
"s2.dat","t168","ĆUMEP",242,"pseudorec","backw","None",0,NA,"keypress"
"s2.dat","t53","AMALAS",244,"rec","backw","3",0,NA,"keypress"
"s2.dat","t225","TUMOČ",245,"pseudorec","forw","3",1,1051,"keypress"
"s2.dat","t142","KEDAP",247,"pseudorec","backw","3",1,1191,"keypress"
"s2.dat","t149","VISAR",248,"pseudorec","backw","3",1,1071,"keypress"
"s2.dat","t36","SLUPMI",249,"rec","backw","1",1,1342,"keypress"
"s2.dat","t151","PASAM",250,"pseudorec","backw","3",1,1272,"keypress"
"s2.dat","t33","EMONER",251,"rec","backw","3",0,NA,"keypress"
"s2.dat","t32","HULSOD",252,"rec","backw","None",0,NA,"keypress"
"s2.dat","t71","RAZVOJ",254,"rec","forw","1",1,651,"keypress"
"s2.dat","t109","LAVOR",255,"rec","forw","1",1,610,"keypress"
"s2.dat","t141","CIMEC",256,"pseudorec","backw","3",1,1211,"keypress"
"s2.dat","t131","PATROZ",257,"pseudorec","backw","3",1,1452,"keypress"
"s2.dat","t49","ALGEP",258,"rec","backw","1",1,1092,"keypress"
"s2.dat","t77","KESTEN",259,"rec","forw","1",1,711,"keypress"
"s2.dat","t85","PEPEO",260,"rec","forw","1",1,972,"keypress"
"s2.dat","t15","AGANS",261,"rec","backw","1",1,1242,"keypress"
"s2.dat","t190","METAT",262,"pseudorec","forw","3",1,1382,"keypress"
"s2.dat","t58","ANANAB",263,"rec","backw","1",1,1081,"keypress"
"s2.dat","t101","ISPAD",264,"rec","forw","1",1,581,"keypress"
"s2.dat","t133","LIRIZ",265,"pseudorec","backw","3",1,781,"keypress"
"s2.dat","t239","RUNDOG",266,"pseudorec","forw","None",0,NA,"keypress"
"s2.dat","t103","NEDELO",268,"rec","forw","None",0,NA,"keypress"
"s2.dat","t159","MADAZ",270,"pseudorec","backw","1",0,NA,"keypress"
"s2.dat","t129","AFEKAL",271,"pseudorec","backw","None",0,NA,"keypress"
"s2.dat","t31","AKITE",273,"rec","backw","1",1,1422,"keypress"
"s2.dat","t218","EPITEZ",274,"pseudorec","forw","3",1,1412,"keypress"
"s2.dat","t115","PRASE",275,"rec","forw","1",1,621,"keypress"
"s2.dat","t137","STICAP",276,"pseudorec","backw","3",1,1162,"keypress"
"s2.dat","t181","TANIH",277,"pseudorec","forw","3",1,1082,"keypress"
"s2.dat","t139","HIBRIF",278,"pseudorec","backw","3",1,1472,"keypress"
"s2.dat","t65","IDEJA",279,"rec","forw","1",1,772,"keypress"
"s2.dat","t27","OKELM",280,"rec","backw","1",1,1142,"keypress"
"s2.dat","t188","KOKTEZ",281,"pseudorec","forw","3",1,1452,"keypress"
"s2.dat","t223","IZOTOC",282,"pseudorec","forw","None",0,NA,"keypress"
"s2.dat","t161","SVIRAZ",284,"pseudorec","backw","3",1,1332,"keypress"
"s2.dat","t75","LJUBAV",285,"rec","forw","1",1,681,"keypress"
"s2.dat","t24","RITPEL",286,"rec","backw","3",0,NA,"keypress"
"s2.dat","t63","CELINA",287,"rec","forw","1",1,771,"keypress"
"s2.dat","t92","INTIMA",288,"rec","forw","1",1,992,"keypress"
"s2.dat","t66","OTPOR",289,"rec","forw","1",1,601,"keypress"
"s3.dat","t68","UTISAK",1,"rec","forw","1",1,671,"keypress"
"s3.dat","t23","OTALB",2,"rec","backw","1",1,861,"keypress"
"s3.dat","t113","ZEBRA",3,"rec","forw","1",1,651,"keypress"
"s3.dat","t146","DRIPAG",4,"pseudorec","backw","3",1,761,"keypress"
"s3.dat","t199","KLIPAĆ",5,"pseudorec","forw","3",1,991,"keypress"
"s3.dat","t40","TLOVER",6,"rec","backw","3",0,NA,"keypress"
"s3.dat","t183","GURMAB",7,"pseudorec","forw","3",1,821,"keypress"
"s3.dat","t18","KUDNAS",8,"rec","backw","3",0,NA,"keypress"
"s3.dat","t65","IDEJA",9,"rec","forw","1",1,501,"keypress"
"s3.dat","t141","CIMEC",10,"pseudorec","backw","3",1,842,"keypress"
"s3.dat","t97","MANJAK",11,"rec","forw","3",0,NA,"keypress"
"s3.dat","t31","AKITE",12,"rec","backw","3",0,NA,"keypress"
"s3.dat","t220","BUMBAG",13,"pseudorec","forw","3",1,821,"keypress"
"s3.dat","t15","AGANS",14,"rec","backw","1",1,1282,"keypress"
"s3.dat","t98","UŽITAK",15,"rec","forw","1",1,621,"keypress"
"s3.dat","t103","NEDELO",16,"rec","forw","1",1,981,"keypress"
"s3.dat","t32","HULSOD",17,"rec","backw","3",0,NA,"keypress"
"s3.dat","t59","AČUPAP",18,"rec","backw","1",1,1152,"keypress"
"s3.dat","t151","PASAM",19,"pseudorec","backw","3",1,1272,"keypress"
"s3.dat","t158","ĆEVAK",20,"pseudorec","backw","None",0,NA,"keypress"
"s3.dat","t76","SAPUN",22,"rec","forw","1",1,581,"keypress"
"s3.dat","t24","RITPEL",23,"rec","backw","3",0,NA,"keypress"
"s3.dat","t138","KAPLAB",24,"pseudorec","backw","3",1,962,"keypress"
"s3.dat","t240","TRILEN",25,"pseudorec","forw","3",1,761,"keypress"
"s3.dat","t163","PRESEB",26,"pseudorec","backw","None",0,NA,"keypress"
"s3.dat","t130","POVEJ",28,"pseudorec","backw","3",1,1222,"keypress"
"s3.dat","t189","BEĆAŠ",29,"pseudorec","forw","3",1,871,"keypress"
"s3.dat","t179","KANTAC",30,"pseudorec","backw","3",1,861,"keypress"
"s3.dat","t135","FALUČ",31,"pseudorec","backw","1",0,NA,"keypress"
"s3.dat","t10","TSEVS",32,"rec","backw","3",0,NA,"keypress"
"s3.dat","t64","MILOST",33,"rec","forw","1",1,551,"keypress"
"s3.dat","t206","ARHID",34,"pseudorec","forw","3",1,912,"keypress"
"s3.dat","t145","HAMEŠ",35,"pseudorec","backw","1",0,NA,"keypress"
"s3.dat","t91","NABOJ",36,"rec","forw","1",1,620,"keypress"
"s3.dat","t239","RUNDOG",37,"pseudorec","forw","3",1,981,"keypress"
"s3.dat","t233","NAMAG",38,"pseudorec","forw","3",1,661,"keypress"
"s3.dat","t96","ELITA",39,"rec","forw","3",0,NA,"keypress"
"s3.dat","t79","KOLICA",40,"rec","forw","1",1,460,"keypress"
"s3.dat","t187","VEŠTAB",41,"pseudorec","forw","3",1,821,"keypress"
"s3.dat","t26","NALBAJ",42,"rec","backw","3",0,NA,"keypress"
"s3.dat","t36","SLUPMI",43,"rec","backw","None",0,NA,"keypress"
"s3.dat","t181","TANIH",45,"pseudorec","forw","None",0,NA,"keypress"
"s3.dat","t207","BONTOZ",47,"pseudorec","forw","3",1,932,"keypress"
"s3.dat","t177","MELED",48,"pseudorec","backw","3",1,1182,"keypress"
"s3.dat","t204","BILIOD",49,"pseudorec","forw","3",1,1071,"keypress"
"s3.dat","t9","GOLZAR",50,"rec","backw","3",0,NA,"keypress"
"s3.dat","t56","ARBOK",51,"rec","backw","None",0,NA,"keypress"
"s3.dat","t127","RATLUZ",53,"pseudorec","backw","3",1,801,"keypress"
"s3.dat","t101","ISPAD",54,"rec","forw","1",1,511,"keypress"
"s3.dat","t209","HARAK",55,"pseudorec","forw","3",1,901,"keypress"
"s3.dat","t176","NAGIR",56,"pseudorec","backw","3",1,961,"keypress"
"s3.dat","t43","ANEMAN",57,"rec","backw","3",0,NA,"keypress"
"s3.dat","t218","EPITEZ",58,"pseudorec","forw","3",1,791,"keypress"
"s3.dat","t152","VEŠTAP",59,"pseudorec","backw","3",1,1062,"keypress"
"s3.dat","t3","JACITU",60,"rec","backw","3",0,NA,"keypress"
"s3.dat","t21","BELAG",61,"rec","backw","1",1,1201,"keypress"
"s3.dat","t211","FLUOŠ",62,"pseudorec","forw","3",1,1021,"keypress"
"s3.dat","t164","BILTEG",63,"pseudorec","backw","3",1,1042,"keypress"
"s3.dat","t123","NEUKUD",64,"pseudorec","backw","3",1,1132,"keypress"
"s3.dat","t73","ISTINA",65,"rec","forw","1",1,491,"keypress"
"s3.dat","t16","AJITUK",66,"rec","backw","3",0,NA,"keypress"
"s3.dat","t110","KLIKER",67,"rec","forw","1",1,792,"keypress"
"s3.dat","t227","VITALJ",68,"pseudorec","forw","3",1,1031,"keypress"
"s3.dat","t228","FLANEG",69,"pseudorec","forw","3",1,1011,"keypress"
"s3.dat","t214","PIJAD",70,"pseudorec","forw","3",1,882,"keypress"
"s3.dat","t83","ZAVESA",71,"rec","forw","1",1,581,"keypress"
"s3.dat","t42","ROMAZ",72,"rec","backw","3",0,NA,"keypress"
"s3.dat","t222","TREGEN",73,"pseudorec","forw","3",1,1071,"keypress"
"s3.dat","t193","PROLOZ",74,"pseudorec","forw","3",1,1322,"keypress"
"s3.dat","t137","STICAP",75,"pseudorec","backw","3",1,831,"keypress"
"s3.dat","t116","ČAPLJA",76,"rec","forw","3",0,NA,"keypress"
"s3.dat","t221","CELEP",77,"pseudorec","forw","1",0,NA,"keypress"
"s3.dat","t191","VERMUJ",78,"pseudorec","forw","3",1,871,"keypress"
"s3.dat","t230","KONZUP",80,"pseudorec","forw","3",1,1422,"keypress"
"s3.dat","t172","LIMIR",81,"pseudorec","backw","3",1,1492,"keypress"
"s3.dat","t61","SUDBA",82,"rec","forw","1",1,911,"keypress"
"s3.dat","t81","KAMION",83,"rec","forw","1",1,530,"keypress"
"s3.dat","t38","AMGOD",84,"rec","backw","3",0,NA,"keypress"
"s3.dat","t147","VELUT",85,"pseudorec","backw","3",1,1202,"keypress"
"s3.dat","t229","NABOH",86,"pseudorec","forw","3",1,1062,"keypress"
"s3.dat","t165","SIRUL",87,"pseudorec","backw","3",1,1232,"keypress"
"s3.dat","t210","SATEP",88,"pseudorec","forw","3",1,972,"keypress"
"s3.dat","t208","TIKEN",89,"pseudorec","forw","3",1,871,"keypress"
"s3.dat","t128","MASLAB",90,"pseudorec","backw","3",1,851,"keypress"
"s3.dat","t66","OTPOR",91,"rec","forw","1",1,771,"keypress"
"s3.dat","t175","AKCENAŠ",92,"pseudorec","backw","3",1,951,"keypress"
"s3.dat","t232","FAZOR",93,"pseudorec","forw","3",1,1212,"keypress"
"s3.dat","t67","PROPIS",94,"rec","forw","1",1,1392,"keypress"
"s3.dat","t45","DOHSI",96,"rec","backw","3",0,NA,"keypress"
"s3.dat","t17","AVKOMS",97,"rec","backw","None",0,NA,"keypress"
"s3.dat","t133","LIRIZ",99,"pseudorec","backw","3",1,1061,"keypress"
"s3.dat","t148","BAZAP",100,"pseudorec","backw","None",0,NA,"keypress"
"s3.dat","t107","ČIODA",102,"rec","forw","1",1,861,"keypress"
"s3.dat","t168","ĆUMEP",103,"pseudorec","backw","3",1,851,"keypress"
"s3.dat","t178","STALAV",104,"pseudorec","backw","3",1,901,"keypress"
"s3.dat","t88","KNJIGA",105,"rec","forw","1",1,581,"keypress"
"s3.dat","t114","LIKER",106,"rec","forw","1",1,641,"keypress"
"s3.dat","t119","KECELJA",107,"rec","forw","1",1,611,"keypress"
"s3.dat","t131","PATROZ",108,"pseudorec","backw","3",1,721,"keypress"
"s3.dat","t57","SOKOK",109,"rec","backw","3",0,NA,"keypress"
"s3.dat","t182","DOLAŠ",110,"pseudorec","forw","3",1,1072,"keypress"
"s3.dat","t102","PROFIT",111,"rec","forw","1",1,661,"keypress"
"s3.dat","t120","OLOVKA",112,"rec","forw","1",1,591,"keypress"
"s3.dat","t58","ANANAB",113,"rec","backw","3",0,NA,"keypress"
"s3.dat","t112","TORTA",114,"rec","forw","1",1,510,"keypress"
"s3.dat","t84","ŠKOLJKA",115,"rec","forw","1",1,550,"keypress"
"s3.dat","t100","RASPON",116,"rec","forw","1",1,530,"keypress"
"s3.dat","t202","PANTEK",117,"pseudorec","forw","3",1,1312,"keypress"
"s3.dat","t140","UZGOT",118,"pseudorec","backw","3",1,781,"keypress"
"s3.dat","t11","OASIMS",119,"rec","backw","3",0,NA,"keypress"
"s3.dat","t85","PEPEO",120,"rec","forw","1",1,831,"keypress"
"s3.dat","t60","ATAPOL",121,"rec","backw","None",0,NA,"keypress"
"s3.dat","t7","TSIROK",123,"rec","backw","None",0,NA,"keypress"
"s3.dat","t126","FELJTOZ",125,"pseudorec","backw","None",0,NA,"keypress"
"s3.dat","t29","EĆEVC",127,"rec","backw","3",0,NA,"keypress"
"s3.dat","t62","UZROK",128,"rec","forw","1",1,1192,"keypress"
"s3.dat","t99","ZAKUP",129,"rec","forw","1",1,681,"keypress"
"s3.dat","t54","AKUTŠ",130,"rec","backw","3",0,NA,"keypress"
"s3.dat","t171","FOKUJ",131,"pseudorec","backw","1",0,NA,"keypress"
"s3.dat","t55","SUTKAK",132,"rec","backw","None",0,NA,"keypress"
"s3.dat","t52","NAZAF",134,"rec","backw","1",1,1021,"keypress"
"s3.dat","t115","PRASE",135,"rec","forw","1",1,580,"keypress"
"s3.dat","t106","KENGUR",136,"rec","forw","1",1,581,"keypress"
"s3.dat","t201","DESPON",137,"pseudorec","forw","3",1,1352,"keypress"
"s3.dat","t150","FLUIŠ",138,"pseudorec","backw","3",1,731,"keypress"
"s3.dat","t72","USPEH",139,"rec","forw","1",1,471,"keypress"
"s3.dat","t223","IZOTOC",140,"pseudorec","forw","3",1,922,"keypress"
"s3.dat","t192","IRVAB",141,"pseudorec","forw","3",1,681,"keypress"
"s3.dat","t129","AFEKAL",142,"pseudorec","backw","3",1,1012,"keypress"
"s3.dat","t90","PTICA",143,"rec","forw","1",1,491,"keypress"
"s3.dat","t74","ODNOS",144,"rec","forw","1",1,541,"keypress"
"s3.dat","t157","ŠAPTAK",145,"pseudorec","backw","3",1,802,"keypress"
"s3.dat","t41","ABOGET",146,"rec","backw","3",0,NA,"keypress"
"s3.dat","t134","LOTOG",147,"pseudorec","backw","3",1,731,"keypress"
"s3.dat","t95","OPSEG",149,"rec","forw","1",1,691,"keypress"
"s3.dat","t109","LAVOR",150,"rec","forw","1",1,741,"keypress"
"s3.dat","t190","METAT",151,"pseudorec","forw","3",1,931,"keypress"
"s3.dat","t44","ATEJUS",152,"rec","backw","3",0,NA,"keypress"
"s3.dat","t30","AVART",153,"rec","backw","3",0,NA,"keypress"
"s3.dat","t195","TOTEK",154,"pseudorec","forw","3",1,1162,"keypress"
"s3.dat","t156","PUDINC",155,"pseudorec","backw","3",1,871,"keypress"
"s3.dat","t167","KARBOZ",156,"pseudorec","backw","3",1,902,"keypress"
"s3.dat","t217","REZAG",157,"pseudorec","forw","None",0,NA,"keypress"
"s3.dat","t28","AKILS",159,"rec","backw","3",0,NA,"keypress"
"s3.dat","t105","OPREZ",160,"rec","forw","1",1,701,"keypress"
"s3.dat","t155","KAUBOT",161,"pseudorec","backw","3",1,1151,"keypress"
"s3.dat","t111","PELENA",162,"rec","forw","1",1,581,"keypress"
"s3.dat","t235","MAHET",163,"pseudorec","forw","3",1,1122,"keypress"
"s3.dat","t139","HIBRIF",164,"pseudorec","backw","3",1,1272,"keypress"
"s3.dat","t196","BIZOK",165,"pseudorec","forw","1",0,NA,"keypress"
"s3.dat","t180","FILTEB",166,"pseudorec","backw","3",1,1091,"keypress"
"s3.dat","t118","KAČKET",167,"rec","forw","1",1,912,"keypress"
"s3.dat","t212","KRETEP",168,"pseudorec","forw","3",1,1112,"keypress"
"s3.dat","t216","IDIOB",169,"pseudorec","forw","None",0,NA,"keypress"
"s3.dat","t144","SLANIB",171,"pseudorec","backw","3",1,961,"keypress"
"s3.dat","t231","KENGUN",172,"pseudorec","forw","1",0,NA,"keypress"
"s3.dat","t93","BAROK",173,"rec","forw","1",1,1032,"keypress"
"s3.dat","t14","HARTS",174,"rec","backw","3",0,NA,"keypress"
"s3.dat","t86","LOPTA",175,"rec","forw","1",1,481,"keypress"
"s3.dat","t161","SVIRAZ",176,"pseudorec","backw","3",1,781,"keypress"
"s3.dat","t169","CIGAF",177,"pseudorec","backw","3",1,1052,"keypress"
"s3.dat","t149","VISAR",178,"pseudorec","backw","3",1,1232,"keypress"
"s3.dat","t205","EVNUB",179,"pseudorec","forw","1",0,NA,"keypress"
"s3.dat","t224","DISTIC",180,"pseudorec","forw","3",1,531,"keypress"
"s3.dat","t12","ĆOMOP",181,"rec","backw","3",0,NA,"keypress"
"s3.dat","t27","OKELM",182,"rec","backw","3",0,NA,"keypress"
"s3.dat","t121","KORDOB",183,"pseudorec","backw","1",0,NA,"keypress"
"s3.dat","t124","SPANAR",184,"pseudorec","backw","3",1,611,"keypress"
"s3.dat","t75","LJUBAV",185,"rec","forw","3",0,NA,"keypress"
"s3.dat","t89","VRATA",186,"rec","forw","1",1,611,"keypress"
"s3.dat","t159","MADAZ",187,"pseudorec","backw","1",0,NA,"keypress"
"s3.dat","t82","KLAVIR",188,"rec","forw","1",1,751,"keypress"
"s3.dat","t33","EMONER",189,"rec","backw","3",0,NA,"keypress"
"s3.dat","t63","CELINA",190,"rec","forw","1",1,521,"keypress"
"s3.dat","t238","JASTOM",191,"pseudorec","forw","3",1,651,"keypress"
"s3.dat","t136","AZBESČ",192,"pseudorec","backw","3",1,801,"keypress"
"s3.dat","t188","KOKTEZ",193,"pseudorec","forw","3",1,791,"keypress"
"s3.dat","t87","STAKLO",194,"rec","forw","1",1,510,"keypress"
"s3.dat","t174","ZIDIB",195,"pseudorec","backw","3",1,701,"keypress"
"s3.dat","t39","AKUOP",196,"rec","backw","3",0,NA,"keypress"
"s3.dat","t35","DIKSAR",197,"rec","backw","None",0,NA,"keypress"
"s3.dat","t225","TUMOČ",199,"pseudorec","forw","1",0,NA,"keypress"
"s3.dat","t25","CANAL",200,"rec","backw","None",0,NA,"keypress"
"s3.dat","t13","ANJAT",203,"rec","backw","1",1,1042,"keypress"
"s3.dat","t226","RITUAC",204,"pseudorec","forw","None",0,NA,"keypress"
"s3.dat","t122","FETUP",206,"pseudorec","backw","None",0,NA,"keypress"
"s3.dat","t132","AVANČ",208,"pseudorec","backw","None",0,NA,"keypress"
"s3.dat","t104","EFEKAT",210,"rec","forw","1",1,722,"keypress"
"s3.dat","t77","KESTEN",211,"rec","forw","1",1,591,"keypress"
"s3.dat","t19","AJIKAR",212,"rec","backw","3",0,NA,"keypress"
"s3.dat","t8","ADVARP",213,"rec","backw","3",0,NA,"keypress"
"s3.dat","t94","DEOBA",214,"rec","forw","1",1,631,"keypress"
"s3.dat","t237","FAGOH",215,"pseudorec","forw","3",1,611,"keypress"
"s3.dat","t200","KOSMOR",216,"pseudorec","forw","1",0,NA,"keypress"
"s3.dat","t34","VILPU",217,"rec","backw","3",0,NA,"keypress"
"s3.dat","t1","ADOTEM",218,"rec","backw","3",0,NA,"keypress"
"s3.dat","t20","CANOK",219,"rec","backw","3",0,NA,"keypress"
"s3.dat","t37","ADUBOP",220,"rec","backw","3",0,NA,"keypress"
"s3.dat","t219","REDAF",221,"pseudorec","forw","3",1,641,"keypress"
"s3.dat","t22","TSARH",222,"rec","backw","3",0,NA,"keypress"
"s3.dat","t162","NAKOČ",223,"pseudorec","backw","3",1,791,"keypress"
"s3.dat","t92","INTIMA",224,"rec","forw","1",1,741,"keypress"
"s3.dat","t78","JASTUK",225,"rec","forw","1",1,431,"keypress"
"s3.dat","t6","AVONBO",226,"rec","backw","1",1,1322,"keypress"
"s3.dat","t153","LOSIOR",228,"pseudorec","backw","3",1,831,"keypress"
"s3.dat","t170","ŠESTAM",229,"pseudorec","backw","3",1,1152,"keypress"
"s3.dat","t154","SKRON",230,"pseudorec","backw","3",1,821,"keypress"
"s3.dat","t117","ŠERPA",231,"rec","forw","1",1,771,"keypress"
"s3.dat","t125","AKSIOK",232,"pseudorec","backw","1",0,NA,"keypress"
"s3.dat","t47","ACEREP",233,"rec","backw","3",0,NA,"keypress"
"s3.dat","t50","KAMJAK",234,"rec","backw","3",0,NA,"keypress"
"s3.dat","t184","JEDNJAZ",235,"pseudorec","forw","3",1,641,"keypress"
"s3.dat","t70","NAPOR",236,"rec","forw","1",1,701,"keypress"
"s3.dat","t49","ALGEP",237,"rec","backw","3",0,NA,"keypress"
"s3.dat","t166","BIOLOR",238,"pseudorec","backw","3",1,591,"keypress"
"s3.dat","t213","ODVOC",239,"pseudorec","forw","3",1,701,"keypress"
"s3.dat","t48","ALCUC",240,"rec","backw","3",0,NA,"keypress"
"s3.dat","t203","KONDOP",241,"pseudorec","forw","3",1,872,"keypress"
"s3.dat","t5","TSOLAŽ",242,"rec","backw","1",1,1092,"keypress"
"s3.dat","t46","ALKEVC",243,"rec","backw","3",0,NA,"keypress"
"s3.dat","t2","MAJOP",244,"rec","backw","3",0,NA,"keypress"
"s3.dat","t143","BATAZ",245,"pseudorec","backw","None",0,NA,"keypress"
"s3.dat","t173","LENJOČ",247,"pseudorec","backw","3",1,831,"keypress"
"s3.dat","t160","GEOLOT",248,"pseudorec","backw","3",1,1062,"keypress"
"s3.dat","t69","SUMNJA",250,"rec","forw","1",1,671,"keypress"
"s3.dat","t197","KLIKET",251,"pseudorec","forw","3",1,932,"keypress"
"s3.dat","t51","NARAŠ",252,"rec","backw","3",0,NA,"keypress"
"s3.dat","t142","KEDAP",253,"pseudorec","backw","3",1,991,"keypress"
"s3.dat","t53","AMALAS",254,"rec","backw","3",0,NA,"keypress"
"s3.dat","t108","KOMPOT",255,"rec","forw","1",1,801,"keypress"
"s3.dat","t198","NITKOZ",256,"pseudorec","forw","3",1,901,"keypress"
"s3.dat","t4","ATEVSO",257,"rec","backw","3",0,NA,"keypress"
"s3.dat","t71","RAZVOJ",259,"rec","forw","1",1,550,"keypress"
"s4.dat","t18","KUDNAS",1,"rec","backw","3",0,NA,"keypress"
"s4.dat","t97","MANJAK",2,"rec","forw","1",1,701,"keypress"
"s4.dat","t190","METAT",3,"pseudorec","forw","3",1,891,"keypress"
"s4.dat","t214","PIJAD",4,"pseudorec","forw","3",1,1182,"keypress"
"s4.dat","t108","KOMPOT",5,"rec","forw","1",1,1242,"keypress"
"s4.dat","t68","UTISAK",6,"rec","forw","1",1,551,"keypress"
"s4.dat","t92","INTIMA",7,"rec","forw","1",1,571,"keypress"
"s4.dat","t126","FELJTOZ",8,"pseudorec","backw","3",1,961,"keypress"
"s4.dat","t141","CIMEC",9,"pseudorec","backw","3",1,1412,"keypress"
"s4.dat","t49","ALGEP",10,"rec","backw","None",0,NA,"keypress"
"s4.dat","t51","NARAŠ",12,"rec","backw","3",0,NA,"keypress"
"s4.dat","t187","VEŠTAB",13,"pseudorec","forw","None",0,NA,"keypress"
"s4.dat","t220","BUMBAG",15,"pseudorec","forw","3",1,821,"keypress"
"s4.dat","t112","TORTA",16,"rec","forw","1",1,441,"keypress"
"s4.dat","t225","TUMOČ",17,"pseudorec","forw","3",1,1142,"keypress"
"s4.dat","t24","RITPEL",18,"rec","backw","3",0,NA,"keypress"
"s4.dat","t65","IDEJA",19,"rec","forw","1",1,540,"keypress"
"s4.dat","t105","OPREZ",20,"rec","forw","1",1,530,"keypress"
"s4.dat","t14","HARTS",21,"rec","backw","3",0,NA,"keypress"
"s4.dat","t29","EĆEVC",22,"rec","backw","1",1,1362,"keypress"
"s4.dat","t238","JASTOM",23,"pseudorec","forw","3",1,1462,"keypress"
"s4.dat","t69","SUMNJA",24,"rec","forw","1",1,531,"keypress"
"s4.dat","t71","RAZVOJ",25,"rec","forw","1",1,591,"keypress"
"s4.dat","t196","BIZOK",26,"pseudorec","forw","3",1,1182,"keypress"
"s4.dat","t203","KONDOP",27,"pseudorec","forw","3",1,1322,"keypress"
"s4.dat","t153","LOSIOR",28,"pseudorec","backw","None",0,NA,"keypress"
"s4.dat","t55","SUTKAK",30,"rec","backw","3",0,NA,"keypress"
"s4.dat","t81","KAMION",31,"rec","forw","1",1,461,"keypress"
"s4.dat","t67","PROPIS",32,"rec","forw","1",1,511,"keypress"
"s4.dat","t131","PATROZ",33,"pseudorec","backw","3",1,792,"keypress"
"s4.dat","t154","SKRON",34,"pseudorec","backw","3",1,1482,"keypress"
"s4.dat","t166","BIOLOR",35,"pseudorec","backw","3",1,1102,"keypress"
"s4.dat","t91","NABOJ",36,"rec","forw","1",1,611,"keypress"
"s4.dat","t25","CANAL",37,"rec","backw","1",1,1311,"keypress"
"s4.dat","t84","ŠKOLJKA",38,"rec","forw","1",1,561,"keypress"
"s4.dat","t122","FETUP",39,"pseudorec","backw","3",1,1372,"keypress"
"s4.dat","t217","REZAG",40,"pseudorec","forw","None",0,NA,"keypress"
"s4.dat","t44","ATEJUS",42,"rec","backw","3",0,NA,"keypress"
"s4.dat","t21","BELAG",43,"rec","backw","1",1,1172,"keypress"
"s4.dat","t43","ANEMAN",44,"rec","backw","None",0,NA,"keypress"
"s4.dat","t37","ADUBOP",46,"rec","backw","1",1,1322,"keypress"
"s4.dat","t66","OTPOR",47,"rec","forw","1",1,611,"keypress"
"s4.dat","t212","KRETEP",48,"pseudorec","forw","3",1,1112,"keypress"
"s4.dat","t136","AZBESČ",49,"pseudorec","backw","3",1,831,"keypress"
"s4.dat","t152","VEŠTAP",50,"pseudorec","backw","3",1,871,"keypress"
"s4.dat","t183","GURMAB",51,"pseudorec","forw","3",1,1202,"keypress"
"s4.dat","t232","FAZOR",52,"pseudorec","forw","3",1,1462,"keypress"
"s4.dat","t189","BEĆAŠ",53,"pseudorec","forw","3",1,1171,"keypress"
"s4.dat","t184","JEDNJAZ",54,"pseudorec","forw","3",1,1332,"keypress"
"s4.dat","t240","TRILEN",55,"pseudorec","forw","None",0,NA,"keypress"
"s4.dat","t33","EMONER",57,"rec","backw","None",0,NA,"keypress"
"s4.dat","t169","CIGAF",59,"pseudorec","backw","3",1,811,"keypress"
"s4.dat","t52","NAZAF",60,"rec","backw","1",1,1072,"keypress"
"s4.dat","t211","FLUOŠ",61,"pseudorec","forw","3",1,1422,"keypress"
"s4.dat","t176","NAGIR",62,"pseudorec","backw","3",1,1192,"keypress"
"s4.dat","t119","KECELJA",64,"rec","forw","1",1,621,"keypress"
"s4.dat","t168","ĆUMEP",65,"pseudorec","backw","3",1,1262,"keypress"
"s4.dat","t36","SLUPMI",66,"rec","backw","3",0,NA,"keypress"
"s4.dat","t11","OASIMS",67,"rec","backw","None",0,NA,"keypress"
"s4.dat","t94","DEOBA",69,"rec","forw","1",1,842,"keypress"
"s4.dat","t138","KAPLAB",70,"pseudorec","backw","3",1,971,"keypress"
"s4.dat","t7","TSIROK",71,"rec","backw","None",0,NA,"keypress"
"s4.dat","t103","NEDELO",73,"rec","forw","1",1,771,"keypress"
"s4.dat","t26","NALBAJ",74,"rec","backw","None",0,NA,"keypress"
"s4.dat","t123","NEUKUD",76,"pseudorec","backw","None",0,NA,"keypress"
"s4.dat","t54","AKUTŠ",78,"rec","backw","1",1,1042,"keypress"
"s4.dat","t38","AMGOD",79,"rec","backw","1",1,962,"keypress"
"s4.dat","t172","LIMIR",80,"pseudorec","backw","3",1,921,"keypress"
"s4.dat","t106","KENGUR",81,"rec","forw","3",0,NA,"keypress"
"s4.dat","t208","TIKEN",82,"pseudorec","forw","3",1,1372,"keypress"
"s4.dat","t12","ĆOMOP",83,"rec","backw","1",1,1091,"keypress"
"s4.dat","t42","ROMAZ",84,"rec","backw","1",1,801,"keypress"
"s4.dat","t117","ŠERPA",85,"rec","forw","1",1,741,"keypress"
"s4.dat","t61","SUDBA",86,"rec","forw","1",1,501,"keypress"
"s4.dat","t188","KOKTEZ",87,"pseudorec","forw","3",1,941,"keypress"
"s4.dat","t167","KARBOZ",88,"pseudorec","backw","3",1,921,"keypress"
"s4.dat","t118","KAČKET",89,"rec","forw","1",1,501,"keypress"
"s4.dat","t134","LOTOG",90,"pseudorec","backw","3",1,812,"keypress"
"s4.dat","t125","AKSIOK",91,"pseudorec","backw","1",0,NA,"keypress"
"s4.dat","t201","DESPON",92,"pseudorec","forw","3",1,1492,"keypress"
"s4.dat","t4","ATEVSO",93,"rec","backw","1",1,1021,"keypress"
"s4.dat","t161","SVIRAZ",94,"pseudorec","backw","3",1,1341,"keypress"
"s4.dat","t228","FLANEG",95,"pseudorec","forw","3",1,1272,"keypress"
"s4.dat","t50","KAMJAK",96,"rec","backw","3",0,NA,"keypress"
"s4.dat","t223","IZOTOC",97,"pseudorec","forw","None",0,NA,"keypress"
"s4.dat","t145","HAMEŠ",99,"pseudorec","backw","3",1,1112,"keypress"
"s4.dat","t219","REDAF",100,"pseudorec","forw","3",1,992,"keypress"
"s4.dat","t227","VITALJ",102,"pseudorec","forw","3",1,951,"keypress"
"s4.dat","t178","STALAV",104,"pseudorec","backw","3",1,1251,"keypress"
"s4.dat","t48","ALCUC",105,"rec","backw","1",1,1221,"keypress"
"s4.dat","t198","NITKOZ",106,"pseudorec","forw","3",1,1352,"keypress"
"s4.dat","t32","HULSOD",107,"rec","backw","1",1,1392,"keypress"
"s4.dat","t135","FALUČ",108,"pseudorec","backw","3",1,1092,"keypress"
"s4.dat","t231","KENGUN",109,"pseudorec","forw","3",1,961,"keypress"
"s4.dat","t87","STAKLO",110,"rec","forw","1",1,731,"keypress"
"s4.dat","t57","SOKOK",111,"rec","backw","3",0,NA,"keypress"
"s4.dat","t160","GEOLOT",112,"pseudorec","backw","3",1,1443,"keypress"
"s4.dat","t73","ISTINA",113,"rec","forw","1",1,571,"keypress"
"s4.dat","t20","CANOK",114,"rec","backw","1",1,1112,"keypress"
"s4.dat","t28","AKILS",115,"rec","backw","None",0,NA,"keypress"
"s4.dat","t30","AVART",117,"rec","backw","1",1,1132,"keypress"
"s4.dat","t116","ČAPLJA",118,"rec","forw","1",1,651,"keypress"
"s4.dat","t182","DOLAŠ",119,"pseudorec","forw","3",1,991,"keypress"
"s4.dat","t107","ČIODA",120,"rec","forw","1",1,852,"keypress"
"s4.dat","t72","USPEH",121,"rec","forw","1",1,491,"keypress"
"s4.dat","t90","PTICA",122,"rec","forw","1",1,471,"keypress"
"s4.dat","t62","UZROK",123,"rec","forw","1",1,490,"keypress"
"s4.dat","t59","AČUPAP",124,"rec","backw","1",1,1121,"keypress"
"s4.dat","t233","NAMAG",125,"pseudorec","forw","3",1,1041,"keypress"
"s4.dat","t19","AJIKAR",126,"rec","backw","1",1,1082,"keypress"
"s4.dat","t162","NAKOČ",127,"pseudorec","backw","None",0,NA,"keypress"
"s4.dat","t221","CELEP",129,"pseudorec","forw","3",1,991,"keypress"
"s4.dat","t197","KLIKET",130,"pseudorec","forw","3",1,932,"keypress"
"s4.dat","t149","VISAR",131,"pseudorec","backw","3",1,1021,"keypress"
"s4.dat","t213","ODVOC",132,"pseudorec","forw","None",0,NA,"keypress"
"s4.dat","t111","PELENA",134,"rec","forw","1",1,561,"keypress"
"s4.dat","t222","TREGEN",135,"pseudorec","forw","3",1,691,"keypress"
"s4.dat","t46","ALKEVC",136,"rec","backw","1",1,1181,"keypress"
"s4.dat","t173","LENJOČ",137,"pseudorec","backw","3",1,981,"keypress"
"s4.dat","t140","UZGOT",138,"pseudorec","backw","3",1,1022,"keypress"
"s4.dat","t77","KESTEN",139,"rec","forw","1",1,471,"keypress"
"s4.dat","t102","PROFIT",140,"rec","forw","1",1,1172,"keypress"
"s4.dat","t132","AVANČ",141,"pseudorec","backw","3",1,1212,"keypress"
"s4.dat","t230","KONZUP",142,"pseudorec","forw","3",1,1222,"keypress"
"s4.dat","t82","KLAVIR",143,"rec","forw","1",1,501,"keypress"
"s4.dat","t144","SLANIB",144,"pseudorec","backw","3",1,1232,"keypress"
"s4.dat","t229","NABOH",145,"pseudorec","forw","3",1,942,"keypress"
"s4.dat","t41","ABOGET",146,"rec","backw","1",1,1352,"keypress"
"s4.dat","t177","MELED",147,"pseudorec","backw","3",1,1282,"keypress"
"s4.dat","t226","RITUAC",148,"pseudorec","forw","3",1,1402,"keypress"
"s4.dat","t157","ŠAPTAK",149,"pseudorec","backw","3",1,961,"keypress"
"s4.dat","t64","MILOST",150,"rec","forw","1",1,591,"keypress"
"s4.dat","t88","KNJIGA",151,"rec","forw","1",1,401,"keypress"
"s4.dat","t175","AKCENAŠ",152,"pseudorec","backw","3",1,1012,"keypress"
"s4.dat","t142","KEDAP",153,"pseudorec","backw","3",1,1122,"keypress"
"s4.dat","t195","TOTEK",154,"pseudorec","forw","3",1,1342,"keypress"
"s4.dat","t218","EPITEZ",155,"pseudorec","forw","3",1,1012,"keypress"
"s4.dat","t110","KLIKER",156,"rec","forw","1",1,621,"keypress"
"s4.dat","t129","AFEKAL",158,"pseudorec","backw","None",0,NA,"keypress"
"s4.dat","t79","KOLICA",160,"rec","forw","1",1,501,"keypress"
"s4.dat","t3","JACITU",161,"rec","backw","3",0,NA,"keypress"
"s4.dat","t179","KANTAC",162,"pseudorec","backw","1",0,NA,"keypress"
"s4.dat","t5","TSOLAŽ",163,"rec","backw","1",1,1292,"keypress"
"s4.dat","t151","PASAM",164,"pseudorec","backw","3",1,942,"keypress"
"s4.dat","t165","SIRUL",165,"pseudorec","backw","3",1,921,"keypress"
"s4.dat","t100","RASPON",166,"rec","forw","1",1,751,"keypress"
"s4.dat","t39","AKUOP",167,"rec","backw","3",0,NA,"keypress"
"s4.dat","t143","BATAZ",168,"pseudorec","backw","3",1,1372,"keypress"
"s4.dat","t58","ANANAB",169,"rec","backw","1",1,971,"keypress"
"s4.dat","t98","UŽITAK",170,"rec","forw","1",1,761,"keypress"
"s4.dat","t199","KLIPAĆ",171,"pseudorec","forw","3",1,901,"keypress"
"s4.dat","t86","LOPTA",172,"rec","forw","1",1,440,"keypress"
"s4.dat","t40","TLOVER",173,"rec","backw","3",0,NA,"keypress"
"s4.dat","t31","AKITE",174,"rec","backw","3",0,NA,"keypress"
"s4.dat","t96","ELITA",175,"rec","forw","1",1,521,"keypress"
"s4.dat","t209","HARAK",176,"pseudorec","forw","3",1,1112,"keypress"
"s4.dat","t181","TANIH",177,"pseudorec","forw","3",1,1132,"keypress"
"s4.dat","t210","SATEP",178,"pseudorec","forw","3",1,1192,"keypress"
"s4.dat","t74","ODNOS",179,"rec","forw","1",1,631,"keypress"
"s4.dat","t155","KAUBOT",181,"pseudorec","backw","None",0,NA,"keypress"
"s4.dat","t158","ĆEVAK",183,"pseudorec","backw","3",1,1111,"keypress"
"s4.dat","t120","OLOVKA",184,"rec","forw","1",1,631,"keypress"
"s4.dat","t170","ŠESTAM",185,"pseudorec","backw","3",1,881,"keypress"
"s4.dat","t207","BONTOZ",186,"pseudorec","forw","3",1,1261,"keypress"
"s4.dat","t147","VELUT",187,"pseudorec","backw","3",1,1151,"keypress"
"s4.dat","t6","AVONBO",188,"rec","backw","1",1,1312,"keypress"
"s4.dat","t191","VERMUJ",189,"pseudorec","forw","None",0,NA,"keypress"
"s4.dat","t8","ADVARP",191,"rec","backw","3",0,NA,"keypress"
"s4.dat","t200","KOSMOR",192,"pseudorec","forw","3",1,1392,"keypress"
"s4.dat","t115","PRASE",193,"rec","forw","1",1,621,"keypress"
"s4.dat","t45","DOHSI",194,"rec","backw","1",1,1102,"keypress"
"s4.dat","t192","IRVAB",195,"pseudorec","forw","1",0,NA,"keypress"
"s4.dat","t159","MADAZ",196,"pseudorec","backw","3",1,1302,"keypress"
"s4.dat","t113","ZEBRA",197,"rec","forw","1",1,852,"keypress"
"s4.dat","t76","SAPUN",198,"rec","forw","1",1,571,"keypress"
"s4.dat","t56","ARBOK",199,"rec","backw","3",0,NA,"keypress"
"s4.dat","t89","VRATA",200,"rec","forw","1",1,430,"keypress"
"s4.dat","t109","LAVOR",201,"rec","forw","1",1,861,"keypress"
"s4.dat","t1","ADOTEM",202,"rec","backw","1",1,1182,"keypress"
"s4.dat","t237","FAGOH",203,"pseudorec","forw","3",1,1172,"keypress"
"s4.dat","t63","CELINA",204,"rec","forw","1",1,521,"keypress"
"s4.dat","t75","LJUBAV",205,"rec","forw","1",1,501,"keypress"
"s4.dat","t101","ISPAD",206,"rec","forw","1",1,501,"keypress"
"s4.dat","t193","PROLOZ",207,"pseudorec","forw","1",0,NA,"keypress"
"s4.dat","t235","MAHET",208,"pseudorec","forw","3",1,1072,"keypress"
"s4.dat","t174","ZIDIB",209,"pseudorec","backw","3",1,871,"keypress"
"s4.dat","t156","PUDINC",210,"pseudorec","backw","3",1,1071,"keypress"
"s4.dat","t93","BAROK",211,"rec","forw","1",1,751,"keypress"
"s4.dat","t127","RATLUZ",212,"pseudorec","backw","3",1,941,"keypress"
"s4.dat","t60","ATAPOL",213,"rec","backw","1",1,1162,"keypress"
"s4.dat","t205","EVNUB",214,"pseudorec","forw","None",0,NA,"keypress"
"s4.dat","t104","EFEKAT",216,"rec","forw","1",1,591,"keypress"
"s4.dat","t17","AVKOMS",217,"rec","backw","1",1,1101,"keypress"
"s4.dat","t206","ARHID",218,"pseudorec","forw","3",1,1332,"keypress"
"s4.dat","t85","PEPEO",219,"rec","forw","1",1,511,"keypress"
"s4.dat","t22","TSARH",220,"rec","backw","3",0,NA,"keypress"
"s4.dat","t10","TSEVS",221,"rec","backw","3",0,NA,"keypress"
"s4.dat","t130","POVEJ",222,"pseudorec","backw","3",1,1011,"keypress"
"s4.dat","t171","FOKUJ",223,"pseudorec","backw","3",1,1111,"keypress"
"s4.dat","t146","DRIPAG",224,"pseudorec","backw","3",1,1302,"keypress"
"s4.dat","t16","AJITUK",225,"rec","backw","1",1,981,"keypress"
"s4.dat","t47","ACEREP",226,"rec","backw","1",1,922,"keypress"
"s4.dat","t164","BILTEG",227,"pseudorec","backw","None",0,NA,"keypress"
"s4.dat","t128","MASLAB",229,"pseudorec","backw","3",1,791,"keypress"
"s4.dat","t114","LIKER",230,"rec","forw","1",1,981,"keypress"
"s4.dat","t9","GOLZAR",231,"rec","backw","1",1,1181,"keypress"
"s4.dat","t133","LIRIZ",232,"pseudorec","backw","3",1,1241,"keypress"
"s4.dat","t70","NAPOR",233,"rec","forw","1",1,641,"keypress"
"s4.dat","t137","STICAP",234,"pseudorec","backw","3",1,941,"keypress"
"s4.dat","t99","ZAKUP",235,"rec","forw","1",1,671,"keypress"
"s4.dat","t23","OTALB",237,"rec","backw","1",1,1062,"keypress"
"s4.dat","t95","OPSEG",238,"rec","forw","1",1,751,"keypress"
"s4.dat","t27","OKELM",239,"rec","backw","1",1,911,"keypress"
"s4.dat","t53","AMALAS",240,"rec","backw","1",1,1031,"keypress"
"s4.dat","t180","FILTEB",241,"pseudorec","backw","3",1,952,"keypress"
"s4.dat","t150","FLUIŠ",242,"pseudorec","backw","3",1,1162,"keypress"
"s4.dat","t124","SPANAR",243,"pseudorec","backw","3",1,1232,"keypress"
"s4.dat","t13","ANJAT",244,"rec","backw","3",0,NA,"keypress"
"s4.dat","t216","IDIOB",245,"pseudorec","forw","3",1,1031,"keypress"
"s4.dat","t78","JASTUK",246,"rec","forw","1",1,541,"keypress"
"s4.dat","t139","HIBRIF",248,"pseudorec","backw","3",1,841,"keypress"
"s4.dat","t224","DISTIC",249,"pseudorec","forw","3",1,1012,"keypress"
"s4.dat","t15","AGANS",250,"rec","backw","1",1,902,"keypress"
"s4.dat","t239","RUNDOG",251,"pseudorec","forw","3",1,1191,"keypress"
"s4.dat","t35","DIKSAR",252,"rec","backw","None",0,NA,"keypress"
"s4.dat","t2","MAJOP",254,"rec","backw","None",0,NA,"keypress"
"s4.dat","t163","PRESEB",256,"pseudorec","backw","None",0,NA,"keypress"
"s4.dat","t148","BAZAP",258,"pseudorec","backw","3",1,1042,"keypress"
"s4.dat","t202","PANTEK",259,"pseudorec","forw","3",1,1001,"keypress"
"s4.dat","t83","ZAVESA",260,"rec","forw","1",1,630,"keypress"
"s4.dat","t121","KORDOB",261,"pseudorec","backw","1",0,NA,"keypress"
"s4.dat","t204","BILIOD",262,"pseudorec","forw","3",1,1071,"keypress"
"s4.dat","t34","VILPU",263,"rec","backw","3",0,NA,"keypress"
"s5.dat","t94","DEOBA",1,"rec","forw","1",1,791,"keypress"
"s5.dat","t19","AJIKAR",2,"rec","backw","3",0,NA,"keypress"
"s5.dat","t142","KEDAP",3,"pseudorec","backw","None",0,NA,"keypress"
"s5.dat","t199","KLIPAĆ",5,"pseudorec","forw","1",0,NA,"keypress"
"s5.dat","t171","FOKUJ",6,"pseudorec","backw","3",1,882,"keypress"
"s5.dat","t105","OPREZ",7,"rec","forw","1",1,671,"keypress"
"s5.dat","t1","ADOTEM",8,"rec","backw","None",0,NA,"keypress"
"s5.dat","t147","VELUT",10,"pseudorec","backw","3",1,1262,"keypress"
"s5.dat","t63","CELINA",11,"rec","forw","1",1,671,"keypress"
"s5.dat","t137","STICAP",12,"pseudorec","backw","None",0,NA,"keypress"
"s5.dat","t134","LOTOG",16,"pseudorec","backw","None",0,NA,"keypress"
"s5.dat","t64","MILOST",18,"rec","forw","1",1,821,"keypress"
"s5.dat","t207","BONTOZ",19,"pseudorec","forw","3",1,1332,"keypress"
"s5.dat","t61","SUDBA",20,"rec","forw","1",1,501,"keypress"
"s5.dat","t71","RAZVOJ",21,"rec","forw","1",1,501,"keypress"
"s5.dat","t158","ĆEVAK",22,"pseudorec","backw","3",1,822,"keypress"
"s5.dat","t38","AMGOD",23,"rec","backw","1",1,1222,"keypress"
"s5.dat","t132","AVANČ",24,"pseudorec","backw","3",1,1092,"keypress"
"s5.dat","t51","NARAŠ",25,"rec","backw","None",0,NA,"keypress"
"s5.dat","t33","EMONER",28,"rec","backw","3",0,NA,"keypress"
"s5.dat","t47","ACEREP",29,"rec","backw","3",0,NA,"keypress"
"s5.dat","t225","TUMOČ",30,"pseudorec","forw","3",1,1091,"keypress"
"s5.dat","t14","HARTS",31,"rec","backw","3",0,NA,"keypress"
"s5.dat","t148","BAZAP",32,"pseudorec","backw","3",1,631,"keypress"
"s5.dat","t73","ISTINA",33,"rec","forw","1",1,501,"keypress"
"s5.dat","t136","AZBESČ",34,"pseudorec","backw","3",1,791,"keypress"
"s5.dat","t146","DRIPAG",35,"pseudorec","backw","3",1,631,"keypress"
"s5.dat","t60","ATAPOL",36,"rec","backw","1",1,1242,"keypress"
"s5.dat","t21","BELAG",37,"rec","backw","3",0,NA,"keypress"
"s5.dat","t129","AFEKAL",38,"pseudorec","backw","None",0,NA,"keypress"
"s5.dat","t154","SKRON",40,"pseudorec","backw","None",0,NA,"keypress"
"s5.dat","t23","OTALB",42,"rec","backw","1",1,1082,"keypress"
"s5.dat","t233","NAMAG",43,"pseudorec","forw","3",1,1192,"keypress"
"s5.dat","t74","ODNOS",44,"rec","forw","1",1,641,"keypress"
"s5.dat","t50","KAMJAK",45,"rec","backw","1",1,721,"keypress"
"s5.dat","t2","MAJOP",46,"rec","backw","1",1,931,"keypress"
"s5.dat","t226","RITUAC",47,"pseudorec","forw","3",1,962,"keypress"
"s5.dat","t42","ROMAZ",48,"rec","backw","3",0,NA,"keypress"
"s5.dat","t151","PASAM",49,"pseudorec","backw","None",0,NA,"keypress"
"s5.dat","t72","USPEH",51,"rec","forw","1",1,591,"keypress"
"s5.dat","t141","CIMEC",52,"pseudorec","backw","3",1,671,"keypress"
"s5.dat","t187","VEŠTAB",53,"pseudorec","forw","1",0,NA,"keypress"
"s5.dat","t175","AKCENAŠ",54,"pseudorec","backw","3",1,251,"keypress"
"s5.dat","t43","ANEMAN",55,"rec","backw","1",1,310,"keypress"
"s5.dat","t206","ARHID",56,"pseudorec","forw","3",1,540,"keypress"
"s5.dat","t58","ANANAB",57,"rec","backw","1",1,1041,"keypress"
"s5.dat","t197","KLIKET",58,"pseudorec","forw","3",1,681,"keypress"
"s5.dat","t209","HARAK",59,"pseudorec","forw","3",1,871,"keypress"
"s5.dat","t172","LIMIR",60,"pseudorec","backw","3",1,1261,"keypress"
"s5.dat","t212","KRETEP",61,"pseudorec","forw","3",1,1011,"keypress"
"s5.dat","t16","AJITUK",62,"rec","backw","3",0,NA,"keypress"
"s5.dat","t135","FALUČ",63,"pseudorec","backw","3",1,711,"keypress"
"s5.dat","t22","TSARH",64,"rec","backw","3",0,NA,"keypress"
"s5.dat","t201","DESPON",65,"pseudorec","forw","3",1,1422,"keypress"
"s5.dat","t70","NAPOR",66,"rec","forw","1",1,521,"keypress"
"s5.dat","t96","ELITA",67,"rec","forw","1",1,701,"keypress"
"s5.dat","t100","RASPON",68,"rec","forw","1",1,491,"keypress"
"s5.dat","t165","SIRUL",69,"pseudorec","backw","3",1,961,"keypress"
"s5.dat","t53","AMALAS",70,"rec","backw","3",0,NA,"keypress"
"s5.dat","t219","REDAF",71,"pseudorec","forw","3",1,731,"keypress"
"s5.dat","t99","ZAKUP",72,"rec","forw","1",1,561,"keypress"
"s5.dat","t217","REZAG",73,"pseudorec","forw","3",1,591,"keypress"
"s5.dat","t25","CANAL",74,"rec","backw","1",1,1172,"keypress"
"s5.dat","t26","NALBAJ",75,"rec","backw","3",0,NA,"keypress"
"s5.dat","t115","PRASE",76,"rec","forw","1",1,681,"keypress"
"s5.dat","t85","PEPEO",77,"rec","forw","1",1,630,"keypress"
"s5.dat","t114","LIKER",78,"rec","forw","1",1,611,"keypress"
"s5.dat","t131","PATROZ",79,"pseudorec","backw","3",1,841,"keypress"
"s5.dat","t55","SUTKAK",80,"rec","backw","3",0,NA,"keypress"
"s5.dat","t188","KOKTEZ",81,"pseudorec","forw","3",1,681,"keypress"
"s5.dat","t214","PIJAD",82,"pseudorec","forw","3",1,922,"keypress"
"s5.dat","t52","NAZAF",83,"rec","backw","1",1,931,"keypress"
"s5.dat","t6","AVONBO",84,"rec","backw","3",0,NA,"keypress"
"s5.dat","t49","ALGEP",85,"rec","backw","3",0,NA,"keypress"
"s5.dat","t160","GEOLOT",86,"pseudorec","backw","3",1,841,"keypress"
"s5.dat","t98","UŽITAK",87,"rec","forw","1",1,571,"keypress"
"s5.dat","t159","MADAZ",88,"pseudorec","backw","3",1,1022,"keypress"
"s5.dat","t121","KORDOB",89,"pseudorec","backw","1",0,NA,"keypress"
"s5.dat","t88","KNJIGA",90,"rec","forw","1",1,521,"keypress"
"s5.dat","t177","MELED",91,"pseudorec","backw","3",1,951,"keypress"
"s5.dat","t216","IDIOB",92,"pseudorec","forw","3",1,1031,"keypress"
"s5.dat","t240","TRILEN",93,"pseudorec","forw","3",1,1091,"keypress"
"s5.dat","t140","UZGOT",94,"pseudorec","backw","3",1,812,"keypress"
"s5.dat","t75","LJUBAV",95,"rec","forw","1",1,541,"keypress"
"s5.dat","t34","VILPU",96,"rec","backw","3",0,NA,"keypress"
"s5.dat","t213","ODVOC",97,"pseudorec","forw","3",1,581,"keypress"
"s5.dat","t232","FAZOR",98,"pseudorec","forw","3",1,891,"keypress"
"s5.dat","t123","NEUKUD",99,"pseudorec","backw","3",1,1042,"keypress"
"s5.dat","t29","EĆEVC",100,"rec","backw","3",0,NA,"keypress"
"s5.dat","t164","BILTEG",101,"pseudorec","backw","3",1,1152,"keypress"
"s5.dat","t203","KONDOP",102,"pseudorec","forw","3",1,1252,"keypress"
"s5.dat","t116","ČAPLJA",103,"rec","forw","1",1,731,"keypress"
"s5.dat","t86","LOPTA",104,"rec","forw","1",1,641,"keypress"
"s5.dat","t230","KONZUP",105,"pseudorec","forw","3",1,711,"keypress"
"s5.dat","t218","EPITEZ",106,"pseudorec","forw","3",1,781,"keypress"
"s5.dat","t237","FAGOH",107,"pseudorec","forw","3",1,831,"keypress"
"s5.dat","t178","STALAV",108,"pseudorec","backw","3",1,1432,"keypress"
"s5.dat","t229","NABOH",109,"pseudorec","forw","3",1,741,"keypress"
"s5.dat","t191","VERMUJ",110,"pseudorec","forw","3",1,1212,"keypress"
"s5.dat","t4","ATEVSO",111,"rec","backw","3",0,NA,"keypress"
"s5.dat","t122","FETUP",112,"pseudorec","backw","3",1,832,"keypress"
"s5.dat","t104","EFEKAT",113,"rec","forw","1",1,651,"keypress"
"s5.dat","t144","SLANIB",114,"pseudorec","backw","3",1,1072,"keypress"
"s5.dat","t174","ZIDIB",115,"pseudorec","backw","3",1,721,"keypress"
"s5.dat","t90","PTICA",116,"rec","forw","1",1,531,"keypress"
"s5.dat","t12","ĆOMOP",117,"rec","backw","3",0,NA,"keypress"
"s5.dat","t84","ŠKOLJKA",118,"rec","forw","1",1,591,"keypress"
"s5.dat","t130","POVEJ",119,"pseudorec","backw","3",1,511,"keypress"
"s5.dat","t190","METAT",121,"pseudorec","forw","3",1,741,"keypress"
"s5.dat","t198","NITKOZ",122,"pseudorec","forw","3",1,581,"keypress"
"s5.dat","t69","SUMNJA",123,"rec","forw","1",1,541,"keypress"
"s5.dat","t124","SPANAR",124,"pseudorec","backw","3",1,982,"keypress"
"s5.dat","t40","TLOVER",125,"rec","backw","3",0,NA,"keypress"
"s5.dat","t103","NEDELO",126,"rec","forw","3",0,NA,"keypress"
"s5.dat","t139","HIBRIF",127,"pseudorec","backw","3",1,531,"keypress"
"s5.dat","t220","BUMBAG",128,"pseudorec","forw","None",0,NA,"keypress"
"s5.dat","t32","HULSOD",130,"rec","backw","3",0,NA,"keypress"
"s5.dat","t7","TSIROK",131,"rec","backw","3",0,NA,"keypress"
"s5.dat","t108","KOMPOT",132,"rec","forw","1",1,1372,"keypress"
"s5.dat","t168","ĆUMEP",133,"pseudorec","backw","3",1,1222,"keypress"
"s5.dat","t46","ALKEVC",134,"rec","backw","3",0,NA,"keypress"
"s5.dat","t211","FLUOŠ",135,"pseudorec","forw","3",1,962,"keypress"
"s5.dat","t192","IRVAB",136,"pseudorec","forw","3",1,671,"keypress"
"s5.dat","t239","RUNDOG",137,"pseudorec","forw","3",1,952,"keypress"
"s5.dat","t31","AKITE",138,"rec","backw","3",0,NA,"keypress"
"s5.dat","t179","KANTAC",139,"pseudorec","backw","3",1,1192,"keypress"
"s5.dat","t82","KLAVIR",140,"rec","forw","1",1,631,"keypress"
"s5.dat","t149","VISAR",141,"pseudorec","backw","3",1,631,"keypress"
"s5.dat","t37","ADUBOP",142,"rec","backw","3",0,NA,"keypress"
"s5.dat","t45","DOHSI",143,"rec","backw","3",0,NA,"keypress"
"s5.dat","t180","FILTEB",144,"pseudorec","backw","3",1,581,"keypress"
"s5.dat","t162","NAKOČ",145,"pseudorec","backw","3",1,441,"keypress"
"s5.dat","t113","ZEBRA",146,"rec","forw","1",1,631,"keypress"
"s5.dat","t205","EVNUB",147,"pseudorec","forw","3",1,891,"keypress"
"s5.dat","t223","IZOTOC",148,"pseudorec","forw","3",1,1082,"keypress"
"s5.dat","t138","KAPLAB",149,"pseudorec","backw","None",0,NA,"keypress"
"s5.dat","t24","RITPEL",151,"rec","backw","None",0,NA,"keypress"
"s5.dat","t102","PROFIT",153,"rec","forw","1",1,821,"keypress"
"s5.dat","t231","KENGUN",154,"pseudorec","forw","3",1,781,"keypress"
"s5.dat","t125","AKSIOK",155,"pseudorec","backw","1",0,NA,"keypress"
"s5.dat","t66","OTPOR",156,"rec","forw","1",1,751,"keypress"
"s5.dat","t153","LOSIOR",157,"pseudorec","backw","3",1,1312,"keypress"
"s5.dat","t156","PUDINC",158,"pseudorec","backw","3",1,1271,"keypress"
"s5.dat","t10","TSEVS",159,"rec","backw","3",0,NA,"keypress"
"s5.dat","t155","KAUBOT",160,"pseudorec","backw","3",1,971,"keypress"
"s5.dat","t195","TOTEK",161,"pseudorec","forw","None",0,NA,"keypress"
"s5.dat","t145","HAMEŠ",163,"pseudorec","backw","3",1,681,"keypress"
"s5.dat","t35","DIKSAR",165,"rec","backw","1",1,852,"keypress"
"s5.dat","t59","AČUPAP",166,"rec","backw","3",0,NA,"keypress"
"s5.dat","t39","AKUOP",167,"rec","backw","3",0,NA,"keypress"
"s5.dat","t11","OASIMS",168,"rec","backw","3",0,NA,"keypress"
"s5.dat","t101","ISPAD",169,"rec","forw","1",1,781,"keypress"
"s5.dat","t181","TANIH",170,"pseudorec","forw","3",1,621,"keypress"
"s5.dat","t83","ZAVESA",171,"rec","forw","1",1,550,"keypress"
"s5.dat","t128","MASLAB",172,"pseudorec","backw","3",1,1402,"keypress"
"s5.dat","t189","BEĆAŠ",173,"pseudorec","forw","3",1,611,"keypress"
"s5.dat","t77","KESTEN",174,"rec","forw","1",1,651,"keypress"
"s5.dat","t20","CANOK",175,"rec","backw","3",0,NA,"keypress"
"s5.dat","t44","ATEJUS",176,"rec","backw","3",0,NA,"keypress"
"s5.dat","t97","MANJAK",177,"rec","forw","3",0,NA,"keypress"
"s5.dat","t227","VITALJ",178,"pseudorec","forw","3",1,741,"keypress"
"s5.dat","t204","BILIOD",179,"pseudorec","forw","3",1,541,"keypress"
"s5.dat","t62","UZROK",180,"rec","forw","1",1,631,"keypress"
"s5.dat","t5","TSOLAŽ",181,"rec","backw","None",0,NA,"keypress"
"s5.dat","t36","SLUPMI",183,"rec","backw","3",0,NA,"keypress"
"s5.dat","t167","KARBOZ",184,"pseudorec","backw","None",0,NA,"keypress"
"s5.dat","t110","KLIKER",186,"rec","forw","1",1,751,"keypress"
"s5.dat","t117","ŠERPA",187,"rec","forw","1",1,561,"keypress"
"s5.dat","t57","SOKOK",188,"rec","backw","3",0,NA,"keypress"
"s5.dat","t163","PRESEB",189,"pseudorec","backw","3",1,1452,"keypress"
"s5.dat","t93","BAROK",190,"rec","forw","3",0,NA,"keypress"
"s5.dat","t127","RATLUZ",191,"pseudorec","backw","3",1,991,"keypress"
"s5.dat","t3","JACITU",192,"rec","backw","3",0,NA,"keypress"
"s5.dat","t182","DOLAŠ",193,"pseudorec","forw","3",1,1212,"keypress"
"s5.dat","t87","STAKLO",194,"rec","forw","1",1,751,"keypress"
"s5.dat","t8","ADVARP",195,"rec","backw","3",0,NA,"keypress"
"s5.dat","t208","TIKEN",196,"pseudorec","forw","3",1,901,"keypress"
"s5.dat","t202","PANTEK",197,"pseudorec","forw","3",1,1161,"keypress"
"s5.dat","t112","TORTA",198,"rec","forw","1",1,761,"keypress"
"s5.dat","t89","VRATA",199,"rec","forw","1",1,591,"keypress"
"s5.dat","t9","GOLZAR",200,"rec","backw","None",0,NA,"keypress"
"s5.dat","t106","KENGUR",202,"rec","forw","1",1,751,"keypress"
"s5.dat","t166","BIOLOR",203,"pseudorec","backw","3",1,1432,"keypress"
"s5.dat","t152","VEŠTAP",204,"pseudorec","backw","None",0,NA,"keypress"
"s5.dat","t118","KAČKET",206,"rec","forw","1",1,661,"keypress"
"s5.dat","t133","LIRIZ",207,"pseudorec","backw","3",1,981,"keypress"
"s5.dat","t15","AGANS",208,"rec","backw","None",0,NA,"keypress"
"s5.dat","t107","ČIODA",210,"rec","forw","1",1,972,"keypress"
"s5.dat","t235","MAHET",211,"pseudorec","forw","3",1,681,"keypress"
"s5.dat","t109","LAVOR",212,"rec","forw","1",1,481,"keypress"
"s5.dat","t228","FLANEG",213,"pseudorec","forw","3",1,571,"keypress"
"s5.dat","t196","BIZOK",214,"pseudorec","forw","3",1,681,"keypress"
"s5.dat","t238","JASTOM",215,"pseudorec","forw","3",1,601,"keypress"
"s5.dat","t161","SVIRAZ",216,"pseudorec","backw","3",1,771,"keypress"
"s5.dat","t92","INTIMA",218,"rec","forw","1",1,661,"keypress"
"s5.dat","t56","ARBOK",219,"rec","backw","3",0,NA,"keypress"
"s5.dat","t13","ANJAT",220,"rec","backw","1",1,1182,"keypress"
"s5.dat","t176","NAGIR",221,"pseudorec","backw","3",1,911,"keypress"
"s5.dat","t68","UTISAK",222,"rec","forw","1",1,701,"keypress"
"s5.dat","t143","BATAZ",223,"pseudorec","backw","3",1,601,"keypress"
"s5.dat","t41","ABOGET",224,"rec","backw","3",0,NA,"keypress"
"s5.dat","t91","NABOJ",225,"rec","forw","1",1,681,"keypress"
"s5.dat","t48","ALCUC",226,"rec","backw","3",0,NA,"keypress"
"s5.dat","t111","PELENA",227,"rec","forw","1",1,611,"keypress"
"s5.dat","t67","PROPIS",228,"rec","forw","1",1,611,"keypress"
"s5.dat","t150","FLUIŠ",229,"pseudorec","backw","3",1,781,"keypress"
"s5.dat","t210","SATEP",230,"pseudorec","forw","3",1,751,"keypress"
"s5.dat","t224","DISTIC",231,"pseudorec","forw","3",1,611,"keypress"
"s5.dat","t81","KAMION",232,"rec","forw","1",1,551,"keypress"
"s5.dat","t95","OPSEG",233,"rec","forw","1",1,701,"keypress"
"s5.dat","t119","KECELJA",234,"rec","forw","1",1,501,"keypress"
"s5.dat","t54","AKUTŠ",235,"rec","backw","3",0,NA,"keypress"
"s5.dat","t169","CIGAF",236,"pseudorec","backw","3",1,1171,"keypress"
"s5.dat","t27","OKELM",237,"rec","backw","3",0,NA,"keypress"
"s5.dat","t126","FELJTOZ",238,"pseudorec","backw","3",1,691,"keypress"
"s5.dat","t17","AVKOMS",239,"rec","backw","3",0,NA,"keypress"
"s5.dat","t193","PROLOZ",240,"pseudorec","forw","3",1,1292,"keypress"
"s5.dat","t173","LENJOČ",241,"pseudorec","backw","3",1,1271,"keypress"
"s5.dat","t78","JASTUK",242,"rec","forw","1",1,631,"keypress"
"s5.dat","t222","TREGEN",243,"pseudorec","forw","3",1,1472,"keypress"
"s5.dat","t76","SAPUN",244,"rec","forw","1",1,561,"keypress"
"s5.dat","t120","OLOVKA",246,"rec","forw","1",1,641,"keypress"
"s5.dat","t30","AVART",247,"rec","backw","3",0,NA,"keypress"
"s5.dat","t170","ŠESTAM",248,"pseudorec","backw","3",1,1021,"keypress"
"s5.dat","t157","ŠAPTAK",249,"pseudorec","backw","1",0,NA,"keypress"
"s5.dat","t28","AKILS",250,"rec","backw","1",1,961,"keypress"
"s5.dat","t184","JEDNJAZ",251,"pseudorec","forw","3",1,1141,"keypress"
"s5.dat","t183","GURMAB",252,"pseudorec","forw","3",1,1061,"keypress"
"s5.dat","t200","KOSMOR",254,"pseudorec","forw","3",1,931,"keypress"
"s5.dat","t65","IDEJA",255,"rec","forw","1",1,531,"keypress"
"s5.dat","t221","CELEP",256,"pseudorec","forw","3",1,651,"keypress"
"s5.dat","t18","KUDNAS",257,"rec","backw","3",0,NA,"keypress"
"s5.dat","t79","KOLICA",258,"rec","forw","1",1,621,"keypress"
"s6.dat","t132","AVANČ",1,"pseudorec","backw","3",1,1031,"keypress"
"s6.dat","t77","KESTEN",2,"rec","forw","1",1,781,"keypress"
"s6.dat","t7","TSIROK",3,"rec","backw","None",0,NA,"keypress"
"s6.dat","t111","PELENA",5,"rec","forw","1",1,761,"keypress"
"s6.dat","t150","FLUIŠ",6,"pseudorec","backw","3",1,1202,"keypress"
"s6.dat","t153","LOSIOR",7,"pseudorec","backw","None",0,NA,"keypress"
"s6.dat","t87","STAKLO",9,"rec","forw","1",1,882,"keypress"
"s6.dat","t213","ODVOC",10,"pseudorec","forw","1",0,NA,"keypress"
"s6.dat","t29","EĆEVC",11,"rec","backw","3",0,NA,"keypress"
"s6.dat","t107","ČIODA",12,"rec","forw","1",1,741,"keypress"
"s6.dat","t172","LIMIR",13,"pseudorec","backw","3",1,1182,"keypress"
"s6.dat","t134","LOTOG",14,"pseudorec","backw","3",1,1402,"keypress"
"s6.dat","t210","SATEP",15,"pseudorec","forw","3",1,1372,"keypress"
"s6.dat","t118","KAČKET",16,"rec","forw","1",1,681,"keypress"
"s6.dat","t117","ŠERPA",17,"rec","forw","1",1,911,"keypress"
"s6.dat","t202","PANTEK",18,"pseudorec","forw","3",1,1211,"keypress"
"s6.dat","t45","DOHSI",19,"rec","backw","None",0,NA,"keypress"
"s6.dat","t12","ĆOMOP",21,"rec","backw","1",1,1452,"keypress"
"s6.dat","t90","PTICA",22,"rec","forw","1",1,881,"keypress"
"s6.dat","t226","RITUAC",23,"pseudorec","forw","3",1,1301,"keypress"
"s6.dat","t156","PUDINC",24,"pseudorec","backw","3",1,1141,"keypress"
"s6.dat","t62","UZROK",25,"rec","forw","1",1,741,"keypress"
"s6.dat","t92","INTIMA",26,"rec","forw","1",1,711,"keypress"
"s6.dat","t127","RATLUZ",27,"pseudorec","backw","3",1,1172,"keypress"
"s6.dat","t166","BIOLOR",28,"pseudorec","backw","None",0,NA,"keypress"
"s6.dat","t76","SAPUN",30,"rec","forw","1",1,761,"keypress"
"s6.dat","t207","BONTOZ",31,"pseudorec","forw","3",1,1362,"keypress"
"s6.dat","t188","KOKTEZ",32,"pseudorec","forw","3",1,1201,"keypress"
"s6.dat","t189","BEĆAŠ",33,"pseudorec","forw","None",0,NA,"keypress"
"s6.dat","t38","AMGOD",35,"rec","backw","1",1,1362,"keypress"
"s6.dat","t15","AGANS",36,"rec","backw","1",1,1422,"keypress"
"s6.dat","t36","SLUPMI",37,"rec","backw","None",0,NA,"keypress"
"s6.dat","t5","TSOLAŽ",39,"rec","backw","1",1,1242,"keypress"
"s6.dat","t235","MAHET",40,"pseudorec","forw","3",1,1422,"keypress"
"s6.dat","t152","VEŠTAP",41,"pseudorec","backw","None",0,NA,"keypress"
"s6.dat","t44","ATEJUS",43,"rec","backw","3",0,NA,"keypress"
"s6.dat","t171","FOKUJ",44,"pseudorec","backw","3",1,1402,"keypress"
"s6.dat","t190","METAT",45,"pseudorec","forw","None",0,NA,"keypress"
"s6.dat","t10","TSEVS",47,"rec","backw","1",1,1142,"keypress"
"s6.dat","t198","NITKOZ",48,"pseudorec","forw","None",0,NA,"keypress"
"s6.dat","t53","AMALAS",50,"rec","backw","1",1,1191,"keypress"
"s6.dat","t126","FELJTOZ",51,"pseudorec","backw","3",1,1201,"keypress"
"s6.dat","t130","POVEJ",52,"pseudorec","backw","None",0,NA,"keypress"
"s6.dat","t141","CIMEC",54,"pseudorec","backw","3",1,882,"keypress"
"s6.dat","t86","LOPTA",55,"rec","forw","1",1,781,"keypress"
"s6.dat","t140","UZGOT",56,"pseudorec","backw","None",0,NA,"keypress"
"s6.dat","t124","SPANAR",58,"pseudorec","backw","3",1,1172,"keypress"
"s6.dat","t70","NAPOR",59,"rec","forw","1",1,1021,"keypress"
"s6.dat","t161","SVIRAZ",60,"pseudorec","backw","3",1,1442,"keypress"
"s6.dat","t104","EFEKAT",61,"rec","forw","1",1,841,"keypress"
"s6.dat","t74","ODNOS",62,"rec","forw","1",1,701,"keypress"
"s6.dat","t131","PATROZ",63,"pseudorec","backw","3",1,1362,"keypress"
"s6.dat","t57","SOKOK",64,"rec","backw","None",0,NA,"keypress"
"s6.dat","t165","SIRUL",66,"pseudorec","backw","3",1,982,"keypress"
"s6.dat","t143","BATAZ",67,"pseudorec","backw","3",1,791,"keypress"
"s6.dat","t144","SLANIB",68,"pseudorec","backw","3",1,1232,"keypress"
"s6.dat","t56","ARBOK",69,"rec","backw","None",0,NA,"keypress"
"s6.dat","t43","ANEMAN",71,"rec","backw","None",0,NA,"keypress"
"s6.dat","t162","NAKOČ",73,"pseudorec","backw","3",1,1342,"keypress"
"s6.dat","t84","ŠKOLJKA",74,"rec","forw","1",1,651,"keypress"
"s6.dat","t28","AKILS",75,"rec","backw","1",1,1122,"keypress"
"s6.dat","t83","ZAVESA",76,"rec","forw","1",1,851,"keypress"
"s6.dat","t193","PROLOZ",77,"pseudorec","forw","3",1,1291,"keypress"
"s6.dat","t195","TOTEK",79,"pseudorec","forw","1",0,NA,"keypress"
"s6.dat","t17","AVKOMS",80,"rec","backw","1",1,1232,"keypress"
"s6.dat","t105","OPREZ",81,"rec","forw","1",1,791,"keypress"
"s6.dat","t69","SUMNJA",82,"rec","forw","1",1,951,"keypress"
"s6.dat","t160","GEOLOT",83,"pseudorec","backw","3",1,852,"keypress"
"s6.dat","t204","BILIOD",84,"pseudorec","forw","None",0,NA,"keypress"
"s6.dat","t115","PRASE",86,"rec","forw","1",1,631,"keypress"
"s6.dat","t122","FETUP",87,"pseudorec","backw","3",1,1271,"keypress"
"s6.dat","t39","AKUOP",88,"rec","backw","3",0,NA,"keypress"
"s6.dat","t114","LIKER",89,"rec","forw","1",1,621,"keypress"
"s6.dat","t218","EPITEZ",90,"pseudorec","forw","3",1,1262,"keypress"
"s6.dat","t116","ČAPLJA",91,"rec","forw","1",1,681,"keypress"
"s6.dat","t24","RITPEL",92,"rec","backw","3",0,NA,"keypress"
"s6.dat","t182","DOLAŠ",94,"pseudorec","forw","3",1,1192,"keypress"
"s6.dat","t183","GURMAB",95,"pseudorec","forw","3",1,1492,"keypress"
"s6.dat","t200","KOSMOR",96,"pseudorec","forw","None",0,NA,"keypress"
"s6.dat","t16","AJITUK",98,"rec","backw","None",0,NA,"keypress"
"s6.dat","t159","MADAZ",100,"pseudorec","backw","None",0,NA,"keypress"
"s6.dat","t93","BAROK",102,"rec","forw","1",1,1001,"keypress"
"s6.dat","t21","BELAG",103,"rec","backw","None",0,NA,"keypress"
"s6.dat","t58","ANANAB",105,"rec","backw","1",1,891,"keypress"
"s6.dat","t203","KONDOP",106,"pseudorec","forw","1",0,NA,"keypress"
"s6.dat","t238","JASTOM",107,"pseudorec","forw","None",0,NA,"keypress"
"s6.dat","t178","STALAV",111,"pseudorec","backw","3",1,1492,"keypress"
"s6.dat","t180","FILTEB",112,"pseudorec","backw","None",0,NA,"keypress"
"s6.dat","t223","IZOTOC",114,"pseudorec","forw","3",1,1282,"keypress"
"s6.dat","t212","KRETEP",115,"pseudorec","forw","None",0,NA,"keypress"
"s6.dat","t91","NABOJ",117,"rec","forw","1",1,1091,"keypress"
"s6.dat","t147","VELUT",118,"pseudorec","backw","3",1,1382,"keypress"
"s6.dat","t168","ĆUMEP",119,"pseudorec","backw","None",0,NA,"keypress"
"s6.dat","t206","ARHID",121,"pseudorec","forw","3",1,1182,"keypress"
"s6.dat","t222","TREGEN",122,"pseudorec","forw","None",0,NA,"keypress"
"s6.dat","t170","ŠESTAM",124,"pseudorec","backw","None",0,NA,"keypress"
"s6.dat","t46","ALKEVC",126,"rec","backw","None",0,NA,"keypress"
"s6.dat","t133","LIRIZ",128,"pseudorec","backw","3",1,1192,"keypress"
"s6.dat","t81","KAMION",129,"rec","forw","1",1,741,"keypress"
"s6.dat","t163","PRESEB",130,"pseudorec","backw","3",1,1312,"keypress"
"s6.dat","t142","KEDAP",131,"pseudorec","backw","3",1,1212,"keypress"
"s6.dat","t225","TUMOČ",132,"pseudorec","forw","None",0,NA,"keypress"
"s6.dat","t96","ELITA",134,"rec","forw","1",1,761,"keypress"
"s6.dat","t151","PASAM",135,"pseudorec","backw","3",1,961,"keypress"
"s6.dat","t233","NAMAG",136,"pseudorec","forw","3",1,1111,"keypress"
"s6.dat","t191","VERMUJ",137,"pseudorec","forw","3",1,1452,"keypress"
"s6.dat","t224","DISTIC",138,"pseudorec","forw","None",0,NA,"keypress"
"s6.dat","t181","TANIH",140,"pseudorec","forw","3",1,1392,"keypress"
"s6.dat","t135","FALUČ",141,"pseudorec","backw","3",1,1302,"keypress"
"s6.dat","t50","KAMJAK",142,"rec","backw","None",0,NA,"keypress"
"s6.dat","t237","FAGOH",144,"pseudorec","forw","3",1,1061,"keypress"
"s6.dat","t187","VEŠTAB",145,"pseudorec","forw","None",0,NA,"keypress"
"s6.dat","t120","OLOVKA",147,"rec","forw","1",1,530,"keypress"
"s6.dat","t109","LAVOR",148,"rec","forw","1",1,791,"keypress"
"s6.dat","t121","KORDOB",149,"pseudorec","backw","None",0,NA,"keypress"
"s6.dat","t149","VISAR",151,"pseudorec","backw","3",1,1162,"keypress"
"s6.dat","t136","AZBESČ",152,"pseudorec","backw","3",1,1152,"keypress"
"s6.dat","t164","BILTEG",153,"pseudorec","backw","3",1,1362,"keypress"
"s6.dat","t128","MASLAB",154,"pseudorec","backw","None",0,NA,"keypress"
"s6.dat","t138","KAPLAB",156,"pseudorec","backw","None",0,NA,"keypress"
"s6.dat","t59","AČUPAP",158,"rec","backw","1",1,1332,"keypress"
"s6.dat","t95","OPSEG",159,"rec","forw","1",1,841,"keypress"
"s6.dat","t32","HULSOD",160,"rec","backw","None",0,NA,"keypress"
"s6.dat","t51","NARAŠ",162,"rec","backw","None",0,NA,"keypress"
"s6.dat","t6","AVONBO",164,"rec","backw","None",0,NA,"keypress"
"s6.dat","t20","CANOK",166,"rec","backw","None",0,NA,"keypress"
"s6.dat","t157","ŠAPTAK",168,"pseudorec","backw","None",0,NA,"keypress"
"s6.dat","t8","ADVARP",170,"rec","backw","3",0,NA,"keypress"
"s6.dat","t175","AKCENAŠ",171,"pseudorec","backw","None",0,NA,"keypress"
"s6.dat","t216","IDIOB",173,"pseudorec","forw","3",1,1342,"keypress"
"s6.dat","t23","OTALB",174,"rec","backw","3",0,NA,"keypress"
"s6.dat","t75","LJUBAV",175,"rec","forw","1",1,791,"keypress"
"s6.dat","t173","LENJOČ",176,"pseudorec","backw","3",1,1452,"keypress"
"s6.dat","t221","CELEP",177,"pseudorec","forw","3",1,1141,"keypress"
"s6.dat","t199","KLIPAĆ",178,"pseudorec","forw","None",0,NA,"keypress"
"s6.dat","t211","FLUOŠ",180,"pseudorec","forw","None",0,NA,"keypress"
"s6.dat","t97","MANJAK",182,"rec","forw","1",1,711,"keypress"
"s6.dat","t209","HARAK",183,"pseudorec","forw","3",1,1302,"keypress"
"s6.dat","t169","CIGAF",184,"pseudorec","backw","3",1,1212,"keypress"
"s6.dat","t71","RAZVOJ",185,"rec","forw","1",1,621,"keypress"
"s6.dat","t65","IDEJA",186,"rec","forw","1",1,601,"keypress"
"s6.dat","t9","GOLZAR",187,"rec","backw","3",0,NA,"keypress"
"s6.dat","t11","OASIMS",188,"rec","backw","None",0,NA,"keypress"
"s6.dat","t106","KENGUR",190,"rec","forw","1",1,771,"keypress"
"s6.dat","t30","AVART",191,"rec","backw","None",0,NA,"keypress"
"s6.dat","t31","AKITE",193,"rec","backw","None",0,NA,"keypress"
"s6.dat","t18","KUDNAS",195,"rec","backw","1",1,1462,"keypress"
"s6.dat","t1","ADOTEM",196,"rec","backw","1",1,1012,"keypress"
"s6.dat","t13","ANJAT",197,"rec","backw","None",0,NA,"keypress"
"s6.dat","t33","EMONER",199,"rec","backw","3",0,NA,"keypress"
"s6.dat","t94","DEOBA",201,"rec","forw","1",1,731,"keypress"
"s6.dat","t4","ATEVSO",202,"rec","backw","1",1,1072,"keypress"
"s6.dat","t113","ZEBRA",203,"rec","forw","1",1,721,"keypress"
"s6.dat","t48","ALCUC",204,"rec","backw","3",0,NA,"keypress"
"s6.dat","t78","JASTUK",205,"rec","forw","1",1,701,"keypress"
"s6.dat","t154","SKRON",206,"pseudorec","backw","None",0,NA,"keypress"
"s6.dat","t3","JACITU",209,"rec","backw","1",1,1382,"keypress"
"s6.dat","t219","REDAF",210,"pseudorec","forw","3",1,1322,"keypress"
"s6.dat","t66","OTPOR",211,"rec","forw","1",1,651,"keypress"
"s6.dat","t139","HIBRIF",212,"pseudorec","backw","3",1,1362,"keypress"
"s6.dat","t103","NEDELO",213,"rec","forw","1",1,1182,"keypress"
"s6.dat","t49","ALGEP",214,"rec","backw","1",1,921,"keypress"
"s6.dat","t108","KOMPOT",215,"rec","forw","1",1,921,"keypress"
"s6.dat","t63","CELINA",216,"rec","forw","1",1,651,"keypress"
"s6.dat","t68","UTISAK",217,"rec","forw","1",1,491,"keypress"
"s6.dat","t208","TIKEN",218,"pseudorec","forw","3",1,1483,"keypress"
"s6.dat","t34","VILPU",219,"rec","backw","None",0,NA,"keypress"
"s6.dat","t55","SUTKAK",221,"rec","backw","3",0,NA,"keypress"
"s6.dat","t137","STICAP",222,"pseudorec","backw","3",1,1493,"keypress"
"s6.dat","t54","AKUTŠ",223,"rec","backw","1",1,1232,"keypress"
"s6.dat","t2","MAJOP",224,"rec","backw","3",0,NA,"keypress"
"s6.dat","t61","SUDBA",225,"rec","forw","1",1,1142,"keypress"
"s6.dat","t232","FAZOR",226,"pseudorec","forw","3",1,1472,"keypress"
"s6.dat","t67","PROPIS",227,"rec","forw","1",1,641,"keypress"
"s6.dat","t228","FLANEG",229,"pseudorec","forw","3",1,1412,"keypress"
"s6.dat","t229","NABOH",230,"pseudorec","forw","1",0,NA,"keypress"
"s6.dat","t42","ROMAZ",231,"rec","backw","1",1,1022,"keypress"
"s6.dat","t98","UŽITAK",232,"rec","forw","1",1,641,"keypress"
"s6.dat","t85","PEPEO",233,"rec","forw","1",1,621,"keypress"
"s6.dat","t101","ISPAD",234,"rec","forw","1",1,641,"keypress"
"s6.dat","t125","AKSIOK",235,"pseudorec","backw","None",0,NA,"keypress"
"s6.dat","t196","BIZOK",237,"pseudorec","forw","None",0,NA,"keypress"
"s6.dat","t167","KARBOZ",239,"pseudorec","backw","3",1,1342,"keypress"
"s6.dat","t100","RASPON",240,"rec","forw","1",1,811,"keypress"
"s6.dat","t174","ZIDIB",241,"pseudorec","backw","3",1,912,"keypress"
"s6.dat","t73","ISTINA",242,"rec","forw","1",1,851,"keypress"
"s6.dat","t112","TORTA",243,"rec","forw","1",1,641,"keypress"
"s6.dat","t240","TRILEN",244,"pseudorec","forw","3",1,1322,"keypress"
"s6.dat","t22","TSARH",245,"rec","backw","3",0,NA,"keypress"
"s6.dat","t119","KECELJA",246,"rec","forw","1",1,641,"keypress"
"s6.dat","t82","KLAVIR",247,"rec","forw","1",1,540,"keypress"
"s6.dat","t197","KLIKET",248,"pseudorec","forw","None",0,NA,"keypress"
"s6.dat","t201","DESPON",250,"pseudorec","forw","3",1,1322,"keypress"
"s6.dat","t14","HARTS",251,"rec","backw","None",0,NA,"keypress"
"s6.dat","t19","AJIKAR",253,"rec","backw","None",0,NA,"keypress"
"s6.dat","t155","KAUBOT",255,"pseudorec","backw","None",0,NA,"keypress"
"s6.dat","t52","NAZAF",257,"rec","backw","3",0,NA,"keypress"
"s6.dat","t184","JEDNJAZ",258,"pseudorec","forw","3",1,1172,"keypress"
"s6.dat","t89","VRATA",259,"rec","forw","1",1,701,"keypress"
"s6.dat","t231","KENGUN",260,"pseudorec","forw","3",1,811,"keypress"
"s6.dat","t176","NAGIR",261,"pseudorec","backw","3",1,931,"keypress"
"s6.dat","t177","MELED",262,"pseudorec","backw","3",1,1252,"keypress"
"s6.dat","t72","USPEH",263,"rec","forw","1",1,751,"keypress"
"s6.dat","t227","VITALJ",264,"pseudorec","forw","3",1,671,"keypress"
"s6.dat","t146","DRIPAG",265,"pseudorec","backw","3",1,1062,"keypress"
"s6.dat","t25","CANAL",266,"rec","backw","3",0,NA,"keypress"
"s6.dat","t37","ADUBOP",267,"rec","backw","None",0,NA,"keypress"
"s6.dat","t102","PROFIT",269,"rec","forw","1",1,691,"keypress"
"s6.dat","t64","MILOST",270,"rec","forw","1",1,651,"keypress"
"s6.dat","t88","KNJIGA",271,"rec","forw","1",1,541,"keypress"
"s6.dat","t217","REZAG",272,"pseudorec","forw","1",0,NA,"keypress"
"s6.dat","t145","HAMEŠ",273,"pseudorec","backw","None",0,NA,"keypress"
"s6.dat","t179","KANTAC",275,"pseudorec","backw","3",1,1352,"keypress"
"s6.dat","t41","ABOGET",276,"rec","backw","3",0,NA,"keypress"
"s6.dat","t129","AFEKAL",277,"pseudorec","backw","None",0,NA,"keypress"
"s6.dat","t40","TLOVER",279,"rec","backw","3",0,NA,"keypress"
"s6.dat","t239","RUNDOG",280,"pseudorec","forw","None",0,NA,"keypress"
"s6.dat","t220","BUMBAG",282,"pseudorec","forw","None",0,NA,"keypress"
"s6.dat","t123","NEUKUD",284,"pseudorec","backw","None",0,NA,"keypress"
"s6.dat","t79","KOLICA",286,"rec","forw","1",1,711,"keypress"
"s6.dat","t60","ATAPOL",287,"rec","backw","None",0,NA,"keypress"
"s6.dat","t47","ACEREP",289,"rec","backw","None",0,NA,"keypress"
"s6.dat","t148","BAZAP",291,"pseudorec","backw","3",1,1272,"keypress"
"s6.dat","t230","KONZUP",292,"pseudorec","forw","3",1,1442,"keypress"
"s6.dat","t158","ĆEVAK",293,"pseudorec","backw","3",1,1392,"keypress"
"s6.dat","t192","IRVAB",294,"pseudorec","forw","None",0,NA,"keypress"
"s6.dat","t99","ZAKUP",296,"rec","forw","1",1,711,"keypress"
"s6.dat","t35","DIKSAR",297,"rec","backw","3",0,NA,"keypress"
"s6.dat","t26","NALBAJ",298,"rec","backw","None",0,NA,"keypress"
"s6.dat","t205","EVNUB",300,"pseudorec","forw","3",1,951,"keypress"
"s6.dat","t110","KLIKER",301,"rec","forw","1",1,1032,"keypress"
"s6.dat","t27","OKELM",302,"rec","backw","3",0,NA,"keypress"
"s6.dat","t214","PIJAD",305,"pseudorec","forw","3",1,1231,"keypress"
"s7.dat","t102","PROFIT",1,"rec","forw","1",1,821,"keypress"
"s7.dat","t161","SVIRAZ",2,"pseudorec","backw","3",1,1061,"keypress"
"s7.dat","t4","ATEVSO",3,"rec","backw","3",0,NA,"keypress"
"s7.dat","t100","RASPON",4,"rec","forw","1",1,711,"keypress"
"s7.dat","t64","MILOST",5,"rec","forw","1",1,661,"keypress"
"s7.dat","t24","RITPEL",6,"rec","backw","None",0,NA,"keypress"
"s7.dat","t196","BIZOK",8,"pseudorec","forw","None",0,NA,"keypress"
"s7.dat","t181","TANIH",10,"pseudorec","forw","3",1,1192,"keypress"
"s7.dat","t177","MELED",11,"pseudorec","backw","None",0,NA,"keypress"
"s7.dat","t214","PIJAD",13,"pseudorec","forw","1",0,NA,"keypress"
"s7.dat","t166","BIOLOR",14,"pseudorec","backw","3",1,1362,"keypress"
"s7.dat","t20","CANOK",15,"rec","backw","3",0,NA,"keypress"
"s7.dat","t88","KNJIGA",16,"rec","forw","1",1,641,"keypress"
"s7.dat","t5","TSOLAŽ",17,"rec","backw","3",0,NA,"keypress"
"s7.dat","t54","AKUTŠ",18,"rec","backw","3",0,NA,"keypress"
"s7.dat","t167","KARBOZ",19,"pseudorec","backw","3",1,1312,"keypress"
"s7.dat","t197","KLIKET",20,"pseudorec","forw","None",0,NA,"keypress"
"s7.dat","t96","ELITA",22,"rec","forw","1",1,851,"keypress"
"s7.dat","t110","KLIKER",23,"rec","forw","1",1,641,"keypress"
"s7.dat","t94","DEOBA",24,"rec","forw","1",1,611,"keypress"
"s7.dat","t104","EFEKAT",25,"rec","forw","1",1,1101,"keypress"
"s7.dat","t176","NAGIR",26,"pseudorec","backw","3",1,1082,"keypress"
"s7.dat","t204","BILIOD",27,"pseudorec","forw","3",1,1262,"keypress"
"s7.dat","t56","ARBOK",28,"rec","backw","3",0,NA,"keypress"
"s7.dat","t63","CELINA",29,"rec","forw","1",1,661,"keypress"
"s7.dat","t42","ROMAZ",30,"rec","backw","3",0,NA,"keypress"
"s7.dat","t168","ĆUMEP",31,"pseudorec","backw","3",1,1392,"keypress"
"s7.dat","t90","PTICA",32,"rec","forw","1",1,631,"keypress"
"s7.dat","t35","DIKSAR",33,"rec","backw","3",0,NA,"keypress"
"s7.dat","t178","STALAV",34,"pseudorec","backw","None",0,NA,"keypress"
"s7.dat","t12","ĆOMOP",36,"rec","backw","3",0,NA,"keypress"
"s7.dat","t66","OTPOR",37,"rec","forw","1",1,661,"keypress"
"s7.dat","t31","AKITE",40,"rec","backw","1",1,1492,"keypress"
"s7.dat","t95","OPSEG",41,"rec","forw","1",1,901,"keypress"
"s7.dat","t15","AGANS",42,"rec","backw","1",1,1242,"keypress"
"s7.dat","t235","MAHET",43,"pseudorec","forw","3",1,1342,"keypress"
"s7.dat","t21","BELAG",44,"rec","backw","1",1,1402,"keypress"
"s7.dat","t47","ACEREP",45,"rec","backw","None",0,NA,"keypress"
"s7.dat","t29","EĆEVC",47,"rec","backw","None",0,NA,"keypress"
"s7.dat","t22","TSARH",49,"rec","backw","1",1,1212,"keypress"
"s7.dat","t115","PRASE",50,"rec","forw","1",1,641,"keypress"
"s7.dat","t212","KRETEP",51,"pseudorec","forw","None",0,NA,"keypress"
"s7.dat","t219","REDAF",53,"pseudorec","forw","1",0,NA,"keypress"
"s7.dat","t89","VRATA",54,"rec","forw","1",1,631,"keypress"
"s7.dat","t70","NAPOR",55,"rec","forw","1",1,651,"keypress"
"s7.dat","t172","LIMIR",56,"pseudorec","backw","1",0,NA,"keypress"
"s7.dat","t85","PEPEO",57,"rec","forw","1",1,831,"keypress"
"s7.dat","t125","AKSIOK",58,"pseudorec","backw","3",1,1142,"keypress"
"s7.dat","t218","EPITEZ",59,"pseudorec","forw","3",1,1061,"keypress"
"s7.dat","t165","SIRUL",60,"pseudorec","backw","3",1,1322,"keypress"
"s7.dat","t130","POVEJ",61,"pseudorec","backw","3",1,1252,"keypress"
"s7.dat","t190","METAT",62,"pseudorec","forw","3",1,1132,"keypress"
"s7.dat","t148","BAZAP",63,"pseudorec","backw","3",1,1252,"keypress"
"s7.dat","t13","ANJAT",64,"rec","backw","3",0,NA,"keypress"
"s7.dat","t105","OPREZ",65,"rec","forw","1",1,601,"keypress"
"s7.dat","t238","JASTOM",66,"pseudorec","forw","3",1,1212,"keypress"
"s7.dat","t216","IDIOB",67,"pseudorec","forw","3",1,1202,"keypress"
"s7.dat","t59","AČUPAP",68,"rec","backw","1",1,1182,"keypress"
"s7.dat","t27","OKELM",69,"rec","backw","3",0,NA,"keypress"
"s7.dat","t83","ZAVESA",70,"rec","forw","1",1,611,"keypress"
"s7.dat","t30","AVART",71,"rec","backw","1",1,1162,"keypress"
"s7.dat","t116","ČAPLJA",72,"rec","forw","1",1,871,"keypress"
"s7.dat","t138","KAPLAB",73,"pseudorec","backw","1",0,NA,"keypress"
"s7.dat","t26","NALBAJ",74,"rec","backw","3",0,NA,"keypress"
"s7.dat","t143","BATAZ",75,"pseudorec","backw","None",0,NA,"keypress"
"s7.dat","t126","FELJTOZ",77,"pseudorec","backw","3",1,1351,"keypress"
"s7.dat","t171","FOKUJ",78,"pseudorec","backw","1",0,NA,"keypress"
"s7.dat","t224","DISTIC",79,"pseudorec","forw","3",1,1292,"keypress"
"s7.dat","t230","KONZUP",80,"pseudorec","forw","3",1,1372,"keypress"
"s7.dat","t145","HAMEŠ",81,"pseudorec","backw","3",1,1172,"keypress"
"s7.dat","t43","ANEMAN",82,"rec","backw","1",1,1142,"keypress"
"s7.dat","t205","EVNUB",83,"pseudorec","forw","3",1,1312,"keypress"
"s7.dat","t19","AJIKAR",84,"rec","backw","3",0,NA,"keypress"
"s7.dat","t79","KOLICA",85,"rec","forw","1",1,691,"keypress"
"s7.dat","t119","KECELJA",86,"rec","forw","1",1,701,"keypress"
"s7.dat","t217","REZAG",87,"pseudorec","forw","3",1,1191,"keypress"
"s7.dat","t14","HARTS",88,"rec","backw","1",1,1412,"keypress"
"s7.dat","t192","IRVAB",89,"pseudorec","forw","None",0,NA,"keypress"
"s7.dat","t118","KAČKET",92,"rec","forw","1",1,671,"keypress"
"s7.dat","t51","NARAŠ",93,"rec","backw","1",1,1372,"keypress"
"s7.dat","t123","NEUKUD",94,"pseudorec","backw","3",1,1372,"keypress"
"s7.dat","t191","VERMUJ",95,"pseudorec","forw","None",0,NA,"keypress"
"s7.dat","t173","LENJOČ",98,"pseudorec","backw","None",0,NA,"keypress"
"s7.dat","t226","RITUAC",100,"pseudorec","forw","3",1,1172,"keypress"
"s7.dat","t86","LOPTA",101,"rec","forw","1",1,741,"keypress"
"s7.dat","t237","FAGOH",102,"pseudorec","forw","3",1,1122,"keypress"
"s7.dat","t154","SKRON",103,"pseudorec","backw","3",1,1142,"keypress"
"s7.dat","t179","KANTAC",104,"pseudorec","backw","1",0,NA,"keypress"
"s7.dat","t163","PRESEB",105,"pseudorec","backw","3",1,1232,"keypress"
"s7.dat","t23","OTALB",106,"rec","backw","1",1,1463,"keypress"
"s7.dat","t38","AMGOD",107,"rec","backw","3",0,NA,"keypress"
"s7.dat","t207","BONTOZ",108,"pseudorec","forw","3",1,1342,"keypress"
"s7.dat","t16","AJITUK",110,"rec","backw","3",0,NA,"keypress"
"s7.dat","t195","TOTEK",111,"pseudorec","forw","3",1,1392,"keypress"
"s7.dat","t239","RUNDOG",112,"pseudorec","forw","3",1,1332,"keypress"
"s7.dat","t128","MASLAB",113,"pseudorec","backw","None",0,NA,"keypress"
"s7.dat","t160","GEOLOT",115,"pseudorec","backw","None",0,NA,"keypress"
"s7.dat","t109","LAVOR",117,"rec","forw","1",1,872,"keypress"
"s7.dat","t200","KOSMOR",118,"pseudorec","forw","3",1,1382,"keypress"
"s7.dat","t198","NITKOZ",119,"pseudorec","forw","3",1,1392,"keypress"
"s7.dat","t159","MADAZ",120,"pseudorec","backw","3",1,1182,"keypress"
"s7.dat","t111","PELENA",121,"rec","forw","1",1,872,"keypress"
"s7.dat","t142","KEDAP",122,"pseudorec","backw","None",0,NA,"keypress"
"s7.dat","t158","ĆEVAK",124,"pseudorec","backw","3",1,1172,"keypress"
"s7.dat","t40","TLOVER",125,"rec","backw","None",0,NA,"keypress"
"s7.dat","t240","TRILEN",127,"pseudorec","forw","3",1,1292,"keypress"
"s7.dat","t233","NAMAG",128,"pseudorec","forw","3",1,1212,"keypress"
"s7.dat","t10","TSEVS",129,"rec","backw","3",0,NA,"keypress"
"s7.dat","t127","RATLUZ",130,"pseudorec","backw","3",1,1493,"keypress"
"s7.dat","t84","ŠKOLJKA",131,"rec","forw","1",1,811,"keypress"
"s7.dat","t44","ATEJUS",132,"rec","backw","3",0,NA,"keypress"
"s7.dat","t227","VITALJ",133,"pseudorec","forw","3",1,1312,"keypress"
"s7.dat","t164","BILTEG",134,"pseudorec","backw","3",1,1412,"keypress"
"s7.dat","t34","VILPU",135,"rec","backw","3",0,NA,"keypress"
"s7.dat","t122","FETUP",136,"pseudorec","backw","3",1,1262,"keypress"
"s7.dat","t33","EMONER",137,"rec","backw","None",0,NA,"keypress"
"s7.dat","t141","CIMEC",139,"pseudorec","backw","3",1,1232,"keypress"
"s7.dat","t193","PROLOZ",140,"pseudorec","forw","3",1,1162,"keypress"
"s7.dat","t174","ZIDIB",141,"pseudorec","backw","3",1,1202,"keypress"
"s7.dat","t8","ADVARP",142,"rec","backw","3",0,NA,"keypress"
"s7.dat","t93","BAROK",143,"rec","forw","1",1,1192,"keypress"
"s7.dat","t113","ZEBRA",144,"rec","forw","1",1,661,"keypress"
"s7.dat","t28","AKILS",145,"rec","backw","1",1,1282,"keypress"
"s7.dat","t9","GOLZAR",146,"rec","backw","3",0,NA,"keypress"
"s7.dat","t188","KOKTEZ",147,"pseudorec","forw","3",1,1422,"keypress"
"s7.dat","t221","CELEP",148,"pseudorec","forw","None",0,NA,"keypress"
"s7.dat","t129","AFEKAL",150,"pseudorec","backw","3",1,1402,"keypress"
"s7.dat","t134","LOTOG",152,"pseudorec","backw","None",0,NA,"keypress"
"s7.dat","t97","MANJAK",154,"rec","forw","1",1,782,"keypress"
"s7.dat","t144","SLANIB",155,"pseudorec","backw","3",1,1392,"keypress"
"s7.dat","t203","KONDOP",156,"pseudorec","forw","None",0,NA,"keypress"
"s7.dat","t132","AVANČ",158,"pseudorec","backw","3",1,1082,"keypress"
"s7.dat","t112","TORTA",159,"rec","forw","1",1,621,"keypress"
"s7.dat","t71","RAZVOJ",160,"rec","forw","1",1,621,"keypress"
"s7.dat","t117","ŠERPA",161,"rec","forw","1",1,1002,"keypress"
"s7.dat","t170","ŠESTAM",162,"pseudorec","backw","3",1,1192,"keypress"
"s7.dat","t45","DOHSI",163,"rec","backw","3",0,NA,"keypress"
"s7.dat","t78","JASTUK",164,"rec","forw","1",1,601,"keypress"
"s7.dat","t210","SATEP",165,"pseudorec","forw","3",1,1292,"keypress"
"s7.dat","t72","USPEH",166,"rec","forw","1",1,631,"keypress"
"s7.dat","t223","IZOTOC",167,"pseudorec","forw","3",1,1462,"keypress"
"s7.dat","t61","SUDBA",168,"rec","forw","1",1,711,"keypress"
"s7.dat","t153","LOSIOR",169,"pseudorec","backw","None",0,NA,"keypress"
"s7.dat","t39","AKUOP",171,"rec","backw","3",0,NA,"keypress"
"s7.dat","t41","ABOGET",172,"rec","backw","3",0,NA,"keypress"
"s7.dat","t175","AKCENAŠ",173,"pseudorec","backw","None",0,NA,"keypress"
"s7.dat","t7","TSIROK",175,"rec","backw","1",1,1372,"keypress"
"s7.dat","t52","NAZAF",176,"rec","backw","None",0,NA,"keypress"
"s7.dat","t101","ISPAD",178,"rec","forw","1",1,691,"keypress"
"s7.dat","t121","KORDOB",179,"pseudorec","backw","1",0,NA,"keypress"
"s7.dat","t137","STICAP",180,"pseudorec","backw","None",0,NA,"keypress"
"s7.dat","t211","FLUOŠ",182,"pseudorec","forw","3",1,1062,"keypress"
"s7.dat","t169","CIGAF",183,"pseudorec","backw","3",1,1222,"keypress"
"s7.dat","t53","AMALAS",184,"rec","backw","1",1,1462,"keypress"
"s7.dat","t232","FAZOR",185,"pseudorec","forw","1",0,NA,"keypress"
"s7.dat","t49","ALGEP",186,"rec","backw","3",0,NA,"keypress"
"s7.dat","t149","VISAR",187,"pseudorec","backw","3",1,1242,"keypress"
"s7.dat","t162","NAKOČ",188,"pseudorec","backw","3",1,1282,"keypress"
"s7.dat","t157","ŠAPTAK",189,"pseudorec","backw","None",0,NA,"keypress"
"s7.dat","t77","KESTEN",191,"rec","forw","1",1,640,"keypress"
"s7.dat","t25","CANAL",192,"rec","backw","1",1,1171,"keypress"
"s7.dat","t2","MAJOP",193,"rec","backw","None",0,NA,"keypress"
"s7.dat","t206","ARHID",195,"pseudorec","forw","3",1,1061,"keypress"
"s7.dat","t106","KENGUR",196,"rec","forw","1",1,691,"keypress"
"s7.dat","t184","JEDNJAZ",197,"pseudorec","forw","3",1,1111,"keypress"
"s7.dat","t229","NABOH",198,"pseudorec","forw","3",1,1051,"keypress"
"s7.dat","t225","TUMOČ",199,"pseudorec","forw","3",1,1021,"keypress"
"s7.dat","t6","AVONBO",200,"rec","backw","3",0,NA,"keypress"
"s7.dat","t37","ADUBOP",201,"rec","backw","None",0,NA,"keypress"
"s7.dat","t140","UZGOT",203,"pseudorec","backw","3",1,1242,"keypress"
"s7.dat","t182","DOLAŠ",204,"pseudorec","forw","3",1,1132,"keypress"
"s7.dat","t17","AVKOMS",205,"rec","backw","1",1,1432,"keypress"
"s7.dat","t92","INTIMA",206,"rec","forw","1",1,1051,"keypress"
"s7.dat","t76","SAPUN",207,"rec","forw","1",1,581,"keypress"
"s7.dat","t187","VEŠTAB",208,"pseudorec","forw","3",1,1132,"keypress"
"s7.dat","t58","ANANAB",209,"rec","backw","1",1,1302,"keypress"
"s7.dat","t147","VELUT",210,"pseudorec","backw","3",1,1142,"keypress"
"s7.dat","t91","NABOJ",211,"rec","forw","1",1,992,"keypress"
"s7.dat","t1","ADOTEM",212,"rec","backw","3",0,NA,"keypress"
"s7.dat","t108","KOMPOT",213,"rec","forw","1",1,1132,"keypress"
"s7.dat","t11","OASIMS",214,"rec","backw","None",0,NA,"keypress"
"s7.dat","t87","STAKLO",216,"rec","forw","1",1,581,"keypress"
"s7.dat","t18","KUDNAS",217,"rec","backw","3",0,NA,"keypress"
"s7.dat","t146","DRIPAG",218,"pseudorec","backw","3",1,1312,"keypress"
"s7.dat","t81","KAMION",219,"rec","forw","1",1,661,"keypress"
"s7.dat","t82","KLAVIR",220,"rec","forw","1",1,651,"keypress"
"s7.dat","t208","TIKEN",221,"pseudorec","forw","3",1,1162,"keypress"
"s7.dat","t57","SOKOK",222,"rec","backw","None",0,NA,"keypress"
"s7.dat","t180","FILTEB",224,"pseudorec","backw","3",1,1152,"keypress"
"s7.dat","t46","ALKEVC",225,"rec","backw","3",0,NA,"keypress"
"s7.dat","t62","UZROK",226,"rec","forw","1",1,981,"keypress"
"s7.dat","t220","BUMBAG",227,"pseudorec","forw","1",0,NA,"keypress"
"s7.dat","t65","IDEJA",228,"rec","forw","1",1,621,"keypress"
"s7.dat","t155","KAUBOT",229,"pseudorec","backw","3",1,1262,"keypress"
"s7.dat","t222","TREGEN",230,"pseudorec","forw","3",1,1433,"keypress"
"s7.dat","t32","HULSOD",231,"rec","backw","3",0,NA,"keypress"
"s7.dat","t231","KENGUN",232,"pseudorec","forw","3",1,1472,"keypress"
"s7.dat","t103","NEDELO",233,"rec","forw","1",1,1352,"keypress"
"s7.dat","t202","PANTEK",234,"pseudorec","forw","3",1,1412,"keypress"
"s7.dat","t98","UŽITAK",235,"rec","forw","1",1,661,"keypress"
"s7.dat","t99","ZAKUP",236,"rec","forw","1",1,792,"keypress"
"s7.dat","t131","PATROZ",237,"pseudorec","backw","3",1,1141,"keypress"
"s7.dat","t133","LIRIZ",238,"pseudorec","backw","3",1,1121,"keypress"
"s7.dat","t135","FALUČ",239,"pseudorec","backw","3",1,1442,"keypress"
"s7.dat","t209","HARAK",240,"pseudorec","forw","3",1,1072,"keypress"
"s7.dat","t199","KLIPAĆ",241,"pseudorec","forw","3",1,1432,"keypress"
"s7.dat","t151","PASAM",242,"pseudorec","backw","3",1,1402,"keypress"
"s7.dat","t228","FLANEG",245,"pseudorec","forw","3",1,1161,"keypress"
"s7.dat","t69","SUMNJA",246,"rec","forw","1",1,762,"keypress"
"s7.dat","t50","KAMJAK",247,"rec","backw","1",1,671,"keypress"
"s7.dat","t73","ISTINA",248,"rec","forw","1",1,621,"keypress"
"s7.dat","t67","PROPIS",249,"rec","forw","1",1,1022,"keypress"
"s7.dat","t152","VEŠTAP",250,"pseudorec","backw","3",1,1302,"keypress"
"s7.dat","t189","BEĆAŠ",251,"pseudorec","forw","3",1,1262,"keypress"
"s7.dat","t136","AZBESČ",252,"pseudorec","backw","3",1,1282,"keypress"
"s7.dat","t48","ALCUC",253,"rec","backw","1",1,1352,"keypress"
"s7.dat","t150","FLUIŠ",254,"pseudorec","backw","3",1,1171,"keypress"
"s7.dat","t60","ATAPOL",255,"rec","backw","1",1,1351,"keypress"
"s7.dat","t213","ODVOC",256,"pseudorec","forw","3",1,1422,"keypress"
"s7.dat","t201","DESPON",257,"pseudorec","forw","3",1,1332,"keypress"
"s7.dat","t74","ODNOS",258,"rec","forw","1",1,932,"keypress"
"s7.dat","t75","LJUBAV",259,"rec","forw","1",1,501,"keypress"
"s7.dat","t107","ČIODA",260,"rec","forw","1",1,791,"keypress"
"s7.dat","t55","SUTKAK",261,"rec","backw","3",0,NA,"keypress"
"s7.dat","t114","LIKER",262,"rec","forw","1",1,862,"keypress"
"s7.dat","t156","PUDINC",263,"pseudorec","backw","3",1,1262,"keypress"
"s7.dat","t124","SPANAR",264,"pseudorec","backw","3",1,1392,"keypress"
"s7.dat","t68","UTISAK",265,"rec","forw","1",1,851,"keypress"
"s7.dat","t120","OLOVKA",266,"rec","forw","1",1,731,"keypress"
"s7.dat","t183","GURMAB",267,"pseudorec","forw","3",1,1432,"keypress"
"s7.dat","t139","HIBRIF",268,"pseudorec","backw","3",1,1332,"keypress"
"s7.dat","t3","JACITU",269,"rec","backw","None",0,NA,"keypress"
"s7.dat","t36","SLUPMI",271,"rec","backw","3",0,NA,"keypress"
"s8.dat","t60","ATAPOL",1,"rec","backw","3",0,NA,"keypress"
"s8.dat","t164","BILTEG",2,"pseudorec","backw","1",0,NA,"keypress"
"s8.dat","t21","BELAG",3,"rec","backw","3",0,NA,"keypress"
"s8.dat","t158","ĆEVAK",4,"pseudorec","backw","3",1,1483,"keypress"
"s8.dat","t34","VILPU",5,"rec","backw","None",0,NA,"keypress"
"s8.dat","t183","GURMAB",7,"pseudorec","forw","3",1,1272,"keypress"
"s8.dat","t153","LOSIOR",8,"pseudorec","backw","1",0,NA,"keypress"
"s8.dat","t25","CANAL",10,"rec","backw","3",0,NA,"keypress"
"s8.dat","t182","DOLAŠ",11,"pseudorec","forw","3",1,991,"keypress"
"s8.dat","t3","JACITU",12,"rec","backw","1",1,1042,"keypress"
"s8.dat","t56","ARBOK",13,"rec","backw","1",1,1382,"keypress"
"s8.dat","t79","KOLICA",14,"rec","forw","1",1,711,"keypress"
"s8.dat","t161","SVIRAZ",16,"pseudorec","backw","3",1,1021,"keypress"
"s8.dat","t146","DRIPAG",17,"pseudorec","backw","3",1,1372,"keypress"
"s8.dat","t187","VEŠTAB",18,"pseudorec","forw","3",1,1242,"keypress"
"s8.dat","t15","AGANS",19,"rec","backw","3",0,NA,"keypress"
"s8.dat","t20","CANOK",20,"rec","backw","1",1,821,"keypress"
"s8.dat","t99","ZAKUP",21,"rec","forw","1",1,721,"keypress"
"s8.dat","t196","BIZOK",22,"pseudorec","forw","3",1,1432,"keypress"
"s8.dat","t192","IRVAB",23,"pseudorec","forw","3",1,771,"keypress"
"s8.dat","t130","POVEJ",24,"pseudorec","backw","1",0,NA,"keypress"
"s8.dat","t120","OLOVKA",25,"rec","forw","1",1,761,"keypress"
"s8.dat","t82","KLAVIR",26,"rec","forw","1",1,580,"keypress"
"s8.dat","t28","AKILS",27,"rec","backw","3",0,NA,"keypress"
"s8.dat","t90","PTICA",28,"rec","forw","1",1,571,"keypress"
"s8.dat","t110","KLIKER",29,"rec","forw","1",1,691,"keypress"
"s8.dat","t41","ABOGET",30,"rec","backw","3",0,NA,"keypress"
"s8.dat","t74","ODNOS",31,"rec","forw","1",1,711,"keypress"
"s8.dat","t52","NAZAF",32,"rec","backw","3",0,NA,"keypress"
"s8.dat","t144","SLANIB",33,"pseudorec","backw","3",1,1142,"keypress"
"s8.dat","t162","NAKOČ",34,"pseudorec","backw","3",1,991,"keypress"
"s8.dat","t70","NAPOR",35,"rec","forw","1",1,651,"keypress"
"s8.dat","t26","NALBAJ",36,"rec","backw","3",0,NA,"keypress"
"s8.dat","t33","EMONER",37,"rec","backw","1",1,831,"keypress"
"s8.dat","t220","BUMBAG",38,"pseudorec","forw","3",1,1442,"keypress"
"s8.dat","t98","UŽITAK",39,"rec","forw","1",1,620,"keypress"
"s8.dat","t171","FOKUJ",40,"pseudorec","backw","3",1,761,"keypress"
"s8.dat","t85","PEPEO",41,"rec","forw","1",1,641,"keypress"
"s8.dat","t136","AZBESČ",43,"pseudorec","backw","3",1,1182,"keypress"
"s8.dat","t23","OTALB",44,"rec","backw","None",0,NA,"keypress"
"s8.dat","t37","ADUBOP",46,"rec","backw","3",0,NA,"keypress"
"s8.dat","t27","OKELM",47,"rec","backw","3",0,NA,"keypress"
"s8.dat","t77","KESTEN",48,"rec","forw","1",1,982,"keypress"
"s8.dat","t38","AMGOD",49,"rec","backw","3",0,NA,"keypress"
"s8.dat","t155","KAUBOT",50,"pseudorec","backw","3",1,1492,"keypress"
"s8.dat","t218","EPITEZ",51,"pseudorec","forw","1",0,NA,"keypress"
"s8.dat","t149","VISAR",52,"pseudorec","backw","3",1,1051,"keypress"
"s8.dat","t122","FETUP",53,"pseudorec","backw","3",1,701,"keypress"
"s8.dat","t168","ĆUMEP",54,"pseudorec","backw","3",1,922,"keypress"
"s8.dat","t42","ROMAZ",55,"rec","backw","3",0,NA,"keypress"
"s8.dat","t226","RITUAC",56,"pseudorec","forw","3",1,1351,"keypress"
"s8.dat","t135","FALUČ",57,"pseudorec","backw","3",1,851,"keypress"
"s8.dat","t47","ACEREP",58,"rec","backw","3",0,NA,"keypress"
"s8.dat","t81","KAMION",59,"rec","forw","1",1,641,"keypress"
"s8.dat","t238","JASTOM",60,"pseudorec","forw","3",1,1091,"keypress"
"s8.dat","t141","CIMEC",61,"pseudorec","backw","1",0,NA,"keypress"
"s8.dat","t191","VERMUJ",62,"pseudorec","forw","3",1,1212,"keypress"
"s8.dat","t128","MASLAB",63,"pseudorec","backw","1",0,NA,"keypress"
"s8.dat","t172","LIMIR",64,"pseudorec","backw","3",1,1082,"keypress"
"s8.dat","t199","KLIPAĆ",65,"pseudorec","forw","3",1,1112,"keypress"
"s8.dat","t113","ZEBRA",66,"rec","forw","1",1,741,"keypress"
"s8.dat","t73","ISTINA",67,"rec","forw","1",1,601,"keypress"
"s8.dat","t142","KEDAP",68,"pseudorec","backw","3",1,992,"keypress"
"s8.dat","t109","LAVOR",69,"rec","forw","1",1,721,"keypress"
"s8.dat","t8","ADVARP",70,"rec","backw","None",0,NA,"keypress"
"s8.dat","t91","NABOJ",72,"rec","forw","1",1,1292,"keypress"
"s8.dat","t143","BATAZ",73,"pseudorec","backw","1",0,NA,"keypress"
"s8.dat","t19","AJIKAR",74,"rec","backw","3",0,NA,"keypress"
"s8.dat","t229","NABOH",75,"pseudorec","forw","3",1,1152,"keypress"
"s8.dat","t12","ĆOMOP",76,"rec","backw","3",0,NA,"keypress"
"s8.dat","t147","VELUT",77,"pseudorec","backw","3",1,681,"keypress"
"s8.dat","t118","KAČKET",78,"rec","forw","1",1,701,"keypress"
"s8.dat","t94","DEOBA",79,"rec","forw","1",1,1402,"keypress"
"s8.dat","t190","METAT",80,"pseudorec","forw","3",1,901,"keypress"
"s8.dat","t159","MADAZ",81,"pseudorec","backw","3",1,1331,"keypress"
"s8.dat","t116","ČAPLJA",82,"rec","forw","1",1,1112,"keypress"
"s8.dat","t160","GEOLOT",83,"pseudorec","backw","3",1,1041,"keypress"
"s8.dat","t203","KONDOP",84,"pseudorec","forw","3",1,1101,"keypress"
"s8.dat","t53","AMALAS",85,"rec","backw","3",0,NA,"keypress"
"s8.dat","t209","HARAK",86,"pseudorec","forw","1",0,NA,"keypress"
"s8.dat","t67","PROPIS",87,"rec","forw","1",1,1342,"keypress"
"s8.dat","t219","REDAF",88,"pseudorec","forw","3",1,1312,"keypress"
"s8.dat","t175","AKCENAŠ",89,"pseudorec","backw","1",0,NA,"keypress"
"s8.dat","t64","MILOST",90,"rec","forw","1",1,741,"keypress"
"s8.dat","t57","SOKOK",91,"rec","backw","3",0,NA,"keypress"
"s8.dat","t4","ATEVSO",92,"rec","backw","3",0,NA,"keypress"
"s8.dat","t223","IZOTOC",93,"pseudorec","forw","3",1,972,"keypress"
"s8.dat","t137","STICAP",94,"pseudorec","backw","1",0,NA,"keypress"
"s8.dat","t88","KNJIGA",95,"rec","forw","1",1,721,"keypress"
"s8.dat","t225","TUMOČ",96,"pseudorec","forw","1",0,NA,"keypress"
"s8.dat","t58","ANANAB",97,"rec","backw","1",1,1482,"keypress"
"s8.dat","t201","DESPON",98,"pseudorec","forw","3",1,1041,"keypress"
"s8.dat","t83","ZAVESA",99,"rec","forw","1",1,831,"keypress"
"s8.dat","t233","NAMAG",100,"pseudorec","forw","3",1,1252,"keypress"
"s8.dat","t78","JASTUK",101,"rec","forw","1",1,681,"keypress"
"s8.dat","t40","TLOVER",102,"rec","backw","3",0,NA,"keypress"
"s8.dat","t11","OASIMS",103,"rec","backw","1",1,1082,"keypress"
"s8.dat","t14","HARTS",104,"rec","backw","3",0,NA,"keypress"
"s8.dat","t39","AKUOP",105,"rec","backw","1",1,1332,"keypress"
"s8.dat","t184","JEDNJAZ",106,"pseudorec","forw","3",1,922,"keypress"
"s8.dat","t87","STAKLO",107,"rec","forw","1",1,741,"keypress"
"s8.dat","t165","SIRUL",108,"pseudorec","backw","3",1,1141,"keypress"
"s8.dat","t106","KENGUR",109,"rec","forw","1",1,871,"keypress"
"s8.dat","t59","AČUPAP",110,"rec","backw","None",0,NA,"keypress"
"s8.dat","t105","OPREZ",112,"rec","forw","1",1,611,"keypress"
"s8.dat","t154","SKRON",113,"pseudorec","backw","3",1,1002,"keypress"
"s8.dat","t16","AJITUK",114,"rec","backw","3",0,NA,"keypress"
"s8.dat","t179","KANTAC",115,"pseudorec","backw","1",0,NA,"keypress"
"s8.dat","t101","ISPAD",116,"rec","forw","1",1,1061,"keypress"
"s8.dat","t84","ŠKOLJKA",117,"rec","forw","1",1,841,"keypress"
"s8.dat","t36","SLUPMI",118,"rec","backw","1",1,1463,"keypress"
"s8.dat","t197","KLIKET",119,"pseudorec","forw","3",1,1302,"keypress"
"s8.dat","t43","ANEMAN",120,"rec","backw","None",0,NA,"keypress"
"s8.dat","t97","MANJAK",122,"rec","forw","1",1,681,"keypress"
"s8.dat","t177","MELED",123,"pseudorec","backw","3",1,661,"keypress"
"s8.dat","t46","ALKEVC",124,"rec","backw","1",1,851,"keypress"
"s8.dat","t17","AVKOMS",126,"rec","backw","3",0,NA,"keypress"
"s8.dat","t45","DOHSI",127,"rec","backw","1",1,1101,"keypress"
"s8.dat","t206","ARHID",128,"pseudorec","forw","1",0,NA,"keypress"
"s8.dat","t134","LOTOG",129,"pseudorec","backw","3",1,741,"keypress"
"s8.dat","t167","KARBOZ",130,"pseudorec","backw","3",1,841,"keypress"
"s8.dat","t222","TREGEN",131,"pseudorec","forw","1",0,NA,"keypress"
"s8.dat","t148","BAZAP",132,"pseudorec","backw","3",1,400,"keypress"
"s8.dat","t75","LJUBAV",133,"rec","forw","1",1,641,"keypress"
"s8.dat","t61","SUDBA",134,"rec","forw","1",1,531,"keypress"
"s8.dat","t65","IDEJA",135,"rec","forw","1",1,511,"keypress"
"s8.dat","t96","ELITA",136,"rec","forw","1",1,891,"keypress"
"s8.dat","t176","NAGIR",137,"pseudorec","backw","3",1,981,"keypress"
"s8.dat","t92","INTIMA",138,"rec","forw","1",1,971,"keypress"
"s8.dat","t115","PRASE",140,"rec","forw","1",1,610,"keypress"
"s8.dat","t50","KAMJAK",141,"rec","backw","1",1,641,"keypress"
"s8.dat","t207","BONTOZ",142,"pseudorec","forw","3",1,941,"keypress"
"s8.dat","t230","KONZUP",143,"pseudorec","forw","3",1,1051,"keypress"
"s8.dat","t133","LIRIZ",144,"pseudorec","backw","3",1,1232,"keypress"
"s8.dat","t108","KOMPOT",145,"rec","forw","1",1,771,"keypress"
"s8.dat","t49","ALGEP",146,"rec","backw","3",0,NA,"keypress"
"s8.dat","t6","AVONBO",147,"rec","backw","3",0,NA,"keypress"
"s8.dat","t93","BAROK",148,"rec","forw","1",1,1101,"keypress"
"s8.dat","t240","TRILEN",149,"pseudorec","forw","1",0,NA,"keypress"
"s8.dat","t55","SUTKAK",150,"rec","backw","3",0,NA,"keypress"
"s8.dat","t95","OPSEG",151,"rec","forw","1",1,981,"keypress"
"s8.dat","t211","FLUOŠ",152,"pseudorec","forw","3",1,1081,"keypress"
"s8.dat","t131","PATROZ",153,"pseudorec","backw","1",0,NA,"keypress"
"s8.dat","t129","AFEKAL",154,"pseudorec","backw","1",0,NA,"keypress"
"s8.dat","t221","CELEP",155,"pseudorec","forw","3",1,861,"keypress"
"s8.dat","t189","BEĆAŠ",156,"pseudorec","forw","3",1,742,"keypress"
"s8.dat","t114","LIKER",157,"rec","forw","1",1,841,"keypress"
"s8.dat","t1","ADOTEM",158,"rec","backw","3",0,NA,"keypress"
"s8.dat","t169","CIGAF",159,"pseudorec","backw","3",1,1492,"keypress"
"s8.dat","t31","AKITE",160,"rec","backw","1",1,1261,"keypress"
"s8.dat","t2","MAJOP",161,"rec","backw","1",1,1151,"keypress"
"s8.dat","t72","USPEH",162,"rec","forw","1",1,561,"keypress"
"s8.dat","t13","ANJAT",163,"rec","backw","1",1,981,"keypress"
"s8.dat","t213","ODVOC",164,"pseudorec","forw","1",0,NA,"keypress"
"s8.dat","t63","CELINA",165,"rec","forw","1",1,801,"keypress"
"s8.dat","t107","ČIODA",166,"rec","forw","3",0,NA,"keypress"
"s8.dat","t68","UTISAK",167,"rec","forw","1",1,551,"keypress"
"s8.dat","t102","PROFIT",168,"rec","forw","1",1,671,"keypress"
"s8.dat","t217","REZAG",169,"pseudorec","forw","3",1,822,"keypress"
"s8.dat","t227","VITALJ",170,"pseudorec","forw","3",1,821,"keypress"
"s8.dat","t195","TOTEK",171,"pseudorec","forw","1",0,NA,"keypress"
"s8.dat","t124","SPANAR",172,"pseudorec","backw","1",0,NA,"keypress"
"s8.dat","t237","FAGOH",173,"pseudorec","forw","3",1,731,"keypress"
"s8.dat","t54","AKUTŠ",174,"rec","backw","1",1,911,"keypress"
"s8.dat","t69","SUMNJA",175,"rec","forw","1",1,881,"keypress"
"s8.dat","t150","FLUIŠ",176,"pseudorec","backw","3",1,691,"keypress"
"s8.dat","t66","OTPOR",177,"rec","forw","1",1,871,"keypress"
"s8.dat","t204","BILIOD",178,"pseudorec","forw","3",1,761,"keypress"
"s8.dat","t188","KOKTEZ",179,"pseudorec","forw","3",1,941,"keypress"
"s8.dat","t138","KAPLAB",180,"pseudorec","backw","3",1,1081,"keypress"
"s8.dat","t62","UZROK",181,"rec","forw","1",1,500,"keypress"
"s8.dat","t202","PANTEK",182,"pseudorec","forw","3",1,1131,"keypress"
"s8.dat","t24","RITPEL",183,"rec","backw","1",1,1151,"keypress"
"s8.dat","t231","KENGUN",184,"pseudorec","forw","3",1,1121,"keypress"
"s8.dat","t239","RUNDOG",185,"pseudorec","forw","None",0,NA,"keypress"
"s8.dat","t18","KUDNAS",187,"rec","backw","3",0,NA,"keypress"
"s8.dat","t117","ŠERPA",188,"rec","forw","1",1,851,"keypress"
"s8.dat","t104","EFEKAT",189,"rec","forw","1",1,691,"keypress"
"s8.dat","t152","VEŠTAP",190,"pseudorec","backw","3",1,901,"keypress"
"s8.dat","t100","RASPON",191,"rec","forw","1",1,620,"keypress"
"s8.dat","t208","TIKEN",192,"pseudorec","forw","1",0,NA,"keypress"
"s8.dat","t178","STALAV",194,"pseudorec","backw","3",1,1132,"keypress"
"s8.dat","t132","AVANČ",195,"pseudorec","backw","1",0,NA,"keypress"
"s8.dat","t29","EĆEVC",196,"rec","backw","3",0,NA,"keypress"
"s8.dat","t30","AVART",197,"rec","backw","1",1,1212,"keypress"
"s8.dat","t103","NEDELO",198,"rec","forw","1",1,1252,"keypress"
"s8.dat","t86","LOPTA",199,"rec","forw","1",1,661,"keypress"
"s8.dat","t151","PASAM",200,"pseudorec","backw","3",1,791,"keypress"
"s8.dat","t212","KRETEP",201,"pseudorec","forw","3",1,1162,"keypress"
"s8.dat","t140","UZGOT",202,"pseudorec","backw","3",1,1172,"keypress"
"s8.dat","t198","NITKOZ",203,"pseudorec","forw","None",0,NA,"keypress"
"s8.dat","t126","FELJTOZ",205,"pseudorec","backw","3",1,991,"keypress"
"s8.dat","t71","RAZVOJ",206,"rec","forw","1",1,561,"keypress"
"s8.dat","t210","SATEP",207,"pseudorec","forw","3",1,751,"keypress"
"s8.dat","t9","GOLZAR",208,"rec","backw","3",0,NA,"keypress"
"s8.dat","t35","DIKSAR",209,"rec","backw","1",1,1001,"keypress"
"s8.dat","t89","VRATA",210,"rec","forw","1",1,541,"keypress"
"s8.dat","t127","RATLUZ",211,"pseudorec","backw","3",1,791,"keypress"
"s8.dat","t193","PROLOZ",212,"pseudorec","forw","3",1,772,"keypress"
"s8.dat","t156","PUDINC",213,"pseudorec","backw","1",0,NA,"keypress"
"s8.dat","t112","TORTA",214,"rec","forw","1",1,570,"keypress"
"s8.dat","t174","ZIDIB",215,"pseudorec","backw","3",1,981,"keypress"
"s8.dat","t173","LENJOČ",216,"pseudorec","backw","3",1,961,"keypress"
"s8.dat","t44","ATEJUS",217,"rec","backw","1",1,1202,"keypress"
"s8.dat","t157","ŠAPTAK",218,"pseudorec","backw","3",1,1011,"keypress"
"s8.dat","t200","KOSMOR",219,"pseudorec","forw","3",1,922,"keypress"
"s8.dat","t48","ALCUC",220,"rec","backw","None",0,NA,"keypress"
"s8.dat","t111","PELENA",222,"rec","forw","1",1,571,"keypress"
"s8.dat","t170","ŠESTAM",223,"pseudorec","backw","1",0,NA,"keypress"
"s8.dat","t228","FLANEG",224,"pseudorec","forw","3",1,641,"keypress"
"s8.dat","t32","HULSOD",225,"rec","backw","3",0,NA,"keypress"
"s8.dat","t123","NEUKUD",226,"pseudorec","backw","1",0,NA,"keypress"
"s8.dat","t22","TSARH",227,"rec","backw","None",0,NA,"keypress"
"s8.dat","t139","HIBRIF",229,"pseudorec","backw","3",1,832,"keypress"
"s8.dat","t180","FILTEB",230,"pseudorec","backw","3",1,931,"keypress"
"s8.dat","t166","BIOLOR",231,"pseudorec","backw","3",1,1232,"keypress"
"s8.dat","t224","DISTIC",232,"pseudorec","forw","3",1,741,"keypress"
"s8.dat","t10","TSEVS",233,"rec","backw","1",1,1101,"keypress"
"s8.dat","t51","NARAŠ",234,"rec","backw","1",1,751,"keypress"
"s8.dat","t119","KECELJA",235,"rec","forw","1",1,591,"keypress"
"s8.dat","t216","IDIOB",236,"pseudorec","forw","3",1,1012,"keypress"
"s8.dat","t232","FAZOR",238,"pseudorec","forw","1",0,NA,"keypress"
"s8.dat","t5","TSOLAŽ",239,"rec","backw","3",0,NA,"keypress"
"s8.dat","t7","TSIROK",240,"rec","backw","3",0,NA,"keypress"
"s8.dat","t125","AKSIOK",241,"pseudorec","backw","1",0,NA,"keypress"
"s8.dat","t76","SAPUN",242,"rec","forw","1",1,551,"keypress"
"s8.dat","t205","EVNUB",243,"pseudorec","forw","3",1,761,"keypress"
"s8.dat","t145","HAMEŠ",244,"pseudorec","backw","3",1,811,"keypress"
"s8.dat","t121","KORDOB",245,"pseudorec","backw","3",1,981,"keypress"
"s8.dat","t181","TANIH",246,"pseudorec","forw","3",1,812,"keypress"
"s8.dat","t235","MAHET",247,"pseudorec","forw","3",1,591,"keypress"
"s8.dat","t163","PRESEB",248,"pseudorec","backw","1",0,NA,"keypress"
"s8.dat","t214","PIJAD",249,"pseudorec","forw","3",1,1001,"keypress"
"s9.dat","t237","FAGOH",1,"pseudorec","forw","1",0,NA,"keypress"
"s9.dat","t100","RASPON",2,"rec","forw","1",1,671,"keypress"
"s9.dat","t11","OASIMS",3,"rec","backw","3",0,NA,"keypress"
"s9.dat","t57","SOKOK",4,"rec","backw","1",1,601,"keypress"
"s9.dat","t7","TSIROK",5,"rec","backw","3",0,NA,"keypress"
"s9.dat","t27","OKELM",6,"rec","backw","1",1,1081,"keypress"
"s9.dat","t10","TSEVS",7,"rec","backw","1",1,1091,"keypress"
"s9.dat","t212","KRETEP",8,"pseudorec","forw","3",1,1302,"keypress"
"s9.dat","t167","KARBOZ",9,"pseudorec","backw","None",0,NA,"keypress"
"s9.dat","t190","METAT",11,"pseudorec","forw","1",0,NA,"keypress"
"s9.dat","t183","GURMAB",13,"pseudorec","forw","3",1,1322,"keypress"
"s9.dat","t224","DISTIC",14,"pseudorec","forw","3",1,1332,"keypress"
"s9.dat","t103","NEDELO",16,"rec","forw","None",0,NA,"keypress"
"s9.dat","t170","ŠESTAM",18,"pseudorec","backw","3",1,1312,"keypress"
"s9.dat","t145","HAMEŠ",19,"pseudorec","backw","3",1,1242,"keypress"
"s9.dat","t1","ADOTEM",20,"rec","backw","3",0,NA,"keypress"
"s9.dat","t68","UTISAK",21,"rec","forw","1",1,1192,"keypress"
"s9.dat","t155","KAUBOT",22,"pseudorec","backw","3",1,1172,"keypress"
"s9.dat","t46","ALKEVC",23,"rec","backw","3",0,NA,"keypress"
"s9.dat","t77","KESTEN",24,"rec","forw","1",1,741,"keypress"
"s9.dat","t18","KUDNAS",25,"rec","backw","3",0,NA,"keypress"
"s9.dat","t22","TSARH",26,"rec","backw","1",1,1412,"keypress"
"s9.dat","t89","VRATA",27,"rec","forw","1",1,531,"keypress"
"s9.dat","t179","KANTAC",28,"pseudorec","backw","1",0,NA,"keypress"
"s9.dat","t41","ABOGET",29,"rec","backw","3",0,NA,"keypress"
"s9.dat","t203","KONDOP",30,"pseudorec","forw","1",0,NA,"keypress"
"s9.dat","t229","NABOH",31,"pseudorec","forw","3",1,1212,"keypress"
"s9.dat","t227","VITALJ",32,"pseudorec","forw","None",0,NA,"keypress"
"s9.dat","t93","BAROK",34,"rec","forw","1",1,671,"keypress"
"s9.dat","t201","DESPON",35,"pseudorec","forw","1",0,NA,"keypress"
"s9.dat","t144","SLANIB",36,"pseudorec","backw","3",1,1282,"keypress"
"s9.dat","t52","NAZAF",37,"rec","backw","3",0,NA,"keypress"
"s9.dat","t210","SATEP",38,"pseudorec","forw","3",1,1472,"keypress"
"s9.dat","t20","CANOK",39,"rec","backw","1",1,1182,"keypress"
"s9.dat","t127","RATLUZ",40,"pseudorec","backw","None",0,NA,"keypress"
"s9.dat","t225","TUMOČ",42,"pseudorec","forw","3",1,1462,"keypress"
"s9.dat","t95","OPSEG",43,"rec","forw","1",1,651,"keypress"
"s9.dat","t228","FLANEG",44,"pseudorec","forw","3",1,851,"keypress"
"s9.dat","t121","KORDOB",45,"pseudorec","backw","None",0,NA,"keypress"
"s9.dat","t63","CELINA",47,"rec","forw","1",1,711,"keypress"
"s9.dat","t235","MAHET",48,"pseudorec","forw","1",0,NA,"keypress"
"s9.dat","t140","UZGOT",49,"pseudorec","backw","3",1,951,"keypress"
"s9.dat","t8","ADVARP",50,"rec","backw","3",0,NA,"keypress"
"s9.dat","t199","KLIPAĆ",51,"pseudorec","forw","3",1,791,"keypress"
"s9.dat","t70","NAPOR",52,"rec","forw","1",1,691,"keypress"
"s9.dat","t123","NEUKUD",53,"pseudorec","backw","3",1,941,"keypress"
"s9.dat","t193","PROLOZ",54,"pseudorec","forw","3",1,781,"keypress"
"s9.dat","t204","BILIOD",55,"pseudorec","forw","3",1,1392,"keypress"
"s9.dat","t182","DOLAŠ",56,"pseudorec","forw","3",1,802,"keypress"
"s9.dat","t154","SKRON",57,"pseudorec","backw","3",1,961,"keypress"
"s9.dat","t184","JEDNJAZ",58,"pseudorec","forw","1",0,NA,"keypress"
"s9.dat","t47","ACEREP",59,"rec","backw","None",0,NA,"keypress"
"s9.dat","t218","EPITEZ",61,"pseudorec","forw","None",0,NA,"keypress"
"s9.dat","t142","KEDAP",63,"pseudorec","backw","3",1,1392,"keypress"
"s9.dat","t231","KENGUN",64,"pseudorec","forw","3",1,1292,"keypress"
"s9.dat","t36","SLUPMI",65,"rec","backw","3",0,NA,"keypress"
"s9.dat","t130","POVEJ",66,"pseudorec","backw","3",1,1292,"keypress"
"s9.dat","t126","FELJTOZ",67,"pseudorec","backw","3",1,911,"keypress"
"s9.dat","t200","KOSMOR",68,"pseudorec","forw","None",0,NA,"keypress"
"s9.dat","t113","ZEBRA",70,"rec","forw","1",1,681,"keypress"
"s9.dat","t45","DOHSI",71,"rec","backw","3",0,NA,"keypress"
"s9.dat","t85","PEPEO",72,"rec","forw","1",1,1202,"keypress"
"s9.dat","t214","PIJAD",73,"pseudorec","forw","3",1,861,"keypress"
"s9.dat","t58","ANANAB",74,"rec","backw","1",1,1211,"keypress"
"s9.dat","t62","UZROK",75,"rec","forw","1",1,741,"keypress"
"s9.dat","t112","TORTA",76,"rec","forw","1",1,621,"keypress"
"s9.dat","t24","RITPEL",78,"rec","backw","None",0,NA,"keypress"
"s9.dat","t99","ZAKUP",80,"rec","forw","1",1,1202,"keypress"
"s9.dat","t82","KLAVIR",81,"rec","forw","1",1,560,"keypress"
"s9.dat","t206","ARHID",82,"pseudorec","forw","None",0,NA,"keypress"
"s9.dat","t230","KONZUP",84,"pseudorec","forw","3",1,1342,"keypress"
"s9.dat","t220","BUMBAG",85,"pseudorec","forw","3",1,1282,"keypress"
"s9.dat","t26","NALBAJ",86,"rec","backw","3",0,NA,"keypress"
"s9.dat","t223","IZOTOC",87,"pseudorec","forw","None",0,NA,"keypress"
"s9.dat","t56","ARBOK",89,"rec","backw","3",0,NA,"keypress"
"s9.dat","t209","HARAK",90,"pseudorec","forw","1",0,NA,"keypress"
"s9.dat","t98","UŽITAK",91,"rec","forw","1",1,561,"keypress"
"s9.dat","t65","IDEJA",92,"rec","forw","1",1,631,"keypress"
"s9.dat","t30","AVART",93,"rec","backw","3",0,NA,"keypress"
"s9.dat","t4","ATEVSO",94,"rec","backw","1",1,1342,"keypress"
"s9.dat","t189","BEĆAŠ",95,"pseudorec","forw","3",1,1482,"keypress"
"s9.dat","t88","KNJIGA",96,"rec","forw","1",1,1102,"keypress"
"s9.dat","t34","VILPU",97,"rec","backw","3",0,NA,"keypress"
"s9.dat","t86","LOPTA",98,"rec","forw","1",1,772,"keypress"
"s9.dat","t169","CIGAF",99,"pseudorec","backw","3",1,1051,"keypress"
"s9.dat","t238","JASTOM",100,"pseudorec","forw","3",1,1101,"keypress"
"s9.dat","t188","KOKTEZ",101,"pseudorec","forw","3",1,1452,"keypress"
"s9.dat","t163","PRESEB",102,"pseudorec","backw","3",1,1042,"keypress"
"s9.dat","t178","STALAV",103,"pseudorec","backw","None",0,NA,"keypress"
"s9.dat","t69","SUMNJA",105,"rec","forw","1",1,701,"keypress"
"s9.dat","t43","ANEMAN",106,"rec","backw","3",0,NA,"keypress"
"s9.dat","t110","KLIKER",107,"rec","forw","1",1,801,"keypress"
"s9.dat","t19","AJIKAR",108,"rec","backw","3",0,NA,"keypress"
"s9.dat","t120","OLOVKA",109,"rec","forw","1",1,581,"keypress"
"s9.dat","t117","ŠERPA",110,"rec","forw","1",1,721,"keypress"
"s9.dat","t160","GEOLOT",111,"pseudorec","backw","3",1,741,"keypress"
"s9.dat","t187","VEŠTAB",112,"pseudorec","forw","1",0,NA,"keypress"
"s9.dat","t222","TREGEN",113,"pseudorec","forw","3",1,882,"keypress"
"s9.dat","t55","SUTKAK",115,"rec","backw","3",0,NA,"keypress"
"s9.dat","t102","PROFIT",116,"rec","forw","1",1,711,"keypress"
"s9.dat","t108","KOMPOT",117,"rec","forw","1",1,711,"keypress"
"s9.dat","t143","BATAZ",118,"pseudorec","backw","3",1,1362,"keypress"
"s9.dat","t198","NITKOZ",119,"pseudorec","forw","3",1,952,"keypress"
"s9.dat","t205","EVNUB",121,"pseudorec","forw","3",1,1032,"keypress"
"s9.dat","t116","ČAPLJA",122,"rec","forw","1",1,571,"keypress"
"s9.dat","t119","KECELJA",123,"rec","forw","1",1,651,"keypress"
"s9.dat","t240","TRILEN",124,"pseudorec","forw","1",0,NA,"keypress"
"s9.dat","t97","MANJAK",126,"rec","forw","3",0,NA,"keypress"
"s9.dat","t139","HIBRIF",127,"pseudorec","backw","3",1,1402,"keypress"
"s9.dat","t54","AKUTŠ",128,"rec","backw","1",1,1492,"keypress"
"s9.dat","t239","RUNDOG",129,"pseudorec","forw","3",1,1312,"keypress"
"s9.dat","t141","CIMEC",130,"pseudorec","backw","3",1,1242,"keypress"
"s9.dat","t157","ŠAPTAK",131,"pseudorec","backw","None",0,NA,"keypress"
"s9.dat","t61","SUDBA",133,"rec","forw","1",1,1041,"keypress"
"s9.dat","t137","STICAP",134,"pseudorec","backw","3",1,861,"keypress"
"s9.dat","t195","TOTEK",135,"pseudorec","forw","1",0,NA,"keypress"
"s9.dat","t16","AJITUK",136,"rec","backw","3",0,NA,"keypress"
"s9.dat","t31","AKITE",137,"rec","backw","3",0,NA,"keypress"
"s9.dat","t153","LOSIOR",138,"pseudorec","backw","3",1,871,"keypress"
"s9.dat","t105","OPREZ",139,"rec","forw","3",0,NA,"keypress"
"s9.dat","t122","FETUP",140,"pseudorec","backw","3",1,1312,"keypress"
"s9.dat","t87","STAKLO",141,"rec","forw","1",1,611,"keypress"
"s9.dat","t114","LIKER",142,"rec","forw","1",1,531,"keypress"
"s9.dat","t42","ROMAZ",143,"rec","backw","3",0,NA,"keypress"
"s9.dat","t32","HULSOD",144,"rec","backw","3",0,NA,"keypress"
"s9.dat","t129","AFEKAL",145,"pseudorec","backw","None",0,NA,"keypress"
"s9.dat","t83","ZAVESA",147,"rec","forw","1",1,721,"keypress"
"s9.dat","t166","BIOLOR",148,"pseudorec","backw","3",1,982,"keypress"
"s9.dat","t134","LOTOG",149,"pseudorec","backw","3",1,801,"keypress"
"s9.dat","t217","REZAG",150,"pseudorec","forw","3",1,912,"keypress"
"s9.dat","t216","IDIOB",151,"pseudorec","forw","1",0,NA,"keypress"
"s9.dat","t197","KLIKET",152,"pseudorec","forw","None",0,NA,"keypress"
"s9.dat","t74","ODNOS",154,"rec","forw","1",1,611,"keypress"
"s9.dat","t28","AKILS",155,"rec","backw","3",0,NA,"keypress"
"s9.dat","t151","PASAM",156,"pseudorec","backw","None",0,NA,"keypress"
"s9.dat","t173","LENJOČ",158,"pseudorec","backw","3",1,791,"keypress"
"s9.dat","t147","VELUT",159,"pseudorec","backw","3",1,701,"keypress"
"s9.dat","t21","BELAG",160,"rec","backw","3",0,NA,"keypress"
"s9.dat","t84","ŠKOLJKA",161,"rec","forw","1",1,581,"keypress"
"s9.dat","t192","IRVAB",162,"pseudorec","forw","3",1,831,"keypress"
"s9.dat","t9","GOLZAR",163,"rec","backw","3",0,NA,"keypress"
"s9.dat","t5","TSOLAŽ",164,"rec","backw","1",1,1031,"keypress"
"s9.dat","t67","PROPIS",165,"rec","forw","1",1,822,"keypress"
"s9.dat","t146","DRIPAG",166,"pseudorec","backw","3",1,721,"keypress"
"s9.dat","t73","ISTINA",167,"rec","forw","1",1,691,"keypress"
"s9.dat","t44","ATEJUS",168,"rec","backw","3",0,NA,"keypress"
"s9.dat","t148","BAZAP",169,"pseudorec","backw","3",1,932,"keypress"
"s9.dat","t6","AVONBO",170,"rec","backw","3",0,NA,"keypress"
"s9.dat","t165","SIRUL",171,"pseudorec","backw","3",1,851,"keypress"
"s9.dat","t168","ĆUMEP",172,"pseudorec","backw","3",1,591,"keypress"
"s9.dat","t226","RITUAC",173,"pseudorec","forw","3",1,912,"keypress"
"s9.dat","t221","CELEP",174,"pseudorec","forw","3",1,911,"keypress"
"s9.dat","t39","AKUOP",175,"rec","backw","None",0,NA,"keypress"
"s9.dat","t91","NABOJ",177,"rec","forw","1",1,541,"keypress"
"s9.dat","t17","AVKOMS",178,"rec","backw","3",0,NA,"keypress"
"s9.dat","t219","REDAF",179,"pseudorec","forw","3",1,811,"keypress"
"s9.dat","t92","INTIMA",180,"rec","forw","1",1,811,"keypress"
"s9.dat","t162","NAKOČ",181,"pseudorec","backw","3",1,721,"keypress"
"s9.dat","t72","USPEH",182,"rec","forw","1",1,571,"keypress"
"s9.dat","t51","NARAŠ",183,"rec","backw","3",0,NA,"keypress"
"s9.dat","t196","BIZOK",184,"pseudorec","forw","3",1,1121,"keypress"
"s9.dat","t59","AČUPAP",185,"rec","backw","1",1,1292,"keypress"
"s9.dat","t180","FILTEB",186,"pseudorec","backw","3",1,941,"keypress"
"s9.dat","t53","AMALAS",187,"rec","backw","3",0,NA,"keypress"
"s9.dat","t172","LIMIR",188,"pseudorec","backw","1",0,NA,"keypress"
"s9.dat","t164","BILTEG",189,"pseudorec","backw","3",1,651,"keypress"
"s9.dat","t29","EĆEVC",190,"rec","backw","1",1,1322,"keypress"
"s9.dat","t232","FAZOR",191,"pseudorec","forw","3",1,1221,"keypress"
"s9.dat","t40","TLOVER",192,"rec","backw","None",0,NA,"keypress"
"s9.dat","t191","VERMUJ",194,"pseudorec","forw","3",1,1342,"keypress"
"s9.dat","t175","AKCENAŠ",195,"pseudorec","backw","None",0,NA,"keypress"
"s9.dat","t128","MASLAB",197,"pseudorec","backw","3",1,1001,"keypress"
"s9.dat","t135","FALUČ",198,"pseudorec","backw","3",1,1072,"keypress"
"s9.dat","t174","ZIDIB",199,"pseudorec","backw","1",0,NA,"keypress"
"s9.dat","t15","AGANS",200,"rec","backw","1",1,1232,"keypress"
"s9.dat","t50","KAMJAK",201,"rec","backw","1",1,690,"keypress"
"s9.dat","t150","FLUIŠ",202,"pseudorec","backw","3",1,691,"keypress"
"s9.dat","t207","BONTOZ",203,"pseudorec","forw","3",1,1172,"keypress"
"s9.dat","t136","AZBESČ",204,"pseudorec","backw","3",1,971,"keypress"
"s9.dat","t78","JASTUK",205,"rec","forw","1",1,731,"keypress"
"s9.dat","t156","PUDINC",206,"pseudorec","backw","3",1,871,"keypress"
"s9.dat","t171","FOKUJ",207,"pseudorec","backw","3",1,1051,"keypress"
"s9.dat","t49","ALGEP",208,"rec","backw","1",1,1231,"keypress"
"s9.dat","t107","ČIODA",209,"rec","forw","1",1,821,"keypress"
"s9.dat","t76","SAPUN",210,"rec","forw","1",1,601,"keypress"
"s9.dat","t118","KAČKET",211,"rec","forw","1",1,521,"keypress"
"s9.dat","t23","OTALB",212,"rec","backw","3",0,NA,"keypress"
"s9.dat","t138","KAPLAB",213,"pseudorec","backw","3",1,1272,"keypress"
"s9.dat","t12","ĆOMOP",214,"rec","backw","3",0,NA,"keypress"
"s9.dat","t111","PELENA",215,"rec","forw","1",1,661,"keypress"
"s9.dat","t152","VEŠTAP",216,"pseudorec","backw","1",0,NA,"keypress"
"s9.dat","t159","MADAZ",217,"pseudorec","backw","3",1,981,"keypress"
"s9.dat","t71","RAZVOJ",218,"rec","forw","1",1,661,"keypress"
"s9.dat","t79","KOLICA",219,"rec","forw","1",1,561,"keypress"
"s9.dat","t149","VISAR",220,"pseudorec","backw","3",1,962,"keypress"
"s9.dat","t131","PATROZ",221,"pseudorec","backw","3",1,931,"keypress"
"s9.dat","t37","ADUBOP",222,"rec","backw","1",1,1462,"keypress"
"s9.dat","t2","MAJOP",223,"rec","backw","3",0,NA,"keypress"
"s9.dat","t109","LAVOR",224,"rec","forw","1",1,961,"keypress"
"s9.dat","t124","SPANAR",225,"pseudorec","backw","3",1,1101,"keypress"
"s9.dat","t66","OTPOR",226,"rec","forw","1",1,661,"keypress"
"s9.dat","t25","CANAL",227,"rec","backw","3",0,NA,"keypress"
"s9.dat","t125","AKSIOK",228,"pseudorec","backw","3",1,801,"keypress"
"s9.dat","t208","TIKEN",229,"pseudorec","forw","3",1,1301,"keypress"
"s9.dat","t177","MELED",230,"pseudorec","backw","3",1,941,"keypress"
"s9.dat","t106","KENGUR",231,"rec","forw","1",1,591,"keypress"
"s9.dat","t161","SVIRAZ",233,"pseudorec","backw","3",1,1052,"keypress"
"s9.dat","t35","DIKSAR",234,"rec","backw","3",0,NA,"keypress"
"s9.dat","t38","AMGOD",235,"rec","backw","3",0,NA,"keypress"
"s9.dat","t33","EMONER",236,"rec","backw","None",0,NA,"keypress"
"s9.dat","t3","JACITU",238,"rec","backw","3",0,NA,"keypress"
"s9.dat","t64","MILOST",239,"rec","forw","1",1,541,"keypress"
"s9.dat","t213","ODVOC",240,"pseudorec","forw","3",1,721,"keypress"
"s9.dat","t104","EFEKAT",241,"rec","forw","1",1,600,"keypress"
"s9.dat","t81","KAMION",242,"rec","forw","1",1,541,"keypress"
"s9.dat","t75","LJUBAV",243,"rec","forw","1",1,450,"keypress"
"s9.dat","t48","ALCUC",244,"rec","backw","3",0,NA,"keypress"
"s9.dat","t211","FLUOŠ",245,"pseudorec","forw","3",1,1322,"keypress"
"s9.dat","t176","NAGIR",246,"pseudorec","backw","3",1,1162,"keypress"
"s9.dat","t101","ISPAD",247,"rec","forw","1",1,641,"keypress"
"s9.dat","t233","NAMAG",248,"pseudorec","forw","3",1,1002,"keypress"
"s9.dat","t94","DEOBA",249,"rec","forw","1",1,621,"keypress"
"s9.dat","t132","AVANČ",250,"pseudorec","backw","3",1,842,"keypress"
"s9.dat","t158","ĆEVAK",251,"pseudorec","backw","3",1,1131,"keypress"
"s9.dat","t115","PRASE",252,"rec","forw","1",1,661,"keypress"
"s9.dat","t181","TANIH",253,"pseudorec","forw","3",1,811,"keypress"
"s9.dat","t96","ELITA",254,"rec","forw","1",1,711,"keypress"
"s9.dat","t60","ATAPOL",255,"rec","backw","3",0,NA,"keypress"
"s9.dat","t14","HARTS",256,"rec","backw","1",1,1352,"keypress"
"s9.dat","t90","PTICA",257,"rec","forw","1",1,661,"keypress"
"s9.dat","t202","PANTEK",258,"pseudorec","forw","3",1,1182,"keypress"
"s9.dat","t13","ANJAT",259,"rec","backw","1",1,1192,"keypress"
"s9.dat","t133","LIRIZ",260,"pseudorec","backw","3",1,1091,"keypress"
"s10.dat","t78","JASTUK",1,"rec","forw","1",1,571,"keypress"
"s10.dat","t120","OLOVKA",2,"rec","forw","1",1,580,"keypress"
"s10.dat","t178","STALAV",3,"pseudorec","backw","3",1,1452,"keypress"
"s10.dat","t28","AKILS",4,"rec","backw","None",0,NA,"keypress"
"s10.dat","t104","EFEKAT",6,"rec","forw","1",1,661,"keypress"
"s10.dat","t171","FOKUJ",8,"pseudorec","backw","3",1,1012,"keypress"
"s10.dat","t56","ARBOK",9,"rec","backw","3",0,NA,"keypress"
"s10.dat","t42","ROMAZ",10,"rec","backw","1",1,1352,"keypress"
"s10.dat","t147","VELUT",11,"pseudorec","backw","3",1,1282,"keypress"
"s10.dat","t139","HIBRIF",12,"pseudorec","backw","None",0,NA,"keypress"
"s10.dat","t100","RASPON",14,"rec","forw","1",1,741,"keypress"
"s10.dat","t199","KLIPAĆ",15,"pseudorec","forw","3",1,631,"keypress"
"s10.dat","t210","SATEP",16,"pseudorec","forw","1",0,NA,"keypress"
"s10.dat","t41","ABOGET",17,"rec","backw","3",0,NA,"keypress"
"s10.dat","t4","ATEVSO",18,"rec","backw","1",1,1442,"keypress"
"s10.dat","t105","OPREZ",19,"rec","forw","1",1,741,"keypress"
"s10.dat","t187","VEŠTAB",20,"pseudorec","forw","None",0,NA,"keypress"
"s10.dat","t153","LOSIOR",22,"pseudorec","backw","1",0,NA,"keypress"
"s10.dat","t91","NABOJ",23,"rec","forw","1",1,611,"keypress"
"s10.dat","t132","AVANČ",24,"pseudorec","backw","3",1,1081,"keypress"
"s10.dat","t89","VRATA",25,"rec","forw","1",1,530,"keypress"
"s10.dat","t156","PUDINC",26,"pseudorec","backw","3",1,1061,"keypress"
"s10.dat","t146","DRIPAG",27,"pseudorec","backw","3",1,941,"keypress"
"s10.dat","t10","TSEVS",28,"rec","backw","1",1,1282,"keypress"
"s10.dat","t205","EVNUB",29,"pseudorec","forw","3",1,1362,"keypress"
"s10.dat","t133","LIRIZ",30,"pseudorec","backw","3",1,1422,"keypress"
"s10.dat","t51","NARAŠ",31,"rec","backw","1",1,1412,"keypress"
"s10.dat","t83","ZAVESA",32,"rec","forw","1",1,661,"keypress"
"s10.dat","t143","BATAZ",33,"pseudorec","backw","3",1,1322,"keypress"
"s10.dat","t63","CELINA",34,"rec","forw","1",1,891,"keypress"
"s10.dat","t167","KARBOZ",35,"pseudorec","backw","3",1,1172,"keypress"
"s10.dat","t54","AKUTŠ",36,"rec","backw","1",1,982,"keypress"
"s10.dat","t23","OTALB",37,"rec","backw","None",0,NA,"keypress"
"s10.dat","t68","UTISAK",39,"rec","forw","1",1,621,"keypress"
"s10.dat","t238","JASTOM",40,"pseudorec","forw","3",1,1342,"keypress"
"s10.dat","t123","NEUKUD",41,"pseudorec","backw","1",0,NA,"keypress"
"s10.dat","t88","KNJIGA",42,"rec","forw","1",1,591,"keypress"
"s10.dat","t19","AJIKAR",43,"rec","backw","3",0,NA,"keypress"
"s10.dat","t125","AKSIOK",44,"pseudorec","backw","1",0,NA,"keypress"
"s10.dat","t59","AČUPAP",45,"rec","backw","None",0,NA,"keypress"
"s10.dat","t64","MILOST",47,"rec","forw","1",1,531,"keypress"
"s10.dat","t151","PASAM",48,"pseudorec","backw","3",1,1342,"keypress"
"s10.dat","t29","EĆEVC",49,"rec","backw","3",0,NA,"keypress"
"s10.dat","t216","IDIOB",50,"pseudorec","forw","3",1,1392,"keypress"
"s10.dat","t40","TLOVER",51,"rec","backw","None",0,NA,"keypress"
"s10.dat","t30","AVART",53,"rec","backw","3",0,NA,"keypress"
"s10.dat","t193","PROLOZ",54,"pseudorec","forw","3",1,1202,"keypress"
"s10.dat","t118","KAČKET",55,"rec","forw","1",1,751,"keypress"
"s10.dat","t127","RATLUZ",56,"pseudorec","backw","3",1,1352,"keypress"
"s10.dat","t98","UŽITAK",57,"rec","forw","1",1,530,"keypress"
"s10.dat","t85","PEPEO",58,"rec","forw","1",1,550,"keypress"
"s10.dat","t25","CANAL",59,"rec","backw","3",0,NA,"keypress"
"s10.dat","t15","AGANS",60,"rec","backw","1",1,1202,"keypress"
"s10.dat","t32","HULSOD",61,"rec","backw","3",0,NA,"keypress"
"s10.dat","t142","KEDAP",62,"pseudorec","backw","None",0,NA,"keypress"
"s10.dat","t94","DEOBA",64,"rec","forw","1",1,842,"keypress"
"s10.dat","t163","PRESEB",65,"pseudorec","backw","3",1,931,"keypress"
"s10.dat","t189","BEĆAŠ",66,"pseudorec","forw","1",0,NA,"keypress"
"s10.dat","t172","LIMIR",67,"pseudorec","backw","3",1,1392,"keypress"
"s10.dat","t219","REDAF",68,"pseudorec","forw","3",1,1272,"keypress"
"s10.dat","t124","SPANAR",69,"pseudorec","backw","3",1,1122,"keypress"
"s10.dat","t39","AKUOP",70,"rec","backw","3",0,NA,"keypress"
"s10.dat","t168","ĆUMEP",71,"pseudorec","backw","3",1,941,"keypress"
"s10.dat","t65","IDEJA",72,"rec","forw","1",1,832,"keypress"
"s10.dat","t27","OKELM",73,"rec","backw","3",0,NA,"keypress"
"s10.dat","t222","TREGEN",74,"pseudorec","forw","3",1,1392,"keypress"
"s10.dat","t44","ATEJUS",75,"rec","backw","3",0,NA,"keypress"
"s10.dat","t2","MAJOP",76,"rec","backw","1",1,821,"keypress"
"s10.dat","t3","JACITU",77,"rec","backw","3",0,NA,"keypress"
"s10.dat","t12","ĆOMOP",78,"rec","backw","3",0,NA,"keypress"
"s10.dat","t228","FLANEG",79,"pseudorec","forw","3",1,1091,"keypress"
"s10.dat","t81","KAMION",80,"rec","forw","1",1,601,"keypress"
"s10.dat","t50","KAMJAK",81,"rec","backw","1",1,561,"keypress"
"s10.dat","t26","NALBAJ",82,"rec","backw","3",0,NA,"keypress"
"s10.dat","t96","ELITA",85,"rec","forw","1",1,771,"keypress"
"s10.dat","t97","MANJAK",86,"rec","forw","1",1,822,"keypress"
"s10.dat","t70","NAPOR",87,"rec","forw","1",1,711,"keypress"
"s10.dat","t101","ISPAD",88,"rec","forw","1",1,541,"keypress"
"s10.dat","t129","AFEKAL",89,"pseudorec","backw","3",1,1242,"keypress"
"s10.dat","t206","ARHID",90,"pseudorec","forw","None",0,NA,"keypress"
"s10.dat","t137","STICAP",92,"pseudorec","backw","3",1,1442,"keypress"
"s10.dat","t117","ŠERPA",93,"rec","forw","1",1,751,"keypress"
"s10.dat","t7","TSIROK",94,"rec","backw","3",0,NA,"keypress"
"s10.dat","t191","VERMUJ",97,"pseudorec","forw","None",0,NA,"keypress"
"s10.dat","t16","AJITUK",99,"rec","backw","None",0,NA,"keypress"
"s10.dat","t113","ZEBRA",101,"rec","forw","1",1,721,"keypress"
"s10.dat","t157","ŠAPTAK",102,"pseudorec","backw","None",0,NA,"keypress"
"s10.dat","t114","LIKER",104,"rec","forw","1",1,641,"keypress"
"s10.dat","t176","NAGIR",105,"pseudorec","backw","3",1,861,"keypress"
"s10.dat","t18","KUDNAS",106,"rec","backw","1",1,1261,"keypress"
"s10.dat","t77","KESTEN",107,"rec","forw","1",1,681,"keypress"
"s10.dat","t155","KAUBOT",108,"pseudorec","backw","1",0,NA,"keypress"
"s10.dat","t130","POVEJ",109,"pseudorec","backw","None",0,NA,"keypress"
"s10.dat","t109","LAVOR",111,"rec","forw","1",1,771,"keypress"
"s10.dat","t79","KOLICA",112,"rec","forw","1",1,581,"keypress"
"s10.dat","t192","IRVAB",113,"pseudorec","forw","3",1,751,"keypress"
"s10.dat","t20","CANOK",114,"rec","backw","1",1,1141,"keypress"
"s10.dat","t119","KECELJA",115,"rec","forw","1",1,691,"keypress"
"s10.dat","t160","GEOLOT",116,"pseudorec","backw","3",1,741,"keypress"
"s10.dat","t181","TANIH",117,"pseudorec","forw","None",0,NA,"keypress"
"s10.dat","t74","ODNOS",119,"rec","forw","1",1,621,"keypress"
"s10.dat","t207","BONTOZ",120,"pseudorec","forw","3",1,1002,"keypress"
"s10.dat","t134","LOTOG",121,"pseudorec","backw","1",0,NA,"keypress"
"s10.dat","t200","KOSMOR",122,"pseudorec","forw","3",1,1212,"keypress"
"s10.dat","t150","FLUIŠ",123,"pseudorec","backw","None",0,NA,"keypress"
"s10.dat","t92","INTIMA",125,"rec","forw","1",1,952,"keypress"
"s10.dat","t46","ALKEVC",126,"rec","backw","3",0,NA,"keypress"
"s10.dat","t197","KLIKET",127,"pseudorec","forw","3",1,891,"keypress"
"s10.dat","t49","ALGEP",128,"rec","backw","3",0,NA,"keypress"
"s10.dat","t108","KOMPOT",129,"rec","forw","1",1,711,"keypress"
"s10.dat","t103","NEDELO",130,"rec","forw","1",1,851,"keypress"
"s10.dat","t180","FILTEB",131,"pseudorec","backw","3",1,1042,"keypress"
"s10.dat","t135","FALUČ",132,"pseudorec","backw","1",0,NA,"keypress"
"s10.dat","t231","KENGUN",133,"pseudorec","forw","1",0,NA,"keypress"
"s10.dat","t110","KLIKER",134,"rec","forw","1",1,701,"keypress"
"s10.dat","t202","PANTEK",135,"pseudorec","forw","3",1,1131,"keypress"
"s10.dat","t67","PROPIS",136,"rec","forw","1",1,711,"keypress"
"s10.dat","t173","LENJOČ",137,"pseudorec","backw","3",1,991,"keypress"
"s10.dat","t55","SUTKAK",138,"rec","backw","3",0,NA,"keypress"
"s10.dat","t164","BILTEG",139,"pseudorec","backw","None",0,NA,"keypress"
"s10.dat","t175","AKCENAŠ",141,"pseudorec","backw","3",1,1222,"keypress"
"s10.dat","t226","RITUAC",142,"pseudorec","forw","3",1,721,"keypress"
"s10.dat","t99","ZAKUP",143,"rec","forw","1",1,791,"keypress"
"s10.dat","t95","OPSEG",144,"rec","forw","3",0,NA,"keypress"
"s10.dat","t53","AMALAS",145,"rec","backw","1",1,1362,"keypress"
"s10.dat","t22","TSARH",146,"rec","backw","1",1,1222,"keypress"
"s10.dat","t121","KORDOB",147,"pseudorec","backw","1",0,NA,"keypress"
"s10.dat","t190","METAT",148,"pseudorec","forw","3",1,1231,"keypress"
"s10.dat","t198","NITKOZ",149,"pseudorec","forw","3",1,1181,"keypress"
"s10.dat","t45","DOHSI",150,"rec","backw","1",1,1191,"keypress"
"s10.dat","t196","BIZOK",151,"pseudorec","forw","3",1,1021,"keypress"
"s10.dat","t165","SIRUL",152,"pseudorec","backw","3",1,961,"keypress"
"s10.dat","t115","PRASE",153,"rec","forw","1",1,832,"keypress"
"s10.dat","t34","VILPU",154,"rec","backw","3",0,NA,"keypress"
"s10.dat","t145","HAMEŠ",155,"pseudorec","backw","1",0,NA,"keypress"
"s10.dat","t116","ČAPLJA",156,"rec","forw","1",1,931,"keypress"
"s10.dat","t161","SVIRAZ",157,"pseudorec","backw","3",1,771,"keypress"
"s10.dat","t177","MELED",158,"pseudorec","backw","3",1,1181,"keypress"
"s10.dat","t58","ANANAB",159,"rec","backw","1",1,851,"keypress"
"s10.dat","t6","AVONBO",160,"rec","backw","3",0,NA,"keypress"
"s10.dat","t182","DOLAŠ",161,"pseudorec","forw","3",1,1342,"keypress"
"s10.dat","t126","FELJTOZ",162,"pseudorec","backw","3",1,1201,"keypress"
"s10.dat","t128","MASLAB",163,"pseudorec","backw","1",0,NA,"keypress"
"s10.dat","t62","UZROK",164,"rec","forw","1",1,771,"keypress"
"s10.dat","t174","ZIDIB",165,"pseudorec","backw","3",1,1161,"keypress"
"s10.dat","t82","KLAVIR",166,"rec","forw","1",1,701,"keypress"
"s10.dat","t235","MAHET",167,"pseudorec","forw","3",1,771,"keypress"
"s10.dat","t76","SAPUN",168,"rec","forw","3",0,NA,"keypress"
"s10.dat","t208","TIKEN",169,"pseudorec","forw","3",1,691,"keypress"
"s10.dat","t43","ANEMAN",171,"rec","backw","1",1,1072,"keypress"
"s10.dat","t87","STAKLO",172,"rec","forw","1",1,641,"keypress"
"s10.dat","t112","TORTA",173,"rec","forw","1",1,511,"keypress"
"s10.dat","t57","SOKOK",174,"rec","backw","1",1,651,"keypress"
"s10.dat","t106","KENGUR",175,"rec","forw","1",1,641,"keypress"
"s10.dat","t170","ŠESTAM",176,"pseudorec","backw","3",1,941,"keypress"
"s10.dat","t37","ADUBOP",177,"rec","backw","3",0,NA,"keypress"
"s10.dat","t111","PELENA",178,"rec","forw","1",1,591,"keypress"
"s10.dat","t33","EMONER",179,"rec","backw","3",0,NA,"keypress"
"s10.dat","t230","KONZUP",180,"pseudorec","forw","3",1,1252,"keypress"
"s10.dat","t60","ATAPOL",181,"rec","backw","3",0,NA,"keypress"
"s10.dat","t140","UZGOT",182,"pseudorec","backw","3",1,1362,"keypress"
"s10.dat","t144","SLANIB",183,"pseudorec","backw","3",1,691,"keypress"
"s10.dat","t169","CIGAF",184,"pseudorec","backw","1",0,NA,"keypress"
"s10.dat","t213","ODVOC",185,"pseudorec","forw","3",1,1322,"keypress"
"s10.dat","t86","LOPTA",186,"rec","forw","1",1,580,"keypress"
"s10.dat","t107","ČIODA",187,"rec","forw","3",0,NA,"keypress"
"s10.dat","t223","IZOTOC",188,"pseudorec","forw","3",1,1292,"keypress"
"s10.dat","t52","NAZAF",189,"rec","backw","3",0,NA,"keypress"
"s10.dat","t152","VEŠTAP",190,"pseudorec","backw","None",0,NA,"keypress"
"s10.dat","t35","DIKSAR",192,"rec","backw","3",0,NA,"keypress"
"s10.dat","t158","ĆEVAK",193,"pseudorec","backw","1",0,NA,"keypress"
"s10.dat","t14","HARTS",194,"rec","backw","1",1,1212,"keypress"
"s10.dat","t188","KOKTEZ",195,"pseudorec","forw","3",1,821,"keypress"
"s10.dat","t229","NABOH",196,"pseudorec","forw","3",1,791,"keypress"
"s10.dat","t149","VISAR",197,"pseudorec","backw","1",0,NA,"keypress"
"s10.dat","t224","DISTIC",198,"pseudorec","forw","3",1,1172,"keypress"
"s10.dat","t239","RUNDOG",199,"pseudorec","forw","3",1,952,"keypress"
"s10.dat","t221","CELEP",201,"pseudorec","forw","3",1,761,"keypress"
"s10.dat","t201","DESPON",202,"pseudorec","forw","3",1,1201,"keypress"
"s10.dat","t159","MADAZ",203,"pseudorec","backw","3",1,1101,"keypress"
"s10.dat","t11","OASIMS",204,"rec","backw","3",0,NA,"keypress"
"s10.dat","t131","PATROZ",205,"pseudorec","backw","3",1,1332,"keypress"
"s10.dat","t93","BAROK",206,"rec","forw","1",1,661,"keypress"
"s10.dat","t183","GURMAB",207,"pseudorec","forw","3",1,1341,"keypress"
"s10.dat","t17","AVKOMS",208,"rec","backw","3",0,NA,"keypress"
"s10.dat","t31","AKITE",209,"rec","backw","1",1,991,"keypress"
"s10.dat","t8","ADVARP",210,"rec","backw","3",0,NA,"keypress"
"s10.dat","t237","FAGOH",211,"pseudorec","forw","3",1,811,"keypress"
"s10.dat","t184","JEDNJAZ",213,"pseudorec","forw","3",1,1001,"keypress"
"s10.dat","t84","ŠKOLJKA",214,"rec","forw","1",1,801,"keypress"
"s10.dat","t38","AMGOD",215,"rec","backw","3",0,NA,"keypress"
"s10.dat","t211","FLUOŠ",216,"pseudorec","forw","1",0,NA,"keypress"
"s10.dat","t203","KONDOP",217,"pseudorec","forw","3",1,1232,"keypress"
"s10.dat","t5","TSOLAŽ",218,"rec","backw","3",0,NA,"keypress"
"s10.dat","t61","SUDBA",219,"rec","forw","3",0,NA,"keypress"
"s10.dat","t227","VITALJ",220,"pseudorec","forw","3",1,741,"keypress"
"s10.dat","t122","FETUP",221,"pseudorec","backw","3",1,731,"keypress"
"s10.dat","t13","ANJAT",222,"rec","backw","1",1,1252,"keypress"
"s10.dat","t66","OTPOR",223,"rec","forw","1",1,701,"keypress"
"s10.dat","t136","AZBESČ",224,"pseudorec","backw","3",1,921,"keypress"
"s10.dat","t162","NAKOČ",225,"pseudorec","backw","3",1,1172,"keypress"
"s10.dat","t47","ACEREP",226,"rec","backw","3",0,NA,"keypress"
"s10.dat","t21","BELAG",227,"rec","backw","3",0,NA,"keypress"
"s10.dat","t209","HARAK",228,"pseudorec","forw","None",0,NA,"keypress"
"s10.dat","t240","TRILEN",230,"pseudorec","forw","3",1,1212,"keypress"
"s10.dat","t138","KAPLAB",231,"pseudorec","backw","3",1,1012,"keypress"
"s10.dat","t154","SKRON",232,"pseudorec","backw","3",1,1111,"keypress"
"s10.dat","t204","BILIOD",233,"pseudorec","forw","None",0,NA,"keypress"
"s10.dat","t225","TUMOČ",235,"pseudorec","forw","1",0,NA,"keypress"
"s10.dat","t1","ADOTEM",236,"rec","backw","3",0,NA,"keypress"
"s10.dat","t90","PTICA",237,"rec","forw","1",1,651,"keypress"
"s10.dat","t195","TOTEK",238,"pseudorec","forw","3",1,1342,"keypress"
"s10.dat","t148","BAZAP",239,"pseudorec","backw","1",0,NA,"keypress"
"s10.dat","t233","NAMAG",240,"pseudorec","forw","3",1,721,"keypress"
"s10.dat","t72","USPEH",241,"rec","forw","1",1,571,"keypress"
"s10.dat","t141","CIMEC",242,"pseudorec","backw","3",1,842,"keypress"
"s10.dat","t69","SUMNJA",243,"rec","forw","1",1,491,"keypress"
"s10.dat","t166","BIOLOR",244,"pseudorec","backw","3",1,1041,"keypress"
"s10.dat","t102","PROFIT",245,"rec","forw","1",1,661,"keypress"
"s10.dat","t179","KANTAC",246,"pseudorec","backw","3",1,951,"keypress"
"s10.dat","t218","EPITEZ",247,"pseudorec","forw","3",1,1402,"keypress"
"s10.dat","t48","ALCUC",248,"rec","backw","3",0,NA,"keypress"
"s10.dat","t36","SLUPMI",249,"rec","backw","1",1,1402,"keypress"
"s10.dat","t71","RAZVOJ",250,"rec","forw","1",1,952,"keypress"
"s10.dat","t212","KRETEP",251,"pseudorec","forw","3",1,1322,"keypress"
"s10.dat","t217","REZAG",252,"pseudorec","forw","3",1,1192,"keypress"
"s10.dat","t75","LJUBAV",253,"rec","forw","1",1,691,"keypress"
"s10.dat","t24","RITPEL",254,"rec","backw","3",0,NA,"keypress"
"s10.dat","t220","BUMBAG",255,"pseudorec","forw","1",0,NA,"keypress"
"s10.dat","t73","ISTINA",256,"rec","forw","1",1,571,"keypress"
"s10.dat","t9","GOLZAR",257,"rec","backw","3",0,NA,"keypress"
"s10.dat","t232","FAZOR",258,"pseudorec","forw","3",1,1232,"keypress"
"s10.dat","t214","PIJAD",259,"pseudorec","forw","3",1,1302,"keypress"
"s11.dat","t126","FELJTOZ",1,"pseudorec","backw","1",0,NA,"keypress"
"s11.dat","t76","SAPUN",2,"rec","forw","1",1,481,"keypress"
"s11.dat","t134","LOTOG",3,"pseudorec","backw","3",1,671,"keypress"
"s11.dat","t84","ŠKOLJKA",4,"rec","forw","1",1,581,"keypress"
"s11.dat","t56","ARBOK",5,"rec","backw","3",0,NA,"keypress"
"s11.dat","t69","SUMNJA",6,"rec","forw","1",1,681,"keypress"
"s11.dat","t29","EĆEVC",7,"rec","backw","1",1,1171,"keypress"
"s11.dat","t161","SVIRAZ",8,"pseudorec","backw","1",0,NA,"keypress"
"s11.dat","t202","PANTEK",9,"pseudorec","forw","3",1,661,"keypress"
"s11.dat","t75","LJUBAV",10,"rec","forw","1",1,601,"keypress"
"s11.dat","t152","VEŠTAP",11,"pseudorec","backw","1",0,NA,"keypress"
"s11.dat","t136","AZBESČ",12,"pseudorec","backw","3",1,771,"keypress"
"s11.dat","t240","TRILEN",13,"pseudorec","forw","3",1,912,"keypress"
"s11.dat","t35","DIKSAR",14,"rec","backw","3",0,NA,"keypress"
"s11.dat","t150","FLUIŠ",15,"pseudorec","backw","1",0,NA,"keypress"
"s11.dat","t9","GOLZAR",16,"rec","backw","3",0,NA,"keypress"
"s11.dat","t74","ODNOS",17,"rec","forw","1",1,651,"keypress"
"s11.dat","t28","AKILS",18,"rec","backw","3",0,NA,"keypress"
"s11.dat","t229","NABOH",19,"pseudorec","forw","3",1,1372,"keypress"
"s11.dat","t190","METAT",20,"pseudorec","forw","3",1,972,"keypress"
"s11.dat","t171","FOKUJ",21,"pseudorec","backw","3",1,771,"keypress"
"s11.dat","t125","AKSIOK",22,"pseudorec","backw","3",1,1181,"keypress"
"s11.dat","t182","DOLAŠ",23,"pseudorec","forw","1",0,NA,"keypress"
"s11.dat","t13","ANJAT",24,"rec","backw","3",0,NA,"keypress"
"s11.dat","t99","ZAKUP",25,"rec","forw","3",0,NA,"keypress"
"s11.dat","t160","GEOLOT",26,"pseudorec","backw","3",1,841,"keypress"
"s11.dat","t60","ATAPOL",27,"rec","backw","None",0,NA,"keypress"
"s11.dat","t180","FILTEB",29,"pseudorec","backw","3",1,841,"keypress"
"s11.dat","t204","BILIOD",30,"pseudorec","forw","3",1,791,"keypress"
"s11.dat","t24","RITPEL",32,"rec","backw","3",0,NA,"keypress"
"s11.dat","t26","NALBAJ",33,"rec","backw","3",0,NA,"keypress"
"s11.dat","t44","ATEJUS",34,"rec","backw","1",1,1382,"keypress"
"s11.dat","t30","AVART",35,"rec","backw","1",1,1152,"keypress"
"s11.dat","t144","SLANIB",36,"pseudorec","backw","3",1,821,"keypress"
"s11.dat","t195","TOTEK",37,"pseudorec","forw","1",0,NA,"keypress"
"s11.dat","t23","OTALB",38,"rec","backw","3",0,NA,"keypress"
"s11.dat","t71","RAZVOJ",39,"rec","forw","1",1,811,"keypress"
"s11.dat","t200","KOSMOR",40,"pseudorec","forw","1",0,NA,"keypress"
"s11.dat","t88","KNJIGA",41,"rec","forw","1",1,741,"keypress"
"s11.dat","t31","AKITE",42,"rec","backw","1",1,1232,"keypress"
"s11.dat","t94","DEOBA",43,"rec","forw","1",1,901,"keypress"
"s11.dat","t98","UŽITAK",44,"rec","forw","1",1,651,"keypress"
"s11.dat","t172","LIMIR",45,"pseudorec","backw","3",1,961,"keypress"
"s11.dat","t121","KORDOB",46,"pseudorec","backw","3",1,1201,"keypress"
"s11.dat","t91","NABOJ",47,"rec","forw","1",1,600,"keypress"
"s11.dat","t105","OPREZ",48,"rec","forw","1",1,551,"keypress"
"s11.dat","t159","MADAZ",49,"pseudorec","backw","3",1,1132,"keypress"
"s11.dat","t27","OKELM",50,"rec","backw","1",1,1031,"keypress"
"s11.dat","t184","JEDNJAZ",51,"pseudorec","forw","3",1,1131,"keypress"
"s11.dat","t128","MASLAB",52,"pseudorec","backw","3",1,931,"keypress"
"s11.dat","t137","STICAP",53,"pseudorec","backw","None",0,NA,"keypress"
"s11.dat","t213","ODVOC",55,"pseudorec","forw","3",1,992,"keypress"
"s11.dat","t54","AKUTŠ",56,"rec","backw","1",1,841,"keypress"
"s11.dat","t47","ACEREP",57,"rec","backw","3",0,NA,"keypress"
"s11.dat","t45","DOHSI",58,"rec","backw","3",0,NA,"keypress"
"s11.dat","t170","ŠESTAM",59,"pseudorec","backw","3",1,1422,"keypress"
"s11.dat","t109","LAVOR",60,"rec","forw","1",1,791,"keypress"
"s11.dat","t55","SUTKAK",61,"rec","backw","3",0,NA,"keypress"
"s11.dat","t214","PIJAD",62,"pseudorec","forw","None",0,NA,"keypress"
"s11.dat","t216","IDIOB",64,"pseudorec","forw","1",0,NA,"keypress"
"s11.dat","t227","VITALJ",65,"pseudorec","forw","3",1,681,"keypress"
"s11.dat","t224","DISTIC",66,"pseudorec","forw","3",1,520,"keypress"
"s11.dat","t48","ALCUC",67,"rec","backw","3",0,NA,"keypress"
"s11.dat","t143","BATAZ",68,"pseudorec","backw","3",1,721,"keypress"
"s11.dat","t149","VISAR",69,"pseudorec","backw","3",1,1252,"keypress"
"s11.dat","t219","REDAF",70,"pseudorec","forw","3",1,841,"keypress"
"s11.dat","t169","CIGAF",71,"pseudorec","backw","3",1,1052,"keypress"
"s11.dat","t221","CELEP",72,"pseudorec","forw","1",0,NA,"keypress"
"s11.dat","t33","EMONER",73,"rec","backw","3",0,NA,"keypress"
"s11.dat","t52","NAZAF",74,"rec","backw","3",0,NA,"keypress"
"s11.dat","t18","KUDNAS",75,"rec","backw","3",0,NA,"keypress"
"s11.dat","t196","BIZOK",76,"pseudorec","forw","3",1,1322,"keypress"
"s11.dat","t222","TREGEN",77,"pseudorec","forw","3",1,761,"keypress"
"s11.dat","t104","EFEKAT",78,"rec","forw","1",1,681,"keypress"
"s11.dat","t96","ELITA",79,"rec","forw","1",1,711,"keypress"
"s11.dat","t10","TSEVS",80,"rec","backw","1",1,1362,"keypress"
"s11.dat","t189","BEĆAŠ",81,"pseudorec","forw","3",1,972,"keypress"
"s11.dat","t32","HULSOD",82,"rec","backw","3",0,NA,"keypress"
"s11.dat","t148","BAZAP",83,"pseudorec","backw","3",1,921,"keypress"
"s11.dat","t181","TANIH",84,"pseudorec","forw","None",0,NA,"keypress"
"s11.dat","t166","BIOLOR",86,"pseudorec","backw","1",0,NA,"keypress"
"s11.dat","t162","NAKOČ",87,"pseudorec","backw","3",1,751,"keypress"
"s11.dat","t176","NAGIR",88,"pseudorec","backw","3",1,751,"keypress"
"s11.dat","t100","RASPON",89,"rec","forw","1",1,761,"keypress"
"s11.dat","t217","REZAG",90,"pseudorec","forw","3",1,1292,"keypress"
"s11.dat","t173","LENJOČ",91,"pseudorec","backw","3",1,771,"keypress"
"s11.dat","t38","AMGOD",92,"rec","backw","None",0,NA,"keypress"
"s11.dat","t120","OLOVKA",94,"rec","forw","1",1,541,"keypress"
"s11.dat","t165","SIRUL",95,"pseudorec","backw","3",1,1041,"keypress"
"s11.dat","t57","SOKOK",96,"rec","backw","3",0,NA,"keypress"
"s11.dat","t59","AČUPAP",98,"rec","backw","3",0,NA,"keypress"
"s11.dat","t114","LIKER",99,"rec","forw","3",0,NA,"keypress"
"s11.dat","t81","KAMION",100,"rec","forw","1",1,611,"keypress"
"s11.dat","t232","FAZOR",101,"pseudorec","forw","3",1,641,"keypress"
"s11.dat","t2","MAJOP",102,"rec","backw","3",0,NA,"keypress"
"s11.dat","t111","PELENA",103,"rec","forw","1",1,811,"keypress"
"s11.dat","t3","JACITU",104,"rec","backw","1",1,862,"keypress"
"s11.dat","t4","ATEVSO",105,"rec","backw","3",0,NA,"keypress"
"s11.dat","t210","SATEP",107,"pseudorec","forw","1",0,NA,"keypress"
"s11.dat","t233","NAMAG",108,"pseudorec","forw","3",1,601,"keypress"
"s11.dat","t127","RATLUZ",109,"pseudorec","backw","3",1,601,"keypress"
"s11.dat","t61","SUDBA",110,"rec","forw","1",1,982,"keypress"
"s11.dat","t139","HIBRIF",111,"pseudorec","backw","3",1,741,"keypress"
"s11.dat","t118","KAČKET",112,"rec","forw","1",1,631,"keypress"
"s11.dat","t53","AMALAS",113,"rec","backw","1",1,1362,"keypress"
"s11.dat","t87","STAKLO",114,"rec","forw","1",1,601,"keypress"
"s11.dat","t124","SPANAR",115,"pseudorec","backw","3",1,1152,"keypress"
"s11.dat","t231","KENGUN",116,"pseudorec","forw","1",0,NA,"keypress"
"s11.dat","t34","VILPU",117,"rec","backw","3",0,NA,"keypress"
"s11.dat","t145","HAMEŠ",118,"pseudorec","backw","3",1,761,"keypress"
"s11.dat","t206","ARHID",119,"pseudorec","forw","None",0,NA,"keypress"
"s11.dat","t115","PRASE",121,"rec","forw","1",1,731,"keypress"
"s11.dat","t197","KLIKET",122,"pseudorec","forw","3",1,811,"keypress"
"s11.dat","t235","MAHET",123,"pseudorec","forw","3",1,691,"keypress"
"s11.dat","t37","ADUBOP",124,"rec","backw","3",0,NA,"keypress"
"s11.dat","t205","EVNUB",125,"pseudorec","forw","None",0,NA,"keypress"
"s11.dat","t142","KEDAP",127,"pseudorec","backw","3",1,741,"keypress"
"s11.dat","t187","VEŠTAB",128,"pseudorec","forw","3",1,601,"keypress"
"s11.dat","t116","ČAPLJA",130,"rec","forw","1",1,982,"keypress"
"s11.dat","t68","UTISAK",131,"rec","forw","1",1,661,"keypress"
"s11.dat","t8","ADVARP",132,"rec","backw","3",0,NA,"keypress"
"s11.dat","t163","PRESEB",133,"pseudorec","backw","3",1,991,"keypress"
"s11.dat","t12","ĆOMOP",134,"rec","backw","3",0,NA,"keypress"
"s11.dat","t140","UZGOT",135,"pseudorec","backw","3",1,952,"keypress"
"s11.dat","t102","PROFIT",136,"rec","forw","1",1,681,"keypress"
"s11.dat","t17","AVKOMS",137,"rec","backw","1",1,1232,"keypress"
"s11.dat","t138","KAPLAB",138,"pseudorec","backw","3",1,841,"keypress"
"s11.dat","t225","TUMOČ",139,"pseudorec","forw","3",1,851,"keypress"
"s11.dat","t103","NEDELO",140,"rec","forw","3",0,NA,"keypress"
"s11.dat","t79","KOLICA",141,"rec","forw","1",1,651,"keypress"
"s11.dat","t49","ALGEP",142,"rec","backw","1",1,1182,"keypress"
"s11.dat","t164","BILTEG",143,"pseudorec","backw","3",1,1001,"keypress"
"s11.dat","t67","PROPIS",144,"rec","forw","1",1,761,"keypress"
"s11.dat","t183","GURMAB",145,"pseudorec","forw","3",1,601,"keypress"
"s11.dat","t112","TORTA",146,"rec","forw","1",1,661,"keypress"
"s11.dat","t110","KLIKER",147,"rec","forw","1",1,731,"keypress"
"s11.dat","t133","LIRIZ",148,"pseudorec","backw","3",1,831,"keypress"
"s11.dat","t131","PATROZ",149,"pseudorec","backw","3",1,721,"keypress"
"s11.dat","t239","RUNDOG",150,"pseudorec","forw","3",1,671,"keypress"
"s11.dat","t19","AJIKAR",151,"rec","backw","1",1,1102,"keypress"
"s11.dat","t119","KECELJA",152,"rec","forw","1",1,641,"keypress"
"s11.dat","t135","FALUČ",153,"pseudorec","backw","3",1,1051,"keypress"
"s11.dat","t212","KRETEP",154,"pseudorec","forw","3",1,1061,"keypress"
"s11.dat","t151","PASAM",155,"pseudorec","backw","3",1,1062,"keypress"
"s11.dat","t146","DRIPAG",156,"pseudorec","backw","3",1,892,"keypress"
"s11.dat","t72","USPEH",157,"rec","forw","1",1,581,"keypress"
"s11.dat","t168","ĆUMEP",158,"pseudorec","backw","3",1,1012,"keypress"
"s11.dat","t223","IZOTOC",159,"pseudorec","forw","3",1,861,"keypress"
"s11.dat","t107","ČIODA",160,"rec","forw","1",1,721,"keypress"
"s11.dat","t20","CANOK",161,"rec","backw","3",0,NA,"keypress"
"s11.dat","t62","UZROK",162,"rec","forw","1",1,761,"keypress"
"s11.dat","t11","OASIMS",163,"rec","backw","3",0,NA,"keypress"
"s11.dat","t228","FLANEG",164,"pseudorec","forw","3",1,881,"keypress"
"s11.dat","t174","ZIDIB",165,"pseudorec","backw","3",1,721,"keypress"
"s11.dat","t70","NAPOR",166,"rec","forw","1",1,701,"keypress"
"s11.dat","t178","STALAV",167,"pseudorec","backw","3",1,1072,"keypress"
"s11.dat","t193","PROLOZ",168,"pseudorec","forw","3",1,802,"keypress"
"s11.dat","t85","PEPEO",169,"rec","forw","1",1,721,"keypress"
"s11.dat","t108","KOMPOT",170,"rec","forw","1",1,741,"keypress"
"s11.dat","t25","CANAL",171,"rec","backw","1",1,821,"keypress"
"s11.dat","t89","VRATA",172,"rec","forw","1",1,852,"keypress"
"s11.dat","t155","KAUBOT",173,"pseudorec","backw","3",1,651,"keypress"
"s11.dat","t50","KAMJAK",174,"rec","backw","1",1,701,"keypress"
"s11.dat","t22","TSARH",175,"rec","backw","3",0,NA,"keypress"
"s11.dat","t93","BAROK",176,"rec","forw","1",1,791,"keypress"
"s11.dat","t16","AJITUK",177,"rec","backw","1",1,1052,"keypress"
"s11.dat","t106","KENGUR",178,"rec","forw","1",1,781,"keypress"
"s11.dat","t123","NEUKUD",179,"pseudorec","backw","3",1,1372,"keypress"
"s11.dat","t237","FAGOH",180,"pseudorec","forw","3",1,1022,"keypress"
"s11.dat","t158","ĆEVAK",181,"pseudorec","backw","3",1,821,"keypress"
"s11.dat","t220","BUMBAG",182,"pseudorec","forw","3",1,751,"keypress"
"s11.dat","t36","SLUPMI",183,"rec","backw","3",0,NA,"keypress"
"s11.dat","t78","JASTUK",184,"rec","forw","1",1,751,"keypress"
"s11.dat","t21","BELAG",185,"rec","backw","3",0,NA,"keypress"
"s11.dat","t51","NARAŠ",186,"rec","backw","3",0,NA,"keypress"
"s11.dat","t58","ANANAB",187,"rec","backw","1",1,971,"keypress"
"s11.dat","t218","EPITEZ",188,"pseudorec","forw","3",1,1482,"keypress"
"s11.dat","t177","MELED",189,"pseudorec","backw","1",0,NA,"keypress"
"s11.dat","t156","PUDINC",190,"pseudorec","backw","3",1,1082,"keypress"
"s11.dat","t230","KONZUP",191,"pseudorec","forw","3",1,691,"keypress"
"s11.dat","t5","TSOLAŽ",192,"rec","backw","3",0,NA,"keypress"
"s11.dat","t41","ABOGET",193,"rec","backw","3",0,NA,"keypress"
"s11.dat","t238","JASTOM",194,"pseudorec","forw","3",1,1052,"keypress"
"s11.dat","t167","KARBOZ",196,"pseudorec","backw","3",1,581,"keypress"
"s11.dat","t117","ŠERPA",197,"rec","forw","1",1,771,"keypress"
"s11.dat","t199","KLIPAĆ",198,"pseudorec","forw","3",1,771,"keypress"
"s11.dat","t141","CIMEC",199,"pseudorec","backw","3",1,851,"keypress"
"s11.dat","t43","ANEMAN",200,"rec","backw","3",0,NA,"keypress"
"s11.dat","t14","HARTS",201,"rec","backw","3",0,NA,"keypress"
"s11.dat","t188","KOKTEZ",202,"pseudorec","forw","3",1,721,"keypress"
"s11.dat","t175","AKCENAŠ",203,"pseudorec","backw","3",1,721,"keypress"
"s11.dat","t132","AVANČ",204,"pseudorec","backw","3",1,481,"keypress"
"s11.dat","t65","IDEJA",205,"rec","forw","1",1,681,"keypress"
"s11.dat","t203","KONDOP",206,"pseudorec","forw","3",1,691,"keypress"
"s11.dat","t97","MANJAK",207,"rec","forw","1",1,871,"keypress"
"s11.dat","t122","FETUP",208,"pseudorec","backw","3",1,891,"keypress"
"s11.dat","t83","ZAVESA",209,"rec","forw","1",1,822,"keypress"
"s11.dat","t66","OTPOR",210,"rec","forw","1",1,641,"keypress"
"s11.dat","t90","PTICA",211,"rec","forw","1",1,501,"keypress"
"s11.dat","t209","HARAK",212,"pseudorec","forw","3",1,1382,"keypress"
"s11.dat","t179","KANTAC",213,"pseudorec","backw","3",1,781,"keypress"
"s11.dat","t7","TSIROK",214,"rec","backw","3",0,NA,"keypress"
"s11.dat","t82","KLAVIR",215,"rec","forw","3",0,NA,"keypress"
"s11.dat","t147","VELUT",216,"pseudorec","backw","3",1,611,"keypress"
"s11.dat","t86","LOPTA",217,"rec","forw","1",1,911,"keypress"
"s11.dat","t95","OPSEG",218,"rec","forw","1",1,971,"keypress"
"s11.dat","t154","SKRON",219,"pseudorec","backw","3",1,742,"keypress"
"s11.dat","t40","TLOVER",220,"rec","backw","3",0,NA,"keypress"
"s11.dat","t129","AFEKAL",221,"pseudorec","backw","3",1,721,"keypress"
"s11.dat","t208","TIKEN",222,"pseudorec","forw","3",1,621,"keypress"
"s11.dat","t92","INTIMA",223,"rec","forw","1",1,982,"keypress"
"s11.dat","t130","POVEJ",224,"pseudorec","backw","3",1,821,"keypress"
"s11.dat","t207","BONTOZ",225,"pseudorec","forw","3",1,601,"keypress"
"s11.dat","t113","ZEBRA",226,"rec","forw","1",1,721,"keypress"
"s11.dat","t157","ŠAPTAK",227,"pseudorec","backw","3",1,601,"keypress"
"s11.dat","t101","ISPAD",228,"rec","forw","1",1,741,"keypress"
"s11.dat","t63","CELINA",229,"rec","forw","1",1,721,"keypress"
"s11.dat","t153","LOSIOR",230,"pseudorec","backw","3",1,741,"keypress"
"s11.dat","t42","ROMAZ",232,"rec","backw","3",0,NA,"keypress"
"s11.dat","t191","VERMUJ",233,"pseudorec","forw","3",1,791,"keypress"
"s11.dat","t64","MILOST",234,"rec","forw","1",1,1002,"keypress"
"s11.dat","t211","FLUOŠ",235,"pseudorec","forw","3",1,591,"keypress"
"s11.dat","t198","NITKOZ",236,"pseudorec","forw","3",1,481,"keypress"
"s11.dat","t77","KESTEN",237,"rec","forw","1",1,610,"keypress"
"s11.dat","t15","AGANS",239,"rec","backw","3",0,NA,"keypress"
"s11.dat","t192","IRVAB",240,"pseudorec","forw","1",0,NA,"keypress"
"s11.dat","t226","RITUAC",241,"pseudorec","forw","3",1,872,"keypress"
"s11.dat","t39","AKUOP",242,"rec","backw","3",0,NA,"keypress"
"s11.dat","t73","ISTINA",243,"rec","forw","1",1,1072,"keypress"
"s11.dat","t1","ADOTEM",244,"rec","backw","3",0,NA,"keypress"
"s11.dat","t201","DESPON",245,"pseudorec","forw","3",1,681,"keypress"
"s11.dat","t6","AVONBO",246,"rec","backw","3",0,NA,"keypress"
"s11.dat","t46","ALKEVC",247,"rec","backw","3",0,NA,"keypress"
"s12.dat","t127","RATLUZ",1,"pseudorec","backw","3",1,1112,"keypress"
"s12.dat","t196","BIZOK",2,"pseudorec","forw","None",0,NA,"keypress"
"s12.dat","t55","SUTKAK",4,"rec","backw","3",0,NA,"keypress"
"s12.dat","t28","AKILS",5,"rec","backw","3",0,NA,"keypress"
"s12.dat","t131","PATROZ",6,"pseudorec","backw","3",1,1442,"keypress"
"s12.dat","t25","CANAL",7,"rec","backw","None",0,NA,"keypress"
"s12.dat","t170","ŠESTAM",9,"pseudorec","backw","3",1,1172,"keypress"
"s12.dat","t207","BONTOZ",10,"pseudorec","forw","3",1,1201,"keypress"
"s12.dat","t167","KARBOZ",11,"pseudorec","backw","3",1,1051,"keypress"
"s12.dat","t57","SOKOK",12,"rec","backw","1",1,1352,"keypress"
"s12.dat","t54","AKUTŠ",13,"rec","backw","3",0,NA,"keypress"
"s12.dat","t89","VRATA",14,"rec","forw","1",1,951,"keypress"
"s12.dat","t195","TOTEK",15,"pseudorec","forw","1",0,NA,"keypress"
"s12.dat","t47","ACEREP",16,"rec","backw","3",0,NA,"keypress"
"s12.dat","t209","HARAK",17,"pseudorec","forw","3",1,1372,"keypress"
"s12.dat","t152","VEŠTAP",18,"pseudorec","backw","1",0,NA,"keypress"
"s12.dat","t14","HARTS",19,"rec","backw","None",0,NA,"keypress"
"s12.dat","t36","SLUPMI",22,"rec","backw","3",0,NA,"keypress"
"s12.dat","t105","OPREZ",23,"rec","forw","1",1,661,"keypress"
"s12.dat","t76","SAPUN",24,"rec","forw","1",1,812,"keypress"
"s12.dat","t189","BEĆAŠ",25,"pseudorec","forw","3",1,601,"keypress"
"s12.dat","t238","JASTOM",26,"pseudorec","forw","3",1,1062,"keypress"
"s12.dat","t50","KAMJAK",27,"rec","backw","3",0,NA,"keypress"
"s12.dat","t159","MADAZ",28,"pseudorec","backw","None",0,NA,"keypress"
"s12.dat","t9","GOLZAR",30,"rec","backw","3",0,NA,"keypress"
"s12.dat","t23","OTALB",31,"rec","backw","None",0,NA,"keypress"
"s12.dat","t66","OTPOR",33,"rec","forw","1",1,711,"keypress"
"s12.dat","t155","KAUBOT",34,"pseudorec","backw","3",1,891,"keypress"
"s12.dat","t51","NARAŠ",35,"rec","backw","None",0,NA,"keypress"
"s12.dat","t231","KENGUN",37,"pseudorec","forw","1",0,NA,"keypress"
"s12.dat","t15","AGANS",38,"rec","backw","3",0,NA,"keypress"
"s12.dat","t165","SIRUL",39,"pseudorec","backw","3",1,961,"keypress"
"s12.dat","t97","MANJAK",40,"rec","forw","3",0,NA,"keypress"
"s12.dat","t208","TIKEN",41,"pseudorec","forw","1",0,NA,"keypress"
"s12.dat","t10","TSEVS",42,"rec","backw","3",0,NA,"keypress"
"s12.dat","t85","PEPEO",43,"rec","forw","1",1,1211,"keypress"
"s12.dat","t225","TUMOČ",44,"pseudorec","forw","3",1,1041,"keypress"
"s12.dat","t199","KLIPAĆ",45,"pseudorec","forw","None",0,NA,"keypress"
"s12.dat","t84","ŠKOLJKA",48,"rec","forw","1",1,1052,"keypress"
"s12.dat","t93","BAROK",49,"rec","forw","1",1,851,"keypress"
"s12.dat","t232","FAZOR",50,"pseudorec","forw","1",0,NA,"keypress"
"s12.dat","t67","PROPIS",51,"rec","forw","1",1,771,"keypress"
"s12.dat","t201","DESPON",52,"pseudorec","forw","3",1,1002,"keypress"
"s12.dat","t237","FAGOH",53,"pseudorec","forw","3",1,761,"keypress"
"s12.dat","t115","PRASE",54,"rec","forw","1",1,841,"keypress"
"s12.dat","t100","RASPON",55,"rec","forw","1",1,911,"keypress"
"s12.dat","t213","ODVOC",56,"pseudorec","forw","None",0,NA,"keypress"
"s12.dat","t3","JACITU",58,"rec","backw","1",1,782,"keypress"
"s12.dat","t112","TORTA",59,"rec","forw","1",1,1091,"keypress"
"s12.dat","t130","POVEJ",60,"pseudorec","backw","3",1,781,"keypress"
"s12.dat","t31","AKITE",61,"rec","backw","3",0,NA,"keypress"
"s12.dat","t137","STICAP",62,"pseudorec","backw","3",1,852,"keypress"
"s12.dat","t65","IDEJA",63,"rec","forw","1",1,1062,"keypress"
"s12.dat","t61","SUDBA",64,"rec","forw","3",0,NA,"keypress"
"s12.dat","t173","LENJOČ",65,"pseudorec","backw","3",1,1152,"keypress"
"s12.dat","t153","LOSIOR",66,"pseudorec","backw","None",0,NA,"keypress"
"s12.dat","t229","NABOH",68,"pseudorec","forw","3",1,951,"keypress"
"s12.dat","t35","DIKSAR",69,"rec","backw","None",0,NA,"keypress"
"s12.dat","t217","REZAG",71,"pseudorec","forw","3",1,621,"keypress"
"s12.dat","t180","FILTEB",72,"pseudorec","backw","3",1,801,"keypress"
"s12.dat","t71","RAZVOJ",73,"rec","forw","1",1,721,"keypress"
"s12.dat","t18","KUDNAS",74,"rec","backw","3",0,NA,"keypress"
"s12.dat","t52","NAZAF",75,"rec","backw","3",0,NA,"keypress"
"s12.dat","t212","KRETEP",76,"pseudorec","forw","3",1,1392,"keypress"
"s12.dat","t72","USPEH",77,"rec","forw","1",1,590,"keypress"
"s12.dat","t141","CIMEC",78,"pseudorec","backw","3",1,891,"keypress"
"s12.dat","t228","FLANEG",79,"pseudorec","forw","3",1,921,"keypress"
"s12.dat","t117","ŠERPA",80,"rec","forw","None",0,NA,"keypress"
"s12.dat","t119","KECELJA",82,"rec","forw","3",0,NA,"keypress"
"s12.dat","t77","KESTEN",83,"rec","forw","1",1,871,"keypress"
"s12.dat","t132","AVANČ",84,"pseudorec","backw","3",1,620,"keypress"
"s12.dat","t6","AVONBO",85,"rec","backw","3",0,NA,"keypress"
"s12.dat","t17","AVKOMS",86,"rec","backw","3",0,NA,"keypress"
"s12.dat","t41","ABOGET",87,"rec","backw","3",0,NA,"keypress"
"s12.dat","t198","NITKOZ",88,"pseudorec","forw","None",0,NA,"keypress"
"s12.dat","t224","DISTIC",90,"pseudorec","forw","None",0,NA,"keypress"
"s12.dat","t42","ROMAZ",92,"rec","backw","3",0,NA,"keypress"
"s12.dat","t136","AZBESČ",93,"pseudorec","backw","None",0,NA,"keypress"
"s12.dat","t53","AMALAS",95,"rec","backw","3",0,NA,"keypress"
"s12.dat","t166","BIOLOR",96,"pseudorec","backw","3",1,851,"keypress"
"s12.dat","t113","ZEBRA",97,"rec","forw","1",1,641,"keypress"
"s12.dat","t20","CANOK",98,"rec","backw","1",1,1482,"keypress"
"s12.dat","t43","ANEMAN",99,"rec","backw","None",0,NA,"keypress"
"s12.dat","t129","AFEKAL",101,"pseudorec","backw","3",1,811,"keypress"
"s12.dat","t56","ARBOK",102,"rec","backw","3",0,NA,"keypress"
"s12.dat","t5","TSOLAŽ",103,"rec","backw","None",0,NA,"keypress"
"s12.dat","t121","KORDOB",105,"pseudorec","backw","1",0,NA,"keypress"
"s12.dat","t103","NEDELO",106,"rec","forw","1",1,1212,"keypress"
"s12.dat","t223","IZOTOC",107,"pseudorec","forw","3",1,1252,"keypress"
"s12.dat","t87","STAKLO",108,"rec","forw","1",1,631,"keypress"
"s12.dat","t193","PROLOZ",109,"pseudorec","forw","3",1,941,"keypress"
"s12.dat","t114","LIKER",110,"rec","forw","1",1,711,"keypress"
"s12.dat","t4","ATEVSO",111,"rec","backw","3",0,NA,"keypress"
"s12.dat","t205","EVNUB",112,"pseudorec","forw","3",1,651,"keypress"
"s12.dat","t83","ZAVESA",113,"rec","forw","1",1,1051,"keypress"
"s12.dat","t8","ADVARP",114,"rec","backw","3",0,NA,"keypress"
"s12.dat","t27","OKELM",115,"rec","backw","3",0,NA,"keypress"
"s12.dat","t182","DOLAŠ",116,"pseudorec","forw","3",1,972,"keypress"
"s12.dat","t73","ISTINA",117,"rec","forw","1",1,781,"keypress"
"s12.dat","t92","INTIMA",118,"rec","forw","1",1,881,"keypress"
"s12.dat","t101","ISPAD",119,"rec","forw","1",1,581,"keypress"
"s12.dat","t149","VISAR",120,"pseudorec","backw","1",0,NA,"keypress"
"s12.dat","t58","ANANAB",121,"rec","backw","None",0,NA,"keypress"
"s12.dat","t102","PROFIT",123,"rec","forw","1",1,851,"keypress"
"s12.dat","t226","RITUAC",124,"pseudorec","forw","3",1,1251,"keypress"
"s12.dat","t68","UTISAK",127,"rec","forw","1",1,822,"keypress"
"s12.dat","t192","IRVAB",128,"pseudorec","forw","3",1,1091,"keypress"
"s12.dat","t88","KNJIGA",129,"rec","forw","1",1,521,"keypress"
"s12.dat","t116","ČAPLJA",130,"rec","forw","3",0,NA,"keypress"
"s12.dat","t108","KOMPOT",131,"rec","forw","1",1,771,"keypress"
"s12.dat","t109","LAVOR",132,"rec","forw","1",1,761,"keypress"
"s12.dat","t98","UŽITAK",133,"rec","forw","1",1,701,"keypress"
"s12.dat","t48","ALCUC",134,"rec","backw","3",0,NA,"keypress"
"s12.dat","t178","STALAV",135,"pseudorec","backw","3",1,1031,"keypress"
"s12.dat","t204","BILIOD",136,"pseudorec","forw","None",0,NA,"keypress"
"s12.dat","t75","LJUBAV",138,"rec","forw","1",1,551,"keypress"
"s12.dat","t188","KOKTEZ",139,"pseudorec","forw","3",1,1112,"keypress"
"s12.dat","t70","NAPOR",141,"rec","forw","1",1,1001,"keypress"
"s12.dat","t111","PELENA",142,"rec","forw","3",0,NA,"keypress"
"s12.dat","t240","TRILEN",143,"pseudorec","forw","3",1,1051,"keypress"
"s12.dat","t60","ATAPOL",144,"rec","backw","3",0,NA,"keypress"
"s12.dat","t218","EPITEZ",145,"pseudorec","forw","3",1,901,"keypress"
"s12.dat","t12","ĆOMOP",146,"rec","backw","None",0,NA,"keypress"
"s12.dat","t168","ĆUMEP",149,"pseudorec","backw","3",1,1472,"keypress"
"s12.dat","t227","VITALJ",150,"pseudorec","forw","3",1,1242,"keypress"
"s12.dat","t99","ZAKUP",151,"rec","forw","1",1,1322,"keypress"
"s12.dat","t1","ADOTEM",152,"rec","backw","3",0,NA,"keypress"
"s12.dat","t154","SKRON",153,"pseudorec","backw","3",1,1171,"keypress"
"s12.dat","t176","NAGIR",154,"pseudorec","backw","None",0,NA,"keypress"
"s12.dat","t16","AJITUK",156,"rec","backw","3",0,NA,"keypress"
"s12.dat","t118","KAČKET",157,"rec","forw","3",0,NA,"keypress"
"s12.dat","t143","BATAZ",158,"pseudorec","backw","None",0,NA,"keypress"
"s12.dat","t133","LIRIZ",160,"pseudorec","backw","3",1,1382,"keypress"
"s12.dat","t78","JASTUK",161,"rec","forw","1",1,781,"keypress"
"s12.dat","t216","IDIOB",162,"pseudorec","forw","3",1,741,"keypress"
"s12.dat","t49","ALGEP",163,"rec","backw","3",0,NA,"keypress"
"s12.dat","t95","OPSEG",164,"rec","forw","1",1,971,"keypress"
"s12.dat","t147","VELUT",165,"pseudorec","backw","3",1,931,"keypress"
"s12.dat","t21","BELAG",166,"rec","backw","None",0,NA,"keypress"
"s12.dat","t177","MELED",168,"pseudorec","backw","3",1,1292,"keypress"
"s12.dat","t94","DEOBA",169,"rec","forw","1",1,1362,"keypress"
"s12.dat","t13","ANJAT",170,"rec","backw","3",0,NA,"keypress"
"s12.dat","t2","MAJOP",171,"rec","backw","3",0,NA,"keypress"
"s12.dat","t148","BAZAP",172,"pseudorec","backw","None",0,NA,"keypress"
"s12.dat","t120","OLOVKA",174,"rec","forw","1",1,571,"keypress"
"s12.dat","t134","LOTOG",175,"pseudorec","backw","3",1,942,"keypress"
"s12.dat","t150","FLUIŠ",177,"pseudorec","backw","3",1,762,"keypress"
"s12.dat","t24","RITPEL",178,"rec","backw","3",0,NA,"keypress"
"s12.dat","t81","KAMION",179,"rec","forw","1",1,811,"keypress"
"s12.dat","t219","REDAF",180,"pseudorec","forw","3",1,1322,"keypress"
"s12.dat","t104","EFEKAT",181,"rec","forw","1",1,631,"keypress"
"s12.dat","t156","PUDINC",182,"pseudorec","backw","3",1,1402,"keypress"
"s12.dat","t222","TREGEN",183,"pseudorec","forw","3",1,1272,"keypress"
"s12.dat","t157","ŠAPTAK",184,"pseudorec","backw","None",0,NA,"keypress"
"s12.dat","t123","NEUKUD",186,"pseudorec","backw","3",1,731,"keypress"
"s12.dat","t169","CIGAF",187,"pseudorec","backw","3",1,741,"keypress"
"s12.dat","t90","PTICA",188,"rec","forw","1",1,661,"keypress"
"s12.dat","t33","EMONER",189,"rec","backw","3",0,NA,"keypress"
"s12.dat","t7","TSIROK",190,"rec","backw","3",0,NA,"keypress"
"s12.dat","t64","MILOST",191,"rec","forw","1",1,630,"keypress"
"s12.dat","t230","KONZUP",192,"pseudorec","forw","3",1,751,"keypress"
"s12.dat","t145","HAMEŠ",193,"pseudorec","backw","3",1,661,"keypress"
"s12.dat","t29","EĆEVC",194,"rec","backw","3",0,NA,"keypress"
"s12.dat","t191","VERMUJ",195,"pseudorec","forw","1",0,NA,"keypress"
"s12.dat","t179","KANTAC",196,"pseudorec","backw","3",1,1272,"keypress"
"s12.dat","t235","MAHET",197,"pseudorec","forw","3",1,811,"keypress"
"s12.dat","t197","KLIKET",198,"pseudorec","forw","3",1,1272,"keypress"
"s12.dat","t69","SUMNJA",199,"rec","forw","1",1,931,"keypress"
"s12.dat","t34","VILPU",200,"rec","backw","3",0,NA,"keypress"
"s12.dat","t239","RUNDOG",202,"pseudorec","forw","3",1,1161,"keypress"
"s12.dat","t124","SPANAR",203,"pseudorec","backw","3",1,1422,"keypress"
"s12.dat","t91","NABOJ",204,"rec","forw","1",1,621,"keypress"
"s12.dat","t183","GURMAB",205,"pseudorec","forw","3",1,601,"keypress"
"s12.dat","t160","GEOLOT",206,"pseudorec","backw","3",1,531,"keypress"
"s12.dat","t79","KOLICA",207,"rec","forw","1",1,611,"keypress"
"s12.dat","t206","ARHID",208,"pseudorec","forw","3",1,500,"keypress"
"s12.dat","t86","LOPTA",209,"rec","forw","1",1,751,"keypress"
"s12.dat","t202","PANTEK",210,"pseudorec","forw","3",1,791,"keypress"
"s12.dat","t63","CELINA",211,"rec","forw","1",1,801,"keypress"
"s12.dat","t146","DRIPAG",212,"pseudorec","backw","None",0,NA,"keypress"
"s12.dat","t125","AKSIOK",214,"pseudorec","backw","3",1,821,"keypress"
"s12.dat","t128","MASLAB",215,"pseudorec","backw","1",0,NA,"keypress"
"s12.dat","t161","SVIRAZ",216,"pseudorec","backw","3",1,821,"keypress"
"s12.dat","t44","ATEJUS",217,"rec","backw","3",0,NA,"keypress"
"s12.dat","t62","UZROK",218,"rec","forw","1",1,561,"keypress"
"s12.dat","t96","ELITA",219,"rec","forw","1",1,661,"keypress"
"s12.dat","t110","KLIKER",220,"rec","forw","1",1,611,"keypress"
"s12.dat","t107","ČIODA",221,"rec","forw","3",0,NA,"keypress"
"s12.dat","t30","AVART",222,"rec","backw","1",1,942,"keypress"
"s12.dat","t190","METAT",223,"pseudorec","forw","3",1,1222,"keypress"
"s12.dat","t163","PRESEB",224,"pseudorec","backw","3",1,801,"keypress"
"s12.dat","t162","NAKOČ",225,"pseudorec","backw","3",1,861,"keypress"
"s12.dat","t220","BUMBAG",226,"pseudorec","forw","3",1,1072,"keypress"
"s12.dat","t233","NAMAG",227,"pseudorec","forw","3",1,871,"keypress"
"s12.dat","t214","PIJAD",228,"pseudorec","forw","3",1,590,"keypress"
"s12.dat","t181","TANIH",229,"pseudorec","forw","3",1,811,"keypress"
"s12.dat","t40","TLOVER",230,"rec","backw","3",0,NA,"keypress"
"s12.dat","t210","SATEP",231,"pseudorec","forw","3",1,711,"keypress"
"s12.dat","t187","VEŠTAB",232,"pseudorec","forw","1",0,NA,"keypress"
"s12.dat","t45","DOHSI",233,"rec","backw","3",0,NA,"keypress"
"s12.dat","t135","FALUČ",234,"pseudorec","backw","None",0,NA,"keypress"
"s12.dat","t158","ĆEVAK",236,"pseudorec","backw","3",1,901,"keypress"
"s12.dat","t106","KENGUR",237,"rec","forw","1",1,862,"keypress"
"s12.dat","t151","PASAM",238,"pseudorec","backw","3",1,741,"keypress"
"s12.dat","t164","BILTEG",239,"pseudorec","backw","3",1,752,"keypress"
"s12.dat","t172","LIMIR",240,"pseudorec","backw","1",0,NA,"keypress"
