experiment,participant_id,trial_label,trial_order,phase_id,stimulus,target_word,response,emotion,rt,age,gender,rt_measure
martineztomas2026_discrete_emotionality_exp2,exp2_1,exp2_t0,0,word_decoding,landado,enfadado,plantado,anger,16217.3,19,female,keypress
martineztomas2026_discrete_emotionality_exp2,exp2_1,exp2_t1,1,word_decoding,palabrostio,insulto,palabrota,anger,6926,19,female,keypress
martineztomas2026_discrete_emotionality_exp2,exp2_1,exp2_t2,2,word_decoding,frórico,eufórico,eufórico,happiness,7626.5,19,female,keypress
martineztomas2026_discrete_emotionality_exp2,exp2_1,exp2_t3,3,word_decoding,eniecido,enemigo,incendio,anger,8892.4,19,female,keypress
martineztomas2026_discrete_emotionality_exp2,exp2_1,exp2_t4,4,word_decoding,queranza,añoranza,esperanza,sadness,13705.1,19,female,keypress
martineztomas2026_discrete_emotionality_exp2,exp2_1,exp2_t5,5,word_decoding,desabete,censura,debate,disgust,36366.2,19,female,keypress
martineztomas2026_discrete_emotionality_exp2,exp2_1,exp2_t6,6,word_decoding,distantación,lejanía,distanciación,sadness,29603.8,19,female,keypress
martineztomas2026_discrete_emotionality_exp2,exp2_1,exp2_t7,7,word_decoding,descín,ruina,festín,sadness,11738.2,19,female,keypress
martineztomas2026_discrete_emotionality_exp2,exp2_1,exp2_t8,8,word_decoding,dastro,intruso,rastro,fear,4643.6,19,female,keypress
martineztomas2026_discrete_emotionality_exp2,exp2_1,exp2_t9,9,word_decoding,puntiaguja,espada,puntiaguda,fear,6358.9,19,female,keypress
martineztomas2026_discrete_emotionality_exp2,exp2_1,exp2_t10,10,word_decoding,plareja,novio,pareja,happiness,5875.4,19,female,keypress
martineztomas2026_discrete_emotionality_exp2,exp2_1,exp2_t11,11,word_decoding,flastación,visión,saltación,happiness,22430,19,female,keypress
martineztomas2026_discrete_emotionality_exp2,exp2_1,exp2_t12,12,word_decoding,furieta,rabia,furioso,anger,4711.2,19,female,keypress
martineztomas2026_discrete_emotionality_exp2,exp2_1,exp2_t13,13,word_decoding,dinería,lotería,sidrería,happiness,8191.2,19,female,keypress
martineztomas2026_discrete_emotionality_exp2,exp2_1,exp2_t14,14,word_decoding,bendigolo,mendigo,mendigo,sadness,8722.2,19,female,keypress
martineztomas2026_discrete_emotionality_exp2,exp2_1,exp2_t15,15,word_decoding,valacer,cadáver,validez,sadness,25174.9,19,female,keypress
martineztomas2026_discrete_emotionality_exp2,exp2_1,exp2_t16,16,word_decoding,argola,pistola,gárgola,fear,38598.9,19,female,keypress
martineztomas2026_discrete_emotionality_exp2,exp2_1,exp2_t17,17,word_decoding,residuera,basura,residuo,disgust,9624.7,19,female,keypress
martineztomas2026_discrete_emotionality_exp2,exp2_1,exp2_t18,18,word_decoding,bailetín,carnaval,bailarín,happiness,8724.2,19,female,keypress
martineztomas2026_discrete_emotionality_exp2,exp2_1,exp2_t19,19,word_decoding,chismolo,rumor,chismoso,anger,4329.1,19,female,keypress
martineztomas2026_discrete_emotionality_exp2,exp2_1,exp2_t20,20,word_decoding,fierdo,hedor,cuerdo,disgust,9290,19,female,keypress
martineztomas2026_discrete_emotionality_exp2,exp2_1,exp2_t21,21,word_decoding,fiminos,piojos,pingüinos,disgust,16716.1,19,female,keypress
martineztomas2026_discrete_emotionality_exp2,exp2_2,exp2_t0,0,word_decoding,desabete,censura,deshabitado,disgust,25267.3,18,female,keypress
martineztomas2026_discrete_emotionality_exp2,exp2_2,exp2_t1,1,word_decoding,puntiaguja,espada,puntiaguda,fear,9466.9,18,female,keypress
martineztomas2026_discrete_emotionality_exp2,exp2_2,exp2_t2,2,word_decoding,chismolo,rumor,chismoso,anger,8333.6,18,female,keypress
martineztomas2026_discrete_emotionality_exp2,exp2_2,exp2_t3,3,word_decoding,fierdo,hedor,fierro,disgust,5016.9,18,female,keypress
martineztomas2026_discrete_emotionality_exp2,exp2_2,exp2_t4,4,word_decoding,argola,pistola,argolla,fear,20517.3,18,female,keypress
martineztomas2026_discrete_emotionality_exp2,exp2_2,exp2_t5,5,word_decoding,descín,ruina,decir,sadness,21233.1,18,female,keypress
martineztomas2026_discrete_emotionality_exp2,exp2_2,exp2_t6,6,word_decoding,frórico,eufórico,cólico,happiness,28550.5,18,female,keypress
martineztomas2026_discrete_emotionality_exp2,exp2_2,exp2_t7,7,word_decoding,distantación,lejanía,distracción,sadness,11567.2,18,female,keypress
martineztomas2026_discrete_emotionality_exp2,exp2_2,exp2_t8,8,word_decoding,enjauladero,prisión,jaula,fear,16483.8,18,female,keypress
martineztomas2026_discrete_emotionality_exp2,exp2_2,exp2_t9,9,word_decoding,furieta,rabia,furia,anger,16467.2,18,female,keypress
martineztomas2026_discrete_emotionality_exp2,exp2_2,exp2_t10,10,word_decoding,palabrostio,insulto,palabrota,anger,4917.2,18,female,keypress
martineztomas2026_discrete_emotionality_exp2,exp2_2,exp2_t11,11,word_decoding,fiminos,piojos,finos,disgust,19712.8,18,female,keypress
martineztomas2026_discrete_emotionality_exp2,exp2_2,exp2_t12,12,word_decoding,bailetín,carnaval,maletín,happiness,8981.7,18,female,keypress
martineztomas2026_discrete_emotionality_exp2,exp2_2,exp2_t13,13,word_decoding,dastro,intruso,rastro,fear,4750.6,18,female,keypress
martineztomas2026_discrete_emotionality_exp2,exp2_2,exp2_t14,14,word_decoding,dinería,lotería,dinero,happiness,9483.6,18,female,keypress
martineztomas2026_discrete_emotionality_exp2,exp2_2,exp2_t15,15,word_decoding,plareja,novio,pareja,happiness,5982.4,18,female,keypress
martineztomas2026_discrete_emotionality_exp2,exp2_2,exp2_t16,16,word_decoding,landado,enfadado,lanzado,anger,8417.3,18,female,keypress
martineztomas2026_discrete_emotionality_exp2,exp2_2,exp2_t17,17,word_decoding,flastación,visión,plantación,happiness,9172.8,18,female,keypress
martineztomas2026_discrete_emotionality_exp2,exp2_2,exp2_t18,18,word_decoding,queranza,añoranza,crianza,sadness,6133.8,18,female,keypress
martineztomas2026_discrete_emotionality_exp2,exp2_2,exp2_t19,19,word_decoding,clespiente,veneno,serpiente,fear,8782.9,18,female,keypress
martineztomas2026_discrete_emotionality_exp2,exp2_2,exp2_t20,20,word_decoding,residuera,basura,residencia,disgust,5250.6,18,female,keypress
martineztomas2026_discrete_emotionality_exp2,exp2_2,exp2_t21,21,word_decoding,bendigolo,mendigo,mendigo,sadness,20150.5,18,female,keypress
martineztomas2026_discrete_emotionality_exp2,exp2_2,exp2_t22,22,word_decoding,eniecido,enemigo,encendido,anger,16550.7,18,female,keypress
martineztomas2026_discrete_emotionality_exp2,exp2_3,exp2_t0,0,word_decoding,bailetín,carnaval,bailador,happiness,9117,18,male,keypress
martineztomas2026_discrete_emotionality_exp2,exp2_3,exp2_t1,1,word_decoding,clespiente,veneno,serpiente,fear,4584.5,18,male,keypress
martineztomas2026_discrete_emotionality_exp2,exp2_3,exp2_t2,2,word_decoding,bendigolo,mendigo,bendición,sadness,4519.8,18,male,keypress
martineztomas2026_discrete_emotionality_exp2,exp2_3,exp2_t3,3,word_decoding,flastación,visión,pedo,happiness,3600.2,18,male,keypress
martineztomas2026_discrete_emotionality_exp2,exp2_3,exp2_t4,4,word_decoding,descín,ruina,descifrar,sadness,14669.1,18,male,keypress
martineztomas2026_discrete_emotionality_exp2,exp2_3,exp2_t5,5,word_decoding,frórico,eufórico,luminoso,happiness,18685.3,18,male,keypress
martineztomas2026_discrete_emotionality_exp2,exp2_3,exp2_t6,6,word_decoding,palabrostio,insulto,palabrota,anger,4533.3,18,male,keypress
martineztomas2026_discrete_emotionality_exp2,exp2_3,exp2_t7,7,word_decoding,desabete,censura,diabetes,disgust,4034.3,18,male,keypress
martineztomas2026_discrete_emotionality_exp2,exp2_3,exp2_t8,8,word_decoding,fiminos,piojos,femina,disgust,8902.9,18,male,keypress
martineztomas2026_discrete_emotionality_exp2,exp2_3,exp2_t9,9,word_decoding,plareja,novio,pareja,happiness,3020.3,18,male,keypress
martineztomas2026_discrete_emotionality_exp2,exp2_3,exp2_t10,10,word_decoding,fumaika,tabaco,marihuana,disgust,16013.4,18,male,keypress
martineztomas2026_discrete_emotionality_exp2,exp2_3,exp2_t11,11,word_decoding,fierdo,hedor,miedo,disgust,14230.1,18,male,keypress
martineztomas2026_discrete_emotionality_exp2,exp2_3,exp2_t12,12,word_decoding,valacer,cadáver,fallecer,sadness,5766.5,18,male,keypress
martineztomas2026_discrete_emotionality_exp2,exp2_3,exp2_t13,13,word_decoding,eniecido,enemigo,nacido,anger,18883.5,18,male,keypress
martineztomas2026_discrete_emotionality_exp2,exp2_3,exp2_t14,14,word_decoding,argola,pistola,gárgola,fear,9953.8,18,male,keypress
martineztomas2026_discrete_emotionality_exp2,exp2_3,exp2_t15,15,word_decoding,dastro,intruso,padrastro,fear,86101.8,18,male,keypress
martineztomas2026_discrete_emotionality_exp2,exp2_3,exp2_t16,16,word_decoding,residuera,basura,residencia,disgust,4200,18,male,keypress
martineztomas2026_discrete_emotionality_exp2,exp2_3,exp2_t17,17,word_decoding,dinería,lotería,rico,happiness,5700.6,18,male,keypress
martineztomas2026_discrete_emotionality_exp2,exp2_3,exp2_t18,18,word_decoding,chismolo,rumor,trasto,anger,12582.5,18,male,keypress
martineztomas2026_discrete_emotionality_exp2,exp2_3,exp2_t19,19,word_decoding,puntiaguja,espada,vía,fear,21270.1,18,male,keypress
martineztomas2026_discrete_emotionality_exp2,exp2_3,exp2_t20,20,word_decoding,distantación,lejanía,lejanía,sadness,9531.1,18,male,keypress
martineztomas2026_discrete_emotionality_exp2,exp2_3,exp2_t21,21,word_decoding,landado,enfadado,golpeado,anger,18283.5,18,male,keypress
martineztomas2026_discrete_emotionality_exp2,exp2_3,exp2_t22,22,word_decoding,furieta,rabia,rabia,anger,6103.3,18,male,keypress
martineztomas2026_discrete_emotionality_exp2,exp2_3,exp2_t23,23,word_decoding,enjauladero,prisión,jaula,fear,3613.8,18,male,keypress
martineztomas2026_discrete_emotionality_exp2,exp2_3,exp2_t24,24,word_decoding,queranza,añoranza,carencia,sadness,11001.9,18,male,keypress
martineztomas2026_discrete_emotionality_exp2,exp2_4,exp2_t0,0,word_decoding,fiminos,piojos,filmar,disgust,14334.1,19,female,keypress
martineztomas2026_discrete_emotionality_exp2,exp2_4,exp2_t1,1,word_decoding,frórico,eufórico,frotar,happiness,14034.8,19,female,keypress
martineztomas2026_discrete_emotionality_exp2,exp2_4,exp2_t2,2,word_decoding,fierdo,hedor,fiera,disgust,5717.3,19,female,keypress
martineztomas2026_discrete_emotionality_exp2,exp2_4,exp2_t3,3,word_decoding,dinería,lotería,dinero,happiness,4183.9,19,female,keypress
martineztomas2026_discrete_emotionality_exp2,exp2_4,exp2_t4,4,word_decoding,bailetín,carnaval,boletín,happiness,4250.3,19,female,keypress
martineztomas2026_discrete_emotionality_exp2,exp2_4,exp2_t5,5,word_decoding,clespiente,veneno,cleptómano,fear,5566.4,19,female,keypress
martineztomas2026_discrete_emotionality_exp2,exp2_4,exp2_t6,6,word_decoding,queranza,añoranza,querer,sadness,10533.1,19,female,keypress
martineztomas2026_discrete_emotionality_exp2,exp2_4,exp2_t7,7,word_decoding,puntiaguja,espada,puntiaguda,fear,4734.7,19,female,keypress
martineztomas2026_discrete_emotionality_exp2,exp2_4,exp2_t8,8,word_decoding,chismolo,rumor,chisme,anger,7867.2,19,female,keypress
martineztomas2026_discrete_emotionality_exp2,exp2_4,exp2_t9,9,word_decoding,distantación,lejanía,distanciación,sadness,8350.2,19,female,keypress
martineztomas2026_discrete_emotionality_exp2,exp2_4,exp2_t10,10,word_decoding,fumaika,tabaco,fumar,disgust,4349.9,19,female,keypress
martineztomas2026_discrete_emotionality_exp2,exp2_4,exp2_t11,11,word_decoding,descín,ruina,descender,sadness,4534.2,19,female,keypress
martineztomas2026_discrete_emotionality_exp2,exp2_4,exp2_t12,12,word_decoding,furieta,rabia,furia,anger,7184.4,19,female,keypress
martineztomas2026_discrete_emotionality_exp2,exp2_4,exp2_t13,13,word_decoding,residuera,basura,residuo,disgust,5367.6,19,female,keypress
martineztomas2026_discrete_emotionality_exp2,exp2_4,exp2_t14,14,word_decoding,desabete,censura,desacatar,disgust,4350.1,19,female,keypress
martineztomas2026_discrete_emotionality_exp2,exp2_4,exp2_t15,15,word_decoding,flastación,visión,flash,happiness,11050.9,19,female,keypress
martineztomas2026_discrete_emotionality_exp2,exp2_4,exp2_t16,16,word_decoding,enjauladero,prisión,enjaular,fear,5433.8,19,female,keypress
martineztomas2026_discrete_emotionality_exp2,exp2_4,exp2_t17,17,word_decoding,landado,enfadado,candado,anger,6650.4,19,female,keypress
martineztomas2026_discrete_emotionality_exp2,exp2_4,exp2_t18,18,word_decoding,bendigolo,mendigo,bendición,sadness,8599.5,19,female,keypress
martineztomas2026_discrete_emotionality_exp2,exp2_4,exp2_t19,19,word_decoding,plareja,novio,pareja,happiness,7001.3,19,female,keypress
martineztomas2026_discrete_emotionality_exp2,exp2_4,exp2_t20,20,word_decoding,argola,pistola,arma,fear,9067,19,female,keypress
martineztomas2026_discrete_emotionality_exp2,exp2_4,exp2_t21,21,word_decoding,dastro,intruso,diestro,fear,4601.7,19,female,keypress
martineztomas2026_discrete_emotionality_exp2,exp2_4,exp2_t22,22,word_decoding,valacer,cadáver,valorar,sadness,8684.4,19,female,keypress
martineztomas2026_discrete_emotionality_exp2,exp2_5,exp2_t0,0,word_decoding,valacer,cadáver,hacer,sadness,14266.7,19,male,keypress
martineztomas2026_discrete_emotionality_exp2,exp2_5,exp2_t1,1,word_decoding,frórico,eufórico,frigorífico,happiness,63486.3,19,male,keypress
martineztomas2026_discrete_emotionality_exp2,exp2_5,exp2_t2,2,word_decoding,eniecido,enemigo,necio,anger,34506.4,19,male,keypress
martineztomas2026_discrete_emotionality_exp2,exp2_5,exp2_t3,3,word_decoding,landado,enfadado,andado,anger,7642,19,male,keypress
martineztomas2026_discrete_emotionality_exp2,exp2_5,exp2_t4,4,word_decoding,chismolo,rumor,chismoso,anger,5550,19,male,keypress
martineztomas2026_discrete_emotionality_exp2,exp2_5,exp2_t5,5,word_decoding,dastro,intruso,astro,fear,3747.7,19,male,keypress
martineztomas2026_discrete_emotionality_exp2,exp2_5,exp2_t6,6,word_decoding,descín,ruina,decir,sadness,8866.6,19,male,keypress
martineztomas2026_discrete_emotionality_exp2,exp2_5,exp2_t7,7,word_decoding,argola,pistola,gargola,fear,18688.7,19,male,keypress
martineztomas2026_discrete_emotionality_exp2,exp2_5,exp2_t8,8,word_decoding,enjauladero,prisión,enjaular,fear,7738.8,19,male,keypress
martineztomas2026_discrete_emotionality_exp2,exp2_5,exp2_t9,9,word_decoding,fierdo,hedor,fiordo,disgust,9741.9,19,male,keypress
martineztomas2026_discrete_emotionality_exp2,exp2_5,exp2_t10,10,word_decoding,bailetín,carnaval,boletin,happiness,20027.8,19,male,keypress
martineztomas2026_discrete_emotionality_exp2,exp2_5,exp2_t11,11,word_decoding,palabrostio,insulto,palabrota,anger,24349.9,19,male,keypress
martineztomas2026_discrete_emotionality_exp2,exp2_5,exp2_t12,12,word_decoding,residuera,basura,residuo,disgust,34882.2,19,male,keypress
martineztomas2026_discrete_emotionality_exp2,exp2_5,exp2_t13,13,word_decoding,furieta,rabia,furia,anger,62879.4,19,male,keypress
martineztomas2026_discrete_emotionality_exp2,exp2_5,exp2_t14,14,word_decoding,fiminos,piojos,minimos,disgust,86099.1,19,male,keypress
martineztomas2026_discrete_emotionality_exp2,exp2_5,exp2_t15,15,word_decoding,puntiaguja,espada,puntiagudo,fear,8974.3,19,male,keypress
martineztomas2026_discrete_emotionality_exp2,exp2_5,exp2_t16,16,word_decoding,plareja,novio,pareja,happiness,84453,19,male,keypress
martineztomas2026_discrete_emotionality_exp2,exp2_5,exp2_t17,17,word_decoding,dinería,lotería,dinero,happiness,3818.8,19,male,keypress
martineztomas2026_discrete_emotionality_exp2,exp2_5,exp2_t18,18,word_decoding,clespiente,veneno,serpiente,fear,8306.3,19,male,keypress
martineztomas2026_discrete_emotionality_exp2,exp2_5,exp2_t19,19,word_decoding,bendigolo,mendigo,mendigo,sadness,6074.6,19,male,keypress
martineztomas2026_discrete_emotionality_exp2,exp2_5,exp2_t20,20,word_decoding,desabete,censura,abeto,disgust,46870.1,19,male,keypress
martineztomas2026_discrete_emotionality_exp2,exp2_5,exp2_t21,21,word_decoding,queranza,añoranza,esperanza,sadness,15251.9,19,male,keypress
martineztomas2026_discrete_emotionality_exp2,exp2_6,exp2_t0,0,word_decoding,clespiente,veneno,recipiente,fear,28562.5,18,male,keypress
martineztomas2026_discrete_emotionality_exp2,exp2_6,exp2_t1,1,word_decoding,dinería,lotería,dinero,happiness,16631.9,18,male,keypress
martineztomas2026_discrete_emotionality_exp2,exp2_6,exp2_t2,2,word_decoding,landado,enfadado,andando,anger,6701.7,18,male,keypress
martineztomas2026_discrete_emotionality_exp2,exp2_6,exp2_t3,3,word_decoding,dastro,intruso,astro,fear,10958.7,18,male,keypress
martineztomas2026_discrete_emotionality_exp2,exp2_6,exp2_t4,4,word_decoding,frórico,eufórico,eufórico,happiness,9958.3,18,male,keypress
martineztomas2026_discrete_emotionality_exp2,exp2_6,exp2_t5,5,word_decoding,fiminos,piojos,fimosis,disgust,11180.6,18,male,keypress
martineztomas2026_discrete_emotionality_exp2,exp2_6,exp2_t6,6,word_decoding,eniecido,enemigo,encendido,anger,10373.1,18,male,keypress
martineztomas2026_discrete_emotionality_exp2,exp2_6,exp2_t7,7,word_decoding,descín,ruina,decir,sadness,24882,18,male,keypress
martineztomas2026_discrete_emotionality_exp2,exp2_6,exp2_t8,8,word_decoding,chismolo,rumor,chismoso,anger,5791.5,18,male,keypress
martineztomas2026_discrete_emotionality_exp2,exp2_6,exp2_t9,9,word_decoding,plareja,novio,pareja,happiness,5526.5,18,male,keypress
martineztomas2026_discrete_emotionality_exp2,exp2_6,exp2_t10,10,word_decoding,fumaika,tabaco,fumar,disgust,11180.5,18,male,keypress
martineztomas2026_discrete_emotionality_exp2,exp2_6,exp2_t11,11,word_decoding,residuera,basura,residuo,disgust,6229.2,18,male,keypress
martineztomas2026_discrete_emotionality_exp2,exp2_6,exp2_t12,12,word_decoding,fierdo,hedor,cerdo,disgust,9909.7,18,male,keypress
martineztomas2026_discrete_emotionality_exp2,exp2_6,exp2_t13,13,word_decoding,palabrostio,insulto,palabra,anger,9409.6,18,male,keypress
martineztomas2026_discrete_emotionality_exp2,exp2_6,exp2_t14,14,word_decoding,flastación,visión,tasación,happiness,40284.5,18,male,keypress
martineztomas2026_discrete_emotionality_exp2,exp2_6,exp2_t15,15,word_decoding,puntiaguja,espada,puntiaguda,fear,7847.3,18,male,keypress
martineztomas2026_discrete_emotionality_exp2,exp2_6,exp2_t16,16,word_decoding,bailetín,carnaval,bailarín,happiness,9727.6,18,male,keypress
martineztomas2026_discrete_emotionality_exp2,exp2_6,exp2_t17,17,word_decoding,distantación,lejanía,distanciación,sadness,7027.7,18,male,keypress
martineztomas2026_discrete_emotionality_exp2,exp2_6,exp2_t18,18,word_decoding,bendigolo,mendigo,benigno,sadness,11008.4,18,male,keypress
martineztomas2026_discrete_emotionality_exp2,exp2_6,exp2_t19,19,word_decoding,enjauladero,prisión,enjaulado,fear,12243,18,male,keypress
martineztomas2026_discrete_emotionality_exp2,exp2_6,exp2_t20,20,word_decoding,furieta,rabia,furiosa,anger,13111.2,18,male,keypress
martineztomas2026_discrete_emotionality_exp2,exp2_6,exp2_t21,21,word_decoding,queranza,añoranza,esperanza,sadness,7479.1,18,male,keypress
martineztomas2026_discrete_emotionality_exp2,exp2_6,exp2_t22,22,word_decoding,argola,pistola,argolla,fear,53069.5,18,male,keypress
martineztomas2026_discrete_emotionality_exp2,exp2_6,exp2_t23,23,word_decoding,valacer,cadáver,prevalecer,sadness,8812.4,18,male,keypress
martineztomas2026_discrete_emotionality_exp2,exp2_7,exp2_t0,0,word_decoding,bailetín,carnaval,bailarín,happiness,5779,18,male,keypress
martineztomas2026_discrete_emotionality_exp2,exp2_7,exp2_t1,1,word_decoding,desabete,censura,debate,disgust,3450,18,male,keypress
martineztomas2026_discrete_emotionality_exp2,exp2_7,exp2_t2,2,word_decoding,landado,enfadado,lantano,anger,3545,18,male,keypress
martineztomas2026_discrete_emotionality_exp2,exp2_7,exp2_t3,3,word_decoding,descín,ruina,desdén,sadness,6476,18,male,keypress
martineztomas2026_discrete_emotionality_exp2,exp2_7,exp2_t4,4,word_decoding,puntiaguja,espada,puntiaguda,fear,6364,18,male,keypress
martineztomas2026_discrete_emotionality_exp2,exp2_7,exp2_t5,5,word_decoding,clespiente,veneno,serpiente,fear,8834,18,male,keypress
martineztomas2026_discrete_emotionality_exp2,exp2_7,exp2_t6,6,word_decoding,furieta,rabia,furia,anger,7258,18,male,keypress
martineztomas2026_discrete_emotionality_exp2,exp2_7,exp2_t7,7,word_decoding,bendigolo,mendigo,mendigo,sadness,4760,18,male,keypress
martineztomas2026_discrete_emotionality_exp2,exp2_7,exp2_t8,8,word_decoding,distantación,lejanía,distancia,sadness,5017,18,male,keypress
martineztomas2026_discrete_emotionality_exp2,exp2_7,exp2_t9,9,word_decoding,chismolo,rumor,chisme,anger,6314,18,male,keypress
martineztomas2026_discrete_emotionality_exp2,exp2_7,exp2_t10,10,word_decoding,residuera,basura,residuo,disgust,4855,18,male,keypress
martineztomas2026_discrete_emotionality_exp2,exp2_7,exp2_t11,11,word_decoding,dastro,intruso,astro,fear,5868,18,male,keypress
martineztomas2026_discrete_emotionality_exp2,exp2_7,exp2_t12,12,word_decoding,fiminos,piojos,femenino,disgust,3640,18,male,keypress
martineztomas2026_discrete_emotionality_exp2,exp2_7,exp2_t13,13,word_decoding,frórico,eufórico,fólico,happiness,4748,18,male,keypress
martineztomas2026_discrete_emotionality_exp2,exp2_7,exp2_t14,14,word_decoding,argola,pistola,angola,fear,4232,18,male,keypress
martineztomas2026_discrete_emotionality_exp2,exp2_7,exp2_t15,15,word_decoding,queranza,añoranza,querer,sadness,5935,18,male,keypress
martineztomas2026_discrete_emotionality_exp2,exp2_7,exp2_t16,16,word_decoding,flastación,visión,aplastar,happiness,6118,18,male,keypress
martineztomas2026_discrete_emotionality_exp2,exp2_7,exp2_t17,17,word_decoding,enjauladero,prisión,jaula,fear,3503,18,male,keypress
martineztomas2026_discrete_emotionality_exp2,exp2_7,exp2_t18,18,word_decoding,palabrostio,insulto,palabra,anger,4806,18,male,keypress
martineztomas2026_discrete_emotionality_exp2,exp2_7,exp2_t19,19,word_decoding,valacer,cadáver,renacer,sadness,4164,18,male,keypress
martineztomas2026_discrete_emotionality_exp2,exp2_7,exp2_t20,20,word_decoding,eniecido,enemigo,envejecido,anger,14793,18,male,keypress
martineztomas2026_discrete_emotionality_exp2,exp2_7,exp2_t21,21,word_decoding,dinería,lotería,dinero,happiness,5884,18,male,keypress
martineztomas2026_discrete_emotionality_exp2,exp2_7,exp2_t22,22,word_decoding,fumaika,tabaco,fumar,disgust,4724,18,male,keypress
martineztomas2026_discrete_emotionality_exp2,exp2_7,exp2_t23,23,word_decoding,plareja,novio,pareja,happiness,3863,18,male,keypress
martineztomas2026_discrete_emotionality_exp2,exp2_8,exp2_t0,0,word_decoding,valacer,cadáver,lacer,sadness,5945.8,27,unspecified,keypress
martineztomas2026_discrete_emotionality_exp2,exp2_8,exp2_t1,1,word_decoding,fierdo,hedor,perder,disgust,10466.4,27,unspecified,keypress
martineztomas2026_discrete_emotionality_exp2,exp2_8,exp2_t2,2,word_decoding,eniecido,enemigo,nacido,anger,10028.2,27,unspecified,keypress
martineztomas2026_discrete_emotionality_exp2,exp2_8,exp2_t3,3,word_decoding,argola,pistola,gargola,fear,59413,27,unspecified,keypress
martineztomas2026_discrete_emotionality_exp2,exp2_8,exp2_t4,4,word_decoding,bendigolo,mendigo,vendido,sadness,37839,27,unspecified,keypress
martineztomas2026_discrete_emotionality_exp2,exp2_8,exp2_t5,5,word_decoding,dastro,intruso,rastro,fear,18467,27,unspecified,keypress
martineztomas2026_discrete_emotionality_exp2,exp2_8,exp2_t6,6,word_decoding,flastación,visión,flatulencia,happiness,44052.2,27,unspecified,keypress
martineztomas2026_discrete_emotionality_exp2,exp2_8,exp2_t7,7,word_decoding,distantación,lejanía,distancia,sadness,9946.4,27,unspecified,keypress
martineztomas2026_discrete_emotionality_exp2,exp2_8,exp2_t8,8,word_decoding,fumaika,tabaco,fumar,disgust,25225.8,27,unspecified,keypress
martineztomas2026_discrete_emotionality_exp2,exp2_8,exp2_t9,9,word_decoding,queranza,añoranza,esperanza,sadness,4065.6,27,unspecified,keypress
martineztomas2026_discrete_emotionality_exp2,exp2_8,exp2_t10,10,word_decoding,furieta,rabia,rabieta,anger,5347.2,27,unspecified,keypress
martineztomas2026_discrete_emotionality_exp2,exp2_8,exp2_t11,11,word_decoding,chismolo,rumor,chisme,anger,3585.8,27,unspecified,keypress
martineztomas2026_discrete_emotionality_exp2,exp2_8,exp2_t12,12,word_decoding,plareja,novio,pareja,happiness,3946.2,27,unspecified,keypress
martineztomas2026_discrete_emotionality_exp2,exp2_8,exp2_t13,13,word_decoding,clespiente,veneno,despierto,fear,25757.6,27,unspecified,keypress
martineztomas2026_discrete_emotionality_exp2,exp2_8,exp2_t14,14,word_decoding,enjauladero,prisión,carcel,fear,6666.1,27,unspecified,keypress
martineztomas2026_discrete_emotionality_exp2,exp2_8,exp2_t15,15,word_decoding,puntiaguja,espada,aguja,fear,11240.3,27,unspecified,keypress
martineztomas2026_discrete_emotionality_exp2,exp2_8,exp2_t16,16,word_decoding,descín,ruina,decir,sadness,21933.8,27,unspecified,keypress
martineztomas2026_discrete_emotionality_exp2,exp2_8,exp2_t17,17,word_decoding,bailetín,carnaval,bailarin,happiness,6279.7,27,unspecified,keypress
martineztomas2026_discrete_emotionality_exp2,exp2_8,exp2_t18,18,word_decoding,desabete,censura,diabetes,disgust,28960.5,27,unspecified,keypress
martineztomas2026_discrete_emotionality_exp2,exp2_8,exp2_t19,19,word_decoding,residuera,basura,residuos,disgust,13118.7,27,unspecified,keypress
martineztomas2026_discrete_emotionality_exp2,exp2_8,exp2_t20,20,word_decoding,dinería,lotería,banco,happiness,4733.7,27,unspecified,keypress
martineztomas2026_discrete_emotionality_exp2,exp2_8,exp2_t21,21,word_decoding,landado,enfadado,lanzado,anger,6533,27,unspecified,keypress
martineztomas2026_discrete_emotionality_exp2,exp2_8,exp2_t22,22,word_decoding,frórico,eufórico,floral,happiness,5840.2,27,unspecified,keypress
martineztomas2026_discrete_emotionality_exp2,exp2_8,exp2_t23,23,word_decoding,fiminos,piojos,felinos,disgust,13718.8,27,unspecified,keypress
martineztomas2026_discrete_emotionality_exp2,exp2_9,exp2_t0,0,word_decoding,enjauladero,prisión,jaula,fear,9249.9,18,female,keypress
martineztomas2026_discrete_emotionality_exp2,exp2_9,exp2_t1,1,word_decoding,argola,pistola,agudo,fear,9796.4,18,female,keypress
martineztomas2026_discrete_emotionality_exp2,exp2_9,exp2_t2,2,word_decoding,palabrostio,insulto,palabrota,anger,6150.6,18,female,keypress
martineztomas2026_discrete_emotionality_exp2,exp2_9,exp2_t3,3,word_decoding,fumaika,tabaco,cachimba,disgust,8079.1,18,female,keypress
martineztomas2026_discrete_emotionality_exp2,exp2_9,exp2_t4,4,word_decoding,bendigolo,mendigo,bendito,sadness,5433.4,18,female,keypress
martineztomas2026_discrete_emotionality_exp2,exp2_9,exp2_t5,5,word_decoding,furieta,rabia,rabieta,anger,8317.1,18,female,keypress
martineztomas2026_discrete_emotionality_exp2,exp2_9,exp2_t6,6,word_decoding,bailetín,carnaval,boletin,happiness,6684.7,18,female,keypress
martineztomas2026_discrete_emotionality_exp2,exp2_9,exp2_t7,7,word_decoding,chismolo,rumor,chismoso,anger,6083.4,18,female,keypress
martineztomas2026_discrete_emotionality_exp2,exp2_9,exp2_t8,8,word_decoding,dastro,intruso,desastre,fear,5201.5,18,female,keypress
martineztomas2026_discrete_emotionality_exp2,exp2_9,exp2_t9,9,word_decoding,distantación,lejanía,distante,sadness,5300.2,18,female,keypress
martineztomas2026_discrete_emotionality_exp2,exp2_9,exp2_t10,10,word_decoding,frórico,eufórico,fluor,happiness,7167.3,18,female,keypress
martineztomas2026_discrete_emotionality_exp2,exp2_9,exp2_t11,11,word_decoding,puntiaguja,espada,puntiaguda,fear,6616.8,18,female,keypress
martineztomas2026_discrete_emotionality_exp2,exp2_9,exp2_t12,12,word_decoding,fierdo,hedor,fiordo,disgust,6154.5,18,female,keypress
martineztomas2026_discrete_emotionality_exp2,exp2_9,exp2_t13,13,word_decoding,fiminos,piojos,felinos,disgust,7021.1,18,female,keypress
martineztomas2026_discrete_emotionality_exp2,exp2_9,exp2_t14,14,word_decoding,queranza,añoranza,esperanza,sadness,4833.7,18,female,keypress
martineztomas2026_discrete_emotionality_exp2,exp2_9,exp2_t15,15,word_decoding,plareja,novio,pareja,happiness,7233.7,18,female,keypress
martineztomas2026_discrete_emotionality_exp2,exp2_9,exp2_t16,16,word_decoding,landado,enfadado,ladeado,anger,8296.4,18,female,keypress
martineztomas2026_discrete_emotionality_exp2,exp2_9,exp2_t17,17,word_decoding,descín,ruina,desden,sadness,3413.1,18,female,keypress
martineztomas2026_discrete_emotionality_exp2,exp2_9,exp2_t18,18,word_decoding,clespiente,veneno,despiste,fear,7154.5,18,female,keypress
martineztomas2026_discrete_emotionality_exp2,exp2_9,exp2_t19,19,word_decoding,residuera,basura,papelera,disgust,5754.6,18,female,keypress
martineztomas2026_discrete_emotionality_exp2,exp2_9,exp2_t20,20,word_decoding,flastación,visión,fluctuación,happiness,8900.2,18,female,keypress
martineztomas2026_discrete_emotionality_exp2,exp2_9,exp2_t21,21,word_decoding,desabete,censura,desobedecer,disgust,8404.3,18,female,keypress
martineztomas2026_discrete_emotionality_exp2,exp2_9,exp2_t22,22,word_decoding,dinería,lotería,banco,happiness,5121.3,18,female,keypress
martineztomas2026_discrete_emotionality_exp2,exp2_10,exp2_t0,0,word_decoding,argola,pistola,gargola,fear,24560.6,20,female,keypress
martineztomas2026_discrete_emotionality_exp2,exp2_10,exp2_t1,1,word_decoding,eniecido,enemigo,vencido,anger,18353.2,20,female,keypress
martineztomas2026_discrete_emotionality_exp2,exp2_10,exp2_t2,2,word_decoding,descín,ruina,decir,sadness,36845.2,20,female,keypress
martineztomas2026_discrete_emotionality_exp2,exp2_10,exp2_t3,3,word_decoding,landado,enfadado,candado,anger,6466,20,female,keypress
martineztomas2026_discrete_emotionality_exp2,exp2_10,exp2_t4,4,word_decoding,fierdo,hedor,fiordo,disgust,12905.1,20,female,keypress
martineztomas2026_discrete_emotionality_exp2,exp2_10,exp2_t5,5,word_decoding,bailetín,carnaval,maletín,happiness,11902.3,20,female,keypress
martineztomas2026_discrete_emotionality_exp2,exp2_10,exp2_t6,6,word_decoding,dastro,intruso,diestro,fear,19241.3,20,female,keypress
martineztomas2026_discrete_emotionality_exp2,exp2_10,exp2_t7,7,word_decoding,furieta,rabia,furia,anger,8932,20,female,keypress
martineztomas2026_discrete_emotionality_exp2,exp2_10,exp2_t8,8,word_decoding,bendigolo,mendigo,mendigo,sadness,14570.2,20,female,keypress
martineztomas2026_discrete_emotionality_exp2,exp2_10,exp2_t9,9,word_decoding,clespiente,veneno,serpiente,fear,10815.4,20,female,keypress
martineztomas2026_discrete_emotionality_exp2,exp2_10,exp2_t10,10,word_decoding,distantación,lejanía,distancia,sadness,12087.8,20,female,keypress
martineztomas2026_discrete_emotionality_exp2,exp2_10,exp2_t11,11,word_decoding,plareja,novio,pareja,happiness,7721.9,20,female,keypress
martineztomas2026_discrete_emotionality_exp2,exp2_10,exp2_t12,12,word_decoding,residuera,basura,residente,disgust,10699.2,20,female,keypress
martineztomas2026_discrete_emotionality_exp2,exp2_10,exp2_t13,13,word_decoding,fiminos,piojos,femenino,disgust,16653.2,20,female,keypress
martineztomas2026_discrete_emotionality_exp2,exp2_10,exp2_t14,14,word_decoding,dinería,lotería,dinero,happiness,5349.8,20,female,keypress
martineztomas2026_discrete_emotionality_exp2,exp2_10,exp2_t15,15,word_decoding,valacer,cadáver,avalar,sadness,40340,20,female,keypress
martineztomas2026_discrete_emotionality_exp2,exp2_10,exp2_t16,16,word_decoding,enjauladero,prisión,enjaular,fear,8632.3,20,female,keypress
martineztomas2026_discrete_emotionality_exp2,exp2_10,exp2_t17,17,word_decoding,palabrostio,insulto,palabrota,anger,7406.2,20,female,keypress
martineztomas2026_discrete_emotionality_exp2,exp2_10,exp2_t18,18,word_decoding,fumaika,tabaco,fumar,disgust,23315.3,20,female,keypress
martineztomas2026_discrete_emotionality_exp2,exp2_10,exp2_t19,19,word_decoding,chismolo,rumor,chisme,anger,7126.4,20,female,keypress
martineztomas2026_discrete_emotionality_exp2,exp2_10,exp2_t20,20,word_decoding,queranza,añoranza,quebrar,sadness,47354.8,20,female,keypress
martineztomas2026_discrete_emotionality_exp2,exp2_10,exp2_t21,21,word_decoding,flastación,visión,gestación,happiness,79019,20,female,keypress
martineztomas2026_discrete_emotionality_exp2,exp2_10,exp2_t22,22,word_decoding,frórico,eufórico,eufórico,happiness,22361.4,20,female,keypress
martineztomas2026_discrete_emotionality_exp2,exp2_11,exp2_t0,0,word_decoding,palabrostio,insulto,palabra,anger,6441.4,30,female,keypress
martineztomas2026_discrete_emotionality_exp2,exp2_11,exp2_t1,1,word_decoding,valacer,cadáver,valer,sadness,4535.6,30,female,keypress
martineztomas2026_discrete_emotionality_exp2,exp2_11,exp2_t2,2,word_decoding,fiminos,piojos,femenino,disgust,12443.3,30,female,keypress
martineztomas2026_discrete_emotionality_exp2,exp2_11,exp2_t3,3,word_decoding,desabete,censura,debates,disgust,11309.8,30,female,keypress
martineztomas2026_discrete_emotionality_exp2,exp2_11,exp2_t4,4,word_decoding,landado,enfadado,aterrizado,anger,15641.7,30,female,keypress
martineztomas2026_discrete_emotionality_exp2,exp2_11,exp2_t5,5,word_decoding,chismolo,rumor,cotilla,anger,11336.3,30,female,keypress
martineztomas2026_discrete_emotionality_exp2,exp2_11,exp2_t6,6,word_decoding,plareja,novio,pareja,happiness,7436.2,30,female,keypress
martineztomas2026_discrete_emotionality_exp2,exp2_11,exp2_t7,7,word_decoding,dastro,intruso,diestro,fear,4645.8,30,female,keypress
martineztomas2026_discrete_emotionality_exp2,exp2_11,exp2_t8,8,word_decoding,puntiaguja,espada,puntiagudo,fear,10966.7,30,female,keypress
martineztomas2026_discrete_emotionality_exp2,exp2_11,exp2_t9,9,word_decoding,residuera,basura,desagüe,disgust,12725.2,30,female,keypress
martineztomas2026_discrete_emotionality_exp2,exp2_11,exp2_t10,10,word_decoding,fumaika,tabaco,fumada,disgust,10518.3,30,female,keypress
martineztomas2026_discrete_emotionality_exp2,exp2_11,exp2_t11,11,word_decoding,eniecido,enemigo,empequeñecido,anger,15481.4,30,female,keypress
martineztomas2026_discrete_emotionality_exp2,exp2_11,exp2_t12,12,word_decoding,bailetín,carnaval,boletín,happiness,5441.5,30,female,keypress
martineztomas2026_discrete_emotionality_exp2,exp2_11,exp2_t13,13,word_decoding,argola,pistola,argolla,fear,13086.7,30,female,keypress
martineztomas2026_discrete_emotionality_exp2,exp2_11,exp2_t14,14,word_decoding,furieta,rabia,furia,anger,7989,30,female,keypress
martineztomas2026_discrete_emotionality_exp2,exp2_11,exp2_t15,15,word_decoding,distantación,lejanía,lejanía,sadness,9884.5,30,female,keypress
martineztomas2026_discrete_emotionality_exp2,exp2_11,exp2_t16,16,word_decoding,bendigolo,mendigo,bendecido,sadness,10921.5,30,female,keypress
martineztomas2026_discrete_emotionality_exp2,exp2_11,exp2_t17,17,word_decoding,dinería,lotería,banco,happiness,25353.4,30,female,keypress
martineztomas2026_discrete_emotionality_exp2,exp2_11,exp2_t18,18,word_decoding,enjauladero,prisión,cerrojo,fear,7713.2,30,female,keypress
martineztomas2026_discrete_emotionality_exp2,exp2_11,exp2_t19,19,word_decoding,queranza,añoranza,querer,sadness,7530,30,female,keypress
martineztomas2026_discrete_emotionality_exp2,exp2_11,exp2_t20,20,word_decoding,clespiente,veneno,resplandeciente,fear,25978.9,30,female,keypress
martineztomas2026_discrete_emotionality_exp2,exp2_11,exp2_t21,21,word_decoding,frórico,eufórico,florido,happiness,14028.5,30,female,keypress
martineztomas2026_discrete_emotionality_exp2,exp2_11,exp2_t22,22,word_decoding,descín,ruina,delfín,sadness,28971.3,30,female,keypress
martineztomas2026_discrete_emotionality_exp2,exp2_11,exp2_t23,23,word_decoding,fierdo,hedor,fiordo,disgust,5440.2,30,female,keypress
martineztomas2026_discrete_emotionality_exp2,exp2_11,exp2_t24,24,word_decoding,flastación,visión,frustración,happiness,9109.2,30,female,keypress
martineztomas2026_discrete_emotionality_exp2,exp2_12,exp2_t0,0,word_decoding,argola,pistola,argolla,fear,11181.3,20,female,keypress
martineztomas2026_discrete_emotionality_exp2,exp2_12,exp2_t1,1,word_decoding,queranza,añoranza,esperanza,sadness,8199.3,20,female,keypress
martineztomas2026_discrete_emotionality_exp2,exp2_12,exp2_t2,2,word_decoding,flastación,visión,deslumbrar,happiness,9733.3,20,female,keypress
martineztomas2026_discrete_emotionality_exp2,exp2_12,exp2_t3,3,word_decoding,fierdo,hedor,fiero,disgust,5549.6,20,female,keypress
martineztomas2026_discrete_emotionality_exp2,exp2_12,exp2_t4,4,word_decoding,bendigolo,mendigo,bengala,sadness,23261.1,20,female,keypress
martineztomas2026_discrete_emotionality_exp2,exp2_12,exp2_t5,5,word_decoding,desabete,censura,reventa,disgust,38328.5,20,female,keypress
martineztomas2026_discrete_emotionality_exp2,exp2_12,exp2_t6,6,word_decoding,distantación,lejanía,distanciamiento,sadness,9331.9,20,female,keypress
martineztomas2026_discrete_emotionality_exp2,exp2_12,exp2_t7,7,word_decoding,descín,ruina,delfin,sadness,17747.9,20,female,keypress
martineztomas2026_discrete_emotionality_exp2,exp2_12,exp2_t8,8,word_decoding,chismolo,rumor,chismoso,anger,8847.8,20,female,keypress
martineztomas2026_discrete_emotionality_exp2,exp2_12,exp2_t9,9,word_decoding,enjauladero,prisión,carcel,fear,7215.2,20,female,keypress
martineztomas2026_discrete_emotionality_exp2,exp2_12,exp2_t10,10,word_decoding,bailetín,carnaval,bailarin,happiness,8681,20,female,keypress
martineztomas2026_discrete_emotionality_exp2,exp2_12,exp2_t11,11,word_decoding,frórico,eufórico,frigorifico,happiness,74673.9,20,female,keypress
martineztomas2026_discrete_emotionality_exp2,exp2_12,exp2_t12,12,word_decoding,palabrostio,insulto,palabrota,anger,7849.4,20,female,keypress
martineztomas2026_discrete_emotionality_exp2,exp2_12,exp2_t13,13,word_decoding,landado,enfadado,candado,anger,4866,20,female,keypress
martineztomas2026_discrete_emotionality_exp2,exp2_12,exp2_t14,14,word_decoding,furieta,rabia,furgoneta,anger,7065.5,20,female,keypress
martineztomas2026_discrete_emotionality_exp2,exp2_12,exp2_t15,15,word_decoding,eniecido,enemigo,nacido,anger,13630.3,20,female,keypress
martineztomas2026_discrete_emotionality_exp2,exp2_12,exp2_t16,16,word_decoding,dinería,lotería,banco,happiness,5732.8,20,female,keypress
martineztomas2026_discrete_emotionality_exp2,exp2_12,exp2_t17,17,word_decoding,fumaika,tabaco,cachimba,disgust,9664.7,20,female,keypress
martineztomas2026_discrete_emotionality_exp2,exp2_12,exp2_t18,18,word_decoding,clespiente,veneno,serpiente,fear,6581.7,20,female,keypress
martineztomas2026_discrete_emotionality_exp2,exp2_12,exp2_t19,19,word_decoding,puntiaguja,espada,puntiaguda,fear,15697.9,20,female,keypress
martineztomas2026_discrete_emotionality_exp2,exp2_12,exp2_t20,20,word_decoding,fiminos,piojos,gatos,disgust,7415.5,20,female,keypress
martineztomas2026_discrete_emotionality_exp2,exp2_12,exp2_t21,21,word_decoding,valacer,cadáver,balacera,sadness,58223.9,20,female,keypress
martineztomas2026_discrete_emotionality_exp2,exp2_12,exp2_t22,22,word_decoding,dastro,intruso,rastro,fear,16332.3,20,female,keypress
martineztomas2026_discrete_emotionality_exp2,exp2_12,exp2_t23,23,word_decoding,plareja,novio,pareja,happiness,6681.8,20,female,keypress
martineztomas2026_discrete_emotionality_exp2,exp2_12,exp2_t24,24,word_decoding,residuera,basura,papelera,disgust,8598.9,20,female,keypress
martineztomas2026_discrete_emotionality_exp2,exp2_13,exp2_t0,0,word_decoding,fierdo,hedor,miedo,disgust,4467,19,female,keypress
martineztomas2026_discrete_emotionality_exp2,exp2_13,exp2_t1,1,word_decoding,clespiente,veneno,serpiente,fear,7333,19,female,keypress
martineztomas2026_discrete_emotionality_exp2,exp2_13,exp2_t2,2,word_decoding,enjauladero,prisión,perrera,fear,7499,19,female,keypress
martineztomas2026_discrete_emotionality_exp2,exp2_13,exp2_t3,3,word_decoding,dastro,intruso,padrastro,fear,4632,19,female,keypress
martineztomas2026_discrete_emotionality_exp2,exp2_13,exp2_t4,4,word_decoding,eniecido,enemigo,ennegrecido,anger,7266,19,female,keypress
martineztomas2026_discrete_emotionality_exp2,exp2_13,exp2_t5,5,word_decoding,residuera,basura,residuos,disgust,7435,19,female,keypress
martineztomas2026_discrete_emotionality_exp2,exp2_13,exp2_t6,6,word_decoding,fiminos,piojos,mininos,disgust,4399,19,female,keypress
martineztomas2026_discrete_emotionality_exp2,exp2_13,exp2_t7,7,word_decoding,furieta,rabia,rabieta,anger,4233,19,female,keypress
martineztomas2026_discrete_emotionality_exp2,exp2_13,exp2_t8,8,word_decoding,puntiaguja,espada,puntiagudo,fear,5765,19,female,keypress
martineztomas2026_discrete_emotionality_exp2,exp2_13,exp2_t9,9,word_decoding,descín,ruina,delfin,sadness,5832,19,female,keypress
martineztomas2026_discrete_emotionality_exp2,exp2_13,exp2_t10,10,word_decoding,desabete,censura,desobediente,disgust,6166,19,female,keypress
martineztomas2026_discrete_emotionality_exp2,exp2_13,exp2_t11,11,word_decoding,chismolo,rumor,chismoso,anger,4600,19,female,keypress
martineztomas2026_discrete_emotionality_exp2,exp2_13,exp2_t12,12,word_decoding,plareja,novio,pareja,happiness,3697,19,female,keypress
martineztomas2026_discrete_emotionality_exp2,exp2_13,exp2_t13,13,word_decoding,dinería,lotería,dinero,happiness,6033,19,female,keypress
martineztomas2026_discrete_emotionality_exp2,exp2_13,exp2_t14,14,word_decoding,bendigolo,mendigo,bendecir,sadness,14301,19,female,keypress
martineztomas2026_discrete_emotionality_exp2,exp2_13,exp2_t15,15,word_decoding,landado,enfadado,lanzado,anger,6167,19,female,keypress
martineztomas2026_discrete_emotionality_exp2,exp2_13,exp2_t16,16,word_decoding,argola,pistola,gárgola,fear,15549,19,female,keypress
martineztomas2026_discrete_emotionality_exp2,exp2_13,exp2_t17,17,word_decoding,distantación,lejanía,distanciación,sadness,6966,19,female,keypress
martineztomas2026_discrete_emotionality_exp2,exp2_13,exp2_t18,18,word_decoding,flastación,visión,falso,happiness,10699,19,female,keypress
martineztomas2026_discrete_emotionality_exp2,exp2_13,exp2_t19,19,word_decoding,frórico,eufórico,colico,happiness,4601,19,female,keypress
martineztomas2026_discrete_emotionality_exp2,exp2_13,exp2_t20,20,word_decoding,palabrostio,insulto,palabrota,anger,6766,19,female,keypress
martineztomas2026_discrete_emotionality_exp2,exp2_13,exp2_t21,21,word_decoding,bailetín,carnaval,bailarín,happiness,9500,19,female,keypress
martineztomas2026_discrete_emotionality_exp2,exp2_13,exp2_t22,22,word_decoding,valacer,cadáver,baile,sadness,6032,19,female,keypress
martineztomas2026_discrete_emotionality_exp2,exp2_13,exp2_t23,23,word_decoding,fumaika,tabaco,cigarro,disgust,12032,19,female,keypress
martineztomas2026_discrete_emotionality_exp2,exp2_13,exp2_t24,24,word_decoding,queranza,añoranza,esperanza,sadness,4833,19,female,keypress
martineztomas2026_discrete_emotionality_exp2,exp2_14,exp2_t0,0,word_decoding,eniecido,enemigo,encendido,anger,6600.5,18,female,keypress
martineztomas2026_discrete_emotionality_exp2,exp2_14,exp2_t1,1,word_decoding,bendigolo,mendigo,mendigo,sadness,11917.3,18,female,keypress
martineztomas2026_discrete_emotionality_exp2,exp2_14,exp2_t2,2,word_decoding,dastro,intruso,gastronomía,fear,9233,18,female,keypress
martineztomas2026_discrete_emotionality_exp2,exp2_14,exp2_t3,3,word_decoding,plareja,novio,palabreja,happiness,11251.3,18,female,keypress
martineztomas2026_discrete_emotionality_exp2,exp2_14,exp2_t4,4,word_decoding,valacer,cadáver,balancearse,sadness,11534.7,18,female,keypress
martineztomas2026_discrete_emotionality_exp2,exp2_14,exp2_t5,5,word_decoding,chismolo,rumor,chismoso,anger,4766.8,18,female,keypress
martineztomas2026_discrete_emotionality_exp2,exp2_14,exp2_t6,6,word_decoding,enjauladero,prisión,prisión,fear,11700.1,18,female,keypress
martineztomas2026_discrete_emotionality_exp2,exp2_14,exp2_t7,7,word_decoding,dinería,lotería,cena,happiness,9017,18,female,keypress
martineztomas2026_discrete_emotionality_exp2,exp2_14,exp2_t8,8,word_decoding,desabete,censura,diabetes,disgust,4600.1,18,female,keypress
martineztomas2026_discrete_emotionality_exp2,exp2_14,exp2_t9,9,word_decoding,fiminos,piojos,fiordos,disgust,14300.5,18,female,keypress
martineztomas2026_discrete_emotionality_exp2,exp2_14,exp2_t10,10,word_decoding,bailetín,carnaval,bailarín,happiness,8499.9,18,female,keypress
martineztomas2026_discrete_emotionality_exp2,exp2_14,exp2_t11,11,word_decoding,flastación,visión,flagelación,happiness,6316.2,18,female,keypress
martineztomas2026_discrete_emotionality_exp2,exp2_14,exp2_t12,12,word_decoding,palabrostio,insulto,insulto,anger,8833.8,18,female,keypress
martineztomas2026_discrete_emotionality_exp2,exp2_14,exp2_t13,13,word_decoding,clespiente,veneno,serpiente,fear,6583.7,18,female,keypress
martineztomas2026_discrete_emotionality_exp2,exp2_14,exp2_t14,14,word_decoding,fumaika,tabaco,fumadora,disgust,5566.5,18,female,keypress
martineztomas2026_discrete_emotionality_exp2,exp2_14,exp2_t15,15,word_decoding,queranza,añoranza,esperanza,sadness,7999.7,18,female,keypress
martineztomas2026_discrete_emotionality_exp2,exp2_14,exp2_t16,16,word_decoding,frórico,eufórico,frío,happiness,6233.3,18,female,keypress
martineztomas2026_discrete_emotionality_exp2,exp2_14,exp2_t17,17,word_decoding,argola,pistola,agrícola,fear,10567.5,18,female,keypress
martineztomas2026_discrete_emotionality_exp2,exp2_14,exp2_t18,18,word_decoding,residuera,basura,residente,disgust,3049.7,18,female,keypress
martineztomas2026_discrete_emotionality_exp2,exp2_14,exp2_t19,19,word_decoding,furieta,rabia,enfurecer,anger,20267.5,18,female,keypress
martineztomas2026_discrete_emotionality_exp2,exp2_14,exp2_t20,20,word_decoding,fierdo,hedor,fiordo,disgust,8799.4,18,female,keypress
martineztomas2026_discrete_emotionality_exp2,exp2_14,exp2_t21,21,word_decoding,landado,enfadado,candado,anger,10950.7,18,female,keypress
martineztomas2026_discrete_emotionality_exp2,exp2_15,exp2_t0,0,word_decoding,puntiaguja,espada,jeringa,fear,17066.5,27,unspecified,keypress
martineztomas2026_discrete_emotionality_exp2,exp2_15,exp2_t1,1,word_decoding,fumaika,tabaco,fumar,disgust,6572.1,27,unspecified,keypress
martineztomas2026_discrete_emotionality_exp2,exp2_15,exp2_t2,2,word_decoding,frórico,eufórico,colorido,happiness,22612.7,27,unspecified,keypress
martineztomas2026_discrete_emotionality_exp2,exp2_15,exp2_t3,3,word_decoding,argola,pistola,pergola,fear,27732.7,27,unspecified,keypress
martineztomas2026_discrete_emotionality_exp2,exp2_15,exp2_t4,4,word_decoding,valacer,cadáver,balancear,sadness,34973.5,27,unspecified,keypress
martineztomas2026_discrete_emotionality_exp2,exp2_15,exp2_t5,5,word_decoding,distantación,lejanía,distanciación,sadness,11359.6,27,unspecified,keypress
martineztomas2026_discrete_emotionality_exp2,exp2_15,exp2_t6,6,word_decoding,bailetín,carnaval,bailar,happiness,6520.6,27,unspecified,keypress
martineztomas2026_discrete_emotionality_exp2,exp2_15,exp2_t7,7,word_decoding,flastación,visión,aplastar,happiness,9654.1,27,unspecified,keypress
martineztomas2026_discrete_emotionality_exp2,exp2_15,exp2_t8,8,word_decoding,clespiente,veneno,despierto,fear,31852.9,27,unspecified,keypress
martineztomas2026_discrete_emotionality_exp2,exp2_15,exp2_t9,9,word_decoding,plareja,novio,pareja,happiness,20438.9,27,unspecified,keypress
martineztomas2026_discrete_emotionality_exp2,exp2_15,exp2_t10,10,word_decoding,bendigolo,mendigo,bendecido,sadness,11225.7,27,unspecified,keypress
martineztomas2026_discrete_emotionality_exp2,exp2_15,exp2_t11,11,word_decoding,chismolo,rumor,chisme,anger,5879.7,27,unspecified,keypress
martineztomas2026_discrete_emotionality_exp2,exp2_15,exp2_t12,12,word_decoding,dastro,intruso,gastro,fear,15627.2,27,unspecified,keypress
martineztomas2026_discrete_emotionality_exp2,exp2_15,exp2_t13,13,word_decoding,fierdo,hedor,perdido,disgust,38905.2,27,unspecified,keypress
martineztomas2026_discrete_emotionality_exp2,exp2_15,exp2_t14,14,word_decoding,dinería,lotería,banco,happiness,8893.6,27,unspecified,keypress
martineztomas2026_discrete_emotionality_exp2,exp2_15,exp2_t15,15,word_decoding,furieta,rabia,furia,anger,62171.6,27,unspecified,keypress
martineztomas2026_discrete_emotionality_exp2,exp2_15,exp2_t16,16,word_decoding,queranza,añoranza,querer,sadness,21040,27,unspecified,keypress
martineztomas2026_discrete_emotionality_exp2,exp2_15,exp2_t17,17,word_decoding,landado,enfadado,lanzado,anger,34612.2,27,unspecified,keypress
martineztomas2026_discrete_emotionality_exp2,exp2_15,exp2_t18,18,word_decoding,descín,ruina,decir,sadness,15864.5,27,unspecified,keypress
martineztomas2026_discrete_emotionality_exp2,exp2_15,exp2_t19,19,word_decoding,residuera,basura,residual,disgust,11585.7,27,unspecified,keypress
martineztomas2026_discrete_emotionality_exp2,exp2_15,exp2_t20,20,word_decoding,enjauladero,prisión,cárcel,fear,57332.6,27,unspecified,keypress
martineztomas2026_discrete_emotionality_exp2,exp2_15,exp2_t21,21,word_decoding,eniecido,enemigo,nacido,anger,38933.3,27,unspecified,keypress
martineztomas2026_discrete_emotionality_exp2,exp2_15,exp2_t22,22,word_decoding,desabete,censura,diabetes,disgust,24159.1,27,unspecified,keypress
martineztomas2026_discrete_emotionality_exp2,exp2_15,exp2_t23,23,word_decoding,fiminos,piojos,felinos,disgust,9852.5,27,unspecified,keypress
martineztomas2026_discrete_emotionality_exp2,exp2_16,exp2_t0,0,word_decoding,dastro,intruso,rastro,fear,8033.9,18,male,keypress
martineztomas2026_discrete_emotionality_exp2,exp2_16,exp2_t1,1,word_decoding,enjauladero,prisión,jaula,fear,6678.8,18,male,keypress
martineztomas2026_discrete_emotionality_exp2,exp2_16,exp2_t2,2,word_decoding,descín,ruina,desliz,sadness,5700.5,18,male,keypress
martineztomas2026_discrete_emotionality_exp2,exp2_16,exp2_t3,3,word_decoding,landado,enfadado,lanzado,anger,15433.4,18,male,keypress
martineztomas2026_discrete_emotionality_exp2,exp2_16,exp2_t4,4,word_decoding,valacer,cadáver,valer,sadness,7416.8,18,male,keypress
martineztomas2026_discrete_emotionality_exp2,exp2_16,exp2_t5,5,word_decoding,fumaika,tabaco,fumada,disgust,4367.2,18,male,keypress
martineztomas2026_discrete_emotionality_exp2,exp2_16,exp2_t6,6,word_decoding,residuera,basura,residencia,disgust,6300.5,18,male,keypress
martineztomas2026_discrete_emotionality_exp2,exp2_16,exp2_t7,7,word_decoding,puntiaguja,espada,puntiaguda,fear,6104.5,18,male,keypress
martineztomas2026_discrete_emotionality_exp2,exp2_16,exp2_t8,8,word_decoding,dinería,lotería,dinero,happiness,6554.4,18,male,keypress
martineztomas2026_discrete_emotionality_exp2,exp2_16,exp2_t9,9,word_decoding,desabete,censura,debate,disgust,15800.5,18,male,keypress
martineztomas2026_discrete_emotionality_exp2,exp2_16,exp2_t10,10,word_decoding,distantación,lejanía,distanciamiento,sadness,8250.5,18,male,keypress
martineztomas2026_discrete_emotionality_exp2,exp2_16,exp2_t11,11,word_decoding,flastación,visión,flash,happiness,18351.3,18,male,keypress
martineztomas2026_discrete_emotionality_exp2,exp2_16,exp2_t12,12,word_decoding,furieta,rabia,furia,anger,7233.4,18,male,keypress
martineztomas2026_discrete_emotionality_exp2,exp2_16,exp2_t13,13,word_decoding,bailetín,carnaval,bailarín,happiness,6933.6,18,male,keypress
martineztomas2026_discrete_emotionality_exp2,exp2_16,exp2_t14,14,word_decoding,palabrostio,insulto,palabrota,anger,5716.9,18,male,keypress
martineztomas2026_discrete_emotionality_exp2,exp2_16,exp2_t15,15,word_decoding,bendigolo,mendigo,bendecir,sadness,8933.9,18,male,keypress
martineztomas2026_discrete_emotionality_exp2,exp2_16,exp2_t16,16,word_decoding,fiminos,piojos,femeninos,disgust,8766.8,18,male,keypress
martineztomas2026_discrete_emotionality_exp2,exp2_16,exp2_t17,17,word_decoding,argola,pistola,gárgola,fear,7267.3,18,male,keypress
martineztomas2026_discrete_emotionality_exp2,exp2_16,exp2_t18,18,word_decoding,queranza,añoranza,esperanza,sadness,8400.3,18,male,keypress
martineztomas2026_discrete_emotionality_exp2,exp2_16,exp2_t19,19,word_decoding,plareja,novio,pareja,happiness,5600.2,18,male,keypress
martineztomas2026_discrete_emotionality_exp2,exp2_16,exp2_t20,20,word_decoding,fierdo,hedor,fiera,disgust,6834.1,18,male,keypress
martineztomas2026_discrete_emotionality_exp2,exp2_16,exp2_t21,21,word_decoding,clespiente,veneno,serpiente,fear,15004.7,18,male,keypress
martineztomas2026_discrete_emotionality_exp2,exp2_16,exp2_t22,22,word_decoding,chismolo,rumor,chismoso,anger,4137.8,18,male,keypress
martineztomas2026_discrete_emotionality_exp2,exp2_16,exp2_t23,23,word_decoding,eniecido,enemigo,encendido,anger,4371,18,male,keypress
martineztomas2026_discrete_emotionality_exp2,exp2_17,exp2_t0,0,word_decoding,frórico,eufórico,flor,happiness,8598.2,18,male,keypress
martineztomas2026_discrete_emotionality_exp2,exp2_17,exp2_t1,1,word_decoding,flastación,visión,falsación,happiness,11426.8,18,male,keypress
martineztomas2026_discrete_emotionality_exp2,exp2_17,exp2_t2,2,word_decoding,distantación,lejanía,desinstalación,sadness,12224.2,18,male,keypress
martineztomas2026_discrete_emotionality_exp2,exp2_17,exp2_t3,3,word_decoding,residuera,basura,residuo,disgust,5251.5,18,male,keypress
martineztomas2026_discrete_emotionality_exp2,exp2_17,exp2_t4,4,word_decoding,fierdo,hedor,fideo,disgust,2932.8,18,male,keypress
martineztomas2026_discrete_emotionality_exp2,exp2_17,exp2_t5,5,word_decoding,dastro,intruso,diestro,fear,2931.7,18,male,keypress
martineztomas2026_discrete_emotionality_exp2,exp2_17,exp2_t6,6,word_decoding,puntiaguja,espada,puntiagudo,fear,5394.4,18,male,keypress
martineztomas2026_discrete_emotionality_exp2,exp2_17,exp2_t7,7,word_decoding,palabrostio,insulto,palabrota,anger,4830.6,18,male,keypress
martineztomas2026_discrete_emotionality_exp2,exp2_17,exp2_t8,8,word_decoding,chismolo,rumor,chismoso,anger,2881.3,18,male,keypress
martineztomas2026_discrete_emotionality_exp2,exp2_17,exp2_t9,9,word_decoding,fiminos,piojos,felinos,disgust,4949.1,18,male,keypress
martineztomas2026_discrete_emotionality_exp2,exp2_17,exp2_t10,10,word_decoding,furieta,rabia,furia,anger,2482.7,18,male,keypress
martineztomas2026_discrete_emotionality_exp2,exp2_17,exp2_t11,11,word_decoding,plareja,novio,pareja,happiness,2547.9,18,male,keypress
martineztomas2026_discrete_emotionality_exp2,exp2_17,exp2_t12,12,word_decoding,enjauladero,prisión,enjaular,fear,3598.2,18,male,keypress
martineztomas2026_discrete_emotionality_exp2,exp2_17,exp2_t13,13,word_decoding,landado,enfadado,andando,anger,5481.8,18,male,keypress
martineztomas2026_discrete_emotionality_exp2,exp2_17,exp2_t14,14,word_decoding,argola,pistola,gargola,fear,11442.2,18,male,keypress
martineztomas2026_discrete_emotionality_exp2,exp2_17,exp2_t15,15,word_decoding,descín,ruina,delfin,sadness,2625.6,18,male,keypress
martineztomas2026_discrete_emotionality_exp2,exp2_17,exp2_t16,16,word_decoding,dinería,lotería,dinero,happiness,3422.2,18,male,keypress
martineztomas2026_discrete_emotionality_exp2,exp2_17,exp2_t17,17,word_decoding,clespiente,veneno,eclipse,fear,5047.7,18,male,keypress
martineztomas2026_discrete_emotionality_exp2,exp2_17,exp2_t18,18,word_decoding,queranza,añoranza,esperanza,sadness,3799.2,18,male,keypress
martineztomas2026_discrete_emotionality_exp2,exp2_17,exp2_t19,19,word_decoding,bendigolo,mendigo,mendigo,sadness,2930.6,18,male,keypress
martineztomas2026_discrete_emotionality_exp2,exp2_17,exp2_t20,20,word_decoding,eniecido,enemigo,encendido,anger,4702.5,18,male,keypress
martineztomas2026_discrete_emotionality_exp2,exp2_17,exp2_t21,21,word_decoding,valacer,cadáver,prevalecer,sadness,6066.3,18,male,keypress
martineztomas2026_discrete_emotionality_exp2,exp2_18,exp2_t0,0,word_decoding,fumaika,tabaco,fumar,disgust,4549.3,19,female,keypress
martineztomas2026_discrete_emotionality_exp2,exp2_18,exp2_t1,1,word_decoding,descín,ruina,descender,sadness,8217,19,female,keypress
martineztomas2026_discrete_emotionality_exp2,exp2_18,exp2_t2,2,word_decoding,eniecido,enemigo,ennegrecido,anger,7750.9,19,female,keypress
martineztomas2026_discrete_emotionality_exp2,exp2_18,exp2_t3,3,word_decoding,dastro,intruso,diestro,fear,5666.9,19,female,keypress
martineztomas2026_discrete_emotionality_exp2,exp2_18,exp2_t4,4,word_decoding,furieta,rabia,furia,anger,3983.5,19,female,keypress
martineztomas2026_discrete_emotionality_exp2,exp2_18,exp2_t5,5,word_decoding,argola,pistola,ahora,fear,7217,19,female,keypress
martineztomas2026_discrete_emotionality_exp2,exp2_18,exp2_t6,6,word_decoding,dinería,lotería,dinero,happiness,3217.2,19,female,keypress
martineztomas2026_discrete_emotionality_exp2,exp2_18,exp2_t7,7,word_decoding,frórico,eufórico,afónico,happiness,13870.1,19,female,keypress
martineztomas2026_discrete_emotionality_exp2,exp2_18,exp2_t8,8,word_decoding,desabete,censura,deshacer,disgust,21933.5,19,female,keypress
martineztomas2026_discrete_emotionality_exp2,exp2_18,exp2_t9,9,word_decoding,bendigolo,mendigo,mendigo,sadness,7033.7,19,female,keypress
martineztomas2026_discrete_emotionality_exp2,exp2_18,exp2_t10,10,word_decoding,landado,enfadado,lanzado,anger,14083.7,19,female,keypress
martineztomas2026_discrete_emotionality_exp2,exp2_18,exp2_t11,11,word_decoding,distantación,lejanía,distancia,sadness,8200.4,19,female,keypress
martineztomas2026_discrete_emotionality_exp2,exp2_18,exp2_t12,12,word_decoding,flastación,visión,fatiga,happiness,63916.9,19,female,keypress
martineztomas2026_discrete_emotionality_exp2,exp2_18,exp2_t13,13,word_decoding,clespiente,veneno,serpiente,fear,7083.6,19,female,keypress
martineztomas2026_discrete_emotionality_exp2,exp2_18,exp2_t14,14,word_decoding,chismolo,rumor,chisme,anger,7333.3,19,female,keypress
martineztomas2026_discrete_emotionality_exp2,exp2_18,exp2_t15,15,word_decoding,fierdo,hedor,cerdo,disgust,5350.2,19,female,keypress
martineztomas2026_discrete_emotionality_exp2,exp2_18,exp2_t16,16,word_decoding,valacer,cadáver,valer,sadness,11232.9,19,female,keypress
martineztomas2026_discrete_emotionality_exp2,exp2_18,exp2_t17,17,word_decoding,queranza,añoranza,querer,sadness,10399.8,19,female,keypress
martineztomas2026_discrete_emotionality_exp2,exp2_18,exp2_t18,18,word_decoding,bailetín,carnaval,baile,happiness,4782.4,19,female,keypress
martineztomas2026_discrete_emotionality_exp2,exp2_18,exp2_t19,19,word_decoding,plareja,novio,pareja,happiness,4717,19,female,keypress
martineztomas2026_discrete_emotionality_exp2,exp2_18,exp2_t20,20,word_decoding,palabrostio,insulto,palabrota,anger,5966.7,19,female,keypress
martineztomas2026_discrete_emotionality_exp2,exp2_18,exp2_t21,21,word_decoding,fiminos,piojos,femeninos,disgust,7799.4,19,female,keypress
martineztomas2026_discrete_emotionality_exp2,exp2_18,exp2_t22,22,word_decoding,residuera,basura,residencia,disgust,6065.3,19,female,keypress
martineztomas2026_discrete_emotionality_exp2,exp2_19,exp2_t0,0,word_decoding,landado,enfadado,mandado,anger,15333.6,21,male,keypress
martineztomas2026_discrete_emotionality_exp2,exp2_19,exp2_t1,1,word_decoding,plareja,novio,pareja,happiness,5416.3,21,male,keypress
martineztomas2026_discrete_emotionality_exp2,exp2_19,exp2_t2,2,word_decoding,dinería,lotería,dinero,happiness,4450.4,21,male,keypress
martineztomas2026_discrete_emotionality_exp2,exp2_19,exp2_t3,3,word_decoding,bendigolo,mendigo,bendigo,sadness,10883.2,21,male,keypress
martineztomas2026_discrete_emotionality_exp2,exp2_19,exp2_t4,4,word_decoding,descín,ruina,desdén,sadness,38583.4,21,male,keypress
martineztomas2026_discrete_emotionality_exp2,exp2_19,exp2_t5,5,word_decoding,valacer,cadáver,lavar,sadness,50999.9,21,male,keypress
martineztomas2026_discrete_emotionality_exp2,exp2_19,exp2_t6,6,word_decoding,palabrostio,insulto,insulto,anger,10016.3,21,male,keypress
martineztomas2026_discrete_emotionality_exp2,exp2_19,exp2_t7,7,word_decoding,clespiente,veneno,serpiente,fear,13399.6,21,male,keypress
martineztomas2026_discrete_emotionality_exp2,exp2_19,exp2_t8,8,word_decoding,bailetín,carnaval,bailarín,happiness,11916.6,21,male,keypress
martineztomas2026_discrete_emotionality_exp2,exp2_19,exp2_t9,9,word_decoding,residuera,basura,papelera,disgust,14816.7,21,male,keypress
martineztomas2026_discrete_emotionality_exp2,exp2_19,exp2_t10,10,word_decoding,flastación,visión,estación,happiness,71917.6,21,male,keypress
martineztomas2026_discrete_emotionality_exp2,exp2_19,exp2_t11,11,word_decoding,enjauladero,prisión,cárcel,fear,17866.7,21,male,keypress
martineztomas2026_discrete_emotionality_exp2,exp2_19,exp2_t12,12,word_decoding,dastro,intruso,rastro,fear,5733.1,21,male,keypress
martineztomas2026_discrete_emotionality_exp2,exp2_19,exp2_t13,13,word_decoding,desabete,censura,debate,disgust,40382.2,21,male,keypress
martineztomas2026_discrete_emotionality_exp2,exp2_19,exp2_t14,14,word_decoding,eniecido,enemigo,incendio,anger,11349.4,21,male,keypress
martineztomas2026_discrete_emotionality_exp2,exp2_19,exp2_t15,15,word_decoding,fierdo,hedor,pierdo,disgust,20084.3,21,male,keypress
martineztomas2026_discrete_emotionality_exp2,exp2_19,exp2_t16,16,word_decoding,frórico,eufórico,eufórico,happiness,38216.6,21,male,keypress
martineztomas2026_discrete_emotionality_exp2,exp2_19,exp2_t17,17,word_decoding,fiminos,piojos,femeninos,disgust,13166.2,21,male,keypress
martineztomas2026_discrete_emotionality_exp2,exp2_19,exp2_t18,18,word_decoding,distantación,lejanía,tentación,sadness,10966.4,21,male,keypress
martineztomas2026_discrete_emotionality_exp2,exp2_19,exp2_t19,19,word_decoding,furieta,rabia,furia,anger,3715.8,21,male,keypress
martineztomas2026_discrete_emotionality_exp2,exp2_19,exp2_t20,20,word_decoding,puntiaguja,espada,puntiaguda,fear,7515.5,21,male,keypress
martineztomas2026_discrete_emotionality_exp2,exp2_19,exp2_t21,21,word_decoding,chismolo,rumor,chisme,anger,10268.5,21,male,keypress
martineztomas2026_discrete_emotionality_exp2,exp2_19,exp2_t22,22,word_decoding,fumaika,tabaco,fumador,disgust,10416.5,21,male,keypress
martineztomas2026_discrete_emotionality_exp2,exp2_19,exp2_t23,23,word_decoding,queranza,añoranza,esperanza,sadness,9115.3,21,male,keypress
martineztomas2026_discrete_emotionality_exp2,exp2_19,exp2_t24,24,word_decoding,argola,pistola,angola,fear,5583.6,21,male,keypress
martineztomas2026_discrete_emotionality_exp2,exp2_20,exp2_t0,0,word_decoding,dinería,lotería,dinero,happiness,2714.7,18,female,keypress
martineztomas2026_discrete_emotionality_exp2,exp2_20,exp2_t1,1,word_decoding,fiminos,piojos,féminas,disgust,5121.6,18,female,keypress
martineztomas2026_discrete_emotionality_exp2,exp2_20,exp2_t2,2,word_decoding,bailetín,carnaval,boletín,happiness,5730.6,18,female,keypress
martineztomas2026_discrete_emotionality_exp2,exp2_20,exp2_t3,3,word_decoding,furieta,rabia,furia,anger,3055.2,18,female,keypress
martineztomas2026_discrete_emotionality_exp2,exp2_20,exp2_t4,4,word_decoding,descín,ruina,decir,sadness,7871.9,18,female,keypress
martineztomas2026_discrete_emotionality_exp2,exp2_20,exp2_t5,5,word_decoding,desabete,censura,diabetes,disgust,3451.1,18,female,keypress
martineztomas2026_discrete_emotionality_exp2,exp2_20,exp2_t6,6,word_decoding,plareja,novio,pareja,happiness,3339.2,18,female,keypress
martineztomas2026_discrete_emotionality_exp2,exp2_20,exp2_t7,7,word_decoding,queranza,añoranza,esperanza,sadness,5282.5,18,female,keypress
martineztomas2026_discrete_emotionality_exp2,exp2_20,exp2_t8,8,word_decoding,clespiente,veneno,serpiente,fear,4003.7,18,female,keypress
martineztomas2026_discrete_emotionality_exp2,exp2_20,exp2_t9,9,word_decoding,dastro,intruso,desastre,fear,3366.3,18,female,keypress
martineztomas2026_discrete_emotionality_exp2,exp2_20,exp2_t10,10,word_decoding,landado,enfadado,andar,anger,4083.3,18,female,keypress
martineztomas2026_discrete_emotionality_exp2,exp2_20,exp2_t11,11,word_decoding,valacer,cadáver,placer,sadness,2744.9,18,female,keypress
martineztomas2026_discrete_emotionality_exp2,exp2_20,exp2_t12,12,word_decoding,chismolo,rumor,chismoso,anger,8412.6,18,female,keypress
martineztomas2026_discrete_emotionality_exp2,exp2_20,exp2_t13,13,word_decoding,palabrostio,insulto,palabra,anger,13850.7,18,female,keypress
martineztomas2026_discrete_emotionality_exp2,exp2_20,exp2_t14,14,word_decoding,argola,pistola,ágora,fear,5343.3,18,female,keypress
martineztomas2026_discrete_emotionality_exp2,exp2_20,exp2_t15,15,word_decoding,fierdo,hedor,miedo,disgust,3904.6,18,female,keypress
martineztomas2026_discrete_emotionality_exp2,exp2_20,exp2_t16,16,word_decoding,eniecido,enemigo,encendido,anger,19906.1,18,female,keypress
martineztomas2026_discrete_emotionality_exp2,exp2_20,exp2_t17,17,word_decoding,bendigolo,mendigo,mendigo,sadness,4612.3,18,female,keypress
martineztomas2026_discrete_emotionality_exp2,exp2_20,exp2_t18,18,word_decoding,enjauladero,prisión,enjaulado,fear,6102.8,18,female,keypress
martineztomas2026_discrete_emotionality_exp2,exp2_20,exp2_t19,19,word_decoding,distantación,lejanía,distanciamiento,sadness,11987.1,18,female,keypress
martineztomas2026_discrete_emotionality_exp2,exp2_20,exp2_t20,20,word_decoding,puntiaguja,espada,puntiaguda,fear,9133,18,female,keypress
martineztomas2026_discrete_emotionality_exp2,exp2_20,exp2_t21,21,word_decoding,residuera,basura,residual,disgust,109687.5,18,female,keypress
martineztomas2026_discrete_emotionality_exp2,exp2_21,exp2_t0,0,word_decoding,puntiaguja,espada,puntiaguda,fear,6132,18,female,keypress
martineztomas2026_discrete_emotionality_exp2,exp2_21,exp2_t1,1,word_decoding,flastación,visión,plasta,happiness,20066,18,female,keypress
martineztomas2026_discrete_emotionality_exp2,exp2_21,exp2_t2,2,word_decoding,palabrostio,insulto,palabrota,anger,6565,18,female,keypress
martineztomas2026_discrete_emotionality_exp2,exp2_21,exp2_t3,3,word_decoding,clespiente,veneno,serpiente,fear,5199,18,female,keypress
martineztomas2026_discrete_emotionality_exp2,exp2_21,exp2_t4,4,word_decoding,valacer,cadáver,nacer,sadness,12049,18,female,keypress
martineztomas2026_discrete_emotionality_exp2,exp2_21,exp2_t5,5,word_decoding,queranza,añoranza,esperanza,sadness,5582,18,female,keypress
martineztomas2026_discrete_emotionality_exp2,exp2_21,exp2_t6,6,word_decoding,dinería,lotería,dinero,happiness,13517,18,female,keypress
martineztomas2026_discrete_emotionality_exp2,exp2_21,exp2_t7,7,word_decoding,descín,ruina,delfin,sadness,6267,18,female,keypress
martineztomas2026_discrete_emotionality_exp2,exp2_21,exp2_t8,8,word_decoding,frórico,eufórico,rico,happiness,14765,18,female,keypress
martineztomas2026_discrete_emotionality_exp2,exp2_21,exp2_t9,9,word_decoding,argola,pistola,gárgola,fear,7004,18,female,keypress
martineztomas2026_discrete_emotionality_exp2,exp2_21,exp2_t10,10,word_decoding,fiminos,piojos,femenino,disgust,8849,18,female,keypress
martineztomas2026_discrete_emotionality_exp2,exp2_21,exp2_t11,11,word_decoding,distantación,lejanía,distracción,sadness,8165,18,female,keypress
martineztomas2026_discrete_emotionality_exp2,exp2_21,exp2_t12,12,word_decoding,residuera,basura,residuo,disgust,7183,18,female,keypress
martineztomas2026_discrete_emotionality_exp2,exp2_21,exp2_t13,13,word_decoding,landado,enfadado,andado,anger,5432,18,female,keypress
martineztomas2026_discrete_emotionality_exp2,exp2_21,exp2_t14,14,word_decoding,fumaika,tabaco,fumar,disgust,4600,18,female,keypress
martineztomas2026_discrete_emotionality_exp2,exp2_21,exp2_t15,15,word_decoding,plareja,novio,pareja,happiness,5099,18,female,keypress
martineztomas2026_discrete_emotionality_exp2,exp2_21,exp2_t16,16,word_decoding,eniecido,enemigo,enriquecido,anger,13216,18,female,keypress
martineztomas2026_discrete_emotionality_exp2,exp2_21,exp2_t17,17,word_decoding,fierdo,hedor,pierdo,disgust,5032,18,female,keypress
martineztomas2026_discrete_emotionality_exp2,exp2_21,exp2_t18,18,word_decoding,desabete,censura,diabetes,disgust,13667,18,female,keypress
martineztomas2026_discrete_emotionality_exp2,exp2_21,exp2_t19,19,word_decoding,bailetín,carnaval,maletin,happiness,5287,18,female,keypress
martineztomas2026_discrete_emotionality_exp2,exp2_21,exp2_t20,20,word_decoding,enjauladero,prisión,jaula,fear,4900,18,female,keypress
martineztomas2026_discrete_emotionality_exp2,exp2_21,exp2_t21,21,word_decoding,chismolo,rumor,chismoso,anger,5949,18,female,keypress
martineztomas2026_discrete_emotionality_exp2,exp2_21,exp2_t22,22,word_decoding,bendigolo,mendigo,mendigo,sadness,7282,18,female,keypress
martineztomas2026_discrete_emotionality_exp2,exp2_21,exp2_t23,23,word_decoding,furieta,rabia,furia,anger,7083,18,female,keypress
martineztomas2026_discrete_emotionality_exp2,exp2_21,exp2_t24,24,word_decoding,dastro,intruso,rastro,fear,7533,18,female,keypress
martineztomas2026_discrete_emotionality_exp2,exp2_22,exp2_t0,0,word_decoding,dinería,lotería,dinero,happiness,5947.5,20,female,keypress
martineztomas2026_discrete_emotionality_exp2,exp2_22,exp2_t1,1,word_decoding,puntiaguja,espada,puntiaguda,fear,5647.1,20,female,keypress
martineztomas2026_discrete_emotionality_exp2,exp2_22,exp2_t2,2,word_decoding,fierdo,hedor,ciervo,disgust,8563.1,20,female,keypress
martineztomas2026_discrete_emotionality_exp2,exp2_22,exp2_t3,3,word_decoding,argola,pistola,gárgola,fear,5880.3,20,female,keypress
martineztomas2026_discrete_emotionality_exp2,exp2_22,exp2_t4,4,word_decoding,frórico,eufórico,frigorífico,happiness,17341.9,20,female,keypress
martineztomas2026_discrete_emotionality_exp2,exp2_22,exp2_t5,5,word_decoding,flastación,visión,natación,happiness,9945.8,20,female,keypress
martineztomas2026_discrete_emotionality_exp2,exp2_22,exp2_t6,6,word_decoding,dastro,intruso,rastro,fear,4548.4,20,female,keypress
martineztomas2026_discrete_emotionality_exp2,exp2_22,exp2_t7,7,word_decoding,landado,enfadado,lanzado,anger,4615,20,female,keypress
martineztomas2026_discrete_emotionality_exp2,exp2_22,exp2_t8,8,word_decoding,bailetín,carnaval,maletín,happiness,6911.8,20,female,keypress
martineztomas2026_discrete_emotionality_exp2,exp2_22,exp2_t9,9,word_decoding,plareja,novio,pareja,happiness,4063.5,20,female,keypress
martineztomas2026_discrete_emotionality_exp2,exp2_22,exp2_t10,10,word_decoding,furieta,rabia,furia,anger,6396.5,20,female,keypress
martineztomas2026_discrete_emotionality_exp2,exp2_22,exp2_t11,11,word_decoding,clespiente,veneno,serpiente,fear,7363,20,female,keypress
martineztomas2026_discrete_emotionality_exp2,exp2_22,exp2_t12,12,word_decoding,residuera,basura,residencia,disgust,6614.2,20,female,keypress
martineztomas2026_discrete_emotionality_exp2,exp2_22,exp2_t13,13,word_decoding,eniecido,enemigo,nacido,anger,10594.7,20,female,keypress
martineztomas2026_discrete_emotionality_exp2,exp2_22,exp2_t14,14,word_decoding,valacer,cadáver,validar,sadness,6563.4,20,female,keypress
martineztomas2026_discrete_emotionality_exp2,exp2_22,exp2_t15,15,word_decoding,palabrostio,insulto,palabrota,anger,6963.9,20,female,keypress
martineztomas2026_discrete_emotionality_exp2,exp2_22,exp2_t16,16,word_decoding,enjauladero,prisión,jaula,fear,7080.3,20,female,keypress
martineztomas2026_discrete_emotionality_exp2,exp2_22,exp2_t17,17,word_decoding,descín,ruina,delfín,sadness,8645.5,20,female,keypress
martineztomas2026_discrete_emotionality_exp2,exp2_22,exp2_t18,18,word_decoding,bendigolo,mendigo,vendedor,sadness,7780.1,20,female,keypress
martineztomas2026_discrete_emotionality_exp2,exp2_22,exp2_t19,19,word_decoding,chismolo,rumor,chismoso,anger,7779.2,20,female,keypress
martineztomas2026_discrete_emotionality_exp2,exp2_22,exp2_t20,20,word_decoding,queranza,añoranza,querer,sadness,17375,20,female,keypress
martineztomas2026_discrete_emotionality_exp2,exp2_22,exp2_t21,21,word_decoding,desabete,censura,diabetes,disgust,16276.5,20,female,keypress
martineztomas2026_discrete_emotionality_exp2,exp2_22,exp2_t22,22,word_decoding,distantación,lejanía,distanciación,sadness,11011.8,20,female,keypress
martineztomas2026_discrete_emotionality_exp2,exp2_23,exp2_t0,0,word_decoding,descín,ruina,desdén,sadness,4063,18,female,keypress
martineztomas2026_discrete_emotionality_exp2,exp2_23,exp2_t1,1,word_decoding,enjauladero,prisión,jaula,fear,14345,18,female,keypress
martineztomas2026_discrete_emotionality_exp2,exp2_23,exp2_t2,2,word_decoding,dastro,intruso,diestro,fear,3597,18,female,keypress
martineztomas2026_discrete_emotionality_exp2,exp2_23,exp2_t3,3,word_decoding,distantación,lejanía,distanciamiento,sadness,4591,18,female,keypress
martineztomas2026_discrete_emotionality_exp2,exp2_23,exp2_t4,4,word_decoding,palabrostio,insulto,palabrero,anger,4080,18,female,keypress
martineztomas2026_discrete_emotionality_exp2,exp2_23,exp2_t5,5,word_decoding,bendigolo,mendigo,bendición,sadness,7496,18,female,keypress
martineztomas2026_discrete_emotionality_exp2,exp2_23,exp2_t6,6,word_decoding,plareja,novio,palabreja,happiness,13381,18,female,keypress
martineztomas2026_discrete_emotionality_exp2,exp2_23,exp2_t7,7,word_decoding,chismolo,rumor,chismoso,anger,4098,18,female,keypress
martineztomas2026_discrete_emotionality_exp2,exp2_23,exp2_t8,8,word_decoding,landado,enfadado,parado,anger,4431,18,female,keypress
martineztomas2026_discrete_emotionality_exp2,exp2_23,exp2_t9,9,word_decoding,desabete,censura,desaparecer,disgust,10213,18,female,keypress
martineztomas2026_discrete_emotionality_exp2,exp2_23,exp2_t10,10,word_decoding,eniecido,enemigo,asustado,anger,11964,18,female,keypress
martineztomas2026_discrete_emotionality_exp2,exp2_23,exp2_t11,11,word_decoding,fumaika,tabaco,fumadora,disgust,5730,18,female,keypress
martineztomas2026_discrete_emotionality_exp2,exp2_23,exp2_t12,12,word_decoding,queranza,añoranza,quehacer,sadness,4096,18,female,keypress
martineztomas2026_discrete_emotionality_exp2,exp2_23,exp2_t13,13,word_decoding,argola,pistola,agrícola,fear,4382,18,female,keypress
martineztomas2026_discrete_emotionality_exp2,exp2_23,exp2_t14,14,word_decoding,puntiaguja,espada,puntiaguda,fear,6380,18,female,keypress
martineztomas2026_discrete_emotionality_exp2,exp2_23,exp2_t15,15,word_decoding,fierdo,hedor,desastre,disgust,7311,18,female,keypress
martineztomas2026_discrete_emotionality_exp2,exp2_23,exp2_t16,16,word_decoding,residuera,basura,residencia,disgust,4200,18,female,keypress
martineztomas2026_discrete_emotionality_exp2,exp2_23,exp2_t17,17,word_decoding,furieta,rabia,rabieta,anger,6812,18,female,keypress
martineztomas2026_discrete_emotionality_exp2,exp2_23,exp2_t18,18,word_decoding,bailetín,carnaval,bailarín,happiness,8698,18,female,keypress
martineztomas2026_discrete_emotionality_exp2,exp2_23,exp2_t19,19,word_decoding,fiminos,piojos,acabamos,disgust,7678,18,female,keypress
martineztomas2026_discrete_emotionality_exp2,exp2_23,exp2_t20,20,word_decoding,dinería,lotería,dinero,happiness,6410,18,female,keypress
martineztomas2026_discrete_emotionality_exp2,exp2_23,exp2_t21,21,word_decoding,frórico,eufórico,frio,happiness,5046,18,female,keypress
martineztomas2026_discrete_emotionality_exp2,exp2_23,exp2_t22,22,word_decoding,flastación,visión,iluminación,happiness,8012,18,female,keypress
martineztomas2026_discrete_emotionality_exp2,exp2_24,exp2_t0,0,word_decoding,queranza,añoranza,querer,sadness,39702.5,34,female,keypress
martineztomas2026_discrete_emotionality_exp2,exp2_24,exp2_t1,1,word_decoding,enjauladero,prisión,jaula,fear,19935.3,34,female,keypress
martineztomas2026_discrete_emotionality_exp2,exp2_24,exp2_t2,2,word_decoding,chismolo,rumor,cotilleo,anger,13801.9,34,female,keypress
martineztomas2026_discrete_emotionality_exp2,exp2_24,exp2_t3,3,word_decoding,fumaika,tabaco,chimenea,disgust,23368.9,34,female,keypress
martineztomas2026_discrete_emotionality_exp2,exp2_24,exp2_t4,4,word_decoding,distantación,lejanía,distancia,sadness,15367.7,34,female,keypress
martineztomas2026_discrete_emotionality_exp2,exp2_24,exp2_t5,5,word_decoding,bailetín,carnaval,bailarín,happiness,21200.5,34,female,keypress
martineztomas2026_discrete_emotionality_exp2,exp2_24,exp2_t6,6,word_decoding,palabrostio,insulto,palabrota,anger,30802.7,34,female,keypress
martineztomas2026_discrete_emotionality_exp2,exp2_24,exp2_t7,7,word_decoding,bendigolo,mendigo,mendigo,sadness,16001.1,34,female,keypress
martineztomas2026_discrete_emotionality_exp2,exp2_24,exp2_t8,8,word_decoding,fierdo,hedor,pierdo,disgust,28735.8,34,female,keypress
martineztomas2026_discrete_emotionality_exp2,exp2_24,exp2_t9,9,word_decoding,fiminos,piojos,caninos,disgust,13600,34,female,keypress
martineztomas2026_discrete_emotionality_exp2,exp2_24,exp2_t10,10,word_decoding,puntiaguja,espada,pinchazo,fear,10367.7,34,female,keypress
martineztomas2026_discrete_emotionality_exp2,exp2_24,exp2_t11,11,word_decoding,landado,enfadado,tirado,anger,11400.4,34,female,keypress
martineztomas2026_discrete_emotionality_exp2,exp2_24,exp2_t12,12,word_decoding,furieta,rabia,rabieta,anger,13167.4,34,female,keypress
martineztomas2026_discrete_emotionality_exp2,exp2_24,exp2_t13,13,word_decoding,residuera,basura,basura,disgust,10800.7,34,female,keypress
martineztomas2026_discrete_emotionality_exp2,exp2_24,exp2_t14,14,word_decoding,frórico,eufórico,folclórico,happiness,11402.2,34,female,keypress
martineztomas2026_discrete_emotionality_exp2,exp2_24,exp2_t15,15,word_decoding,flastación,visión,rápido,happiness,53736.6,34,female,keypress
martineztomas2026_discrete_emotionality_exp2,exp2_24,exp2_t16,16,word_decoding,desabete,censura,caballete,disgust,39536.2,34,female,keypress
martineztomas2026_discrete_emotionality_exp2,exp2_24,exp2_t17,17,word_decoding,dinería,lotería,jardinería,happiness,21035.7,34,female,keypress
martineztomas2026_discrete_emotionality_exp2,exp2_24,exp2_t18,18,word_decoding,argola,pistola,gargola,fear,7833.9,34,female,keypress
martineztomas2026_discrete_emotionality_exp2,exp2_24,exp2_t19,19,word_decoding,descín,ruina,decir,sadness,13301.9,34,female,keypress
martineztomas2026_discrete_emotionality_exp2,exp2_24,exp2_t20,20,word_decoding,valacer,cadáver,hacer,sadness,8667.4,34,female,keypress
martineztomas2026_discrete_emotionality_exp2,exp2_24,exp2_t21,21,word_decoding,eniecido,enemigo,amanecido,anger,12500.5,34,female,keypress
martineztomas2026_discrete_emotionality_exp2,exp2_24,exp2_t22,22,word_decoding,plareja,novio,pareja,happiness,11899.3,34,female,keypress
martineztomas2026_discrete_emotionality_exp2,exp2_24,exp2_t23,23,word_decoding,clespiente,veneno,serpiente,fear,17701.4,34,female,keypress
martineztomas2026_discrete_emotionality_exp2,exp2_24,exp2_t24,24,word_decoding,dastro,intruso,diestro,fear,5067.4,34,female,keypress
martineztomas2026_discrete_emotionality_exp2,exp2_25,exp2_t0,0,word_decoding,queranza,añoranza,esperanza,sadness,3217,20,male,keypress
martineztomas2026_discrete_emotionality_exp2,exp2_25,exp2_t1,1,word_decoding,argola,pistola,gargola,fear,3483.1,20,male,keypress
martineztomas2026_discrete_emotionality_exp2,exp2_25,exp2_t2,2,word_decoding,fierdo,hedor,cerdo,disgust,5116.9,20,male,keypress
martineztomas2026_discrete_emotionality_exp2,exp2_25,exp2_t3,3,word_decoding,chismolo,rumor,chismoso,anger,3983.2,20,male,keypress
martineztomas2026_discrete_emotionality_exp2,exp2_25,exp2_t4,4,word_decoding,landado,enfadado,candado,anger,5417.2,20,male,keypress
martineztomas2026_discrete_emotionality_exp2,exp2_25,exp2_t5,5,word_decoding,desabete,censura,diabetes,disgust,4300.1,20,male,keypress
martineztomas2026_discrete_emotionality_exp2,exp2_25,exp2_t6,6,word_decoding,frórico,eufórico,folclorico,happiness,6233.1,20,male,keypress
martineztomas2026_discrete_emotionality_exp2,exp2_25,exp2_t7,7,word_decoding,residuera,basura,residual,disgust,5800.2,20,male,keypress
martineztomas2026_discrete_emotionality_exp2,exp2_25,exp2_t8,8,word_decoding,bailetín,carnaval,baile,happiness,3216.9,20,male,keypress
martineztomas2026_discrete_emotionality_exp2,exp2_25,exp2_t9,9,word_decoding,bendigolo,mendigo,mendigo,sadness,7000.1,20,male,keypress
martineztomas2026_discrete_emotionality_exp2,exp2_25,exp2_t10,10,word_decoding,fiminos,piojos,fino,disgust,8784,20,male,keypress
martineztomas2026_discrete_emotionality_exp2,exp2_25,exp2_t11,11,word_decoding,valacer,cadáver,valer,sadness,2982.8,20,male,keypress
martineztomas2026_discrete_emotionality_exp2,exp2_25,exp2_t12,12,word_decoding,clespiente,veneno,serpiente,fear,4483.7,20,male,keypress
martineztomas2026_discrete_emotionality_exp2,exp2_25,exp2_t13,13,word_decoding,dastro,intruso,sastre,fear,6184.1,20,male,keypress
martineztomas2026_discrete_emotionality_exp2,exp2_25,exp2_t14,14,word_decoding,eniecido,enemigo,incendio,anger,6750.4,20,male,keypress
martineztomas2026_discrete_emotionality_exp2,exp2_25,exp2_t15,15,word_decoding,descín,ruina,delfin,sadness,11417,20,male,keypress
martineztomas2026_discrete_emotionality_exp2,exp2_25,exp2_t16,16,word_decoding,palabrostio,insulto,palabrota,anger,4850.1,20,male,keypress
martineztomas2026_discrete_emotionality_exp2,exp2_25,exp2_t17,17,word_decoding,distantación,lejanía,distancia,sadness,9617,20,male,keypress
martineztomas2026_discrete_emotionality_exp2,exp2_25,exp2_t18,18,word_decoding,furieta,rabia,furia,anger,2550.4,20,male,keypress
martineztomas2026_discrete_emotionality_exp2,exp2_25,exp2_t19,19,word_decoding,fumaika,tabaco,fumar,disgust,6050.1,20,male,keypress
martineztomas2026_discrete_emotionality_exp2,exp2_25,exp2_t20,20,word_decoding,plareja,novio,pareja,happiness,2983.6,20,male,keypress
martineztomas2026_discrete_emotionality_exp2,exp2_25,exp2_t21,21,word_decoding,puntiaguja,espada,puntiaguda,fear,4532.6,20,male,keypress
martineztomas2026_discrete_emotionality_exp2,exp2_25,exp2_t22,22,word_decoding,enjauladero,prisión,enjaulado,fear,3934,20,male,keypress
martineztomas2026_discrete_emotionality_exp2,exp2_25,exp2_t23,23,word_decoding,dinería,lotería,dinero,happiness,3000.6,20,male,keypress
martineztomas2026_discrete_emotionality_exp2,exp2_26,exp2_t0,0,word_decoding,dastro,intruso,rastro,fear,8548,20,female,keypress
martineztomas2026_discrete_emotionality_exp2,exp2_26,exp2_t1,1,word_decoding,dinería,lotería,banco,happiness,5265,20,female,keypress
martineztomas2026_discrete_emotionality_exp2,exp2_26,exp2_t2,2,word_decoding,distantación,lejanía,distancia,sadness,5479,20,female,keypress
martineztomas2026_discrete_emotionality_exp2,exp2_26,exp2_t3,3,word_decoding,residuera,basura,basura,disgust,17681,20,female,keypress
martineztomas2026_discrete_emotionality_exp2,exp2_26,exp2_t4,4,word_decoding,chismolo,rumor,rumor,anger,11126,20,female,keypress
martineztomas2026_discrete_emotionality_exp2,exp2_26,exp2_t5,5,word_decoding,fiminos,piojos,femeninos,disgust,6061,20,female,keypress
martineztomas2026_discrete_emotionality_exp2,exp2_26,exp2_t6,6,word_decoding,landado,enfadado,candado,anger,5946,20,female,keypress
martineztomas2026_discrete_emotionality_exp2,exp2_26,exp2_t7,7,word_decoding,argola,pistola,alegria,fear,5014,20,female,keypress
martineztomas2026_discrete_emotionality_exp2,exp2_26,exp2_t8,8,word_decoding,furieta,rabia,furiosa,anger,3581,20,female,keypress
martineztomas2026_discrete_emotionality_exp2,exp2_26,exp2_t9,9,word_decoding,puntiaguja,espada,filoso,fear,8932,20,female,keypress
martineztomas2026_discrete_emotionality_exp2,exp2_26,exp2_t10,10,word_decoding,bailetín,carnaval,baile,happiness,6815,20,female,keypress
martineztomas2026_discrete_emotionality_exp2,exp2_26,exp2_t11,11,word_decoding,plareja,novio,pareja,happiness,5656,20,female,keypress
martineztomas2026_discrete_emotionality_exp2,exp2_26,exp2_t12,12,word_decoding,frórico,eufórico,terror,happiness,9416,20,female,keypress
martineztomas2026_discrete_emotionality_exp2,exp2_26,exp2_t13,13,word_decoding,descín,ruina,desde,sadness,6632,20,female,keypress
martineztomas2026_discrete_emotionality_exp2,exp2_26,exp2_t14,14,word_decoding,eniecido,enemigo,envejecer,anger,7414,20,female,keypress
martineztomas2026_discrete_emotionality_exp2,exp2_26,exp2_t15,15,word_decoding,bendigolo,mendigo,mendigo,sadness,6931,20,female,keypress
martineztomas2026_discrete_emotionality_exp2,exp2_26,exp2_t16,16,word_decoding,fierdo,hedor,cerdo,disgust,13881,20,female,keypress
martineztomas2026_discrete_emotionality_exp2,exp2_26,exp2_t17,17,word_decoding,queranza,añoranza,esperanza,sadness,5083,20,female,keypress
martineztomas2026_discrete_emotionality_exp2,exp2_26,exp2_t18,18,word_decoding,flastación,visión,hablar,happiness,20878,20,female,keypress
martineztomas2026_discrete_emotionality_exp2,exp2_26,exp2_t19,19,word_decoding,enjauladero,prisión,carcel,fear,10997,20,female,keypress
martineztomas2026_discrete_emotionality_exp2,exp2_26,exp2_t20,20,word_decoding,valacer,cadáver,balance,sadness,7931,20,female,keypress
martineztomas2026_discrete_emotionality_exp2,exp2_26,exp2_t21,21,word_decoding,palabrostio,insulto,grosería,anger,7864,20,female,keypress
martineztomas2026_discrete_emotionality_exp2,exp2_27,exp2_t0,0,word_decoding,valacer,cadáver,balance,sadness,20273.3,19,female,keypress
martineztomas2026_discrete_emotionality_exp2,exp2_27,exp2_t1,1,word_decoding,desabete,censura,debate,disgust,5685.1,19,female,keypress
martineztomas2026_discrete_emotionality_exp2,exp2_27,exp2_t2,2,word_decoding,distantación,lejanía,distancia,sadness,11008.3,19,female,keypress
martineztomas2026_discrete_emotionality_exp2,exp2_27,exp2_t3,3,word_decoding,furieta,rabia,furia,anger,6003.6,19,female,keypress
martineztomas2026_discrete_emotionality_exp2,exp2_27,exp2_t4,4,word_decoding,bailetín,carnaval,baile,happiness,5827,19,female,keypress
martineztomas2026_discrete_emotionality_exp2,exp2_27,exp2_t5,5,word_decoding,puntiaguja,espada,puntiaguda,fear,9600.9,19,female,keypress
martineztomas2026_discrete_emotionality_exp2,exp2_27,exp2_t6,6,word_decoding,argola,pistola,gárgola,fear,16185.2,19,female,keypress
martineztomas2026_discrete_emotionality_exp2,exp2_27,exp2_t7,7,word_decoding,enjauladero,prisión,jaula,fear,6048.9,19,female,keypress
martineztomas2026_discrete_emotionality_exp2,exp2_27,exp2_t8,8,word_decoding,descín,ruina,festin,sadness,11034.6,19,female,keypress
martineztomas2026_discrete_emotionality_exp2,exp2_27,exp2_t9,9,word_decoding,palabrostio,insulto,palabra,anger,4753.3,19,female,keypress
martineztomas2026_discrete_emotionality_exp2,exp2_27,exp2_t10,10,word_decoding,landado,enfadado,lana,anger,13050.1,19,female,keypress
martineztomas2026_discrete_emotionality_exp2,exp2_27,exp2_t11,11,word_decoding,chismolo,rumor,chismoso,anger,8165.4,19,female,keypress
martineztomas2026_discrete_emotionality_exp2,exp2_27,exp2_t12,12,word_decoding,plareja,novio,pareja,happiness,7136.3,19,female,keypress
martineztomas2026_discrete_emotionality_exp2,exp2_27,exp2_t13,13,word_decoding,fumaika,tabaco,fumar,disgust,5432.9,19,female,keypress
martineztomas2026_discrete_emotionality_exp2,exp2_27,exp2_t14,14,word_decoding,flastación,visión,fiesta,happiness,29032,19,female,keypress
martineztomas2026_discrete_emotionality_exp2,exp2_27,exp2_t15,15,word_decoding,queranza,añoranza,querer,sadness,6532,19,female,keypress
martineztomas2026_discrete_emotionality_exp2,exp2_27,exp2_t16,16,word_decoding,eniecido,enemigo,encendido,anger,27145,19,female,keypress
martineztomas2026_discrete_emotionality_exp2,exp2_27,exp2_t17,17,word_decoding,clespiente,veneno,serpiente,fear,6299,19,female,keypress
martineztomas2026_discrete_emotionality_exp2,exp2_27,exp2_t18,18,word_decoding,bendigolo,mendigo,dialogo,sadness,33658.4,19,female,keypress
martineztomas2026_discrete_emotionality_exp2,exp2_27,exp2_t19,19,word_decoding,frórico,eufórico,rico,happiness,12143.6,19,female,keypress
martineztomas2026_discrete_emotionality_exp2,exp2_27,exp2_t20,20,word_decoding,fiminos,piojos,finos,disgust,11217.4,19,female,keypress
martineztomas2026_discrete_emotionality_exp2,exp2_27,exp2_t21,21,word_decoding,fierdo,hedor,cerdo,disgust,9950.1,19,female,keypress
martineztomas2026_discrete_emotionality_exp2,exp2_27,exp2_t22,22,word_decoding,dastro,intruso,astro,fear,14303.6,19,female,keypress
martineztomas2026_discrete_emotionality_exp2,exp2_27,exp2_t23,23,word_decoding,residuera,basura,residencia,disgust,5751.6,19,female,keypress
martineztomas2026_discrete_emotionality_exp2,exp2_27,exp2_t24,24,word_decoding,dinería,lotería,dinero,happiness,5115.2,19,female,keypress
martineztomas2026_discrete_emotionality_exp2,exp2_28,exp2_t0,0,word_decoding,valacer,cadáver,calavera,sadness,354791.5,18,female,keypress
martineztomas2026_discrete_emotionality_exp2,exp2_28,exp2_t1,1,word_decoding,dinería,lotería,dinero,happiness,3449,18,female,keypress
martineztomas2026_discrete_emotionality_exp2,exp2_28,exp2_t2,2,word_decoding,queranza,añoranza,querer,sadness,16465.5,18,female,keypress
martineztomas2026_discrete_emotionality_exp2,exp2_28,exp2_t3,3,word_decoding,residuera,basura,residencia,disgust,5249.4,18,female,keypress
martineztomas2026_discrete_emotionality_exp2,exp2_28,exp2_t4,4,word_decoding,fumaika,tabaco,fumar,disgust,5668.8,18,female,keypress
martineztomas2026_discrete_emotionality_exp2,exp2_28,exp2_t5,5,word_decoding,plareja,novio,pareja,happiness,3433.1,18,female,keypress
martineztomas2026_discrete_emotionality_exp2,exp2_28,exp2_t6,6,word_decoding,furieta,rabia,furia,anger,91879.3,18,female,keypress
martineztomas2026_discrete_emotionality_exp2,exp2_28,exp2_t7,7,word_decoding,argola,pistola,gárgola,fear,6633.2,18,female,keypress
martineztomas2026_discrete_emotionality_exp2,exp2_28,exp2_t8,8,word_decoding,fiminos,piojos,fimosis,disgust,13130.6,18,female,keypress
martineztomas2026_discrete_emotionality_exp2,exp2_28,exp2_t9,9,word_decoding,fierdo,hedor,pierdo,disgust,4282.8,18,female,keypress
martineztomas2026_discrete_emotionality_exp2,exp2_28,exp2_t10,10,word_decoding,enjauladero,prisión,enjaulado,fear,4966.8,18,female,keypress
martineztomas2026_discrete_emotionality_exp2,exp2_28,exp2_t11,11,word_decoding,distantación,lejanía,distanciación,sadness,8032.5,18,female,keypress
martineztomas2026_discrete_emotionality_exp2,exp2_28,exp2_t12,12,word_decoding,palabrostio,insulto,palabrota,anger,5084.1,18,female,keypress
martineztomas2026_discrete_emotionality_exp2,exp2_28,exp2_t13,13,word_decoding,clespiente,veneno,serpiente,fear,6067,18,female,keypress
martineztomas2026_discrete_emotionality_exp2,exp2_28,exp2_t14,14,word_decoding,desabete,censura,debastado,disgust,13399.7,18,female,keypress
martineztomas2026_discrete_emotionality_exp2,exp2_28,exp2_t15,15,word_decoding,bailetín,carnaval,baile,happiness,4650.6,18,female,keypress
martineztomas2026_discrete_emotionality_exp2,exp2_28,exp2_t16,16,word_decoding,frórico,eufórico,trópico,happiness,6533.3,18,female,keypress
martineztomas2026_discrete_emotionality_exp2,exp2_28,exp2_t17,17,word_decoding,chismolo,rumor,chisme,anger,4334.6,18,female,keypress
martineztomas2026_discrete_emotionality_exp2,exp2_28,exp2_t18,18,word_decoding,eniecido,enemigo,incendio,anger,4949,18,female,keypress
martineztomas2026_discrete_emotionality_exp2,exp2_28,exp2_t19,19,word_decoding,flastación,visión,estación,happiness,12599.9,18,female,keypress
martineztomas2026_discrete_emotionality_exp2,exp2_28,exp2_t20,20,word_decoding,puntiaguja,espada,puntiaguda,fear,5250.3,18,female,keypress
martineztomas2026_discrete_emotionality_exp2,exp2_28,exp2_t21,21,word_decoding,dastro,intruso,rastro,fear,5116.5,18,female,keypress
martineztomas2026_discrete_emotionality_exp2,exp2_28,exp2_t22,22,word_decoding,bendigolo,mendigo,bendito,sadness,9133.1,18,female,keypress
martineztomas2026_discrete_emotionality_exp2,exp2_29,exp2_t0,0,word_decoding,chismolo,rumor,chismoso,anger,14018.2,18,female,keypress
martineztomas2026_discrete_emotionality_exp2,exp2_29,exp2_t1,1,word_decoding,landado,enfadado,lanzado,anger,3949.7,18,female,keypress
martineztomas2026_discrete_emotionality_exp2,exp2_29,exp2_t2,2,word_decoding,plareja,novio,pareja,happiness,6032.6,18,female,keypress
martineztomas2026_discrete_emotionality_exp2,exp2_29,exp2_t3,3,word_decoding,fumaika,tabaco,fumar,disgust,4916.1,18,female,keypress
martineztomas2026_discrete_emotionality_exp2,exp2_29,exp2_t4,4,word_decoding,palabrostio,insulto,palabrota,anger,5617.9,18,female,keypress
martineztomas2026_discrete_emotionality_exp2,exp2_29,exp2_t5,5,word_decoding,desabete,censura,desacuerdo,disgust,30900,18,female,keypress
martineztomas2026_discrete_emotionality_exp2,exp2_29,exp2_t6,6,word_decoding,argola,pistola,argüelles,fear,28649.3,18,female,keypress
martineztomas2026_discrete_emotionality_exp2,exp2_29,exp2_t7,7,word_decoding,flastación,visión,aplastante,happiness,8817,18,female,keypress
martineztomas2026_discrete_emotionality_exp2,exp2_29,exp2_t8,8,word_decoding,furieta,rabia,furioso,anger,7150.1,18,female,keypress
martineztomas2026_discrete_emotionality_exp2,exp2_29,exp2_t9,9,word_decoding,fierdo,hedor,fiero,disgust,3550.3,18,female,keypress
martineztomas2026_discrete_emotionality_exp2,exp2_29,exp2_t10,10,word_decoding,puntiaguja,espada,puntiagudo,fear,5599.6,18,female,keypress
martineztomas2026_discrete_emotionality_exp2,exp2_29,exp2_t11,11,word_decoding,queranza,añoranza,querer,sadness,3948.8,18,female,keypress
martineztomas2026_discrete_emotionality_exp2,exp2_29,exp2_t12,12,word_decoding,valacer,cadáver,placer,sadness,4316,18,female,keypress
martineztomas2026_discrete_emotionality_exp2,exp2_29,exp2_t13,13,word_decoding,enjauladero,prisión,enjaulado,fear,5238.9,18,female,keypress
martineztomas2026_discrete_emotionality_exp2,exp2_29,exp2_t14,14,word_decoding,eniecido,enemigo,enunciado,anger,10117.2,18,female,keypress
martineztomas2026_discrete_emotionality_exp2,exp2_29,exp2_t15,15,word_decoding,distantación,lejanía,distancia,sadness,7816.5,18,female,keypress
martineztomas2026_discrete_emotionality_exp2,exp2_29,exp2_t16,16,word_decoding,residuera,basura,residuo,disgust,12562.9,18,female,keypress
martineztomas2026_discrete_emotionality_exp2,exp2_29,exp2_t17,17,word_decoding,bailetín,carnaval,bailarina,happiness,33698.9,18,female,keypress
martineztomas2026_discrete_emotionality_exp2,exp2_29,exp2_t18,18,word_decoding,frórico,eufórico,frigorífico,happiness,10772.6,18,female,keypress
martineztomas2026_discrete_emotionality_exp2,exp2_29,exp2_t19,19,word_decoding,descín,ruina,desciende,sadness,4633,18,female,keypress
martineztomas2026_discrete_emotionality_exp2,exp2_29,exp2_t20,20,word_decoding,dinería,lotería,dinero,happiness,8600.6,18,female,keypress
martineztomas2026_discrete_emotionality_exp2,exp2_29,exp2_t21,21,word_decoding,clespiente,veneno,serpiente,fear,5332.9,18,female,keypress
martineztomas2026_discrete_emotionality_exp2,exp2_29,exp2_t22,22,word_decoding,fiminos,piojos,filipinos,disgust,8065.3,18,female,keypress
martineztomas2026_discrete_emotionality_exp2,exp2_29,exp2_t23,23,word_decoding,dastro,intruso,rastro,fear,7816.1,18,female,keypress
martineztomas2026_discrete_emotionality_exp2,exp2_30,exp2_t0,0,word_decoding,argola,pistola,argolla,fear,37324.1,18,female,keypress
martineztomas2026_discrete_emotionality_exp2,exp2_30,exp2_t1,1,word_decoding,fumaika,tabaco,fumigar,disgust,23416.9,18,female,keypress
martineztomas2026_discrete_emotionality_exp2,exp2_30,exp2_t2,2,word_decoding,queranza,añoranza,esperanza,sadness,19599.3,18,female,keypress
martineztomas2026_discrete_emotionality_exp2,exp2_30,exp2_t3,3,word_decoding,dinería,lotería,banco,happiness,10556.3,18,female,keypress
martineztomas2026_discrete_emotionality_exp2,exp2_30,exp2_t4,4,word_decoding,palabrostio,insulto,palabrota,anger,8022.1,18,female,keypress
martineztomas2026_discrete_emotionality_exp2,exp2_30,exp2_t5,5,word_decoding,enjauladero,prisión,jaula,fear,7706.7,18,female,keypress
martineztomas2026_discrete_emotionality_exp2,exp2_30,exp2_t6,6,word_decoding,bailetín,carnaval,bailarín,happiness,16706.3,18,female,keypress
martineztomas2026_discrete_emotionality_exp2,exp2_30,exp2_t7,7,word_decoding,valacer,cadáver,nacer,sadness,16307.3,18,female,keypress
martineztomas2026_discrete_emotionality_exp2,exp2_30,exp2_t8,8,word_decoding,distantación,lejanía,distanciamiento,sadness,11379.3,18,female,keypress
martineztomas2026_discrete_emotionality_exp2,exp2_30,exp2_t9,9,word_decoding,plareja,novio,pareja,happiness,5233.9,18,female,keypress
martineztomas2026_discrete_emotionality_exp2,exp2_30,exp2_t10,10,word_decoding,bendigolo,mendigo,mendigo,sadness,28321.2,18,female,keypress
martineztomas2026_discrete_emotionality_exp2,exp2_30,exp2_t11,11,word_decoding,desabete,censura,desastre,disgust,7688.7,18,female,keypress
martineztomas2026_discrete_emotionality_exp2,exp2_30,exp2_t12,12,word_decoding,frórico,eufórico,lógico,happiness,15084.7,18,female,keypress
martineztomas2026_discrete_emotionality_exp2,exp2_30,exp2_t13,13,word_decoding,chismolo,rumor,chismear,anger,10383.9,18,female,keypress
martineztomas2026_discrete_emotionality_exp2,exp2_30,exp2_t14,14,word_decoding,puntiaguja,espada,puntiagudo,fear,8876.2,18,female,keypress
martineztomas2026_discrete_emotionality_exp2,exp2_30,exp2_t15,15,word_decoding,eniecido,enemigo,bendecido,anger,50356.8,18,female,keypress
martineztomas2026_discrete_emotionality_exp2,exp2_30,exp2_t16,16,word_decoding,dastro,intruso,rastro,fear,4989.7,18,female,keypress
martineztomas2026_discrete_emotionality_exp2,exp2_30,exp2_t17,17,word_decoding,descín,ruina,diseño,sadness,34799.6,18,female,keypress
martineztomas2026_discrete_emotionality_exp2,exp2_30,exp2_t18,18,word_decoding,fierdo,hedor,fiordo,disgust,44608.7,18,female,keypress
martineztomas2026_discrete_emotionality_exp2,exp2_30,exp2_t19,19,word_decoding,fiminos,piojos,feminas,disgust,11507.4,18,female,keypress
martineztomas2026_discrete_emotionality_exp2,exp2_30,exp2_t20,20,word_decoding,residuera,basura,basura,disgust,5177.7,18,female,keypress
martineztomas2026_discrete_emotionality_exp2,exp2_30,exp2_t21,21,word_decoding,clespiente,veneno,serpiente,fear,6606,18,female,keypress
martineztomas2026_discrete_emotionality_exp2,exp2_30,exp2_t22,22,word_decoding,landado,enfadado,tumbado,anger,10289.8,18,female,keypress
martineztomas2026_discrete_emotionality_exp2,exp2_30,exp2_t23,23,word_decoding,furieta,rabia,furia,anger,38932.9,18,female,keypress
martineztomas2026_discrete_emotionality_exp2,exp2_31,exp2_t0,0,word_decoding,fiminos,piojos,pingüino,disgust,32365,18,female,keypress
martineztomas2026_discrete_emotionality_exp2,exp2_31,exp2_t1,1,word_decoding,chismolo,rumor,chisme,anger,2799,18,female,keypress
martineztomas2026_discrete_emotionality_exp2,exp2_31,exp2_t2,2,word_decoding,flastación,visión,flash,happiness,12699,18,female,keypress
martineztomas2026_discrete_emotionality_exp2,exp2_31,exp2_t3,3,word_decoding,enjauladero,prisión,jaula,fear,7131,18,female,keypress
martineztomas2026_discrete_emotionality_exp2,exp2_31,exp2_t4,4,word_decoding,palabrostio,insulto,palabrota,anger,4532,18,female,keypress
martineztomas2026_discrete_emotionality_exp2,exp2_31,exp2_t5,5,word_decoding,eniecido,enemigo,envejecido,anger,6598,18,female,keypress
martineztomas2026_discrete_emotionality_exp2,exp2_31,exp2_t6,6,word_decoding,desabete,censura,diabetes,disgust,5732,18,female,keypress
martineztomas2026_discrete_emotionality_exp2,exp2_31,exp2_t7,7,word_decoding,residuera,basura,residuos,disgust,4665,18,female,keypress
martineztomas2026_discrete_emotionality_exp2,exp2_31,exp2_t8,8,word_decoding,clespiente,veneno,serpiente,fear,7232,18,female,keypress
martineztomas2026_discrete_emotionality_exp2,exp2_31,exp2_t9,9,word_decoding,queranza,añoranza,esperanza,sadness,5333,18,female,keypress
martineztomas2026_discrete_emotionality_exp2,exp2_31,exp2_t10,10,word_decoding,distantación,lejanía,distinción,sadness,7333,18,female,keypress
martineztomas2026_discrete_emotionality_exp2,exp2_31,exp2_t11,11,word_decoding,valacer,cadáver,valer,sadness,5633,18,female,keypress
martineztomas2026_discrete_emotionality_exp2,exp2_31,exp2_t12,12,word_decoding,fumaika,tabaco,fumar,disgust,3065,18,female,keypress
martineztomas2026_discrete_emotionality_exp2,exp2_31,exp2_t13,13,word_decoding,bailetín,carnaval,bailarín,happiness,5898,18,female,keypress
martineztomas2026_discrete_emotionality_exp2,exp2_31,exp2_t14,14,word_decoding,puntiaguja,espada,puntiagudo,fear,7132,18,female,keypress
martineztomas2026_discrete_emotionality_exp2,exp2_31,exp2_t15,15,word_decoding,dastro,intruso,rastro,fear,5797,18,female,keypress
martineztomas2026_discrete_emotionality_exp2,exp2_31,exp2_t16,16,word_decoding,landado,enfadado,ladera,anger,15267,18,female,keypress
martineztomas2026_discrete_emotionality_exp2,exp2_31,exp2_t17,17,word_decoding,argola,pistola,góndola,fear,7197,18,female,keypress
martineztomas2026_discrete_emotionality_exp2,exp2_31,exp2_t18,18,word_decoding,plareja,novio,pareja,happiness,3097,18,female,keypress
martineztomas2026_discrete_emotionality_exp2,exp2_31,exp2_t19,19,word_decoding,descín,ruina,delfín,sadness,3932,18,female,keypress
martineztomas2026_discrete_emotionality_exp2,exp2_31,exp2_t20,20,word_decoding,frórico,eufórico,folclórico,happiness,21067,18,female,keypress
martineztomas2026_discrete_emotionality_exp2,exp2_31,exp2_t21,21,word_decoding,furieta,rabia,furia,anger,3132,18,female,keypress
martineztomas2026_discrete_emotionality_exp2,exp2_32,exp2_t0,0,word_decoding,descín,ruina,delfín,sadness,5985.2,18,female,keypress
martineztomas2026_discrete_emotionality_exp2,exp2_32,exp2_t1,1,word_decoding,flastación,visión,plastificación,happiness,18591.6,18,female,keypress
martineztomas2026_discrete_emotionality_exp2,exp2_32,exp2_t2,2,word_decoding,dastro,intruso,astro,fear,7174.2,18,female,keypress
martineztomas2026_discrete_emotionality_exp2,exp2_32,exp2_t3,3,word_decoding,bendigolo,mendigo,bendecido,sadness,18746,18,female,keypress
martineztomas2026_discrete_emotionality_exp2,exp2_32,exp2_t4,4,word_decoding,valacer,cadáver,hacer,sadness,4015,18,female,keypress
martineztomas2026_discrete_emotionality_exp2,exp2_32,exp2_t5,5,word_decoding,palabrostio,insulto,palabrota,anger,6414.6,18,female,keypress
martineztomas2026_discrete_emotionality_exp2,exp2_32,exp2_t6,6,word_decoding,chismolo,rumor,chismoso,anger,4281,18,female,keypress
martineztomas2026_discrete_emotionality_exp2,exp2_32,exp2_t7,7,word_decoding,enjauladero,prisión,jaula,fear,9227.4,18,female,keypress
martineztomas2026_discrete_emotionality_exp2,exp2_32,exp2_t8,8,word_decoding,fierdo,hedor,cerdo,disgust,4254.6,18,female,keypress
martineztomas2026_discrete_emotionality_exp2,exp2_32,exp2_t9,9,word_decoding,desabete,censura,debate,disgust,5288.9,18,female,keypress
martineztomas2026_discrete_emotionality_exp2,exp2_32,exp2_t10,10,word_decoding,landado,enfadado,candado,anger,3830.2,18,female,keypress
martineztomas2026_discrete_emotionality_exp2,exp2_32,exp2_t11,11,word_decoding,eniecido,enemigo,enrojecido,anger,5929.1,18,female,keypress
martineztomas2026_discrete_emotionality_exp2,exp2_32,exp2_t12,12,word_decoding,queranza,añoranza,esperanza,sadness,8117.8,18,female,keypress
martineztomas2026_discrete_emotionality_exp2,exp2_32,exp2_t13,13,word_decoding,fiminos,piojos,caminos,disgust,8593.1,18,female,keypress
martineztomas2026_discrete_emotionality_exp2,exp2_32,exp2_t14,14,word_decoding,clespiente,veneno,serpiente,fear,11429.8,18,female,keypress
martineztomas2026_discrete_emotionality_exp2,exp2_32,exp2_t15,15,word_decoding,frórico,eufórico,frigorífico,happiness,6600.3,18,female,keypress
martineztomas2026_discrete_emotionality_exp2,exp2_32,exp2_t16,16,word_decoding,puntiaguja,espada,puntiaguda,fear,6273.5,18,female,keypress
martineztomas2026_discrete_emotionality_exp2,exp2_32,exp2_t17,17,word_decoding,fumaika,tabaco,hamaca,disgust,12184.8,18,female,keypress
martineztomas2026_discrete_emotionality_exp2,exp2_32,exp2_t18,18,word_decoding,dinería,lotería,dinero,happiness,6255.5,18,female,keypress
martineztomas2026_discrete_emotionality_exp2,exp2_32,exp2_t19,19,word_decoding,argola,pistola,argolla,fear,24661.3,18,female,keypress
martineztomas2026_discrete_emotionality_exp2,exp2_32,exp2_t20,20,word_decoding,distantación,lejanía,distanciación,sadness,10417,18,female,keypress
martineztomas2026_discrete_emotionality_exp2,exp2_32,exp2_t21,21,word_decoding,residuera,basura,residuo,disgust,5399,18,female,keypress
martineztomas2026_discrete_emotionality_exp2,exp2_32,exp2_t22,22,word_decoding,plareja,novio,pareja,happiness,4053.7,18,female,keypress
martineztomas2026_discrete_emotionality_exp2,exp2_32,exp2_t23,23,word_decoding,furieta,rabia,rabieta,anger,7920.8,18,female,keypress
martineztomas2026_discrete_emotionality_exp2,exp2_32,exp2_t24,24,word_decoding,bailetín,carnaval,bailarín,happiness,12163.6,18,female,keypress
martineztomas2026_discrete_emotionality_exp2,exp2_33,exp2_t0,0,word_decoding,clespiente,veneno,serpiente,fear,9734.4,20,female,keypress
martineztomas2026_discrete_emotionality_exp2,exp2_33,exp2_t1,1,word_decoding,residuera,basura,residencia,disgust,6954.8,20,female,keypress
martineztomas2026_discrete_emotionality_exp2,exp2_33,exp2_t2,2,word_decoding,palabrostio,insulto,palabra,anger,4484.7,20,female,keypress
martineztomas2026_discrete_emotionality_exp2,exp2_33,exp2_t3,3,word_decoding,fiminos,piojos,minimos,disgust,7084.2,20,female,keypress
martineztomas2026_discrete_emotionality_exp2,exp2_33,exp2_t4,4,word_decoding,landado,enfadado,candado,anger,10457.7,20,female,keypress
martineztomas2026_discrete_emotionality_exp2,exp2_33,exp2_t5,5,word_decoding,queranza,añoranza,esperanza,sadness,4835.8,20,female,keypress
martineztomas2026_discrete_emotionality_exp2,exp2_33,exp2_t6,6,word_decoding,dinería,lotería,dinero,happiness,5643,20,female,keypress
martineztomas2026_discrete_emotionality_exp2,exp2_33,exp2_t7,7,word_decoding,puntiaguja,espada,puntiaguda,fear,6467.7,20,female,keypress
martineztomas2026_discrete_emotionality_exp2,exp2_33,exp2_t8,8,word_decoding,plareja,novio,pareja,happiness,4692.2,20,female,keypress
martineztomas2026_discrete_emotionality_exp2,exp2_33,exp2_t9,9,word_decoding,enjauladero,prisión,enjaular,fear,9644.9,20,female,keypress
martineztomas2026_discrete_emotionality_exp2,exp2_33,exp2_t10,10,word_decoding,chismolo,rumor,chismoso,anger,4187.3,20,female,keypress
martineztomas2026_discrete_emotionality_exp2,exp2_33,exp2_t11,11,word_decoding,bailetín,carnaval,maletin,happiness,7979.9,20,female,keypress
martineztomas2026_discrete_emotionality_exp2,exp2_33,exp2_t12,12,word_decoding,fumaika,tabaco,fumar,disgust,7662.6,20,female,keypress
martineztomas2026_discrete_emotionality_exp2,exp2_33,exp2_t13,13,word_decoding,argola,pistola,gargola,fear,4068.6,20,female,keypress
martineztomas2026_discrete_emotionality_exp2,exp2_33,exp2_t14,14,word_decoding,bendigolo,mendigo,mendigo,sadness,7111.1,20,female,keypress
martineztomas2026_discrete_emotionality_exp2,exp2_33,exp2_t15,15,word_decoding,desabete,censura,desgaste,disgust,10112.5,20,female,keypress
martineztomas2026_discrete_emotionality_exp2,exp2_33,exp2_t16,16,word_decoding,furieta,rabia,furgoneta,anger,6829.1,20,female,keypress
martineztomas2026_discrete_emotionality_exp2,exp2_33,exp2_t17,17,word_decoding,fierdo,hedor,cuerdo,disgust,9720.2,20,female,keypress
martineztomas2026_discrete_emotionality_exp2,exp2_33,exp2_t18,18,word_decoding,descín,ruina,descuido,sadness,9184.1,20,female,keypress
martineztomas2026_discrete_emotionality_exp2,exp2_33,exp2_t19,19,word_decoding,dastro,intruso,castro,fear,7735,20,female,keypress
martineztomas2026_discrete_emotionality_exp2,exp2_33,exp2_t20,20,word_decoding,eniecido,enemigo,etnia,anger,8457.9,20,female,keypress
martineztomas2026_discrete_emotionality_exp2,exp2_34,exp2_t0,0,word_decoding,bendigolo,mendigo,bendecir,sadness,9372.3,18,female,keypress
martineztomas2026_discrete_emotionality_exp2,exp2_34,exp2_t1,1,word_decoding,clespiente,veneno,claro,fear,10400,18,female,keypress
martineztomas2026_discrete_emotionality_exp2,exp2_34,exp2_t2,2,word_decoding,furieta,rabia,rabieta,anger,6997.1,18,female,keypress
martineztomas2026_discrete_emotionality_exp2,exp2_34,exp2_t3,3,word_decoding,desabete,censura,detestable,disgust,8613.9,18,female,keypress
martineztomas2026_discrete_emotionality_exp2,exp2_34,exp2_t4,4,word_decoding,valacer,cadáver,vencer,sadness,6881.7,18,female,keypress
martineztomas2026_discrete_emotionality_exp2,exp2_34,exp2_t5,5,word_decoding,eniecido,enemigo,vencido,anger,10341.7,18,female,keypress
martineztomas2026_discrete_emotionality_exp2,exp2_34,exp2_t6,6,word_decoding,argola,pistola,argolla,fear,8193.1,18,female,keypress
martineztomas2026_discrete_emotionality_exp2,exp2_34,exp2_t7,7,word_decoding,fierdo,hedor,campo,disgust,7758.3,18,female,keypress
martineztomas2026_discrete_emotionality_exp2,exp2_34,exp2_t8,8,word_decoding,puntiaguja,espada,puntiaguda,fear,7903.9,18,female,keypress
martineztomas2026_discrete_emotionality_exp2,exp2_34,exp2_t9,9,word_decoding,residuera,basura,basurero,disgust,7053.8,18,female,keypress
martineztomas2026_discrete_emotionality_exp2,exp2_34,exp2_t10,10,word_decoding,dastro,intruso,dato,fear,7631.1,18,female,keypress
martineztomas2026_discrete_emotionality_exp2,exp2_34,exp2_t11,11,word_decoding,descín,ruina,decisión,sadness,10705,18,female,keypress
martineztomas2026_discrete_emotionality_exp2,exp2_34,exp2_t12,12,word_decoding,palabrostio,insulto,palabrota,anger,6466.2,18,female,keypress
martineztomas2026_discrete_emotionality_exp2,exp2_34,exp2_t13,13,word_decoding,dinería,lotería,riqueza,happiness,5862.1,18,female,keypress
martineztomas2026_discrete_emotionality_exp2,exp2_34,exp2_t14,14,word_decoding,fumaika,tabaco,fumador,disgust,80617.5,18,female,keypress
martineztomas2026_discrete_emotionality_exp2,exp2_34,exp2_t15,15,word_decoding,plareja,novio,pareja,happiness,4636.4,18,female,keypress
martineztomas2026_discrete_emotionality_exp2,exp2_34,exp2_t16,16,word_decoding,landado,enfadado,candado,anger,6116.7,18,female,keypress
martineztomas2026_discrete_emotionality_exp2,exp2_34,exp2_t17,17,word_decoding,fiminos,piojos,gatos,disgust,11254.8,18,female,keypress
martineztomas2026_discrete_emotionality_exp2,exp2_34,exp2_t18,18,word_decoding,queranza,añoranza,querer,sadness,4645.7,18,female,keypress
martineztomas2026_discrete_emotionality_exp2,exp2_34,exp2_t19,19,word_decoding,enjauladero,prisión,jaula,fear,7144.6,18,female,keypress
martineztomas2026_discrete_emotionality_exp2,exp2_34,exp2_t20,20,word_decoding,bailetín,carnaval,boletín,happiness,28356.3,18,female,keypress
martineztomas2026_discrete_emotionality_exp2,exp2_34,exp2_t21,21,word_decoding,distantación,lejanía,distanciamiento,sadness,16405.8,18,female,keypress
martineztomas2026_discrete_emotionality_exp2,exp2_34,exp2_t22,22,word_decoding,flastación,visión,fascinación,happiness,7949.6,18,female,keypress
martineztomas2026_discrete_emotionality_exp2,exp2_34,exp2_t23,23,word_decoding,chismolo,rumor,cotilleo,anger,9666.2,18,female,keypress
martineztomas2026_discrete_emotionality_exp2,exp2_35,exp2_t0,0,word_decoding,fierdo,hedor,fiebre,disgust,7224.1,19,female,keypress
martineztomas2026_discrete_emotionality_exp2,exp2_35,exp2_t1,1,word_decoding,fumaika,tabaco,fumador,disgust,4838.8,19,female,keypress
martineztomas2026_discrete_emotionality_exp2,exp2_35,exp2_t2,2,word_decoding,puntiaguja,espada,puntiaguda,fear,7599,19,female,keypress
martineztomas2026_discrete_emotionality_exp2,exp2_35,exp2_t3,3,word_decoding,dinería,lotería,dinero,happiness,9166.3,19,female,keypress
martineztomas2026_discrete_emotionality_exp2,exp2_35,exp2_t4,4,word_decoding,residuera,basura,residuo,disgust,6800.9,19,female,keypress
martineztomas2026_discrete_emotionality_exp2,exp2_35,exp2_t5,5,word_decoding,palabrostio,insulto,palabrota,anger,4872.9,19,female,keypress
martineztomas2026_discrete_emotionality_exp2,exp2_35,exp2_t6,6,word_decoding,frórico,eufórico,frigorífico,happiness,6517.3,19,female,keypress
martineztomas2026_discrete_emotionality_exp2,exp2_35,exp2_t7,7,word_decoding,landado,enfadado,lanzado,anger,4019.9,19,female,keypress
martineztomas2026_discrete_emotionality_exp2,exp2_35,exp2_t8,8,word_decoding,bailetín,carnaval,botellín,happiness,17766.9,19,female,keypress
martineztomas2026_discrete_emotionality_exp2,exp2_35,exp2_t9,9,word_decoding,chismolo,rumor,chismoso,anger,22901,19,female,keypress
martineztomas2026_discrete_emotionality_exp2,exp2_35,exp2_t10,10,word_decoding,fiminos,piojos,femeninos,disgust,5588.9,19,female,keypress
martineztomas2026_discrete_emotionality_exp2,exp2_35,exp2_t11,11,word_decoding,dastro,intruso,diestro,fear,8906.8,19,female,keypress
martineztomas2026_discrete_emotionality_exp2,exp2_35,exp2_t12,12,word_decoding,valacer,cadáver,validez,sadness,11417.3,19,female,keypress
martineztomas2026_discrete_emotionality_exp2,exp2_35,exp2_t13,13,word_decoding,descín,ruina,decisión,sadness,3639.9,19,female,keypress
martineztomas2026_discrete_emotionality_exp2,exp2_35,exp2_t14,14,word_decoding,bendigolo,mendigo,mendigo,sadness,17156.2,19,female,keypress
martineztomas2026_discrete_emotionality_exp2,exp2_35,exp2_t15,15,word_decoding,plareja,novio,perpleja,happiness,24787.1,19,female,keypress
martineztomas2026_discrete_emotionality_exp2,exp2_35,exp2_t16,16,word_decoding,furieta,rabia,furgoneta,anger,8723.4,19,female,keypress
martineztomas2026_discrete_emotionality_exp2,exp2_35,exp2_t17,17,word_decoding,desabete,censura,debate,disgust,5956.7,19,female,keypress
martineztomas2026_discrete_emotionality_exp2,exp2_35,exp2_t18,18,word_decoding,queranza,añoranza,esperanza,sadness,4333.7,19,female,keypress
martineztomas2026_discrete_emotionality_exp2,exp2_35,exp2_t19,19,word_decoding,enjauladero,prisión,enjaulado,fear,5883.9,19,female,keypress
martineztomas2026_discrete_emotionality_exp2,exp2_35,exp2_t20,20,word_decoding,clespiente,veneno,serpiente,fear,7706.7,19,female,keypress
martineztomas2026_discrete_emotionality_exp2,exp2_35,exp2_t21,21,word_decoding,argola,pistola,gárgola,fear,23357.9,19,female,keypress
martineztomas2026_discrete_emotionality_exp2,exp2_36,exp2_t0,0,word_decoding,argola,pistola,mola,fear,197066.9,18,female,keypress
martineztomas2026_discrete_emotionality_exp2,exp2_36,exp2_t1,1,word_decoding,landado,enfadado,andando,anger,36065.9,18,female,keypress
martineztomas2026_discrete_emotionality_exp2,exp2_36,exp2_t2,2,word_decoding,dinería,lotería,dinero,happiness,6600,18,female,keypress
martineztomas2026_discrete_emotionality_exp2,exp2_36,exp2_t3,3,word_decoding,bailetín,carnaval,bailarín,happiness,10333,18,female,keypress
martineztomas2026_discrete_emotionality_exp2,exp2_36,exp2_t4,4,word_decoding,residuera,basura,residuo,disgust,7934,18,female,keypress
martineztomas2026_discrete_emotionality_exp2,exp2_36,exp2_t5,5,word_decoding,plareja,novio,pareja,happiness,10918.9,18,female,keypress
martineztomas2026_discrete_emotionality_exp2,exp2_36,exp2_t6,6,word_decoding,descín,ruina,delfín,sadness,9883.3,18,female,keypress
martineztomas2026_discrete_emotionality_exp2,exp2_36,exp2_t7,7,word_decoding,flastación,visión,fascinación,happiness,13283.1,18,female,keypress
martineztomas2026_discrete_emotionality_exp2,exp2_36,exp2_t8,8,word_decoding,distantación,lejanía,distanciación,sadness,11100,18,female,keypress
martineztomas2026_discrete_emotionality_exp2,exp2_36,exp2_t9,9,word_decoding,desabete,censura,escabeche,disgust,26949.9,18,female,keypress
martineztomas2026_discrete_emotionality_exp2,exp2_36,exp2_t10,10,word_decoding,valacer,cadáver,nacer,sadness,4448.6,18,female,keypress
martineztomas2026_discrete_emotionality_exp2,exp2_36,exp2_t11,11,word_decoding,queranza,añoranza,venganza,sadness,14482.8,18,female,keypress
martineztomas2026_discrete_emotionality_exp2,exp2_36,exp2_t12,12,word_decoding,enjauladero,prisión,enjaulado,fear,10483.2,18,female,keypress
martineztomas2026_discrete_emotionality_exp2,exp2_36,exp2_t13,13,word_decoding,furieta,rabia,rabieta,anger,18217.2,18,female,keypress
martineztomas2026_discrete_emotionality_exp2,exp2_36,exp2_t14,14,word_decoding,clespiente,veneno,serpiente,fear,8316.3,18,female,keypress
martineztomas2026_discrete_emotionality_exp2,exp2_36,exp2_t15,15,word_decoding,bendigolo,mendigo,bendición,sadness,18716.6,18,female,keypress
martineztomas2026_discrete_emotionality_exp2,exp2_36,exp2_t16,16,word_decoding,dastro,intruso,rastro,fear,10584.5,18,female,keypress
martineztomas2026_discrete_emotionality_exp2,exp2_36,exp2_t17,17,word_decoding,fumaika,tabaco,fumar,disgust,10167.1,18,female,keypress
martineztomas2026_discrete_emotionality_exp2,exp2_36,exp2_t18,18,word_decoding,fiminos,piojos,mininos,disgust,32716.4,18,female,keypress
martineztomas2026_discrete_emotionality_exp2,exp2_36,exp2_t19,19,word_decoding,chismolo,rumor,chisme,anger,8683.5,18,female,keypress
martineztomas2026_discrete_emotionality_exp2,exp2_36,exp2_t20,20,word_decoding,palabrostio,insulto,palabra,anger,48517.5,18,female,keypress
martineztomas2026_discrete_emotionality_exp2,exp2_36,exp2_t21,21,word_decoding,fierdo,hedor,pierdo,disgust,8783,18,female,keypress
martineztomas2026_discrete_emotionality_exp2,exp2_37,exp2_t0,0,word_decoding,enjauladero,prisión,enjaular,fear,7068.8,18,female,keypress
martineztomas2026_discrete_emotionality_exp2,exp2_37,exp2_t1,1,word_decoding,desabete,censura,desobedece,disgust,10616.2,18,female,keypress
martineztomas2026_discrete_emotionality_exp2,exp2_37,exp2_t2,2,word_decoding,bailetín,carnaval,maletín,happiness,6504.8,18,female,keypress
martineztomas2026_discrete_emotionality_exp2,exp2_37,exp2_t3,3,word_decoding,dastro,intruso,diestro,fear,6605.3,18,female,keypress
martineztomas2026_discrete_emotionality_exp2,exp2_37,exp2_t4,4,word_decoding,flastación,visión,frustración,happiness,5903.4,18,female,keypress
martineztomas2026_discrete_emotionality_exp2,exp2_37,exp2_t5,5,word_decoding,argola,pistola,gárgola,fear,5434.4,18,female,keypress
martineztomas2026_discrete_emotionality_exp2,exp2_37,exp2_t6,6,word_decoding,bendigolo,mendigo,benévolo,sadness,4067.3,18,female,keypress
martineztomas2026_discrete_emotionality_exp2,exp2_37,exp2_t7,7,word_decoding,residuera,basura,resuelta,disgust,2900.3,18,female,keypress
martineztomas2026_discrete_emotionality_exp2,exp2_37,exp2_t8,8,word_decoding,dinería,lotería,adinerado,happiness,5369,18,female,keypress
martineztomas2026_discrete_emotionality_exp2,exp2_37,exp2_t9,9,word_decoding,eniecido,enemigo,enriquecido,anger,7500.4,18,female,keypress
martineztomas2026_discrete_emotionality_exp2,exp2_37,exp2_t10,10,word_decoding,puntiaguja,espada,puntiaguda,fear,4435.7,18,female,keypress
martineztomas2026_discrete_emotionality_exp2,exp2_37,exp2_t11,11,word_decoding,valacer,cadáver,valer,sadness,5133.9,18,female,keypress
martineztomas2026_discrete_emotionality_exp2,exp2_37,exp2_t12,12,word_decoding,fierdo,hedor,cerdo,disgust,4102.3,18,female,keypress
martineztomas2026_discrete_emotionality_exp2,exp2_37,exp2_t13,13,word_decoding,descín,ruina,delfín,sadness,3868.2,18,female,keypress
martineztomas2026_discrete_emotionality_exp2,exp2_37,exp2_t14,14,word_decoding,distantación,lejanía,distanciación,sadness,10635.1,18,female,keypress
martineztomas2026_discrete_emotionality_exp2,exp2_37,exp2_t15,15,word_decoding,landado,enfadado,lanzado,anger,4965.7,18,female,keypress
martineztomas2026_discrete_emotionality_exp2,exp2_37,exp2_t16,16,word_decoding,plareja,novio,pareja,happiness,3334.2,18,female,keypress
martineztomas2026_discrete_emotionality_exp2,exp2_37,exp2_t17,17,word_decoding,palabrostio,insulto,palabrota,anger,5868,18,female,keypress
martineztomas2026_discrete_emotionality_exp2,exp2_37,exp2_t18,18,word_decoding,fiminos,piojos,finos,disgust,4501.7,18,female,keypress
martineztomas2026_discrete_emotionality_exp2,exp2_37,exp2_t19,19,word_decoding,clespiente,veneno,serpiente,fear,4234.1,18,female,keypress
martineztomas2026_discrete_emotionality_exp2,exp2_37,exp2_t20,20,word_decoding,fumaika,tabaco,fumadora,disgust,6100,18,female,keypress
martineztomas2026_discrete_emotionality_exp2,exp2_37,exp2_t21,21,word_decoding,chismolo,rumor,chismoso,anger,5170.6,18,female,keypress
martineztomas2026_discrete_emotionality_exp2,exp2_37,exp2_t22,22,word_decoding,furieta,rabia,camioneta,anger,9467.5,18,female,keypress
martineztomas2026_discrete_emotionality_exp2,exp2_38,exp2_t0,0,word_decoding,furieta,rabia,marieta,anger,8250.6,18,female,keypress
martineztomas2026_discrete_emotionality_exp2,exp2_38,exp2_t1,1,word_decoding,dinería,lotería,cacería,happiness,9016.2,18,female,keypress
martineztomas2026_discrete_emotionality_exp2,exp2_38,exp2_t2,2,word_decoding,dastro,intruso,rastro,fear,4667.6,18,female,keypress
martineztomas2026_discrete_emotionality_exp2,exp2_38,exp2_t3,3,word_decoding,plareja,novio,pareja,happiness,23849.6,18,female,keypress
martineztomas2026_discrete_emotionality_exp2,exp2_38,exp2_t4,4,word_decoding,eniecido,enemigo,suicidio,anger,5351,18,female,keypress
martineztomas2026_discrete_emotionality_exp2,exp2_38,exp2_t5,5,word_decoding,argola,pistola,gargola,fear,5081,18,female,keypress
martineztomas2026_discrete_emotionality_exp2,exp2_38,exp2_t6,6,word_decoding,queranza,añoranza,esperanza,sadness,5568.5,18,female,keypress
martineztomas2026_discrete_emotionality_exp2,exp2_38,exp2_t7,7,word_decoding,bailetín,carnaval,bailarín,happiness,4599.6,18,female,keypress
martineztomas2026_discrete_emotionality_exp2,exp2_38,exp2_t8,8,word_decoding,chismolo,rumor,chisme,anger,6382.6,18,female,keypress
martineztomas2026_discrete_emotionality_exp2,exp2_38,exp2_t9,9,word_decoding,clespiente,veneno,serpiente,fear,3882.8,18,female,keypress
martineztomas2026_discrete_emotionality_exp2,exp2_38,exp2_t10,10,word_decoding,residuera,basura,residuos,disgust,5283.3,18,female,keypress
martineztomas2026_discrete_emotionality_exp2,exp2_38,exp2_t11,11,word_decoding,enjauladero,prisión,enjaulado,fear,3817.2,18,female,keypress
martineztomas2026_discrete_emotionality_exp2,exp2_38,exp2_t12,12,word_decoding,frórico,eufórico,folclórico,happiness,10330.7,18,female,keypress
martineztomas2026_discrete_emotionality_exp2,exp2_38,exp2_t13,13,word_decoding,distantación,lejanía,distanciación,sadness,9615.5,18,female,keypress
martineztomas2026_discrete_emotionality_exp2,exp2_38,exp2_t14,14,word_decoding,fierdo,hedor,mierda,disgust,8615.5,18,female,keypress
martineztomas2026_discrete_emotionality_exp2,exp2_38,exp2_t15,15,word_decoding,bendigolo,mendigo,mendigo,sadness,4384.1,18,female,keypress
martineztomas2026_discrete_emotionality_exp2,exp2_38,exp2_t16,16,word_decoding,flastación,visión,amonestación,happiness,6469.9,18,female,keypress
martineztomas2026_discrete_emotionality_exp2,exp2_38,exp2_t17,17,word_decoding,fiminos,piojos,vinimos,disgust,3917.3,18,female,keypress
martineztomas2026_discrete_emotionality_exp2,exp2_38,exp2_t18,18,word_decoding,fumaika,tabaco,fumar,disgust,21865.7,18,female,keypress
martineztomas2026_discrete_emotionality_exp2,exp2_38,exp2_t19,19,word_decoding,descín,ruina,delfín,sadness,4333.8,18,female,keypress
martineztomas2026_discrete_emotionality_exp2,exp2_38,exp2_t20,20,word_decoding,palabrostio,insulto,palabrota,anger,7933.2,18,female,keypress
martineztomas2026_discrete_emotionality_exp2,exp2_38,exp2_t21,21,word_decoding,desabete,censura,diabetes,disgust,10517,18,female,keypress
martineztomas2026_discrete_emotionality_exp2,exp2_38,exp2_t22,22,word_decoding,puntiaguja,espada,puntiagudo,fear,6250.5,18,female,keypress
martineztomas2026_discrete_emotionality_exp2,exp2_38,exp2_t23,23,word_decoding,valacer,cadáver,esclarecer,sadness,17716.8,18,female,keypress
martineztomas2026_discrete_emotionality_exp2,exp2_39,exp2_t0,0,word_decoding,puntiaguja,espada,puntiaguda,fear,5963,18,female,keypress
martineztomas2026_discrete_emotionality_exp2,exp2_39,exp2_t1,1,word_decoding,plareja,novio,palabreja,happiness,4914,18,female,keypress
martineztomas2026_discrete_emotionality_exp2,exp2_39,exp2_t2,2,word_decoding,enjauladero,prisión,enjaulado,fear,5079,18,female,keypress
martineztomas2026_discrete_emotionality_exp2,exp2_39,exp2_t3,3,word_decoding,eniecido,enemigo,incendio,anger,4148,18,female,keypress
martineztomas2026_discrete_emotionality_exp2,exp2_39,exp2_t4,4,word_decoding,palabrostio,insulto,palabrero,anger,6864,18,female,keypress
martineztomas2026_discrete_emotionality_exp2,exp2_39,exp2_t5,5,word_decoding,landado,enfadado,mandado,anger,2847,18,female,keypress
martineztomas2026_discrete_emotionality_exp2,exp2_39,exp2_t6,6,word_decoding,fierdo,hedor,fiasco,disgust,7144,18,female,keypress
martineztomas2026_discrete_emotionality_exp2,exp2_39,exp2_t7,7,word_decoding,fiminos,piojos,femeninos,disgust,5945,18,female,keypress
martineztomas2026_discrete_emotionality_exp2,exp2_39,exp2_t8,8,word_decoding,residuera,basura,residencia,disgust,5975,18,female,keypress
martineztomas2026_discrete_emotionality_exp2,exp2_39,exp2_t9,9,word_decoding,dinería,lotería,dinero,happiness,3992,18,female,keypress
martineztomas2026_discrete_emotionality_exp2,exp2_39,exp2_t10,10,word_decoding,distantación,lejanía,distancia,sadness,3364,18,female,keypress
martineztomas2026_discrete_emotionality_exp2,exp2_39,exp2_t11,11,word_decoding,queranza,añoranza,querer,sadness,8617,18,female,keypress
martineztomas2026_discrete_emotionality_exp2,exp2_39,exp2_t12,12,word_decoding,fumaika,tabaco,fumador,disgust,3848,18,female,keypress
martineztomas2026_discrete_emotionality_exp2,exp2_39,exp2_t13,13,word_decoding,bailetín,carnaval,bailarín,happiness,3748,18,female,keypress
martineztomas2026_discrete_emotionality_exp2,exp2_39,exp2_t14,14,word_decoding,clespiente,veneno,serpiente,fear,3346,18,female,keypress
martineztomas2026_discrete_emotionality_exp2,exp2_39,exp2_t15,15,word_decoding,argola,pistola,árbol,fear,3913,18,female,keypress
martineztomas2026_discrete_emotionality_exp2,exp2_39,exp2_t16,16,word_decoding,valacer,cadáver,vance,sadness,2445,18,female,keypress
martineztomas2026_discrete_emotionality_exp2,exp2_39,exp2_t17,17,word_decoding,desabete,censura,diabetes,disgust,6057,18,female,keypress
martineztomas2026_discrete_emotionality_exp2,exp2_39,exp2_t18,18,word_decoding,descín,ruina,desdén,sadness,3214,18,female,keypress
martineztomas2026_discrete_emotionality_exp2,exp2_39,exp2_t19,19,word_decoding,furieta,rabia,rabieta,anger,9195,18,female,keypress
martineztomas2026_discrete_emotionality_exp2,exp2_39,exp2_t20,20,word_decoding,bendigolo,mendigo,mendigo,sadness,4079,18,female,keypress
martineztomas2026_discrete_emotionality_exp2,exp2_39,exp2_t21,21,word_decoding,chismolo,rumor,cotilla,anger,3962,18,female,keypress
martineztomas2026_discrete_emotionality_exp2,exp2_40,exp2_t0,0,word_decoding,fumaika,tabaco,fumar,disgust,3932.1,20,female,keypress
martineztomas2026_discrete_emotionality_exp2,exp2_40,exp2_t1,1,word_decoding,dastro,intruso,desastre,fear,4833.6,20,female,keypress
martineztomas2026_discrete_emotionality_exp2,exp2_40,exp2_t2,2,word_decoding,dinería,lotería,dinero,happiness,4334.4,20,female,keypress
martineztomas2026_discrete_emotionality_exp2,exp2_40,exp2_t3,3,word_decoding,argola,pistola,argon,fear,3217.2,20,female,keypress
martineztomas2026_discrete_emotionality_exp2,exp2_40,exp2_t4,4,word_decoding,desabete,censura,debate,disgust,5905.4,20,female,keypress
martineztomas2026_discrete_emotionality_exp2,exp2_40,exp2_t5,5,word_decoding,puntiaguja,espada,puntiaguda,fear,5331.6,20,female,keypress
martineztomas2026_discrete_emotionality_exp2,exp2_40,exp2_t6,6,word_decoding,furieta,rabia,furia,anger,2450.6,20,female,keypress
martineztomas2026_discrete_emotionality_exp2,exp2_40,exp2_t7,7,word_decoding,enjauladero,prisión,enjaular,fear,7949.8,20,female,keypress
martineztomas2026_discrete_emotionality_exp2,exp2_40,exp2_t8,8,word_decoding,palabrostio,insulto,palabra,anger,8101.1,20,female,keypress
martineztomas2026_discrete_emotionality_exp2,exp2_40,exp2_t9,9,word_decoding,fiminos,piojos,fimo,disgust,4499.9,20,female,keypress
martineztomas2026_discrete_emotionality_exp2,exp2_40,exp2_t10,10,word_decoding,bailetín,carnaval,bailarin,happiness,5865.8,20,female,keypress
martineztomas2026_discrete_emotionality_exp2,exp2_40,exp2_t11,11,word_decoding,valacer,cadáver,prevalecer,sadness,7249.1,20,female,keypress
martineztomas2026_discrete_emotionality_exp2,exp2_40,exp2_t12,12,word_decoding,plareja,novio,pareja,happiness,2832.7,20,female,keypress
martineztomas2026_discrete_emotionality_exp2,exp2_40,exp2_t13,13,word_decoding,chismolo,rumor,chismoso,anger,3366.2,20,female,keypress
martineztomas2026_discrete_emotionality_exp2,exp2_40,exp2_t14,14,word_decoding,eniecido,enemigo,encendido,anger,4166.9,20,female,keypress
martineztomas2026_discrete_emotionality_exp2,exp2_40,exp2_t15,15,word_decoding,landado,enfadado,mandado,anger,3984.3,20,female,keypress
martineztomas2026_discrete_emotionality_exp2,exp2_40,exp2_t16,16,word_decoding,flastación,visión,nose,happiness,5784.2,20,female,keypress
martineztomas2026_discrete_emotionality_exp2,exp2_40,exp2_t17,17,word_decoding,queranza,añoranza,esperanza,sadness,5132.7,20,female,keypress
martineztomas2026_discrete_emotionality_exp2,exp2_40,exp2_t18,18,word_decoding,fierdo,hedor,cerdo,disgust,9231.4,20,female,keypress
martineztomas2026_discrete_emotionality_exp2,exp2_40,exp2_t19,19,word_decoding,descín,ruina,delfin,sadness,3483.5,20,female,keypress
martineztomas2026_discrete_emotionality_exp2,exp2_40,exp2_t20,20,word_decoding,bendigolo,mendigo,mendigo,sadness,3715.8,20,female,keypress
martineztomas2026_discrete_emotionality_exp2,exp2_40,exp2_t21,21,word_decoding,clespiente,veneno,serpiente,fear,5550.1,20,female,keypress
martineztomas2026_discrete_emotionality_exp2,exp2_41,exp2_t0,0,word_decoding,plareja,novio,pareja,happiness,3235.8,18,female,keypress
martineztomas2026_discrete_emotionality_exp2,exp2_41,exp2_t1,1,word_decoding,chismolo,rumor,chismoso,anger,3654.2,18,female,keypress
martineztomas2026_discrete_emotionality_exp2,exp2_41,exp2_t2,2,word_decoding,eniecido,enemigo,encendido,anger,6291.2,18,female,keypress
martineztomas2026_discrete_emotionality_exp2,exp2_41,exp2_t3,3,word_decoding,enjauladero,prisión,jaula,fear,4852.7,18,female,keypress
martineztomas2026_discrete_emotionality_exp2,exp2_41,exp2_t4,4,word_decoding,bailetín,carnaval,boletín,happiness,4137.4,18,female,keypress
martineztomas2026_discrete_emotionality_exp2,exp2_41,exp2_t5,5,word_decoding,argola,pistola,ahora,fear,5769.1,18,female,keypress
martineztomas2026_discrete_emotionality_exp2,exp2_41,exp2_t6,6,word_decoding,fierdo,hedor,izquierdo,disgust,7318.5,18,female,keypress
martineztomas2026_discrete_emotionality_exp2,exp2_41,exp2_t7,7,word_decoding,fiminos,piojos,mininos,disgust,19948.3,18,female,keypress
martineztomas2026_discrete_emotionality_exp2,exp2_41,exp2_t8,8,word_decoding,puntiaguja,espada,aguja,fear,8137.8,18,female,keypress
martineztomas2026_discrete_emotionality_exp2,exp2_41,exp2_t9,9,word_decoding,landado,enfadado,candado,anger,3545.7,18,female,keypress
martineztomas2026_discrete_emotionality_exp2,exp2_41,exp2_t10,10,word_decoding,dastro,intruso,rastro,fear,9236.8,18,female,keypress
martineztomas2026_discrete_emotionality_exp2,exp2_41,exp2_t11,11,word_decoding,frórico,eufórico,fosfórico,happiness,9901.4,18,female,keypress
martineztomas2026_discrete_emotionality_exp2,exp2_41,exp2_t12,12,word_decoding,queranza,añoranza,esperanza,sadness,3067.6,18,female,keypress
martineztomas2026_discrete_emotionality_exp2,exp2_41,exp2_t13,13,word_decoding,descín,ruina,delfín,sadness,75553.4,18,female,keypress
martineztomas2026_discrete_emotionality_exp2,exp2_41,exp2_t14,14,word_decoding,flastación,visión,falsación,happiness,13963,18,female,keypress
martineztomas2026_discrete_emotionality_exp2,exp2_41,exp2_t15,15,word_decoding,dinería,lotería,cenar,happiness,25351.3,18,female,keypress
martineztomas2026_discrete_emotionality_exp2,exp2_41,exp2_t16,16,word_decoding,residuera,basura,basura,disgust,4884.2,18,female,keypress
martineztomas2026_discrete_emotionality_exp2,exp2_41,exp2_t17,17,word_decoding,palabrostio,insulto,palabrota,anger,15685.2,18,female,keypress
martineztomas2026_discrete_emotionality_exp2,exp2_41,exp2_t18,18,word_decoding,distantación,lejanía,distinción,sadness,16852.3,18,female,keypress
martineztomas2026_discrete_emotionality_exp2,exp2_41,exp2_t19,19,word_decoding,fumaika,tabaco,fumar,disgust,2950.4,18,female,keypress
martineztomas2026_discrete_emotionality_exp2,exp2_41,exp2_t20,20,word_decoding,furieta,rabia,furia,anger,12169.8,18,female,keypress
martineztomas2026_discrete_emotionality_exp2,exp2_41,exp2_t21,21,word_decoding,desabete,censura,desabrochar,disgust,30687,18,female,keypress
martineztomas2026_discrete_emotionality_exp2,exp2_41,exp2_t22,22,word_decoding,clespiente,veneno,serpiente,fear,5319.5,18,female,keypress
martineztomas2026_discrete_emotionality_exp2,exp2_41,exp2_t23,23,word_decoding,valacer,cadáver,valer,sadness,72350.7,18,female,keypress
martineztomas2026_discrete_emotionality_exp2,exp2_41,exp2_t24,24,word_decoding,bendigolo,mendigo,bendición,sadness,8770.2,18,female,keypress
martineztomas2026_discrete_emotionality_exp2,exp2_42,exp2_t0,0,word_decoding,fierdo,hedor,cerdo,disgust,5834.5,19,female,keypress
martineztomas2026_discrete_emotionality_exp2,exp2_42,exp2_t1,1,word_decoding,dastro,intruso,rastro,fear,3450.5,19,female,keypress
martineztomas2026_discrete_emotionality_exp2,exp2_42,exp2_t2,2,word_decoding,flastación,visión,estación,happiness,83772.9,19,female,keypress
martineztomas2026_discrete_emotionality_exp2,exp2_42,exp2_t3,3,word_decoding,bendigolo,mendigo,bendición,sadness,6266.2,19,female,keypress
martineztomas2026_discrete_emotionality_exp2,exp2_42,exp2_t4,4,word_decoding,fiminos,piojos,mininos,disgust,9183.3,19,female,keypress
martineztomas2026_discrete_emotionality_exp2,exp2_42,exp2_t5,5,word_decoding,queranza,añoranza,esperanza,sadness,4851.9,19,female,keypress
martineztomas2026_discrete_emotionality_exp2,exp2_42,exp2_t6,6,word_decoding,argola,pistola,argolla,fear,6817.7,19,female,keypress
martineztomas2026_discrete_emotionality_exp2,exp2_42,exp2_t7,7,word_decoding,descín,ruina,sentir,sadness,16149.3,19,female,keypress
martineztomas2026_discrete_emotionality_exp2,exp2_42,exp2_t8,8,word_decoding,dinería,lotería,dinero,happiness,4085,19,female,keypress
martineztomas2026_discrete_emotionality_exp2,exp2_42,exp2_t9,9,word_decoding,palabrostio,insulto,palabrota,anger,6734.4,19,female,keypress
martineztomas2026_discrete_emotionality_exp2,exp2_42,exp2_t10,10,word_decoding,bailetín,carnaval,maletín,happiness,6367.5,19,female,keypress
martineztomas2026_discrete_emotionality_exp2,exp2_42,exp2_t11,11,word_decoding,desabete,censura,diabetes,disgust,8366.5,19,female,keypress
martineztomas2026_discrete_emotionality_exp2,exp2_42,exp2_t12,12,word_decoding,furieta,rabia,furia,anger,6550.1,19,female,keypress
martineztomas2026_discrete_emotionality_exp2,exp2_42,exp2_t13,13,word_decoding,fumaika,tabaco,fumador,disgust,5050.9,19,female,keypress
martineztomas2026_discrete_emotionality_exp2,exp2_42,exp2_t14,14,word_decoding,valacer,cadáver,balance,sadness,4300.2,19,female,keypress
martineztomas2026_discrete_emotionality_exp2,exp2_42,exp2_t15,15,word_decoding,clespiente,veneno,serpiente,fear,6333.3,19,female,keypress
martineztomas2026_discrete_emotionality_exp2,exp2_42,exp2_t16,16,word_decoding,distantación,lejanía,dilatación,sadness,5650.9,19,female,keypress
martineztomas2026_discrete_emotionality_exp2,exp2_42,exp2_t17,17,word_decoding,enjauladero,prisión,enjaular,fear,9600.7,19,female,keypress
martineztomas2026_discrete_emotionality_exp2,exp2_42,exp2_t18,18,word_decoding,frórico,eufórico,eufórico,happiness,10618,19,female,keypress
martineztomas2026_discrete_emotionality_exp2,exp2_42,exp2_t19,19,word_decoding,chismolo,rumor,chisme,anger,3682.9,19,female,keypress
martineztomas2026_discrete_emotionality_exp2,exp2_42,exp2_t20,20,word_decoding,plareja,novio,pareja,happiness,4385.9,19,female,keypress
martineztomas2026_discrete_emotionality_exp2,exp2_42,exp2_t21,21,word_decoding,eniecido,enemigo,vencido,anger,17301.8,19,female,keypress
martineztomas2026_discrete_emotionality_exp2,exp2_42,exp2_t22,22,word_decoding,residuera,basura,residencia,disgust,4651.6,19,female,keypress
martineztomas2026_discrete_emotionality_exp2,exp2_42,exp2_t23,23,word_decoding,puntiaguja,espada,puntiaguda,fear,5250.7,19,female,keypress
martineztomas2026_discrete_emotionality_exp2,exp2_42,exp2_t24,24,word_decoding,landado,enfadado,candado,anger,7150.9,19,female,keypress
martineztomas2026_discrete_emotionality_exp2,exp2_43,exp2_t0,0,word_decoding,residuera,basura,residencia,disgust,8939.4,19,female,keypress
martineztomas2026_discrete_emotionality_exp2,exp2_43,exp2_t1,1,word_decoding,fiminos,piojos,felinos,disgust,7398.8,19,female,keypress
martineztomas2026_discrete_emotionality_exp2,exp2_43,exp2_t2,2,word_decoding,frórico,eufórico,eufórico,happiness,28197.1,19,female,keypress
martineztomas2026_discrete_emotionality_exp2,exp2_43,exp2_t3,3,word_decoding,plareja,novio,pareja,happiness,4135.2,19,female,keypress
martineztomas2026_discrete_emotionality_exp2,exp2_43,exp2_t4,4,word_decoding,bailetín,carnaval,bailarín,happiness,10050.9,19,female,keypress
martineztomas2026_discrete_emotionality_exp2,exp2_43,exp2_t5,5,word_decoding,dinería,lotería,dinero,happiness,3083.3,19,female,keypress
martineztomas2026_discrete_emotionality_exp2,exp2_43,exp2_t6,6,word_decoding,bendigolo,mendigo,bengala,sadness,12667,19,female,keypress
martineztomas2026_discrete_emotionality_exp2,exp2_43,exp2_t7,7,word_decoding,chismolo,rumor,chismoso,anger,13915.5,19,female,keypress
martineztomas2026_discrete_emotionality_exp2,exp2_43,exp2_t8,8,word_decoding,palabrostio,insulto,palabra,anger,5150,19,female,keypress
martineztomas2026_discrete_emotionality_exp2,exp2_43,exp2_t9,9,word_decoding,eniecido,enemigo,niebla,anger,19951.1,19,female,keypress
martineztomas2026_discrete_emotionality_exp2,exp2_43,exp2_t10,10,word_decoding,descín,ruina,decisión,sadness,9449.4,19,female,keypress
martineztomas2026_discrete_emotionality_exp2,exp2_43,exp2_t11,11,word_decoding,dastro,intruso,canasto,fear,10584.6,19,female,keypress
martineztomas2026_discrete_emotionality_exp2,exp2_43,exp2_t12,12,word_decoding,clespiente,veneno,serpiente,fear,6849.8,19,female,keypress
martineztomas2026_discrete_emotionality_exp2,exp2_43,exp2_t13,13,word_decoding,valacer,cadáver,balance,sadness,36260.3,19,female,keypress
martineztomas2026_discrete_emotionality_exp2,exp2_43,exp2_t14,14,word_decoding,landado,enfadado,lanzado,anger,9356.8,19,female,keypress
martineztomas2026_discrete_emotionality_exp2,exp2_43,exp2_t15,15,word_decoding,queranza,añoranza,querer,sadness,6573,19,female,keypress
martineztomas2026_discrete_emotionality_exp2,exp2_43,exp2_t16,16,word_decoding,fierdo,hedor,fuego,disgust,5850.2,19,female,keypress
martineztomas2026_discrete_emotionality_exp2,exp2_43,exp2_t17,17,word_decoding,furieta,rabia,furia,anger,8214.6,19,female,keypress
martineztomas2026_discrete_emotionality_exp2,exp2_43,exp2_t18,18,word_decoding,desabete,censura,debate,disgust,28364.8,19,female,keypress
martineztomas2026_discrete_emotionality_exp2,exp2_43,exp2_t19,19,word_decoding,fumaika,tabaco,fumar,disgust,5899.9,19,female,keypress
martineztomas2026_discrete_emotionality_exp2,exp2_43,exp2_t20,20,word_decoding,argola,pistola,gárgola,fear,9150.5,19,female,keypress
martineztomas2026_discrete_emotionality_exp2,exp2_43,exp2_t21,21,word_decoding,flastación,visión,fiesta,happiness,26821.9,19,female,keypress
martineztomas2026_discrete_emotionality_exp2,exp2_43,exp2_t22,22,word_decoding,puntiaguja,espada,puntiaguda,fear,14531.8,19,female,keypress
martineztomas2026_discrete_emotionality_exp2,exp2_43,exp2_t23,23,word_decoding,distantación,lejanía,distancia,sadness,8195.1,19,female,keypress
martineztomas2026_discrete_emotionality_exp2,exp2_43,exp2_t24,24,word_decoding,enjauladero,prisión,encerrado,fear,8490.6,19,female,keypress
martineztomas2026_discrete_emotionality_exp2,exp2_44,exp2_t0,0,word_decoding,furieta,rabia,rabieta,anger,4844.9,18,female,keypress
martineztomas2026_discrete_emotionality_exp2,exp2_44,exp2_t1,1,word_decoding,argola,pistola,argolla,fear,6211.3,18,female,keypress
martineztomas2026_discrete_emotionality_exp2,exp2_44,exp2_t2,2,word_decoding,fierdo,hedor,fiel,disgust,8241.5,18,female,keypress
martineztomas2026_discrete_emotionality_exp2,exp2_44,exp2_t3,3,word_decoding,chismolo,rumor,chismoso,anger,6160.5,18,female,keypress
martineztomas2026_discrete_emotionality_exp2,exp2_44,exp2_t4,4,word_decoding,queranza,añoranza,quemadura,sadness,9674.8,18,female,keypress
martineztomas2026_discrete_emotionality_exp2,exp2_44,exp2_t5,5,word_decoding,enjauladero,prisión,enjaular,fear,12104,18,female,keypress
martineztomas2026_discrete_emotionality_exp2,exp2_44,exp2_t6,6,word_decoding,descín,ruina,desde,sadness,4995.4,18,female,keypress
martineztomas2026_discrete_emotionality_exp2,exp2_44,exp2_t7,7,word_decoding,clespiente,veneno,serpiente,fear,8674.9,18,female,keypress
martineztomas2026_discrete_emotionality_exp2,exp2_44,exp2_t8,8,word_decoding,dastro,intruso,catastro,fear,10873.7,18,female,keypress
martineztomas2026_discrete_emotionality_exp2,exp2_44,exp2_t9,9,word_decoding,fumaika,tabaco,jamaica,disgust,5111.6,18,female,keypress
martineztomas2026_discrete_emotionality_exp2,exp2_44,exp2_t10,10,word_decoding,puntiaguja,espada,puntiaguda,fear,5561.3,18,female,keypress
martineztomas2026_discrete_emotionality_exp2,exp2_44,exp2_t11,11,word_decoding,fiminos,piojos,felinos,disgust,5361.7,18,female,keypress
martineztomas2026_discrete_emotionality_exp2,exp2_44,exp2_t12,12,word_decoding,plareja,novio,pareja,happiness,4045.8,18,female,keypress
martineztomas2026_discrete_emotionality_exp2,exp2_44,exp2_t13,13,word_decoding,eniecido,enemigo,envejecido,anger,4927.8,18,female,keypress
martineztomas2026_discrete_emotionality_exp2,exp2_44,exp2_t14,14,word_decoding,dinería,lotería,dinero,happiness,4895.6,18,female,keypress
martineztomas2026_discrete_emotionality_exp2,exp2_44,exp2_t15,15,word_decoding,frórico,eufórico,fósforo,happiness,9822.6,18,female,keypress
martineztomas2026_discrete_emotionality_exp2,exp2_44,exp2_t16,16,word_decoding,landado,enfadado,lavado,anger,4712.6,18,female,keypress
martineztomas2026_discrete_emotionality_exp2,exp2_44,exp2_t17,17,word_decoding,bailetín,carnaval,maletin,happiness,4478.7,18,female,keypress
martineztomas2026_discrete_emotionality_exp2,exp2_44,exp2_t18,18,word_decoding,distantación,lejanía,distracción,sadness,5494.2,18,female,keypress
martineztomas2026_discrete_emotionality_exp2,exp2_44,exp2_t19,19,word_decoding,desabete,censura,debate,disgust,4278,18,female,keypress
martineztomas2026_discrete_emotionality_exp2,exp2_44,exp2_t20,20,word_decoding,residuera,basura,residencia,disgust,7460,18,female,keypress
martineztomas2026_discrete_emotionality_exp2,exp2_44,exp2_t21,21,word_decoding,valacer,cadáver,valer,sadness,3913,18,female,keypress
martineztomas2026_discrete_emotionality_exp2,exp2_44,exp2_t22,22,word_decoding,bendigolo,mendigo,bendecido,sadness,10956.3,18,female,keypress
martineztomas2026_discrete_emotionality_exp2,exp2_44,exp2_t23,23,word_decoding,palabrostio,insulto,palabra,anger,5928,18,female,keypress
martineztomas2026_discrete_emotionality_exp2,exp2_44,exp2_t24,24,word_decoding,flastación,visión,satisfacción,happiness,6942.9,18,female,keypress
martineztomas2026_discrete_emotionality_exp2,exp2_45,exp2_t0,0,word_decoding,fiminos,piojos,felinos,disgust,3821.4,19,female,keypress
martineztomas2026_discrete_emotionality_exp2,exp2_45,exp2_t1,1,word_decoding,distantación,lejanía,distancia,sadness,11356.4,19,female,keypress
martineztomas2026_discrete_emotionality_exp2,exp2_45,exp2_t2,2,word_decoding,fierdo,hedor,miedo,disgust,3454.7,19,female,keypress
martineztomas2026_discrete_emotionality_exp2,exp2_45,exp2_t3,3,word_decoding,fumaika,tabaco,fumador,disgust,3481.3,19,female,keypress
martineztomas2026_discrete_emotionality_exp2,exp2_45,exp2_t4,4,word_decoding,enjauladero,prisión,enjaulado,fear,12288.3,19,female,keypress
martineztomas2026_discrete_emotionality_exp2,exp2_45,exp2_t5,5,word_decoding,residuera,basura,residuo,disgust,4919.5,19,female,keypress
martineztomas2026_discrete_emotionality_exp2,exp2_45,exp2_t6,6,word_decoding,dastro,intruso,rastro,fear,4957.6,19,female,keypress
martineztomas2026_discrete_emotionality_exp2,exp2_45,exp2_t7,7,word_decoding,queranza,añoranza,esperanza,sadness,4048.8,19,female,keypress
martineztomas2026_discrete_emotionality_exp2,exp2_45,exp2_t8,8,word_decoding,flastación,visión,fluctuación,happiness,13773.3,19,female,keypress
martineztomas2026_discrete_emotionality_exp2,exp2_45,exp2_t9,9,word_decoding,palabrostio,insulto,palabrota,anger,6050.8,19,female,keypress
martineztomas2026_discrete_emotionality_exp2,exp2_45,exp2_t10,10,word_decoding,argola,pistola,gargola,fear,7000.6,19,female,keypress
martineztomas2026_discrete_emotionality_exp2,exp2_45,exp2_t11,11,word_decoding,plareja,novio,perpleja,happiness,8651.6,19,female,keypress
martineztomas2026_discrete_emotionality_exp2,exp2_45,exp2_t12,12,word_decoding,landado,enfadado,lanzado,anger,4373.4,19,female,keypress
martineztomas2026_discrete_emotionality_exp2,exp2_45,exp2_t13,13,word_decoding,clespiente,veneno,serpiente,fear,5884.3,19,female,keypress
martineztomas2026_discrete_emotionality_exp2,exp2_45,exp2_t14,14,word_decoding,bailetín,carnaval,bailarín,happiness,9232.2,19,female,keypress
martineztomas2026_discrete_emotionality_exp2,exp2_45,exp2_t15,15,word_decoding,puntiaguja,espada,puntiaguda,fear,11348.3,19,female,keypress
martineztomas2026_discrete_emotionality_exp2,exp2_45,exp2_t16,16,word_decoding,chismolo,rumor,chisme,anger,6847.8,19,female,keypress
martineztomas2026_discrete_emotionality_exp2,exp2_45,exp2_t17,17,word_decoding,frórico,eufórico,eufórico,happiness,8051.1,19,female,keypress
martineztomas2026_discrete_emotionality_exp2,exp2_45,exp2_t18,18,word_decoding,dinería,lotería,dinero,happiness,3934.5,19,female,keypress
martineztomas2026_discrete_emotionality_exp2,exp2_45,exp2_t19,19,word_decoding,desabete,censura,diabetes,disgust,5021.2,19,female,keypress
martineztomas2026_discrete_emotionality_exp2,exp2_45,exp2_t20,20,word_decoding,valacer,cadáver,validez,sadness,4654.4,19,female,keypress
martineztomas2026_discrete_emotionality_exp2,exp2_45,exp2_t21,21,word_decoding,furieta,rabia,rabieta,anger,3367.4,19,female,keypress
martineztomas2026_discrete_emotionality_exp2,exp2_45,exp2_t22,22,word_decoding,descín,ruina,decisión,sadness,6844.7,19,female,keypress
martineztomas2026_discrete_emotionality_exp2,exp2_45,exp2_t23,23,word_decoding,bendigolo,mendigo,mendigo,sadness,7017.5,19,female,keypress
martineztomas2026_discrete_emotionality_exp2,exp2_46,exp2_t0,0,word_decoding,frórico,eufórico,eufórico,happiness,7341.4,19,female,keypress
martineztomas2026_discrete_emotionality_exp2,exp2_46,exp2_t1,1,word_decoding,residuera,basura,residuo,disgust,5097,19,female,keypress
martineztomas2026_discrete_emotionality_exp2,exp2_46,exp2_t2,2,word_decoding,palabrostio,insulto,palabrota,anger,4662,19,female,keypress
martineztomas2026_discrete_emotionality_exp2,exp2_46,exp2_t3,3,word_decoding,plareja,novio,pareja,happiness,8158.9,19,female,keypress
martineztomas2026_discrete_emotionality_exp2,exp2_46,exp2_t4,4,word_decoding,fiminos,piojos,felinos,disgust,15851.3,19,female,keypress
martineztomas2026_discrete_emotionality_exp2,exp2_46,exp2_t5,5,word_decoding,descín,ruina,festín,sadness,6375.8,19,female,keypress
martineztomas2026_discrete_emotionality_exp2,exp2_46,exp2_t6,6,word_decoding,landado,enfadado,aparcado,anger,16367.1,19,female,keypress
martineztomas2026_discrete_emotionality_exp2,exp2_46,exp2_t7,7,word_decoding,clespiente,veneno,serpiente,fear,4179.6,19,female,keypress
martineztomas2026_discrete_emotionality_exp2,exp2_46,exp2_t8,8,word_decoding,dastro,intruso,rastro,fear,4028.4,19,female,keypress
martineztomas2026_discrete_emotionality_exp2,exp2_46,exp2_t9,9,word_decoding,enjauladero,prisión,jaula,fear,5577.1,19,female,keypress
martineztomas2026_discrete_emotionality_exp2,exp2_46,exp2_t10,10,word_decoding,furieta,rabia,furioso,anger,4545,19,female,keypress
martineztomas2026_discrete_emotionality_exp2,exp2_46,exp2_t11,11,word_decoding,puntiaguja,espada,puntiaguda,fear,4244.1,19,female,keypress
martineztomas2026_discrete_emotionality_exp2,exp2_46,exp2_t12,12,word_decoding,dinería,lotería,cervecería,happiness,17499.9,19,female,keypress
martineztomas2026_discrete_emotionality_exp2,exp2_46,exp2_t13,13,word_decoding,bendigolo,mendigo,mendigo,sadness,5445.8,19,female,keypress
martineztomas2026_discrete_emotionality_exp2,exp2_46,exp2_t14,14,word_decoding,distantación,lejanía,distracción,sadness,8157.9,19,female,keypress
martineztomas2026_discrete_emotionality_exp2,exp2_46,exp2_t15,15,word_decoding,queranza,añoranza,esperanza,sadness,4243.9,19,female,keypress
martineztomas2026_discrete_emotionality_exp2,exp2_46,exp2_t16,16,word_decoding,argola,pistola,gargola,fear,12220.7,19,female,keypress
martineztomas2026_discrete_emotionality_exp2,exp2_46,exp2_t17,17,word_decoding,valacer,cadáver,validez,sadness,9439.3,19,female,keypress
martineztomas2026_discrete_emotionality_exp2,exp2_46,exp2_t18,18,word_decoding,fierdo,hedor,cerdo,disgust,6759,19,female,keypress
martineztomas2026_discrete_emotionality_exp2,exp2_46,exp2_t19,19,word_decoding,chismolo,rumor,chismoso,anger,6179.4,19,female,keypress
martineztomas2026_discrete_emotionality_exp2,exp2_46,exp2_t20,20,word_decoding,desabete,censura,diabetes,disgust,52567.2,19,female,keypress
martineztomas2026_discrete_emotionality_exp2,exp2_46,exp2_t21,21,word_decoding,bailetín,carnaval,bailarín,happiness,4860.4,19,female,keypress
martineztomas2026_discrete_emotionality_exp2,exp2_47,exp2_t0,0,word_decoding,distantación,lejanía,distinción,sadness,20382.6,19,female,keypress
martineztomas2026_discrete_emotionality_exp2,exp2_47,exp2_t1,1,word_decoding,argola,pistola,gárgola,fear,18698,19,female,keypress
martineztomas2026_discrete_emotionality_exp2,exp2_47,exp2_t2,2,word_decoding,queranza,añoranza,querer,sadness,36586.1,19,female,keypress
martineztomas2026_discrete_emotionality_exp2,exp2_47,exp2_t3,3,word_decoding,chismolo,rumor,chisme,anger,5111.8,19,female,keypress
martineztomas2026_discrete_emotionality_exp2,exp2_47,exp2_t4,4,word_decoding,eniecido,enemigo,entumecido,anger,25526.5,19,female,keypress
martineztomas2026_discrete_emotionality_exp2,exp2_47,exp2_t5,5,word_decoding,furieta,rabia,rabieta,anger,5761,19,female,keypress
martineztomas2026_discrete_emotionality_exp2,exp2_47,exp2_t6,6,word_decoding,dastro,intruso,rastro,fear,6658.8,19,female,keypress
martineztomas2026_discrete_emotionality_exp2,exp2_47,exp2_t7,7,word_decoding,bendigolo,mendigo,mend,sadness,47467.8,19,female,keypress
martineztomas2026_discrete_emotionality_exp2,exp2_47,exp2_t8,8,word_decoding,landado,enfadado,andando,anger,9914.5,19,female,keypress
martineztomas2026_discrete_emotionality_exp2,exp2_47,exp2_t9,9,word_decoding,clespiente,veneno,serpiente,fear,6410,19,female,keypress
martineztomas2026_discrete_emotionality_exp2,exp2_47,exp2_t10,10,word_decoding,desabete,censura,deseable,disgust,12454.8,19,female,keypress
martineztomas2026_discrete_emotionality_exp2,exp2_47,exp2_t11,11,word_decoding,enjauladero,prisión,jaula,fear,7666.9,19,female,keypress
martineztomas2026_discrete_emotionality_exp2,exp2_47,exp2_t12,12,word_decoding,palabrostio,insulto,palabrota,anger,12618.3,19,female,keypress
martineztomas2026_discrete_emotionality_exp2,exp2_47,exp2_t13,13,word_decoding,bailetín,carnaval,boletín,happiness,11070.1,19,female,keypress
martineztomas2026_discrete_emotionality_exp2,exp2_47,exp2_t14,14,word_decoding,residuera,basura,residencia,disgust,12418.4,19,female,keypress
martineztomas2026_discrete_emotionality_exp2,exp2_47,exp2_t15,15,word_decoding,frórico,eufórico,folclórico,happiness,23617.2,19,female,keypress
martineztomas2026_discrete_emotionality_exp2,exp2_47,exp2_t16,16,word_decoding,fumaika,tabaco,fumar,disgust,11465.7,19,female,keypress
martineztomas2026_discrete_emotionality_exp2,exp2_47,exp2_t17,17,word_decoding,fierdo,hedor,fiordo,disgust,9350.9,19,female,keypress
martineztomas2026_discrete_emotionality_exp2,exp2_47,exp2_t18,18,word_decoding,dinería,lotería,dinero,happiness,7314.5,19,female,keypress
martineztomas2026_discrete_emotionality_exp2,exp2_47,exp2_t19,19,word_decoding,descín,ruina,festín,sadness,10069,19,female,keypress
martineztomas2026_discrete_emotionality_exp2,exp2_47,exp2_t20,20,word_decoding,flastación,visión,función,happiness,93837.8,19,female,keypress
martineztomas2026_discrete_emotionality_exp2,exp2_47,exp2_t21,21,word_decoding,valacer,cadáver,valer,sadness,5932.2,19,female,keypress
martineztomas2026_discrete_emotionality_exp2,exp2_47,exp2_t22,22,word_decoding,fiminos,piojos,femeninos,disgust,7763.6,19,female,keypress
martineztomas2026_discrete_emotionality_exp2,exp2_47,exp2_t23,23,word_decoding,plareja,novio,pareja,happiness,7787.9,19,female,keypress
martineztomas2026_discrete_emotionality_exp2,exp2_47,exp2_t24,24,word_decoding,puntiaguja,espada,puntiaguda,fear,8098.1,19,female,keypress
martineztomas2026_discrete_emotionality_exp2,exp2_48,exp2_t0,0,word_decoding,queranza,añoranza,esperanza,sadness,8751.4,18,female,keypress
martineztomas2026_discrete_emotionality_exp2,exp2_48,exp2_t1,1,word_decoding,puntiaguja,espada,puntiaguda,fear,10952,18,female,keypress
martineztomas2026_discrete_emotionality_exp2,exp2_48,exp2_t2,2,word_decoding,chismolo,rumor,chismoso,anger,7147.1,18,female,keypress
martineztomas2026_discrete_emotionality_exp2,exp2_48,exp2_t3,3,word_decoding,eniecido,enemigo,encender,anger,5763.7,18,female,keypress
martineztomas2026_discrete_emotionality_exp2,exp2_48,exp2_t4,4,word_decoding,bailetín,carnaval,maletín,happiness,9968.2,18,female,keypress
martineztomas2026_discrete_emotionality_exp2,exp2_48,exp2_t5,5,word_decoding,furieta,rabia,rabieta,anger,8799.7,18,female,keypress
martineztomas2026_discrete_emotionality_exp2,exp2_48,exp2_t6,6,word_decoding,residuera,basura,residio,disgust,11917.1,18,female,keypress
martineztomas2026_discrete_emotionality_exp2,exp2_48,exp2_t7,7,word_decoding,landado,enfadado,blindado,anger,14187.9,18,female,keypress
martineztomas2026_discrete_emotionality_exp2,exp2_48,exp2_t8,8,word_decoding,plareja,novio,pareja,happiness,6136.7,18,female,keypress
martineztomas2026_discrete_emotionality_exp2,exp2_48,exp2_t9,9,word_decoding,fierdo,hedor,cerdo,disgust,13634.7,18,female,keypress
martineztomas2026_discrete_emotionality_exp2,exp2_48,exp2_t10,10,word_decoding,clespiente,veneno,serpiente,fear,8335.5,18,female,keypress
martineztomas2026_discrete_emotionality_exp2,exp2_48,exp2_t11,11,word_decoding,palabrostio,insulto,palabrota,anger,7937.7,18,female,keypress
martineztomas2026_discrete_emotionality_exp2,exp2_48,exp2_t12,12,word_decoding,valacer,cadáver,placer,sadness,5163.3,18,female,keypress
martineztomas2026_discrete_emotionality_exp2,exp2_48,exp2_t13,13,word_decoding,frórico,eufórico,dórico,happiness,9215.7,18,female,keypress
martineztomas2026_discrete_emotionality_exp2,exp2_48,exp2_t14,14,word_decoding,enjauladero,prisión,jaula,fear,6668.1,18,female,keypress
martineztomas2026_discrete_emotionality_exp2,exp2_48,exp2_t15,15,word_decoding,distantación,lejanía,distanciación,sadness,9735.2,18,female,keypress
martineztomas2026_discrete_emotionality_exp2,exp2_48,exp2_t16,16,word_decoding,fumaika,tabaco,fumar,disgust,4946.6,18,female,keypress
martineztomas2026_discrete_emotionality_exp2,exp2_48,exp2_t17,17,word_decoding,desabete,censura,debate,disgust,7133.7,18,female,keypress
martineztomas2026_discrete_emotionality_exp2,exp2_48,exp2_t18,18,word_decoding,bendigolo,mendigo,bendecir,sadness,7497.2,18,female,keypress
martineztomas2026_discrete_emotionality_exp2,exp2_48,exp2_t19,19,word_decoding,dinería,lotería,dinero,happiness,5834,18,female,keypress
martineztomas2026_discrete_emotionality_exp2,exp2_48,exp2_t20,20,word_decoding,argola,pistola,argolla,fear,4933.3,18,female,keypress
martineztomas2026_discrete_emotionality_exp2,exp2_48,exp2_t21,21,word_decoding,descín,ruina,desliz,sadness,6037,18,female,keypress
martineztomas2026_discrete_emotionality_exp2,exp2_48,exp2_t22,22,word_decoding,fiminos,piojos,filipinos,disgust,9133.4,18,female,keypress
martineztomas2026_discrete_emotionality_exp2,exp2_48,exp2_t23,23,word_decoding,flastación,visión,inflación,happiness,9517,18,female,keypress
martineztomas2026_discrete_emotionality_exp2,exp2_48,exp2_t24,24,word_decoding,dastro,intruso,diestro,fear,7620.5,18,female,keypress
martineztomas2026_discrete_emotionality_exp2,exp2_49,exp2_t0,0,word_decoding,fierdo,hedor,pierdo,disgust,22834.1,18,female,keypress
martineztomas2026_discrete_emotionality_exp2,exp2_49,exp2_t1,1,word_decoding,landado,enfadado,lanzado,anger,22400.9,18,female,keypress
martineztomas2026_discrete_emotionality_exp2,exp2_49,exp2_t2,2,word_decoding,distantación,lejanía,distanciamiento,sadness,19185.2,18,female,keypress
martineztomas2026_discrete_emotionality_exp2,exp2_49,exp2_t3,3,word_decoding,dastro,intruso,diestro,fear,8000.4,18,female,keypress
martineztomas2026_discrete_emotionality_exp2,exp2_49,exp2_t4,4,word_decoding,puntiaguja,espada,puntiagudo,fear,7986.3,18,female,keypress
martineztomas2026_discrete_emotionality_exp2,exp2_49,exp2_t5,5,word_decoding,enjauladero,prisión,jaula,fear,20887.7,18,female,keypress
martineztomas2026_discrete_emotionality_exp2,exp2_49,exp2_t6,6,word_decoding,dinería,lotería,dinero,happiness,10332.3,18,female,keypress
martineztomas2026_discrete_emotionality_exp2,exp2_49,exp2_t7,7,word_decoding,clespiente,veneno,recipiente,fear,22551.1,18,female,keypress
martineztomas2026_discrete_emotionality_exp2,exp2_49,exp2_t8,8,word_decoding,chismolo,rumor,chismoso,anger,5051.4,18,female,keypress
martineztomas2026_discrete_emotionality_exp2,exp2_49,exp2_t9,9,word_decoding,flastación,visión,fantástico,happiness,19218.6,18,female,keypress
martineztomas2026_discrete_emotionality_exp2,exp2_49,exp2_t10,10,word_decoding,bailetín,carnaval,maletín,happiness,14116,18,female,keypress
martineztomas2026_discrete_emotionality_exp2,exp2_49,exp2_t11,11,word_decoding,descín,ruina,delfín,sadness,11769.9,18,female,keypress
martineztomas2026_discrete_emotionality_exp2,exp2_49,exp2_t12,12,word_decoding,residuera,basura,residencia,disgust,27319.8,18,female,keypress
martineztomas2026_discrete_emotionality_exp2,exp2_49,exp2_t13,13,word_decoding,palabrostio,insulto,palabrota,anger,16969.3,18,female,keypress
martineztomas2026_discrete_emotionality_exp2,exp2_49,exp2_t14,14,word_decoding,furieta,rabia,furia,anger,9552.2,18,female,keypress
martineztomas2026_discrete_emotionality_exp2,exp2_49,exp2_t15,15,word_decoding,desabete,censura,desobedece,disgust,37101.8,18,female,keypress
martineztomas2026_discrete_emotionality_exp2,exp2_49,exp2_t16,16,word_decoding,frórico,eufórico,flor,happiness,54770.7,18,female,keypress
martineztomas2026_discrete_emotionality_exp2,exp2_49,exp2_t17,17,word_decoding,eniecido,enemigo,envejecido,anger,12285.9,18,female,keypress
martineztomas2026_discrete_emotionality_exp2,exp2_49,exp2_t18,18,word_decoding,plareja,novio,pareja,happiness,4751.9,18,female,keypress
martineztomas2026_discrete_emotionality_exp2,exp2_49,exp2_t19,19,word_decoding,bendigolo,mendigo,bendecido,sadness,24001.8,18,female,keypress
martineztomas2026_discrete_emotionality_exp2,exp2_49,exp2_t20,20,word_decoding,queranza,añoranza,esperanza,sadness,21467.7,18,female,keypress
martineztomas2026_discrete_emotionality_exp2,exp2_49,exp2_t21,21,word_decoding,fiminos,piojos,minimos,disgust,12136.2,18,female,keypress
martineztomas2026_discrete_emotionality_exp2,exp2_49,exp2_t22,22,word_decoding,argola,pistola,anguila,fear,70986.5,18,female,keypress
martineztomas2026_discrete_emotionality_exp2,exp2_49,exp2_t23,23,word_decoding,fumaika,tabaco,jamaica,disgust,35038.9,18,female,keypress
martineztomas2026_discrete_emotionality_exp2,exp2_49,exp2_t24,24,word_decoding,valacer,cadáver,placer,sadness,24352.1,18,female,keypress
martineztomas2026_discrete_emotionality_exp2,exp2_50,exp2_t0,0,word_decoding,queranza,añoranza,querer,sadness,3766.8,19,female,keypress
martineztomas2026_discrete_emotionality_exp2,exp2_50,exp2_t1,1,word_decoding,descín,ruina,desliz,sadness,4946.7,19,female,keypress
martineztomas2026_discrete_emotionality_exp2,exp2_50,exp2_t2,2,word_decoding,fumaika,tabaco,fumador,disgust,5066.3,19,female,keypress
martineztomas2026_discrete_emotionality_exp2,exp2_50,exp2_t3,3,word_decoding,valacer,cadáver,fallecer,sadness,24069.5,19,female,keypress
martineztomas2026_discrete_emotionality_exp2,exp2_50,exp2_t4,4,word_decoding,fiminos,piojos,femeninos,disgust,15234.1,19,female,keypress
martineztomas2026_discrete_emotionality_exp2,exp2_50,exp2_t5,5,word_decoding,argola,pistola,areola,fear,104719.1,19,female,keypress
martineztomas2026_discrete_emotionality_exp2,exp2_50,exp2_t6,6,word_decoding,clespiente,veneno,sorprendente,fear,15134.8,19,female,keypress
martineztomas2026_discrete_emotionality_exp2,exp2_50,exp2_t7,7,word_decoding,enjauladero,prisión,enjaulado,fear,19849.3,19,female,keypress
martineztomas2026_discrete_emotionality_exp2,exp2_50,exp2_t8,8,word_decoding,dastro,intruso,rastro,fear,4367,19,female,keypress
martineztomas2026_discrete_emotionality_exp2,exp2_50,exp2_t9,9,word_decoding,landado,enfadado,lanzado,anger,7620.5,19,female,keypress
martineztomas2026_discrete_emotionality_exp2,exp2_50,exp2_t10,10,word_decoding,palabrostio,insulto,hablador,anger,17967.4,19,female,keypress
martineztomas2026_discrete_emotionality_exp2,exp2_50,exp2_t11,11,word_decoding,fierdo,hedor,cerdo,disgust,4900.4,19,female,keypress
martineztomas2026_discrete_emotionality_exp2,exp2_50,exp2_t12,12,word_decoding,residuera,basura,residente,disgust,9953.8,19,female,keypress
martineztomas2026_discrete_emotionality_exp2,exp2_50,exp2_t13,13,word_decoding,puntiaguja,espada,puntiagudo,fear,11900.2,19,female,keypress
martineztomas2026_discrete_emotionality_exp2,exp2_50,exp2_t14,14,word_decoding,dinería,lotería,banco,happiness,7686.8,19,female,keypress
martineztomas2026_discrete_emotionality_exp2,exp2_50,exp2_t15,15,word_decoding,distantación,lejanía,distanciamiento,sadness,12416.3,19,female,keypress
martineztomas2026_discrete_emotionality_exp2,exp2_50,exp2_t16,16,word_decoding,flastación,visión,fascinación,happiness,15636.2,19,female,keypress
martineztomas2026_discrete_emotionality_exp2,exp2_50,exp2_t17,17,word_decoding,frórico,eufórico,floral,happiness,9750.2,19,female,keypress
martineztomas2026_discrete_emotionality_exp2,exp2_50,exp2_t18,18,word_decoding,plareja,novio,pareja,happiness,4266.8,19,female,keypress
martineztomas2026_discrete_emotionality_exp2,exp2_50,exp2_t19,19,word_decoding,desabete,censura,desajuste,disgust,10487.4,19,female,keypress
martineztomas2026_discrete_emotionality_exp2,exp2_50,exp2_t20,20,word_decoding,bendigolo,mendigo,mendigo,sadness,9249.5,19,female,keypress
martineztomas2026_discrete_emotionality_exp2,exp2_50,exp2_t21,21,word_decoding,furieta,rabia,furioso,anger,9933.1,19,female,keypress
martineztomas2026_discrete_emotionality_exp2,exp2_50,exp2_t22,22,word_decoding,eniecido,enemigo,adormecido,anger,10047.3,19,female,keypress
martineztomas2026_discrete_emotionality_exp2,exp2_51,exp2_t0,0,word_decoding,distantación,lejanía,distanciamiento,sadness,17766,18,female,keypress
martineztomas2026_discrete_emotionality_exp2,exp2_51,exp2_t1,1,word_decoding,chismolo,rumor,chismoso,anger,5227,18,female,keypress
martineztomas2026_discrete_emotionality_exp2,exp2_51,exp2_t2,2,word_decoding,valacer,cadáver,validar,sadness,63655,18,female,keypress
martineztomas2026_discrete_emotionality_exp2,exp2_51,exp2_t3,3,word_decoding,bendigolo,mendigo,mendigo,sadness,18629,18,female,keypress
martineztomas2026_discrete_emotionality_exp2,exp2_51,exp2_t4,4,word_decoding,frórico,eufórico,folclórico,happiness,74414,18,female,keypress
martineztomas2026_discrete_emotionality_exp2,exp2_51,exp2_t5,5,word_decoding,fiminos,piojos,felinos,disgust,6176,18,female,keypress
martineztomas2026_discrete_emotionality_exp2,exp2_51,exp2_t6,6,word_decoding,palabrostio,insulto,palabrota,anger,11340,18,female,keypress
martineztomas2026_discrete_emotionality_exp2,exp2_51,exp2_t7,7,word_decoding,landado,enfadado,lanzado,anger,11640,18,female,keypress
martineztomas2026_discrete_emotionality_exp2,exp2_51,exp2_t8,8,word_decoding,flastación,visión,iluminación,happiness,62790,18,female,keypress
martineztomas2026_discrete_emotionality_exp2,exp2_51,exp2_t9,9,word_decoding,bailetín,carnaval,bailarín,happiness,30936,18,female,keypress
martineztomas2026_discrete_emotionality_exp2,exp2_51,exp2_t10,10,word_decoding,residuera,basura,residencia,disgust,20031,18,female,keypress
martineztomas2026_discrete_emotionality_exp2,exp2_51,exp2_t11,11,word_decoding,puntiaguja,espada,puntiaguda,fear,9655,18,female,keypress
martineztomas2026_discrete_emotionality_exp2,exp2_51,exp2_t12,12,word_decoding,enjauladero,prisión,cárcel,fear,13521,18,female,keypress
martineztomas2026_discrete_emotionality_exp2,exp2_51,exp2_t13,13,word_decoding,fierdo,hedor,fiordo,disgust,32884,18,female,keypress
martineztomas2026_discrete_emotionality_exp2,exp2_51,exp2_t14,14,word_decoding,fumaika,tabaco,fumador,disgust,29338,18,female,keypress
martineztomas2026_discrete_emotionality_exp2,exp2_51,exp2_t15,15,word_decoding,eniecido,enemigo,ennegrecido,anger,55196,18,female,keypress
martineztomas2026_discrete_emotionality_exp2,exp2_51,exp2_t16,16,word_decoding,plareja,novio,pareja,happiness,4662,18,female,keypress
martineztomas2026_discrete_emotionality_exp2,exp2_51,exp2_t17,17,word_decoding,clespiente,veneno,serpiente,fear,44244,18,female,keypress
martineztomas2026_discrete_emotionality_exp2,exp2_51,exp2_t18,18,word_decoding,furieta,rabia,furiosa,anger,5924,18,female,keypress
martineztomas2026_discrete_emotionality_exp2,exp2_51,exp2_t19,19,word_decoding,queranza,añoranza,esperanza,sadness,6541,18,female,keypress
martineztomas2026_discrete_emotionality_exp2,exp2_51,exp2_t20,20,word_decoding,descín,ruina,descenso,sadness,6109,18,female,keypress
martineztomas2026_discrete_emotionality_exp2,exp2_51,exp2_t21,21,word_decoding,dastro,intruso,diestro,fear,13123,18,female,keypress
martineztomas2026_discrete_emotionality_exp2,exp2_51,exp2_t22,22,word_decoding,desabete,censura,diabetes,disgust,68286,18,female,keypress
martineztomas2026_discrete_emotionality_exp2,exp2_51,exp2_t23,23,word_decoding,dinería,lotería,banco,happiness,17151,18,female,keypress
martineztomas2026_discrete_emotionality_exp2,exp2_51,exp2_t24,24,word_decoding,argola,pistola,arboleda,fear,47304,18,female,keypress
martineztomas2026_discrete_emotionality_exp2,exp2_52,exp2_t0,0,word_decoding,desabete,censura,retrete,disgust,12883,19,female,keypress
martineztomas2026_discrete_emotionality_exp2,exp2_52,exp2_t1,1,word_decoding,frórico,eufórico,estupendo,happiness,39334,19,female,keypress
martineztomas2026_discrete_emotionality_exp2,exp2_52,exp2_t2,2,word_decoding,queranza,añoranza,amor,sadness,9267,19,female,keypress
martineztomas2026_discrete_emotionality_exp2,exp2_52,exp2_t3,3,word_decoding,eniecido,enemigo,nacido,anger,35000,19,female,keypress
martineztomas2026_discrete_emotionality_exp2,exp2_52,exp2_t4,4,word_decoding,dinería,lotería,banco,happiness,12067,19,female,keypress
martineztomas2026_discrete_emotionality_exp2,exp2_52,exp2_t5,5,word_decoding,palabrostio,insulto,palabrota,anger,25984,19,female,keypress
martineztomas2026_discrete_emotionality_exp2,exp2_52,exp2_t6,6,word_decoding,residuera,basura,papelera,disgust,10398,19,female,keypress
martineztomas2026_discrete_emotionality_exp2,exp2_52,exp2_t7,7,word_decoding,flastación,visión,aplanar,happiness,51267,19,female,keypress
martineztomas2026_discrete_emotionality_exp2,exp2_52,exp2_t8,8,word_decoding,fiminos,piojos,gatos,disgust,6533,19,female,keypress
martineztomas2026_discrete_emotionality_exp2,exp2_52,exp2_t9,9,word_decoding,bendigolo,mendigo,mendigo,sadness,11883,19,female,keypress
martineztomas2026_discrete_emotionality_exp2,exp2_52,exp2_t10,10,word_decoding,plareja,novio,pareja,happiness,8999,19,female,keypress
martineztomas2026_discrete_emotionality_exp2,exp2_52,exp2_t11,11,word_decoding,enjauladero,prisión,jaula,fear,6565,19,female,keypress
martineztomas2026_discrete_emotionality_exp2,exp2_52,exp2_t12,12,word_decoding,dastro,intruso,rastro,fear,10166,19,female,keypress
martineztomas2026_discrete_emotionality_exp2,exp2_52,exp2_t13,13,word_decoding,chismolo,rumor,chisme,anger,27637,19,female,keypress
martineztomas2026_discrete_emotionality_exp2,exp2_52,exp2_t14,14,word_decoding,valacer,cadáver,disparo,sadness,21283,19,female,keypress
martineztomas2026_discrete_emotionality_exp2,exp2_52,exp2_t15,15,word_decoding,landado,enfadado,torcido,anger,12432,19,female,keypress
martineztomas2026_discrete_emotionality_exp2,exp2_52,exp2_t16,16,word_decoding,puntiaguja,espada,enhebrar,fear,58784,19,female,keypress
martineztomas2026_discrete_emotionality_exp2,exp2_52,exp2_t17,17,word_decoding,bailetín,carnaval,bailarín,happiness,11532,19,female,keypress
martineztomas2026_discrete_emotionality_exp2,exp2_52,exp2_t18,18,word_decoding,clespiente,veneno,reluciente,fear,10483,19,female,keypress
martineztomas2026_discrete_emotionality_exp2,exp2_52,exp2_t19,19,word_decoding,distantación,lejanía,distancia,sadness,15469,19,female,keypress
martineztomas2026_discrete_emotionality_exp2,exp2_52,exp2_t20,20,word_decoding,fumaika,tabaco,fumadora,disgust,14200,19,female,keypress
martineztomas2026_discrete_emotionality_exp2,exp2_52,exp2_t21,21,word_decoding,descín,ruina,delfín,sadness,9733,19,female,keypress
martineztomas2026_discrete_emotionality_exp2,exp2_52,exp2_t22,22,word_decoding,argola,pistola,águila,fear,6683,19,female,keypress
martineztomas2026_discrete_emotionality_exp2,exp2_52,exp2_t23,23,word_decoding,furieta,rabia,rabieta,anger,6533,19,female,keypress
martineztomas2026_discrete_emotionality_exp2,exp2_52,exp2_t24,24,word_decoding,fierdo,hedor,miedo,disgust,6915,19,female,keypress
martineztomas2026_discrete_emotionality_exp2,exp2_53,exp2_t0,0,word_decoding,fierdo,hedor,fierro,disgust,13527.4,20,female,keypress
martineztomas2026_discrete_emotionality_exp2,exp2_53,exp2_t1,1,word_decoding,plareja,novio,pareja,happiness,5307.3,20,female,keypress
martineztomas2026_discrete_emotionality_exp2,exp2_53,exp2_t2,2,word_decoding,puntiaguja,espada,puntiaguda,fear,5334.1,20,female,keypress
martineztomas2026_discrete_emotionality_exp2,exp2_53,exp2_t3,3,word_decoding,dinería,lotería,dinero,happiness,19229.4,20,female,keypress
martineztomas2026_discrete_emotionality_exp2,exp2_53,exp2_t4,4,word_decoding,argola,pistola,gárgola,fear,10271.5,20,female,keypress
martineztomas2026_discrete_emotionality_exp2,exp2_53,exp2_t5,5,word_decoding,bailetín,carnaval,maletín,happiness,4613.4,20,female,keypress
martineztomas2026_discrete_emotionality_exp2,exp2_53,exp2_t6,6,word_decoding,fumaika,tabaco,fumar,disgust,2785.4,20,female,keypress
martineztomas2026_discrete_emotionality_exp2,exp2_53,exp2_t7,7,word_decoding,eniecido,enemigo,nacido,anger,6921.1,20,female,keypress
martineztomas2026_discrete_emotionality_exp2,exp2_53,exp2_t8,8,word_decoding,palabrostio,insulto,palabras,anger,4085.1,20,female,keypress
martineztomas2026_discrete_emotionality_exp2,exp2_53,exp2_t9,9,word_decoding,clespiente,veneno,serpiente,fear,3819,20,female,keypress
martineztomas2026_discrete_emotionality_exp2,exp2_53,exp2_t10,10,word_decoding,enjauladero,prisión,jaula,fear,3474.4,20,female,keypress
martineztomas2026_discrete_emotionality_exp2,exp2_53,exp2_t11,11,word_decoding,valacer,cadáver,fallecer,sadness,3641.6,20,female,keypress
martineztomas2026_discrete_emotionality_exp2,exp2_53,exp2_t12,12,word_decoding,frórico,eufórico,frío,happiness,17673.7,20,female,keypress
martineztomas2026_discrete_emotionality_exp2,exp2_53,exp2_t13,13,word_decoding,queranza,añoranza,esperanza,sadness,6869.3,20,female,keypress
martineztomas2026_discrete_emotionality_exp2,exp2_53,exp2_t14,14,word_decoding,dastro,intruso,rastro,fear,3969.1,20,female,keypress
martineztomas2026_discrete_emotionality_exp2,exp2_53,exp2_t15,15,word_decoding,descín,ruina,decir,sadness,6997.6,20,female,keypress
martineztomas2026_discrete_emotionality_exp2,exp2_53,exp2_t16,16,word_decoding,flastación,visión,fluctuación,happiness,5138.2,20,female,keypress
martineztomas2026_discrete_emotionality_exp2,exp2_53,exp2_t17,17,word_decoding,residuera,basura,residencia,disgust,4885.4,20,female,keypress
martineztomas2026_discrete_emotionality_exp2,exp2_53,exp2_t18,18,word_decoding,chismolo,rumor,chisme,anger,4040,20,female,keypress
martineztomas2026_discrete_emotionality_exp2,exp2_53,exp2_t19,19,word_decoding,distantación,lejanía,distinción,sadness,7233.7,20,female,keypress
martineztomas2026_discrete_emotionality_exp2,exp2_53,exp2_t20,20,word_decoding,bendigolo,mendigo,vestíbulo,sadness,20162.2,20,female,keypress
martineztomas2026_discrete_emotionality_exp2,exp2_53,exp2_t21,21,word_decoding,furieta,rabia,glorieta,anger,6972.2,20,female,keypress
martineztomas2026_discrete_emotionality_exp2,exp2_53,exp2_t22,22,word_decoding,landado,enfadado,candado,anger,4836.8,20,female,keypress
martineztomas2026_discrete_emotionality_exp2,exp2_54,exp2_t0,0,word_decoding,queranza,añoranza,querer,sadness,6633.4,19,female,keypress
martineztomas2026_discrete_emotionality_exp2,exp2_54,exp2_t1,1,word_decoding,fiminos,piojos,chicas,disgust,18595,19,female,keypress
martineztomas2026_discrete_emotionality_exp2,exp2_54,exp2_t2,2,word_decoding,eniecido,enemigo,incendio,anger,19440.7,19,female,keypress
martineztomas2026_discrete_emotionality_exp2,exp2_54,exp2_t3,3,word_decoding,dastro,intruso,diestro,fear,5490.4,19,female,keypress
martineztomas2026_discrete_emotionality_exp2,exp2_54,exp2_t4,4,word_decoding,dinería,lotería,dinero,happiness,3946.6,19,female,keypress
martineztomas2026_discrete_emotionality_exp2,exp2_54,exp2_t5,5,word_decoding,fierdo,hedor,feroz,disgust,9872.8,19,female,keypress
martineztomas2026_discrete_emotionality_exp2,exp2_54,exp2_t6,6,word_decoding,puntiaguja,espada,puntiagudo,fear,10862,19,female,keypress
martineztomas2026_discrete_emotionality_exp2,exp2_54,exp2_t7,7,word_decoding,frórico,eufórico,eufórico,happiness,14017.2,19,female,keypress
martineztomas2026_discrete_emotionality_exp2,exp2_54,exp2_t8,8,word_decoding,valacer,cadáver,valer,sadness,5432.9,19,female,keypress
martineztomas2026_discrete_emotionality_exp2,exp2_54,exp2_t9,9,word_decoding,bailetín,carnaval,baile,happiness,7751.7,19,female,keypress
martineztomas2026_discrete_emotionality_exp2,exp2_54,exp2_t10,10,word_decoding,desabete,censura,irse,disgust,20035,19,female,keypress
martineztomas2026_discrete_emotionality_exp2,exp2_54,exp2_t11,11,word_decoding,distantación,lejanía,distancia,sadness,7418,19,female,keypress
martineztomas2026_discrete_emotionality_exp2,exp2_54,exp2_t12,12,word_decoding,descín,ruina,deshacer,sadness,4650.8,19,female,keypress
martineztomas2026_discrete_emotionality_exp2,exp2_54,exp2_t13,13,word_decoding,bendigolo,mendigo,mendigo,sadness,7086.3,19,female,keypress
martineztomas2026_discrete_emotionality_exp2,exp2_54,exp2_t14,14,word_decoding,palabrostio,insulto,palabrota,anger,9099.5,19,female,keypress
martineztomas2026_discrete_emotionality_exp2,exp2_54,exp2_t15,15,word_decoding,plareja,novio,pareja,happiness,6384.2,19,female,keypress
martineztomas2026_discrete_emotionality_exp2,exp2_54,exp2_t16,16,word_decoding,argola,pistola,ahora,fear,4868,19,female,keypress
martineztomas2026_discrete_emotionality_exp2,exp2_54,exp2_t17,17,word_decoding,chismolo,rumor,chisme,anger,4983.5,19,female,keypress
martineztomas2026_discrete_emotionality_exp2,exp2_54,exp2_t18,18,word_decoding,enjauladero,prisión,carcelario,fear,9222.9,19,female,keypress
martineztomas2026_discrete_emotionality_exp2,exp2_54,exp2_t19,19,word_decoding,fumaika,tabaco,fumador,disgust,8179.9,19,female,keypress
martineztomas2026_discrete_emotionality_exp2,exp2_54,exp2_t20,20,word_decoding,furieta,rabia,furia,anger,8744.3,19,female,keypress
martineztomas2026_discrete_emotionality_exp2,exp2_54,exp2_t21,21,word_decoding,flastación,visión,aplastar,happiness,14600,19,female,keypress
martineztomas2026_discrete_emotionality_exp2,exp2_54,exp2_t22,22,word_decoding,landado,enfadado,candado,anger,6547.7,19,female,keypress
martineztomas2026_discrete_emotionality_exp2,exp2_54,exp2_t23,23,word_decoding,clespiente,veneno,serpiente,fear,5864.3,19,female,keypress
martineztomas2026_discrete_emotionality_exp2,exp2_54,exp2_t24,24,word_decoding,residuera,basura,residuo,disgust,6584,19,female,keypress
martineztomas2026_discrete_emotionality_exp2,exp2_55,exp2_t0,0,word_decoding,residuera,basura,regadera,disgust,5634,18,female,keypress
martineztomas2026_discrete_emotionality_exp2,exp2_55,exp2_t1,1,word_decoding,fumaika,tabaco,fumar,disgust,5215,18,female,keypress
martineztomas2026_discrete_emotionality_exp2,exp2_55,exp2_t2,2,word_decoding,queranza,añoranza,esperanza,sadness,3560.9,18,female,keypress
martineztomas2026_discrete_emotionality_exp2,exp2_55,exp2_t3,3,word_decoding,bailetín,carnaval,bailarín,happiness,5617.4,18,female,keypress
martineztomas2026_discrete_emotionality_exp2,exp2_55,exp2_t4,4,word_decoding,landado,enfadado,lanzado,anger,4413.5,18,female,keypress
martineztomas2026_discrete_emotionality_exp2,exp2_55,exp2_t5,5,word_decoding,descín,ruina,delfin,sadness,5012.4,18,female,keypress
martineztomas2026_discrete_emotionality_exp2,exp2_55,exp2_t6,6,word_decoding,fierdo,hedor,cerdo,disgust,3978.7,18,female,keypress
martineztomas2026_discrete_emotionality_exp2,exp2_55,exp2_t7,7,word_decoding,argola,pistola,gargola,fear,3763.1,18,female,keypress
martineztomas2026_discrete_emotionality_exp2,exp2_55,exp2_t8,8,word_decoding,dastro,intruso,castro,fear,7077.5,18,female,keypress
martineztomas2026_discrete_emotionality_exp2,exp2_55,exp2_t9,9,word_decoding,dinería,lotería,restaurante,happiness,6060.7,18,female,keypress
martineztomas2026_discrete_emotionality_exp2,exp2_55,exp2_t10,10,word_decoding,distantación,lejanía,distancia,sadness,7125.2,18,female,keypress
martineztomas2026_discrete_emotionality_exp2,exp2_55,exp2_t11,11,word_decoding,fiminos,piojos,minimos,disgust,7710.8,18,female,keypress
martineztomas2026_discrete_emotionality_exp2,exp2_55,exp2_t12,12,word_decoding,plareja,novio,pareja,happiness,3046.3,18,female,keypress
martineztomas2026_discrete_emotionality_exp2,exp2_55,exp2_t13,13,word_decoding,valacer,cadáver,placer,sadness,2431.2,18,female,keypress
martineztomas2026_discrete_emotionality_exp2,exp2_55,exp2_t14,14,word_decoding,palabrostio,insulto,palabra,anger,2965.3,18,female,keypress
martineztomas2026_discrete_emotionality_exp2,exp2_55,exp2_t15,15,word_decoding,desabete,censura,debate,disgust,6595.1,18,female,keypress
martineztomas2026_discrete_emotionality_exp2,exp2_55,exp2_t16,16,word_decoding,enjauladero,prisión,jaula,fear,5013.6,18,female,keypress
martineztomas2026_discrete_emotionality_exp2,exp2_55,exp2_t17,17,word_decoding,frórico,eufórico,folclorico,happiness,8210.5,18,female,keypress
martineztomas2026_discrete_emotionality_exp2,exp2_55,exp2_t18,18,word_decoding,chismolo,rumor,chisme,anger,4312.4,18,female,keypress
martineztomas2026_discrete_emotionality_exp2,exp2_55,exp2_t19,19,word_decoding,bendigolo,mendigo,bendecido,sadness,10958,18,female,keypress
martineztomas2026_discrete_emotionality_exp2,exp2_55,exp2_t20,20,word_decoding,clespiente,veneno,serpiente,fear,6278.3,18,female,keypress
martineztomas2026_discrete_emotionality_exp2,exp2_55,exp2_t21,21,word_decoding,furieta,rabia,furia,anger,4497.2,18,female,keypress
martineztomas2026_discrete_emotionality_exp2,exp2_55,exp2_t22,22,word_decoding,eniecido,enemigo,encendido,anger,4931.7,18,female,keypress
martineztomas2026_discrete_emotionality_exp2,exp2_56,exp2_t0,0,word_decoding,fiminos,piojos,fimosis,disgust,6386.5,18,female,keypress
martineztomas2026_discrete_emotionality_exp2,exp2_56,exp2_t1,1,word_decoding,dinería,lotería,dinero,happiness,7603.8,18,female,keypress
martineztomas2026_discrete_emotionality_exp2,exp2_56,exp2_t2,2,word_decoding,eniecido,enemigo,enciendo,anger,6520.7,18,female,keypress
martineztomas2026_discrete_emotionality_exp2,exp2_56,exp2_t3,3,word_decoding,furieta,rabia,furiosa,anger,11249,18,female,keypress
martineztomas2026_discrete_emotionality_exp2,exp2_56,exp2_t4,4,word_decoding,puntiaguja,espada,puntiaguda,fear,8554,18,female,keypress
martineztomas2026_discrete_emotionality_exp2,exp2_56,exp2_t5,5,word_decoding,palabrostio,insulto,abecedario,anger,33254.4,18,female,keypress
martineztomas2026_discrete_emotionality_exp2,exp2_56,exp2_t6,6,word_decoding,argola,pistola,angola,fear,9737.4,18,female,keypress
martineztomas2026_discrete_emotionality_exp2,exp2_56,exp2_t7,7,word_decoding,descín,ruina,destino,sadness,5971.4,18,female,keypress
martineztomas2026_discrete_emotionality_exp2,exp2_56,exp2_t8,8,word_decoding,queranza,añoranza,riqueza,sadness,15037.3,18,female,keypress
martineztomas2026_discrete_emotionality_exp2,exp2_56,exp2_t9,9,word_decoding,residuera,basura,residuos,disgust,13933.6,18,female,keypress
martineztomas2026_discrete_emotionality_exp2,exp2_56,exp2_t10,10,word_decoding,bendigolo,mendigo,mendigo,sadness,7516.8,18,female,keypress
martineztomas2026_discrete_emotionality_exp2,exp2_56,exp2_t11,11,word_decoding,fumaika,tabaco,fumar,disgust,35003.8,18,female,keypress
martineztomas2026_discrete_emotionality_exp2,exp2_56,exp2_t12,12,word_decoding,enjauladero,prisión,enjaulado,fear,9083.5,18,female,keypress
martineztomas2026_discrete_emotionality_exp2,exp2_56,exp2_t13,13,word_decoding,chismolo,rumor,chismoso,anger,9232.9,18,female,keypress
martineztomas2026_discrete_emotionality_exp2,exp2_56,exp2_t14,14,word_decoding,distantación,lejanía,distanciamiento,sadness,9852,18,female,keypress
martineztomas2026_discrete_emotionality_exp2,exp2_56,exp2_t15,15,word_decoding,landado,enfadado,lanzado,anger,10421.3,18,female,keypress
martineztomas2026_discrete_emotionality_exp2,exp2_56,exp2_t16,16,word_decoding,clespiente,veneno,serpiente,fear,4615.8,18,female,keypress
martineztomas2026_discrete_emotionality_exp2,exp2_56,exp2_t17,17,word_decoding,desabete,censura,desastre,disgust,8353.7,18,female,keypress
martineztomas2026_discrete_emotionality_exp2,exp2_56,exp2_t18,18,word_decoding,plareja,novio,pareja,happiness,6154.2,18,female,keypress
martineztomas2026_discrete_emotionality_exp2,exp2_56,exp2_t19,19,word_decoding,flastación,visión,inflación,happiness,9583.4,18,female,keypress
martineztomas2026_discrete_emotionality_exp2,exp2_56,exp2_t20,20,word_decoding,dastro,intruso,trasto,fear,5249.8,18,female,keypress
martineztomas2026_discrete_emotionality_exp2,exp2_56,exp2_t21,21,word_decoding,valacer,cadáver,fallecer,sadness,6620.3,18,female,keypress
martineztomas2026_discrete_emotionality_exp2,exp2_56,exp2_t22,22,word_decoding,bailetín,carnaval,bailarin,happiness,4853.7,18,female,keypress
martineztomas2026_discrete_emotionality_exp2,exp2_56,exp2_t23,23,word_decoding,fierdo,hedor,fiordo,disgust,32846.8,18,female,keypress
martineztomas2026_discrete_emotionality_exp2,exp2_57,exp2_t0,0,word_decoding,chismolo,rumor,chisme,anger,6382.6,18,female,keypress
martineztomas2026_discrete_emotionality_exp2,exp2_57,exp2_t1,1,word_decoding,plareja,novio,palabreja,happiness,7635.3,18,female,keypress
martineztomas2026_discrete_emotionality_exp2,exp2_57,exp2_t2,2,word_decoding,descín,ruina,delfín,sadness,11900.4,18,female,keypress
martineztomas2026_discrete_emotionality_exp2,exp2_57,exp2_t3,3,word_decoding,puntiaguja,espada,puntiaguda,fear,10065.7,18,female,keypress
martineztomas2026_discrete_emotionality_exp2,exp2_57,exp2_t4,4,word_decoding,residuera,basura,residir,disgust,12802.2,18,female,keypress
martineztomas2026_discrete_emotionality_exp2,exp2_57,exp2_t5,5,word_decoding,fiminos,piojos,femeninos,disgust,10582.7,18,female,keypress
martineztomas2026_discrete_emotionality_exp2,exp2_57,exp2_t6,6,word_decoding,eniecido,enemigo,ennegrecido,anger,30730.7,18,female,keypress
martineztomas2026_discrete_emotionality_exp2,exp2_57,exp2_t7,7,word_decoding,desabete,censura,sorbete,disgust,25449.1,18,female,keypress
martineztomas2026_discrete_emotionality_exp2,exp2_57,exp2_t8,8,word_decoding,fumaika,tabaco,fumada,disgust,7719.1,18,female,keypress
martineztomas2026_discrete_emotionality_exp2,exp2_57,exp2_t9,9,word_decoding,fierdo,hedor,cerdo,disgust,21364.3,18,female,keypress
martineztomas2026_discrete_emotionality_exp2,exp2_57,exp2_t10,10,word_decoding,clespiente,veneno,serpiente,fear,9035.7,18,female,keypress
martineztomas2026_discrete_emotionality_exp2,exp2_57,exp2_t11,11,word_decoding,landado,enfadado,enterrado,anger,30368.5,18,female,keypress
martineztomas2026_discrete_emotionality_exp2,exp2_57,exp2_t12,12,word_decoding,queranza,añoranza,amor,sadness,6147.8,18,female,keypress
martineztomas2026_discrete_emotionality_exp2,exp2_57,exp2_t13,13,word_decoding,bendigolo,mendigo,mendigo,sadness,16800.3,18,female,keypress
martineztomas2026_discrete_emotionality_exp2,exp2_57,exp2_t14,14,word_decoding,dastro,intruso,astro,fear,35283.2,18,female,keypress
martineztomas2026_discrete_emotionality_exp2,exp2_57,exp2_t15,15,word_decoding,frórico,eufórico,frigorífico,happiness,33497.5,18,female,keypress
martineztomas2026_discrete_emotionality_exp2,exp2_57,exp2_t16,16,word_decoding,flastación,visión,desplazamiento,happiness,14200.2,18,female,keypress
martineztomas2026_discrete_emotionality_exp2,exp2_57,exp2_t17,17,word_decoding,dinería,lotería,banco,happiness,8800,18,female,keypress
martineztomas2026_discrete_emotionality_exp2,exp2_57,exp2_t18,18,word_decoding,distantación,lejanía,distanciamiento,sadness,13449.3,18,female,keypress
martineztomas2026_discrete_emotionality_exp2,exp2_57,exp2_t19,19,word_decoding,palabrostio,insulto,palabrota,anger,6949.4,18,female,keypress
martineztomas2026_discrete_emotionality_exp2,exp2_57,exp2_t20,20,word_decoding,valacer,cadáver,permitido,sadness,8149.3,18,female,keypress
martineztomas2026_discrete_emotionality_exp2,exp2_57,exp2_t21,21,word_decoding,argola,pistola,ahora,fear,7165,18,female,keypress
martineztomas2026_discrete_emotionality_exp2,exp2_57,exp2_t22,22,word_decoding,enjauladero,prisión,jaula,fear,9365.8,18,female,keypress
martineztomas2026_discrete_emotionality_exp2,exp2_57,exp2_t23,23,word_decoding,bailetín,carnaval,bailarín,happiness,6850.8,18,female,keypress
martineztomas2026_discrete_emotionality_exp2,exp2_57,exp2_t24,24,word_decoding,furieta,rabia,furiosa,anger,12565.7,18,female,keypress
martineztomas2026_discrete_emotionality_exp2,exp2_58,exp2_t0,0,word_decoding,palabrostio,insulto,palabrota,anger,3899.4,18,female,keypress
martineztomas2026_discrete_emotionality_exp2,exp2_58,exp2_t1,1,word_decoding,clespiente,veneno,serpiente,fear,8034.5,18,female,keypress
martineztomas2026_discrete_emotionality_exp2,exp2_58,exp2_t2,2,word_decoding,argola,pistola,ahora,fear,3431.4,18,female,keypress
martineztomas2026_discrete_emotionality_exp2,exp2_58,exp2_t3,3,word_decoding,flastación,visión,estación,happiness,20766.1,18,female,keypress
martineztomas2026_discrete_emotionality_exp2,exp2_58,exp2_t4,4,word_decoding,furieta,rabia,furia,anger,6399.1,18,female,keypress
martineztomas2026_discrete_emotionality_exp2,exp2_58,exp2_t5,5,word_decoding,chismolo,rumor,chisme,anger,3132.3,18,female,keypress
martineztomas2026_discrete_emotionality_exp2,exp2_58,exp2_t6,6,word_decoding,descín,ruina,delfín,sadness,4999.6,18,female,keypress
martineztomas2026_discrete_emotionality_exp2,exp2_58,exp2_t7,7,word_decoding,plareja,novio,pareja,happiness,2566.2,18,female,keypress
martineztomas2026_discrete_emotionality_exp2,exp2_58,exp2_t8,8,word_decoding,queranza,añoranza,amor,sadness,5800,18,female,keypress
martineztomas2026_discrete_emotionality_exp2,exp2_58,exp2_t9,9,word_decoding,dinería,lotería,dinero,happiness,3100.2,18,female,keypress
martineztomas2026_discrete_emotionality_exp2,exp2_58,exp2_t10,10,word_decoding,frórico,eufórico,frigorífico,happiness,8800.1,18,female,keypress
martineztomas2026_discrete_emotionality_exp2,exp2_58,exp2_t11,11,word_decoding,fumaika,tabaco,fumada,disgust,6699.7,18,female,keypress
martineztomas2026_discrete_emotionality_exp2,exp2_58,exp2_t12,12,word_decoding,bendigolo,mendigo,mendigo,sadness,3365.4,18,female,keypress
martineztomas2026_discrete_emotionality_exp2,exp2_58,exp2_t13,13,word_decoding,landado,enfadado,lanzado,anger,3833.7,18,female,keypress
martineztomas2026_discrete_emotionality_exp2,exp2_58,exp2_t14,14,word_decoding,residuera,basura,residuo,disgust,5400.1,18,female,keypress
martineztomas2026_discrete_emotionality_exp2,exp2_58,exp2_t15,15,word_decoding,desabete,censura,debate,disgust,3833.4,18,female,keypress
martineztomas2026_discrete_emotionality_exp2,exp2_58,exp2_t16,16,word_decoding,dastro,intruso,astro,fear,3167.1,18,female,keypress
martineztomas2026_discrete_emotionality_exp2,exp2_58,exp2_t17,17,word_decoding,valacer,cadáver,balance,sadness,7899.6,18,female,keypress
martineztomas2026_discrete_emotionality_exp2,exp2_58,exp2_t18,18,word_decoding,fiminos,piojos,femeninos,disgust,3666.5,18,female,keypress
martineztomas2026_discrete_emotionality_exp2,exp2_58,exp2_t19,19,word_decoding,puntiaguja,espada,puntiaguda,fear,3500.8,18,female,keypress
martineztomas2026_discrete_emotionality_exp2,exp2_58,exp2_t20,20,word_decoding,bailetín,carnaval,bailarín,happiness,4033.6,18,female,keypress
martineztomas2026_discrete_emotionality_exp2,exp2_58,exp2_t21,21,word_decoding,fierdo,hedor,pierdo,disgust,3933.3,18,female,keypress
martineztomas2026_discrete_emotionality_exp2,exp2_58,exp2_t22,22,word_decoding,enjauladero,prisión,cárcel,fear,4267.1,18,female,keypress
martineztomas2026_discrete_emotionality_exp2,exp2_58,exp2_t23,23,word_decoding,distantación,lejanía,distanciamiento,sadness,6099.8,18,female,keypress
martineztomas2026_discrete_emotionality_exp2,exp2_58,exp2_t24,24,word_decoding,eniecido,enemigo,ennegrecido,anger,5333.3,18,female,keypress
martineztomas2026_discrete_emotionality_exp2,exp2_59,exp2_t0,0,word_decoding,clespiente,veneno,serpiente,fear,4334.1,18,female,keypress
martineztomas2026_discrete_emotionality_exp2,exp2_59,exp2_t1,1,word_decoding,argola,pistola,gárgola,fear,5849.2,18,female,keypress
martineztomas2026_discrete_emotionality_exp2,exp2_59,exp2_t2,2,word_decoding,dinería,lotería,dinero,happiness,3700.5,18,female,keypress
martineztomas2026_discrete_emotionality_exp2,exp2_59,exp2_t3,3,word_decoding,plareja,novio,pareja,happiness,6016.9,18,female,keypress
martineztomas2026_discrete_emotionality_exp2,exp2_59,exp2_t4,4,word_decoding,eniecido,enemigo,envejecido,anger,8250.3,18,female,keypress
martineztomas2026_discrete_emotionality_exp2,exp2_59,exp2_t5,5,word_decoding,puntiaguja,espada,puntiaguda,fear,8133.2,18,female,keypress
martineztomas2026_discrete_emotionality_exp2,exp2_59,exp2_t6,6,word_decoding,fiminos,piojos,fuimos,disgust,30049.3,18,female,keypress
martineztomas2026_discrete_emotionality_exp2,exp2_59,exp2_t7,7,word_decoding,bailetín,carnaval,maletín,happiness,5284.1,18,female,keypress
martineztomas2026_discrete_emotionality_exp2,exp2_59,exp2_t8,8,word_decoding,bendigolo,mendigo,mendigo,sadness,10197.9,18,female,keypress
martineztomas2026_discrete_emotionality_exp2,exp2_59,exp2_t9,9,word_decoding,chismolo,rumor,chismoso,anger,5229,18,female,keypress
martineztomas2026_discrete_emotionality_exp2,exp2_59,exp2_t10,10,word_decoding,flastación,visión,flagelación,happiness,51285.5,18,female,keypress
martineztomas2026_discrete_emotionality_exp2,exp2_59,exp2_t11,11,word_decoding,fierdo,hedor,cerdo,disgust,6632.7,18,female,keypress
martineztomas2026_discrete_emotionality_exp2,exp2_59,exp2_t12,12,word_decoding,landado,enfadado,lanzado,anger,8550.6,18,female,keypress
martineztomas2026_discrete_emotionality_exp2,exp2_59,exp2_t13,13,word_decoding,descín,ruina,delfín,sadness,6633,18,female,keypress
martineztomas2026_discrete_emotionality_exp2,exp2_59,exp2_t14,14,word_decoding,fumaika,tabaco,fumar,disgust,5082.6,18,female,keypress
martineztomas2026_discrete_emotionality_exp2,exp2_59,exp2_t15,15,word_decoding,frórico,eufórico,folklore,happiness,71185.8,18,female,keypress
martineztomas2026_discrete_emotionality_exp2,exp2_59,exp2_t16,16,word_decoding,distantación,lejanía,distanciación,sadness,7410.4,18,female,keypress
martineztomas2026_discrete_emotionality_exp2,exp2_59,exp2_t17,17,word_decoding,enjauladero,prisión,enjaulado,fear,6233.4,18,female,keypress
martineztomas2026_discrete_emotionality_exp2,exp2_59,exp2_t18,18,word_decoding,palabrostio,insulto,palabrota,anger,5249.1,18,female,keypress
martineztomas2026_discrete_emotionality_exp2,exp2_59,exp2_t19,19,word_decoding,dastro,intruso,dato,fear,6649.9,18,female,keypress
martineztomas2026_discrete_emotionality_exp2,exp2_59,exp2_t20,20,word_decoding,furieta,rabia,furia,anger,7483.4,18,female,keypress
martineztomas2026_discrete_emotionality_exp2,exp2_59,exp2_t21,21,word_decoding,desabete,censura,diabetes,disgust,11933.6,18,female,keypress
martineztomas2026_discrete_emotionality_exp2,exp2_59,exp2_t22,22,word_decoding,valacer,cadáver,parecer,sadness,69679.4,18,female,keypress
martineztomas2026_discrete_emotionality_exp2,exp2_59,exp2_t23,23,word_decoding,queranza,añoranza,crianza,sadness,8916.6,18,female,keypress
martineztomas2026_discrete_emotionality_exp2,exp2_59,exp2_t24,24,word_decoding,residuera,basura,residencia,disgust,4783.7,18,female,keypress
martineztomas2026_discrete_emotionality_exp2,exp2_60,exp2_t0,0,word_decoding,valacer,cadáver,complacer,sadness,33857.2,18,male,keypress
martineztomas2026_discrete_emotionality_exp2,exp2_60,exp2_t1,1,word_decoding,fiminos,piojos,femenino,disgust,17137.7,18,male,keypress
martineztomas2026_discrete_emotionality_exp2,exp2_60,exp2_t2,2,word_decoding,distantación,lejanía,distancia,sadness,5722.5,18,male,keypress
martineztomas2026_discrete_emotionality_exp2,exp2_60,exp2_t3,3,word_decoding,furieta,rabia,rabieta,anger,10935,18,male,keypress
martineztomas2026_discrete_emotionality_exp2,exp2_60,exp2_t4,4,word_decoding,landado,enfadado,llano,anger,16117.9,18,male,keypress
martineztomas2026_discrete_emotionality_exp2,exp2_60,exp2_t5,5,word_decoding,fierdo,hedor,pierdo,disgust,10756.6,18,male,keypress
martineztomas2026_discrete_emotionality_exp2,exp2_60,exp2_t6,6,word_decoding,queranza,añoranza,querer,sadness,4482,18,male,keypress
martineztomas2026_discrete_emotionality_exp2,exp2_60,exp2_t7,7,word_decoding,bendigolo,mendigo,bendicion,sadness,6596.6,18,male,keypress
martineztomas2026_discrete_emotionality_exp2,exp2_60,exp2_t8,8,word_decoding,dastro,intruso,desastre,fear,4839.8,18,male,keypress
martineztomas2026_discrete_emotionality_exp2,exp2_60,exp2_t9,9,word_decoding,residuera,basura,residencia,disgust,4398.7,18,male,keypress
martineztomas2026_discrete_emotionality_exp2,exp2_60,exp2_t10,10,word_decoding,fumaika,tabaco,fumadora,disgust,13331.3,18,male,keypress
martineztomas2026_discrete_emotionality_exp2,exp2_60,exp2_t11,11,word_decoding,bailetín,carnaval,bailarin,happiness,10177.6,18,male,keypress
martineztomas2026_discrete_emotionality_exp2,exp2_60,exp2_t12,12,word_decoding,frórico,eufórico,frigorifico,happiness,11587.6,18,male,keypress
martineztomas2026_discrete_emotionality_exp2,exp2_60,exp2_t13,13,word_decoding,clespiente,veneno,serpiente,fear,11512.5,18,male,keypress
martineztomas2026_discrete_emotionality_exp2,exp2_60,exp2_t14,14,word_decoding,chismolo,rumor,chisme,anger,5939.1,18,male,keypress
martineztomas2026_discrete_emotionality_exp2,exp2_60,exp2_t15,15,word_decoding,argola,pistola,gargola,fear,4748.2,18,male,keypress
martineztomas2026_discrete_emotionality_exp2,exp2_60,exp2_t16,16,word_decoding,enjauladero,prisión,enjaulado,fear,7700.4,18,male,keypress
martineztomas2026_discrete_emotionality_exp2,exp2_60,exp2_t17,17,word_decoding,palabrostio,insulto,palabra,anger,8001.7,18,male,keypress
martineztomas2026_discrete_emotionality_exp2,exp2_60,exp2_t18,18,word_decoding,eniecido,enemigo,nacido,anger,7611,18,male,keypress
martineztomas2026_discrete_emotionality_exp2,exp2_60,exp2_t19,19,word_decoding,descín,ruina,desvan,sadness,4340.8,18,male,keypress
martineztomas2026_discrete_emotionality_exp2,exp2_60,exp2_t20,20,word_decoding,dinería,lotería,dinero,happiness,4135.1,18,male,keypress
martineztomas2026_discrete_emotionality_exp2,exp2_60,exp2_t21,21,word_decoding,puntiaguja,espada,puntiagudo,fear,8516.3,18,male,keypress
martineztomas2026_discrete_emotionality_exp2,exp2_60,exp2_t22,22,word_decoding,desabete,censura,desafio,disgust,5772.4,18,male,keypress
martineztomas2026_discrete_emotionality_exp2,exp2_61,exp2_t0,0,word_decoding,residuera,basura,residuos,disgust,7336,20,female,keypress
martineztomas2026_discrete_emotionality_exp2,exp2_61,exp2_t1,1,word_decoding,argola,pistola,argan,fear,15471,20,female,keypress
martineztomas2026_discrete_emotionality_exp2,exp2_61,exp2_t2,2,word_decoding,fierdo,hedor,pierdo,disgust,7565,20,female,keypress
martineztomas2026_discrete_emotionality_exp2,exp2_61,exp2_t3,3,word_decoding,distantación,lejanía,distancia,sadness,3985,20,female,keypress
martineztomas2026_discrete_emotionality_exp2,exp2_61,exp2_t4,4,word_decoding,bendigolo,mendigo,bendito,sadness,6882,20,female,keypress
martineztomas2026_discrete_emotionality_exp2,exp2_61,exp2_t5,5,word_decoding,desabete,censura,diabetes,disgust,5248,20,female,keypress
martineztomas2026_discrete_emotionality_exp2,exp2_61,exp2_t6,6,word_decoding,descín,ruina,desden,sadness,5417,20,female,keypress
martineztomas2026_discrete_emotionality_exp2,exp2_61,exp2_t7,7,word_decoding,enjauladero,prisión,enjaular,fear,6265,20,female,keypress
martineztomas2026_discrete_emotionality_exp2,exp2_61,exp2_t8,8,word_decoding,furieta,rabia,furia,anger,2848,20,female,keypress
martineztomas2026_discrete_emotionality_exp2,exp2_61,exp2_t9,9,word_decoding,frórico,eufórico,frio,happiness,6316,20,female,keypress
martineztomas2026_discrete_emotionality_exp2,exp2_61,exp2_t10,10,word_decoding,dinería,lotería,jardinería,happiness,6382,20,female,keypress
martineztomas2026_discrete_emotionality_exp2,exp2_61,exp2_t11,11,word_decoding,fumaika,tabaco,fumar,disgust,12183,20,female,keypress
martineztomas2026_discrete_emotionality_exp2,exp2_61,exp2_t12,12,word_decoding,palabrostio,insulto,palabrota,anger,4799,20,female,keypress
martineztomas2026_discrete_emotionality_exp2,exp2_61,exp2_t13,13,word_decoding,plareja,novio,pareja,happiness,3116,20,female,keypress
martineztomas2026_discrete_emotionality_exp2,exp2_61,exp2_t14,14,word_decoding,eniecido,enemigo,nido,anger,3033,20,female,keypress
martineztomas2026_discrete_emotionality_exp2,exp2_61,exp2_t15,15,word_decoding,bailetín,carnaval,bailarín,happiness,6504,20,female,keypress
martineztomas2026_discrete_emotionality_exp2,exp2_61,exp2_t16,16,word_decoding,queranza,añoranza,esperanza,sadness,5149,20,female,keypress
martineztomas2026_discrete_emotionality_exp2,exp2_61,exp2_t17,17,word_decoding,dastro,intruso,rastro,fear,5415,20,female,keypress
martineztomas2026_discrete_emotionality_exp2,exp2_61,exp2_t18,18,word_decoding,clespiente,veneno,serpiente,fear,3631,20,female,keypress
martineztomas2026_discrete_emotionality_exp2,exp2_61,exp2_t19,19,word_decoding,chismolo,rumor,chisme,anger,3216,20,female,keypress
martineztomas2026_discrete_emotionality_exp2,exp2_61,exp2_t20,20,word_decoding,flastación,visión,iluminación,happiness,8355,20,female,keypress
martineztomas2026_discrete_emotionality_exp2,exp2_61,exp2_t21,21,word_decoding,fiminos,piojos,femina,disgust,6783,20,female,keypress
martineztomas2026_discrete_emotionality_exp2,exp2_61,exp2_t22,22,word_decoding,puntiaguja,espada,puntiaguda,fear,6432,20,female,keypress
