experiment,participant_id,trial_label,trial_order,phase_id,stimulus,target_word,response,correct_response,accuracy,emotion,rt,age,gender,rt_measure
martineztomas2026_discrete_emotionality_exp3,exp3_1,exp3_t0,0,emotion_decoding,desabete,censura,sadness,disgust,0,disgust,3032.6,18,female,keypress
martineztomas2026_discrete_emotionality_exp3,exp3_1,exp3_t1,1,emotion_decoding,puntiaguja,espada,fear,fear,1,fear,3347.3,18,female,keypress
martineztomas2026_discrete_emotionality_exp3,exp3_1,exp3_t2,2,emotion_decoding,queranza,añoranza,anger,sadness,0,sadness,3730.1,18,female,keypress
martineztomas2026_discrete_emotionality_exp3,exp3_1,exp3_t3,3,emotion_decoding,fiminos,piojos,fear,disgust,0,disgust,2063.1,18,female,keypress
martineztomas2026_discrete_emotionality_exp3,exp3_1,exp3_t4,4,emotion_decoding,chismolo,rumor,happiness,anger,0,anger,1551.5,18,female,keypress
martineztomas2026_discrete_emotionality_exp3,exp3_1,exp3_t5,5,emotion_decoding,fierdo,hedor,fear,disgust,0,disgust,1501.6,18,female,keypress
martineztomas2026_discrete_emotionality_exp3,exp3_1,exp3_t6,6,emotion_decoding,dastro,intruso,disgust,fear,0,fear,3865,18,female,keypress
martineztomas2026_discrete_emotionality_exp3,exp3_1,exp3_t7,7,emotion_decoding,bendigolo,mendigo,happiness,sadness,0,sadness,1747.6,18,female,keypress
martineztomas2026_discrete_emotionality_exp3,exp3_1,exp3_t8,8,emotion_decoding,clespiente,veneno,fear,fear,1,fear,2880.6,18,female,keypress
martineztomas2026_discrete_emotionality_exp3,exp3_1,exp3_t9,9,emotion_decoding,landado,enfadado,anger,anger,1,anger,4781.1,18,female,keypress
martineztomas2026_discrete_emotionality_exp3,exp3_1,exp3_t10,10,emotion_decoding,distantación,lejanía,sadness,sadness,1,sadness,2280.6,18,female,keypress
martineztomas2026_discrete_emotionality_exp3,exp3_1,exp3_t11,11,emotion_decoding,valacer,cadáver,happiness,sadness,0,sadness,1213.3,18,female,keypress
martineztomas2026_discrete_emotionality_exp3,exp3_1,exp3_t12,12,emotion_decoding,flastación,visión,disgust,happiness,0,happiness,6545.6,18,female,keypress
martineztomas2026_discrete_emotionality_exp3,exp3_1,exp3_t13,13,emotion_decoding,plareja,novio,happiness,happiness,1,happiness,2814.2,18,female,keypress
martineztomas2026_discrete_emotionality_exp3,exp3_1,exp3_t14,14,emotion_decoding,fumaika,tabaco,disgust,disgust,1,disgust,2747.3,18,female,keypress
martineztomas2026_discrete_emotionality_exp3,exp3_1,exp3_t15,15,emotion_decoding,eniecido,enemigo,anger,anger,1,anger,1947.1,18,female,keypress
martineztomas2026_discrete_emotionality_exp3,exp3_1,exp3_t16,16,emotion_decoding,dinería,lotería,happiness,happiness,1,happiness,1380.8,18,female,keypress
martineztomas2026_discrete_emotionality_exp3,exp3_1,exp3_t17,17,emotion_decoding,enjauladero,prisión,sadness,fear,0,fear,6197.6,18,female,keypress
martineztomas2026_discrete_emotionality_exp3,exp3_1,exp3_t18,18,emotion_decoding,descín,ruina,anger,sadness,0,sadness,4018.3,18,female,keypress
martineztomas2026_discrete_emotionality_exp3,exp3_1,exp3_t19,19,emotion_decoding,argola,pistola,fear,fear,1,fear,1796.5,18,female,keypress
martineztomas2026_discrete_emotionality_exp3,exp3_1,exp3_t20,20,emotion_decoding,frórico,eufórico,happiness,happiness,1,happiness,3036.5,18,female,keypress
martineztomas2026_discrete_emotionality_exp3,exp3_1,exp3_t21,21,emotion_decoding,furieta,rabia,anger,anger,1,anger,1750.4,18,female,keypress
martineztomas2026_discrete_emotionality_exp3,exp3_1,exp3_t22,22,emotion_decoding,palabrostio,insulto,anger,anger,1,anger,2230.4,18,female,keypress
martineztomas2026_discrete_emotionality_exp3,exp3_1,exp3_t23,23,emotion_decoding,bailetín,carnaval,disgust,happiness,0,happiness,2302,18,female,keypress
martineztomas2026_discrete_emotionality_exp3,exp3_2,exp3_t0,0,emotion_decoding,valacer,cadáver,happiness,sadness,0,sadness,6618.5,18,female,keypress
martineztomas2026_discrete_emotionality_exp3,exp3_2,exp3_t1,1,emotion_decoding,chismolo,rumor,disgust,anger,0,anger,10148.4,18,female,keypress
martineztomas2026_discrete_emotionality_exp3,exp3_2,exp3_t2,2,emotion_decoding,residuera,basura,happiness,disgust,0,disgust,8736,18,female,keypress
martineztomas2026_discrete_emotionality_exp3,exp3_2,exp3_t3,3,emotion_decoding,furieta,rabia,anger,anger,1,anger,3446.8,18,female,keypress
martineztomas2026_discrete_emotionality_exp3,exp3_2,exp3_t4,4,emotion_decoding,dinería,lotería,happiness,happiness,1,happiness,4788.9,18,female,keypress
martineztomas2026_discrete_emotionality_exp3,exp3_2,exp3_t5,5,emotion_decoding,dastro,intruso,anger,fear,0,fear,17740.4,18,female,keypress
martineztomas2026_discrete_emotionality_exp3,exp3_2,exp3_t6,6,emotion_decoding,frórico,eufórico,fear,happiness,0,happiness,6985.8,18,female,keypress
martineztomas2026_discrete_emotionality_exp3,exp3_2,exp3_t7,7,emotion_decoding,fiminos,piojos,disgust,disgust,1,disgust,13708,18,female,keypress
martineztomas2026_discrete_emotionality_exp3,exp3_2,exp3_t8,8,emotion_decoding,flastación,visión,anger,happiness,0,happiness,4376.6,18,female,keypress
martineztomas2026_discrete_emotionality_exp3,exp3_2,exp3_t9,9,emotion_decoding,fumaika,tabaco,anger,disgust,0,disgust,11141.5,18,female,keypress
martineztomas2026_discrete_emotionality_exp3,exp3_2,exp3_t10,10,emotion_decoding,eniecido,enemigo,fear,anger,0,anger,9916.5,18,female,keypress
martineztomas2026_discrete_emotionality_exp3,exp3_2,exp3_t11,11,emotion_decoding,distantación,lejanía,sadness,sadness,1,sadness,4753.4,18,female,keypress
martineztomas2026_discrete_emotionality_exp3,exp3_2,exp3_t12,12,emotion_decoding,enjauladero,prisión,sadness,fear,0,fear,5134.5,18,female,keypress
martineztomas2026_discrete_emotionality_exp3,exp3_2,exp3_t13,13,emotion_decoding,palabrostio,insulto,anger,anger,1,anger,3443.5,18,female,keypress
martineztomas2026_discrete_emotionality_exp3,exp3_2,exp3_t14,14,emotion_decoding,fierdo,hedor,fear,disgust,0,disgust,10196.4,18,female,keypress
martineztomas2026_discrete_emotionality_exp3,exp3_2,exp3_t15,15,emotion_decoding,puntiaguja,espada,fear,fear,1,fear,4059.5,18,female,keypress
martineztomas2026_discrete_emotionality_exp3,exp3_2,exp3_t16,16,emotion_decoding,plareja,novio,happiness,happiness,1,happiness,12356,18,female,keypress
martineztomas2026_discrete_emotionality_exp3,exp3_2,exp3_t17,17,emotion_decoding,landado,enfadado,sadness,anger,0,anger,3554.4,18,female,keypress
martineztomas2026_discrete_emotionality_exp3,exp3_2,exp3_t18,18,emotion_decoding,argola,pistola,sadness,fear,0,fear,8189.4,18,female,keypress
martineztomas2026_discrete_emotionality_exp3,exp3_2,exp3_t19,19,emotion_decoding,desabete,censura,anger,disgust,0,disgust,14897.8,18,female,keypress
martineztomas2026_discrete_emotionality_exp3,exp3_2,exp3_t20,20,emotion_decoding,clespiente,veneno,happiness,fear,0,fear,17690.5,18,female,keypress
martineztomas2026_discrete_emotionality_exp3,exp3_2,exp3_t21,21,emotion_decoding,descín,ruina,anger,sadness,0,sadness,5669.3,18,female,keypress
martineztomas2026_discrete_emotionality_exp3,exp3_3,exp3_t0,0,emotion_decoding,residuera,basura,disgust,disgust,1,disgust,15000,18,female,keypress
martineztomas2026_discrete_emotionality_exp3,exp3_3,exp3_t1,1,emotion_decoding,fiminos,piojos,happiness,disgust,0,disgust,8846,18,female,keypress
martineztomas2026_discrete_emotionality_exp3,exp3_3,exp3_t2,2,emotion_decoding,argola,pistola,fear,fear,1,fear,4362,18,female,keypress
martineztomas2026_discrete_emotionality_exp3,exp3_3,exp3_t3,3,emotion_decoding,furieta,rabia,anger,anger,1,anger,5247,18,female,keypress
martineztomas2026_discrete_emotionality_exp3,exp3_3,exp3_t4,4,emotion_decoding,fumaika,tabaco,disgust,disgust,1,disgust,2411,18,female,keypress
martineztomas2026_discrete_emotionality_exp3,exp3_3,exp3_t5,5,emotion_decoding,desabete,censura,sadness,disgust,0,disgust,10480,18,female,keypress
martineztomas2026_discrete_emotionality_exp3,exp3_3,exp3_t6,6,emotion_decoding,dastro,intruso,disgust,fear,0,fear,3062,18,female,keypress
martineztomas2026_discrete_emotionality_exp3,exp3_3,exp3_t7,7,emotion_decoding,dinería,lotería,happiness,happiness,1,happiness,8146,18,female,keypress
martineztomas2026_discrete_emotionality_exp3,exp3_3,exp3_t8,8,emotion_decoding,palabrostio,insulto,anger,anger,1,anger,2577,18,female,keypress
martineztomas2026_discrete_emotionality_exp3,exp3_3,exp3_t9,9,emotion_decoding,clespiente,veneno,fear,fear,1,fear,3215,18,female,keypress
martineztomas2026_discrete_emotionality_exp3,exp3_3,exp3_t10,10,emotion_decoding,chismolo,rumor,happiness,anger,0,anger,8909,18,female,keypress
martineztomas2026_discrete_emotionality_exp3,exp3_3,exp3_t11,11,emotion_decoding,flastación,visión,disgust,happiness,0,happiness,9846,18,female,keypress
martineztomas2026_discrete_emotionality_exp3,exp3_3,exp3_t12,12,emotion_decoding,distantación,lejanía,sadness,sadness,1,sadness,8310,18,female,keypress
martineztomas2026_discrete_emotionality_exp3,exp3_3,exp3_t13,13,emotion_decoding,enjauladero,prisión,fear,fear,1,fear,3945,18,female,keypress
martineztomas2026_discrete_emotionality_exp3,exp3_3,exp3_t14,14,emotion_decoding,bendigolo,mendigo,sadness,sadness,1,sadness,8731,18,female,keypress
martineztomas2026_discrete_emotionality_exp3,exp3_3,exp3_t15,15,emotion_decoding,descín,ruina,happiness,sadness,0,sadness,10909,18,female,keypress
martineztomas2026_discrete_emotionality_exp3,exp3_3,exp3_t16,16,emotion_decoding,landado,enfadado,anger,anger,1,anger,5807,18,female,keypress
martineztomas2026_discrete_emotionality_exp3,exp3_3,exp3_t17,17,emotion_decoding,eniecido,enemigo,anger,anger,1,anger,4995,18,female,keypress
martineztomas2026_discrete_emotionality_exp3,exp3_3,exp3_t18,18,emotion_decoding,puntiaguja,espada,fear,fear,1,fear,4561,18,female,keypress
martineztomas2026_discrete_emotionality_exp3,exp3_3,exp3_t19,19,emotion_decoding,bailetín,carnaval,happiness,happiness,1,happiness,2530,18,female,keypress
martineztomas2026_discrete_emotionality_exp3,exp3_3,exp3_t20,20,emotion_decoding,fierdo,hedor,fear,disgust,0,disgust,2461,18,female,keypress
martineztomas2026_discrete_emotionality_exp3,exp3_3,exp3_t21,21,emotion_decoding,queranza,añoranza,happiness,sadness,0,sadness,2725,18,female,keypress
martineztomas2026_discrete_emotionality_exp3,exp3_4,exp3_t0,0,emotion_decoding,desabete,censura,sadness,disgust,0,disgust,3113.7,18,female,keypress
martineztomas2026_discrete_emotionality_exp3,exp3_4,exp3_t1,1,emotion_decoding,bendigolo,mendigo,disgust,sadness,0,sadness,13781.7,18,female,keypress
martineztomas2026_discrete_emotionality_exp3,exp3_4,exp3_t2,2,emotion_decoding,queranza,añoranza,happiness,sadness,0,sadness,1862.1,18,female,keypress
martineztomas2026_discrete_emotionality_exp3,exp3_4,exp3_t3,3,emotion_decoding,chismolo,rumor,happiness,anger,0,anger,8514,18,female,keypress
martineztomas2026_discrete_emotionality_exp3,exp3_4,exp3_t4,4,emotion_decoding,puntiaguja,espada,fear,fear,1,fear,3545.5,18,female,keypress
martineztomas2026_discrete_emotionality_exp3,exp3_4,exp3_t5,5,emotion_decoding,residuera,basura,sadness,disgust,0,disgust,8068.8,18,female,keypress
martineztomas2026_discrete_emotionality_exp3,exp3_4,exp3_t6,6,emotion_decoding,distantación,lejanía,fear,sadness,0,sadness,3450.2,18,female,keypress
martineztomas2026_discrete_emotionality_exp3,exp3_4,exp3_t7,7,emotion_decoding,eniecido,enemigo,sadness,anger,0,anger,3397.1,18,female,keypress
martineztomas2026_discrete_emotionality_exp3,exp3_4,exp3_t8,8,emotion_decoding,descín,ruina,sadness,sadness,1,sadness,2781.2,18,female,keypress
martineztomas2026_discrete_emotionality_exp3,exp3_4,exp3_t9,9,emotion_decoding,enjauladero,prisión,fear,fear,1,fear,3148.4,18,female,keypress
martineztomas2026_discrete_emotionality_exp3,exp3_4,exp3_t10,10,emotion_decoding,landado,enfadado,anger,anger,1,anger,12905.2,18,female,keypress
martineztomas2026_discrete_emotionality_exp3,exp3_4,exp3_t11,11,emotion_decoding,palabrostio,insulto,anger,anger,1,anger,2046,18,female,keypress
martineztomas2026_discrete_emotionality_exp3,exp3_4,exp3_t12,12,emotion_decoding,frórico,eufórico,fear,happiness,0,happiness,5296.5,18,female,keypress
martineztomas2026_discrete_emotionality_exp3,exp3_4,exp3_t13,13,emotion_decoding,furieta,rabia,anger,anger,1,anger,3301.8,18,female,keypress
martineztomas2026_discrete_emotionality_exp3,exp3_4,exp3_t14,14,emotion_decoding,clespiente,veneno,sadness,fear,0,fear,4463.1,18,female,keypress
martineztomas2026_discrete_emotionality_exp3,exp3_4,exp3_t15,15,emotion_decoding,dinería,lotería,happiness,happiness,1,happiness,7446.9,18,female,keypress
martineztomas2026_discrete_emotionality_exp3,exp3_4,exp3_t16,16,emotion_decoding,plareja,novio,fear,happiness,0,happiness,9151.1,18,female,keypress
martineztomas2026_discrete_emotionality_exp3,exp3_4,exp3_t17,17,emotion_decoding,dastro,intruso,disgust,fear,0,fear,5696.6,18,female,keypress
martineztomas2026_discrete_emotionality_exp3,exp3_4,exp3_t18,18,emotion_decoding,fierdo,hedor,anger,disgust,0,disgust,2916.1,18,female,keypress
martineztomas2026_discrete_emotionality_exp3,exp3_4,exp3_t19,19,emotion_decoding,argola,pistola,fear,fear,1,fear,4265.9,18,female,keypress
martineztomas2026_discrete_emotionality_exp3,exp3_4,exp3_t20,20,emotion_decoding,bailetín,carnaval,happiness,happiness,1,happiness,14236.5,18,female,keypress
martineztomas2026_discrete_emotionality_exp3,exp3_4,exp3_t21,21,emotion_decoding,fumaika,tabaco,disgust,disgust,1,disgust,5428.7,18,female,keypress
martineztomas2026_discrete_emotionality_exp3,exp3_4,exp3_t22,22,emotion_decoding,valacer,cadáver,happiness,sadness,0,sadness,8047.3,18,female,keypress
martineztomas2026_discrete_emotionality_exp3,exp3_4,exp3_t23,23,emotion_decoding,fiminos,piojos,sadness,disgust,0,disgust,9204.1,18,female,keypress
martineztomas2026_discrete_emotionality_exp3,exp3_4,exp3_t24,24,emotion_decoding,flastación,visión,disgust,happiness,0,happiness,5533.3,18,female,keypress
martineztomas2026_discrete_emotionality_exp3,exp3_5,exp3_t0,0,emotion_decoding,distantación,lejanía,sadness,sadness,1,sadness,2295.8,18,female,keypress
martineztomas2026_discrete_emotionality_exp3,exp3_5,exp3_t1,1,emotion_decoding,residuera,basura,happiness,disgust,0,disgust,3673.1,18,female,keypress
martineztomas2026_discrete_emotionality_exp3,exp3_5,exp3_t2,2,emotion_decoding,fumaika,tabaco,disgust,disgust,1,disgust,3843.3,18,female,keypress
martineztomas2026_discrete_emotionality_exp3,exp3_5,exp3_t3,3,emotion_decoding,valacer,cadáver,happiness,sadness,0,sadness,17796.4,18,female,keypress
martineztomas2026_discrete_emotionality_exp3,exp3_5,exp3_t4,4,emotion_decoding,bendigolo,mendigo,happiness,sadness,0,sadness,5358.8,18,female,keypress
martineztomas2026_discrete_emotionality_exp3,exp3_5,exp3_t5,5,emotion_decoding,plareja,novio,happiness,happiness,1,happiness,2674.2,18,female,keypress
martineztomas2026_discrete_emotionality_exp3,exp3_5,exp3_t6,6,emotion_decoding,desabete,censura,disgust,disgust,1,disgust,3643.7,18,female,keypress
martineztomas2026_discrete_emotionality_exp3,exp3_5,exp3_t7,7,emotion_decoding,chismolo,rumor,happiness,anger,0,anger,3210.7,18,female,keypress
martineztomas2026_discrete_emotionality_exp3,exp3_5,exp3_t8,8,emotion_decoding,landado,enfadado,fear,anger,0,anger,5010.3,18,female,keypress
martineztomas2026_discrete_emotionality_exp3,exp3_5,exp3_t9,9,emotion_decoding,bailetín,carnaval,happiness,happiness,1,happiness,2729.3,18,female,keypress
martineztomas2026_discrete_emotionality_exp3,exp3_5,exp3_t10,10,emotion_decoding,enjauladero,prisión,fear,fear,1,fear,4225.7,18,female,keypress
martineztomas2026_discrete_emotionality_exp3,exp3_5,exp3_t11,11,emotion_decoding,dastro,intruso,sadness,fear,0,fear,3933.9,18,female,keypress
martineztomas2026_discrete_emotionality_exp3,exp3_5,exp3_t12,12,emotion_decoding,queranza,añoranza,fear,sadness,0,sadness,7389.7,18,female,keypress
martineztomas2026_discrete_emotionality_exp3,exp3_5,exp3_t13,13,emotion_decoding,fiminos,piojos,happiness,disgust,0,disgust,8256.4,18,female,keypress
martineztomas2026_discrete_emotionality_exp3,exp3_5,exp3_t14,14,emotion_decoding,flastación,visión,disgust,happiness,0,happiness,7887.6,18,female,keypress
martineztomas2026_discrete_emotionality_exp3,exp3_5,exp3_t15,15,emotion_decoding,palabrostio,insulto,anger,anger,1,anger,6346.3,18,female,keypress
martineztomas2026_discrete_emotionality_exp3,exp3_5,exp3_t16,16,emotion_decoding,furieta,rabia,anger,anger,1,anger,1874.7,18,female,keypress
martineztomas2026_discrete_emotionality_exp3,exp3_5,exp3_t17,17,emotion_decoding,eniecido,enemigo,anger,anger,1,anger,2829,18,female,keypress
martineztomas2026_discrete_emotionality_exp3,exp3_5,exp3_t18,18,emotion_decoding,puntiaguja,espada,disgust,fear,0,fear,7843.2,18,female,keypress
martineztomas2026_discrete_emotionality_exp3,exp3_5,exp3_t19,19,emotion_decoding,dinería,lotería,happiness,happiness,1,happiness,2577.9,18,female,keypress
martineztomas2026_discrete_emotionality_exp3,exp3_5,exp3_t20,20,emotion_decoding,argola,pistola,fear,fear,1,fear,4893.2,18,female,keypress
martineztomas2026_discrete_emotionality_exp3,exp3_5,exp3_t21,21,emotion_decoding,fierdo,hedor,disgust,disgust,1,disgust,5059,18,female,keypress
martineztomas2026_discrete_emotionality_exp3,exp3_5,exp3_t22,22,emotion_decoding,frórico,eufórico,fear,happiness,0,happiness,9488.4,18,female,keypress
martineztomas2026_discrete_emotionality_exp3,exp3_5,exp3_t23,23,emotion_decoding,clespiente,veneno,sadness,fear,0,fear,3910.4,18,female,keypress
martineztomas2026_discrete_emotionality_exp3,exp3_5,exp3_t24,24,emotion_decoding,descín,ruina,anger,sadness,0,sadness,3134.6,18,female,keypress
martineztomas2026_discrete_emotionality_exp3,exp3_6,exp3_t0,0,emotion_decoding,dinería,lotería,happiness,happiness,1,happiness,1381.3,22,male,keypress
martineztomas2026_discrete_emotionality_exp3,exp3_6,exp3_t1,1,emotion_decoding,bendigolo,mendigo,happiness,sadness,0,sadness,4729.6,22,male,keypress
martineztomas2026_discrete_emotionality_exp3,exp3_6,exp3_t2,2,emotion_decoding,queranza,añoranza,happiness,sadness,0,sadness,1662.2,22,male,keypress
martineztomas2026_discrete_emotionality_exp3,exp3_6,exp3_t3,3,emotion_decoding,eniecido,enemigo,anger,anger,1,anger,2130.2,22,male,keypress
martineztomas2026_discrete_emotionality_exp3,exp3_6,exp3_t4,4,emotion_decoding,fiminos,piojos,sadness,disgust,0,disgust,3279.3,22,male,keypress
martineztomas2026_discrete_emotionality_exp3,exp3_6,exp3_t5,5,emotion_decoding,bailetín,carnaval,happiness,happiness,1,happiness,1629.3,22,male,keypress
martineztomas2026_discrete_emotionality_exp3,exp3_6,exp3_t6,6,emotion_decoding,dastro,intruso,anger,fear,0,fear,5281.3,22,male,keypress
martineztomas2026_discrete_emotionality_exp3,exp3_6,exp3_t7,7,emotion_decoding,desabete,censura,disgust,disgust,1,disgust,2946.6,22,male,keypress
martineztomas2026_discrete_emotionality_exp3,exp3_6,exp3_t8,8,emotion_decoding,furieta,rabia,anger,anger,1,anger,1247.1,22,male,keypress
martineztomas2026_discrete_emotionality_exp3,exp3_6,exp3_t9,9,emotion_decoding,descín,ruina,happiness,sadness,0,sadness,2145,22,male,keypress
martineztomas2026_discrete_emotionality_exp3,exp3_6,exp3_t10,10,emotion_decoding,distantación,lejanía,fear,sadness,0,sadness,3394.7,22,male,keypress
martineztomas2026_discrete_emotionality_exp3,exp3_6,exp3_t11,11,emotion_decoding,palabrostio,insulto,happiness,anger,0,anger,5779,22,male,keypress
martineztomas2026_discrete_emotionality_exp3,exp3_6,exp3_t12,12,emotion_decoding,enjauladero,prisión,fear,fear,1,fear,7128.7,22,male,keypress
martineztomas2026_discrete_emotionality_exp3,exp3_6,exp3_t13,13,emotion_decoding,residuera,basura,happiness,disgust,0,disgust,4430,22,male,keypress
martineztomas2026_discrete_emotionality_exp3,exp3_6,exp3_t14,14,emotion_decoding,puntiaguja,espada,anger,fear,0,fear,2512.4,22,male,keypress
martineztomas2026_discrete_emotionality_exp3,exp3_6,exp3_t15,15,emotion_decoding,valacer,cadáver,happiness,sadness,0,sadness,2045.5,22,male,keypress
martineztomas2026_discrete_emotionality_exp3,exp3_6,exp3_t16,16,emotion_decoding,fumaika,tabaco,disgust,disgust,1,disgust,1896.7,22,male,keypress
martineztomas2026_discrete_emotionality_exp3,exp3_6,exp3_t17,17,emotion_decoding,frórico,eufórico,anger,happiness,0,happiness,7943.4,22,male,keypress
martineztomas2026_discrete_emotionality_exp3,exp3_6,exp3_t18,18,emotion_decoding,argola,pistola,disgust,fear,0,fear,2829.4,22,male,keypress
martineztomas2026_discrete_emotionality_exp3,exp3_6,exp3_t19,19,emotion_decoding,landado,enfadado,happiness,anger,0,anger,1813.5,22,male,keypress
martineztomas2026_discrete_emotionality_exp3,exp3_6,exp3_t20,20,emotion_decoding,fierdo,hedor,fear,disgust,0,disgust,2095.8,22,male,keypress
martineztomas2026_discrete_emotionality_exp3,exp3_6,exp3_t21,21,emotion_decoding,chismolo,rumor,happiness,anger,0,anger,2212.5,22,male,keypress
martineztomas2026_discrete_emotionality_exp3,exp3_7,exp3_t0,0,emotion_decoding,chismolo,rumor,anger,anger,1,anger,4296.2,18,female,keypress
martineztomas2026_discrete_emotionality_exp3,exp3_7,exp3_t1,1,emotion_decoding,distantación,lejanía,sadness,sadness,1,sadness,12029.4,18,female,keypress
martineztomas2026_discrete_emotionality_exp3,exp3_7,exp3_t2,2,emotion_decoding,palabrostio,insulto,anger,anger,1,anger,4077.7,18,female,keypress
martineztomas2026_discrete_emotionality_exp3,exp3_7,exp3_t3,3,emotion_decoding,valacer,cadáver,sadness,sadness,1,sadness,3630.2,18,female,keypress
martineztomas2026_discrete_emotionality_exp3,exp3_7,exp3_t4,4,emotion_decoding,dinería,lotería,happiness,happiness,1,happiness,7080,18,female,keypress
martineztomas2026_discrete_emotionality_exp3,exp3_7,exp3_t5,5,emotion_decoding,desabete,censura,fear,disgust,0,disgust,3312.9,18,female,keypress
martineztomas2026_discrete_emotionality_exp3,exp3_7,exp3_t6,6,emotion_decoding,furieta,rabia,anger,anger,1,anger,1782,18,female,keypress
martineztomas2026_discrete_emotionality_exp3,exp3_7,exp3_t7,7,emotion_decoding,argola,pistola,happiness,fear,0,fear,4596.3,18,female,keypress
martineztomas2026_discrete_emotionality_exp3,exp3_7,exp3_t8,8,emotion_decoding,descín,ruina,happiness,sadness,0,sadness,3928,18,female,keypress
martineztomas2026_discrete_emotionality_exp3,exp3_7,exp3_t9,9,emotion_decoding,clespiente,veneno,anger,fear,0,fear,4428.8,18,female,keypress
martineztomas2026_discrete_emotionality_exp3,exp3_7,exp3_t10,10,emotion_decoding,fiminos,piojos,fear,disgust,0,disgust,4381.6,18,female,keypress
martineztomas2026_discrete_emotionality_exp3,exp3_7,exp3_t11,11,emotion_decoding,bailetín,carnaval,happiness,happiness,1,happiness,4398,18,female,keypress
martineztomas2026_discrete_emotionality_exp3,exp3_7,exp3_t12,12,emotion_decoding,eniecido,enemigo,fear,anger,0,anger,5929.5,18,female,keypress
martineztomas2026_discrete_emotionality_exp3,exp3_7,exp3_t13,13,emotion_decoding,puntiaguja,espada,happiness,fear,0,fear,4594.5,18,female,keypress
martineztomas2026_discrete_emotionality_exp3,exp3_7,exp3_t14,14,emotion_decoding,fierdo,hedor,fear,disgust,0,disgust,2147,18,female,keypress
martineztomas2026_discrete_emotionality_exp3,exp3_7,exp3_t15,15,emotion_decoding,plareja,novio,sadness,happiness,0,happiness,3963.1,18,female,keypress
martineztomas2026_discrete_emotionality_exp3,exp3_7,exp3_t16,16,emotion_decoding,flastación,visión,anger,happiness,0,happiness,3612.8,18,female,keypress
martineztomas2026_discrete_emotionality_exp3,exp3_7,exp3_t17,17,emotion_decoding,queranza,añoranza,happiness,sadness,0,sadness,1562.3,18,female,keypress
martineztomas2026_discrete_emotionality_exp3,exp3_7,exp3_t18,18,emotion_decoding,enjauladero,prisión,fear,fear,1,fear,2597.5,18,female,keypress
martineztomas2026_discrete_emotionality_exp3,exp3_7,exp3_t19,19,emotion_decoding,frórico,eufórico,sadness,happiness,0,happiness,5113.3,18,female,keypress
martineztomas2026_discrete_emotionality_exp3,exp3_7,exp3_t20,20,emotion_decoding,bendigolo,mendigo,happiness,sadness,0,sadness,3165.7,18,female,keypress
martineztomas2026_discrete_emotionality_exp3,exp3_7,exp3_t21,21,emotion_decoding,landado,enfadado,anger,anger,1,anger,4015,18,female,keypress
martineztomas2026_discrete_emotionality_exp3,exp3_7,exp3_t22,22,emotion_decoding,fumaika,tabaco,disgust,disgust,1,disgust,3595.7,18,female,keypress
martineztomas2026_discrete_emotionality_exp3,exp3_7,exp3_t23,23,emotion_decoding,dastro,intruso,disgust,fear,0,fear,3129.3,18,female,keypress
martineztomas2026_discrete_emotionality_exp3,exp3_7,exp3_t24,24,emotion_decoding,residuera,basura,disgust,disgust,1,disgust,2695.3,18,female,keypress
martineztomas2026_discrete_emotionality_exp3,exp3_8,exp3_t0,0,emotion_decoding,residuera,basura,disgust,disgust,1,disgust,2841,18,female,keypress
martineztomas2026_discrete_emotionality_exp3,exp3_8,exp3_t1,1,emotion_decoding,argola,pistola,disgust,fear,0,fear,1669,18,female,keypress
martineztomas2026_discrete_emotionality_exp3,exp3_8,exp3_t2,2,emotion_decoding,descín,ruina,sadness,sadness,1,sadness,5248,18,female,keypress
martineztomas2026_discrete_emotionality_exp3,exp3_8,exp3_t3,3,emotion_decoding,bailetín,carnaval,happiness,happiness,1,happiness,1553,18,female,keypress
martineztomas2026_discrete_emotionality_exp3,exp3_8,exp3_t4,4,emotion_decoding,landado,enfadado,disgust,anger,0,anger,4512,18,female,keypress
martineztomas2026_discrete_emotionality_exp3,exp3_8,exp3_t5,5,emotion_decoding,dinería,lotería,happiness,happiness,1,happiness,1853,18,female,keypress
martineztomas2026_discrete_emotionality_exp3,exp3_8,exp3_t6,6,emotion_decoding,frórico,eufórico,fear,happiness,0,happiness,6625,18,female,keypress
martineztomas2026_discrete_emotionality_exp3,exp3_8,exp3_t7,7,emotion_decoding,palabrostio,insulto,anger,anger,1,anger,2857,18,female,keypress
martineztomas2026_discrete_emotionality_exp3,exp3_8,exp3_t8,8,emotion_decoding,chismolo,rumor,happiness,anger,0,anger,2990,18,female,keypress
martineztomas2026_discrete_emotionality_exp3,exp3_8,exp3_t9,9,emotion_decoding,distantación,lejanía,sadness,sadness,1,sadness,3291,18,female,keypress
martineztomas2026_discrete_emotionality_exp3,exp3_8,exp3_t10,10,emotion_decoding,bendigolo,mendigo,fear,sadness,0,sadness,4109,18,female,keypress
martineztomas2026_discrete_emotionality_exp3,exp3_8,exp3_t11,11,emotion_decoding,flastación,visión,disgust,happiness,0,happiness,3840,18,female,keypress
martineztomas2026_discrete_emotionality_exp3,exp3_8,exp3_t12,12,emotion_decoding,enjauladero,prisión,fear,fear,1,fear,1602,18,female,keypress
martineztomas2026_discrete_emotionality_exp3,exp3_8,exp3_t13,13,emotion_decoding,furieta,rabia,anger,anger,1,anger,1869,18,female,keypress
martineztomas2026_discrete_emotionality_exp3,exp3_8,exp3_t14,14,emotion_decoding,fierdo,hedor,disgust,disgust,1,disgust,3625,18,female,keypress
martineztomas2026_discrete_emotionality_exp3,exp3_8,exp3_t15,15,emotion_decoding,dastro,intruso,sadness,fear,0,fear,1787,18,female,keypress
martineztomas2026_discrete_emotionality_exp3,exp3_8,exp3_t16,16,emotion_decoding,desabete,censura,anger,disgust,0,disgust,3524,18,female,keypress
martineztomas2026_discrete_emotionality_exp3,exp3_8,exp3_t17,17,emotion_decoding,eniecido,enemigo,sadness,anger,0,anger,4211,18,female,keypress
martineztomas2026_discrete_emotionality_exp3,exp3_8,exp3_t18,18,emotion_decoding,plareja,novio,anger,happiness,0,happiness,6300,18,female,keypress
martineztomas2026_discrete_emotionality_exp3,exp3_8,exp3_t19,19,emotion_decoding,fumaika,tabaco,happiness,disgust,0,disgust,9077,18,female,keypress
martineztomas2026_discrete_emotionality_exp3,exp3_8,exp3_t20,20,emotion_decoding,puntiaguja,espada,fear,fear,1,fear,1519,18,female,keypress
martineztomas2026_discrete_emotionality_exp3,exp3_8,exp3_t21,21,emotion_decoding,valacer,cadáver,happiness,sadness,0,sadness,2840,18,female,keypress
martineztomas2026_discrete_emotionality_exp3,exp3_8,exp3_t22,22,emotion_decoding,clespiente,veneno,fear,fear,1,fear,2889,18,female,keypress
martineztomas2026_discrete_emotionality_exp3,exp3_8,exp3_t23,23,emotion_decoding,queranza,añoranza,happiness,sadness,0,sadness,1419,18,female,keypress
martineztomas2026_discrete_emotionality_exp3,exp3_8,exp3_t24,24,emotion_decoding,fiminos,piojos,sadness,disgust,0,disgust,5447,18,female,keypress
martineztomas2026_discrete_emotionality_exp3,exp3_9,exp3_t0,0,emotion_decoding,distantación,lejanía,sadness,sadness,1,sadness,4661.4,19,female,keypress
martineztomas2026_discrete_emotionality_exp3,exp3_9,exp3_t1,1,emotion_decoding,bendigolo,mendigo,fear,sadness,0,sadness,3446.3,19,female,keypress
martineztomas2026_discrete_emotionality_exp3,exp3_9,exp3_t2,2,emotion_decoding,desabete,censura,disgust,disgust,1,disgust,4044.7,19,female,keypress
martineztomas2026_discrete_emotionality_exp3,exp3_9,exp3_t3,3,emotion_decoding,bailetín,carnaval,happiness,happiness,1,happiness,1547.1,19,female,keypress
martineztomas2026_discrete_emotionality_exp3,exp3_9,exp3_t4,4,emotion_decoding,fiminos,piojos,happiness,disgust,0,disgust,3712.2,19,female,keypress
martineztomas2026_discrete_emotionality_exp3,exp3_9,exp3_t5,5,emotion_decoding,dinería,lotería,happiness,happiness,1,happiness,3012.7,19,female,keypress
martineztomas2026_discrete_emotionality_exp3,exp3_9,exp3_t6,6,emotion_decoding,descín,ruina,happiness,sadness,0,sadness,2928,19,female,keypress
martineztomas2026_discrete_emotionality_exp3,exp3_9,exp3_t7,7,emotion_decoding,residuera,basura,anger,disgust,0,disgust,3745.5,19,female,keypress
martineztomas2026_discrete_emotionality_exp3,exp3_9,exp3_t8,8,emotion_decoding,chismolo,rumor,happiness,anger,0,anger,2195.3,19,female,keypress
martineztomas2026_discrete_emotionality_exp3,exp3_9,exp3_t9,9,emotion_decoding,plareja,novio,happiness,happiness,1,happiness,2813,19,female,keypress
martineztomas2026_discrete_emotionality_exp3,exp3_9,exp3_t10,10,emotion_decoding,flastación,visión,fear,happiness,0,happiness,3062.6,19,female,keypress
martineztomas2026_discrete_emotionality_exp3,exp3_9,exp3_t11,11,emotion_decoding,fierdo,hedor,fear,disgust,0,disgust,1397.9,19,female,keypress
martineztomas2026_discrete_emotionality_exp3,exp3_9,exp3_t12,12,emotion_decoding,fumaika,tabaco,disgust,disgust,1,disgust,4128.2,19,female,keypress
martineztomas2026_discrete_emotionality_exp3,exp3_9,exp3_t13,13,emotion_decoding,palabrostio,insulto,anger,anger,1,anger,3979.4,19,female,keypress
martineztomas2026_discrete_emotionality_exp3,exp3_9,exp3_t14,14,emotion_decoding,dastro,intruso,anger,fear,0,fear,5259.8,19,female,keypress
martineztomas2026_discrete_emotionality_exp3,exp3_9,exp3_t15,15,emotion_decoding,valacer,cadáver,disgust,sadness,0,sadness,3261.1,19,female,keypress
martineztomas2026_discrete_emotionality_exp3,exp3_9,exp3_t16,16,emotion_decoding,enjauladero,prisión,fear,fear,1,fear,6514.4,19,female,keypress
martineztomas2026_discrete_emotionality_exp3,exp3_9,exp3_t17,17,emotion_decoding,argola,pistola,sadness,fear,0,fear,2946.2,19,female,keypress
martineztomas2026_discrete_emotionality_exp3,exp3_9,exp3_t18,18,emotion_decoding,furieta,rabia,anger,anger,1,anger,2263.6,19,female,keypress
martineztomas2026_discrete_emotionality_exp3,exp3_9,exp3_t19,19,emotion_decoding,queranza,añoranza,sadness,sadness,1,sadness,2228.9,19,female,keypress
martineztomas2026_discrete_emotionality_exp3,exp3_9,exp3_t20,20,emotion_decoding,eniecido,enemigo,fear,anger,0,anger,5345.2,19,female,keypress
martineztomas2026_discrete_emotionality_exp3,exp3_9,exp3_t21,21,emotion_decoding,landado,enfadado,anger,anger,1,anger,2129.9,19,female,keypress
martineztomas2026_discrete_emotionality_exp3,exp3_9,exp3_t22,22,emotion_decoding,clespiente,veneno,disgust,fear,0,fear,2845,19,female,keypress
martineztomas2026_discrete_emotionality_exp3,exp3_9,exp3_t23,23,emotion_decoding,puntiaguja,espada,fear,fear,1,fear,3111.9,19,female,keypress
martineztomas2026_discrete_emotionality_exp3,exp3_10,exp3_t0,0,emotion_decoding,puntiaguja,espada,anger,fear,0,fear,2898.9,18,female,keypress
martineztomas2026_discrete_emotionality_exp3,exp3_10,exp3_t1,1,emotion_decoding,flastación,visión,disgust,happiness,0,happiness,6931.7,18,female,keypress
martineztomas2026_discrete_emotionality_exp3,exp3_10,exp3_t2,2,emotion_decoding,fierdo,hedor,anger,disgust,0,disgust,1432.2,18,female,keypress
martineztomas2026_discrete_emotionality_exp3,exp3_10,exp3_t3,3,emotion_decoding,bailetín,carnaval,happiness,happiness,1,happiness,1448.1,18,female,keypress
martineztomas2026_discrete_emotionality_exp3,exp3_10,exp3_t4,4,emotion_decoding,queranza,añoranza,happiness,sadness,0,sadness,2698,18,female,keypress
martineztomas2026_discrete_emotionality_exp3,exp3_10,exp3_t5,5,emotion_decoding,chismolo,rumor,happiness,anger,0,anger,3131.8,18,female,keypress
martineztomas2026_discrete_emotionality_exp3,exp3_10,exp3_t6,6,emotion_decoding,clespiente,veneno,fear,fear,1,fear,6265.5,18,female,keypress
martineztomas2026_discrete_emotionality_exp3,exp3_10,exp3_t7,7,emotion_decoding,furieta,rabia,anger,anger,1,anger,8148.2,18,female,keypress
martineztomas2026_discrete_emotionality_exp3,exp3_10,exp3_t8,8,emotion_decoding,descín,ruina,sadness,sadness,1,sadness,4148,18,female,keypress
martineztomas2026_discrete_emotionality_exp3,exp3_10,exp3_t9,9,emotion_decoding,landado,enfadado,anger,anger,1,anger,2515.5,18,female,keypress
martineztomas2026_discrete_emotionality_exp3,exp3_10,exp3_t10,10,emotion_decoding,fumaika,tabaco,sadness,disgust,0,disgust,4381.9,18,female,keypress
martineztomas2026_discrete_emotionality_exp3,exp3_10,exp3_t11,11,emotion_decoding,plareja,novio,fear,happiness,0,happiness,3614.8,18,female,keypress
martineztomas2026_discrete_emotionality_exp3,exp3_10,exp3_t12,12,emotion_decoding,eniecido,enemigo,anger,anger,1,anger,3795.1,18,female,keypress
martineztomas2026_discrete_emotionality_exp3,exp3_10,exp3_t13,13,emotion_decoding,distantación,lejanía,fear,sadness,0,sadness,2882.1,18,female,keypress
martineztomas2026_discrete_emotionality_exp3,exp3_10,exp3_t14,14,emotion_decoding,desabete,censura,anger,disgust,0,disgust,2648.7,18,female,keypress
martineztomas2026_discrete_emotionality_exp3,exp3_10,exp3_t15,15,emotion_decoding,residuera,basura,disgust,disgust,1,disgust,8382.3,18,female,keypress
martineztomas2026_discrete_emotionality_exp3,exp3_10,exp3_t16,16,emotion_decoding,dastro,intruso,disgust,fear,0,fear,2415,18,female,keypress
martineztomas2026_discrete_emotionality_exp3,exp3_10,exp3_t17,17,emotion_decoding,palabrostio,insulto,anger,anger,1,anger,2098.5,18,female,keypress
martineztomas2026_discrete_emotionality_exp3,exp3_10,exp3_t18,18,emotion_decoding,bendigolo,mendigo,happiness,sadness,0,sadness,3365.1,18,female,keypress
martineztomas2026_discrete_emotionality_exp3,exp3_10,exp3_t19,19,emotion_decoding,enjauladero,prisión,anger,fear,0,fear,4381.4,18,female,keypress
martineztomas2026_discrete_emotionality_exp3,exp3_10,exp3_t20,20,emotion_decoding,frórico,eufórico,anger,happiness,0,happiness,1714.8,18,female,keypress
martineztomas2026_discrete_emotionality_exp3,exp3_10,exp3_t21,21,emotion_decoding,argola,pistola,disgust,fear,0,fear,4915,18,female,keypress
martineztomas2026_discrete_emotionality_exp3,exp3_10,exp3_t22,22,emotion_decoding,dinería,lotería,happiness,happiness,1,happiness,1765.4,18,female,keypress
martineztomas2026_discrete_emotionality_exp3,exp3_11,exp3_t0,0,emotion_decoding,argola,pistola,disgust,fear,0,fear,2147.4,19,female,keypress
martineztomas2026_discrete_emotionality_exp3,exp3_11,exp3_t1,1,emotion_decoding,distantación,lejanía,sadness,sadness,1,sadness,6781.9,19,female,keypress
martineztomas2026_discrete_emotionality_exp3,exp3_11,exp3_t2,2,emotion_decoding,chismolo,rumor,happiness,anger,0,anger,2879.6,19,female,keypress
martineztomas2026_discrete_emotionality_exp3,exp3_11,exp3_t3,3,emotion_decoding,palabrostio,insulto,anger,anger,1,anger,4162,19,female,keypress
martineztomas2026_discrete_emotionality_exp3,exp3_11,exp3_t4,4,emotion_decoding,valacer,cadáver,happiness,sadness,0,sadness,1362.3,19,female,keypress
martineztomas2026_discrete_emotionality_exp3,exp3_11,exp3_t5,5,emotion_decoding,queranza,añoranza,happiness,sadness,0,sadness,1613.6,19,female,keypress
martineztomas2026_discrete_emotionality_exp3,exp3_11,exp3_t6,6,emotion_decoding,landado,enfadado,sadness,anger,0,anger,4729.6,19,female,keypress
martineztomas2026_discrete_emotionality_exp3,exp3_11,exp3_t7,7,emotion_decoding,residuera,basura,disgust,disgust,1,disgust,3697.1,19,female,keypress
martineztomas2026_discrete_emotionality_exp3,exp3_11,exp3_t8,8,emotion_decoding,bailetín,carnaval,happiness,happiness,1,happiness,1729.5,19,female,keypress
martineztomas2026_discrete_emotionality_exp3,exp3_11,exp3_t9,9,emotion_decoding,furieta,rabia,anger,anger,1,anger,1214.2,19,female,keypress
martineztomas2026_discrete_emotionality_exp3,exp3_11,exp3_t10,10,emotion_decoding,fumaika,tabaco,disgust,disgust,1,disgust,3698.1,19,female,keypress
martineztomas2026_discrete_emotionality_exp3,exp3_11,exp3_t11,11,emotion_decoding,enjauladero,prisión,sadness,fear,0,fear,1480.1,19,female,keypress
martineztomas2026_discrete_emotionality_exp3,exp3_11,exp3_t12,12,emotion_decoding,clespiente,veneno,fear,fear,1,fear,6082.7,19,female,keypress
martineztomas2026_discrete_emotionality_exp3,exp3_11,exp3_t13,13,emotion_decoding,flastación,visión,sadness,happiness,0,happiness,2746.5,19,female,keypress
martineztomas2026_discrete_emotionality_exp3,exp3_11,exp3_t14,14,emotion_decoding,desabete,censura,anger,disgust,0,disgust,9623.2,19,female,keypress
martineztomas2026_discrete_emotionality_exp3,exp3_11,exp3_t15,15,emotion_decoding,plareja,novio,happiness,happiness,1,happiness,1965.2,19,female,keypress
martineztomas2026_discrete_emotionality_exp3,exp3_11,exp3_t16,16,emotion_decoding,puntiaguja,espada,fear,fear,1,fear,6962.7,19,female,keypress
martineztomas2026_discrete_emotionality_exp3,exp3_11,exp3_t17,17,emotion_decoding,bendigolo,mendigo,sadness,sadness,1,sadness,8765.4,19,female,keypress
martineztomas2026_discrete_emotionality_exp3,exp3_11,exp3_t18,18,emotion_decoding,descín,ruina,happiness,sadness,0,sadness,6766.2,19,female,keypress
martineztomas2026_discrete_emotionality_exp3,exp3_11,exp3_t19,19,emotion_decoding,frórico,eufórico,sadness,happiness,0,happiness,5565.7,19,female,keypress
martineztomas2026_discrete_emotionality_exp3,exp3_11,exp3_t20,20,emotion_decoding,eniecido,enemigo,anger,anger,1,anger,1247.7,19,female,keypress
martineztomas2026_discrete_emotionality_exp3,exp3_11,exp3_t21,21,emotion_decoding,fierdo,hedor,fear,disgust,0,disgust,4411.1,19,female,keypress
martineztomas2026_discrete_emotionality_exp3,exp3_11,exp3_t22,22,emotion_decoding,dastro,intruso,anger,fear,0,fear,2783.1,19,female,keypress
martineztomas2026_discrete_emotionality_exp3,exp3_12,exp3_t0,0,emotion_decoding,queranza,añoranza,happiness,sadness,0,sadness,4243.3,18,male,keypress
martineztomas2026_discrete_emotionality_exp3,exp3_12,exp3_t1,1,emotion_decoding,eniecido,enemigo,fear,anger,0,anger,1996.1,18,male,keypress
martineztomas2026_discrete_emotionality_exp3,exp3_12,exp3_t2,2,emotion_decoding,plareja,novio,happiness,happiness,1,happiness,3709.3,18,male,keypress
martineztomas2026_discrete_emotionality_exp3,exp3_12,exp3_t3,3,emotion_decoding,frórico,eufórico,anger,happiness,0,happiness,3128.5,18,male,keypress
martineztomas2026_discrete_emotionality_exp3,exp3_12,exp3_t4,4,emotion_decoding,valacer,cadáver,happiness,sadness,0,sadness,2226.9,18,male,keypress
martineztomas2026_discrete_emotionality_exp3,exp3_12,exp3_t5,5,emotion_decoding,fiminos,piojos,happiness,disgust,0,disgust,3895.3,18,male,keypress
martineztomas2026_discrete_emotionality_exp3,exp3_12,exp3_t6,6,emotion_decoding,dastro,intruso,sadness,fear,0,fear,7876.2,18,male,keypress
martineztomas2026_discrete_emotionality_exp3,exp3_12,exp3_t7,7,emotion_decoding,fierdo,hedor,anger,disgust,0,disgust,1897.8,18,male,keypress
martineztomas2026_discrete_emotionality_exp3,exp3_12,exp3_t8,8,emotion_decoding,palabrostio,insulto,happiness,anger,0,anger,13752.4,18,male,keypress
martineztomas2026_discrete_emotionality_exp3,exp3_12,exp3_t9,9,emotion_decoding,bendigolo,mendigo,anger,sadness,0,sadness,2813.2,18,male,keypress
martineztomas2026_discrete_emotionality_exp3,exp3_12,exp3_t10,10,emotion_decoding,dinería,lotería,happiness,happiness,1,happiness,2412.5,18,male,keypress
martineztomas2026_discrete_emotionality_exp3,exp3_12,exp3_t11,11,emotion_decoding,chismolo,rumor,disgust,anger,0,anger,2978.1,18,male,keypress
martineztomas2026_discrete_emotionality_exp3,exp3_12,exp3_t12,12,emotion_decoding,distantación,lejanía,sadness,sadness,1,sadness,2712,18,male,keypress
martineztomas2026_discrete_emotionality_exp3,exp3_12,exp3_t13,13,emotion_decoding,enjauladero,prisión,happiness,fear,0,fear,2878.3,18,male,keypress
martineztomas2026_discrete_emotionality_exp3,exp3_12,exp3_t14,14,emotion_decoding,puntiaguja,espada,happiness,fear,0,fear,7273.4,18,male,keypress
martineztomas2026_discrete_emotionality_exp3,exp3_12,exp3_t15,15,emotion_decoding,argola,pistola,happiness,fear,0,fear,8846.7,18,male,keypress
martineztomas2026_discrete_emotionality_exp3,exp3_12,exp3_t16,16,emotion_decoding,desabete,censura,anger,disgust,0,disgust,3160.7,18,male,keypress
martineztomas2026_discrete_emotionality_exp3,exp3_12,exp3_t17,17,emotion_decoding,landado,enfadado,fear,anger,0,anger,6908.9,18,male,keypress
martineztomas2026_discrete_emotionality_exp3,exp3_12,exp3_t18,18,emotion_decoding,descín,ruina,sadness,sadness,1,sadness,2727.2,18,male,keypress
martineztomas2026_discrete_emotionality_exp3,exp3_12,exp3_t19,19,emotion_decoding,fumaika,tabaco,happiness,disgust,0,disgust,3825.6,18,male,keypress
martineztomas2026_discrete_emotionality_exp3,exp3_12,exp3_t20,20,emotion_decoding,flastación,visión,disgust,happiness,0,happiness,2947,18,male,keypress
martineztomas2026_discrete_emotionality_exp3,exp3_12,exp3_t21,21,emotion_decoding,clespiente,veneno,fear,fear,1,fear,3811,18,male,keypress
martineztomas2026_discrete_emotionality_exp3,exp3_12,exp3_t22,22,emotion_decoding,bailetín,carnaval,happiness,happiness,1,happiness,2443.5,18,male,keypress
martineztomas2026_discrete_emotionality_exp3,exp3_12,exp3_t23,23,emotion_decoding,furieta,rabia,happiness,anger,0,anger,12587.9,18,male,keypress
martineztomas2026_discrete_emotionality_exp3,exp3_12,exp3_t24,24,emotion_decoding,residuera,basura,disgust,disgust,1,disgust,1647.4,18,male,keypress
martineztomas2026_discrete_emotionality_exp3,exp3_13,exp3_t0,0,emotion_decoding,chismolo,rumor,disgust,anger,0,anger,4693.2,18,female,keypress
martineztomas2026_discrete_emotionality_exp3,exp3_13,exp3_t1,1,emotion_decoding,bailetín,carnaval,happiness,happiness,1,happiness,1429.5,18,female,keypress
martineztomas2026_discrete_emotionality_exp3,exp3_13,exp3_t2,2,emotion_decoding,distantación,lejanía,sadness,sadness,1,sadness,2279.1,18,female,keypress
martineztomas2026_discrete_emotionality_exp3,exp3_13,exp3_t3,3,emotion_decoding,landado,enfadado,fear,anger,0,anger,3277.9,18,female,keypress
martineztomas2026_discrete_emotionality_exp3,exp3_13,exp3_t4,4,emotion_decoding,argola,pistola,disgust,fear,0,fear,6451.6,18,female,keypress
martineztomas2026_discrete_emotionality_exp3,exp3_13,exp3_t5,5,emotion_decoding,dinería,lotería,happiness,happiness,1,happiness,4143.4,18,female,keypress
martineztomas2026_discrete_emotionality_exp3,exp3_13,exp3_t6,6,emotion_decoding,eniecido,enemigo,anger,anger,1,anger,2929,18,female,keypress
martineztomas2026_discrete_emotionality_exp3,exp3_13,exp3_t7,7,emotion_decoding,descín,ruina,anger,sadness,0,sadness,4237.8,18,female,keypress
martineztomas2026_discrete_emotionality_exp3,exp3_13,exp3_t8,8,emotion_decoding,fumaika,tabaco,anger,disgust,0,disgust,2011.4,18,female,keypress
martineztomas2026_discrete_emotionality_exp3,exp3_13,exp3_t9,9,emotion_decoding,puntiaguja,espada,sadness,fear,0,fear,3442,18,female,keypress
martineztomas2026_discrete_emotionality_exp3,exp3_13,exp3_t10,10,emotion_decoding,residuera,basura,disgust,disgust,1,disgust,2180.4,18,female,keypress
martineztomas2026_discrete_emotionality_exp3,exp3_13,exp3_t11,11,emotion_decoding,valacer,cadáver,happiness,sadness,0,sadness,1445,18,female,keypress
martineztomas2026_discrete_emotionality_exp3,exp3_13,exp3_t12,12,emotion_decoding,palabrostio,insulto,anger,anger,1,anger,1628.6,18,female,keypress
martineztomas2026_discrete_emotionality_exp3,exp3_13,exp3_t13,13,emotion_decoding,fierdo,hedor,fear,disgust,0,disgust,1263.8,18,female,keypress
martineztomas2026_discrete_emotionality_exp3,exp3_13,exp3_t14,14,emotion_decoding,furieta,rabia,anger,anger,1,anger,1013,18,female,keypress
martineztomas2026_discrete_emotionality_exp3,exp3_13,exp3_t15,15,emotion_decoding,clespiente,veneno,anger,fear,0,fear,5474.8,18,female,keypress
martineztomas2026_discrete_emotionality_exp3,exp3_13,exp3_t16,16,emotion_decoding,dastro,intruso,disgust,fear,0,fear,1812.8,18,female,keypress
martineztomas2026_discrete_emotionality_exp3,exp3_13,exp3_t17,17,emotion_decoding,desabete,censura,anger,disgust,0,disgust,3861.1,18,female,keypress
martineztomas2026_discrete_emotionality_exp3,exp3_13,exp3_t18,18,emotion_decoding,bendigolo,mendigo,happiness,sadness,0,sadness,1495.5,18,female,keypress
martineztomas2026_discrete_emotionality_exp3,exp3_13,exp3_t19,19,emotion_decoding,fiminos,piojos,happiness,disgust,0,disgust,2511.9,18,female,keypress
martineztomas2026_discrete_emotionality_exp3,exp3_13,exp3_t20,20,emotion_decoding,flastación,visión,anger,happiness,0,happiness,2710.7,18,female,keypress
martineztomas2026_discrete_emotionality_exp3,exp3_13,exp3_t21,21,emotion_decoding,enjauladero,prisión,fear,fear,1,fear,6024.8,18,female,keypress
martineztomas2026_discrete_emotionality_exp3,exp3_14,exp3_t0,0,emotion_decoding,fumaika,tabaco,disgust,disgust,1,disgust,4429.4,19,female,keypress
martineztomas2026_discrete_emotionality_exp3,exp3_14,exp3_t1,1,emotion_decoding,dastro,intruso,disgust,fear,0,fear,3730.2,19,female,keypress
martineztomas2026_discrete_emotionality_exp3,exp3_14,exp3_t2,2,emotion_decoding,fiminos,piojos,happiness,disgust,0,disgust,6553.1,19,female,keypress
martineztomas2026_discrete_emotionality_exp3,exp3_14,exp3_t3,3,emotion_decoding,landado,enfadado,anger,anger,1,anger,5012.9,19,female,keypress
martineztomas2026_discrete_emotionality_exp3,exp3_14,exp3_t4,4,emotion_decoding,argola,pistola,disgust,fear,0,fear,3064.7,19,female,keypress
martineztomas2026_discrete_emotionality_exp3,exp3_14,exp3_t5,5,emotion_decoding,puntiaguja,espada,fear,fear,1,fear,2946.1,19,female,keypress
martineztomas2026_discrete_emotionality_exp3,exp3_14,exp3_t6,6,emotion_decoding,valacer,cadáver,happiness,sadness,0,sadness,4715,19,female,keypress
martineztomas2026_discrete_emotionality_exp3,exp3_14,exp3_t7,7,emotion_decoding,fierdo,hedor,sadness,disgust,0,disgust,6097.7,19,female,keypress
martineztomas2026_discrete_emotionality_exp3,exp3_14,exp3_t8,8,emotion_decoding,flastación,visión,anger,happiness,0,happiness,5729.3,19,female,keypress
martineztomas2026_discrete_emotionality_exp3,exp3_14,exp3_t9,9,emotion_decoding,bailetín,carnaval,happiness,happiness,1,happiness,1248.7,19,female,keypress
martineztomas2026_discrete_emotionality_exp3,exp3_14,exp3_t10,10,emotion_decoding,frórico,eufórico,fear,happiness,0,happiness,4814.3,19,female,keypress
martineztomas2026_discrete_emotionality_exp3,exp3_14,exp3_t11,11,emotion_decoding,plareja,novio,sadness,happiness,0,happiness,7535,19,female,keypress
martineztomas2026_discrete_emotionality_exp3,exp3_14,exp3_t12,12,emotion_decoding,distantación,lejanía,fear,sadness,0,sadness,5297.2,19,female,keypress
martineztomas2026_discrete_emotionality_exp3,exp3_14,exp3_t13,13,emotion_decoding,residuera,basura,happiness,disgust,0,disgust,9704.7,19,female,keypress
martineztomas2026_discrete_emotionality_exp3,exp3_14,exp3_t14,14,emotion_decoding,furieta,rabia,anger,anger,1,anger,1869,19,female,keypress
martineztomas2026_discrete_emotionality_exp3,exp3_14,exp3_t15,15,emotion_decoding,queranza,añoranza,happiness,sadness,0,sadness,14654.4,19,female,keypress
martineztomas2026_discrete_emotionality_exp3,exp3_14,exp3_t16,16,emotion_decoding,clespiente,veneno,fear,fear,1,fear,3267.2,19,female,keypress
martineztomas2026_discrete_emotionality_exp3,exp3_14,exp3_t17,17,emotion_decoding,chismolo,rumor,happiness,anger,0,anger,4485.6,19,female,keypress
martineztomas2026_discrete_emotionality_exp3,exp3_14,exp3_t18,18,emotion_decoding,palabrostio,insulto,disgust,anger,0,anger,3597.1,19,female,keypress
martineztomas2026_discrete_emotionality_exp3,exp3_14,exp3_t19,19,emotion_decoding,desabete,censura,disgust,disgust,1,disgust,3768.8,19,female,keypress
martineztomas2026_discrete_emotionality_exp3,exp3_14,exp3_t20,20,emotion_decoding,bendigolo,mendigo,happiness,sadness,0,sadness,4306.1,19,female,keypress
martineztomas2026_discrete_emotionality_exp3,exp3_14,exp3_t21,21,emotion_decoding,dinería,lotería,happiness,happiness,1,happiness,2261.6,19,female,keypress
martineztomas2026_discrete_emotionality_exp3,exp3_14,exp3_t22,22,emotion_decoding,enjauladero,prisión,fear,fear,1,fear,3781.5,19,female,keypress
martineztomas2026_discrete_emotionality_exp3,exp3_14,exp3_t23,23,emotion_decoding,eniecido,enemigo,anger,anger,1,anger,3430.6,19,female,keypress
martineztomas2026_discrete_emotionality_exp3,exp3_15,exp3_t0,0,emotion_decoding,queranza,añoranza,happiness,sadness,0,sadness,1630,18,female,keypress
martineztomas2026_discrete_emotionality_exp3,exp3_15,exp3_t1,1,emotion_decoding,eniecido,enemigo,anger,anger,1,anger,2663,18,female,keypress
martineztomas2026_discrete_emotionality_exp3,exp3_15,exp3_t2,2,emotion_decoding,furieta,rabia,fear,anger,0,anger,1197,18,female,keypress
martineztomas2026_discrete_emotionality_exp3,exp3_15,exp3_t3,3,emotion_decoding,descín,ruina,sadness,sadness,1,sadness,3363,18,female,keypress
martineztomas2026_discrete_emotionality_exp3,exp3_15,exp3_t4,4,emotion_decoding,landado,enfadado,happiness,anger,0,anger,2294,18,female,keypress
martineztomas2026_discrete_emotionality_exp3,exp3_15,exp3_t5,5,emotion_decoding,flastación,visión,fear,happiness,0,happiness,2563,18,female,keypress
martineztomas2026_discrete_emotionality_exp3,exp3_15,exp3_t6,6,emotion_decoding,frórico,eufórico,happiness,happiness,1,happiness,3096,18,female,keypress
martineztomas2026_discrete_emotionality_exp3,exp3_15,exp3_t7,7,emotion_decoding,dinería,lotería,happiness,happiness,1,happiness,1897,18,female,keypress
martineztomas2026_discrete_emotionality_exp3,exp3_15,exp3_t8,8,emotion_decoding,bendigolo,mendigo,sadness,sadness,1,sadness,2863,18,female,keypress
martineztomas2026_discrete_emotionality_exp3,exp3_15,exp3_t9,9,emotion_decoding,fumaika,tabaco,fear,disgust,0,disgust,1631,18,female,keypress
martineztomas2026_discrete_emotionality_exp3,exp3_15,exp3_t10,10,emotion_decoding,residuera,basura,disgust,disgust,1,disgust,1428,18,female,keypress
martineztomas2026_discrete_emotionality_exp3,exp3_15,exp3_t11,11,emotion_decoding,argola,pistola,happiness,fear,0,fear,2562,18,female,keypress
martineztomas2026_discrete_emotionality_exp3,exp3_15,exp3_t12,12,emotion_decoding,desabete,censura,sadness,disgust,0,disgust,2263,18,female,keypress
martineztomas2026_discrete_emotionality_exp3,exp3_15,exp3_t13,13,emotion_decoding,fiminos,piojos,fear,disgust,0,disgust,11397,18,female,keypress
martineztomas2026_discrete_emotionality_exp3,exp3_15,exp3_t14,14,emotion_decoding,plareja,novio,happiness,happiness,1,happiness,1263,18,female,keypress
martineztomas2026_discrete_emotionality_exp3,exp3_15,exp3_t15,15,emotion_decoding,fierdo,hedor,anger,disgust,0,disgust,4164,18,female,keypress
martineztomas2026_discrete_emotionality_exp3,exp3_15,exp3_t16,16,emotion_decoding,chismolo,rumor,disgust,anger,0,anger,4197,18,female,keypress
martineztomas2026_discrete_emotionality_exp3,exp3_15,exp3_t17,17,emotion_decoding,bailetín,carnaval,happiness,happiness,1,happiness,1563,18,female,keypress
martineztomas2026_discrete_emotionality_exp3,exp3_15,exp3_t18,18,emotion_decoding,valacer,cadáver,happiness,sadness,0,sadness,2130,18,female,keypress
martineztomas2026_discrete_emotionality_exp3,exp3_15,exp3_t19,19,emotion_decoding,clespiente,veneno,fear,fear,1,fear,7295,18,female,keypress
martineztomas2026_discrete_emotionality_exp3,exp3_15,exp3_t20,20,emotion_decoding,enjauladero,prisión,fear,fear,1,fear,2396,18,female,keypress
martineztomas2026_discrete_emotionality_exp3,exp3_15,exp3_t21,21,emotion_decoding,dastro,intruso,fear,fear,1,fear,3063,18,female,keypress
martineztomas2026_discrete_emotionality_exp3,exp3_15,exp3_t22,22,emotion_decoding,puntiaguja,espada,fear,fear,1,fear,1797,18,female,keypress
martineztomas2026_discrete_emotionality_exp3,exp3_15,exp3_t23,23,emotion_decoding,distantación,lejanía,anger,sadness,0,sadness,7590,18,female,keypress
martineztomas2026_discrete_emotionality_exp3,exp3_15,exp3_t24,24,emotion_decoding,palabrostio,insulto,anger,anger,1,anger,2864,18,female,keypress
martineztomas2026_discrete_emotionality_exp3,exp3_16,exp3_t0,0,emotion_decoding,desabete,censura,disgust,disgust,1,disgust,17545.6,21,female,keypress
martineztomas2026_discrete_emotionality_exp3,exp3_16,exp3_t1,1,emotion_decoding,palabrostio,insulto,anger,anger,1,anger,2727,21,female,keypress
martineztomas2026_discrete_emotionality_exp3,exp3_16,exp3_t2,2,emotion_decoding,dinería,lotería,happiness,happiness,1,happiness,7205.2,21,female,keypress
martineztomas2026_discrete_emotionality_exp3,exp3_16,exp3_t3,3,emotion_decoding,enjauladero,prisión,fear,fear,1,fear,18762.6,21,female,keypress
martineztomas2026_discrete_emotionality_exp3,exp3_16,exp3_t4,4,emotion_decoding,plareja,novio,happiness,happiness,1,happiness,4155.2,21,female,keypress
martineztomas2026_discrete_emotionality_exp3,exp3_16,exp3_t5,5,emotion_decoding,residuera,basura,happiness,disgust,0,disgust,16547,21,female,keypress
martineztomas2026_discrete_emotionality_exp3,exp3_16,exp3_t6,6,emotion_decoding,bailetín,carnaval,happiness,happiness,1,happiness,2726.8,21,female,keypress
martineztomas2026_discrete_emotionality_exp3,exp3_16,exp3_t7,7,emotion_decoding,fierdo,hedor,fear,disgust,0,disgust,1927.5,21,female,keypress
martineztomas2026_discrete_emotionality_exp3,exp3_16,exp3_t8,8,emotion_decoding,landado,enfadado,anger,anger,1,anger,19510,21,female,keypress
martineztomas2026_discrete_emotionality_exp3,exp3_16,exp3_t9,9,emotion_decoding,descín,ruina,happiness,sadness,0,sadness,2758.7,21,female,keypress
martineztomas2026_discrete_emotionality_exp3,exp3_16,exp3_t10,10,emotion_decoding,fiminos,piojos,happiness,disgust,0,disgust,5108.1,21,female,keypress
martineztomas2026_discrete_emotionality_exp3,exp3_16,exp3_t11,11,emotion_decoding,distantación,lejanía,sadness,sadness,1,sadness,4458.6,21,female,keypress
martineztomas2026_discrete_emotionality_exp3,exp3_16,exp3_t12,12,emotion_decoding,flastación,visión,anger,happiness,0,happiness,2708.9,21,female,keypress
martineztomas2026_discrete_emotionality_exp3,exp3_16,exp3_t13,13,emotion_decoding,eniecido,enemigo,sadness,anger,0,anger,8605.2,21,female,keypress
martineztomas2026_discrete_emotionality_exp3,exp3_16,exp3_t14,14,emotion_decoding,valacer,cadáver,happiness,sadness,0,sadness,2808.9,21,female,keypress
martineztomas2026_discrete_emotionality_exp3,exp3_16,exp3_t15,15,emotion_decoding,fumaika,tabaco,disgust,disgust,1,disgust,5489.3,21,female,keypress
martineztomas2026_discrete_emotionality_exp3,exp3_16,exp3_t16,16,emotion_decoding,chismolo,rumor,happiness,anger,0,anger,9653.1,21,female,keypress
martineztomas2026_discrete_emotionality_exp3,exp3_16,exp3_t17,17,emotion_decoding,bendigolo,mendigo,happiness,sadness,0,sadness,5740.9,21,female,keypress
martineztomas2026_discrete_emotionality_exp3,exp3_16,exp3_t18,18,emotion_decoding,frórico,eufórico,anger,happiness,0,happiness,15281,21,female,keypress
martineztomas2026_discrete_emotionality_exp3,exp3_16,exp3_t19,19,emotion_decoding,puntiaguja,espada,disgust,fear,0,fear,13649.2,21,female,keypress
martineztomas2026_discrete_emotionality_exp3,exp3_16,exp3_t20,20,emotion_decoding,furieta,rabia,anger,anger,1,anger,1843.9,21,female,keypress
martineztomas2026_discrete_emotionality_exp3,exp3_17,exp3_t0,0,emotion_decoding,desabete,censura,disgust,disgust,1,disgust,4299.4,18,female,keypress
martineztomas2026_discrete_emotionality_exp3,exp3_17,exp3_t1,1,emotion_decoding,enjauladero,prisión,fear,fear,1,fear,3020,18,female,keypress
martineztomas2026_discrete_emotionality_exp3,exp3_17,exp3_t2,2,emotion_decoding,plareja,novio,happiness,happiness,1,happiness,3682.4,18,female,keypress
martineztomas2026_discrete_emotionality_exp3,exp3_17,exp3_t3,3,emotion_decoding,fumaika,tabaco,disgust,disgust,1,disgust,3936.7,18,female,keypress
martineztomas2026_discrete_emotionality_exp3,exp3_17,exp3_t4,4,emotion_decoding,landado,enfadado,disgust,anger,0,anger,14714.4,18,female,keypress
martineztomas2026_discrete_emotionality_exp3,exp3_17,exp3_t5,5,emotion_decoding,descín,ruina,sadness,sadness,1,sadness,3916,18,female,keypress
martineztomas2026_discrete_emotionality_exp3,exp3_17,exp3_t6,6,emotion_decoding,distantación,lejanía,sadness,sadness,1,sadness,7379,18,female,keypress
martineztomas2026_discrete_emotionality_exp3,exp3_17,exp3_t7,7,emotion_decoding,bendigolo,mendigo,anger,sadness,0,sadness,16167.6,18,female,keypress
martineztomas2026_discrete_emotionality_exp3,exp3_17,exp3_t8,8,emotion_decoding,fiminos,piojos,happiness,disgust,0,disgust,4331.2,18,female,keypress
martineztomas2026_discrete_emotionality_exp3,exp3_17,exp3_t9,9,emotion_decoding,argola,pistola,happiness,fear,0,fear,3070.3,18,female,keypress
martineztomas2026_discrete_emotionality_exp3,exp3_17,exp3_t10,10,emotion_decoding,bailetín,carnaval,happiness,happiness,1,happiness,4960.2,18,female,keypress
martineztomas2026_discrete_emotionality_exp3,exp3_17,exp3_t11,11,emotion_decoding,furieta,rabia,anger,anger,1,anger,1749.3,18,female,keypress
martineztomas2026_discrete_emotionality_exp3,exp3_17,exp3_t12,12,emotion_decoding,residuera,basura,sadness,disgust,0,disgust,4544.7,18,female,keypress
martineztomas2026_discrete_emotionality_exp3,exp3_17,exp3_t13,13,emotion_decoding,dastro,intruso,fear,fear,1,fear,7799.3,18,female,keypress
martineztomas2026_discrete_emotionality_exp3,exp3_17,exp3_t14,14,emotion_decoding,clespiente,veneno,sadness,fear,0,fear,5460.3,18,female,keypress
martineztomas2026_discrete_emotionality_exp3,exp3_17,exp3_t15,15,emotion_decoding,flastación,visión,happiness,happiness,1,happiness,2632.6,18,female,keypress
martineztomas2026_discrete_emotionality_exp3,exp3_17,exp3_t16,16,emotion_decoding,eniecido,enemigo,anger,anger,1,anger,2503.2,18,female,keypress
martineztomas2026_discrete_emotionality_exp3,exp3_17,exp3_t17,17,emotion_decoding,chismolo,rumor,happiness,anger,0,anger,3014.8,18,female,keypress
martineztomas2026_discrete_emotionality_exp3,exp3_17,exp3_t18,18,emotion_decoding,puntiaguja,espada,fear,fear,1,fear,6136.8,18,female,keypress
martineztomas2026_discrete_emotionality_exp3,exp3_17,exp3_t19,19,emotion_decoding,queranza,añoranza,happiness,sadness,0,sadness,1865.4,18,female,keypress
martineztomas2026_discrete_emotionality_exp3,exp3_17,exp3_t20,20,emotion_decoding,frórico,eufórico,anger,happiness,0,happiness,3903.6,18,female,keypress
martineztomas2026_discrete_emotionality_exp3,exp3_17,exp3_t21,21,emotion_decoding,palabrostio,insulto,anger,anger,1,anger,2233.1,18,female,keypress
martineztomas2026_discrete_emotionality_exp3,exp3_17,exp3_t22,22,emotion_decoding,fierdo,hedor,fear,disgust,0,disgust,2186.8,18,female,keypress
martineztomas2026_discrete_emotionality_exp3,exp3_17,exp3_t23,23,emotion_decoding,valacer,cadáver,happiness,sadness,0,sadness,3327.5,18,female,keypress
martineztomas2026_discrete_emotionality_exp3,exp3_17,exp3_t24,24,emotion_decoding,dinería,lotería,happiness,happiness,1,happiness,7864,18,female,keypress
martineztomas2026_discrete_emotionality_exp3,exp3_18,exp3_t0,0,emotion_decoding,bendigolo,mendigo,happiness,sadness,0,sadness,1599.4,18,female,keypress
martineztomas2026_discrete_emotionality_exp3,exp3_18,exp3_t1,1,emotion_decoding,plareja,novio,sadness,happiness,0,happiness,4895,18,female,keypress
martineztomas2026_discrete_emotionality_exp3,exp3_18,exp3_t2,2,emotion_decoding,fierdo,hedor,anger,disgust,0,disgust,3036.2,18,female,keypress
martineztomas2026_discrete_emotionality_exp3,exp3_18,exp3_t3,3,emotion_decoding,valacer,cadáver,sadness,sadness,1,sadness,8741.9,18,female,keypress
martineztomas2026_discrete_emotionality_exp3,exp3_18,exp3_t4,4,emotion_decoding,palabrostio,insulto,anger,anger,1,anger,2647.8,18,female,keypress
martineztomas2026_discrete_emotionality_exp3,exp3_18,exp3_t5,5,emotion_decoding,flastación,visión,anger,happiness,0,happiness,4671.8,18,female,keypress
martineztomas2026_discrete_emotionality_exp3,exp3_18,exp3_t6,6,emotion_decoding,distantación,lejanía,sadness,sadness,1,sadness,2832,18,female,keypress
martineztomas2026_discrete_emotionality_exp3,exp3_18,exp3_t7,7,emotion_decoding,queranza,añoranza,happiness,sadness,0,sadness,1364.2,18,female,keypress
martineztomas2026_discrete_emotionality_exp3,exp3_18,exp3_t8,8,emotion_decoding,clespiente,veneno,happiness,fear,0,fear,7876.5,18,female,keypress
martineztomas2026_discrete_emotionality_exp3,exp3_18,exp3_t9,9,emotion_decoding,dastro,intruso,anger,fear,0,fear,4997.5,18,female,keypress
martineztomas2026_discrete_emotionality_exp3,exp3_18,exp3_t10,10,emotion_decoding,enjauladero,prisión,fear,fear,1,fear,2914.7,18,female,keypress
martineztomas2026_discrete_emotionality_exp3,exp3_18,exp3_t11,11,emotion_decoding,bailetín,carnaval,happiness,happiness,1,happiness,1615.4,18,female,keypress
martineztomas2026_discrete_emotionality_exp3,exp3_18,exp3_t12,12,emotion_decoding,furieta,rabia,anger,anger,1,anger,1631.1,18,female,keypress
martineztomas2026_discrete_emotionality_exp3,exp3_18,exp3_t13,13,emotion_decoding,eniecido,enemigo,fear,anger,0,anger,3837.6,18,female,keypress
martineztomas2026_discrete_emotionality_exp3,exp3_18,exp3_t14,14,emotion_decoding,landado,enfadado,fear,anger,0,anger,4081.9,18,female,keypress
martineztomas2026_discrete_emotionality_exp3,exp3_18,exp3_t15,15,emotion_decoding,desabete,censura,disgust,disgust,1,disgust,10417.1,18,female,keypress
martineztomas2026_discrete_emotionality_exp3,exp3_18,exp3_t16,16,emotion_decoding,fumaika,tabaco,disgust,disgust,1,disgust,7159.1,18,female,keypress
martineztomas2026_discrete_emotionality_exp3,exp3_18,exp3_t17,17,emotion_decoding,descín,ruina,anger,sadness,0,sadness,4164,18,female,keypress
martineztomas2026_discrete_emotionality_exp3,exp3_18,exp3_t18,18,emotion_decoding,residuera,basura,disgust,disgust,1,disgust,3898.1,18,female,keypress
martineztomas2026_discrete_emotionality_exp3,exp3_18,exp3_t19,19,emotion_decoding,fiminos,piojos,happiness,disgust,0,disgust,4947.7,18,female,keypress
martineztomas2026_discrete_emotionality_exp3,exp3_18,exp3_t20,20,emotion_decoding,puntiaguja,espada,fear,fear,1,fear,2450.4,18,female,keypress
martineztomas2026_discrete_emotionality_exp3,exp3_18,exp3_t21,21,emotion_decoding,dinería,lotería,happiness,happiness,1,happiness,1971.1,18,female,keypress
martineztomas2026_discrete_emotionality_exp3,exp3_18,exp3_t22,22,emotion_decoding,chismolo,rumor,happiness,anger,0,anger,1913.1,18,female,keypress
martineztomas2026_discrete_emotionality_exp3,exp3_18,exp3_t23,23,emotion_decoding,argola,pistola,disgust,fear,0,fear,4114.1,18,female,keypress
martineztomas2026_discrete_emotionality_exp3,exp3_18,exp3_t24,24,emotion_decoding,frórico,eufórico,happiness,happiness,1,happiness,1381.1,18,female,keypress
martineztomas2026_discrete_emotionality_exp3,exp3_19,exp3_t0,0,emotion_decoding,puntiaguja,espada,fear,fear,1,fear,4362,18,female,keypress
martineztomas2026_discrete_emotionality_exp3,exp3_19,exp3_t1,1,emotion_decoding,bailetín,carnaval,happiness,happiness,1,happiness,2077.5,18,female,keypress
martineztomas2026_discrete_emotionality_exp3,exp3_19,exp3_t2,2,emotion_decoding,descín,ruina,sadness,sadness,1,sadness,3077.3,18,female,keypress
martineztomas2026_discrete_emotionality_exp3,exp3_19,exp3_t3,3,emotion_decoding,clespiente,veneno,happiness,fear,0,fear,2948.8,18,female,keypress
martineztomas2026_discrete_emotionality_exp3,exp3_19,exp3_t4,4,emotion_decoding,frórico,eufórico,happiness,happiness,1,happiness,1688.6,18,female,keypress
martineztomas2026_discrete_emotionality_exp3,exp3_19,exp3_t5,5,emotion_decoding,furieta,rabia,anger,anger,1,anger,2073.1,18,female,keypress
martineztomas2026_discrete_emotionality_exp3,exp3_19,exp3_t6,6,emotion_decoding,distantación,lejanía,sadness,sadness,1,sadness,2569.4,18,female,keypress
martineztomas2026_discrete_emotionality_exp3,exp3_19,exp3_t7,7,emotion_decoding,landado,enfadado,anger,anger,1,anger,5017.6,18,female,keypress
martineztomas2026_discrete_emotionality_exp3,exp3_19,exp3_t8,8,emotion_decoding,enjauladero,prisión,fear,fear,1,fear,3408.1,18,female,keypress
martineztomas2026_discrete_emotionality_exp3,exp3_19,exp3_t9,9,emotion_decoding,dastro,intruso,disgust,fear,0,fear,3850.1,18,female,keypress
martineztomas2026_discrete_emotionality_exp3,exp3_19,exp3_t10,10,emotion_decoding,fierdo,hedor,anger,disgust,0,disgust,2758.9,18,female,keypress
martineztomas2026_discrete_emotionality_exp3,exp3_19,exp3_t11,11,emotion_decoding,argola,pistola,sadness,fear,0,fear,5782.9,18,female,keypress
martineztomas2026_discrete_emotionality_exp3,exp3_19,exp3_t12,12,emotion_decoding,valacer,cadáver,happiness,sadness,0,sadness,2956.2,18,female,keypress
martineztomas2026_discrete_emotionality_exp3,exp3_19,exp3_t13,13,emotion_decoding,residuera,basura,disgust,disgust,1,disgust,9153.1,18,female,keypress
martineztomas2026_discrete_emotionality_exp3,exp3_19,exp3_t14,14,emotion_decoding,bendigolo,mendigo,sadness,sadness,1,sadness,4459.3,18,female,keypress
martineztomas2026_discrete_emotionality_exp3,exp3_19,exp3_t15,15,emotion_decoding,queranza,añoranza,happiness,sadness,0,sadness,3862.1,18,female,keypress
martineztomas2026_discrete_emotionality_exp3,exp3_19,exp3_t16,16,emotion_decoding,palabrostio,insulto,disgust,anger,0,anger,4624.9,18,female,keypress
martineztomas2026_discrete_emotionality_exp3,exp3_19,exp3_t17,17,emotion_decoding,flastación,visión,sadness,happiness,0,happiness,5279.3,18,female,keypress
martineztomas2026_discrete_emotionality_exp3,exp3_19,exp3_t18,18,emotion_decoding,dinería,lotería,happiness,happiness,1,happiness,9226.8,18,female,keypress
martineztomas2026_discrete_emotionality_exp3,exp3_19,exp3_t19,19,emotion_decoding,fiminos,piojos,happiness,disgust,0,disgust,3736.6,18,female,keypress
martineztomas2026_discrete_emotionality_exp3,exp3_19,exp3_t20,20,emotion_decoding,desabete,censura,disgust,disgust,1,disgust,4866.8,18,female,keypress
martineztomas2026_discrete_emotionality_exp3,exp3_19,exp3_t21,21,emotion_decoding,chismolo,rumor,happiness,anger,0,anger,1364.5,18,female,keypress
martineztomas2026_discrete_emotionality_exp3,exp3_19,exp3_t22,22,emotion_decoding,plareja,novio,fear,happiness,0,happiness,8791.8,18,female,keypress
martineztomas2026_discrete_emotionality_exp3,exp3_19,exp3_t23,23,emotion_decoding,fumaika,tabaco,happiness,disgust,0,disgust,5098.6,18,female,keypress
martineztomas2026_discrete_emotionality_exp3,exp3_19,exp3_t24,24,emotion_decoding,eniecido,enemigo,sadness,anger,0,anger,3623.4,18,female,keypress
martineztomas2026_discrete_emotionality_exp3,exp3_20,exp3_t0,0,emotion_decoding,clespiente,veneno,sadness,fear,0,fear,7832,19,female,keypress
martineztomas2026_discrete_emotionality_exp3,exp3_20,exp3_t1,1,emotion_decoding,palabrostio,insulto,anger,anger,1,anger,1597,19,female,keypress
martineztomas2026_discrete_emotionality_exp3,exp3_20,exp3_t2,2,emotion_decoding,fumaika,tabaco,fear,disgust,0,disgust,1745,19,female,keypress
martineztomas2026_discrete_emotionality_exp3,exp3_20,exp3_t3,3,emotion_decoding,bailetín,carnaval,happiness,happiness,1,happiness,1781,19,female,keypress
martineztomas2026_discrete_emotionality_exp3,exp3_20,exp3_t4,4,emotion_decoding,flastación,visión,happiness,happiness,1,happiness,5581,19,female,keypress
martineztomas2026_discrete_emotionality_exp3,exp3_20,exp3_t5,5,emotion_decoding,residuera,basura,disgust,disgust,1,disgust,2296,19,female,keypress
martineztomas2026_discrete_emotionality_exp3,exp3_20,exp3_t6,6,emotion_decoding,landado,enfadado,anger,anger,1,anger,1514,19,female,keypress
martineztomas2026_discrete_emotionality_exp3,exp3_20,exp3_t7,7,emotion_decoding,fiminos,piojos,sadness,disgust,0,disgust,6944,19,female,keypress
martineztomas2026_discrete_emotionality_exp3,exp3_20,exp3_t8,8,emotion_decoding,dinería,lotería,happiness,happiness,1,happiness,1244,19,female,keypress
martineztomas2026_discrete_emotionality_exp3,exp3_20,exp3_t9,9,emotion_decoding,distantación,lejanía,fear,sadness,0,sadness,2848,19,female,keypress
martineztomas2026_discrete_emotionality_exp3,exp3_20,exp3_t10,10,emotion_decoding,eniecido,enemigo,anger,anger,1,anger,2049,19,female,keypress
martineztomas2026_discrete_emotionality_exp3,exp3_20,exp3_t11,11,emotion_decoding,dastro,intruso,disgust,fear,0,fear,9564,19,female,keypress
martineztomas2026_discrete_emotionality_exp3,exp3_20,exp3_t12,12,emotion_decoding,desabete,censura,sadness,disgust,0,disgust,3432,19,female,keypress
martineztomas2026_discrete_emotionality_exp3,exp3_20,exp3_t13,13,emotion_decoding,frórico,eufórico,happiness,happiness,1,happiness,1781,19,female,keypress
martineztomas2026_discrete_emotionality_exp3,exp3_20,exp3_t14,14,emotion_decoding,argola,pistola,happiness,fear,0,fear,4614,19,female,keypress
martineztomas2026_discrete_emotionality_exp3,exp3_20,exp3_t15,15,emotion_decoding,furieta,rabia,anger,anger,1,anger,1746,19,female,keypress
martineztomas2026_discrete_emotionality_exp3,exp3_20,exp3_t16,16,emotion_decoding,valacer,cadáver,happiness,sadness,0,sadness,3075,19,female,keypress
martineztomas2026_discrete_emotionality_exp3,exp3_20,exp3_t17,17,emotion_decoding,enjauladero,prisión,fear,fear,1,fear,2463,19,female,keypress
martineztomas2026_discrete_emotionality_exp3,exp3_20,exp3_t18,18,emotion_decoding,fierdo,hedor,sadness,disgust,0,disgust,5849,19,female,keypress
martineztomas2026_discrete_emotionality_exp3,exp3_20,exp3_t19,19,emotion_decoding,bendigolo,mendigo,happiness,sadness,0,sadness,1447,19,female,keypress
martineztomas2026_discrete_emotionality_exp3,exp3_20,exp3_t20,20,emotion_decoding,plareja,novio,happiness,happiness,1,happiness,4468,19,female,keypress
martineztomas2026_discrete_emotionality_exp3,exp3_20,exp3_t21,21,emotion_decoding,queranza,añoranza,happiness,sadness,0,sadness,1846,19,female,keypress
martineztomas2026_discrete_emotionality_exp3,exp3_20,exp3_t22,22,emotion_decoding,puntiaguja,espada,fear,fear,1,fear,1947,19,female,keypress
martineztomas2026_discrete_emotionality_exp3,exp3_20,exp3_t23,23,emotion_decoding,descín,ruina,disgust,sadness,0,sadness,2511,19,female,keypress
martineztomas2026_discrete_emotionality_exp3,exp3_20,exp3_t24,24,emotion_decoding,chismolo,rumor,happiness,anger,0,anger,1746,19,female,keypress
martineztomas2026_discrete_emotionality_exp3,exp3_21,exp3_t0,0,emotion_decoding,distantación,lejanía,anger,sadness,0,sadness,3528.9,23,female,keypress
martineztomas2026_discrete_emotionality_exp3,exp3_21,exp3_t1,1,emotion_decoding,chismolo,rumor,happiness,anger,0,anger,3194,23,female,keypress
martineztomas2026_discrete_emotionality_exp3,exp3_21,exp3_t2,2,emotion_decoding,enjauladero,prisión,fear,fear,1,fear,5812.2,23,female,keypress
martineztomas2026_discrete_emotionality_exp3,exp3_21,exp3_t3,3,emotion_decoding,valacer,cadáver,sadness,sadness,1,sadness,6380.8,23,female,keypress
martineztomas2026_discrete_emotionality_exp3,exp3_21,exp3_t4,4,emotion_decoding,fiminos,piojos,disgust,disgust,1,disgust,2811.6,23,female,keypress
martineztomas2026_discrete_emotionality_exp3,exp3_21,exp3_t5,5,emotion_decoding,furieta,rabia,anger,anger,1,anger,1378.4,23,female,keypress
martineztomas2026_discrete_emotionality_exp3,exp3_21,exp3_t6,6,emotion_decoding,desabete,censura,disgust,disgust,1,disgust,9646.2,23,female,keypress
martineztomas2026_discrete_emotionality_exp3,exp3_21,exp3_t7,7,emotion_decoding,palabrostio,insulto,anger,anger,1,anger,3079.1,23,female,keypress
martineztomas2026_discrete_emotionality_exp3,exp3_21,exp3_t8,8,emotion_decoding,argola,pistola,anger,fear,0,fear,6997.5,23,female,keypress
martineztomas2026_discrete_emotionality_exp3,exp3_21,exp3_t9,9,emotion_decoding,bailetín,carnaval,happiness,happiness,1,happiness,2628.4,23,female,keypress
martineztomas2026_discrete_emotionality_exp3,exp3_21,exp3_t10,10,emotion_decoding,fierdo,hedor,disgust,disgust,1,disgust,2862.4,23,female,keypress
martineztomas2026_discrete_emotionality_exp3,exp3_21,exp3_t11,11,emotion_decoding,dastro,intruso,disgust,fear,0,fear,12045.8,23,female,keypress
martineztomas2026_discrete_emotionality_exp3,exp3_21,exp3_t12,12,emotion_decoding,clespiente,veneno,disgust,fear,0,fear,3890.8,23,female,keypress
martineztomas2026_discrete_emotionality_exp3,exp3_21,exp3_t13,13,emotion_decoding,descín,ruina,happiness,sadness,0,sadness,3712.7,23,female,keypress
martineztomas2026_discrete_emotionality_exp3,exp3_21,exp3_t14,14,emotion_decoding,flastación,visión,happiness,happiness,1,happiness,3645,23,female,keypress
martineztomas2026_discrete_emotionality_exp3,exp3_21,exp3_t15,15,emotion_decoding,puntiaguja,espada,fear,fear,1,fear,3048.3,23,female,keypress
martineztomas2026_discrete_emotionality_exp3,exp3_21,exp3_t16,16,emotion_decoding,fumaika,tabaco,anger,disgust,0,disgust,19194.9,23,female,keypress
martineztomas2026_discrete_emotionality_exp3,exp3_21,exp3_t17,17,emotion_decoding,dinería,lotería,happiness,happiness,1,happiness,1778.6,23,female,keypress
martineztomas2026_discrete_emotionality_exp3,exp3_21,exp3_t18,18,emotion_decoding,queranza,añoranza,sadness,sadness,1,sadness,6845.9,23,female,keypress
martineztomas2026_discrete_emotionality_exp3,exp3_21,exp3_t19,19,emotion_decoding,eniecido,enemigo,anger,anger,1,anger,2312.5,23,female,keypress
martineztomas2026_discrete_emotionality_exp3,exp3_21,exp3_t20,20,emotion_decoding,bendigolo,mendigo,happiness,sadness,0,sadness,4143.7,23,female,keypress
martineztomas2026_discrete_emotionality_exp3,exp3_21,exp3_t21,21,emotion_decoding,residuera,basura,disgust,disgust,1,disgust,5196.1,23,female,keypress
martineztomas2026_discrete_emotionality_exp3,exp3_21,exp3_t22,22,emotion_decoding,plareja,novio,sadness,happiness,0,happiness,16913.3,23,female,keypress
martineztomas2026_discrete_emotionality_exp3,exp3_21,exp3_t23,23,emotion_decoding,frórico,eufórico,anger,happiness,0,happiness,5199.2,23,female,keypress
martineztomas2026_discrete_emotionality_exp3,exp3_21,exp3_t24,24,emotion_decoding,landado,enfadado,fear,anger,0,anger,7130.5,23,female,keypress
martineztomas2026_discrete_emotionality_exp3,exp3_22,exp3_t0,0,emotion_decoding,plareja,novio,happiness,happiness,1,happiness,1965.3,19,female,keypress
martineztomas2026_discrete_emotionality_exp3,exp3_22,exp3_t1,1,emotion_decoding,landado,enfadado,anger,anger,1,anger,3653.4,19,female,keypress
martineztomas2026_discrete_emotionality_exp3,exp3_22,exp3_t2,2,emotion_decoding,frórico,eufórico,fear,happiness,0,happiness,2118,19,female,keypress
martineztomas2026_discrete_emotionality_exp3,exp3_22,exp3_t3,3,emotion_decoding,distantación,lejanía,disgust,sadness,0,sadness,4302,19,female,keypress
martineztomas2026_discrete_emotionality_exp3,exp3_22,exp3_t4,4,emotion_decoding,flastación,visión,anger,happiness,0,happiness,1602.6,19,female,keypress
martineztomas2026_discrete_emotionality_exp3,exp3_22,exp3_t5,5,emotion_decoding,eniecido,enemigo,fear,anger,0,anger,1948.2,19,female,keypress
martineztomas2026_discrete_emotionality_exp3,exp3_22,exp3_t6,6,emotion_decoding,residuera,basura,fear,disgust,0,disgust,1018.7,19,female,keypress
martineztomas2026_discrete_emotionality_exp3,exp3_22,exp3_t7,7,emotion_decoding,descín,ruina,sadness,sadness,1,sadness,2596.2,19,female,keypress
martineztomas2026_discrete_emotionality_exp3,exp3_22,exp3_t8,8,emotion_decoding,queranza,añoranza,happiness,sadness,0,sadness,1981.5,19,female,keypress
martineztomas2026_discrete_emotionality_exp3,exp3_22,exp3_t9,9,emotion_decoding,dastro,intruso,disgust,fear,0,fear,2619.1,19,female,keypress
martineztomas2026_discrete_emotionality_exp3,exp3_22,exp3_t10,10,emotion_decoding,furieta,rabia,anger,anger,1,anger,1415.5,19,female,keypress
martineztomas2026_discrete_emotionality_exp3,exp3_22,exp3_t11,11,emotion_decoding,palabrostio,insulto,anger,anger,1,anger,4468.2,19,female,keypress
martineztomas2026_discrete_emotionality_exp3,exp3_22,exp3_t12,12,emotion_decoding,desabete,censura,disgust,disgust,1,disgust,4217.8,19,female,keypress
martineztomas2026_discrete_emotionality_exp3,exp3_22,exp3_t13,13,emotion_decoding,valacer,cadáver,sadness,sadness,1,sadness,2415.6,19,female,keypress
martineztomas2026_discrete_emotionality_exp3,exp3_22,exp3_t14,14,emotion_decoding,fumaika,tabaco,happiness,disgust,0,disgust,2248.1,19,female,keypress
martineztomas2026_discrete_emotionality_exp3,exp3_22,exp3_t15,15,emotion_decoding,fierdo,hedor,disgust,disgust,1,disgust,2014.6,19,female,keypress
martineztomas2026_discrete_emotionality_exp3,exp3_22,exp3_t16,16,emotion_decoding,chismolo,rumor,happiness,anger,0,anger,3218.2,19,female,keypress
martineztomas2026_discrete_emotionality_exp3,exp3_22,exp3_t17,17,emotion_decoding,fiminos,piojos,fear,disgust,0,disgust,2066,19,female,keypress
martineztomas2026_discrete_emotionality_exp3,exp3_22,exp3_t18,18,emotion_decoding,argola,pistola,disgust,fear,0,fear,3053.5,19,female,keypress
martineztomas2026_discrete_emotionality_exp3,exp3_22,exp3_t19,19,emotion_decoding,puntiaguja,espada,fear,fear,1,fear,2616.3,19,female,keypress
martineztomas2026_discrete_emotionality_exp3,exp3_22,exp3_t20,20,emotion_decoding,bendigolo,mendigo,disgust,sadness,0,sadness,5357.3,19,female,keypress
martineztomas2026_discrete_emotionality_exp3,exp3_22,exp3_t21,21,emotion_decoding,enjauladero,prisión,fear,fear,1,fear,1586.7,19,female,keypress
martineztomas2026_discrete_emotionality_exp3,exp3_22,exp3_t22,22,emotion_decoding,clespiente,veneno,disgust,fear,0,fear,2631.5,19,female,keypress
martineztomas2026_discrete_emotionality_exp3,exp3_23,exp3_t0,0,emotion_decoding,fiminos,piojos,sadness,disgust,0,disgust,6455.6,18,female,keypress
martineztomas2026_discrete_emotionality_exp3,exp3_23,exp3_t1,1,emotion_decoding,eniecido,enemigo,anger,anger,1,anger,9110.1,18,female,keypress
martineztomas2026_discrete_emotionality_exp3,exp3_23,exp3_t2,2,emotion_decoding,plareja,novio,happiness,happiness,1,happiness,13356.3,18,female,keypress
martineztomas2026_discrete_emotionality_exp3,exp3_23,exp3_t3,3,emotion_decoding,enjauladero,prisión,fear,fear,1,fear,8490.4,18,female,keypress
martineztomas2026_discrete_emotionality_exp3,exp3_23,exp3_t4,4,emotion_decoding,bendigolo,mendigo,happiness,sadness,0,sadness,3356.6,18,female,keypress
martineztomas2026_discrete_emotionality_exp3,exp3_23,exp3_t5,5,emotion_decoding,queranza,añoranza,happiness,sadness,0,sadness,5150.8,18,female,keypress
martineztomas2026_discrete_emotionality_exp3,exp3_23,exp3_t6,6,emotion_decoding,frórico,eufórico,happiness,happiness,1,happiness,4168.2,18,female,keypress
martineztomas2026_discrete_emotionality_exp3,exp3_23,exp3_t7,7,emotion_decoding,flastación,visión,anger,happiness,0,happiness,4712.3,18,female,keypress
martineztomas2026_discrete_emotionality_exp3,exp3_23,exp3_t8,8,emotion_decoding,dinería,lotería,happiness,happiness,1,happiness,5178.1,18,female,keypress
martineztomas2026_discrete_emotionality_exp3,exp3_23,exp3_t9,9,emotion_decoding,palabrostio,insulto,anger,anger,1,anger,2452.1,18,female,keypress
martineztomas2026_discrete_emotionality_exp3,exp3_23,exp3_t10,10,emotion_decoding,dastro,intruso,sadness,fear,0,fear,5389.7,18,female,keypress
martineztomas2026_discrete_emotionality_exp3,exp3_23,exp3_t11,11,emotion_decoding,clespiente,veneno,fear,fear,1,fear,7441.1,18,female,keypress
martineztomas2026_discrete_emotionality_exp3,exp3_23,exp3_t12,12,emotion_decoding,valacer,cadáver,fear,sadness,0,sadness,3092.9,18,female,keypress
martineztomas2026_discrete_emotionality_exp3,exp3_23,exp3_t13,13,emotion_decoding,argola,pistola,fear,fear,1,fear,14640,18,female,keypress
martineztomas2026_discrete_emotionality_exp3,exp3_23,exp3_t14,14,emotion_decoding,furieta,rabia,anger,anger,1,anger,2148.5,18,female,keypress
martineztomas2026_discrete_emotionality_exp3,exp3_23,exp3_t15,15,emotion_decoding,fumaika,tabaco,disgust,disgust,1,disgust,4235.2,18,female,keypress
martineztomas2026_discrete_emotionality_exp3,exp3_23,exp3_t16,16,emotion_decoding,chismolo,rumor,happiness,anger,0,anger,5372.8,18,female,keypress
martineztomas2026_discrete_emotionality_exp3,exp3_23,exp3_t17,17,emotion_decoding,landado,enfadado,happiness,anger,0,anger,8379.7,18,female,keypress
martineztomas2026_discrete_emotionality_exp3,exp3_23,exp3_t18,18,emotion_decoding,distantación,lejanía,sadness,sadness,1,sadness,3295.1,18,female,keypress
martineztomas2026_discrete_emotionality_exp3,exp3_23,exp3_t19,19,emotion_decoding,fierdo,hedor,anger,disgust,0,disgust,9843.1,18,female,keypress
martineztomas2026_discrete_emotionality_exp3,exp3_23,exp3_t20,20,emotion_decoding,puntiaguja,espada,fear,fear,1,fear,3687.6,18,female,keypress
martineztomas2026_discrete_emotionality_exp3,exp3_23,exp3_t21,21,emotion_decoding,bailetín,carnaval,sadness,happiness,0,happiness,1747.7,18,female,keypress
martineztomas2026_discrete_emotionality_exp3,exp3_23,exp3_t22,22,emotion_decoding,residuera,basura,disgust,disgust,1,disgust,3581.5,18,female,keypress
martineztomas2026_discrete_emotionality_exp3,exp3_23,exp3_t23,23,emotion_decoding,desabete,censura,sadness,disgust,0,disgust,3827.5,18,female,keypress
martineztomas2026_discrete_emotionality_exp3,exp3_23,exp3_t24,24,emotion_decoding,descín,ruina,disgust,sadness,0,sadness,5490.3,18,female,keypress
martineztomas2026_discrete_emotionality_exp3,exp3_24,exp3_t0,0,emotion_decoding,queranza,añoranza,happiness,sadness,0,sadness,5261,19,female,keypress
martineztomas2026_discrete_emotionality_exp3,exp3_24,exp3_t1,1,emotion_decoding,bendigolo,mendigo,anger,sadness,0,sadness,6365,19,female,keypress
martineztomas2026_discrete_emotionality_exp3,exp3_24,exp3_t2,2,emotion_decoding,dastro,intruso,sadness,fear,0,fear,3698,19,female,keypress
martineztomas2026_discrete_emotionality_exp3,exp3_24,exp3_t3,3,emotion_decoding,valacer,cadáver,happiness,sadness,0,sadness,2998,19,female,keypress
martineztomas2026_discrete_emotionality_exp3,exp3_24,exp3_t4,4,emotion_decoding,descín,ruina,sadness,sadness,1,sadness,2897,19,female,keypress
martineztomas2026_discrete_emotionality_exp3,exp3_24,exp3_t5,5,emotion_decoding,flastación,visión,happiness,happiness,1,happiness,6315,19,female,keypress
martineztomas2026_discrete_emotionality_exp3,exp3_24,exp3_t6,6,emotion_decoding,palabrostio,insulto,anger,anger,1,anger,3031,19,female,keypress
martineztomas2026_discrete_emotionality_exp3,exp3_24,exp3_t7,7,emotion_decoding,plareja,novio,happiness,happiness,1,happiness,2964,19,female,keypress
martineztomas2026_discrete_emotionality_exp3,exp3_24,exp3_t8,8,emotion_decoding,enjauladero,prisión,fear,fear,1,fear,3378,19,female,keypress
martineztomas2026_discrete_emotionality_exp3,exp3_24,exp3_t9,9,emotion_decoding,argola,pistola,sadness,fear,0,fear,3430,19,female,keypress
martineztomas2026_discrete_emotionality_exp3,exp3_24,exp3_t10,10,emotion_decoding,bailetín,carnaval,happiness,happiness,1,happiness,2080,19,female,keypress
martineztomas2026_discrete_emotionality_exp3,exp3_24,exp3_t11,11,emotion_decoding,furieta,rabia,anger,anger,1,anger,1864,19,female,keypress
martineztomas2026_discrete_emotionality_exp3,exp3_24,exp3_t12,12,emotion_decoding,fierdo,hedor,anger,disgust,0,disgust,7406,19,female,keypress
martineztomas2026_discrete_emotionality_exp3,exp3_24,exp3_t13,13,emotion_decoding,eniecido,enemigo,disgust,anger,0,anger,5897,19,female,keypress
martineztomas2026_discrete_emotionality_exp3,exp3_24,exp3_t14,14,emotion_decoding,distantación,lejanía,sadness,sadness,1,sadness,3364,19,female,keypress
martineztomas2026_discrete_emotionality_exp3,exp3_24,exp3_t15,15,emotion_decoding,fiminos,piojos,disgust,disgust,1,disgust,5015,19,female,keypress
martineztomas2026_discrete_emotionality_exp3,exp3_24,exp3_t16,16,emotion_decoding,landado,enfadado,sadness,anger,0,anger,7164,19,female,keypress
martineztomas2026_discrete_emotionality_exp3,exp3_24,exp3_t17,17,emotion_decoding,clespiente,veneno,fear,fear,1,fear,3447,19,female,keypress
martineztomas2026_discrete_emotionality_exp3,exp3_24,exp3_t18,18,emotion_decoding,fumaika,tabaco,disgust,disgust,1,disgust,6547,19,female,keypress
martineztomas2026_discrete_emotionality_exp3,exp3_24,exp3_t19,19,emotion_decoding,residuera,basura,disgust,disgust,1,disgust,2448,19,female,keypress
martineztomas2026_discrete_emotionality_exp3,exp3_24,exp3_t20,20,emotion_decoding,puntiaguja,espada,fear,fear,1,fear,8913,19,female,keypress
martineztomas2026_discrete_emotionality_exp3,exp3_24,exp3_t21,21,emotion_decoding,chismolo,rumor,happiness,anger,0,anger,4781,19,female,keypress
martineztomas2026_discrete_emotionality_exp3,exp3_24,exp3_t22,22,emotion_decoding,dinería,lotería,happiness,happiness,1,happiness,3714,19,female,keypress
martineztomas2026_discrete_emotionality_exp3,exp3_24,exp3_t23,23,emotion_decoding,frórico,eufórico,happiness,happiness,1,happiness,5330,19,female,keypress
martineztomas2026_discrete_emotionality_exp3,exp3_25,exp3_t0,0,emotion_decoding,argola,pistola,anger,fear,0,fear,3744,18,female,keypress
martineztomas2026_discrete_emotionality_exp3,exp3_25,exp3_t1,1,emotion_decoding,frórico,eufórico,fear,happiness,0,happiness,2975,18,female,keypress
martineztomas2026_discrete_emotionality_exp3,exp3_25,exp3_t2,2,emotion_decoding,furieta,rabia,anger,anger,1,anger,2004,18,female,keypress
martineztomas2026_discrete_emotionality_exp3,exp3_25,exp3_t3,3,emotion_decoding,desabete,censura,happiness,disgust,0,disgust,5344,18,female,keypress
martineztomas2026_discrete_emotionality_exp3,exp3_25,exp3_t4,4,emotion_decoding,fumaika,tabaco,anger,disgust,0,disgust,4554,18,female,keypress
martineztomas2026_discrete_emotionality_exp3,exp3_25,exp3_t5,5,emotion_decoding,plareja,novio,happiness,happiness,1,happiness,1876,18,female,keypress
martineztomas2026_discrete_emotionality_exp3,exp3_25,exp3_t6,6,emotion_decoding,dastro,intruso,anger,fear,0,fear,7123,18,female,keypress
martineztomas2026_discrete_emotionality_exp3,exp3_25,exp3_t7,7,emotion_decoding,eniecido,enemigo,fear,anger,0,anger,1525,18,female,keypress
martineztomas2026_discrete_emotionality_exp3,exp3_25,exp3_t8,8,emotion_decoding,bailetín,carnaval,happiness,happiness,1,happiness,1825,18,female,keypress
martineztomas2026_discrete_emotionality_exp3,exp3_25,exp3_t9,9,emotion_decoding,dinería,lotería,happiness,happiness,1,happiness,2620,18,female,keypress
martineztomas2026_discrete_emotionality_exp3,exp3_25,exp3_t10,10,emotion_decoding,fierdo,hedor,fear,disgust,0,disgust,1869,18,female,keypress
martineztomas2026_discrete_emotionality_exp3,exp3_25,exp3_t11,11,emotion_decoding,landado,enfadado,sadness,anger,0,anger,13664,18,female,keypress
martineztomas2026_discrete_emotionality_exp3,exp3_25,exp3_t12,12,emotion_decoding,bendigolo,mendigo,happiness,sadness,0,sadness,3777,18,female,keypress
martineztomas2026_discrete_emotionality_exp3,exp3_25,exp3_t13,13,emotion_decoding,descín,ruina,happiness,sadness,0,sadness,2059,18,female,keypress
martineztomas2026_discrete_emotionality_exp3,exp3_25,exp3_t14,14,emotion_decoding,puntiaguja,espada,fear,fear,1,fear,1942,18,female,keypress
martineztomas2026_discrete_emotionality_exp3,exp3_25,exp3_t15,15,emotion_decoding,enjauladero,prisión,fear,fear,1,fear,8323,18,female,keypress
martineztomas2026_discrete_emotionality_exp3,exp3_25,exp3_t16,16,emotion_decoding,chismolo,rumor,disgust,anger,0,anger,3137,18,female,keypress
martineztomas2026_discrete_emotionality_exp3,exp3_25,exp3_t17,17,emotion_decoding,queranza,añoranza,happiness,sadness,0,sadness,1537,18,female,keypress
martineztomas2026_discrete_emotionality_exp3,exp3_25,exp3_t18,18,emotion_decoding,clespiente,veneno,disgust,fear,0,fear,2324,18,female,keypress
martineztomas2026_discrete_emotionality_exp3,exp3_25,exp3_t19,19,emotion_decoding,flastación,visión,sadness,happiness,0,happiness,5221,18,female,keypress
martineztomas2026_discrete_emotionality_exp3,exp3_25,exp3_t20,20,emotion_decoding,palabrostio,insulto,anger,anger,1,anger,1891,18,female,keypress
martineztomas2026_discrete_emotionality_exp3,exp3_26,exp3_t0,0,emotion_decoding,residuera,basura,disgust,disgust,1,disgust,3227.7,22,female,keypress
martineztomas2026_discrete_emotionality_exp3,exp3_26,exp3_t1,1,emotion_decoding,desabete,censura,disgust,disgust,1,disgust,6710,22,female,keypress
martineztomas2026_discrete_emotionality_exp3,exp3_26,exp3_t2,2,emotion_decoding,enjauladero,prisión,fear,fear,1,fear,5010.8,22,female,keypress
martineztomas2026_discrete_emotionality_exp3,exp3_26,exp3_t3,3,emotion_decoding,clespiente,veneno,happiness,fear,0,fear,5092.4,22,female,keypress
martineztomas2026_discrete_emotionality_exp3,exp3_26,exp3_t4,4,emotion_decoding,flastación,visión,anger,happiness,0,happiness,14088.4,22,female,keypress
martineztomas2026_discrete_emotionality_exp3,exp3_26,exp3_t5,5,emotion_decoding,dastro,intruso,fear,fear,1,fear,6426.8,22,female,keypress
martineztomas2026_discrete_emotionality_exp3,exp3_26,exp3_t6,6,emotion_decoding,dinería,lotería,happiness,happiness,1,happiness,2861.6,22,female,keypress
martineztomas2026_discrete_emotionality_exp3,exp3_26,exp3_t7,7,emotion_decoding,chismolo,rumor,sadness,anger,0,anger,15536.7,22,female,keypress
martineztomas2026_discrete_emotionality_exp3,exp3_26,exp3_t8,8,emotion_decoding,furieta,rabia,anger,anger,1,anger,1962.7,22,female,keypress
martineztomas2026_discrete_emotionality_exp3,exp3_26,exp3_t9,9,emotion_decoding,fierdo,hedor,fear,disgust,0,disgust,2961.8,22,female,keypress
martineztomas2026_discrete_emotionality_exp3,exp3_26,exp3_t10,10,emotion_decoding,valacer,cadáver,disgust,sadness,0,sadness,5560.1,22,female,keypress
martineztomas2026_discrete_emotionality_exp3,exp3_26,exp3_t11,11,emotion_decoding,descín,ruina,disgust,sadness,0,sadness,2946.2,22,female,keypress
martineztomas2026_discrete_emotionality_exp3,exp3_26,exp3_t12,12,emotion_decoding,eniecido,enemigo,sadness,anger,0,anger,10407.4,22,female,keypress
martineztomas2026_discrete_emotionality_exp3,exp3_26,exp3_t13,13,emotion_decoding,frórico,eufórico,happiness,happiness,1,happiness,3546.5,22,female,keypress
martineztomas2026_discrete_emotionality_exp3,exp3_26,exp3_t14,14,emotion_decoding,palabrostio,insulto,anger,anger,1,anger,6035.7,22,female,keypress
martineztomas2026_discrete_emotionality_exp3,exp3_26,exp3_t15,15,emotion_decoding,distantación,lejanía,sadness,sadness,1,sadness,5543.1,22,female,keypress
martineztomas2026_discrete_emotionality_exp3,exp3_26,exp3_t16,16,emotion_decoding,puntiaguja,espada,fear,fear,1,fear,5692.9,22,female,keypress
martineztomas2026_discrete_emotionality_exp3,exp3_26,exp3_t17,17,emotion_decoding,queranza,añoranza,sadness,sadness,1,sadness,6658.2,22,female,keypress
martineztomas2026_discrete_emotionality_exp3,exp3_26,exp3_t18,18,emotion_decoding,fumaika,tabaco,happiness,disgust,0,disgust,6577.1,22,female,keypress
martineztomas2026_discrete_emotionality_exp3,exp3_26,exp3_t19,19,emotion_decoding,argola,pistola,disgust,fear,0,fear,5261.2,22,female,keypress
martineztomas2026_discrete_emotionality_exp3,exp3_26,exp3_t20,20,emotion_decoding,bailetín,carnaval,happiness,happiness,1,happiness,2029.4,22,female,keypress
martineztomas2026_discrete_emotionality_exp3,exp3_26,exp3_t21,21,emotion_decoding,plareja,novio,happiness,happiness,1,happiness,11356.1,22,female,keypress
martineztomas2026_discrete_emotionality_exp3,exp3_27,exp3_t0,0,emotion_decoding,queranza,añoranza,happiness,sadness,0,sadness,7479.1,18,female,keypress
martineztomas2026_discrete_emotionality_exp3,exp3_27,exp3_t1,1,emotion_decoding,palabrostio,insulto,fear,anger,0,anger,6230.8,18,female,keypress
martineztomas2026_discrete_emotionality_exp3,exp3_27,exp3_t2,2,emotion_decoding,fierdo,hedor,fear,disgust,0,disgust,3580.7,18,female,keypress
martineztomas2026_discrete_emotionality_exp3,exp3_27,exp3_t3,3,emotion_decoding,clespiente,veneno,fear,fear,1,fear,3730.8,18,female,keypress
martineztomas2026_discrete_emotionality_exp3,exp3_27,exp3_t4,4,emotion_decoding,dastro,intruso,disgust,fear,0,fear,5331.1,18,female,keypress
martineztomas2026_discrete_emotionality_exp3,exp3_27,exp3_t5,5,emotion_decoding,valacer,cadáver,happiness,sadness,0,sadness,6630.8,18,female,keypress
martineztomas2026_discrete_emotionality_exp3,exp3_27,exp3_t6,6,emotion_decoding,fumaika,tabaco,disgust,disgust,1,disgust,9847.5,18,female,keypress
martineztomas2026_discrete_emotionality_exp3,exp3_27,exp3_t7,7,emotion_decoding,bailetín,carnaval,fear,happiness,0,happiness,14331.3,18,female,keypress
martineztomas2026_discrete_emotionality_exp3,exp3_27,exp3_t8,8,emotion_decoding,fiminos,piojos,happiness,disgust,0,disgust,4613.6,18,female,keypress
martineztomas2026_discrete_emotionality_exp3,exp3_27,exp3_t9,9,emotion_decoding,bendigolo,mendigo,happiness,sadness,0,sadness,8464.2,18,female,keypress
martineztomas2026_discrete_emotionality_exp3,exp3_27,exp3_t10,10,emotion_decoding,flastación,visión,sadness,happiness,0,happiness,5698.2,18,female,keypress
martineztomas2026_discrete_emotionality_exp3,exp3_27,exp3_t11,11,emotion_decoding,furieta,rabia,anger,anger,1,anger,2848,18,female,keypress
martineztomas2026_discrete_emotionality_exp3,exp3_27,exp3_t12,12,emotion_decoding,enjauladero,prisión,fear,fear,1,fear,3664.5,18,female,keypress
martineztomas2026_discrete_emotionality_exp3,exp3_27,exp3_t13,13,emotion_decoding,distantación,lejanía,sadness,sadness,1,sadness,7714.4,18,female,keypress
martineztomas2026_discrete_emotionality_exp3,exp3_27,exp3_t14,14,emotion_decoding,eniecido,enemigo,fear,anger,0,anger,5281,18,female,keypress
martineztomas2026_discrete_emotionality_exp3,exp3_27,exp3_t15,15,emotion_decoding,landado,enfadado,fear,anger,0,anger,9731.3,18,female,keypress
martineztomas2026_discrete_emotionality_exp3,exp3_27,exp3_t16,16,emotion_decoding,chismolo,rumor,happiness,anger,0,anger,2814,18,female,keypress
martineztomas2026_discrete_emotionality_exp3,exp3_27,exp3_t17,17,emotion_decoding,descín,ruina,happiness,sadness,0,sadness,5815.4,18,female,keypress
martineztomas2026_discrete_emotionality_exp3,exp3_27,exp3_t18,18,emotion_decoding,desabete,censura,disgust,disgust,1,disgust,6131.9,18,female,keypress
martineztomas2026_discrete_emotionality_exp3,exp3_27,exp3_t19,19,emotion_decoding,puntiaguja,espada,fear,fear,1,fear,3798.4,18,female,keypress
martineztomas2026_discrete_emotionality_exp3,exp3_27,exp3_t20,20,emotion_decoding,residuera,basura,disgust,disgust,1,disgust,4214.1,18,female,keypress
martineztomas2026_discrete_emotionality_exp3,exp3_27,exp3_t21,21,emotion_decoding,dinería,lotería,happiness,happiness,1,happiness,6480.6,18,female,keypress
martineztomas2026_discrete_emotionality_exp3,exp3_27,exp3_t22,22,emotion_decoding,frórico,eufórico,anger,happiness,0,happiness,3862.5,18,female,keypress
martineztomas2026_discrete_emotionality_exp3,exp3_27,exp3_t23,23,emotion_decoding,argola,pistola,disgust,fear,0,fear,5397.1,18,female,keypress
martineztomas2026_discrete_emotionality_exp3,exp3_27,exp3_t24,24,emotion_decoding,plareja,novio,happiness,happiness,1,happiness,6214.3,18,female,keypress
martineztomas2026_discrete_emotionality_exp3,exp3_28,exp3_t0,0,emotion_decoding,desabete,censura,sadness,disgust,0,disgust,8881.9,19,female,keypress
martineztomas2026_discrete_emotionality_exp3,exp3_28,exp3_t1,1,emotion_decoding,bailetín,carnaval,happiness,happiness,1,happiness,1566,19,female,keypress
martineztomas2026_discrete_emotionality_exp3,exp3_28,exp3_t2,2,emotion_decoding,landado,enfadado,anger,anger,1,anger,6032.7,19,female,keypress
martineztomas2026_discrete_emotionality_exp3,exp3_28,exp3_t3,3,emotion_decoding,distantación,lejanía,sadness,sadness,1,sadness,6033,19,female,keypress
martineztomas2026_discrete_emotionality_exp3,exp3_28,exp3_t4,4,emotion_decoding,fiminos,piojos,fear,disgust,0,disgust,6232.9,19,female,keypress
martineztomas2026_discrete_emotionality_exp3,exp3_28,exp3_t5,5,emotion_decoding,frórico,eufórico,fear,happiness,0,happiness,4133.6,19,female,keypress
martineztomas2026_discrete_emotionality_exp3,exp3_28,exp3_t6,6,emotion_decoding,dinería,lotería,happiness,happiness,1,happiness,3566.9,19,female,keypress
martineztomas2026_discrete_emotionality_exp3,exp3_28,exp3_t7,7,emotion_decoding,fierdo,hedor,fear,disgust,0,disgust,1516,19,female,keypress
martineztomas2026_discrete_emotionality_exp3,exp3_28,exp3_t8,8,emotion_decoding,puntiaguja,espada,anger,fear,0,fear,11249.3,19,female,keypress
martineztomas2026_discrete_emotionality_exp3,exp3_28,exp3_t9,9,emotion_decoding,bendigolo,mendigo,fear,sadness,0,sadness,2799.4,19,female,keypress
martineztomas2026_discrete_emotionality_exp3,exp3_28,exp3_t10,10,emotion_decoding,clespiente,veneno,happiness,fear,0,fear,4966.9,19,female,keypress
martineztomas2026_discrete_emotionality_exp3,exp3_28,exp3_t11,11,emotion_decoding,argola,pistola,disgust,fear,0,fear,2815.3,19,female,keypress
martineztomas2026_discrete_emotionality_exp3,exp3_28,exp3_t12,12,emotion_decoding,queranza,añoranza,happiness,sadness,0,sadness,5766,19,female,keypress
martineztomas2026_discrete_emotionality_exp3,exp3_28,exp3_t13,13,emotion_decoding,valacer,cadáver,happiness,sadness,0,sadness,5565.1,19,female,keypress
martineztomas2026_discrete_emotionality_exp3,exp3_28,exp3_t14,14,emotion_decoding,flastación,visión,sadness,happiness,0,happiness,8299.4,19,female,keypress
martineztomas2026_discrete_emotionality_exp3,exp3_28,exp3_t15,15,emotion_decoding,plareja,novio,happiness,happiness,1,happiness,4249.3,19,female,keypress
martineztomas2026_discrete_emotionality_exp3,exp3_28,exp3_t16,16,emotion_decoding,dastro,intruso,disgust,fear,0,fear,1516.1,19,female,keypress
martineztomas2026_discrete_emotionality_exp3,exp3_28,exp3_t17,17,emotion_decoding,furieta,rabia,anger,anger,1,anger,2265.8,19,female,keypress
martineztomas2026_discrete_emotionality_exp3,exp3_28,exp3_t18,18,emotion_decoding,descín,ruina,happiness,sadness,0,sadness,1882.7,19,female,keypress
martineztomas2026_discrete_emotionality_exp3,exp3_28,exp3_t19,19,emotion_decoding,fumaika,tabaco,sadness,disgust,0,disgust,14515,19,female,keypress
martineztomas2026_discrete_emotionality_exp3,exp3_28,exp3_t20,20,emotion_decoding,residuera,basura,disgust,disgust,1,disgust,5498.5,19,female,keypress
martineztomas2026_discrete_emotionality_exp3,exp3_28,exp3_t21,21,emotion_decoding,palabrostio,insulto,happiness,anger,0,anger,5016.1,19,female,keypress
martineztomas2026_discrete_emotionality_exp3,exp3_29,exp3_t0,0,emotion_decoding,plareja,novio,happiness,happiness,1,happiness,3764.9,20,unspecified,keypress
martineztomas2026_discrete_emotionality_exp3,exp3_29,exp3_t1,1,emotion_decoding,fumaika,tabaco,happiness,disgust,0,disgust,2579.4,20,unspecified,keypress
martineztomas2026_discrete_emotionality_exp3,exp3_29,exp3_t2,2,emotion_decoding,eniecido,enemigo,anger,anger,1,anger,2731.2,20,unspecified,keypress
martineztomas2026_discrete_emotionality_exp3,exp3_29,exp3_t3,3,emotion_decoding,palabrostio,insulto,anger,anger,1,anger,4730.3,20,unspecified,keypress
martineztomas2026_discrete_emotionality_exp3,exp3_29,exp3_t4,4,emotion_decoding,queranza,añoranza,sadness,sadness,1,sadness,2548.4,20,unspecified,keypress
martineztomas2026_discrete_emotionality_exp3,exp3_29,exp3_t5,5,emotion_decoding,landado,enfadado,disgust,anger,0,anger,5797.7,20,unspecified,keypress
martineztomas2026_discrete_emotionality_exp3,exp3_29,exp3_t6,6,emotion_decoding,residuera,basura,disgust,disgust,1,disgust,1514.9,20,unspecified,keypress
martineztomas2026_discrete_emotionality_exp3,exp3_29,exp3_t7,7,emotion_decoding,flastación,visión,anger,happiness,0,happiness,2864.7,20,unspecified,keypress
martineztomas2026_discrete_emotionality_exp3,exp3_29,exp3_t8,8,emotion_decoding,bendigolo,mendigo,happiness,sadness,0,sadness,4877.4,20,unspecified,keypress
martineztomas2026_discrete_emotionality_exp3,exp3_29,exp3_t9,9,emotion_decoding,puntiaguja,espada,fear,fear,1,fear,3945,20,unspecified,keypress
martineztomas2026_discrete_emotionality_exp3,exp3_29,exp3_t10,10,emotion_decoding,dinería,lotería,happiness,happiness,1,happiness,1866,20,unspecified,keypress
martineztomas2026_discrete_emotionality_exp3,exp3_29,exp3_t11,11,emotion_decoding,fiminos,piojos,fear,disgust,0,disgust,11479.8,20,unspecified,keypress
martineztomas2026_discrete_emotionality_exp3,exp3_29,exp3_t12,12,emotion_decoding,argola,pistola,fear,fear,1,fear,3914.4,20,unspecified,keypress
martineztomas2026_discrete_emotionality_exp3,exp3_29,exp3_t13,13,emotion_decoding,descín,ruina,happiness,sadness,0,sadness,14063.4,20,unspecified,keypress
martineztomas2026_discrete_emotionality_exp3,exp3_29,exp3_t14,14,emotion_decoding,enjauladero,prisión,fear,fear,1,fear,2231.3,20,unspecified,keypress
martineztomas2026_discrete_emotionality_exp3,exp3_29,exp3_t15,15,emotion_decoding,fierdo,hedor,fear,disgust,0,disgust,5047.9,20,unspecified,keypress
martineztomas2026_discrete_emotionality_exp3,exp3_29,exp3_t16,16,emotion_decoding,desabete,censura,anger,disgust,0,disgust,8097.6,20,unspecified,keypress
martineztomas2026_discrete_emotionality_exp3,exp3_29,exp3_t17,17,emotion_decoding,furieta,rabia,anger,anger,1,anger,1632.8,20,unspecified,keypress
martineztomas2026_discrete_emotionality_exp3,exp3_29,exp3_t18,18,emotion_decoding,frórico,eufórico,happiness,happiness,1,happiness,4330.3,20,unspecified,keypress
martineztomas2026_discrete_emotionality_exp3,exp3_29,exp3_t19,19,emotion_decoding,chismolo,rumor,disgust,anger,0,anger,5963.8,20,unspecified,keypress
martineztomas2026_discrete_emotionality_exp3,exp3_29,exp3_t20,20,emotion_decoding,clespiente,veneno,fear,fear,1,fear,3348.8,20,unspecified,keypress
martineztomas2026_discrete_emotionality_exp3,exp3_29,exp3_t21,21,emotion_decoding,dastro,intruso,anger,fear,0,fear,2214.4,20,unspecified,keypress
martineztomas2026_discrete_emotionality_exp3,exp3_29,exp3_t22,22,emotion_decoding,bailetín,carnaval,happiness,happiness,1,happiness,2431.1,20,unspecified,keypress
martineztomas2026_discrete_emotionality_exp3,exp3_29,exp3_t23,23,emotion_decoding,distantación,lejanía,fear,sadness,0,sadness,7881,20,unspecified,keypress
martineztomas2026_discrete_emotionality_exp3,exp3_29,exp3_t24,24,emotion_decoding,valacer,cadáver,happiness,sadness,0,sadness,1598.9,20,unspecified,keypress
martineztomas2026_discrete_emotionality_exp3,exp3_30,exp3_t0,0,emotion_decoding,palabrostio,insulto,anger,anger,1,anger,1868.5,18,female,keypress
martineztomas2026_discrete_emotionality_exp3,exp3_30,exp3_t1,1,emotion_decoding,argola,pistola,anger,fear,0,fear,2080.2,18,female,keypress
martineztomas2026_discrete_emotionality_exp3,exp3_30,exp3_t2,2,emotion_decoding,frórico,eufórico,happiness,happiness,1,happiness,3382.5,18,female,keypress
martineztomas2026_discrete_emotionality_exp3,exp3_30,exp3_t3,3,emotion_decoding,fierdo,hedor,fear,disgust,0,disgust,2313.4,18,female,keypress
martineztomas2026_discrete_emotionality_exp3,exp3_30,exp3_t4,4,emotion_decoding,furieta,rabia,anger,anger,1,anger,1151.8,18,female,keypress
martineztomas2026_discrete_emotionality_exp3,exp3_30,exp3_t5,5,emotion_decoding,queranza,añoranza,happiness,sadness,0,sadness,1415.9,18,female,keypress
martineztomas2026_discrete_emotionality_exp3,exp3_30,exp3_t6,6,emotion_decoding,fumaika,tabaco,disgust,disgust,1,disgust,2382.6,18,female,keypress
martineztomas2026_discrete_emotionality_exp3,exp3_30,exp3_t7,7,emotion_decoding,dinería,lotería,happiness,happiness,1,happiness,2082.6,18,female,keypress
martineztomas2026_discrete_emotionality_exp3,exp3_30,exp3_t8,8,emotion_decoding,bendigolo,mendigo,sadness,sadness,1,sadness,2565.1,18,female,keypress
martineztomas2026_discrete_emotionality_exp3,exp3_30,exp3_t9,9,emotion_decoding,desabete,censura,disgust,disgust,1,disgust,3501.2,18,female,keypress
martineztomas2026_discrete_emotionality_exp3,exp3_30,exp3_t10,10,emotion_decoding,residuera,basura,disgust,disgust,1,disgust,2382.3,18,female,keypress
martineztomas2026_discrete_emotionality_exp3,exp3_30,exp3_t11,11,emotion_decoding,distantación,lejanía,sadness,sadness,1,sadness,2232,18,female,keypress
martineztomas2026_discrete_emotionality_exp3,exp3_30,exp3_t12,12,emotion_decoding,flastación,visión,anger,happiness,0,happiness,3500.3,18,female,keypress
martineztomas2026_discrete_emotionality_exp3,exp3_30,exp3_t13,13,emotion_decoding,clespiente,veneno,fear,fear,1,fear,1765.9,18,female,keypress
martineztomas2026_discrete_emotionality_exp3,exp3_30,exp3_t14,14,emotion_decoding,puntiaguja,espada,fear,fear,1,fear,2598.6,18,female,keypress
martineztomas2026_discrete_emotionality_exp3,exp3_30,exp3_t15,15,emotion_decoding,chismolo,rumor,happiness,anger,0,anger,1265.8,18,female,keypress
martineztomas2026_discrete_emotionality_exp3,exp3_30,exp3_t16,16,emotion_decoding,valacer,cadáver,happiness,sadness,0,sadness,1465.3,18,female,keypress
martineztomas2026_discrete_emotionality_exp3,exp3_30,exp3_t17,17,emotion_decoding,enjauladero,prisión,fear,fear,1,fear,3249.2,18,female,keypress
martineztomas2026_discrete_emotionality_exp3,exp3_30,exp3_t18,18,emotion_decoding,bailetín,carnaval,happiness,happiness,1,happiness,9067.6,18,female,keypress
martineztomas2026_discrete_emotionality_exp3,exp3_30,exp3_t19,19,emotion_decoding,descín,ruina,sadness,sadness,1,sadness,3830.1,18,female,keypress
martineztomas2026_discrete_emotionality_exp3,exp3_30,exp3_t20,20,emotion_decoding,dastro,intruso,anger,fear,0,fear,3318.2,18,female,keypress
martineztomas2026_discrete_emotionality_exp3,exp3_30,exp3_t21,21,emotion_decoding,landado,enfadado,anger,anger,1,anger,5446.5,18,female,keypress
martineztomas2026_discrete_emotionality_exp3,exp3_30,exp3_t22,22,emotion_decoding,eniecido,enemigo,fear,anger,0,anger,1514.7,18,female,keypress
martineztomas2026_discrete_emotionality_exp3,exp3_31,exp3_t0,0,emotion_decoding,dastro,intruso,anger,fear,0,fear,2551.4,18,male,keypress
martineztomas2026_discrete_emotionality_exp3,exp3_31,exp3_t1,1,emotion_decoding,residuera,basura,sadness,disgust,0,disgust,1544.1,18,male,keypress
martineztomas2026_discrete_emotionality_exp3,exp3_31,exp3_t2,2,emotion_decoding,bailetín,carnaval,happiness,happiness,1,happiness,1303.9,18,male,keypress
martineztomas2026_discrete_emotionality_exp3,exp3_31,exp3_t3,3,emotion_decoding,flastación,visión,happiness,happiness,1,happiness,1742.7,18,male,keypress
martineztomas2026_discrete_emotionality_exp3,exp3_31,exp3_t4,4,emotion_decoding,valacer,cadáver,anger,sadness,0,sadness,3601.2,18,male,keypress
martineztomas2026_discrete_emotionality_exp3,exp3_31,exp3_t5,5,emotion_decoding,fumaika,tabaco,disgust,disgust,1,disgust,2142.3,18,male,keypress
martineztomas2026_discrete_emotionality_exp3,exp3_31,exp3_t6,6,emotion_decoding,desabete,censura,anger,disgust,0,disgust,3369,18,male,keypress
martineztomas2026_discrete_emotionality_exp3,exp3_31,exp3_t7,7,emotion_decoding,eniecido,enemigo,anger,anger,1,anger,3232.6,18,male,keypress
martineztomas2026_discrete_emotionality_exp3,exp3_31,exp3_t8,8,emotion_decoding,distantación,lejanía,sadness,sadness,1,sadness,2786,18,male,keypress
martineztomas2026_discrete_emotionality_exp3,exp3_31,exp3_t9,9,emotion_decoding,descín,ruina,sadness,sadness,1,sadness,1387.3,18,male,keypress
martineztomas2026_discrete_emotionality_exp3,exp3_31,exp3_t10,10,emotion_decoding,dinería,lotería,happiness,happiness,1,happiness,2245.8,18,male,keypress
martineztomas2026_discrete_emotionality_exp3,exp3_31,exp3_t11,11,emotion_decoding,enjauladero,prisión,fear,fear,1,fear,3195.3,18,male,keypress
martineztomas2026_discrete_emotionality_exp3,exp3_31,exp3_t12,12,emotion_decoding,fiminos,piojos,disgust,disgust,1,disgust,3282.2,18,male,keypress
martineztomas2026_discrete_emotionality_exp3,exp3_31,exp3_t13,13,emotion_decoding,queranza,añoranza,happiness,sadness,0,sadness,1656.6,18,male,keypress
martineztomas2026_discrete_emotionality_exp3,exp3_31,exp3_t14,14,emotion_decoding,puntiaguja,espada,fear,fear,1,fear,2125.3,18,male,keypress
martineztomas2026_discrete_emotionality_exp3,exp3_31,exp3_t15,15,emotion_decoding,palabrostio,insulto,anger,anger,1,anger,2271.1,18,male,keypress
martineztomas2026_discrete_emotionality_exp3,exp3_31,exp3_t16,16,emotion_decoding,landado,enfadado,sadness,anger,0,anger,2024.4,18,male,keypress
martineztomas2026_discrete_emotionality_exp3,exp3_31,exp3_t17,17,emotion_decoding,clespiente,veneno,anger,fear,0,fear,2852.4,18,male,keypress
martineztomas2026_discrete_emotionality_exp3,exp3_31,exp3_t18,18,emotion_decoding,chismolo,rumor,happiness,anger,0,anger,1519.8,18,male,keypress
martineztomas2026_discrete_emotionality_exp3,exp3_31,exp3_t19,19,emotion_decoding,fierdo,hedor,fear,disgust,0,disgust,1646.5,18,male,keypress
martineztomas2026_discrete_emotionality_exp3,exp3_31,exp3_t20,20,emotion_decoding,frórico,eufórico,fear,happiness,0,happiness,2268.4,18,male,keypress
martineztomas2026_discrete_emotionality_exp3,exp3_31,exp3_t21,21,emotion_decoding,plareja,novio,happiness,happiness,1,happiness,1583.2,18,male,keypress
martineztomas2026_discrete_emotionality_exp3,exp3_31,exp3_t22,22,emotion_decoding,argola,pistola,disgust,fear,0,fear,3144.1,18,male,keypress
martineztomas2026_discrete_emotionality_exp3,exp3_31,exp3_t23,23,emotion_decoding,furieta,rabia,anger,anger,1,anger,1294,18,male,keypress
martineztomas2026_discrete_emotionality_exp3,exp3_32,exp3_t0,0,emotion_decoding,landado,enfadado,sadness,anger,0,anger,11998,18,male,keypress
martineztomas2026_discrete_emotionality_exp3,exp3_32,exp3_t1,1,emotion_decoding,residuera,basura,sadness,disgust,0,disgust,6429.7,18,male,keypress
martineztomas2026_discrete_emotionality_exp3,exp3_32,exp3_t2,2,emotion_decoding,clespiente,veneno,fear,fear,1,fear,5399.5,18,male,keypress
martineztomas2026_discrete_emotionality_exp3,exp3_32,exp3_t3,3,emotion_decoding,furieta,rabia,anger,anger,1,anger,1394.2,18,male,keypress
martineztomas2026_discrete_emotionality_exp3,exp3_32,exp3_t4,4,emotion_decoding,distantación,lejanía,disgust,sadness,0,sadness,7876.5,18,male,keypress
martineztomas2026_discrete_emotionality_exp3,exp3_32,exp3_t5,5,emotion_decoding,dastro,intruso,anger,fear,0,fear,17548,18,male,keypress
martineztomas2026_discrete_emotionality_exp3,exp3_32,exp3_t6,6,emotion_decoding,bendigolo,mendigo,fear,sadness,0,sadness,15122.4,18,male,keypress
martineztomas2026_discrete_emotionality_exp3,exp3_32,exp3_t7,7,emotion_decoding,bailetín,carnaval,happiness,happiness,1,happiness,3804,18,male,keypress
martineztomas2026_discrete_emotionality_exp3,exp3_32,exp3_t8,8,emotion_decoding,enjauladero,prisión,fear,fear,1,fear,4119.5,18,male,keypress
martineztomas2026_discrete_emotionality_exp3,exp3_32,exp3_t9,9,emotion_decoding,chismolo,rumor,happiness,anger,0,anger,9953.7,18,male,keypress
martineztomas2026_discrete_emotionality_exp3,exp3_32,exp3_t10,10,emotion_decoding,fumaika,tabaco,happiness,disgust,0,disgust,3534.8,18,male,keypress
martineztomas2026_discrete_emotionality_exp3,exp3_32,exp3_t11,11,emotion_decoding,dinería,lotería,disgust,happiness,0,happiness,6592.5,18,male,keypress
martineztomas2026_discrete_emotionality_exp3,exp3_32,exp3_t12,12,emotion_decoding,palabrostio,insulto,anger,anger,1,anger,3887.8,18,male,keypress
martineztomas2026_discrete_emotionality_exp3,exp3_32,exp3_t13,13,emotion_decoding,puntiaguja,espada,anger,fear,0,fear,8119.6,18,male,keypress
martineztomas2026_discrete_emotionality_exp3,exp3_32,exp3_t14,14,emotion_decoding,eniecido,enemigo,happiness,anger,0,anger,6515.1,18,male,keypress
martineztomas2026_discrete_emotionality_exp3,exp3_32,exp3_t15,15,emotion_decoding,valacer,cadáver,anger,sadness,0,sadness,6710.9,18,male,keypress
martineztomas2026_discrete_emotionality_exp3,exp3_32,exp3_t16,16,emotion_decoding,desabete,censura,disgust,disgust,1,disgust,9438.3,18,male,keypress
martineztomas2026_discrete_emotionality_exp3,exp3_32,exp3_t17,17,emotion_decoding,flastación,visión,sadness,happiness,0,happiness,12131,18,male,keypress
martineztomas2026_discrete_emotionality_exp3,exp3_32,exp3_t18,18,emotion_decoding,queranza,añoranza,happiness,sadness,0,sadness,2673,18,male,keypress
martineztomas2026_discrete_emotionality_exp3,exp3_32,exp3_t19,19,emotion_decoding,fierdo,hedor,anger,disgust,0,disgust,5997.3,18,male,keypress
martineztomas2026_discrete_emotionality_exp3,exp3_32,exp3_t20,20,emotion_decoding,plareja,novio,disgust,happiness,0,happiness,16052.5,18,male,keypress
martineztomas2026_discrete_emotionality_exp3,exp3_32,exp3_t21,21,emotion_decoding,argola,pistola,disgust,fear,0,fear,7475.5,18,male,keypress
martineztomas2026_discrete_emotionality_exp3,exp3_32,exp3_t22,22,emotion_decoding,fiminos,piojos,sadness,disgust,0,disgust,3796.8,18,male,keypress
martineztomas2026_discrete_emotionality_exp3,exp3_32,exp3_t23,23,emotion_decoding,descín,ruina,sadness,sadness,1,sadness,6312.5,18,male,keypress
martineztomas2026_discrete_emotionality_exp3,exp3_32,exp3_t24,24,emotion_decoding,frórico,eufórico,fear,happiness,0,happiness,3735.4,18,male,keypress
martineztomas2026_discrete_emotionality_exp3,exp3_33,exp3_t0,0,emotion_decoding,clespiente,veneno,anger,fear,0,fear,1731.1,18,female,keypress
martineztomas2026_discrete_emotionality_exp3,exp3_33,exp3_t1,1,emotion_decoding,frórico,eufórico,anger,happiness,0,happiness,1897.4,18,female,keypress
martineztomas2026_discrete_emotionality_exp3,exp3_33,exp3_t2,2,emotion_decoding,flastación,visión,sadness,happiness,0,happiness,2579.8,18,female,keypress
martineztomas2026_discrete_emotionality_exp3,exp3_33,exp3_t3,3,emotion_decoding,bendigolo,mendigo,happiness,sadness,0,sadness,1796.9,18,female,keypress
martineztomas2026_discrete_emotionality_exp3,exp3_33,exp3_t4,4,emotion_decoding,fierdo,hedor,fear,disgust,0,disgust,1497.5,18,female,keypress
martineztomas2026_discrete_emotionality_exp3,exp3_33,exp3_t5,5,emotion_decoding,palabrostio,insulto,anger,anger,1,anger,4443.2,18,female,keypress
martineztomas2026_discrete_emotionality_exp3,exp3_33,exp3_t6,6,emotion_decoding,dastro,intruso,anger,fear,0,fear,2647,18,female,keypress
martineztomas2026_discrete_emotionality_exp3,exp3_33,exp3_t7,7,emotion_decoding,descín,ruina,happiness,sadness,0,sadness,4264,18,female,keypress
martineztomas2026_discrete_emotionality_exp3,exp3_33,exp3_t8,8,emotion_decoding,bailetín,carnaval,happiness,happiness,1,happiness,2096.5,18,female,keypress
martineztomas2026_discrete_emotionality_exp3,exp3_33,exp3_t9,9,emotion_decoding,distantación,lejanía,sadness,sadness,1,sadness,2796.5,18,female,keypress
martineztomas2026_discrete_emotionality_exp3,exp3_33,exp3_t10,10,emotion_decoding,puntiaguja,espada,fear,fear,1,fear,2413.8,18,female,keypress
martineztomas2026_discrete_emotionality_exp3,exp3_33,exp3_t11,11,emotion_decoding,chismolo,rumor,fear,anger,0,anger,3512.4,18,female,keypress
martineztomas2026_discrete_emotionality_exp3,exp3_33,exp3_t12,12,emotion_decoding,desabete,censura,disgust,disgust,1,disgust,3214,18,female,keypress
martineztomas2026_discrete_emotionality_exp3,exp3_33,exp3_t13,13,emotion_decoding,dinería,lotería,happiness,happiness,1,happiness,4798.2,18,female,keypress
martineztomas2026_discrete_emotionality_exp3,exp3_33,exp3_t14,14,emotion_decoding,fiminos,piojos,anger,disgust,0,disgust,4231.4,18,female,keypress
martineztomas2026_discrete_emotionality_exp3,exp3_33,exp3_t15,15,emotion_decoding,valacer,cadáver,happiness,sadness,0,sadness,2580.2,18,female,keypress
martineztomas2026_discrete_emotionality_exp3,exp3_33,exp3_t16,16,emotion_decoding,furieta,rabia,anger,anger,1,anger,1415.4,18,female,keypress
martineztomas2026_discrete_emotionality_exp3,exp3_33,exp3_t17,17,emotion_decoding,enjauladero,prisión,fear,fear,1,fear,4397.8,18,female,keypress
martineztomas2026_discrete_emotionality_exp3,exp3_33,exp3_t18,18,emotion_decoding,landado,enfadado,anger,anger,1,anger,3198.3,18,female,keypress
martineztomas2026_discrete_emotionality_exp3,exp3_33,exp3_t19,19,emotion_decoding,plareja,novio,happiness,happiness,1,happiness,2114.6,18,female,keypress
martineztomas2026_discrete_emotionality_exp3,exp3_33,exp3_t20,20,emotion_decoding,argola,pistola,disgust,fear,0,fear,2930.8,18,female,keypress
martineztomas2026_discrete_emotionality_exp3,exp3_33,exp3_t21,21,emotion_decoding,residuera,basura,happiness,disgust,0,disgust,2778.7,18,female,keypress
martineztomas2026_discrete_emotionality_exp3,exp3_33,exp3_t22,22,emotion_decoding,fumaika,tabaco,disgust,disgust,1,disgust,3414.1,18,female,keypress
martineztomas2026_discrete_emotionality_exp3,exp3_33,exp3_t23,23,emotion_decoding,eniecido,enemigo,anger,anger,1,anger,1963.9,18,female,keypress
martineztomas2026_discrete_emotionality_exp3,exp3_33,exp3_t24,24,emotion_decoding,queranza,añoranza,fear,sadness,0,sadness,2278.9,18,female,keypress
martineztomas2026_discrete_emotionality_exp3,exp3_34,exp3_t0,0,emotion_decoding,flastación,visión,fear,happiness,0,happiness,4162.5,52,female,keypress
martineztomas2026_discrete_emotionality_exp3,exp3_34,exp3_t1,1,emotion_decoding,queranza,añoranza,happiness,sadness,0,sadness,10284.5,52,female,keypress
martineztomas2026_discrete_emotionality_exp3,exp3_34,exp3_t2,2,emotion_decoding,bendigolo,mendigo,happiness,sadness,0,sadness,4915.8,52,female,keypress
martineztomas2026_discrete_emotionality_exp3,exp3_34,exp3_t3,3,emotion_decoding,enjauladero,prisión,sadness,fear,0,fear,15531.4,52,female,keypress
martineztomas2026_discrete_emotionality_exp3,exp3_34,exp3_t4,4,emotion_decoding,valacer,cadáver,sadness,sadness,1,sadness,8773.2,52,female,keypress
martineztomas2026_discrete_emotionality_exp3,exp3_34,exp3_t5,5,emotion_decoding,dastro,intruso,disgust,fear,0,fear,1612.8,52,female,keypress
martineztomas2026_discrete_emotionality_exp3,exp3_34,exp3_t6,6,emotion_decoding,dinería,lotería,happiness,happiness,1,happiness,7981.1,52,female,keypress
martineztomas2026_discrete_emotionality_exp3,exp3_34,exp3_t7,7,emotion_decoding,palabrostio,insulto,anger,anger,1,anger,7249.3,52,female,keypress
martineztomas2026_discrete_emotionality_exp3,exp3_34,exp3_t8,8,emotion_decoding,residuera,basura,disgust,disgust,1,disgust,6398.5,52,female,keypress
martineztomas2026_discrete_emotionality_exp3,exp3_34,exp3_t9,9,emotion_decoding,distantación,lejanía,anger,sadness,0,sadness,15782,52,female,keypress
martineztomas2026_discrete_emotionality_exp3,exp3_34,exp3_t10,10,emotion_decoding,eniecido,enemigo,sadness,anger,0,anger,12557.9,52,female,keypress
martineztomas2026_discrete_emotionality_exp3,exp3_34,exp3_t11,11,emotion_decoding,desabete,censura,disgust,disgust,1,disgust,4748.4,52,female,keypress
martineztomas2026_discrete_emotionality_exp3,exp3_34,exp3_t12,12,emotion_decoding,chismolo,rumor,fear,anger,0,anger,11291.9,52,female,keypress
martineztomas2026_discrete_emotionality_exp3,exp3_34,exp3_t13,13,emotion_decoding,bailetín,carnaval,fear,happiness,0,happiness,9770.1,52,female,keypress
martineztomas2026_discrete_emotionality_exp3,exp3_34,exp3_t14,14,emotion_decoding,furieta,rabia,anger,anger,1,anger,1954.2,52,female,keypress
martineztomas2026_discrete_emotionality_exp3,exp3_34,exp3_t15,15,emotion_decoding,argola,pistola,disgust,fear,0,fear,6311.2,52,female,keypress
martineztomas2026_discrete_emotionality_exp3,exp3_34,exp3_t16,16,emotion_decoding,puntiaguja,espada,anger,fear,0,fear,4073.9,52,female,keypress
martineztomas2026_discrete_emotionality_exp3,exp3_34,exp3_t17,17,emotion_decoding,fierdo,hedor,fear,disgust,0,disgust,4214.9,52,female,keypress
martineztomas2026_discrete_emotionality_exp3,exp3_34,exp3_t18,18,emotion_decoding,fiminos,piojos,happiness,disgust,0,disgust,11917,52,female,keypress
martineztomas2026_discrete_emotionality_exp3,exp3_34,exp3_t19,19,emotion_decoding,frórico,eufórico,anger,happiness,0,happiness,7169.5,52,female,keypress
martineztomas2026_discrete_emotionality_exp3,exp3_34,exp3_t20,20,emotion_decoding,descín,ruina,sadness,sadness,1,sadness,3950.7,52,female,keypress
martineztomas2026_discrete_emotionality_exp3,exp3_35,exp3_t0,0,emotion_decoding,dastro,intruso,fear,fear,1,fear,1713.3,18,male,keypress
martineztomas2026_discrete_emotionality_exp3,exp3_35,exp3_t1,1,emotion_decoding,fiminos,piojos,sadness,disgust,0,disgust,4544.7,18,male,keypress
martineztomas2026_discrete_emotionality_exp3,exp3_35,exp3_t2,2,emotion_decoding,fierdo,hedor,happiness,disgust,0,disgust,1096.8,18,male,keypress
martineztomas2026_discrete_emotionality_exp3,exp3_35,exp3_t3,3,emotion_decoding,flastación,visión,disgust,happiness,0,happiness,3129.6,18,male,keypress
martineztomas2026_discrete_emotionality_exp3,exp3_35,exp3_t4,4,emotion_decoding,chismolo,rumor,happiness,anger,0,anger,1496.1,18,male,keypress
martineztomas2026_discrete_emotionality_exp3,exp3_35,exp3_t5,5,emotion_decoding,desabete,censura,sadness,disgust,0,disgust,2747.5,18,male,keypress
martineztomas2026_discrete_emotionality_exp3,exp3_35,exp3_t6,6,emotion_decoding,plareja,novio,happiness,happiness,1,happiness,2195.8,18,male,keypress
martineztomas2026_discrete_emotionality_exp3,exp3_35,exp3_t7,7,emotion_decoding,enjauladero,prisión,fear,fear,1,fear,6457.5,18,male,keypress
martineztomas2026_discrete_emotionality_exp3,exp3_35,exp3_t8,8,emotion_decoding,puntiaguja,espada,fear,fear,1,fear,3145.9,18,male,keypress
martineztomas2026_discrete_emotionality_exp3,exp3_35,exp3_t9,9,emotion_decoding,fumaika,tabaco,disgust,disgust,1,disgust,3062.8,18,male,keypress
martineztomas2026_discrete_emotionality_exp3,exp3_35,exp3_t10,10,emotion_decoding,dinería,lotería,happiness,happiness,1,happiness,1662.7,18,male,keypress
martineztomas2026_discrete_emotionality_exp3,exp3_35,exp3_t11,11,emotion_decoding,valacer,cadáver,disgust,sadness,0,sadness,4962.4,18,male,keypress
martineztomas2026_discrete_emotionality_exp3,exp3_35,exp3_t12,12,emotion_decoding,argola,pistola,fear,fear,1,fear,3063.3,18,male,keypress
martineztomas2026_discrete_emotionality_exp3,exp3_35,exp3_t13,13,emotion_decoding,clespiente,veneno,fear,fear,1,fear,2012.4,18,male,keypress
martineztomas2026_discrete_emotionality_exp3,exp3_35,exp3_t14,14,emotion_decoding,residuera,basura,fear,disgust,0,disgust,3763,18,male,keypress
martineztomas2026_discrete_emotionality_exp3,exp3_35,exp3_t15,15,emotion_decoding,palabrostio,insulto,anger,anger,1,anger,2862.1,18,male,keypress
martineztomas2026_discrete_emotionality_exp3,exp3_35,exp3_t16,16,emotion_decoding,frórico,eufórico,happiness,happiness,1,happiness,2130.1,18,male,keypress
martineztomas2026_discrete_emotionality_exp3,exp3_35,exp3_t17,17,emotion_decoding,furieta,rabia,anger,anger,1,anger,1779.8,18,male,keypress
martineztomas2026_discrete_emotionality_exp3,exp3_35,exp3_t18,18,emotion_decoding,eniecido,enemigo,anger,anger,1,anger,2147,18,male,keypress
martineztomas2026_discrete_emotionality_exp3,exp3_35,exp3_t19,19,emotion_decoding,descín,ruina,disgust,sadness,0,sadness,1713.5,18,male,keypress
martineztomas2026_discrete_emotionality_exp3,exp3_35,exp3_t20,20,emotion_decoding,queranza,añoranza,disgust,sadness,0,sadness,2146.6,18,male,keypress
martineztomas2026_discrete_emotionality_exp3,exp3_35,exp3_t21,21,emotion_decoding,landado,enfadado,fear,anger,0,anger,5579.4,18,male,keypress
martineztomas2026_discrete_emotionality_exp3,exp3_35,exp3_t22,22,emotion_decoding,bendigolo,mendigo,anger,sadness,0,sadness,1629.4,18,male,keypress
martineztomas2026_discrete_emotionality_exp3,exp3_35,exp3_t23,23,emotion_decoding,bailetín,carnaval,happiness,happiness,1,happiness,1714.1,18,male,keypress
martineztomas2026_discrete_emotionality_exp3,exp3_36,exp3_t0,0,emotion_decoding,fierdo,hedor,happiness,disgust,0,disgust,7307,18,female,keypress
martineztomas2026_discrete_emotionality_exp3,exp3_36,exp3_t1,1,emotion_decoding,queranza,añoranza,happiness,sadness,0,sadness,1263,18,female,keypress
martineztomas2026_discrete_emotionality_exp3,exp3_36,exp3_t2,2,emotion_decoding,eniecido,enemigo,sadness,anger,0,anger,2911,18,female,keypress
martineztomas2026_discrete_emotionality_exp3,exp3_36,exp3_t3,3,emotion_decoding,palabrostio,insulto,anger,anger,1,anger,3659,18,female,keypress
martineztomas2026_discrete_emotionality_exp3,exp3_36,exp3_t4,4,emotion_decoding,fumaika,tabaco,disgust,disgust,1,disgust,3109,18,female,keypress
martineztomas2026_discrete_emotionality_exp3,exp3_36,exp3_t5,5,emotion_decoding,clespiente,veneno,anger,fear,0,fear,4327,18,female,keypress
martineztomas2026_discrete_emotionality_exp3,exp3_36,exp3_t6,6,emotion_decoding,frórico,eufórico,happiness,happiness,1,happiness,2761,18,female,keypress
martineztomas2026_discrete_emotionality_exp3,exp3_36,exp3_t7,7,emotion_decoding,chismolo,rumor,happiness,anger,0,anger,2546,18,female,keypress
martineztomas2026_discrete_emotionality_exp3,exp3_36,exp3_t8,8,emotion_decoding,distantación,lejanía,sadness,sadness,1,sadness,5908,18,female,keypress
martineztomas2026_discrete_emotionality_exp3,exp3_36,exp3_t9,9,emotion_decoding,dinería,lotería,happiness,happiness,1,happiness,4144,18,female,keypress
martineztomas2026_discrete_emotionality_exp3,exp3_36,exp3_t10,10,emotion_decoding,flastación,visión,fear,happiness,0,happiness,2364,18,female,keypress
martineztomas2026_discrete_emotionality_exp3,exp3_36,exp3_t11,11,emotion_decoding,enjauladero,prisión,fear,fear,1,fear,1745,18,female,keypress
martineztomas2026_discrete_emotionality_exp3,exp3_36,exp3_t12,12,emotion_decoding,landado,enfadado,fear,anger,0,anger,3310,18,female,keypress
martineztomas2026_discrete_emotionality_exp3,exp3_36,exp3_t13,13,emotion_decoding,bailetín,carnaval,happiness,happiness,1,happiness,3717,18,female,keypress
martineztomas2026_discrete_emotionality_exp3,exp3_36,exp3_t14,14,emotion_decoding,puntiaguja,espada,fear,fear,1,fear,3193,18,female,keypress
martineztomas2026_discrete_emotionality_exp3,exp3_36,exp3_t15,15,emotion_decoding,residuera,basura,disgust,disgust,1,disgust,7223,18,female,keypress
martineztomas2026_discrete_emotionality_exp3,exp3_36,exp3_t16,16,emotion_decoding,furieta,rabia,anger,anger,1,anger,4276,18,female,keypress
martineztomas2026_discrete_emotionality_exp3,exp3_36,exp3_t17,17,emotion_decoding,descín,ruina,happiness,sadness,0,sadness,16381,18,female,keypress
martineztomas2026_discrete_emotionality_exp3,exp3_36,exp3_t18,18,emotion_decoding,fiminos,piojos,happiness,disgust,0,disgust,9871,18,female,keypress
martineztomas2026_discrete_emotionality_exp3,exp3_36,exp3_t19,19,emotion_decoding,bendigolo,mendigo,sadness,sadness,1,sadness,10405,18,female,keypress
martineztomas2026_discrete_emotionality_exp3,exp3_36,exp3_t20,20,emotion_decoding,dastro,intruso,happiness,fear,0,fear,2361,18,female,keypress
martineztomas2026_discrete_emotionality_exp3,exp3_36,exp3_t21,21,emotion_decoding,valacer,cadáver,happiness,sadness,0,sadness,6155,18,female,keypress
martineztomas2026_discrete_emotionality_exp3,exp3_36,exp3_t22,22,emotion_decoding,plareja,novio,happiness,happiness,1,happiness,1526,18,female,keypress
martineztomas2026_discrete_emotionality_exp3,exp3_36,exp3_t23,23,emotion_decoding,desabete,censura,sadness,disgust,0,disgust,13235,18,female,keypress
martineztomas2026_discrete_emotionality_exp3,exp3_36,exp3_t24,24,emotion_decoding,argola,pistola,disgust,fear,0,fear,4274,18,female,keypress
martineztomas2026_discrete_emotionality_exp3,exp3_37,exp3_t0,0,emotion_decoding,fierdo,hedor,sadness,disgust,0,disgust,4022,19,female,keypress
martineztomas2026_discrete_emotionality_exp3,exp3_37,exp3_t1,1,emotion_decoding,distantación,lejanía,sadness,sadness,1,sadness,3473,19,female,keypress
martineztomas2026_discrete_emotionality_exp3,exp3_37,exp3_t2,2,emotion_decoding,valacer,cadáver,happiness,sadness,0,sadness,2304,19,female,keypress
martineztomas2026_discrete_emotionality_exp3,exp3_37,exp3_t3,3,emotion_decoding,frórico,eufórico,anger,happiness,0,happiness,4420,19,female,keypress
martineztomas2026_discrete_emotionality_exp3,exp3_37,exp3_t4,4,emotion_decoding,palabrostio,insulto,anger,anger,1,anger,3349,19,female,keypress
martineztomas2026_discrete_emotionality_exp3,exp3_37,exp3_t5,5,emotion_decoding,eniecido,enemigo,fear,anger,0,anger,5720,19,female,keypress
martineztomas2026_discrete_emotionality_exp3,exp3_37,exp3_t6,6,emotion_decoding,flastación,visión,anger,happiness,0,happiness,6786,19,female,keypress
martineztomas2026_discrete_emotionality_exp3,exp3_37,exp3_t7,7,emotion_decoding,desabete,censura,fear,disgust,0,disgust,5072,19,female,keypress
martineztomas2026_discrete_emotionality_exp3,exp3_37,exp3_t8,8,emotion_decoding,enjauladero,prisión,fear,fear,1,fear,4807,19,female,keypress
martineztomas2026_discrete_emotionality_exp3,exp3_37,exp3_t9,9,emotion_decoding,dinería,lotería,happiness,happiness,1,happiness,1979,19,female,keypress
martineztomas2026_discrete_emotionality_exp3,exp3_37,exp3_t10,10,emotion_decoding,chismolo,rumor,happiness,anger,0,anger,5354,19,female,keypress
martineztomas2026_discrete_emotionality_exp3,exp3_37,exp3_t11,11,emotion_decoding,furieta,rabia,anger,anger,1,anger,1863,19,female,keypress
martineztomas2026_discrete_emotionality_exp3,exp3_37,exp3_t12,12,emotion_decoding,landado,enfadado,happiness,anger,0,anger,8789,19,female,keypress
martineztomas2026_discrete_emotionality_exp3,exp3_37,exp3_t13,13,emotion_decoding,bailetín,carnaval,happiness,happiness,1,happiness,3637,19,female,keypress
martineztomas2026_discrete_emotionality_exp3,exp3_37,exp3_t14,14,emotion_decoding,descín,ruina,happiness,sadness,0,sadness,8738,19,female,keypress
martineztomas2026_discrete_emotionality_exp3,exp3_37,exp3_t15,15,emotion_decoding,fumaika,tabaco,disgust,disgust,1,disgust,6618,19,female,keypress
martineztomas2026_discrete_emotionality_exp3,exp3_37,exp3_t16,16,emotion_decoding,bendigolo,mendigo,sadness,sadness,1,sadness,5404,19,female,keypress
martineztomas2026_discrete_emotionality_exp3,exp3_37,exp3_t17,17,emotion_decoding,queranza,añoranza,happiness,sadness,0,sadness,4687,19,female,keypress
martineztomas2026_discrete_emotionality_exp3,exp3_37,exp3_t18,18,emotion_decoding,clespiente,veneno,disgust,fear,0,fear,2754,19,female,keypress
martineztomas2026_discrete_emotionality_exp3,exp3_37,exp3_t19,19,emotion_decoding,fiminos,piojos,fear,disgust,0,disgust,4469,19,female,keypress
martineztomas2026_discrete_emotionality_exp3,exp3_37,exp3_t20,20,emotion_decoding,argola,pistola,anger,fear,0,fear,4470,19,female,keypress
martineztomas2026_discrete_emotionality_exp3,exp3_37,exp3_t21,21,emotion_decoding,puntiaguja,espada,fear,fear,1,fear,3174,19,female,keypress
martineztomas2026_discrete_emotionality_exp3,exp3_37,exp3_t22,22,emotion_decoding,plareja,novio,happiness,happiness,1,happiness,2439,19,female,keypress
martineztomas2026_discrete_emotionality_exp3,exp3_37,exp3_t23,23,emotion_decoding,dastro,intruso,fear,fear,1,fear,4956,19,female,keypress
martineztomas2026_discrete_emotionality_exp3,exp3_38,exp3_t0,0,emotion_decoding,clespiente,veneno,fear,fear,1,fear,3249,20,male,keypress
martineztomas2026_discrete_emotionality_exp3,exp3_38,exp3_t1,1,emotion_decoding,fumaika,tabaco,happiness,disgust,0,disgust,2548.3,20,male,keypress
martineztomas2026_discrete_emotionality_exp3,exp3_38,exp3_t2,2,emotion_decoding,fiminos,piojos,disgust,disgust,1,disgust,5199.3,20,male,keypress
martineztomas2026_discrete_emotionality_exp3,exp3_38,exp3_t3,3,emotion_decoding,queranza,añoranza,fear,sadness,0,sadness,2881.6,20,male,keypress
martineztomas2026_discrete_emotionality_exp3,exp3_38,exp3_t4,4,emotion_decoding,desabete,censura,happiness,disgust,0,disgust,1597.9,20,male,keypress
martineztomas2026_discrete_emotionality_exp3,exp3_38,exp3_t5,5,emotion_decoding,valacer,cadáver,fear,sadness,0,sadness,2831,20,male,keypress
martineztomas2026_discrete_emotionality_exp3,exp3_38,exp3_t6,6,emotion_decoding,dastro,intruso,fear,fear,1,fear,1431.6,20,male,keypress
martineztomas2026_discrete_emotionality_exp3,exp3_38,exp3_t7,7,emotion_decoding,plareja,novio,happiness,happiness,1,happiness,1331.7,20,male,keypress
martineztomas2026_discrete_emotionality_exp3,exp3_38,exp3_t8,8,emotion_decoding,fierdo,hedor,anger,disgust,0,disgust,1888.6,20,male,keypress
martineztomas2026_discrete_emotionality_exp3,exp3_38,exp3_t9,9,emotion_decoding,furieta,rabia,anger,anger,1,anger,1269.7,20,male,keypress
martineztomas2026_discrete_emotionality_exp3,exp3_38,exp3_t10,10,emotion_decoding,distantación,lejanía,anger,sadness,0,sadness,2531.9,20,male,keypress
martineztomas2026_discrete_emotionality_exp3,exp3_38,exp3_t11,11,emotion_decoding,flastación,visión,disgust,happiness,0,happiness,1549.7,20,male,keypress
martineztomas2026_discrete_emotionality_exp3,exp3_38,exp3_t12,12,emotion_decoding,frórico,eufórico,anger,happiness,0,happiness,1482,20,male,keypress
martineztomas2026_discrete_emotionality_exp3,exp3_38,exp3_t13,13,emotion_decoding,palabrostio,insulto,anger,anger,1,anger,3249.3,20,male,keypress
martineztomas2026_discrete_emotionality_exp3,exp3_38,exp3_t14,14,emotion_decoding,puntiaguja,espada,fear,fear,1,fear,2481.9,20,male,keypress
martineztomas2026_discrete_emotionality_exp3,exp3_38,exp3_t15,15,emotion_decoding,residuera,basura,sadness,disgust,0,disgust,2347.8,20,male,keypress
martineztomas2026_discrete_emotionality_exp3,exp3_38,exp3_t16,16,emotion_decoding,eniecido,enemigo,anger,anger,1,anger,2032.4,20,male,keypress
martineztomas2026_discrete_emotionality_exp3,exp3_38,exp3_t17,17,emotion_decoding,descín,ruina,happiness,sadness,0,sadness,1697.9,20,male,keypress
martineztomas2026_discrete_emotionality_exp3,exp3_38,exp3_t18,18,emotion_decoding,dinería,lotería,happiness,happiness,1,happiness,1381.4,20,male,keypress
martineztomas2026_discrete_emotionality_exp3,exp3_38,exp3_t19,19,emotion_decoding,bendigolo,mendigo,happiness,sadness,0,sadness,2416.5,20,male,keypress
martineztomas2026_discrete_emotionality_exp3,exp3_38,exp3_t20,20,emotion_decoding,enjauladero,prisión,fear,fear,1,fear,3005.1,20,male,keypress
martineztomas2026_discrete_emotionality_exp3,exp3_38,exp3_t21,21,emotion_decoding,chismolo,rumor,anger,anger,1,anger,2069.3,20,male,keypress
martineztomas2026_discrete_emotionality_exp3,exp3_38,exp3_t22,22,emotion_decoding,landado,enfadado,sadness,anger,0,anger,4748.2,20,male,keypress
martineztomas2026_discrete_emotionality_exp3,exp3_38,exp3_t23,23,emotion_decoding,bailetín,carnaval,happiness,happiness,1,happiness,1614.5,20,male,keypress
martineztomas2026_discrete_emotionality_exp3,exp3_39,exp3_t0,0,emotion_decoding,fierdo,hedor,fear,disgust,0,disgust,3712.2,18,female,keypress
martineztomas2026_discrete_emotionality_exp3,exp3_39,exp3_t1,1,emotion_decoding,frórico,eufórico,happiness,happiness,1,happiness,2980.3,18,female,keypress
martineztomas2026_discrete_emotionality_exp3,exp3_39,exp3_t2,2,emotion_decoding,valacer,cadáver,happiness,sadness,0,sadness,3778.8,18,female,keypress
martineztomas2026_discrete_emotionality_exp3,exp3_39,exp3_t3,3,emotion_decoding,clespiente,veneno,fear,fear,1,fear,2830.6,18,female,keypress
martineztomas2026_discrete_emotionality_exp3,exp3_39,exp3_t4,4,emotion_decoding,fiminos,piojos,sadness,disgust,0,disgust,4296.3,18,female,keypress
martineztomas2026_discrete_emotionality_exp3,exp3_39,exp3_t5,5,emotion_decoding,flastación,visión,disgust,happiness,0,happiness,11659.1,18,female,keypress
martineztomas2026_discrete_emotionality_exp3,exp3_39,exp3_t6,6,emotion_decoding,bendigolo,mendigo,sadness,sadness,1,sadness,7426.5,18,female,keypress
martineztomas2026_discrete_emotionality_exp3,exp3_39,exp3_t7,7,emotion_decoding,queranza,añoranza,happiness,sadness,0,sadness,2326.9,18,female,keypress
martineztomas2026_discrete_emotionality_exp3,exp3_39,exp3_t8,8,emotion_decoding,desabete,censura,disgust,disgust,1,disgust,4895.2,18,female,keypress
martineztomas2026_discrete_emotionality_exp3,exp3_39,exp3_t9,9,emotion_decoding,puntiaguja,espada,fear,fear,1,fear,2279.5,18,female,keypress
martineztomas2026_discrete_emotionality_exp3,exp3_39,exp3_t10,10,emotion_decoding,dinería,lotería,sadness,happiness,0,happiness,6145.7,18,female,keypress
martineztomas2026_discrete_emotionality_exp3,exp3_39,exp3_t11,11,emotion_decoding,argola,pistola,disgust,fear,0,fear,3895.4,18,female,keypress
martineztomas2026_discrete_emotionality_exp3,exp3_39,exp3_t12,12,emotion_decoding,descín,ruina,disgust,sadness,0,sadness,4144.9,18,female,keypress
martineztomas2026_discrete_emotionality_exp3,exp3_39,exp3_t13,13,emotion_decoding,plareja,novio,happiness,happiness,1,happiness,4111.6,18,female,keypress
martineztomas2026_discrete_emotionality_exp3,exp3_39,exp3_t14,14,emotion_decoding,bailetín,carnaval,happiness,happiness,1,happiness,3063.1,18,female,keypress
martineztomas2026_discrete_emotionality_exp3,exp3_39,exp3_t15,15,emotion_decoding,landado,enfadado,anger,anger,1,anger,3579.3,18,female,keypress
martineztomas2026_discrete_emotionality_exp3,exp3_39,exp3_t16,16,emotion_decoding,distantación,lejanía,sadness,sadness,1,sadness,3630.7,18,female,keypress
martineztomas2026_discrete_emotionality_exp3,exp3_39,exp3_t17,17,emotion_decoding,dastro,intruso,disgust,fear,0,fear,5362.2,18,female,keypress
martineztomas2026_discrete_emotionality_exp3,exp3_39,exp3_t18,18,emotion_decoding,palabrostio,insulto,anger,anger,1,anger,5210.1,18,female,keypress
martineztomas2026_discrete_emotionality_exp3,exp3_39,exp3_t19,19,emotion_decoding,enjauladero,prisión,sadness,fear,0,fear,17180.6,18,female,keypress
martineztomas2026_discrete_emotionality_exp3,exp3_39,exp3_t20,20,emotion_decoding,fumaika,tabaco,disgust,disgust,1,disgust,13809.8,18,female,keypress
martineztomas2026_discrete_emotionality_exp3,exp3_39,exp3_t21,21,emotion_decoding,chismolo,rumor,happiness,anger,0,anger,7458.4,18,female,keypress
martineztomas2026_discrete_emotionality_exp3,exp3_39,exp3_t22,22,emotion_decoding,residuera,basura,sadness,disgust,0,disgust,3178.2,18,female,keypress
martineztomas2026_discrete_emotionality_exp3,exp3_39,exp3_t23,23,emotion_decoding,eniecido,enemigo,fear,anger,0,anger,6477.8,18,female,keypress
martineztomas2026_discrete_emotionality_exp3,exp3_39,exp3_t24,24,emotion_decoding,furieta,rabia,anger,anger,1,anger,1878.7,18,female,keypress
martineztomas2026_discrete_emotionality_exp3,exp3_40,exp3_t0,0,emotion_decoding,queranza,añoranza,sadness,sadness,1,sadness,7701.8,19,male,keypress
martineztomas2026_discrete_emotionality_exp3,exp3_40,exp3_t1,1,emotion_decoding,frórico,eufórico,disgust,happiness,0,happiness,14914.7,19,male,keypress
martineztomas2026_discrete_emotionality_exp3,exp3_40,exp3_t2,2,emotion_decoding,fiminos,piojos,disgust,disgust,1,disgust,3932.1,19,male,keypress
martineztomas2026_discrete_emotionality_exp3,exp3_40,exp3_t3,3,emotion_decoding,bendigolo,mendigo,happiness,sadness,0,sadness,2514,19,male,keypress
martineztomas2026_discrete_emotionality_exp3,exp3_40,exp3_t4,4,emotion_decoding,fumaika,tabaco,happiness,disgust,0,disgust,4598.4,19,male,keypress
martineztomas2026_discrete_emotionality_exp3,exp3_40,exp3_t5,5,emotion_decoding,puntiaguja,espada,anger,fear,0,fear,3382.9,19,male,keypress
martineztomas2026_discrete_emotionality_exp3,exp3_40,exp3_t6,6,emotion_decoding,palabrostio,insulto,anger,anger,1,anger,12931.8,19,male,keypress
martineztomas2026_discrete_emotionality_exp3,exp3_40,exp3_t7,7,emotion_decoding,descín,ruina,fear,sadness,0,sadness,8347.7,19,male,keypress
martineztomas2026_discrete_emotionality_exp3,exp3_40,exp3_t8,8,emotion_decoding,flastación,visión,anger,happiness,0,happiness,4864.8,19,male,keypress
martineztomas2026_discrete_emotionality_exp3,exp3_40,exp3_t9,9,emotion_decoding,chismolo,rumor,disgust,anger,0,anger,3048.2,19,male,keypress
martineztomas2026_discrete_emotionality_exp3,exp3_40,exp3_t10,10,emotion_decoding,fierdo,hedor,anger,disgust,0,disgust,5713.2,19,male,keypress
martineztomas2026_discrete_emotionality_exp3,exp3_40,exp3_t11,11,emotion_decoding,bailetín,carnaval,happiness,happiness,1,happiness,1448.6,19,male,keypress
martineztomas2026_discrete_emotionality_exp3,exp3_40,exp3_t12,12,emotion_decoding,plareja,novio,happiness,happiness,1,happiness,5665.4,19,male,keypress
martineztomas2026_discrete_emotionality_exp3,exp3_40,exp3_t13,13,emotion_decoding,desabete,censura,sadness,disgust,0,disgust,3065.4,19,male,keypress
martineztomas2026_discrete_emotionality_exp3,exp3_40,exp3_t14,14,emotion_decoding,furieta,rabia,anger,anger,1,anger,1582.3,19,male,keypress
martineztomas2026_discrete_emotionality_exp3,exp3_40,exp3_t15,15,emotion_decoding,residuera,basura,disgust,disgust,1,disgust,2331.5,19,male,keypress
martineztomas2026_discrete_emotionality_exp3,exp3_40,exp3_t16,16,emotion_decoding,enjauladero,prisión,fear,fear,1,fear,2530.6,19,male,keypress
martineztomas2026_discrete_emotionality_exp3,exp3_40,exp3_t17,17,emotion_decoding,dinería,lotería,disgust,happiness,0,happiness,3965.3,19,male,keypress
martineztomas2026_discrete_emotionality_exp3,exp3_40,exp3_t18,18,emotion_decoding,valacer,cadáver,fear,sadness,0,sadness,5732,19,male,keypress
martineztomas2026_discrete_emotionality_exp3,exp3_40,exp3_t19,19,emotion_decoding,dastro,intruso,anger,fear,0,fear,6148.5,19,male,keypress
martineztomas2026_discrete_emotionality_exp3,exp3_40,exp3_t20,20,emotion_decoding,eniecido,enemigo,anger,anger,1,anger,3713.6,19,male,keypress
martineztomas2026_discrete_emotionality_exp3,exp3_40,exp3_t21,21,emotion_decoding,distantación,lejanía,sadness,sadness,1,sadness,9195.5,19,male,keypress
martineztomas2026_discrete_emotionality_exp3,exp3_41,exp3_t0,0,emotion_decoding,dinería,lotería,anger,happiness,0,happiness,7069,18,female,keypress
martineztomas2026_discrete_emotionality_exp3,exp3_41,exp3_t1,1,emotion_decoding,fierdo,hedor,anger,disgust,0,disgust,4155,18,female,keypress
martineztomas2026_discrete_emotionality_exp3,exp3_41,exp3_t2,2,emotion_decoding,valacer,cadáver,happiness,sadness,0,sadness,2674,18,female,keypress
martineztomas2026_discrete_emotionality_exp3,exp3_41,exp3_t3,3,emotion_decoding,chismolo,rumor,happiness,anger,0,anger,3071,18,female,keypress
martineztomas2026_discrete_emotionality_exp3,exp3_41,exp3_t4,4,emotion_decoding,flastación,visión,sadness,happiness,0,happiness,9935,18,female,keypress
martineztomas2026_discrete_emotionality_exp3,exp3_41,exp3_t5,5,emotion_decoding,fumaika,tabaco,happiness,disgust,0,disgust,3355,18,female,keypress
martineztomas2026_discrete_emotionality_exp3,exp3_41,exp3_t6,6,emotion_decoding,frórico,eufórico,fear,happiness,0,happiness,2423,18,female,keypress
martineztomas2026_discrete_emotionality_exp3,exp3_41,exp3_t7,7,emotion_decoding,dastro,intruso,disgust,fear,0,fear,3023,18,female,keypress
martineztomas2026_discrete_emotionality_exp3,exp3_41,exp3_t8,8,emotion_decoding,puntiaguja,espada,fear,fear,1,fear,4068,18,female,keypress
martineztomas2026_discrete_emotionality_exp3,exp3_41,exp3_t9,9,emotion_decoding,landado,enfadado,anger,anger,1,anger,5172,18,female,keypress
martineztomas2026_discrete_emotionality_exp3,exp3_41,exp3_t10,10,emotion_decoding,eniecido,enemigo,anger,anger,1,anger,4186,18,female,keypress
martineztomas2026_discrete_emotionality_exp3,exp3_41,exp3_t11,11,emotion_decoding,descín,ruina,anger,sadness,0,sadness,3189,18,female,keypress
martineztomas2026_discrete_emotionality_exp3,exp3_41,exp3_t12,12,emotion_decoding,fiminos,piojos,fear,disgust,0,disgust,6937,18,female,keypress
martineztomas2026_discrete_emotionality_exp3,exp3_41,exp3_t13,13,emotion_decoding,furieta,rabia,anger,anger,1,anger,2139,18,female,keypress
martineztomas2026_discrete_emotionality_exp3,exp3_41,exp3_t14,14,emotion_decoding,desabete,censura,happiness,disgust,0,disgust,5970,18,female,keypress
martineztomas2026_discrete_emotionality_exp3,exp3_41,exp3_t15,15,emotion_decoding,bendigolo,mendigo,happiness,sadness,0,sadness,3139,18,female,keypress
martineztomas2026_discrete_emotionality_exp3,exp3_41,exp3_t16,16,emotion_decoding,plareja,novio,happiness,happiness,1,happiness,4440,18,female,keypress
martineztomas2026_discrete_emotionality_exp3,exp3_41,exp3_t17,17,emotion_decoding,queranza,añoranza,happiness,sadness,0,sadness,2207,18,female,keypress
martineztomas2026_discrete_emotionality_exp3,exp3_41,exp3_t18,18,emotion_decoding,argola,pistola,disgust,fear,0,fear,2256,18,female,keypress
martineztomas2026_discrete_emotionality_exp3,exp3_41,exp3_t19,19,emotion_decoding,distantación,lejanía,sadness,sadness,1,sadness,1923,18,female,keypress
martineztomas2026_discrete_emotionality_exp3,exp3_41,exp3_t20,20,emotion_decoding,enjauladero,prisión,anger,fear,0,fear,4975,18,female,keypress
martineztomas2026_discrete_emotionality_exp3,exp3_41,exp3_t21,21,emotion_decoding,bailetín,carnaval,happiness,happiness,1,happiness,4255,18,female,keypress
martineztomas2026_discrete_emotionality_exp3,exp3_41,exp3_t22,22,emotion_decoding,residuera,basura,sadness,disgust,0,disgust,2405,18,female,keypress
martineztomas2026_discrete_emotionality_exp3,exp3_41,exp3_t23,23,emotion_decoding,palabrostio,insulto,anger,anger,1,anger,3223,18,female,keypress
martineztomas2026_discrete_emotionality_exp3,exp3_42,exp3_t0,0,emotion_decoding,fumaika,tabaco,anger,disgust,0,disgust,6582.8,18,male,keypress
martineztomas2026_discrete_emotionality_exp3,exp3_42,exp3_t1,1,emotion_decoding,furieta,rabia,anger,anger,1,anger,1132.5,18,male,keypress
martineztomas2026_discrete_emotionality_exp3,exp3_42,exp3_t2,2,emotion_decoding,fiminos,piojos,happiness,disgust,0,disgust,1999.4,18,male,keypress
martineztomas2026_discrete_emotionality_exp3,exp3_42,exp3_t3,3,emotion_decoding,chismolo,rumor,sadness,anger,0,anger,3510.2,18,male,keypress
martineztomas2026_discrete_emotionality_exp3,exp3_42,exp3_t4,4,emotion_decoding,residuera,basura,disgust,disgust,1,disgust,2720.3,18,male,keypress
martineztomas2026_discrete_emotionality_exp3,exp3_42,exp3_t5,5,emotion_decoding,eniecido,enemigo,anger,anger,1,anger,2660.5,18,male,keypress
martineztomas2026_discrete_emotionality_exp3,exp3_42,exp3_t6,6,emotion_decoding,valacer,cadáver,fear,sadness,0,sadness,5132.2,18,male,keypress
martineztomas2026_discrete_emotionality_exp3,exp3_42,exp3_t7,7,emotion_decoding,fierdo,hedor,anger,disgust,0,disgust,2114.8,18,male,keypress
martineztomas2026_discrete_emotionality_exp3,exp3_42,exp3_t8,8,emotion_decoding,queranza,añoranza,fear,sadness,0,sadness,5948,18,male,keypress
martineztomas2026_discrete_emotionality_exp3,exp3_42,exp3_t9,9,emotion_decoding,descín,ruina,happiness,sadness,0,sadness,1380.6,18,male,keypress
martineztomas2026_discrete_emotionality_exp3,exp3_42,exp3_t10,10,emotion_decoding,plareja,novio,happiness,happiness,1,happiness,1403.5,18,male,keypress
martineztomas2026_discrete_emotionality_exp3,exp3_42,exp3_t11,11,emotion_decoding,landado,enfadado,sadness,anger,0,anger,7565.9,18,male,keypress
martineztomas2026_discrete_emotionality_exp3,exp3_42,exp3_t12,12,emotion_decoding,distantación,lejanía,fear,sadness,0,sadness,1631.1,18,male,keypress
martineztomas2026_discrete_emotionality_exp3,exp3_42,exp3_t13,13,emotion_decoding,frórico,eufórico,happiness,happiness,1,happiness,2520.1,18,male,keypress
martineztomas2026_discrete_emotionality_exp3,exp3_42,exp3_t14,14,emotion_decoding,bailetín,carnaval,happiness,happiness,1,happiness,5015.8,18,male,keypress
martineztomas2026_discrete_emotionality_exp3,exp3_42,exp3_t15,15,emotion_decoding,puntiaguja,espada,fear,fear,1,fear,6110.2,18,male,keypress
martineztomas2026_discrete_emotionality_exp3,exp3_42,exp3_t16,16,emotion_decoding,flastación,visión,disgust,happiness,0,happiness,2833.5,18,male,keypress
martineztomas2026_discrete_emotionality_exp3,exp3_42,exp3_t17,17,emotion_decoding,dinería,lotería,sadness,happiness,0,happiness,6436.7,18,male,keypress
martineztomas2026_discrete_emotionality_exp3,exp3_42,exp3_t18,18,emotion_decoding,enjauladero,prisión,anger,fear,0,fear,3493.8,18,male,keypress
martineztomas2026_discrete_emotionality_exp3,exp3_42,exp3_t19,19,emotion_decoding,palabrostio,insulto,anger,anger,1,anger,3920.1,18,male,keypress
martineztomas2026_discrete_emotionality_exp3,exp3_42,exp3_t20,20,emotion_decoding,bendigolo,mendigo,disgust,sadness,0,sadness,7930.6,18,male,keypress
martineztomas2026_discrete_emotionality_exp3,exp3_42,exp3_t21,21,emotion_decoding,argola,pistola,sadness,fear,0,fear,6782.9,18,male,keypress
martineztomas2026_discrete_emotionality_exp3,exp3_42,exp3_t22,22,emotion_decoding,clespiente,veneno,happiness,fear,0,fear,4735.1,18,male,keypress
martineztomas2026_discrete_emotionality_exp3,exp3_43,exp3_t0,0,emotion_decoding,frórico,eufórico,sadness,happiness,0,happiness,9849,19,female,keypress
martineztomas2026_discrete_emotionality_exp3,exp3_43,exp3_t1,1,emotion_decoding,distantación,lejanía,sadness,sadness,1,sadness,6414,19,female,keypress
martineztomas2026_discrete_emotionality_exp3,exp3_43,exp3_t2,2,emotion_decoding,bendigolo,mendigo,happiness,sadness,0,sadness,10234,19,female,keypress
martineztomas2026_discrete_emotionality_exp3,exp3_43,exp3_t3,3,emotion_decoding,fumaika,tabaco,anger,disgust,0,disgust,6683,19,female,keypress
martineztomas2026_discrete_emotionality_exp3,exp3_43,exp3_t4,4,emotion_decoding,bailetín,carnaval,happiness,happiness,1,happiness,2747,19,female,keypress
martineztomas2026_discrete_emotionality_exp3,exp3_43,exp3_t5,5,emotion_decoding,furieta,rabia,anger,anger,1,anger,1381,19,female,keypress
martineztomas2026_discrete_emotionality_exp3,exp3_43,exp3_t6,6,emotion_decoding,argola,pistola,anger,fear,0,fear,2996,19,female,keypress
martineztomas2026_discrete_emotionality_exp3,exp3_43,exp3_t7,7,emotion_decoding,enjauladero,prisión,anger,fear,0,fear,7247,19,female,keypress
martineztomas2026_discrete_emotionality_exp3,exp3_43,exp3_t8,8,emotion_decoding,plareja,novio,happiness,happiness,1,happiness,10918,19,female,keypress
martineztomas2026_discrete_emotionality_exp3,exp3_43,exp3_t9,9,emotion_decoding,landado,enfadado,happiness,anger,0,anger,3961,19,female,keypress
martineztomas2026_discrete_emotionality_exp3,exp3_43,exp3_t10,10,emotion_decoding,dinería,lotería,happiness,happiness,1,happiness,1765,19,female,keypress
martineztomas2026_discrete_emotionality_exp3,exp3_43,exp3_t11,11,emotion_decoding,residuera,basura,disgust,disgust,1,disgust,6197,19,female,keypress
martineztomas2026_discrete_emotionality_exp3,exp3_43,exp3_t12,12,emotion_decoding,fierdo,hedor,fear,disgust,0,disgust,2329,19,female,keypress
martineztomas2026_discrete_emotionality_exp3,exp3_43,exp3_t13,13,emotion_decoding,desabete,censura,anger,disgust,0,disgust,5863,19,female,keypress
martineztomas2026_discrete_emotionality_exp3,exp3_43,exp3_t14,14,emotion_decoding,valacer,cadáver,happiness,sadness,0,sadness,4215,19,female,keypress
martineztomas2026_discrete_emotionality_exp3,exp3_43,exp3_t15,15,emotion_decoding,puntiaguja,espada,fear,fear,1,fear,7214,19,female,keypress
martineztomas2026_discrete_emotionality_exp3,exp3_43,exp3_t16,16,emotion_decoding,queranza,añoranza,happiness,sadness,0,sadness,4983,19,female,keypress
martineztomas2026_discrete_emotionality_exp3,exp3_43,exp3_t17,17,emotion_decoding,clespiente,veneno,happiness,fear,0,fear,4866,19,female,keypress
martineztomas2026_discrete_emotionality_exp3,exp3_43,exp3_t18,18,emotion_decoding,descín,ruina,happiness,sadness,0,sadness,7915,19,female,keypress
martineztomas2026_discrete_emotionality_exp3,exp3_43,exp3_t19,19,emotion_decoding,dastro,intruso,anger,fear,0,fear,9380,19,female,keypress
martineztomas2026_discrete_emotionality_exp3,exp3_43,exp3_t20,20,emotion_decoding,chismolo,rumor,fear,anger,0,anger,4531,19,female,keypress
martineztomas2026_discrete_emotionality_exp3,exp3_43,exp3_t21,21,emotion_decoding,eniecido,enemigo,fear,anger,0,anger,15340,19,female,keypress
martineztomas2026_discrete_emotionality_exp3,exp3_43,exp3_t22,22,emotion_decoding,fiminos,piojos,disgust,disgust,1,disgust,11199,19,female,keypress
martineztomas2026_discrete_emotionality_exp3,exp3_44,exp3_t0,0,emotion_decoding,dastro,intruso,disgust,fear,0,fear,5728.1,19,female,keypress
martineztomas2026_discrete_emotionality_exp3,exp3_44,exp3_t1,1,emotion_decoding,frórico,eufórico,anger,happiness,0,happiness,2196.7,19,female,keypress
martineztomas2026_discrete_emotionality_exp3,exp3_44,exp3_t2,2,emotion_decoding,residuera,basura,disgust,disgust,1,disgust,4526.1,19,female,keypress
martineztomas2026_discrete_emotionality_exp3,exp3_44,exp3_t3,3,emotion_decoding,desabete,censura,disgust,disgust,1,disgust,11092,19,female,keypress
martineztomas2026_discrete_emotionality_exp3,exp3_44,exp3_t4,4,emotion_decoding,plareja,novio,happiness,happiness,1,happiness,2045.8,19,female,keypress
martineztomas2026_discrete_emotionality_exp3,exp3_44,exp3_t5,5,emotion_decoding,dinería,lotería,happiness,happiness,1,happiness,4275.5,19,female,keypress
martineztomas2026_discrete_emotionality_exp3,exp3_44,exp3_t6,6,emotion_decoding,descín,ruina,happiness,sadness,0,sadness,17721.2,19,female,keypress
martineztomas2026_discrete_emotionality_exp3,exp3_44,exp3_t7,7,emotion_decoding,fiminos,piojos,happiness,disgust,0,disgust,3413.5,19,female,keypress
martineztomas2026_discrete_emotionality_exp3,exp3_44,exp3_t8,8,emotion_decoding,argola,pistola,fear,fear,1,fear,4928.1,19,female,keypress
martineztomas2026_discrete_emotionality_exp3,exp3_44,exp3_t9,9,emotion_decoding,bailetín,carnaval,fear,happiness,0,happiness,4777.7,19,female,keypress
martineztomas2026_discrete_emotionality_exp3,exp3_44,exp3_t10,10,emotion_decoding,distantación,lejanía,disgust,sadness,0,sadness,3043.1,19,female,keypress
martineztomas2026_discrete_emotionality_exp3,exp3_44,exp3_t11,11,emotion_decoding,queranza,añoranza,happiness,sadness,0,sadness,1529.7,19,female,keypress
martineztomas2026_discrete_emotionality_exp3,exp3_44,exp3_t12,12,emotion_decoding,fierdo,hedor,disgust,disgust,1,disgust,10674.7,19,female,keypress
martineztomas2026_discrete_emotionality_exp3,exp3_44,exp3_t13,13,emotion_decoding,palabrostio,insulto,anger,anger,1,anger,2263.8,19,female,keypress
martineztomas2026_discrete_emotionality_exp3,exp3_44,exp3_t14,14,emotion_decoding,fumaika,tabaco,anger,disgust,0,disgust,8240.2,19,female,keypress
martineztomas2026_discrete_emotionality_exp3,exp3_44,exp3_t15,15,emotion_decoding,eniecido,enemigo,anger,anger,1,anger,2221.7,19,female,keypress
martineztomas2026_discrete_emotionality_exp3,exp3_44,exp3_t16,16,emotion_decoding,clespiente,veneno,happiness,fear,0,fear,4486.1,19,female,keypress
martineztomas2026_discrete_emotionality_exp3,exp3_44,exp3_t17,17,emotion_decoding,chismolo,rumor,happiness,anger,0,anger,10971.1,19,female,keypress
martineztomas2026_discrete_emotionality_exp3,exp3_44,exp3_t18,18,emotion_decoding,enjauladero,prisión,fear,fear,1,fear,4761.1,19,female,keypress
martineztomas2026_discrete_emotionality_exp3,exp3_44,exp3_t19,19,emotion_decoding,flastación,visión,anger,happiness,0,happiness,3411.9,19,female,keypress
martineztomas2026_discrete_emotionality_exp3,exp3_44,exp3_t20,20,emotion_decoding,valacer,cadáver,anger,sadness,0,sadness,9791.5,19,female,keypress
martineztomas2026_discrete_emotionality_exp3,exp3_44,exp3_t21,21,emotion_decoding,landado,enfadado,happiness,anger,0,anger,6343.8,19,female,keypress
martineztomas2026_discrete_emotionality_exp3,exp3_44,exp3_t22,22,emotion_decoding,bendigolo,mendigo,happiness,sadness,0,sadness,1911.7,19,female,keypress
martineztomas2026_discrete_emotionality_exp3,exp3_44,exp3_t23,23,emotion_decoding,furieta,rabia,fear,anger,0,anger,1746.6,19,female,keypress
martineztomas2026_discrete_emotionality_exp3,exp3_45,exp3_t0,0,emotion_decoding,desabete,censura,happiness,disgust,0,disgust,4257.1,18,female,keypress
martineztomas2026_discrete_emotionality_exp3,exp3_45,exp3_t1,1,emotion_decoding,clespiente,veneno,fear,fear,1,fear,5471.7,18,female,keypress
martineztomas2026_discrete_emotionality_exp3,exp3_45,exp3_t2,2,emotion_decoding,valacer,cadáver,happiness,sadness,0,sadness,4622.9,18,female,keypress
martineztomas2026_discrete_emotionality_exp3,exp3_45,exp3_t3,3,emotion_decoding,chismolo,rumor,happiness,anger,0,anger,2426.4,18,female,keypress
martineztomas2026_discrete_emotionality_exp3,exp3_45,exp3_t4,4,emotion_decoding,furieta,rabia,anger,anger,1,anger,2693.4,18,female,keypress
martineztomas2026_discrete_emotionality_exp3,exp3_45,exp3_t5,5,emotion_decoding,fiminos,piojos,happiness,disgust,0,disgust,5488.3,18,female,keypress
martineztomas2026_discrete_emotionality_exp3,exp3_45,exp3_t6,6,emotion_decoding,palabrostio,insulto,anger,anger,1,anger,9900.2,18,female,keypress
martineztomas2026_discrete_emotionality_exp3,exp3_45,exp3_t7,7,emotion_decoding,flastación,visión,fear,happiness,0,happiness,9598,18,female,keypress
martineztomas2026_discrete_emotionality_exp3,exp3_45,exp3_t8,8,emotion_decoding,enjauladero,prisión,anger,fear,0,fear,7051.6,18,female,keypress
martineztomas2026_discrete_emotionality_exp3,exp3_45,exp3_t9,9,emotion_decoding,frórico,eufórico,fear,happiness,0,happiness,3675.8,18,female,keypress
martineztomas2026_discrete_emotionality_exp3,exp3_45,exp3_t10,10,emotion_decoding,bendigolo,mendigo,anger,sadness,0,sadness,5571.8,18,female,keypress
martineztomas2026_discrete_emotionality_exp3,exp3_45,exp3_t11,11,emotion_decoding,eniecido,enemigo,disgust,anger,0,anger,4306.8,18,female,keypress
martineztomas2026_discrete_emotionality_exp3,exp3_45,exp3_t12,12,emotion_decoding,queranza,añoranza,disgust,sadness,0,sadness,3608.3,18,female,keypress
martineztomas2026_discrete_emotionality_exp3,exp3_45,exp3_t13,13,emotion_decoding,bailetín,carnaval,happiness,happiness,1,happiness,2210.7,18,female,keypress
martineztomas2026_discrete_emotionality_exp3,exp3_45,exp3_t14,14,emotion_decoding,fierdo,hedor,fear,disgust,0,disgust,2826.6,18,female,keypress
martineztomas2026_discrete_emotionality_exp3,exp3_45,exp3_t15,15,emotion_decoding,distantación,lejanía,fear,sadness,0,sadness,11262.7,18,female,keypress
martineztomas2026_discrete_emotionality_exp3,exp3_45,exp3_t16,16,emotion_decoding,argola,pistola,disgust,fear,0,fear,11928.1,18,female,keypress
martineztomas2026_discrete_emotionality_exp3,exp3_45,exp3_t17,17,emotion_decoding,descín,ruina,fear,sadness,0,sadness,6752,18,female,keypress
martineztomas2026_discrete_emotionality_exp3,exp3_45,exp3_t18,18,emotion_decoding,puntiaguja,espada,fear,fear,1,fear,7685.6,18,female,keypress
martineztomas2026_discrete_emotionality_exp3,exp3_45,exp3_t19,19,emotion_decoding,fumaika,tabaco,happiness,disgust,0,disgust,5541,18,female,keypress
martineztomas2026_discrete_emotionality_exp3,exp3_45,exp3_t20,20,emotion_decoding,plareja,novio,disgust,happiness,0,happiness,5455.4,18,female,keypress
martineztomas2026_discrete_emotionality_exp3,exp3_45,exp3_t21,21,emotion_decoding,residuera,basura,disgust,disgust,1,disgust,3375.1,18,female,keypress
martineztomas2026_discrete_emotionality_exp3,exp3_45,exp3_t22,22,emotion_decoding,dinería,lotería,disgust,happiness,0,happiness,4174.5,18,female,keypress
martineztomas2026_discrete_emotionality_exp3,exp3_46,exp3_t0,0,emotion_decoding,residuera,basura,sadness,disgust,0,disgust,10555,20,female,keypress
martineztomas2026_discrete_emotionality_exp3,exp3_46,exp3_t1,1,emotion_decoding,plareja,novio,happiness,happiness,1,happiness,3044.5,20,female,keypress
martineztomas2026_discrete_emotionality_exp3,exp3_46,exp3_t2,2,emotion_decoding,bendigolo,mendigo,anger,sadness,0,sadness,8707.7,20,female,keypress
martineztomas2026_discrete_emotionality_exp3,exp3_46,exp3_t3,3,emotion_decoding,clespiente,veneno,disgust,fear,0,fear,5695.7,20,female,keypress
martineztomas2026_discrete_emotionality_exp3,exp3_46,exp3_t4,4,emotion_decoding,enjauladero,prisión,sadness,fear,0,fear,6047.6,20,female,keypress
martineztomas2026_discrete_emotionality_exp3,exp3_46,exp3_t5,5,emotion_decoding,dastro,intruso,disgust,fear,0,fear,8188.1,20,female,keypress
martineztomas2026_discrete_emotionality_exp3,exp3_46,exp3_t6,6,emotion_decoding,flastación,visión,disgust,happiness,0,happiness,5800.1,20,female,keypress
martineztomas2026_discrete_emotionality_exp3,exp3_46,exp3_t7,7,emotion_decoding,palabrostio,insulto,anger,anger,1,anger,6626.2,20,female,keypress
martineztomas2026_discrete_emotionality_exp3,exp3_46,exp3_t8,8,emotion_decoding,frórico,eufórico,disgust,happiness,0,happiness,16870.2,20,female,keypress
martineztomas2026_discrete_emotionality_exp3,exp3_46,exp3_t9,9,emotion_decoding,descín,ruina,sadness,sadness,1,sadness,2855.8,20,female,keypress
martineztomas2026_discrete_emotionality_exp3,exp3_46,exp3_t10,10,emotion_decoding,landado,enfadado,disgust,anger,0,anger,5868.6,20,female,keypress
martineztomas2026_discrete_emotionality_exp3,exp3_46,exp3_t11,11,emotion_decoding,puntiaguja,espada,fear,fear,1,fear,3119.6,20,female,keypress
martineztomas2026_discrete_emotionality_exp3,exp3_46,exp3_t12,12,emotion_decoding,fierdo,hedor,fear,disgust,0,disgust,8078.5,20,female,keypress
martineztomas2026_discrete_emotionality_exp3,exp3_46,exp3_t13,13,emotion_decoding,desabete,censura,sadness,disgust,0,disgust,9129.8,20,female,keypress
martineztomas2026_discrete_emotionality_exp3,exp3_46,exp3_t14,14,emotion_decoding,eniecido,enemigo,anger,anger,1,anger,6698,20,female,keypress
martineztomas2026_discrete_emotionality_exp3,exp3_46,exp3_t15,15,emotion_decoding,furieta,rabia,anger,anger,1,anger,4944.7,20,female,keypress
martineztomas2026_discrete_emotionality_exp3,exp3_46,exp3_t16,16,emotion_decoding,valacer,cadáver,fear,sadness,0,sadness,11032,20,female,keypress
martineztomas2026_discrete_emotionality_exp3,exp3_46,exp3_t17,17,emotion_decoding,fiminos,piojos,happiness,disgust,0,disgust,4750.4,20,female,keypress
martineztomas2026_discrete_emotionality_exp3,exp3_46,exp3_t18,18,emotion_decoding,distantación,lejanía,sadness,sadness,1,sadness,3856.6,20,female,keypress
martineztomas2026_discrete_emotionality_exp3,exp3_46,exp3_t19,19,emotion_decoding,bailetín,carnaval,sadness,happiness,0,happiness,7345.7,20,female,keypress
martineztomas2026_discrete_emotionality_exp3,exp3_46,exp3_t20,20,emotion_decoding,dinería,lotería,happiness,happiness,1,happiness,8159.8,20,female,keypress
martineztomas2026_discrete_emotionality_exp3,exp3_46,exp3_t21,21,emotion_decoding,argola,pistola,anger,fear,0,fear,6289.2,20,female,keypress
martineztomas2026_discrete_emotionality_exp3,exp3_46,exp3_t22,22,emotion_decoding,fumaika,tabaco,happiness,disgust,0,disgust,11528,20,female,keypress
martineztomas2026_discrete_emotionality_exp3,exp3_46,exp3_t23,23,emotion_decoding,queranza,añoranza,happiness,sadness,0,sadness,2521.8,20,female,keypress
martineztomas2026_discrete_emotionality_exp3,exp3_47,exp3_t0,0,emotion_decoding,bendigolo,mendigo,happiness,sadness,0,sadness,7225.6,21,male,keypress
martineztomas2026_discrete_emotionality_exp3,exp3_47,exp3_t1,1,emotion_decoding,queranza,añoranza,happiness,sadness,0,sadness,2496.8,21,male,keypress
martineztomas2026_discrete_emotionality_exp3,exp3_47,exp3_t2,2,emotion_decoding,puntiaguja,espada,fear,fear,1,fear,18065.3,21,male,keypress
martineztomas2026_discrete_emotionality_exp3,exp3_47,exp3_t3,3,emotion_decoding,chismolo,rumor,happiness,anger,0,anger,4462,21,male,keypress
martineztomas2026_discrete_emotionality_exp3,exp3_47,exp3_t4,4,emotion_decoding,enjauladero,prisión,fear,fear,1,fear,16201.2,21,male,keypress
martineztomas2026_discrete_emotionality_exp3,exp3_47,exp3_t5,5,emotion_decoding,valacer,cadáver,fear,sadness,0,sadness,6025.4,21,male,keypress
martineztomas2026_discrete_emotionality_exp3,exp3_47,exp3_t6,6,emotion_decoding,landado,enfadado,anger,anger,1,anger,15668.2,21,male,keypress
martineztomas2026_discrete_emotionality_exp3,exp3_47,exp3_t7,7,emotion_decoding,eniecido,enemigo,fear,anger,0,anger,15700.6,21,male,keypress
martineztomas2026_discrete_emotionality_exp3,exp3_47,exp3_t8,8,emotion_decoding,plareja,novio,happiness,happiness,1,happiness,9773.7,21,male,keypress
martineztomas2026_discrete_emotionality_exp3,exp3_47,exp3_t9,9,emotion_decoding,distantación,lejanía,sadness,sadness,1,sadness,6607.8,21,male,keypress
martineztomas2026_discrete_emotionality_exp3,exp3_47,exp3_t10,10,emotion_decoding,descín,ruina,disgust,sadness,0,sadness,5477.3,21,male,keypress
martineztomas2026_discrete_emotionality_exp3,exp3_47,exp3_t11,11,emotion_decoding,dinería,lotería,happiness,happiness,1,happiness,3178.7,21,male,keypress
martineztomas2026_discrete_emotionality_exp3,exp3_47,exp3_t12,12,emotion_decoding,fumaika,tabaco,happiness,disgust,0,disgust,3228.7,21,male,keypress
martineztomas2026_discrete_emotionality_exp3,exp3_47,exp3_t13,13,emotion_decoding,furieta,rabia,anger,anger,1,anger,3791.5,21,male,keypress
martineztomas2026_discrete_emotionality_exp3,exp3_47,exp3_t14,14,emotion_decoding,residuera,basura,disgust,disgust,1,disgust,7325.8,21,male,keypress
martineztomas2026_discrete_emotionality_exp3,exp3_47,exp3_t15,15,emotion_decoding,dastro,intruso,disgust,fear,0,fear,4711.5,21,male,keypress
martineztomas2026_discrete_emotionality_exp3,exp3_47,exp3_t16,16,emotion_decoding,fierdo,hedor,anger,disgust,0,disgust,7259.4,21,male,keypress
martineztomas2026_discrete_emotionality_exp3,exp3_47,exp3_t17,17,emotion_decoding,flastación,visión,fear,happiness,0,happiness,9340.1,21,male,keypress
martineztomas2026_discrete_emotionality_exp3,exp3_47,exp3_t18,18,emotion_decoding,desabete,censura,disgust,disgust,1,disgust,2696.7,21,male,keypress
martineztomas2026_discrete_emotionality_exp3,exp3_47,exp3_t19,19,emotion_decoding,bailetín,carnaval,happiness,happiness,1,happiness,2512.9,21,male,keypress
martineztomas2026_discrete_emotionality_exp3,exp3_47,exp3_t20,20,emotion_decoding,palabrostio,insulto,anger,anger,1,anger,11952,21,male,keypress
martineztomas2026_discrete_emotionality_exp3,exp3_47,exp3_t21,21,emotion_decoding,argola,pistola,disgust,fear,0,fear,10621.8,21,male,keypress
martineztomas2026_discrete_emotionality_exp3,exp3_48,exp3_t0,0,emotion_decoding,puntiaguja,espada,disgust,fear,0,fear,2785.7,18,male,keypress
martineztomas2026_discrete_emotionality_exp3,exp3_48,exp3_t1,1,emotion_decoding,chismolo,rumor,happiness,anger,0,anger,3135,18,male,keypress
martineztomas2026_discrete_emotionality_exp3,exp3_48,exp3_t2,2,emotion_decoding,frórico,eufórico,sadness,happiness,0,happiness,10500.1,18,male,keypress
martineztomas2026_discrete_emotionality_exp3,exp3_48,exp3_t3,3,emotion_decoding,bailetín,carnaval,happiness,happiness,1,happiness,2636,18,male,keypress
martineztomas2026_discrete_emotionality_exp3,exp3_48,exp3_t4,4,emotion_decoding,furieta,rabia,anger,anger,1,anger,1282.8,18,male,keypress
martineztomas2026_discrete_emotionality_exp3,exp3_48,exp3_t5,5,emotion_decoding,queranza,añoranza,sadness,sadness,1,sadness,2852.9,18,male,keypress
martineztomas2026_discrete_emotionality_exp3,exp3_48,exp3_t6,6,emotion_decoding,valacer,cadáver,sadness,sadness,1,sadness,2701.6,18,male,keypress
martineztomas2026_discrete_emotionality_exp3,exp3_48,exp3_t7,7,emotion_decoding,descín,ruina,sadness,sadness,1,sadness,2552.9,18,male,keypress
martineztomas2026_discrete_emotionality_exp3,exp3_48,exp3_t8,8,emotion_decoding,plareja,novio,happiness,happiness,1,happiness,1334.1,18,male,keypress
martineztomas2026_discrete_emotionality_exp3,exp3_48,exp3_t9,9,emotion_decoding,bendigolo,mendigo,anger,sadness,0,sadness,2550.4,18,male,keypress
martineztomas2026_discrete_emotionality_exp3,exp3_48,exp3_t10,10,emotion_decoding,fierdo,hedor,disgust,disgust,1,disgust,3671.4,18,male,keypress
martineztomas2026_discrete_emotionality_exp3,exp3_48,exp3_t11,11,emotion_decoding,fumaika,tabaco,happiness,disgust,0,disgust,1133,18,male,keypress
martineztomas2026_discrete_emotionality_exp3,exp3_48,exp3_t12,12,emotion_decoding,distantación,lejanía,fear,sadness,0,sadness,2168.9,18,male,keypress
martineztomas2026_discrete_emotionality_exp3,exp3_48,exp3_t13,13,emotion_decoding,dinería,lotería,disgust,happiness,0,happiness,5525,18,male,keypress
martineztomas2026_discrete_emotionality_exp3,exp3_48,exp3_t14,14,emotion_decoding,eniecido,enemigo,sadness,anger,0,anger,1734.4,18,male,keypress
martineztomas2026_discrete_emotionality_exp3,exp3_48,exp3_t15,15,emotion_decoding,fiminos,piojos,happiness,disgust,0,disgust,2469.1,18,male,keypress
martineztomas2026_discrete_emotionality_exp3,exp3_48,exp3_t16,16,emotion_decoding,clespiente,veneno,sadness,fear,0,fear,4472.9,18,male,keypress
martineztomas2026_discrete_emotionality_exp3,exp3_48,exp3_t17,17,emotion_decoding,residuera,basura,anger,disgust,0,disgust,3337.6,18,male,keypress
martineztomas2026_discrete_emotionality_exp3,exp3_48,exp3_t18,18,emotion_decoding,flastación,visión,fear,happiness,0,happiness,2651.9,18,male,keypress
martineztomas2026_discrete_emotionality_exp3,exp3_48,exp3_t19,19,emotion_decoding,argola,pistola,fear,fear,1,fear,1551.1,18,male,keypress
martineztomas2026_discrete_emotionality_exp3,exp3_48,exp3_t20,20,emotion_decoding,landado,enfadado,anger,anger,1,anger,2281,18,male,keypress
martineztomas2026_discrete_emotionality_exp3,exp3_48,exp3_t21,21,emotion_decoding,dastro,intruso,happiness,fear,0,fear,1899.8,18,male,keypress
martineztomas2026_discrete_emotionality_exp3,exp3_49,exp3_t0,0,emotion_decoding,desabete,censura,sadness,disgust,0,disgust,4788.7,19,female,keypress
martineztomas2026_discrete_emotionality_exp3,exp3_49,exp3_t1,1,emotion_decoding,clespiente,veneno,disgust,fear,0,fear,2965.5,19,female,keypress
martineztomas2026_discrete_emotionality_exp3,exp3_49,exp3_t2,2,emotion_decoding,chismolo,rumor,anger,anger,1,anger,4413.7,19,female,keypress
martineztomas2026_discrete_emotionality_exp3,exp3_49,exp3_t3,3,emotion_decoding,residuera,basura,anger,disgust,0,disgust,13169.6,19,female,keypress
martineztomas2026_discrete_emotionality_exp3,exp3_49,exp3_t4,4,emotion_decoding,flastación,visión,disgust,happiness,0,happiness,2154.3,19,female,keypress
martineztomas2026_discrete_emotionality_exp3,exp3_49,exp3_t5,5,emotion_decoding,landado,enfadado,happiness,anger,0,anger,7317.8,19,female,keypress
martineztomas2026_discrete_emotionality_exp3,exp3_49,exp3_t6,6,emotion_decoding,eniecido,enemigo,anger,anger,1,anger,1541.9,19,female,keypress
martineztomas2026_discrete_emotionality_exp3,exp3_49,exp3_t7,7,emotion_decoding,distantación,lejanía,disgust,sadness,0,sadness,2238.2,19,female,keypress
martineztomas2026_discrete_emotionality_exp3,exp3_49,exp3_t8,8,emotion_decoding,palabrostio,insulto,happiness,anger,0,anger,2157.7,19,female,keypress
martineztomas2026_discrete_emotionality_exp3,exp3_49,exp3_t9,9,emotion_decoding,dinería,lotería,happiness,happiness,1,happiness,1323.6,19,female,keypress
martineztomas2026_discrete_emotionality_exp3,exp3_49,exp3_t10,10,emotion_decoding,furieta,rabia,anger,anger,1,anger,1586.5,19,female,keypress
martineztomas2026_discrete_emotionality_exp3,exp3_49,exp3_t11,11,emotion_decoding,bailetín,carnaval,happiness,happiness,1,happiness,1762.3,19,female,keypress
martineztomas2026_discrete_emotionality_exp3,exp3_49,exp3_t12,12,emotion_decoding,fiminos,piojos,happiness,disgust,0,disgust,2446.1,19,female,keypress
martineztomas2026_discrete_emotionality_exp3,exp3_49,exp3_t13,13,emotion_decoding,frórico,eufórico,fear,happiness,0,happiness,2469.2,19,female,keypress
martineztomas2026_discrete_emotionality_exp3,exp3_49,exp3_t14,14,emotion_decoding,dastro,intruso,fear,fear,1,fear,2732.3,19,female,keypress
martineztomas2026_discrete_emotionality_exp3,exp3_49,exp3_t15,15,emotion_decoding,bendigolo,mendigo,sadness,sadness,1,sadness,3341.6,19,female,keypress
martineztomas2026_discrete_emotionality_exp3,exp3_49,exp3_t16,16,emotion_decoding,puntiaguja,espada,fear,fear,1,fear,2468.7,19,female,keypress
martineztomas2026_discrete_emotionality_exp3,exp3_49,exp3_t17,17,emotion_decoding,descín,ruina,sadness,sadness,1,sadness,2469.4,19,female,keypress
martineztomas2026_discrete_emotionality_exp3,exp3_49,exp3_t18,18,emotion_decoding,queranza,añoranza,happiness,sadness,0,sadness,1726.6,19,female,keypress
martineztomas2026_discrete_emotionality_exp3,exp3_49,exp3_t19,19,emotion_decoding,fierdo,hedor,anger,disgust,0,disgust,2453,19,female,keypress
martineztomas2026_discrete_emotionality_exp3,exp3_49,exp3_t20,20,emotion_decoding,fumaika,tabaco,anger,disgust,0,disgust,2187.7,19,female,keypress
martineztomas2026_discrete_emotionality_exp3,exp3_49,exp3_t21,21,emotion_decoding,plareja,novio,happiness,happiness,1,happiness,1407,19,female,keypress
martineztomas2026_discrete_emotionality_exp3,exp3_49,exp3_t22,22,emotion_decoding,argola,pistola,happiness,fear,0,fear,3299.6,19,female,keypress
martineztomas2026_discrete_emotionality_exp3,exp3_49,exp3_t23,23,emotion_decoding,enjauladero,prisión,fear,fear,1,fear,1525.2,19,female,keypress
martineztomas2026_discrete_emotionality_exp3,exp3_50,exp3_t0,0,emotion_decoding,bendigolo,mendigo,happiness,sadness,0,sadness,7015,19,female,keypress
martineztomas2026_discrete_emotionality_exp3,exp3_50,exp3_t1,1,emotion_decoding,descín,ruina,sadness,sadness,1,sadness,6728.1,19,female,keypress
martineztomas2026_discrete_emotionality_exp3,exp3_50,exp3_t2,2,emotion_decoding,chismolo,rumor,disgust,anger,0,anger,13648.8,19,female,keypress
martineztomas2026_discrete_emotionality_exp3,exp3_50,exp3_t3,3,emotion_decoding,dastro,intruso,disgust,fear,0,fear,7795.7,19,female,keypress
martineztomas2026_discrete_emotionality_exp3,exp3_50,exp3_t4,4,emotion_decoding,enjauladero,prisión,fear,fear,1,fear,12881.9,19,female,keypress
martineztomas2026_discrete_emotionality_exp3,exp3_50,exp3_t5,5,emotion_decoding,fumaika,tabaco,disgust,disgust,1,disgust,5462.5,19,female,keypress
martineztomas2026_discrete_emotionality_exp3,exp3_50,exp3_t6,6,emotion_decoding,puntiaguja,espada,fear,fear,1,fear,3963.5,19,female,keypress
martineztomas2026_discrete_emotionality_exp3,exp3_50,exp3_t7,7,emotion_decoding,valacer,cadáver,sadness,sadness,1,sadness,5912.7,19,female,keypress
martineztomas2026_discrete_emotionality_exp3,exp3_50,exp3_t8,8,emotion_decoding,furieta,rabia,anger,anger,1,anger,3515.1,19,female,keypress
martineztomas2026_discrete_emotionality_exp3,exp3_50,exp3_t9,9,emotion_decoding,fiminos,piojos,happiness,disgust,0,disgust,8845.4,19,female,keypress
martineztomas2026_discrete_emotionality_exp3,exp3_50,exp3_t10,10,emotion_decoding,residuera,basura,disgust,disgust,1,disgust,5260.7,19,female,keypress
martineztomas2026_discrete_emotionality_exp3,exp3_50,exp3_t11,11,emotion_decoding,desabete,censura,anger,disgust,0,disgust,6546.4,19,female,keypress
martineztomas2026_discrete_emotionality_exp3,exp3_50,exp3_t12,12,emotion_decoding,clespiente,veneno,fear,fear,1,fear,4765,19,female,keypress
martineztomas2026_discrete_emotionality_exp3,exp3_50,exp3_t13,13,emotion_decoding,fierdo,hedor,fear,disgust,0,disgust,9495.3,19,female,keypress
martineztomas2026_discrete_emotionality_exp3,exp3_50,exp3_t14,14,emotion_decoding,landado,enfadado,disgust,anger,0,anger,8528.1,19,female,keypress
martineztomas2026_discrete_emotionality_exp3,exp3_50,exp3_t15,15,emotion_decoding,plareja,novio,fear,happiness,0,happiness,18499,19,female,keypress
martineztomas2026_discrete_emotionality_exp3,exp3_50,exp3_t16,16,emotion_decoding,bailetín,carnaval,happiness,happiness,1,happiness,12243.6,19,female,keypress
martineztomas2026_discrete_emotionality_exp3,exp3_50,exp3_t17,17,emotion_decoding,frórico,eufórico,fear,happiness,0,happiness,11665.3,19,female,keypress
martineztomas2026_discrete_emotionality_exp3,exp3_50,exp3_t18,18,emotion_decoding,distantación,lejanía,sadness,sadness,1,sadness,12261.1,19,female,keypress
martineztomas2026_discrete_emotionality_exp3,exp3_50,exp3_t19,19,emotion_decoding,palabrostio,insulto,anger,anger,1,anger,2228.8,19,female,keypress
martineztomas2026_discrete_emotionality_exp3,exp3_50,exp3_t20,20,emotion_decoding,queranza,añoranza,happiness,sadness,0,sadness,7612.3,19,female,keypress
martineztomas2026_discrete_emotionality_exp3,exp3_50,exp3_t21,21,emotion_decoding,dinería,lotería,happiness,happiness,1,happiness,12579,19,female,keypress
martineztomas2026_discrete_emotionality_exp3,exp3_51,exp3_t0,0,emotion_decoding,eniecido,enemigo,anger,anger,1,anger,3705.6,20,female,keypress
martineztomas2026_discrete_emotionality_exp3,exp3_51,exp3_t1,1,emotion_decoding,fierdo,hedor,fear,disgust,0,disgust,1635.1,20,female,keypress
martineztomas2026_discrete_emotionality_exp3,exp3_51,exp3_t2,2,emotion_decoding,dastro,intruso,disgust,fear,0,fear,2052.6,20,female,keypress
martineztomas2026_discrete_emotionality_exp3,exp3_51,exp3_t3,3,emotion_decoding,chismolo,rumor,happiness,anger,0,anger,6262.3,20,female,keypress
martineztomas2026_discrete_emotionality_exp3,exp3_51,exp3_t4,4,emotion_decoding,residuera,basura,happiness,disgust,0,disgust,2839.1,20,female,keypress
martineztomas2026_discrete_emotionality_exp3,exp3_51,exp3_t5,5,emotion_decoding,desabete,censura,anger,disgust,0,disgust,5059.9,20,female,keypress
martineztomas2026_discrete_emotionality_exp3,exp3_51,exp3_t6,6,emotion_decoding,furieta,rabia,anger,anger,1,anger,1534.1,20,female,keypress
martineztomas2026_discrete_emotionality_exp3,exp3_51,exp3_t7,7,emotion_decoding,bailetín,carnaval,happiness,happiness,1,happiness,1950.8,20,female,keypress
martineztomas2026_discrete_emotionality_exp3,exp3_51,exp3_t8,8,emotion_decoding,flastación,visión,sadness,happiness,0,happiness,1567.1,20,female,keypress
martineztomas2026_discrete_emotionality_exp3,exp3_51,exp3_t9,9,emotion_decoding,clespiente,veneno,disgust,fear,0,fear,7348.4,20,female,keypress
martineztomas2026_discrete_emotionality_exp3,exp3_51,exp3_t10,10,emotion_decoding,enjauladero,prisión,sadness,fear,0,fear,3037.9,20,female,keypress
martineztomas2026_discrete_emotionality_exp3,exp3_51,exp3_t11,11,emotion_decoding,plareja,novio,happiness,happiness,1,happiness,2052.5,20,female,keypress
martineztomas2026_discrete_emotionality_exp3,exp3_51,exp3_t12,12,emotion_decoding,puntiaguja,espada,fear,fear,1,fear,1852.5,20,female,keypress
martineztomas2026_discrete_emotionality_exp3,exp3_51,exp3_t13,13,emotion_decoding,distantación,lejanía,sadness,sadness,1,sadness,1785.2,20,female,keypress
martineztomas2026_discrete_emotionality_exp3,exp3_51,exp3_t14,14,emotion_decoding,queranza,añoranza,happiness,sadness,0,sadness,1467.5,20,female,keypress
martineztomas2026_discrete_emotionality_exp3,exp3_51,exp3_t15,15,emotion_decoding,descín,ruina,sadness,sadness,1,sadness,4909.6,20,female,keypress
martineztomas2026_discrete_emotionality_exp3,exp3_51,exp3_t16,16,emotion_decoding,dinería,lotería,fear,happiness,0,happiness,9152.5,20,female,keypress
martineztomas2026_discrete_emotionality_exp3,exp3_51,exp3_t17,17,emotion_decoding,landado,enfadado,sadness,anger,0,anger,2270.1,20,female,keypress
martineztomas2026_discrete_emotionality_exp3,exp3_51,exp3_t18,18,emotion_decoding,bendigolo,mendigo,sadness,sadness,1,sadness,2603.7,20,female,keypress
martineztomas2026_discrete_emotionality_exp3,exp3_51,exp3_t19,19,emotion_decoding,fumaika,tabaco,happiness,disgust,0,disgust,3304.9,20,female,keypress
martineztomas2026_discrete_emotionality_exp3,exp3_51,exp3_t20,20,emotion_decoding,argola,pistola,disgust,fear,0,fear,4825.4,20,female,keypress
martineztomas2026_discrete_emotionality_exp3,exp3_51,exp3_t21,21,emotion_decoding,fiminos,piojos,disgust,disgust,1,disgust,5243.1,20,female,keypress
martineztomas2026_discrete_emotionality_exp3,exp3_51,exp3_t22,22,emotion_decoding,palabrostio,insulto,anger,anger,1,anger,3188.8,20,female,keypress
martineztomas2026_discrete_emotionality_exp3,exp3_52,exp3_t0,0,emotion_decoding,palabrostio,insulto,anger,anger,1,anger,3264,19,female,keypress
martineztomas2026_discrete_emotionality_exp3,exp3_52,exp3_t1,1,emotion_decoding,bailetín,carnaval,happiness,happiness,1,happiness,2201.1,19,female,keypress
martineztomas2026_discrete_emotionality_exp3,exp3_52,exp3_t2,2,emotion_decoding,puntiaguja,espada,fear,fear,1,fear,16167,19,female,keypress
martineztomas2026_discrete_emotionality_exp3,exp3_52,exp3_t3,3,emotion_decoding,landado,enfadado,sadness,anger,0,anger,14362,19,female,keypress
martineztomas2026_discrete_emotionality_exp3,exp3_52,exp3_t4,4,emotion_decoding,desabete,censura,anger,disgust,0,disgust,4879.9,19,female,keypress
martineztomas2026_discrete_emotionality_exp3,exp3_52,exp3_t5,5,emotion_decoding,residuera,basura,sadness,disgust,0,disgust,9398.1,19,female,keypress
martineztomas2026_discrete_emotionality_exp3,exp3_52,exp3_t6,6,emotion_decoding,furieta,rabia,anger,anger,1,anger,2013.6,19,female,keypress
martineztomas2026_discrete_emotionality_exp3,exp3_52,exp3_t7,7,emotion_decoding,queranza,añoranza,happiness,sadness,0,sadness,5629.4,19,female,keypress
martineztomas2026_discrete_emotionality_exp3,exp3_52,exp3_t8,8,emotion_decoding,enjauladero,prisión,fear,fear,1,fear,3145.6,19,female,keypress
martineztomas2026_discrete_emotionality_exp3,exp3_52,exp3_t9,9,emotion_decoding,fierdo,hedor,anger,disgust,0,disgust,9980.8,19,female,keypress
martineztomas2026_discrete_emotionality_exp3,exp3_52,exp3_t10,10,emotion_decoding,descín,ruina,happiness,sadness,0,sadness,6496.7,19,female,keypress
martineztomas2026_discrete_emotionality_exp3,exp3_52,exp3_t11,11,emotion_decoding,eniecido,enemigo,sadness,anger,0,anger,2780.5,19,female,keypress
martineztomas2026_discrete_emotionality_exp3,exp3_52,exp3_t12,12,emotion_decoding,clespiente,veneno,fear,fear,1,fear,4996.7,19,female,keypress
martineztomas2026_discrete_emotionality_exp3,exp3_52,exp3_t13,13,emotion_decoding,fumaika,tabaco,disgust,disgust,1,disgust,6962.9,19,female,keypress
martineztomas2026_discrete_emotionality_exp3,exp3_52,exp3_t14,14,emotion_decoding,dastro,intruso,sadness,fear,0,fear,10647,19,female,keypress
martineztomas2026_discrete_emotionality_exp3,exp3_52,exp3_t15,15,emotion_decoding,fiminos,piojos,anger,disgust,0,disgust,11231,19,female,keypress
martineztomas2026_discrete_emotionality_exp3,exp3_52,exp3_t16,16,emotion_decoding,distantación,lejanía,sadness,sadness,1,sadness,6446.6,19,female,keypress
martineztomas2026_discrete_emotionality_exp3,exp3_52,exp3_t17,17,emotion_decoding,plareja,novio,happiness,happiness,1,happiness,7562.3,19,female,keypress
martineztomas2026_discrete_emotionality_exp3,exp3_52,exp3_t18,18,emotion_decoding,argola,pistola,anger,fear,0,fear,19363.3,19,female,keypress
martineztomas2026_discrete_emotionality_exp3,exp3_52,exp3_t19,19,emotion_decoding,valacer,cadáver,sadness,sadness,1,sadness,10973,19,female,keypress
martineztomas2026_discrete_emotionality_exp3,exp3_52,exp3_t20,20,emotion_decoding,chismolo,rumor,happiness,anger,0,anger,12677.8,19,female,keypress
martineztomas2026_discrete_emotionality_exp3,exp3_52,exp3_t21,21,emotion_decoding,dinería,lotería,happiness,happiness,1,happiness,4735.3,19,female,keypress
martineztomas2026_discrete_emotionality_exp3,exp3_52,exp3_t22,22,emotion_decoding,flastación,visión,disgust,happiness,0,happiness,8729.1,19,female,keypress
martineztomas2026_discrete_emotionality_exp3,exp3_52,exp3_t23,23,emotion_decoding,frórico,eufórico,fear,happiness,0,happiness,19395.4,19,female,keypress
martineztomas2026_discrete_emotionality_exp3,exp3_52,exp3_t24,24,emotion_decoding,bendigolo,mendigo,happiness,sadness,0,sadness,5962.1,19,female,keypress
martineztomas2026_discrete_emotionality_exp3,exp3_53,exp3_t0,0,emotion_decoding,landado,enfadado,anger,anger,1,anger,4931,18,female,keypress
martineztomas2026_discrete_emotionality_exp3,exp3_53,exp3_t1,1,emotion_decoding,bendigolo,mendigo,happiness,sadness,0,sadness,3009.2,18,female,keypress
martineztomas2026_discrete_emotionality_exp3,exp3_53,exp3_t2,2,emotion_decoding,fumaika,tabaco,disgust,disgust,1,disgust,6219.1,18,female,keypress
martineztomas2026_discrete_emotionality_exp3,exp3_53,exp3_t3,3,emotion_decoding,chismolo,rumor,happiness,anger,0,anger,9680.7,18,female,keypress
martineztomas2026_discrete_emotionality_exp3,exp3_53,exp3_t4,4,emotion_decoding,valacer,cadáver,fear,sadness,0,sadness,6014.1,18,female,keypress
martineztomas2026_discrete_emotionality_exp3,exp3_53,exp3_t5,5,emotion_decoding,fierdo,hedor,anger,disgust,0,disgust,1182.1,18,female,keypress
martineztomas2026_discrete_emotionality_exp3,exp3_53,exp3_t6,6,emotion_decoding,queranza,añoranza,happiness,sadness,0,sadness,1366,18,female,keypress
martineztomas2026_discrete_emotionality_exp3,exp3_53,exp3_t7,7,emotion_decoding,plareja,novio,happiness,happiness,1,happiness,1143.1,18,female,keypress
martineztomas2026_discrete_emotionality_exp3,exp3_53,exp3_t8,8,emotion_decoding,residuera,basura,disgust,disgust,1,disgust,2917.2,18,female,keypress
martineztomas2026_discrete_emotionality_exp3,exp3_53,exp3_t9,9,emotion_decoding,dinería,lotería,anger,happiness,0,happiness,2532,18,female,keypress
martineztomas2026_discrete_emotionality_exp3,exp3_53,exp3_t10,10,emotion_decoding,fiminos,piojos,happiness,disgust,0,disgust,2432.4,18,female,keypress
martineztomas2026_discrete_emotionality_exp3,exp3_53,exp3_t11,11,emotion_decoding,desabete,censura,anger,disgust,0,disgust,5380,18,female,keypress
martineztomas2026_discrete_emotionality_exp3,exp3_53,exp3_t12,12,emotion_decoding,enjauladero,prisión,fear,fear,1,fear,1659.8,18,female,keypress
martineztomas2026_discrete_emotionality_exp3,exp3_53,exp3_t13,13,emotion_decoding,puntiaguja,espada,fear,fear,1,fear,1316,18,female,keypress
martineztomas2026_discrete_emotionality_exp3,exp3_53,exp3_t14,14,emotion_decoding,furieta,rabia,anger,anger,1,anger,1587.2,18,female,keypress
martineztomas2026_discrete_emotionality_exp3,exp3_53,exp3_t15,15,emotion_decoding,frórico,eufórico,fear,happiness,0,happiness,2647.5,18,female,keypress
martineztomas2026_discrete_emotionality_exp3,exp3_53,exp3_t16,16,emotion_decoding,argola,pistola,fear,fear,1,fear,5052.5,18,female,keypress
martineztomas2026_discrete_emotionality_exp3,exp3_53,exp3_t17,17,emotion_decoding,distantación,lejanía,sadness,sadness,1,sadness,5230.8,18,female,keypress
martineztomas2026_discrete_emotionality_exp3,exp3_53,exp3_t18,18,emotion_decoding,bailetín,carnaval,happiness,happiness,1,happiness,1866.2,18,female,keypress
martineztomas2026_discrete_emotionality_exp3,exp3_53,exp3_t19,19,emotion_decoding,dastro,intruso,sadness,fear,0,fear,5969,18,female,keypress
martineztomas2026_discrete_emotionality_exp3,exp3_53,exp3_t20,20,emotion_decoding,palabrostio,insulto,anger,anger,1,anger,1670.1,18,female,keypress
martineztomas2026_discrete_emotionality_exp3,exp3_53,exp3_t21,21,emotion_decoding,flastación,visión,fear,happiness,0,happiness,3636.9,18,female,keypress
martineztomas2026_discrete_emotionality_exp3,exp3_53,exp3_t22,22,emotion_decoding,descín,ruina,sadness,sadness,1,sadness,4369.2,18,female,keypress
martineztomas2026_discrete_emotionality_exp3,exp3_53,exp3_t23,23,emotion_decoding,clespiente,veneno,anger,fear,0,fear,7798.8,18,female,keypress
martineztomas2026_discrete_emotionality_exp3,exp3_53,exp3_t24,24,emotion_decoding,eniecido,enemigo,fear,anger,0,anger,7649.5,18,female,keypress
martineztomas2026_discrete_emotionality_exp3,exp3_54,exp3_t0,0,emotion_decoding,bendigolo,mendigo,fear,sadness,0,sadness,9927,19,female,keypress
martineztomas2026_discrete_emotionality_exp3,exp3_54,exp3_t1,1,emotion_decoding,plareja,novio,disgust,happiness,0,happiness,7892,19,female,keypress
martineztomas2026_discrete_emotionality_exp3,exp3_54,exp3_t2,2,emotion_decoding,clespiente,veneno,fear,fear,1,fear,3926,19,female,keypress
martineztomas2026_discrete_emotionality_exp3,exp3_54,exp3_t3,3,emotion_decoding,residuera,basura,sadness,disgust,0,disgust,14727,19,female,keypress
martineztomas2026_discrete_emotionality_exp3,exp3_54,exp3_t4,4,emotion_decoding,flastación,visión,anger,happiness,0,happiness,3261,19,female,keypress
martineztomas2026_discrete_emotionality_exp3,exp3_54,exp3_t5,5,emotion_decoding,argola,pistola,fear,fear,1,fear,4043,19,female,keypress
martineztomas2026_discrete_emotionality_exp3,exp3_54,exp3_t6,6,emotion_decoding,eniecido,enemigo,sadness,anger,0,anger,10219,19,female,keypress
martineztomas2026_discrete_emotionality_exp3,exp3_54,exp3_t7,7,emotion_decoding,distantación,lejanía,anger,sadness,0,sadness,7424,19,female,keypress
martineztomas2026_discrete_emotionality_exp3,exp3_54,exp3_t8,8,emotion_decoding,dastro,intruso,disgust,fear,0,fear,6276,19,female,keypress
martineztomas2026_discrete_emotionality_exp3,exp3_54,exp3_t9,9,emotion_decoding,frórico,eufórico,anger,happiness,0,happiness,3959,19,female,keypress
martineztomas2026_discrete_emotionality_exp3,exp3_54,exp3_t10,10,emotion_decoding,queranza,añoranza,sadness,sadness,1,sadness,7393,19,female,keypress
martineztomas2026_discrete_emotionality_exp3,exp3_54,exp3_t11,11,emotion_decoding,fierdo,hedor,disgust,disgust,1,disgust,1859,19,female,keypress
martineztomas2026_discrete_emotionality_exp3,exp3_54,exp3_t12,12,emotion_decoding,furieta,rabia,anger,anger,1,anger,3328,19,female,keypress
martineztomas2026_discrete_emotionality_exp3,exp3_54,exp3_t13,13,emotion_decoding,descín,ruina,happiness,sadness,0,sadness,4293,19,female,keypress
martineztomas2026_discrete_emotionality_exp3,exp3_54,exp3_t14,14,emotion_decoding,fumaika,tabaco,happiness,disgust,0,disgust,7659,19,female,keypress
martineztomas2026_discrete_emotionality_exp3,exp3_54,exp3_t15,15,emotion_decoding,chismolo,rumor,disgust,anger,0,anger,9328,19,female,keypress
martineztomas2026_discrete_emotionality_exp3,exp3_54,exp3_t16,16,emotion_decoding,fiminos,piojos,disgust,disgust,1,disgust,8841,19,female,keypress
martineztomas2026_discrete_emotionality_exp3,exp3_54,exp3_t17,17,emotion_decoding,puntiaguja,espada,fear,fear,1,fear,3209,19,female,keypress
martineztomas2026_discrete_emotionality_exp3,exp3_54,exp3_t18,18,emotion_decoding,enjauladero,prisión,fear,fear,1,fear,5178,19,female,keypress
martineztomas2026_discrete_emotionality_exp3,exp3_54,exp3_t19,19,emotion_decoding,desabete,censura,happiness,disgust,0,disgust,7043,19,female,keypress
martineztomas2026_discrete_emotionality_exp3,exp3_54,exp3_t20,20,emotion_decoding,palabrostio,insulto,anger,anger,1,anger,4360,19,female,keypress
martineztomas2026_discrete_emotionality_exp3,exp3_54,exp3_t21,21,emotion_decoding,dinería,lotería,happiness,happiness,1,happiness,3759,19,female,keypress
martineztomas2026_discrete_emotionality_exp3,exp3_54,exp3_t22,22,emotion_decoding,valacer,cadáver,sadness,sadness,1,sadness,9995,19,female,keypress
martineztomas2026_discrete_emotionality_exp3,exp3_54,exp3_t23,23,emotion_decoding,landado,enfadado,anger,anger,1,anger,3009,19,female,keypress
martineztomas2026_discrete_emotionality_exp3,exp3_54,exp3_t24,24,emotion_decoding,bailetín,carnaval,happiness,happiness,1,happiness,2677,19,female,keypress
martineztomas2026_discrete_emotionality_exp3,exp3_55,exp3_t0,0,emotion_decoding,dinería,lotería,happiness,happiness,1,happiness,1138.1,19,female,keypress
martineztomas2026_discrete_emotionality_exp3,exp3_55,exp3_t1,1,emotion_decoding,argola,pistola,fear,fear,1,fear,2949.8,19,female,keypress
martineztomas2026_discrete_emotionality_exp3,exp3_55,exp3_t2,2,emotion_decoding,eniecido,enemigo,happiness,anger,0,anger,4931.2,19,female,keypress
martineztomas2026_discrete_emotionality_exp3,exp3_55,exp3_t3,3,emotion_decoding,clespiente,veneno,fear,fear,1,fear,2064.1,19,female,keypress
martineztomas2026_discrete_emotionality_exp3,exp3_55,exp3_t4,4,emotion_decoding,furieta,rabia,anger,anger,1,anger,3420.6,19,female,keypress
martineztomas2026_discrete_emotionality_exp3,exp3_55,exp3_t5,5,emotion_decoding,flastación,visión,fear,happiness,0,happiness,6611.8,19,female,keypress
martineztomas2026_discrete_emotionality_exp3,exp3_55,exp3_t6,6,emotion_decoding,frórico,eufórico,sadness,happiness,0,happiness,4919.3,19,female,keypress
martineztomas2026_discrete_emotionality_exp3,exp3_55,exp3_t7,7,emotion_decoding,enjauladero,prisión,fear,fear,1,fear,2452.5,19,female,keypress
martineztomas2026_discrete_emotionality_exp3,exp3_55,exp3_t8,8,emotion_decoding,dastro,intruso,anger,fear,0,fear,4228.4,19,female,keypress
martineztomas2026_discrete_emotionality_exp3,exp3_55,exp3_t9,9,emotion_decoding,fiminos,piojos,fear,disgust,0,disgust,4038.6,19,female,keypress
martineztomas2026_discrete_emotionality_exp3,exp3_55,exp3_t10,10,emotion_decoding,puntiaguja,espada,anger,fear,0,fear,2095.6,19,female,keypress
martineztomas2026_discrete_emotionality_exp3,exp3_55,exp3_t11,11,emotion_decoding,palabrostio,insulto,anger,anger,1,anger,7179.1,19,female,keypress
martineztomas2026_discrete_emotionality_exp3,exp3_55,exp3_t12,12,emotion_decoding,distantación,lejanía,sadness,sadness,1,sadness,3285.5,19,female,keypress
martineztomas2026_discrete_emotionality_exp3,exp3_55,exp3_t13,13,emotion_decoding,desabete,censura,anger,disgust,0,disgust,2218.7,19,female,keypress
martineztomas2026_discrete_emotionality_exp3,exp3_55,exp3_t14,14,emotion_decoding,queranza,añoranza,happiness,sadness,0,sadness,1937.4,19,female,keypress
martineztomas2026_discrete_emotionality_exp3,exp3_55,exp3_t15,15,emotion_decoding,chismolo,rumor,disgust,anger,0,anger,4863.3,19,female,keypress
martineztomas2026_discrete_emotionality_exp3,exp3_55,exp3_t16,16,emotion_decoding,bendigolo,mendigo,happiness,sadness,0,sadness,5494.7,19,female,keypress
martineztomas2026_discrete_emotionality_exp3,exp3_55,exp3_t17,17,emotion_decoding,residuera,basura,disgust,disgust,1,disgust,8578.7,19,female,keypress
martineztomas2026_discrete_emotionality_exp3,exp3_55,exp3_t18,18,emotion_decoding,landado,enfadado,disgust,anger,0,anger,7083.9,19,female,keypress
martineztomas2026_discrete_emotionality_exp3,exp3_55,exp3_t19,19,emotion_decoding,fierdo,hedor,fear,disgust,0,disgust,2463.2,19,female,keypress
martineztomas2026_discrete_emotionality_exp3,exp3_55,exp3_t20,20,emotion_decoding,descín,ruina,happiness,sadness,0,sadness,6553.9,19,female,keypress
martineztomas2026_discrete_emotionality_exp3,exp3_55,exp3_t21,21,emotion_decoding,plareja,novio,happiness,happiness,1,happiness,1980.2,19,female,keypress
martineztomas2026_discrete_emotionality_exp3,exp3_55,exp3_t22,22,emotion_decoding,valacer,cadáver,sadness,sadness,1,sadness,6779.1,19,female,keypress
martineztomas2026_discrete_emotionality_exp3,exp3_55,exp3_t23,23,emotion_decoding,bailetín,carnaval,happiness,happiness,1,happiness,1248.6,19,female,keypress
martineztomas2026_discrete_emotionality_exp3,exp3_55,exp3_t24,24,emotion_decoding,fumaika,tabaco,fear,disgust,0,disgust,3444.7,19,female,keypress
martineztomas2026_discrete_emotionality_exp3,exp3_56,exp3_t0,0,emotion_decoding,enjauladero,prisión,fear,fear,1,fear,2015.8,30,male,keypress
martineztomas2026_discrete_emotionality_exp3,exp3_56,exp3_t1,1,emotion_decoding,residuera,basura,disgust,disgust,1,disgust,1699.1,30,male,keypress
martineztomas2026_discrete_emotionality_exp3,exp3_56,exp3_t2,2,emotion_decoding,queranza,añoranza,happiness,sadness,0,sadness,1498.8,30,male,keypress
martineztomas2026_discrete_emotionality_exp3,exp3_56,exp3_t3,3,emotion_decoding,fiminos,piojos,happiness,disgust,0,disgust,3833.5,30,male,keypress
martineztomas2026_discrete_emotionality_exp3,exp3_56,exp3_t4,4,emotion_decoding,bailetín,carnaval,happiness,happiness,1,happiness,1999.4,30,male,keypress
martineztomas2026_discrete_emotionality_exp3,exp3_56,exp3_t5,5,emotion_decoding,distantación,lejanía,sadness,sadness,1,sadness,3349.9,30,male,keypress
martineztomas2026_discrete_emotionality_exp3,exp3_56,exp3_t6,6,emotion_decoding,flastación,visión,happiness,happiness,1,happiness,15185.4,30,male,keypress
martineztomas2026_discrete_emotionality_exp3,exp3_56,exp3_t7,7,emotion_decoding,valacer,cadáver,fear,sadness,0,sadness,13982.9,30,male,keypress
martineztomas2026_discrete_emotionality_exp3,exp3_56,exp3_t8,8,emotion_decoding,chismolo,rumor,disgust,anger,0,anger,10518.7,30,male,keypress
martineztomas2026_discrete_emotionality_exp3,exp3_56,exp3_t9,9,emotion_decoding,descín,ruina,happiness,sadness,0,sadness,5616.9,30,male,keypress
martineztomas2026_discrete_emotionality_exp3,exp3_56,exp3_t10,10,emotion_decoding,desabete,censura,anger,disgust,0,disgust,3900.5,30,male,keypress
martineztomas2026_discrete_emotionality_exp3,exp3_56,exp3_t11,11,emotion_decoding,fumaika,tabaco,disgust,disgust,1,disgust,8367.8,30,male,keypress
martineztomas2026_discrete_emotionality_exp3,exp3_56,exp3_t12,12,emotion_decoding,fierdo,hedor,happiness,disgust,0,disgust,2032.7,30,male,keypress
martineztomas2026_discrete_emotionality_exp3,exp3_56,exp3_t13,13,emotion_decoding,landado,enfadado,anger,anger,1,anger,3132.6,30,male,keypress
martineztomas2026_discrete_emotionality_exp3,exp3_56,exp3_t14,14,emotion_decoding,puntiaguja,espada,fear,fear,1,fear,5067.2,30,male,keypress
martineztomas2026_discrete_emotionality_exp3,exp3_56,exp3_t15,15,emotion_decoding,argola,pistola,anger,fear,0,fear,1866.1,30,male,keypress
martineztomas2026_discrete_emotionality_exp3,exp3_56,exp3_t16,16,emotion_decoding,dastro,intruso,anger,fear,0,fear,10949.2,30,male,keypress
martineztomas2026_discrete_emotionality_exp3,exp3_56,exp3_t17,17,emotion_decoding,clespiente,veneno,anger,fear,0,fear,9785.2,30,male,keypress
martineztomas2026_discrete_emotionality_exp3,exp3_56,exp3_t18,18,emotion_decoding,palabrostio,insulto,anger,anger,1,anger,2532.6,30,male,keypress
martineztomas2026_discrete_emotionality_exp3,exp3_56,exp3_t19,19,emotion_decoding,frórico,eufórico,happiness,happiness,1,happiness,3065.8,30,male,keypress
martineztomas2026_discrete_emotionality_exp3,exp3_56,exp3_t20,20,emotion_decoding,plareja,novio,happiness,happiness,1,happiness,1565.4,30,male,keypress
martineztomas2026_discrete_emotionality_exp3,exp3_56,exp3_t21,21,emotion_decoding,furieta,rabia,anger,anger,1,anger,1232.4,30,male,keypress
martineztomas2026_discrete_emotionality_exp3,exp3_56,exp3_t22,22,emotion_decoding,bendigolo,mendigo,sadness,sadness,1,sadness,5645.4,30,male,keypress
martineztomas2026_discrete_emotionality_exp3,exp3_56,exp3_t23,23,emotion_decoding,dinería,lotería,happiness,happiness,1,happiness,16203.8,30,male,keypress
martineztomas2026_discrete_emotionality_exp3,exp3_57,exp3_t0,0,emotion_decoding,argola,pistola,fear,fear,1,fear,10161.8,18,female,keypress
martineztomas2026_discrete_emotionality_exp3,exp3_57,exp3_t1,1,emotion_decoding,fiminos,piojos,happiness,disgust,0,disgust,16170.8,18,female,keypress
martineztomas2026_discrete_emotionality_exp3,exp3_57,exp3_t2,2,emotion_decoding,valacer,cadáver,disgust,sadness,0,sadness,5627.6,18,female,keypress
martineztomas2026_discrete_emotionality_exp3,exp3_57,exp3_t3,3,emotion_decoding,puntiaguja,espada,sadness,fear,0,fear,6796.5,18,female,keypress
martineztomas2026_discrete_emotionality_exp3,exp3_57,exp3_t4,4,emotion_decoding,plareja,novio,fear,happiness,0,happiness,11213,18,female,keypress
martineztomas2026_discrete_emotionality_exp3,exp3_57,exp3_t5,5,emotion_decoding,furieta,rabia,anger,anger,1,anger,6428.8,18,female,keypress
martineztomas2026_discrete_emotionality_exp3,exp3_57,exp3_t6,6,emotion_decoding,queranza,añoranza,happiness,sadness,0,sadness,5162,18,female,keypress
martineztomas2026_discrete_emotionality_exp3,exp3_57,exp3_t7,7,emotion_decoding,dinería,lotería,happiness,happiness,1,happiness,3028.9,18,female,keypress
martineztomas2026_discrete_emotionality_exp3,exp3_57,exp3_t8,8,emotion_decoding,landado,enfadado,anger,anger,1,anger,7679,18,female,keypress
martineztomas2026_discrete_emotionality_exp3,exp3_57,exp3_t9,9,emotion_decoding,clespiente,veneno,fear,fear,1,fear,6496.1,18,female,keypress
martineztomas2026_discrete_emotionality_exp3,exp3_57,exp3_t10,10,emotion_decoding,fierdo,hedor,fear,disgust,0,disgust,5346.2,18,female,keypress
martineztomas2026_discrete_emotionality_exp3,exp3_57,exp3_t11,11,emotion_decoding,palabrostio,insulto,anger,anger,1,anger,11893.2,18,female,keypress
martineztomas2026_discrete_emotionality_exp3,exp3_57,exp3_t12,12,emotion_decoding,chismolo,rumor,happiness,anger,0,anger,3496.1,18,female,keypress
martineztomas2026_discrete_emotionality_exp3,exp3_57,exp3_t13,13,emotion_decoding,distantación,lejanía,sadness,sadness,1,sadness,8680,18,female,keypress
martineztomas2026_discrete_emotionality_exp3,exp3_57,exp3_t14,14,emotion_decoding,residuera,basura,disgust,disgust,1,disgust,5428.5,18,female,keypress
martineztomas2026_discrete_emotionality_exp3,exp3_57,exp3_t15,15,emotion_decoding,fumaika,tabaco,disgust,disgust,1,disgust,6595.6,18,female,keypress
martineztomas2026_discrete_emotionality_exp3,exp3_57,exp3_t16,16,emotion_decoding,bendigolo,mendigo,sadness,sadness,1,sadness,8763,18,female,keypress
martineztomas2026_discrete_emotionality_exp3,exp3_57,exp3_t17,17,emotion_decoding,descín,ruina,happiness,sadness,0,sadness,6313,18,female,keypress
martineztomas2026_discrete_emotionality_exp3,exp3_57,exp3_t18,18,emotion_decoding,bailetín,carnaval,happiness,happiness,1,happiness,1930.6,18,female,keypress
martineztomas2026_discrete_emotionality_exp3,exp3_57,exp3_t19,19,emotion_decoding,flastación,visión,happiness,happiness,1,happiness,4746.4,18,female,keypress
martineztomas2026_discrete_emotionality_exp3,exp3_57,exp3_t20,20,emotion_decoding,dastro,intruso,disgust,fear,0,fear,3062.2,18,female,keypress
martineztomas2026_discrete_emotionality_exp3,exp3_57,exp3_t21,21,emotion_decoding,desabete,censura,anger,disgust,0,disgust,8330.9,18,female,keypress
martineztomas2026_discrete_emotionality_exp3,exp3_57,exp3_t22,22,emotion_decoding,eniecido,enemigo,anger,anger,1,anger,9080.3,18,female,keypress
martineztomas2026_discrete_emotionality_exp3,exp3_58,exp3_t0,0,emotion_decoding,furieta,rabia,anger,anger,1,anger,1446.3,18,female,keypress
martineztomas2026_discrete_emotionality_exp3,exp3_58,exp3_t1,1,emotion_decoding,argola,pistola,happiness,fear,0,fear,3911.6,18,female,keypress
martineztomas2026_discrete_emotionality_exp3,exp3_58,exp3_t2,2,emotion_decoding,landado,enfadado,disgust,anger,0,anger,2828.5,18,female,keypress
martineztomas2026_discrete_emotionality_exp3,exp3_58,exp3_t3,3,emotion_decoding,descín,ruina,sadness,sadness,1,sadness,1830,18,female,keypress
martineztomas2026_discrete_emotionality_exp3,exp3_58,exp3_t4,4,emotion_decoding,fumaika,tabaco,anger,disgust,0,disgust,2545.2,18,female,keypress
martineztomas2026_discrete_emotionality_exp3,exp3_58,exp3_t5,5,emotion_decoding,dinería,lotería,happiness,happiness,1,happiness,1763.6,18,female,keypress
martineztomas2026_discrete_emotionality_exp3,exp3_58,exp3_t6,6,emotion_decoding,clespiente,veneno,fear,fear,1,fear,2396,18,female,keypress
martineztomas2026_discrete_emotionality_exp3,exp3_58,exp3_t7,7,emotion_decoding,desabete,censura,fear,disgust,0,disgust,2046.4,18,female,keypress
martineztomas2026_discrete_emotionality_exp3,exp3_58,exp3_t8,8,emotion_decoding,valacer,cadáver,happiness,sadness,0,sadness,2779.1,18,female,keypress
martineztomas2026_discrete_emotionality_exp3,exp3_58,exp3_t9,9,emotion_decoding,distantación,lejanía,sadness,sadness,1,sadness,6909.1,18,female,keypress
martineztomas2026_discrete_emotionality_exp3,exp3_58,exp3_t10,10,emotion_decoding,plareja,novio,disgust,happiness,0,happiness,6775.8,18,female,keypress
martineztomas2026_discrete_emotionality_exp3,exp3_58,exp3_t11,11,emotion_decoding,enjauladero,prisión,fear,fear,1,fear,2695.4,18,female,keypress
martineztomas2026_discrete_emotionality_exp3,exp3_58,exp3_t12,12,emotion_decoding,palabrostio,insulto,anger,anger,1,anger,2296.2,18,female,keypress
martineztomas2026_discrete_emotionality_exp3,exp3_58,exp3_t13,13,emotion_decoding,flastación,visión,anger,happiness,0,happiness,5317.7,18,female,keypress
martineztomas2026_discrete_emotionality_exp3,exp3_58,exp3_t14,14,emotion_decoding,eniecido,enemigo,fear,anger,0,anger,6590.3,18,female,keypress
martineztomas2026_discrete_emotionality_exp3,exp3_58,exp3_t15,15,emotion_decoding,fiminos,piojos,disgust,disgust,1,disgust,4411.5,18,female,keypress
martineztomas2026_discrete_emotionality_exp3,exp3_58,exp3_t16,16,emotion_decoding,bailetín,carnaval,happiness,happiness,1,happiness,2344.9,18,female,keypress
martineztomas2026_discrete_emotionality_exp3,exp3_58,exp3_t17,17,emotion_decoding,dastro,intruso,disgust,fear,0,fear,2196.5,18,female,keypress
martineztomas2026_discrete_emotionality_exp3,exp3_58,exp3_t18,18,emotion_decoding,residuera,basura,sadness,disgust,0,disgust,2679.6,18,female,keypress
martineztomas2026_discrete_emotionality_exp3,exp3_58,exp3_t19,19,emotion_decoding,puntiaguja,espada,sadness,fear,0,fear,4127.3,18,female,keypress
martineztomas2026_discrete_emotionality_exp3,exp3_58,exp3_t20,20,emotion_decoding,queranza,añoranza,fear,sadness,0,sadness,2046.4,18,female,keypress
martineztomas2026_discrete_emotionality_exp3,exp3_58,exp3_t21,21,emotion_decoding,frórico,eufórico,anger,happiness,0,happiness,3812.6,18,female,keypress
martineztomas2026_discrete_emotionality_exp3,exp3_58,exp3_t22,22,emotion_decoding,fierdo,hedor,anger,disgust,0,disgust,2163.2,18,female,keypress
martineztomas2026_discrete_emotionality_exp3,exp3_58,exp3_t23,23,emotion_decoding,chismolo,rumor,happiness,anger,0,anger,2596,18,female,keypress
martineztomas2026_discrete_emotionality_exp3,exp3_58,exp3_t24,24,emotion_decoding,bendigolo,mendigo,anger,sadness,0,sadness,2412.7,18,female,keypress
martineztomas2026_discrete_emotionality_exp3,exp3_59,exp3_t0,0,emotion_decoding,bendigolo,mendigo,sadness,sadness,1,sadness,6318.5,19,male,keypress
martineztomas2026_discrete_emotionality_exp3,exp3_59,exp3_t1,1,emotion_decoding,furieta,rabia,anger,anger,1,anger,10743,19,male,keypress
martineztomas2026_discrete_emotionality_exp3,exp3_59,exp3_t2,2,emotion_decoding,dastro,intruso,fear,fear,1,fear,9832.4,19,male,keypress
martineztomas2026_discrete_emotionality_exp3,exp3_59,exp3_t3,3,emotion_decoding,chismolo,rumor,happiness,anger,0,anger,5911.9,19,male,keypress
martineztomas2026_discrete_emotionality_exp3,exp3_59,exp3_t4,4,emotion_decoding,descín,ruina,sadness,sadness,1,sadness,4347.2,19,male,keypress
martineztomas2026_discrete_emotionality_exp3,exp3_59,exp3_t5,5,emotion_decoding,queranza,añoranza,sadness,sadness,1,sadness,6651.4,19,male,keypress
martineztomas2026_discrete_emotionality_exp3,exp3_59,exp3_t6,6,emotion_decoding,landado,enfadado,sadness,anger,0,anger,16816.5,19,male,keypress
martineztomas2026_discrete_emotionality_exp3,exp3_59,exp3_t7,7,emotion_decoding,distantación,lejanía,sadness,sadness,1,sadness,6860.4,19,male,keypress
martineztomas2026_discrete_emotionality_exp3,exp3_59,exp3_t8,8,emotion_decoding,frórico,eufórico,happiness,happiness,1,happiness,3548.4,19,male,keypress
martineztomas2026_discrete_emotionality_exp3,exp3_59,exp3_t9,9,emotion_decoding,desabete,censura,anger,disgust,0,disgust,8629.5,19,male,keypress
martineztomas2026_discrete_emotionality_exp3,exp3_59,exp3_t10,10,emotion_decoding,eniecido,enemigo,anger,anger,1,anger,7880,19,male,keypress
martineztomas2026_discrete_emotionality_exp3,exp3_59,exp3_t11,11,emotion_decoding,flastación,visión,disgust,happiness,0,happiness,3581.3,19,male,keypress
martineztomas2026_discrete_emotionality_exp3,exp3_59,exp3_t12,12,emotion_decoding,clespiente,veneno,happiness,fear,0,fear,8732,19,male,keypress
martineztomas2026_discrete_emotionality_exp3,exp3_59,exp3_t13,13,emotion_decoding,plareja,novio,fear,happiness,0,happiness,4667.8,19,male,keypress
martineztomas2026_discrete_emotionality_exp3,exp3_59,exp3_t14,14,emotion_decoding,bailetín,carnaval,happiness,happiness,1,happiness,12348.4,19,male,keypress
martineztomas2026_discrete_emotionality_exp3,exp3_59,exp3_t15,15,emotion_decoding,valacer,cadáver,happiness,sadness,0,sadness,2832.8,19,male,keypress
martineztomas2026_discrete_emotionality_exp3,exp3_59,exp3_t16,16,emotion_decoding,enjauladero,prisión,fear,fear,1,fear,5512.1,19,male,keypress
martineztomas2026_discrete_emotionality_exp3,exp3_59,exp3_t17,17,emotion_decoding,dinería,lotería,happiness,happiness,1,happiness,6113,19,male,keypress
martineztomas2026_discrete_emotionality_exp3,exp3_59,exp3_t18,18,emotion_decoding,fiminos,piojos,disgust,disgust,1,disgust,7312.3,19,male,keypress
martineztomas2026_discrete_emotionality_exp3,exp3_59,exp3_t19,19,emotion_decoding,argola,pistola,sadness,fear,0,fear,11014.8,19,male,keypress
martineztomas2026_discrete_emotionality_exp3,exp3_59,exp3_t20,20,emotion_decoding,palabrostio,insulto,anger,anger,1,anger,4447.4,19,male,keypress
martineztomas2026_discrete_emotionality_exp3,exp3_59,exp3_t21,21,emotion_decoding,puntiaguja,espada,fear,fear,1,fear,6584.1,19,male,keypress
martineztomas2026_discrete_emotionality_exp3,exp3_60,exp3_t0,0,emotion_decoding,desabete,censura,sadness,disgust,0,disgust,9078.8,18,female,keypress
martineztomas2026_discrete_emotionality_exp3,exp3_60,exp3_t1,1,emotion_decoding,fumaika,tabaco,anger,disgust,0,disgust,4561.2,18,female,keypress
martineztomas2026_discrete_emotionality_exp3,exp3_60,exp3_t2,2,emotion_decoding,dastro,intruso,fear,fear,1,fear,4746.3,18,female,keypress
martineztomas2026_discrete_emotionality_exp3,exp3_60,exp3_t3,3,emotion_decoding,plareja,novio,happiness,happiness,1,happiness,4002.3,18,female,keypress
martineztomas2026_discrete_emotionality_exp3,exp3_60,exp3_t4,4,emotion_decoding,bendigolo,mendigo,happiness,sadness,0,sadness,4912.6,18,female,keypress
martineztomas2026_discrete_emotionality_exp3,exp3_60,exp3_t5,5,emotion_decoding,valacer,cadáver,happiness,sadness,0,sadness,5229.1,18,female,keypress
martineztomas2026_discrete_emotionality_exp3,exp3_60,exp3_t6,6,emotion_decoding,furieta,rabia,anger,anger,1,anger,1213.5,18,female,keypress
martineztomas2026_discrete_emotionality_exp3,exp3_60,exp3_t7,7,emotion_decoding,fiminos,piojos,happiness,disgust,0,disgust,2813.9,18,female,keypress
martineztomas2026_discrete_emotionality_exp3,exp3_60,exp3_t8,8,emotion_decoding,bailetín,carnaval,happiness,happiness,1,happiness,5183.3,18,female,keypress
martineztomas2026_discrete_emotionality_exp3,exp3_60,exp3_t9,9,emotion_decoding,flastación,visión,anger,happiness,0,happiness,8613.1,18,female,keypress
martineztomas2026_discrete_emotionality_exp3,exp3_60,exp3_t10,10,emotion_decoding,fierdo,hedor,disgust,disgust,1,disgust,16050.3,18,female,keypress
martineztomas2026_discrete_emotionality_exp3,exp3_60,exp3_t11,11,emotion_decoding,enjauladero,prisión,fear,fear,1,fear,8513.8,18,female,keypress
martineztomas2026_discrete_emotionality_exp3,exp3_60,exp3_t12,12,emotion_decoding,distantación,lejanía,sadness,sadness,1,sadness,2514.2,18,female,keypress
martineztomas2026_discrete_emotionality_exp3,exp3_60,exp3_t13,13,emotion_decoding,queranza,añoranza,happiness,sadness,0,sadness,1962.9,18,female,keypress
martineztomas2026_discrete_emotionality_exp3,exp3_60,exp3_t14,14,emotion_decoding,landado,enfadado,anger,anger,1,anger,3764,18,female,keypress
martineztomas2026_discrete_emotionality_exp3,exp3_60,exp3_t15,15,emotion_decoding,descín,ruina,sadness,sadness,1,sadness,4515,18,female,keypress
martineztomas2026_discrete_emotionality_exp3,exp3_60,exp3_t16,16,emotion_decoding,palabrostio,insulto,anger,anger,1,anger,3213.5,18,female,keypress
martineztomas2026_discrete_emotionality_exp3,exp3_60,exp3_t17,17,emotion_decoding,puntiaguja,espada,fear,fear,1,fear,4697.1,18,female,keypress
martineztomas2026_discrete_emotionality_exp3,exp3_60,exp3_t18,18,emotion_decoding,dinería,lotería,happiness,happiness,1,happiness,2131.2,18,female,keypress
martineztomas2026_discrete_emotionality_exp3,exp3_60,exp3_t19,19,emotion_decoding,clespiente,veneno,disgust,fear,0,fear,2713.2,18,female,keypress
martineztomas2026_discrete_emotionality_exp3,exp3_60,exp3_t20,20,emotion_decoding,chismolo,rumor,anger,anger,1,anger,3002.1,18,female,keypress
martineztomas2026_discrete_emotionality_exp3,exp3_60,exp3_t21,21,emotion_decoding,eniecido,enemigo,happiness,anger,0,anger,4030.1,18,female,keypress
martineztomas2026_discrete_emotionality_exp3,exp3_60,exp3_t22,22,emotion_decoding,residuera,basura,disgust,disgust,1,disgust,1953,18,female,keypress
martineztomas2026_discrete_emotionality_exp3,exp3_60,exp3_t23,23,emotion_decoding,argola,pistola,fear,fear,1,fear,3331.4,18,female,keypress
martineztomas2026_discrete_emotionality_exp3,exp3_60,exp3_t24,24,emotion_decoding,frórico,eufórico,sadness,happiness,0,happiness,5013.7,18,female,keypress
martineztomas2026_discrete_emotionality_exp3,exp3_61,exp3_t0,0,emotion_decoding,residuera,basura,sadness,disgust,0,disgust,7582.4,19,female,keypress
martineztomas2026_discrete_emotionality_exp3,exp3_61,exp3_t1,1,emotion_decoding,chismolo,rumor,happiness,anger,0,anger,4608.7,19,female,keypress
martineztomas2026_discrete_emotionality_exp3,exp3_61,exp3_t2,2,emotion_decoding,enjauladero,prisión,anger,fear,0,fear,5807.9,19,female,keypress
martineztomas2026_discrete_emotionality_exp3,exp3_61,exp3_t3,3,emotion_decoding,flastación,visión,happiness,happiness,1,happiness,3464.3,19,female,keypress
martineztomas2026_discrete_emotionality_exp3,exp3_61,exp3_t4,4,emotion_decoding,frórico,eufórico,happiness,happiness,1,happiness,3360.4,19,female,keypress
martineztomas2026_discrete_emotionality_exp3,exp3_61,exp3_t5,5,emotion_decoding,fierdo,hedor,fear,disgust,0,disgust,2516.9,19,female,keypress
martineztomas2026_discrete_emotionality_exp3,exp3_61,exp3_t6,6,emotion_decoding,valacer,cadáver,sadness,sadness,1,sadness,4379.8,19,female,keypress
martineztomas2026_discrete_emotionality_exp3,exp3_61,exp3_t7,7,emotion_decoding,queranza,añoranza,anger,sadness,0,sadness,3132.6,19,female,keypress
martineztomas2026_discrete_emotionality_exp3,exp3_61,exp3_t8,8,emotion_decoding,palabrostio,insulto,anger,anger,1,anger,3870.1,19,female,keypress
martineztomas2026_discrete_emotionality_exp3,exp3_61,exp3_t9,9,emotion_decoding,landado,enfadado,anger,anger,1,anger,8483.5,19,female,keypress
martineztomas2026_discrete_emotionality_exp3,exp3_61,exp3_t10,10,emotion_decoding,puntiaguja,espada,fear,fear,1,fear,4794.9,19,female,keypress
martineztomas2026_discrete_emotionality_exp3,exp3_61,exp3_t11,11,emotion_decoding,plareja,novio,happiness,happiness,1,happiness,6013.5,19,female,keypress
martineztomas2026_discrete_emotionality_exp3,exp3_61,exp3_t12,12,emotion_decoding,argola,pistola,disgust,fear,0,fear,10718.5,19,female,keypress
martineztomas2026_discrete_emotionality_exp3,exp3_61,exp3_t13,13,emotion_decoding,descín,ruina,happiness,sadness,0,sadness,3151.1,19,female,keypress
martineztomas2026_discrete_emotionality_exp3,exp3_61,exp3_t14,14,emotion_decoding,furieta,rabia,anger,anger,1,anger,1860.5,19,female,keypress
martineztomas2026_discrete_emotionality_exp3,exp3_61,exp3_t15,15,emotion_decoding,desabete,censura,fear,disgust,0,disgust,4367.8,19,female,keypress
martineztomas2026_discrete_emotionality_exp3,exp3_61,exp3_t16,16,emotion_decoding,clespiente,veneno,fear,fear,1,fear,2491.5,19,female,keypress
martineztomas2026_discrete_emotionality_exp3,exp3_61,exp3_t17,17,emotion_decoding,eniecido,enemigo,fear,anger,0,anger,4969.1,19,female,keypress
martineztomas2026_discrete_emotionality_exp3,exp3_61,exp3_t18,18,emotion_decoding,fiminos,piojos,fear,disgust,0,disgust,8655.4,19,female,keypress
martineztomas2026_discrete_emotionality_exp3,exp3_61,exp3_t19,19,emotion_decoding,dastro,intruso,anger,fear,0,fear,4855.3,19,female,keypress
martineztomas2026_discrete_emotionality_exp3,exp3_61,exp3_t20,20,emotion_decoding,bailetín,carnaval,happiness,happiness,1,happiness,1914.6,19,female,keypress
martineztomas2026_discrete_emotionality_exp3,exp3_61,exp3_t21,21,emotion_decoding,bendigolo,mendigo,sadness,sadness,1,sadness,3145,19,female,keypress
martineztomas2026_discrete_emotionality_exp3,exp3_62,exp3_t0,0,emotion_decoding,frórico,eufórico,anger,happiness,0,happiness,6010.1,27,unspecified,keypress
martineztomas2026_discrete_emotionality_exp3,exp3_62,exp3_t1,1,emotion_decoding,fiminos,piojos,happiness,disgust,0,disgust,12690.8,27,unspecified,keypress
martineztomas2026_discrete_emotionality_exp3,exp3_62,exp3_t2,2,emotion_decoding,puntiaguja,espada,fear,fear,1,fear,3998.2,27,unspecified,keypress
martineztomas2026_discrete_emotionality_exp3,exp3_62,exp3_t3,3,emotion_decoding,enjauladero,prisión,fear,fear,1,fear,4425.4,27,unspecified,keypress
martineztomas2026_discrete_emotionality_exp3,exp3_62,exp3_t4,4,emotion_decoding,descín,ruina,sadness,sadness,1,sadness,14704.6,27,unspecified,keypress
martineztomas2026_discrete_emotionality_exp3,exp3_62,exp3_t5,5,emotion_decoding,bailetín,carnaval,happiness,happiness,1,happiness,2690.8,27,unspecified,keypress
martineztomas2026_discrete_emotionality_exp3,exp3_62,exp3_t6,6,emotion_decoding,dastro,intruso,disgust,fear,0,fear,4838.8,27,unspecified,keypress
martineztomas2026_discrete_emotionality_exp3,exp3_62,exp3_t7,7,emotion_decoding,desabete,censura,anger,disgust,0,disgust,6666.1,27,unspecified,keypress
martineztomas2026_discrete_emotionality_exp3,exp3_62,exp3_t8,8,emotion_decoding,palabrostio,insulto,anger,anger,1,anger,5371.8,27,unspecified,keypress
martineztomas2026_discrete_emotionality_exp3,exp3_62,exp3_t9,9,emotion_decoding,flastación,visión,sadness,happiness,0,happiness,4491.6,27,unspecified,keypress
martineztomas2026_discrete_emotionality_exp3,exp3_62,exp3_t10,10,emotion_decoding,fierdo,hedor,fear,disgust,0,disgust,5972.5,27,unspecified,keypress
martineztomas2026_discrete_emotionality_exp3,exp3_62,exp3_t11,11,emotion_decoding,argola,pistola,happiness,fear,0,fear,14717.5,27,unspecified,keypress
martineztomas2026_discrete_emotionality_exp3,exp3_62,exp3_t12,12,emotion_decoding,distantación,lejanía,sadness,sadness,1,sadness,5318.1,27,unspecified,keypress
martineztomas2026_discrete_emotionality_exp3,exp3_62,exp3_t13,13,emotion_decoding,plareja,novio,happiness,happiness,1,happiness,5611.5,27,unspecified,keypress
martineztomas2026_discrete_emotionality_exp3,exp3_62,exp3_t14,14,emotion_decoding,bendigolo,mendigo,happiness,sadness,0,sadness,4704.5,27,unspecified,keypress
martineztomas2026_discrete_emotionality_exp3,exp3_62,exp3_t15,15,emotion_decoding,clespiente,veneno,disgust,fear,0,fear,4065.1,27,unspecified,keypress
martineztomas2026_discrete_emotionality_exp3,exp3_62,exp3_t16,16,emotion_decoding,fumaika,tabaco,happiness,disgust,0,disgust,13264.8,27,unspecified,keypress
martineztomas2026_discrete_emotionality_exp3,exp3_62,exp3_t17,17,emotion_decoding,eniecido,enemigo,fear,anger,0,anger,6491.7,27,unspecified,keypress
martineztomas2026_discrete_emotionality_exp3,exp3_62,exp3_t18,18,emotion_decoding,dinería,lotería,happiness,happiness,1,happiness,2838.4,27,unspecified,keypress
martineztomas2026_discrete_emotionality_exp3,exp3_62,exp3_t19,19,emotion_decoding,landado,enfadado,happiness,anger,0,anger,6865.2,27,unspecified,keypress
martineztomas2026_discrete_emotionality_exp3,exp3_62,exp3_t20,20,emotion_decoding,queranza,añoranza,happiness,sadness,0,sadness,2851.4,27,unspecified,keypress
martineztomas2026_discrete_emotionality_exp3,exp3_62,exp3_t21,21,emotion_decoding,furieta,rabia,anger,anger,1,anger,2398.5,27,unspecified,keypress
martineztomas2026_discrete_emotionality_exp3,exp3_62,exp3_t22,22,emotion_decoding,valacer,cadáver,fear,sadness,0,sadness,9464.4,27,unspecified,keypress
martineztomas2026_discrete_emotionality_exp3,exp3_62,exp3_t23,23,emotion_decoding,residuera,basura,disgust,disgust,1,disgust,6492,27,unspecified,keypress
martineztomas2026_discrete_emotionality_exp3,exp3_63,exp3_t0,0,emotion_decoding,frórico,eufórico,anger,happiness,0,happiness,6984,19,female,keypress
martineztomas2026_discrete_emotionality_exp3,exp3_63,exp3_t1,1,emotion_decoding,descín,ruina,sadness,sadness,1,sadness,2630,19,female,keypress
martineztomas2026_discrete_emotionality_exp3,exp3_63,exp3_t2,2,emotion_decoding,residuera,basura,disgust,disgust,1,disgust,3929,19,female,keypress
martineztomas2026_discrete_emotionality_exp3,exp3_63,exp3_t3,3,emotion_decoding,fumaika,tabaco,happiness,disgust,0,disgust,6288,19,female,keypress
martineztomas2026_discrete_emotionality_exp3,exp3_63,exp3_t4,4,emotion_decoding,bendigolo,mendigo,disgust,sadness,0,sadness,5214,19,female,keypress
martineztomas2026_discrete_emotionality_exp3,exp3_63,exp3_t5,5,emotion_decoding,clespiente,veneno,fear,fear,1,fear,2497,19,female,keypress
martineztomas2026_discrete_emotionality_exp3,exp3_63,exp3_t6,6,emotion_decoding,distantación,lejanía,disgust,sadness,0,sadness,5962,19,female,keypress
martineztomas2026_discrete_emotionality_exp3,exp3_63,exp3_t7,7,emotion_decoding,bailetín,carnaval,happiness,happiness,1,happiness,3646,19,female,keypress
martineztomas2026_discrete_emotionality_exp3,exp3_63,exp3_t8,8,emotion_decoding,argola,pistola,fear,fear,1,fear,4781,19,female,keypress
martineztomas2026_discrete_emotionality_exp3,exp3_63,exp3_t9,9,emotion_decoding,valacer,cadáver,happiness,sadness,0,sadness,2213,19,female,keypress
martineztomas2026_discrete_emotionality_exp3,exp3_63,exp3_t10,10,emotion_decoding,furieta,rabia,anger,anger,1,anger,1364,19,female,keypress
martineztomas2026_discrete_emotionality_exp3,exp3_63,exp3_t11,11,emotion_decoding,dastro,intruso,sadness,fear,0,fear,2980,19,female,keypress
martineztomas2026_discrete_emotionality_exp3,exp3_63,exp3_t12,12,emotion_decoding,dinería,lotería,happiness,happiness,1,happiness,1330,19,female,keypress
martineztomas2026_discrete_emotionality_exp3,exp3_63,exp3_t13,13,emotion_decoding,plareja,novio,happiness,happiness,1,happiness,5181,19,female,keypress
martineztomas2026_discrete_emotionality_exp3,exp3_63,exp3_t14,14,emotion_decoding,chismolo,rumor,happiness,anger,0,anger,2233,19,female,keypress
martineztomas2026_discrete_emotionality_exp3,exp3_63,exp3_t15,15,emotion_decoding,puntiaguja,espada,fear,fear,1,fear,1997,19,female,keypress
martineztomas2026_discrete_emotionality_exp3,exp3_63,exp3_t16,16,emotion_decoding,fiminos,piojos,disgust,disgust,1,disgust,7546,19,female,keypress
martineztomas2026_discrete_emotionality_exp3,exp3_63,exp3_t17,17,emotion_decoding,flastación,visión,happiness,happiness,1,happiness,2113,19,female,keypress
martineztomas2026_discrete_emotionality_exp3,exp3_63,exp3_t18,18,emotion_decoding,queranza,añoranza,happiness,sadness,0,sadness,1496,19,female,keypress
martineztomas2026_discrete_emotionality_exp3,exp3_63,exp3_t19,19,emotion_decoding,fierdo,hedor,anger,disgust,0,disgust,5613,19,female,keypress
martineztomas2026_discrete_emotionality_exp3,exp3_63,exp3_t20,20,emotion_decoding,palabrostio,insulto,anger,anger,1,anger,2463,19,female,keypress
martineztomas2026_discrete_emotionality_exp3,exp3_63,exp3_t21,21,emotion_decoding,desabete,censura,sadness,disgust,0,disgust,14131,19,female,keypress
martineztomas2026_discrete_emotionality_exp3,exp3_63,exp3_t22,22,emotion_decoding,eniecido,enemigo,sadness,anger,0,anger,3031,19,female,keypress
martineztomas2026_discrete_emotionality_exp3,exp3_63,exp3_t23,23,emotion_decoding,enjauladero,prisión,fear,fear,1,fear,3565,19,female,keypress
martineztomas2026_discrete_emotionality_exp3,exp3_63,exp3_t24,24,emotion_decoding,landado,enfadado,happiness,anger,0,anger,4497,19,female,keypress
martineztomas2026_discrete_emotionality_exp3,exp3_64,exp3_t0,0,emotion_decoding,fumaika,tabaco,fear,disgust,0,disgust,7194,18,female,keypress
martineztomas2026_discrete_emotionality_exp3,exp3_64,exp3_t1,1,emotion_decoding,residuera,basura,sadness,disgust,0,disgust,6529,18,female,keypress
martineztomas2026_discrete_emotionality_exp3,exp3_64,exp3_t2,2,emotion_decoding,distantación,lejanía,sadness,sadness,1,sadness,12013,18,female,keypress
martineztomas2026_discrete_emotionality_exp3,exp3_64,exp3_t3,3,emotion_decoding,palabrostio,insulto,anger,anger,1,anger,3879,18,female,keypress
martineztomas2026_discrete_emotionality_exp3,exp3_64,exp3_t4,4,emotion_decoding,plareja,novio,disgust,happiness,0,happiness,7863,18,female,keypress
martineztomas2026_discrete_emotionality_exp3,exp3_64,exp3_t5,5,emotion_decoding,argola,pistola,fear,fear,1,fear,3147,18,female,keypress
martineztomas2026_discrete_emotionality_exp3,exp3_64,exp3_t6,6,emotion_decoding,bailetín,carnaval,happiness,happiness,1,happiness,2929,18,female,keypress
martineztomas2026_discrete_emotionality_exp3,exp3_64,exp3_t7,7,emotion_decoding,clespiente,veneno,happiness,fear,0,fear,2997,18,female,keypress
martineztomas2026_discrete_emotionality_exp3,exp3_64,exp3_t8,8,emotion_decoding,enjauladero,prisión,fear,fear,1,fear,6891,18,female,keypress
martineztomas2026_discrete_emotionality_exp3,exp3_64,exp3_t9,9,emotion_decoding,chismolo,rumor,anger,anger,1,anger,15162,18,female,keypress
martineztomas2026_discrete_emotionality_exp3,exp3_64,exp3_t10,10,emotion_decoding,queranza,añoranza,sadness,sadness,1,sadness,3345,18,female,keypress
martineztomas2026_discrete_emotionality_exp3,exp3_64,exp3_t11,11,emotion_decoding,puntiaguja,espada,disgust,fear,0,fear,11280,18,female,keypress
martineztomas2026_discrete_emotionality_exp3,exp3_64,exp3_t12,12,emotion_decoding,flastación,visión,fear,happiness,0,happiness,4679,18,female,keypress
martineztomas2026_discrete_emotionality_exp3,exp3_64,exp3_t13,13,emotion_decoding,fierdo,hedor,disgust,disgust,1,disgust,4913,18,female,keypress
martineztomas2026_discrete_emotionality_exp3,exp3_64,exp3_t14,14,emotion_decoding,fiminos,piojos,happiness,disgust,0,disgust,5814,18,female,keypress
martineztomas2026_discrete_emotionality_exp3,exp3_64,exp3_t15,15,emotion_decoding,frórico,eufórico,happiness,happiness,1,happiness,3713,18,female,keypress
martineztomas2026_discrete_emotionality_exp3,exp3_64,exp3_t16,16,emotion_decoding,dinería,lotería,fear,happiness,0,happiness,7997,18,female,keypress
martineztomas2026_discrete_emotionality_exp3,exp3_64,exp3_t17,17,emotion_decoding,descín,ruina,sadness,sadness,1,sadness,4597,18,female,keypress
martineztomas2026_discrete_emotionality_exp3,exp3_64,exp3_t18,18,emotion_decoding,desabete,censura,anger,disgust,0,disgust,2980,18,female,keypress
martineztomas2026_discrete_emotionality_exp3,exp3_64,exp3_t19,19,emotion_decoding,valacer,cadáver,sadness,sadness,1,sadness,4114,18,female,keypress
martineztomas2026_discrete_emotionality_exp3,exp3_64,exp3_t20,20,emotion_decoding,bendigolo,mendigo,sadness,sadness,1,sadness,5414,18,female,keypress
martineztomas2026_discrete_emotionality_exp3,exp3_64,exp3_t21,21,emotion_decoding,furieta,rabia,anger,anger,1,anger,4130,18,female,keypress
martineztomas2026_discrete_emotionality_exp3,exp3_64,exp3_t22,22,emotion_decoding,landado,enfadado,fear,anger,0,anger,17563,18,female,keypress
martineztomas2026_discrete_emotionality_exp3,exp3_64,exp3_t23,23,emotion_decoding,eniecido,enemigo,anger,anger,1,anger,5495,18,female,keypress
martineztomas2026_discrete_emotionality_exp3,exp3_65,exp3_t0,0,emotion_decoding,queranza,añoranza,sadness,sadness,1,sadness,3943.1,21,male,keypress
martineztomas2026_discrete_emotionality_exp3,exp3_65,exp3_t1,1,emotion_decoding,valacer,cadáver,fear,sadness,0,sadness,15580.2,21,male,keypress
martineztomas2026_discrete_emotionality_exp3,exp3_65,exp3_t2,2,emotion_decoding,fierdo,hedor,fear,disgust,0,disgust,2927.4,21,male,keypress
martineztomas2026_discrete_emotionality_exp3,exp3_65,exp3_t3,3,emotion_decoding,puntiaguja,espada,fear,fear,1,fear,9518.4,21,male,keypress
martineztomas2026_discrete_emotionality_exp3,exp3_65,exp3_t4,4,emotion_decoding,palabrostio,insulto,anger,anger,1,anger,2931.2,21,male,keypress
martineztomas2026_discrete_emotionality_exp3,exp3_65,exp3_t5,5,emotion_decoding,descín,ruina,disgust,sadness,0,sadness,3393.1,21,male,keypress
martineztomas2026_discrete_emotionality_exp3,exp3_65,exp3_t6,6,emotion_decoding,chismolo,rumor,happiness,anger,0,anger,17043.5,21,male,keypress
martineztomas2026_discrete_emotionality_exp3,exp3_65,exp3_t7,7,emotion_decoding,enjauladero,prisión,anger,fear,0,fear,8407.8,21,male,keypress
martineztomas2026_discrete_emotionality_exp3,exp3_65,exp3_t8,8,emotion_decoding,plareja,novio,disgust,happiness,0,happiness,2678.5,21,male,keypress
martineztomas2026_discrete_emotionality_exp3,exp3_65,exp3_t9,9,emotion_decoding,bailetín,carnaval,happiness,happiness,1,happiness,1729.1,21,male,keypress
martineztomas2026_discrete_emotionality_exp3,exp3_65,exp3_t10,10,emotion_decoding,clespiente,veneno,fear,fear,1,fear,5574.6,21,male,keypress
martineztomas2026_discrete_emotionality_exp3,exp3_65,exp3_t11,11,emotion_decoding,residuera,basura,disgust,disgust,1,disgust,3427.1,21,male,keypress
martineztomas2026_discrete_emotionality_exp3,exp3_65,exp3_t12,12,emotion_decoding,landado,enfadado,sadness,anger,0,anger,6556.9,21,male,keypress
martineztomas2026_discrete_emotionality_exp3,exp3_65,exp3_t13,13,emotion_decoding,dastro,intruso,disgust,fear,0,fear,6555.8,21,male,keypress
martineztomas2026_discrete_emotionality_exp3,exp3_65,exp3_t14,14,emotion_decoding,eniecido,enemigo,anger,anger,1,anger,2743.9,21,male,keypress
martineztomas2026_discrete_emotionality_exp3,exp3_65,exp3_t15,15,emotion_decoding,desabete,censura,disgust,disgust,1,disgust,17132.2,21,male,keypress
martineztomas2026_discrete_emotionality_exp3,exp3_65,exp3_t16,16,emotion_decoding,frórico,eufórico,happiness,happiness,1,happiness,3309.1,21,male,keypress
martineztomas2026_discrete_emotionality_exp3,exp3_65,exp3_t17,17,emotion_decoding,bendigolo,mendigo,happiness,sadness,0,sadness,19487.6,21,male,keypress
martineztomas2026_discrete_emotionality_exp3,exp3_65,exp3_t18,18,emotion_decoding,dinería,lotería,happiness,happiness,1,happiness,7005.7,21,male,keypress
martineztomas2026_discrete_emotionality_exp3,exp3_65,exp3_t19,19,emotion_decoding,argola,pistola,sadness,fear,0,fear,6024.1,21,male,keypress
martineztomas2026_discrete_emotionality_exp3,exp3_65,exp3_t20,20,emotion_decoding,flastación,visión,sadness,happiness,0,happiness,4093.2,21,male,keypress
martineztomas2026_discrete_emotionality_exp3,exp3_65,exp3_t21,21,emotion_decoding,distantación,lejanía,sadness,sadness,1,sadness,7588.4,21,male,keypress
martineztomas2026_discrete_emotionality_exp3,exp3_65,exp3_t22,22,emotion_decoding,furieta,rabia,anger,anger,1,anger,1313.1,21,male,keypress
martineztomas2026_discrete_emotionality_exp3,exp3_66,exp3_t0,0,emotion_decoding,puntiaguja,espada,fear,fear,1,fear,3564.9,18,female,keypress
martineztomas2026_discrete_emotionality_exp3,exp3_66,exp3_t1,1,emotion_decoding,chismolo,rumor,happiness,anger,0,anger,4714.3,18,female,keypress
martineztomas2026_discrete_emotionality_exp3,exp3_66,exp3_t2,2,emotion_decoding,desabete,censura,disgust,disgust,1,disgust,3899.2,18,female,keypress
martineztomas2026_discrete_emotionality_exp3,exp3_66,exp3_t3,3,emotion_decoding,fierdo,hedor,anger,disgust,0,disgust,2198.5,18,female,keypress
martineztomas2026_discrete_emotionality_exp3,exp3_66,exp3_t4,4,emotion_decoding,fiminos,piojos,happiness,disgust,0,disgust,5047.9,18,female,keypress
martineztomas2026_discrete_emotionality_exp3,exp3_66,exp3_t5,5,emotion_decoding,fumaika,tabaco,anger,disgust,0,disgust,9715.6,18,female,keypress
martineztomas2026_discrete_emotionality_exp3,exp3_66,exp3_t6,6,emotion_decoding,valacer,cadáver,sadness,sadness,1,sadness,4881.5,18,female,keypress
martineztomas2026_discrete_emotionality_exp3,exp3_66,exp3_t7,7,emotion_decoding,palabrostio,insulto,anger,anger,1,anger,2281.4,18,female,keypress
martineztomas2026_discrete_emotionality_exp3,exp3_66,exp3_t8,8,emotion_decoding,dinería,lotería,happiness,happiness,1,happiness,4798.5,18,female,keypress
martineztomas2026_discrete_emotionality_exp3,exp3_66,exp3_t9,9,emotion_decoding,landado,enfadado,anger,anger,1,anger,14350.4,18,female,keypress
martineztomas2026_discrete_emotionality_exp3,exp3_66,exp3_t10,10,emotion_decoding,argola,pistola,happiness,fear,0,fear,11782.1,18,female,keypress
martineztomas2026_discrete_emotionality_exp3,exp3_66,exp3_t11,11,emotion_decoding,frórico,eufórico,fear,happiness,0,happiness,3600.2,18,female,keypress
martineztomas2026_discrete_emotionality_exp3,exp3_66,exp3_t12,12,emotion_decoding,plareja,novio,disgust,happiness,0,happiness,5250.6,18,female,keypress
martineztomas2026_discrete_emotionality_exp3,exp3_66,exp3_t13,13,emotion_decoding,residuera,basura,disgust,disgust,1,disgust,1751.1,18,female,keypress
martineztomas2026_discrete_emotionality_exp3,exp3_66,exp3_t14,14,emotion_decoding,furieta,rabia,anger,anger,1,anger,2347.1,18,female,keypress
martineztomas2026_discrete_emotionality_exp3,exp3_66,exp3_t15,15,emotion_decoding,distantación,lejanía,sadness,sadness,1,sadness,3632.5,18,female,keypress
martineztomas2026_discrete_emotionality_exp3,exp3_66,exp3_t16,16,emotion_decoding,enjauladero,prisión,sadness,fear,0,fear,4164.9,18,female,keypress
martineztomas2026_discrete_emotionality_exp3,exp3_66,exp3_t17,17,emotion_decoding,flastación,visión,anger,happiness,0,happiness,9865.5,18,female,keypress
martineztomas2026_discrete_emotionality_exp3,exp3_66,exp3_t18,18,emotion_decoding,dastro,intruso,fear,fear,1,fear,3265.1,18,female,keypress
martineztomas2026_discrete_emotionality_exp3,exp3_66,exp3_t19,19,emotion_decoding,eniecido,enemigo,fear,anger,0,anger,4281.6,18,female,keypress
martineztomas2026_discrete_emotionality_exp3,exp3_66,exp3_t20,20,emotion_decoding,descín,ruina,sadness,sadness,1,sadness,3432.6,18,female,keypress
martineztomas2026_discrete_emotionality_exp3,exp3_66,exp3_t21,21,emotion_decoding,queranza,añoranza,happiness,sadness,0,sadness,6830.1,18,female,keypress
martineztomas2026_discrete_emotionality_exp3,exp3_66,exp3_t22,22,emotion_decoding,bendigolo,mendigo,fear,sadness,0,sadness,4331.2,18,female,keypress
martineztomas2026_discrete_emotionality_exp3,exp3_66,exp3_t23,23,emotion_decoding,bailetín,carnaval,happiness,happiness,1,happiness,3199,18,female,keypress
martineztomas2026_discrete_emotionality_exp3,exp3_66,exp3_t24,24,emotion_decoding,clespiente,veneno,disgust,fear,0,fear,6500.3,18,female,keypress
